Church,Address,Phone,Category,Day,Time Start,Time End,Service Name,Schedule Type,Language,Location,Pattern,Event Date,Time Relation,Reference Service,Notes
All Saints,"317 E Main St, Bridgeport, West Virginia 26330-1750",(304) 842-2283,Other,,TBD,,Situs Paling Gacor,special_event,English,,,2025-01-23,,,Situs Paling Gacor; Bagas Setiawan; SITUS PILIHAN MENCERDASKAN ANAK BANGSA SETIAP SAAT
All Saints,"317 E Main St, Bridgeport, West Virginia 26330-1750",(304) 842-2283,Other,,TBD,,Rating Akurat 100%,special_event,English,,,2025-02-02,,,Rating Akurat 100%; Fitri; BINGUNG CARI SITUS YANG PENUH INFORMASI TERKINI ? SOLUSI NYA MEGA288
All Saints,"317 E Main St, Bridgeport, West Virginia 26330-1750",(304) 842-2283,Other,,TBD,,Bonus New Member,special_event,English,,,2025-02-25,,,Bonus New Member; Herman Putra; MERASAKAN KENIKMATAN SETIAP HARI BERSAMA SITUS MEGA288
Annunciation of Our Lord,"8819 Frankfort Hwy, Fort Ashby, West Virginia 26719",(304) 298-3392,Mass,Wed,8:00 AM,,Mass,specific_weekday,English,Annunciation of Our Lord,,,,,
Annunciation of Our Lord,"8819 Frankfort Hwy, Fort Ashby, West Virginia 26719",(304) 298-3392,Mass,Fri,8:00 AM,,Mass,specific_weekday,English,Annunciation of Our Lord,,,,,
Annunciation of Our Lord,"8819 Frankfort Hwy, Fort Ashby, West Virginia 26719",(304) 298-3392,Mass,Sat,4:30 PM,,Mass,saturday,English,Annunciation of Our Lord,,,,,
Annunciation of Our Lord,"8819 Frankfort Hwy, Fort Ashby, West Virginia 26719",(304) 298-3392,Mass,Sun,9:00 AM,,Mass,sunday,English,Annunciation of Our Lord,,,,,
Annunciation of Our Lord,"8819 Frankfort Hwy, Fort Ashby, West Virginia 26719",(304) 298-3392,Confession,Sat,4:00 PM,4:15 PM,Reconciliation,saturday,English,Annunciation of Our Lord,,,,,note: or by appointment
Annunciation of Our Lord,"8819 Frankfort Hwy, Fort Ashby, West Virginia 26719",(304) 298-3392,Devotions,,8:35 AM,9:00 AM,Holy Rosary,monthly,english,,sunday,,,,"2nd, 3rd, 4th"
Annunciation of Our Lord,"8819 Frankfort Hwy, Fort Ashby, West Virginia 26719",(304) 298-3392,Other,Sun,8:35 AM,,Devotional Prayers,sunday,English,Annunciation of Our Lord,,,,,
Annunciation of Our Lord,"8819 Frankfort Hwy, Fort Ashby, West Virginia 26719",(304) 298-3392,Other,,8:35 AM,9:00 AM,Divine Chaplet,monthly,english,,first_sunday,,,,1st
Archangel Gabriel Parish (Holy Trinity Church),"5718 Steubenville Pike, Robinson Township, Pennsylvania 15136-1311",(412) 787-2140,Mass,Mon,6:30 PM,,Mass,weekday,english,Holy Trinity,,,,,
Archangel Gabriel Parish (Holy Trinity Church),"5718 Steubenville Pike, Robinson Township, Pennsylvania 15136-1311",(412) 787-2140,Mass,Tue,6:30 PM,,Mass,weekday,english,Holy Trinity,,,,,
Archangel Gabriel Parish (Holy Trinity Church),"5718 Steubenville Pike, Robinson Township, Pennsylvania 15136-1311",(412) 787-2140,Mass,Wed,6:30 PM,,Mass,weekday,english,Holy Trinity,,,,,
Archangel Gabriel Parish (Holy Trinity Church),"5718 Steubenville Pike, Robinson Township, Pennsylvania 15136-1311",(412) 787-2140,Mass,Thu,6:30 PM,,Mass,weekday,english,Holy Trinity,,,,,
Archangel Gabriel Parish (Holy Trinity Church),"5718 Steubenville Pike, Robinson Township, Pennsylvania 15136-1311",(412) 787-2140,Mass,Fri,6:30 PM,,Mass,weekday,english,Holy Trinity,,,,,
Archangel Gabriel Parish (Holy Trinity Church),"5718 Steubenville Pike, Robinson Township, Pennsylvania 15136-1311",(412) 787-2140,Mass,Sat,5:00 PM,,Mass,saturday,english,Holy Trinity,,,,,
Archangel Gabriel Parish (Holy Trinity Church),"5718 Steubenville Pike, Robinson Township, Pennsylvania 15136-1311",(412) 787-2140,Mass,Sun,10:00 AM,,Mass,sunday,english,Holy Trinity,,,,,
Archangel Gabriel Parish (Holy Trinity Church),"5718 Steubenville Pike, Robinson Township, Pennsylvania 15136-1311",(412) 787-2140,Mass,Sun,12:30 PM,,Mass,sunday,english,Holy Trinity,,,,,
Archangel Gabriel Parish (Holy Trinity Church),"5718 Steubenville Pike, Robinson Township, Pennsylvania 15136-1311",(412) 787-2140,Mass,Sun,7:00 PM,,Mass,sunday,english,Holy Trinity,,,,,
Archangel Gabriel Parish (Holy Trinity Church),"5718 Steubenville Pike, Robinson Township, Pennsylvania 15136-1311",(412) 787-2140,Confession,Mon,5:30 PM,6:15 PM,Confession,specific_weekday,English,Holy Trinity,,,,,
Archangel Gabriel Parish (Holy Trinity Church),"5718 Steubenville Pike, Robinson Township, Pennsylvania 15136-1311",(412) 787-2140,Confession,Fri,5:30 PM,6:15 PM,Confession,specific_weekday,English,Holy Trinity,,,,,
Archangel Gabriel Parish (Holy Trinity Church),"5718 Steubenville Pike, Robinson Township, Pennsylvania 15136-1311",(412) 787-2140,Confession,,1:30 PM,4:00 PM,Confession,monthly,English,Holy Trinity,first_friday_(recurring),,,,note: During Eucharistic Adoration for Children and Families
Archangel Gabriel Parish (Holy Trinity Church),"5718 Steubenville Pike, Robinson Township, Pennsylvania 15136-1311",(412) 787-2140,Adoration,Mon,7:00 PM,10:00 PM,Adoration,specific_weekday,English,Holy Trinity Church,,,,,
Archangel Gabriel Parish (Holy Trinity Church),"5718 Steubenville Pike, Robinson Township, Pennsylvania 15136-1311",(412) 787-2140,Adoration,Wed,7:00 PM,10:00 PM,Adoration,specific_weekday,English,Holy Trinity Church,,,,,
Archangel Gabriel Parish (Holy Trinity Church),"5718 Steubenville Pike, Robinson Township, Pennsylvania 15136-1311",(412) 787-2140,Other,,6:00 PM,,Bingo,parish_event,English,,,,,,held Tuesday this week only instead of normal Monday
Archangel Gabriel Parish (Holy Trinity Church),"5718 Steubenville Pike, Robinson Township, Pennsylvania 15136-1311",(412) 787-2140,Other,,6:00 PM,,Bingo,parish_event,English,,,,,,held Tuesday this week only instead of normal Monday
Ascension,"905 Hickory Mills Rd, Hurricane, West Virginia 25526",(304) 562-5816,Mass,Tue,12:00 PM,,Mass,specific_weekday,English,,,,,,
Ascension,"905 Hickory Mills Rd, Hurricane, West Virginia 25526",(304) 562-5816,Mass,Wed,12:00 PM,,Mass,specific_weekday,English,,,,,,
Ascension,"905 Hickory Mills Rd, Hurricane, West Virginia 25526",(304) 562-5816,Mass,Thu,9:00 AM,,Mass,specific_weekday,English,,,,,,
Ascension,"905 Hickory Mills Rd, Hurricane, West Virginia 25526",(304) 562-5816,Mass,Fri,9:00 AM,,Mass,specific_weekday,English,,,,,,
Ascension,"905 Hickory Mills Rd, Hurricane, West Virginia 25526",(304) 562-5816,Mass,Sat,5:00 PM,,Vigil Mass,saturday,English,,,,,,
Ascension,"905 Hickory Mills Rd, Hurricane, West Virginia 25526",(304) 562-5816,Mass,Sun,11:00 AM,,Mass,sunday,English,,,,,,
Ascension,"905 Hickory Mills Rd, Hurricane, West Virginia 25526",(304) 562-5816,Mass,Sun,8:30 AM,,Mass,sunday,English,,,,,,
Ascension,"905 Hickory Mills Rd, Hurricane, West Virginia 25526",(304) 562-5816,Mass,,7:00 PM,,Mass,special_event,English,,,2025-01-01,,,Mass; Holy Days of Obligation
Ascension,"905 Hickory Mills Rd, Hurricane, West Virginia 25526",(304) 562-5816,Mass,,7:00 PM,,Mass,special_event,English,,,2025-08-15,,,Mass; Holy Days of Obligation
Ascension,"905 Hickory Mills Rd, Hurricane, West Virginia 25526",(304) 562-5816,Mass,,7:00 PM,,Mass,special_event,English,,,2025-11-01,,,Mass; Holy Days of Obligation
Ascension,"905 Hickory Mills Rd, Hurricane, West Virginia 25526",(304) 562-5816,Mass,,7:00 PM,,Mass,special_event,English,,,2025-12-08,,,Mass; Holy Days of Obligation
Ascension,"905 Hickory Mills Rd, Hurricane, West Virginia 25526",(304) 562-5816,Mass,,7:00 PM,,Mass,special_event,English,,,2025-12-25,,,Mass; Holy Days of Obligation
Ascension,"905 Hickory Mills Rd, Hurricane, West Virginia 25526",(304) 562-5816,Mass,,9:00 AM,,Mass,special_event,English,,,2025-01-01,,,Mass; Holy Days of Obligation
Ascension,"905 Hickory Mills Rd, Hurricane, West Virginia 25526",(304) 562-5816,Mass,,9:00 AM,,Mass,special_event,English,,,2025-08-15,,,Mass; Holy Days of Obligation
Ascension,"905 Hickory Mills Rd, Hurricane, West Virginia 25526",(304) 562-5816,Mass,,9:00 AM,,Mass,special_event,English,,,2025-11-01,,,Mass; Holy Days of Obligation
Ascension,"905 Hickory Mills Rd, Hurricane, West Virginia 25526",(304) 562-5816,Mass,,9:00 AM,,Mass,special_event,English,,,2025-12-08,,,Mass; Holy Days of Obligation
Ascension,"905 Hickory Mills Rd, Hurricane, West Virginia 25526",(304) 562-5816,Mass,,9:00 AM,,Mass,special_event,English,,,2025-12-25,,,Mass; Holy Days of Obligation
Ascension,"905 Hickory Mills Rd, Hurricane, West Virginia 25526",(304) 562-5816,Mass,,9:00 AM,,Mass,monthly,English,,first_saturday_(recurring),,,,
Ascension,"905 Hickory Mills Rd, Hurricane, West Virginia 25526",(304) 562-5816,Confession,Sat,4:00 PM,4:45 PM,Confessions,saturday,English,,,,,,by appointment
Ascension,"905 Hickory Mills Rd, Hurricane, West Virginia 25526",(304) 562-5816,Confession,,9:00 AM,,Confessions,monthly,English,,first_saturday_(recurring),,,,after Mass
Ascension,"905 Hickory Mills Rd, Hurricane, West Virginia 25526",(304) 562-5816,Adoration,,TBD,,Eucharistic Adoration,other,English,,,,,,"Perpetual 389-8504 for more information, or to sign up for a holy hour); Contact Becky Dunn at (304"
Assumption,"34 James St, Keyser, West Virginia 26726",(304) 788-2488,Mass,Wed,5:00 PM,,Mass,specific_weekday,English,,,,,,
Assumption,"34 James St, Keyser, West Virginia 26726",(304) 788-2488,Mass,Thu,12:00 PM,,Mass,specific_weekday,English,,,,,,
Assumption,"34 James St, Keyser, West Virginia 26726",(304) 788-2488,Mass,Fri,6:00 PM,,Mass,specific_weekday,English,,,,,,
Assumption,"34 James St, Keyser, West Virginia 26726",(304) 788-2488,Mass,Fri,9:00 AM,,Mass,specific_weekday,English,,,,,,
Assumption,"34 James St, Keyser, West Virginia 26726",(304) 788-2488,Mass,Sat,4:00 PM,,Mass,saturday,English,,,,,,vigil
Assumption,"34 James St, Keyser, West Virginia 26726",(304) 788-2488,Mass,Sun,8:30 AM,,Mass,sunday,English,,,,,,
Assumption,"34 James St, Keyser, West Virginia 26726",(304) 788-2488,Mass,,6:00 PM,,Ash Wednesday Mass,special_event,English,,,2026-02-18,,,Ash Wednesday Mass
Assumption,"34 James St, Keyser, West Virginia 26726",(304) 788-2488,Confession,Wed,TBD,,Confessions,specific_weekday,English,,,,,,30 mins prior to Mass; note: and by appointment
Assumption,"34 James St, Keyser, West Virginia 26726",(304) 788-2488,Confession,Thu,TBD,,Confessions,specific_weekday,English,,,,,,30 mins prior to Mass; note: and by appointment
Assumption,"34 James St, Keyser, West Virginia 26726",(304) 788-2488,Confession,Fri,TBD,,Confessions,specific_weekday,English,,,,,,30 mins prior to Mass; note: and by appointment
Assumption,"34 James St, Keyser, West Virginia 26726",(304) 788-2488,Confession,Sat,3:00 PM,3:45 PM,Confessions,saturday,English,,,,,,
Assumption of the Mother of God Byzantine Catholic Church (Ruthenian),"3116 Elm St, Weirton, West Virginia 26062",(304) 748-2780,Mass,Wed,6:30 PM,,Divine Liturgy,specific_weekday,English,Assumption of the Mother of God Byzantine Catholic Church,,,,,
Assumption of the Mother of God Byzantine Catholic Church (Ruthenian),"3116 Elm St, Weirton, West Virginia 26062",(304) 748-2780,Mass,Sat,5:00 PM,,Divine Liturgy,saturday,English,Assumption of the Mother of God Byzantine Catholic Church,,,,,
Assumption of the Mother of God Byzantine Catholic Church (Ruthenian),"3116 Elm St, Weirton, West Virginia 26062",(304) 748-2780,Mass,Sun,11:00 AM,,Divine Liturgy,sunday,English,Assumption of the Mother of God Byzantine Catholic Church,,,,,
Assumption of the Mother of God Byzantine Catholic Church (Ruthenian),"3116 Elm St, Weirton, West Virginia 26062",(304) 748-2780,Confession,Sat,3:00 PM,,Confessions,saturday,English,Assumption of the Mother of God Byzantine Catholic Church,,,,,
Assumption of the Mother of God Byzantine Catholic Church (Ruthenian),"3116 Elm St, Weirton, West Virginia 26062",(304) 748-2780,Confession,Sat,3:00 PM,4:30 PM,Confessions,other,English,,,,,,by appointment
Assumption of the Mother of God Byzantine Catholic Church (Ruthenian),"3116 Elm St, Weirton, West Virginia 26062",(304) 748-2780,Sacraments,,TBD,,Marriage,other,English,,,,,,by appointment
Assumption of the Mother of God Byzantine Catholic Church (Ruthenian),"3116 Elm St, Weirton, West Virginia 26062",(304) 748-2780,Sacraments,,TBD,,Anointing,other,English,,,,,,by appointment
Basilica of St. Mary of the Assumption,"506 Fourth St, Marietta, Ohio 45750",(740) 373-3643,Mass,Mon,12:05 PM,,Mass,specific_weekday,English,Basilica of St. Mary of the Assumption,,,,,
Basilica of St. Mary of the Assumption,"506 Fourth St, Marietta, Ohio 45750",(740) 373-3643,Mass,Mon,7:45 AM,,Mass,specific_weekday,English,Basilica of St. Mary of the Assumption,,,,,
Basilica of St. Mary of the Assumption,"506 Fourth St, Marietta, Ohio 45750",(740) 373-3643,Mass,Tue,7:45 AM,,Mass,specific_weekday,English,Basilica of St. Mary of the Assumption,,,,,
Basilica of St. Mary of the Assumption,"506 Fourth St, Marietta, Ohio 45750",(740) 373-3643,Mass,Wed,12:05 PM,,Mass,specific_weekday,English,Basilica of St. Mary of the Assumption,,,,,
Basilica of St. Mary of the Assumption,"506 Fourth St, Marietta, Ohio 45750",(740) 373-3643,Mass,Thu,7:45 AM,,Mass,specific_weekday,English,Basilica of St. Mary of the Assumption,,,,,
Basilica of St. Mary of the Assumption,"506 Fourth St, Marietta, Ohio 45750",(740) 373-3643,Mass,Fri,12:05 PM,,Mass,specific_weekday,English,Basilica of St. Mary of the Assumption,,,,,
Basilica of St. Mary of the Assumption,"506 Fourth St, Marietta, Ohio 45750",(740) 373-3643,Mass,Fri,7:45 AM,,Mass,specific_weekday,English,Basilica of St. Mary of the Assumption,,,,,
Basilica of St. Mary of the Assumption,"506 Fourth St, Marietta, Ohio 45750",(740) 373-3643,Mass,Sat,5:30 PM,,Mass,saturday,English,Basilica of St. Mary of the Assumption,,,,,vigil
Basilica of St. Mary of the Assumption,"506 Fourth St, Marietta, Ohio 45750",(740) 373-3643,Mass,Sat,9:00 AM,,Mass,saturday,English,Basilica of St. Mary of the Assumption,,,,,
Basilica of St. Mary of the Assumption,"506 Fourth St, Marietta, Ohio 45750",(740) 373-3643,Mass,Sun,10:00 AM,,Mass,sunday,English,Basilica of St. Mary of the Assumption,,,,,livestream
Basilica of St. Mary of the Assumption,"506 Fourth St, Marietta, Ohio 45750",(740) 373-3643,Mass,Sun,12:00 PM,,Mass,sunday,English,Basilica of St. Mary of the Assumption,,,,,
Basilica of St. Mary of the Assumption,"506 Fourth St, Marietta, Ohio 45750",(740) 373-3643,Mass,Sun,8:00 AM,,Mass,sunday,English,Basilica of St. Mary of the Assumption,,,,,livestream
Basilica of St. Mary of the Assumption,"506 Fourth St, Marietta, Ohio 45750",(740) 373-3643,Mass,,6:00 PM,,Holy Days Vigil,special_event,English,Basilica of St. Mary of the Assumption,,2025-12-24,,,Holy Days Vigil
Basilica of St. Mary of the Assumption,"506 Fourth St, Marietta, Ohio 45750",(740) 373-3643,Mass,,6:00 PM,,Holy Days Vigil,special_event,English,Basilica of St. Mary of the Assumption,,2026-08-14,,,Holy Days Vigil
Basilica of St. Mary of the Assumption,"506 Fourth St, Marietta, Ohio 45750",(740) 373-3643,Mass,,6:00 PM,,Holy Days Vigil,special_event,English,Basilica of St. Mary of the Assumption,,2026-10-31,,,Holy Days Vigil
Basilica of St. Mary of the Assumption,"506 Fourth St, Marietta, Ohio 45750",(740) 373-3643,Mass,,6:00 PM,,Holy Days Vigil,special_event,English,Basilica of St. Mary of the Assumption,,2026-12-07,,,Holy Days Vigil
Basilica of St. Mary of the Assumption,"506 Fourth St, Marietta, Ohio 45750",(740) 373-3643,Confession,Sat,3:30 PM,5:00 PM,Reconciliation,saturday,English,Basilica of St. Mary of the Assumption,,,,,or anytime by appointment
Basilica of St. Mary of the Assumption,"506 Fourth St, Marietta, Ohio 45750",(740) 373-3643,Devotions,Mon,6:15 PM,6:45 PM,Mother of Perpetual Help Devotions,specific_weekday,English,Basilica,,,,,note: Click here for details
Basilica of St. Mary of the Assumption,"506 Fourth St, Marietta, Ohio 45750",(740) 373-3643,Other,,10:00 AM,,Holy Days,special_event,English,Basilica of St. Mary of the Assumption,,2025-12-25,,,Holy Days
Basilica of St. Mary of the Assumption,"506 Fourth St, Marietta, Ohio 45750",(740) 373-3643,Other,,10:00 AM,,Holy Days,special_event,English,Basilica of St. Mary of the Assumption,,2026-01-01,,,Holy Days
Basilica of St. Mary of the Assumption,"506 Fourth St, Marietta, Ohio 45750",(740) 373-3643,Other,,10:00 AM,,Holy Days,special_event,English,Basilica of St. Mary of the Assumption,,2026-08-15,,,Holy Days
Basilica of St. Mary of the Assumption,"506 Fourth St, Marietta, Ohio 45750",(740) 373-3643,Other,,10:00 AM,,Holy Days,special_event,English,Basilica of St. Mary of the Assumption,,2026-11-01,,,Holy Days
Basilica of St. Mary of the Assumption,"506 Fourth St, Marietta, Ohio 45750",(740) 373-3643,Other,,10:00 AM,,Holy Days,special_event,English,Basilica of St. Mary of the Assumption,,2026-12-08,,,Holy Days
Basilica of St. Mary of the Assumption,"506 Fourth St, Marietta, Ohio 45750",(740) 373-3643,Other,,8:00 AM,,Holy Days,special_event,English,Basilica of St. Mary of the Assumption,,2025-12-25,,,Holy Days
Basilica of St. Mary of the Assumption,"506 Fourth St, Marietta, Ohio 45750",(740) 373-3643,Other,,8:00 AM,,Holy Days,special_event,English,Basilica of St. Mary of the Assumption,,2026-01-01,,,Holy Days
Basilica of St. Mary of the Assumption,"506 Fourth St, Marietta, Ohio 45750",(740) 373-3643,Other,,8:00 AM,,Holy Days,special_event,English,Basilica of St. Mary of the Assumption,,2026-08-15,,,Holy Days
Basilica of St. Mary of the Assumption,"506 Fourth St, Marietta, Ohio 45750",(740) 373-3643,Other,,8:00 AM,,Holy Days,special_event,English,Basilica of St. Mary of the Assumption,,2026-11-01,,,Holy Days
Basilica of St. Mary of the Assumption,"506 Fourth St, Marietta, Ohio 45750",(740) 373-3643,Other,,8:00 AM,,Holy Days,special_event,English,Basilica of St. Mary of the Assumption,,2026-12-08,,,Holy Days
Basilica of the Co-Cathedral of the Sacred Heart,"1114 Virginia St E, Charleston, West Virginia 25301",(304) 342-8175,Mass,Mon,8:15 AM,,Mass,specific_weekday,English,,,,,,chapel
Basilica of the Co-Cathedral of the Sacred Heart,"1114 Virginia St E, Charleston, West Virginia 25301",(304) 342-8175,Mass,Tue,12:00 PM,,Mass,specific_weekday,English,,,,,,chapel
Basilica of the Co-Cathedral of the Sacred Heart,"1114 Virginia St E, Charleston, West Virginia 25301",(304) 342-8175,Mass,Wed,12:00 PM,,Mass,specific_weekday,English,,,,,,chapel
Basilica of the Co-Cathedral of the Sacred Heart,"1114 Virginia St E, Charleston, West Virginia 25301",(304) 342-8175,Mass,Thu,12:00 PM,,Mass,specific_weekday,English,,,,,,chapel
Basilica of the Co-Cathedral of the Sacred Heart,"1114 Virginia St E, Charleston, West Virginia 25301",(304) 342-8175,Mass,Fri,12:00 PM,,Mass,specific_weekday,English,,,,,,chapel
Basilica of the Co-Cathedral of the Sacred Heart,"1114 Virginia St E, Charleston, West Virginia 25301",(304) 342-8175,Mass,Fri,8:15 AM,,Mass,specific_weekday,English,,,,,,chapel
Basilica of the Co-Cathedral of the Sacred Heart,"1114 Virginia St E, Charleston, West Virginia 25301",(304) 342-8175,Mass,Sat,5:30 PM,,Vigil,saturday,English,,,,,,chapel
Basilica of the Co-Cathedral of the Sacred Heart,"1114 Virginia St E, Charleston, West Virginia 25301",(304) 342-8175,Mass,Sat,8:15 AM,,Mass,saturday,English,,,,,,chapel
Basilica of the Co-Cathedral of the Sacred Heart,"1114 Virginia St E, Charleston, West Virginia 25301",(304) 342-8175,Mass,Sun,10:30 AM,,Mass,sunday,English,,,,,,chapel
Basilica of the Co-Cathedral of the Sacred Heart,"1114 Virginia St E, Charleston, West Virginia 25301",(304) 342-8175,Mass,Sun,5:00 PM,,Mass,sunday,English,,,,,,chapel
Basilica of the Co-Cathedral of the Sacred Heart,"1114 Virginia St E, Charleston, West Virginia 25301",(304) 342-8175,Mass,Sun,8:00 AM,,Mass,sunday,English,,,,,,chapel
Basilica of the Co-Cathedral of the Sacred Heart,"1114 Virginia St E, Charleston, West Virginia 25301",(304) 342-8175,Confession,Sat,4:00 PM,5:00 PM,Sacrament of Reconciliation,saturday,English,,,,,,chapel; or by appointment
Basilica of the Co-Cathedral of the Sacred Heart,"1114 Virginia St E, Charleston, West Virginia 25301",(304) 342-8175,Adoration,Sat,4:00 PM,5:00 PM,Eucharistic Adoration,saturday,English,,,,,,chapel; exposition
Blessed Sacrament,"852 Main St, Wintersville, Ohio 43953",(740) 264-0868,Mass,Mon,8:00 AM,,Mass,weekday,English,Blessed Sacrament,,,,,
Blessed Sacrament,"852 Main St, Wintersville, Ohio 43953",(740) 264-0868,Mass,Tue,8:00 AM,,Mass,weekday,English,Blessed Sacrament,,,,,
Blessed Sacrament,"852 Main St, Wintersville, Ohio 43953",(740) 264-0868,Mass,Wed,8:00 AM,,Mass,weekday,English,Blessed Sacrament,,,,,
Blessed Sacrament,"852 Main St, Wintersville, Ohio 43953",(740) 264-0868,Mass,Thu,5:15 PM,,Mass,specific_weekday,English,Blessed Sacrament,,,,,
Blessed Sacrament,"852 Main St, Wintersville, Ohio 43953",(740) 264-0868,Mass,Thu,8:00 AM,,Mass,weekday,English,Blessed Sacrament,,,,,
Blessed Sacrament,"852 Main St, Wintersville, Ohio 43953",(740) 264-0868,Mass,Thu,8:00 AM,,Mass,specific_weekday,English,Blessed Sacrament,,,,,
Blessed Sacrament,"852 Main St, Wintersville, Ohio 43953",(740) 264-0868,Mass,Fri,8:00 AM,,Mass,weekday,English,Blessed Sacrament,,,,,
Blessed Sacrament,"305 E Street, South Charleston, West Virginia 25303-1597",(304) 744-5523,Mass,Sat,4:00 PM,,Mass,saturday,English,,,,,,
Blessed Sacrament,"852 Main St, Wintersville, Ohio 43953",(740) 264-0868,Mass,Sat,4:30 PM,,Mass,saturday,English,Blessed Sacrament,,,,,
Blessed Sacrament,"852 Main St, Wintersville, Ohio 43953",(740) 264-0868,Mass,Sat,8:00 AM,,Mass,saturday,English,Blessed Sacrament,,,,,
Blessed Sacrament,"852 Main St, Wintersville, Ohio 43953",(740) 264-0868,Mass,Sun,11:00 AM,,Mass,sunday,English,Blessed Sacrament,,,,,
Blessed Sacrament,"305 E Street, South Charleston, West Virginia 25303-1597",(304) 744-5523,Mass,Sun,11:30 AM,,Mass,sunday,English,,,,,,
Blessed Sacrament,"852 Main St, Wintersville, Ohio 43953",(740) 264-0868,Mass,Sun,8:00 AM,,Mass,sunday,English,Blessed Sacrament,,,,,
Blessed Sacrament,"305 E Street, South Charleston, West Virginia 25303-1597",(304) 744-5523,Mass,Sun,9:00 AM,,Mass,sunday,English,,,,,,
Blessed Sacrament,"852 Main St, Wintersville, Ohio 43953",(740) 264-0868,Confession,Tue,9:00 PM,,Confession,other,English,Blessed Sacrament,,,,,by appointment
Blessed Sacrament,"852 Main St, Wintersville, Ohio 43953",(740) 264-0868,Confession,Fri,7:00 AM,,Confession,other,English,Blessed Sacrament,,,,,by appointment
Blessed Sacrament,"305 E Street, South Charleston, West Virginia 25303-1597",(304) 744-5523,Confession,Sat,3:00 PM,,Reconciliation,saturday,English,,,,,,or by appointment
Blessed Sacrament,"852 Main St, Wintersville, Ohio 43953",(740) 264-0868,Confession,Sat,3:30 PM,,Confession,saturday,English,Blessed Sacrament,,,,,by appointment
Blessed Sacrament,"852 Main St, Wintersville, Ohio 43953",(740) 264-0868,Adoration,Wed,5:30 PM,8:30 PM,Adoration,other,English,,,,,,exposition
Blessed Sacrament,"305 E Street, South Charleston, West Virginia 25303-1597",(304) 744-5523,Other,,TBD,,Bible Sharing,special_event,English,,,2026-01-14,,,Bible Sharing
Canons Regular of the New Jerusalem,"301 S George St, Charles Town, West Virginia 25414",(304) 724-6995,Mass,Mon,8:00 AM,,Mass,weekday,English,,,,,,
Canons Regular of the New Jerusalem,"301 S George St, Charles Town, West Virginia 25414",(304) 724-6995,Mass,Tue,8:00 AM,,Mass,weekday,English,,,,,,
Canons Regular of the New Jerusalem,"301 S George St, Charles Town, West Virginia 25414",(304) 724-6995,Mass,Wed,8:00 AM,,Mass,weekday,English,,,,,,
Canons Regular of the New Jerusalem,"301 S George St, Charles Town, West Virginia 25414",(304) 724-6995,Mass,Thu,8:00 AM,,Mass,weekday,English,,,,,,
Canons Regular of the New Jerusalem,"301 S George St, Charles Town, West Virginia 25414",(304) 724-6995,Mass,Fri,8:00 AM,,Mass,weekday,English,,,,,,
Canons Regular of the New Jerusalem,"301 S George St, Charles Town, West Virginia 25414",(304) 724-6995,Mass,Sat,4:00 PM,,Mass,saturday,English,,,,,,Fulfills Sunday Obligation
Canons Regular of the New Jerusalem,"301 S George St, Charles Town, West Virginia 25414",(304) 724-6995,Mass,Sat,8:00 AM,,Mass,saturday,English,,,,,,
Canons Regular of the New Jerusalem,"301 S George St, Charles Town, West Virginia 25414",(304) 724-6995,Mass,Sun,10:45 AM,,Mass,sunday,English,,,,,,Sung Mass
Canons Regular of the New Jerusalem,"301 S George St, Charles Town, West Virginia 25414",(304) 724-6995,Mass,Sun,7:00 AM,,Mass,sunday,English,,,,,,
Canons Regular of the New Jerusalem,"301 S George St, Charles Town, West Virginia 25414",(304) 724-6995,Mass,Sun,8:30 AM,,Mass,sunday,English,,,,,,
Canons Regular of the New Jerusalem,"301 S George St, Charles Town, West Virginia 25414",(304) 724-6995,Confession,Sat,3:00 PM,4:30 PM,Confession,saturday,English,,,,,,
Canons Regular of the New Jerusalem,"301 S George St, Charles Town, West Virginia 25414",(304) 724-6995,Confession,Sun,6:45 AM,7:30 AM,Confession,sunday,English,,,,,,
Canons Regular of the New Jerusalem,"301 S George St, Charles Town, West Virginia 25414",(304) 724-6995,Confession,Sun,8:00 AM,9:15 AM,Confession,sunday,English,,,,,,
Canons Regular of the New Jerusalem,"301 S George St, Charles Town, West Virginia 25414",(304) 724-6995,Devotions,Mon,5:00 PM,,Vespers,weekday,English,,,,,,
Canons Regular of the New Jerusalem,"301 S George St, Charles Town, West Virginia 25414",(304) 724-6995,Devotions,Mon,6:20 AM,,Lauds,weekday,English,,,,,,
Canons Regular of the New Jerusalem,"301 S George St, Charles Town, West Virginia 25414",(304) 724-6995,Devotions,Mon,8:15 PM,,Compline,weekday,English,,,,,,
Canons Regular of the New Jerusalem,"301 S George St, Charles Town, West Virginia 25414",(304) 724-6995,Devotions,Tue,5:00 PM,,Vespers,weekday,English,,,,,,
Canons Regular of the New Jerusalem,"301 S George St, Charles Town, West Virginia 25414",(304) 724-6995,Devotions,Tue,6:20 AM,,Lauds,weekday,English,,,,,,
Canons Regular of the New Jerusalem,"301 S George St, Charles Town, West Virginia 25414",(304) 724-6995,Devotions,Tue,8:15 PM,,Compline,weekday,English,,,,,,
Canons Regular of the New Jerusalem,"301 S George St, Charles Town, West Virginia 25414",(304) 724-6995,Devotions,Wed,5:00 PM,,Vespers,weekday,English,,,,,,
Canons Regular of the New Jerusalem,"301 S George St, Charles Town, West Virginia 25414",(304) 724-6995,Devotions,Wed,6:20 AM,,Lauds,weekday,English,,,,,,
Canons Regular of the New Jerusalem,"301 S George St, Charles Town, West Virginia 25414",(304) 724-6995,Devotions,Wed,8:15 PM,,Compline,weekday,English,,,,,,
Canons Regular of the New Jerusalem,"301 S George St, Charles Town, West Virginia 25414",(304) 724-6995,Devotions,Thu,5:00 PM,,Vespers,weekday,English,,,,,,
Canons Regular of the New Jerusalem,"301 S George St, Charles Town, West Virginia 25414",(304) 724-6995,Devotions,Thu,6:20 AM,,Lauds,weekday,English,,,,,,
Canons Regular of the New Jerusalem,"301 S George St, Charles Town, West Virginia 25414",(304) 724-6995,Devotions,Thu,8:15 PM,,Compline,weekday,English,,,,,,
Canons Regular of the New Jerusalem,"301 S George St, Charles Town, West Virginia 25414",(304) 724-6995,Devotions,Fri,5:00 PM,,Vespers,weekday,English,,,,,,
Canons Regular of the New Jerusalem,"301 S George St, Charles Town, West Virginia 25414",(304) 724-6995,Devotions,Fri,6:20 AM,,Lauds,weekday,English,,,,,,
Canons Regular of the New Jerusalem,"301 S George St, Charles Town, West Virginia 25414",(304) 724-6995,Devotions,Fri,8:15 PM,,Compline,weekday,English,,,,,,
Canons Regular of the New Jerusalem,"301 S George St, Charles Town, West Virginia 25414",(304) 724-6995,Devotions,Sat,6:00 PM,,Vespers,saturday,English,,,,,,
Canons Regular of the New Jerusalem,"301 S George St, Charles Town, West Virginia 25414",(304) 724-6995,Devotions,Sat,8:30 PM,,Compline,saturday,English,,,,,,
Canons Regular of the New Jerusalem,"301 S George St, Charles Town, West Virginia 25414",(304) 724-6995,Devotions,Sun,6:00 PM,,Vespers,sunday,English,,,,,,
Canons Regular of the New Jerusalem,"301 S George St, Charles Town, West Virginia 25414",(304) 724-6995,Devotions,Sun,8:30 PM,,Compline,sunday,English,,,,,,
Canons Regular of the New Jerusalem,"301 S George St, Charles Town, West Virginia 25414",(304) 724-6995,Other,Mon,12:10 PM,,Sext,weekday,English,,,,,,
Canons Regular of the New Jerusalem,"301 S George St, Charles Town, West Virginia 25414",(304) 724-6995,Other,Mon,12:50 PM,,None,weekday,English,,,,,,
Canons Regular of the New Jerusalem,"301 S George St, Charles Town, West Virginia 25414",(304) 724-6995,Other,Mon,5:40 AM,,Matins,weekday,English,,,,,,
Canons Regular of the New Jerusalem,"301 S George St, Charles Town, West Virginia 25414",(304) 724-6995,Other,Mon,7:25 AM,,Prime / Terce,weekday,English,,,,,,
Canons Regular of the New Jerusalem,"301 S George St, Charles Town, West Virginia 25414",(304) 724-6995,Other,Tue,12:10 PM,,Sext,weekday,English,,,,,,
Canons Regular of the New Jerusalem,"301 S George St, Charles Town, West Virginia 25414",(304) 724-6995,Other,Tue,12:50 PM,,None,weekday,English,,,,,,
Canons Regular of the New Jerusalem,"301 S George St, Charles Town, West Virginia 25414",(304) 724-6995,Other,Tue,5:40 AM,,Matins,weekday,English,,,,,,
Canons Regular of the New Jerusalem,"301 S George St, Charles Town, West Virginia 25414",(304) 724-6995,Other,Tue,7:25 AM,,Prime / Terce,weekday,English,,,,,,
Canons Regular of the New Jerusalem,"301 S George St, Charles Town, West Virginia 25414",(304) 724-6995,Other,Wed,12:10 PM,,Sext,weekday,English,,,,,,
Canons Regular of the New Jerusalem,"301 S George St, Charles Town, West Virginia 25414",(304) 724-6995,Other,Wed,12:50 PM,,None,weekday,English,,,,,,
Canons Regular of the New Jerusalem,"301 S George St, Charles Town, West Virginia 25414",(304) 724-6995,Other,Wed,5:40 AM,,Matins,weekday,English,,,,,,
Canons Regular of the New Jerusalem,"301 S George St, Charles Town, West Virginia 25414",(304) 724-6995,Other,Wed,7:25 AM,,Prime / Terce,weekday,English,,,,,,
Canons Regular of the New Jerusalem,"301 S George St, Charles Town, West Virginia 25414",(304) 724-6995,Other,Thu,12:10 PM,,Sext,weekday,English,,,,,,
Canons Regular of the New Jerusalem,"301 S George St, Charles Town, West Virginia 25414",(304) 724-6995,Other,Thu,12:50 PM,,None,weekday,English,,,,,,
Canons Regular of the New Jerusalem,"301 S George St, Charles Town, West Virginia 25414",(304) 724-6995,Other,Thu,5:40 AM,,Matins,weekday,English,,,,,,
Canons Regular of the New Jerusalem,"301 S George St, Charles Town, West Virginia 25414",(304) 724-6995,Other,Thu,7:25 AM,,Prime / Terce,weekday,English,,,,,,
Canons Regular of the New Jerusalem,"301 S George St, Charles Town, West Virginia 25414",(304) 724-6995,Other,Fri,12:10 PM,,Sext,weekday,English,,,,,,
Canons Regular of the New Jerusalem,"301 S George St, Charles Town, West Virginia 25414",(304) 724-6995,Other,Fri,12:50 PM,,None,weekday,English,,,,,,
Canons Regular of the New Jerusalem,"301 S George St, Charles Town, West Virginia 25414",(304) 724-6995,Other,Fri,5:40 AM,,Matins,weekday,English,,,,,,
Canons Regular of the New Jerusalem,"301 S George St, Charles Town, West Virginia 25414",(304) 724-6995,Other,Fri,7:25 AM,,Prime / Terce,weekday,English,,,,,,
Catholic Newman Center,"1609 5th Ave, Huntington, West Virginia 25703",(304) 525-4618,Mass,Wed,4:00 PM,,Mass,specific_weekday,English,,,,,,
Catholic Newman Center,"1609 5th Ave, Huntington, West Virginia 25703",(304) 525-4618,Mass,Sun,10:00 AM,,Mass,sunday,English,Chapel or Sanctuary,,,,,during the Fall and Spring semesters
Catholic Newman Center,"1609 5th Ave, Huntington, West Virginia 25703",(304) 525-4618,Mass,Sun,5:00 PM,,Mass,sunday,English,,,,,,Confessions heard before Mass
Chapel of Christ the King,"1235 University Blvd, Steubenville, Ohio 43952",(740) 283-6276,Mass,Mon,12:05 PM,,Mass,weekday,English,Christ the King Chapel,,,,,livestream
Chapel of Christ the King,"1235 University Blvd, Steubenville, Ohio 43952",(740) 283-6276,Mass,Mon,4:45 PM,,Mass,weekday,English,Christ the King Chapel,,,,,
Chapel of Christ the King,"1235 University Blvd, Steubenville, Ohio 43952",(740) 283-6276,Mass,Mon,6:30 AM,,Mass,weekday,English,Christ the King Chapel,,,,,
Chapel of Christ the King,"1235 University Blvd, Steubenville, Ohio 43952",(740) 283-6276,Mass,Mon,8:00 AM,,Mass,weekday,English,Christ the King Chapel,,,,,
Chapel of Christ the King,"1235 University Blvd, Steubenville, Ohio 43952",(740) 283-6276,Mass,Tue,12:05 PM,,Mass,weekday,English,Christ the King Chapel,,,,,livestream
Chapel of Christ the King,"1235 University Blvd, Steubenville, Ohio 43952",(740) 283-6276,Mass,Tue,4:45 PM,,Mass,weekday,English,Christ the King Chapel,,,,,
Chapel of Christ the King,"1235 University Blvd, Steubenville, Ohio 43952",(740) 283-6276,Mass,Tue,6:30 AM,,Mass,weekday,English,Christ the King Chapel,,,,,
Chapel of Christ the King,"1235 University Blvd, Steubenville, Ohio 43952",(740) 283-6276,Mass,Tue,8:00 AM,,Mass,weekday,English,Christ the King Chapel,,,,,
Chapel of Christ the King,"1235 University Blvd, Steubenville, Ohio 43952",(740) 283-6276,Mass,Wed,12:05 PM,,Mass,weekday,English,Christ the King Chapel,,,,,livestream
Chapel of Christ the King,"1235 University Blvd, Steubenville, Ohio 43952",(740) 283-6276,Mass,Wed,4:45 PM,,Mass,weekday,English,Christ the King Chapel,,,,,
Chapel of Christ the King,"1235 University Blvd, Steubenville, Ohio 43952",(740) 283-6276,Mass,Wed,6:30 AM,,Mass,weekday,English,Christ the King Chapel,,,,,
Chapel of Christ the King,"1235 University Blvd, Steubenville, Ohio 43952",(740) 283-6276,Mass,Wed,8:00 AM,,Mass,weekday,English,Christ the King Chapel,,,,,
Chapel of Christ the King,"1235 University Blvd, Steubenville, Ohio 43952",(740) 283-6276,Mass,Thu,12:05 PM,,Mass,weekday,English,Christ the King Chapel,,,,,livestream
Chapel of Christ the King,"1235 University Blvd, Steubenville, Ohio 43952",(740) 283-6276,Mass,Thu,4:45 PM,,Mass,weekday,English,Christ the King Chapel,,,,,
Chapel of Christ the King,"1235 University Blvd, Steubenville, Ohio 43952",(740) 283-6276,Mass,Thu,6:30 AM,,Mass,weekday,English,Christ the King Chapel,,,,,
Chapel of Christ the King,"1235 University Blvd, Steubenville, Ohio 43952",(740) 283-6276,Mass,Thu,8:00 AM,,Mass,weekday,English,Christ the King Chapel,,,,,
Chapel of Christ the King,"1235 University Blvd, Steubenville, Ohio 43952",(740) 283-6276,Mass,Fri,12:05 PM,,Mass,weekday,English,Christ the King Chapel,,,,,livestream
Chapel of Christ the King,"1235 University Blvd, Steubenville, Ohio 43952",(740) 283-6276,Mass,Fri,4:45 PM,,Mass,weekday,English,Christ the King Chapel,,,,,
Chapel of Christ the King,"1235 University Blvd, Steubenville, Ohio 43952",(740) 283-6276,Mass,Fri,6:30 AM,,Mass,weekday,English,Christ the King Chapel,,,,,
Chapel of Christ the King,"1235 University Blvd, Steubenville, Ohio 43952",(740) 283-6276,Mass,Fri,8:00 AM,,Mass,weekday,English,Christ the King Chapel,,,,,
Chapel of Christ the King,"1235 University Blvd, Steubenville, Ohio 43952",(740) 283-6276,Mass,Sat,11:00 AM,,Mass,saturday,English,Christ the King Chapel,,,,,
Chapel of Christ the King,"1235 University Blvd, Steubenville, Ohio 43952",(740) 283-6276,Mass,Sun,10:00 AM,,Mass,sunday,English,Christ the King Chapel,,,,,
Chapel of Christ the King,"1235 University Blvd, Steubenville, Ohio 43952",(740) 283-6276,Mass,Sun,12:00 PM,,Mass,sunday,English,Christ the King Chapel,,,,,livestream
Chapel of Christ the King,"1235 University Blvd, Steubenville, Ohio 43952",(740) 283-6276,Mass,Sun,4:00 PM,,Mass,sunday,English,Christ the King Chapel,,,,,
Chapel of Christ the King,"1235 University Blvd, Steubenville, Ohio 43952",(740) 283-6276,Mass,Sun,8:00 AM,,Mass,sunday,English,Christ the King Chapel,,,,,
Chapel of Christ the King,"1235 University Blvd, Steubenville, Ohio 43952",(740) 283-6276,Mass,Sun,8:00 PM,,Mass,sunday,English,Christ the King Chapel,,,,,
Chapel of Christ the King,"1235 University Blvd, Steubenville, Ohio 43952",(740) 283-6276,Mass,,2:00 PM,,Byzantine Divine Liturgy,special_event,English,Christ the King Chapel,,2025-09-14,,,Byzantine Divine Liturgy
Chapel of Christ the King,"1235 University Blvd, Steubenville, Ohio 43952",(740) 283-6276,Mass,,2:00 PM,,Byzantine Divine Liturgy,special_event,English,Christ the King Chapel,,2025-10-12,,,Byzantine Divine Liturgy
Chapel of Christ the King,"1235 University Blvd, Steubenville, Ohio 43952",(740) 283-6276,Mass,,2:00 PM,,Byzantine Divine Liturgy,special_event,English,Christ the King Chapel,,2025-11-16,,,Byzantine Divine Liturgy
Chapel of Christ the King,"1235 University Blvd, Steubenville, Ohio 43952",(740) 283-6276,Mass,,2:00 PM,,Byzantine Divine Liturgy,other,English,,,,,,Fall 2025; note: Dates listed: September 14th; October 12th; November 16th
Chapel of Christ the King,"1235 University Blvd, Steubenville, Ohio 43952",(740) 283-6276,Mass,,4:45 PM,,Santa Misa en Español,special_event,English,Christ the King Chapel,,2026-02-05,,,Santa Misa en Español
Chapel of Christ the King,"1235 University Blvd, Steubenville, Ohio 43952",(740) 283-6276,Mass,,4:45 PM,,Austria Send-off Mass,parish_event,English,Christ the King Chapel,,,,,TBD
Chapel of Christ the King,"1235 University Blvd, Steubenville, Ohio 43952",(740) 283-6276,Mass,,4:45 PM,,Household Life Mass,parish_event,English,,,,,,Fall 2025; note: Dates listed: September 5; September 26; November 21
Chapel of Christ the King,"1235 University Blvd, Steubenville, Ohio 43952",(740) 283-6276,Mass,,4:45 PM,,Santa Misa en Español,parish_event,spanish,Christ the King Chapel,,,,,Fall 2025; note: Dates listed: September 11; October 9; November 13; February 5
Chapel of Christ the King,"1235 University Blvd, Steubenville, Ohio 43952",(740) 283-6276,Confession,Tue,7:00 PM,8:00 PM,Confession,specific_weekday,English,Christ the King Chapel,,,,,during the school year
Chapel of Christ the King,"1235 University Blvd, Steubenville, Ohio 43952",(740) 283-6276,Confession,Wed,3:00 PM,4:00 PM,Confession,specific_weekday,English,Christ the King Chapel,,,,,during the school year
Chapel of Christ the King,"1235 University Blvd, Steubenville, Ohio 43952",(740) 283-6276,Confession,Thu,7:00 PM,8:00 PM,Confession,specific_weekday,English,Christ the King Chapel,,,,,during the school year
Chapel of Christ the King,"1235 University Blvd, Steubenville, Ohio 43952",(740) 283-6276,Confession,Fri,3:00 PM,4:00 PM,Confession,specific_weekday,English,Christ the King Chapel,,,,,during the school year
Chapel of Christ the King,"1235 University Blvd, Steubenville, Ohio 43952",(740) 283-6276,Devotions,Mon,11:00 AM,,Community Rosary,weekday,English,,,,,,
Chapel of Christ the King,"1235 University Blvd, Steubenville, Ohio 43952",(740) 283-6276,Devotions,Tue,11:00 AM,,Community Rosary,weekday,English,,,,,,
Chapel of Christ the King,"1235 University Blvd, Steubenville, Ohio 43952",(740) 283-6276,Devotions,Wed,11:00 AM,,Community Rosary,weekday,English,,,,,,
Chapel of Christ the King,"1235 University Blvd, Steubenville, Ohio 43952",(740) 283-6276,Devotions,Thu,11:00 AM,,Community Rosary,weekday,English,,,,,,
Chapel of Christ the King,"1235 University Blvd, Steubenville, Ohio 43952",(740) 283-6276,Devotions,Fri,11:00 AM,,Community Rosary,weekday,English,,,,,,
Chapel of Christ the King,"1235 University Blvd, Steubenville, Ohio 43952",(740) 283-6276,Other,,2:00 PM,,Maronite Rite Liturgy,special_event,English,Christ the King Chapel,,2025-10-05,,,Maronite Rite Liturgy
Chapel of Christ the King,"1235 University Blvd, Steubenville, Ohio 43952",(740) 283-6276,Other,,2:00 PM,,Maronite Rite Liturgy,other,English,,,,,,Fall 2025; note: Dates listed: October 5th
Christ Our Hope Mission / St. Joseph Chapel,"102 W Penn Ave, Pennsboro, West Virginia 26362-9707",(304) 684-7669,Mass,Sun,11:00 AM,,Mass,sunday,English,"St. Joseph Chapel, Pennsboro, WV",,,,,Due to the fire; Mass is Held at St. Joseph Chapel
Christ the King,"1504 Grosscup Ave, Dunbar, West Virginia 25064-2925",(304) 755-0791,Mass,Sun,11:00 AM,,Mass,sunday,English,"Christ the King, Dunbar, WV",,,,,
Corpus Christi,"1508 Warwood Ave, Wheeling, West Virginia 26003",(304) 277-2911,Mass,Tue,8:30 AM,,Mass,specific_weekday,English,,,,,,
Corpus Christi,"1508 Warwood Ave, Wheeling, West Virginia 26003",(304) 277-2911,Mass,Wed,8:30 AM,,Mass,specific_weekday,English,,,,,,
Corpus Christi,"1508 Warwood Ave, Wheeling, West Virginia 26003",(304) 277-2911,Mass,Fri,11:00 AM,,Mass,specific_weekday,English,,,,,,with the students of CCS
Corpus Christi,"1508 Warwood Ave, Wheeling, West Virginia 26003",(304) 277-2911,Mass,Sat,4:30 PM,,Mass,saturday,English,,,,,,
Corpus Christi,"1508 Warwood Ave, Wheeling, West Virginia 26003",(304) 277-2911,Mass,Sun,10:30 AM,,Mass,sunday,English,,,,,,
Corpus Christi,"1508 Warwood Ave, Wheeling, West Virginia 26003",(304) 277-2911,Mass,Sun,8:00 AM,,Mass,sunday,English,,,,,,
Corpus Christi,"1508 Warwood Ave, Wheeling, West Virginia 26003",(304) 277-2911,Mass,,9:00 AM,,Mass,monthly,English,,first_saturday_(recurring),,,,
Good Samaritan - St. Luke the Evangelist Parish,"725 Glenwood Ave, Ambridge, Pennsylvania 15005",(724) 266-6565,Mass,Mon,8:00 AM,,Mass,specific_weekday,english,Good Samaritan,,,,,
Good Samaritan - St. Luke the Evangelist Parish,"725 Glenwood Ave, Ambridge, Pennsylvania 15005",(724) 266-6565,Mass,Tue,6:30 PM,,Mass,specific_weekday,english,Good Samaritan,,,,,
Good Samaritan - St. Luke the Evangelist Parish,"725 Glenwood Ave, Ambridge, Pennsylvania 15005",(724) 266-6565,Mass,Wed,8:00 AM,,Mass,specific_weekday,english,Good Samaritan,,,,,
Good Samaritan - St. Luke the Evangelist Parish,"725 Glenwood Ave, Ambridge, Pennsylvania 15005",(724) 266-6565,Mass,Fri,8:00 AM,,Mass,specific_weekday,english,Good Samaritan,,,,,
Good Samaritan - St. Luke the Evangelist Parish,"725 Glenwood Ave, Ambridge, Pennsylvania 15005",(724) 266-6565,Mass,Fri,8:00 PM,,Mass,specific_weekday,english,Good Samaritan,,,,,
Good Samaritan - St. Luke the Evangelist Parish,"725 Glenwood Ave, Ambridge, Pennsylvania 15005",(724) 266-6565,Mass,Sat,4:00 PM,,Mass,saturday,english,Good Samaritan,,,,,vigil
Good Samaritan - St. Luke the Evangelist Parish,"725 Glenwood Ave, Ambridge, Pennsylvania 15005",(724) 266-6565,Mass,Sun,10:30 AM,,Mass,sunday,english,Good Samaritan,,,,,
Good Samaritan - St. Luke the Evangelist Parish,"725 Glenwood Ave, Ambridge, Pennsylvania 15005",(724) 266-6565,Mass,Sun,4:00 PM,,Mass,sunday,spanish,Good Samaritan,,,,,
Good Samaritan - St. Luke the Evangelist Parish,"725 Glenwood Ave, Ambridge, Pennsylvania 15005",(724) 266-6565,Mass,Sun,8:00 AM,,Mass,sunday,english,Good Samaritan,,,,,
Good Samaritan - St. Luke the Evangelist Parish,"725 Glenwood Ave, Ambridge, Pennsylvania 15005",(724) 266-6565,Confession,Tue,5:30 PM,,Confessions,specific_weekday,English,Good Samaritan,,,,,
Good Samaritan - St. Luke the Evangelist Parish,"725 Glenwood Ave, Ambridge, Pennsylvania 15005",(724) 266-6565,Confession,Sat,3:00 PM,,Confessions,saturday,English,Good Samaritan,,,,,
Good Samaritan - St. Luke the Evangelist Parish,"725 Glenwood Ave, Ambridge, Pennsylvania 15005",(724) 266-6565,Confession,,12:30 PM,,First Reconciliation,special_event,English,Good Samaritan,,2026-04-26,,,First Reconciliation
Good Samaritan - St. Luke the Evangelist Parish,"725 Glenwood Ave, Ambridge, Pennsylvania 15005",(724) 266-6565,Confession,,9:00 AM,,First Reconciliation,special_event,English,Good Samaritan,,2026-04-18,,,First Reconciliation; Church & Liturgy Room; ends at 12:30
Good Samaritan - St. Luke the Evangelist Parish,"725 Glenwood Ave, Ambridge, Pennsylvania 15005",(724) 266-6565,Adoration,Mon,8:00 AM,8:00 PM,Adoration,specific_weekday,English,Good Samaritan Chapel,,,,,chapel
Good Samaritan - St. Luke the Evangelist Parish,"725 Glenwood Ave, Ambridge, Pennsylvania 15005",(724) 266-6565,Adoration,Fri,8:00 AM,8:00 PM,Adoration,specific_weekday,English,Good Samaritan Chapel,,,,,chapel
Good Shepherd,"701 Mineral Rd, Glenville, West Virginia 26351",(304) 462-7130,Mass,Sun,11:00 AM,,Mass,sunday,English,"Good Shepherd Mission, Glenville",,,,,daily Mass and Holy Days as announced in bulletin
Holy Child - Corpus Christi Parish,"212 Station St, Bridgeville, Pennsylvania 15017",(412) 221-5213,Mass,Mon,12:00 PM,,Mass,specific_weekday,english,Holy Child,,,,,
Holy Child - Corpus Christi Parish,"212 Station St, Bridgeville, Pennsylvania 15017",(412) 221-5213,Mass,Mon,7:00 AM,,Mass,specific_weekday,english,St Barbara,,,,,
Holy Child - Corpus Christi Parish,"212 Station St, Bridgeville, Pennsylvania 15017",(412) 221-5213,Mass,Wed,7:00 AM,,Mass,specific_weekday,english,St Barbara,,,,,
Holy Child - Corpus Christi Parish,"212 Station St, Bridgeville, Pennsylvania 15017",(412) 221-5213,Mass,Fri,12:00 PM,,Mass,specific_weekday,english,Holy Child,,,,,
Holy Child - Corpus Christi Parish,"212 Station St, Bridgeville, Pennsylvania 15017",(412) 221-5213,Mass,Fri,7:00 AM,,Mass,specific_weekday,english,St Barbara,,,,,
Holy Child - Corpus Christi Parish,"212 Station St, Bridgeville, Pennsylvania 15017",(412) 221-5213,Mass,Sat,5:00 PM,,Mass,saturday,english,Holy Child,,,,,vigil
Holy Child - Corpus Christi Parish,"212 Station St, Bridgeville, Pennsylvania 15017",(412) 221-5213,Mass,Sun,11:00 AM,,Mass,sunday,english,Holy Child,,,,,
Holy Child - Corpus Christi Parish,"212 Station St, Bridgeville, Pennsylvania 15017",(412) 221-5213,Mass,Sun,8:00 AM,,Mass,sunday,english,Holy Child,,,,,
Holy Child - Corpus Christi Parish,"212 Station St, Bridgeville, Pennsylvania 15017",(412) 221-5213,Confession,Wed,7:00 PM,8:00 PM,Confession,specific_weekday,English,Holy Child Church,,,,,
Holy Child - Corpus Christi Parish,"212 Station St, Bridgeville, Pennsylvania 15017",(412) 221-5213,Adoration,Wed,12:30 PM,8:00 PM,Adoration,specific_weekday,English,Holy Child Church,,,,,
Holy Child - Corpus Christi Parish,"212 Station St, Bridgeville, Pennsylvania 15017",(412) 221-5213,Community,,10:00 AM,11:30 AM,Legion of Mary,special_event,English,,,2026-01-15,,,Weekly Legion of Mary Meeting
Holy Cross Abbey,"901 Cool Spring Ln, Berryville, Virginia 22611-2700",,Mass,Mon,7:25 AM,,Mass,weekday,English,Holy Cross Abbey,,,,,
Holy Cross Abbey,"901 Cool Spring Ln, Berryville, Virginia 22611-2700",,Mass,Tue,7:25 AM,,Mass,weekday,English,Holy Cross Abbey,,,,,
Holy Cross Abbey,"901 Cool Spring Ln, Berryville, Virginia 22611-2700",,Mass,Wed,7:25 AM,,Mass,weekday,English,Holy Cross Abbey,,,,,
Holy Cross Abbey,"901 Cool Spring Ln, Berryville, Virginia 22611-2700",,Mass,Thu,7:25 AM,,Mass,weekday,English,Holy Cross Abbey,,,,,
Holy Cross Abbey,"901 Cool Spring Ln, Berryville, Virginia 22611-2700",,Mass,Fri,7:25 AM,,Mass,weekday,English,Holy Cross Abbey,,,,,
Holy Cross Abbey,"901 Cool Spring Ln, Berryville, Virginia 22611-2700",,Mass,Sun,10:00 AM,,Mass,sunday,English,Holy Cross Abbey,,,,,
Holy Cross Abbey,"901 Cool Spring Ln, Berryville, Virginia 22611-2700",,Mass,,3:30 AM,,Vigils,daily,English,Holy Cross Abbey,,,,,
Holy Cross Abbey,"901 Cool Spring Ln, Berryville, Virginia 22611-2700",,Mass,,TBD,,Abbot Joseph’s Homily for Christmas Night Mass,special_event,English,Holy Cross Abbey,,2025-12-25,,,Abbot Joseph’s Homily for Christmas Night Mass TIME_TBD
Holy Cross Abbey,"901 Cool Spring Ln, Berryville, Virginia 22611-2700",,Devotions,,5:30 PM,,Vespers,daily,English,Holy Cross Abbey,,,,,
Holy Cross Abbey,"901 Cool Spring Ln, Berryville, Virginia 22611-2700",,Devotions,,7:00 AM,,Lauds,daily,English,Holy Cross Abbey,,,,,
Holy Cross Abbey,"901 Cool Spring Ln, Berryville, Virginia 22611-2700",,Devotions,,7:30 PM,,Compline,daily,English,Holy Cross Abbey,,,,,
Holy Cross Abbey,"901 Cool Spring Ln, Berryville, Virginia 22611-2700",,Other,Mon,10:00 AM,,Terce,weekday,English,Holy Cross Abbey,,,,,private
Holy Cross Abbey,"901 Cool Spring Ln, Berryville, Virginia 22611-2700",,Other,Tue,10:00 AM,,Terce,weekday,English,Holy Cross Abbey,,,,,private
Holy Cross Abbey,"901 Cool Spring Ln, Berryville, Virginia 22611-2700",,Other,Wed,10:00 AM,,Terce,weekday,English,Holy Cross Abbey,,,,,private
Holy Cross Abbey,"901 Cool Spring Ln, Berryville, Virginia 22611-2700",,Other,Thu,10:00 AM,,Terce,weekday,English,Holy Cross Abbey,,,,,private
Holy Cross Abbey,"901 Cool Spring Ln, Berryville, Virginia 22611-2700",,Other,Fri,10:00 AM,,Terce,weekday,English,Holy Cross Abbey,,,,,private
Holy Cross Abbey,"901 Cool Spring Ln, Berryville, Virginia 22611-2700",,Other,Sun,9:50 AM,,Terce,sunday,English,Holy Cross Abbey,,,,,
Holy Cross Abbey,"901 Cool Spring Ln, Berryville, Virginia 22611-2700",,Other,,12:20 PM,,Sext,daily,English,Holy Cross Abbey,,,,,
Holy Cross Abbey,"901 Cool Spring Ln, Berryville, Virginia 22611-2700",,Other,,2:00 PM,,None,daily,English,Holy Cross Abbey,,,,,
Holy Cross Abbey,"901 Cool Spring Ln, Berryville, Virginia 22611-2700",,Other,,TBD,,Fr. James’ Homily for All Saints,special_event,English,Holy Cross Abbey,,2025-11-01,,,Fr. James’ Homily for All Saints TIME_TBD
Holy Cross Abbey,"901 Cool Spring Ln, Berryville, Virginia 22611-2700",,Other,,TBD,,Fr. James’ Homily for the 4th Sunday,special_event,English,Holy Cross Abbey,,2026-02-01,,,Fr. James’ Homily for the 4th Sunday TIME_TBD
Holy Family,"900 Winchester Ave, Ashland, Kentucky 41101-7497",(606) 329-1607,Mass,Mon,8:00 AM,,Mass,weekday,English,Holy Family,,,,,
Holy Family,"2655 Alexander St , Steubenville, Ohio 43952",(740) 264-2825,Mass,Mon,8:00 AM,,Mass,weekday,english,,,,,,livestream
Holy Family,"7321 Burkittsville Rd, Middletown, Maryland 21769",(301) 473-4800,Mass,Mon,9:00 AM,,Mass,weekday,english,,,,,,
Holy Family,"2655 Alexander St , Steubenville, Ohio 43952",(740) 264-2825,Mass,Tue,12:00 PM,,Mass,specific_weekday,english,,,,,,
Holy Family,"900 Winchester Ave, Ashland, Kentucky 41101-7497",(606) 329-1607,Mass,Tue,8:00 AM,,Mass,weekday,English,Holy Family,,,,,
Holy Family,"2655 Alexander St , Steubenville, Ohio 43952",(740) 264-2825,Mass,Tue,8:00 AM,,Mass,weekday,english,,,,,,livestream
Holy Family,"7321 Burkittsville Rd, Middletown, Maryland 21769",(301) 473-4800,Mass,Tue,9:00 AM,,Mass,weekday,english,,,,,,
Holy Family,"900 Winchester Ave, Ashland, Kentucky 41101-7497",(606) 329-1607,Mass,Wed,8:00 AM,,Mass,weekday,English,Holy Family,,,,,
Holy Family,"2655 Alexander St , Steubenville, Ohio 43952",(740) 264-2825,Mass,Wed,8:00 AM,,Mass,weekday,english,,,,,,livestream
Holy Family,"7321 Burkittsville Rd, Middletown, Maryland 21769",(301) 473-4800,Mass,Wed,9:00 AM,,Mass,weekday,english,,,,,,
Holy Family,"516 Mason Ct Dr, Pearisburg, Virginia 24134",(540) 921-3547,Mass,Thu,11:00 AM,,Mass,specific_weekday,English,,,,,,
Holy Family,"2655 Alexander St , Steubenville, Ohio 43952",(740) 264-2825,Mass,Thu,12:00 PM,,Mass,specific_weekday,english,,,,,,
Holy Family,"900 Winchester Ave, Ashland, Kentucky 41101-7497",(606) 329-1607,Mass,Thu,8:00 AM,,Mass,weekday,English,Holy Family,,,,,
Holy Family,"2655 Alexander St , Steubenville, Ohio 43952",(740) 264-2825,Mass,Thu,8:00 AM,,Mass,weekday,english,,,,,,livestream
Holy Family,"7321 Burkittsville Rd, Middletown, Maryland 21769",(301) 473-4800,Mass,Thu,9:00 AM,,Mass,weekday,english,,,,,,
Holy Family,"900 Winchester Ave, Ashland, Kentucky 41101-7497",(606) 329-1607,Mass,Fri,8:00 AM,,Mass,weekday,English,Holy Family,,,,,
Holy Family,"2655 Alexander St , Steubenville, Ohio 43952",(740) 264-2825,Mass,Fri,8:00 AM,,Mass,weekday,english,,,,,,livestream
Holy Family,"7321 Burkittsville Rd, Middletown, Maryland 21769",(301) 473-4800,Mass,Fri,9:00 AM,,Mass,weekday,english,,,,,,
Holy Family,"900 Winchester Ave, Ashland, Kentucky 41101-7497",(606) 329-1607,Mass,Sat,4:00 PM,,Mass,saturday,English,Holy Family,,,,,vigil
Holy Family,"2655 Alexander St , Steubenville, Ohio 43952",(740) 264-2825,Mass,Sat,4:00 PM,,Mass,saturday,english,,,,,,vigil
Holy Family,"7321 Burkittsville Rd, Middletown, Maryland 21769",(301) 473-4800,Mass,Sat,5:00 PM,,Mass,saturday,english,,,,,,
Holy Family,"2655 Alexander St , Steubenville, Ohio 43952",(740) 264-2825,Mass,Sat,8:30 AM,,Mass,saturday,english,,,,,,livestream
Holy Family,"7321 Burkittsville Rd, Middletown, Maryland 21769",(301) 473-4800,Mass,Sun,11:00 AM,,Mass,sunday,english,,,,,,
Holy Family,"2655 Alexander St , Steubenville, Ohio 43952",(740) 264-2825,Mass,Sun,11:00 AM,,Mass,sunday,english,,,,,,livestream
Holy Family,"900 Winchester Ave, Ashland, Kentucky 41101-7497",(606) 329-1607,Mass,Sun,11:15 AM,,Mass,sunday,English,Holy Family,,,,,
Holy Family,"900 Winchester Ave, Ashland, Kentucky 41101-7497",(606) 329-1607,Mass,Sun,4:00 PM,,Mass,sunday,spanish,Holy Family,,,,,
Holy Family,"2655 Alexander St , Steubenville, Ohio 43952",(740) 264-2825,Mass,Sun,5:30 PM,,Mass,sunday,english,,,,,,
Holy Family,"7321 Burkittsville Rd, Middletown, Maryland 21769",(301) 473-4800,Mass,Sun,8:00 AM,,Mass,sunday,english,,,,,,
Holy Family,"516 Mason Ct Dr, Pearisburg, Virginia 24134",(540) 921-3547,Mass,Sun,8:30 AM,,Mass,sunday,English,,,,,,
Holy Family,"900 Winchester Ave, Ashland, Kentucky 41101-7497",(606) 329-1607,Mass,Sun,9:00 AM,,Mass,sunday,English,Holy Family,,,,,
Holy Family,"2655 Alexander St , Steubenville, Ohio 43952",(740) 264-2825,Mass,Sun,9:00 AM,,Mass,sunday,english,,,,,,
Holy Family,"900 Winchester Ave, Ashland, Kentucky 41101-7497",(606) 329-1607,Mass,,12:05 PM,,Ash Wednesday Mass,special_event,English,,,2026-02-18,,,Ash Wednesday Mass
Holy Family,"900 Winchester Ave, Ashland, Kentucky 41101-7497",(606) 329-1607,Mass,,5:30 PM,,Ash Wednesday Mass,special_event,English,,,2026-02-18,,,Ash Wednesday Mass
Holy Family,"900 Winchester Ave, Ashland, Kentucky 41101-7497",(606) 329-1607,Mass,,8:00 AM,,Ash Wednesday Mass,special_event,English,,,2026-02-18,,,Ash Wednesday Mass
Holy Family,"7321 Burkittsville Rd, Middletown, Maryland 21769",(301) 473-4800,Confession,Mon,5:00 PM,6:00 PM,Reconciliation,specific_weekday,English,,,,,,
Holy Family,"2655 Alexander St , Steubenville, Ohio 43952",(740) 264-2825,Confession,Mon,7:00 AM,7:50 AM,Confession,specific_weekday,English,,,,,,
Holy Family,"7321 Burkittsville Rd, Middletown, Maryland 21769",(301) 473-4800,Confession,Tue,6:30 AM,8:00 AM,Reconciliation,specific_weekday,English,,,,,,
Holy Family,"2655 Alexander St , Steubenville, Ohio 43952",(740) 264-2825,Confession,Wed,7:00 AM,7:50 AM,Confession,specific_weekday,English,,,,,,
Holy Family,"2655 Alexander St , Steubenville, Ohio 43952",(740) 264-2825,Confession,Fri,7:00 AM,7:50 AM,Confession,specific_weekday,English,,,,,,
Holy Family,"2655 Alexander St , Steubenville, Ohio 43952",(740) 264-2825,Confession,Sat,10:00 AM,12:00 PM,Confession,saturday,English,,,,,,
Holy Family,"900 Winchester Ave, Ashland, Kentucky 41101-7497",(606) 329-1607,Confession,Sat,3:00 PM,3:45 PM,Confessions,saturday,English,Holy Family,,,,,
Holy Family,"7321 Burkittsville Rd, Middletown, Maryland 21769",(301) 473-4800,Confession,Sat,3:30 PM,4:30 PM,Reconciliation,saturday,English,,,,,,
Holy Family,"2655 Alexander St , Steubenville, Ohio 43952",(740) 264-2825,Confession,Sun,TBD,,Confessions,sunday,English,,,,,,available by appointment
Holy Family,"7321 Burkittsville Rd, Middletown, Maryland 21769",(301) 473-4800,Adoration,Mon,5:00 PM,8:00 PM,Adoration,specific_weekday,English,,,,,,exposition
Holy Family,"7321 Burkittsville Rd, Middletown, Maryland 21769",(301) 473-4800,Adoration,Tue,6:30 AM,8:00 AM,Adoration,specific_weekday,English,,,,,,exposition
Holy Family,"900 Winchester Ave, Ashland, Kentucky 41101-7497",(606) 329-1607,Adoration,Tue,9:00 AM,4:00 PM,Adoration,specific_weekday,English,Holy Family,,,,,exposition
Holy Family,"516 Mason Ct Dr, Pearisburg, Virginia 24134",(540) 921-3547,Adoration,Thu,10:00 AM,11:00 AM,Eucharistic Adoration,specific_weekday,English,,,,,,adoration; exposition
Holy Family,"7321 Burkittsville Rd, Middletown, Maryland 21769",(301) 473-4800,Adoration,Fri,9:30 AM,10:30 AM,Adoration,specific_weekday,English,,,,,,exposition
Holy Family,"2655 Alexander St , Steubenville, Ohio 43952",(740) 264-2825,Adoration,,10:00 AM,11:00 AM,Adoration,monthly,English,,second_monday,,,,2nd of the month; family; noisy babies/children welcome
Holy Family,"2655 Alexander St , Steubenville, Ohio 43952",(740) 264-2825,Adoration,,8:30 AM,12:00 PM,Adoration,monthly,English,,first_friday_(recurring),,,,
Holy Family,"2655 Alexander St , Steubenville, Ohio 43952",(740) 264-2825,Devotions,Mon,7:15 AM,,Morning Prayer,weekday,English,,,,,,livestream
Holy Family,"2655 Alexander St , Steubenville, Ohio 43952",(740) 264-2825,Devotions,Tue,7:15 AM,,Morning Prayer,weekday,English,,,,,,livestream
Holy Family,"2655 Alexander St , Steubenville, Ohio 43952",(740) 264-2825,Devotions,Wed,7:15 AM,,Morning Prayer,weekday,English,,,,,,livestream
Holy Family,"2655 Alexander St , Steubenville, Ohio 43952",(740) 264-2825,Devotions,Thu,7:15 AM,,Morning Prayer,weekday,English,,,,,,livestream
Holy Family,"2655 Alexander St , Steubenville, Ohio 43952",(740) 264-2825,Devotions,Fri,7:15 AM,,Morning Prayer,weekday,English,,,,,,livestream
Holy Family,"2655 Alexander St , Steubenville, Ohio 43952",(740) 264-2825,Education,Tue,9:30 AM,11:00 AM,Bible Study,specific_weekday,English,,,,,,childcare available
Holy Family,"2655 Alexander St , Steubenville, Ohio 43952",(740) 264-2825,Education,,9:30 AM,11:00 AM,WWP Women's Bible Study,parish_event,English,,,,,,every
Holy Family,"2655 Alexander St , Steubenville, Ohio 43952",(740) 264-2825,Other,,6:00 PM,7:00 PM,Parish Community Night,monthly,English,,second_wednesday,,,,2nd of the month; Adoration; Confession and Praise followed by potluck; music led by youth ministry; youth; exposition; except during Lent
Holy Family,"4 Maple St, Richwood, West Virginia 26261",(304) 846-2873,Other,,TBD,,Events,special_event,English,,,2026-01-17,,,Events TIME_TBD; ends Jan 18
Holy Family,"4 Maple St, Richwood, West Virginia 26261",(304) 846-2873,Other,,TBD,,Events,special_event,English,,,2026-01-31,,,Events TIME_TBD
Holy Family,"4 Maple St, Richwood, West Virginia 26261",(304) 846-2873,Other,,TBD,,Events,special_event,English,,,2026-03-20,,,Events TIME_TBD; ends Mar 22
Holy Family,"4 Maple St, Richwood, West Virginia 26261",(304) 846-2873,Other,,TBD,,Events,special_event,English,,,2026-05-08,,,Events TIME_TBD; ends May 10
Holy Family,"2655 Alexander St , Steubenville, Ohio 43952",(740) 264-2825,Other,,TBD,,Spring Retreat 2026,parish_event,English,,,,,,check bulletin
Holy Protection of Mother of God (Ruthenian),"2115 Listravia Ave, Morgantown, West Virginia 26505",(304) 296-2455,Mass,Sun,11:00 AM,,Divine Liturgy,sunday,English,St. Mary's,,,,,
Holy Protection of Mother of God (Ruthenian),"2115 Listravia Ave, Morgantown, West Virginia 26505",(304) 296-2455,Confession,,TBD,,Confession,other,English,,,,,,by appointment
Holy Redeemer,"602 Parkersburg Rd, Spencer, West Virginia 25276-1024",(304) 927-2013,Mass,Tue,6:00 PM,,Mass,specific_weekday,English,Holy Redeemer Catholic Church,,,,,
Holy Redeemer,"602 Parkersburg Rd, Spencer, West Virginia 25276-1024",(304) 927-2013,Mass,Thu,6:00 PM,,Mass,specific_weekday,English,Holy Redeemer Catholic Church,,,,,
Holy Redeemer,"602 Parkersburg Rd, Spencer, West Virginia 25276-1024",(304) 927-2013,Mass,Fri,9:00 AM,,Mass,specific_weekday,English,Holy Redeemer Catholic Church,,,,,
Holy Redeemer,"602 Parkersburg Rd, Spencer, West Virginia 25276-1024",(304) 927-2013,Mass,Sat,9:00 AM,,Mass,saturday,English,Holy Redeemer Catholic Church,,,,,
Holy Redeemer,"602 Parkersburg Rd, Spencer, West Virginia 25276-1024",(304) 927-2013,Mass,Sun,9:00 AM,,Mass,sunday,English,Holy Redeemer Catholic Church,,,,,
Holy Redeemer,"602 Parkersburg Rd, Spencer, West Virginia 25276-1024",(304) 927-2013,Confession,Sat,5:00 PM,5:30 PM,Reconciliation,saturday,English,Holy Redeemer Catholic Church,,,,,
Holy Redeemer,"602 Parkersburg Rd, Spencer, West Virginia 25276-1024",(304) 927-2013,Confession,Sat,5:00 PM,5:30 PM,Reconciliation,other,English,,,,,,by appointment
Holy Redeemer,"602 Parkersburg Rd, Spencer, West Virginia 25276-1024",(304) 927-2013,Adoration,Fri,8:30 AM,9:00 AM,Adoration,specific_weekday,English,Holy Redeemer Catholic Church,,,,,adoration
Holy Redeemer Church - Divine Grace Parish,"415 4th St, Ellwood City, Pennsylvania 16117",(724) 758-7587,Mass,Mon,8:00 AM,,Mass,specific_weekday,english,Saint Gregory Church,,,,,
Holy Redeemer Church - Divine Grace Parish,"415 4th St, Ellwood City, Pennsylvania 16117",(724) 758-7587,Mass,Mon,9:00 AM,,Mass,specific_weekday,english,Holy Redeemer Church,,,,,
Holy Redeemer Church - Divine Grace Parish,"415 4th St, Ellwood City, PA 16117",+1-724-758-4411,Mass,Mon,9:00 AM,,Mass,specific_weekday,english,Holy Redeemer Church,,,,,
Holy Redeemer Church - Divine Grace Parish,"415 4th St, Ellwood City, Pennsylvania 16117",(724) 758-7587,Mass,Wed,7:00 PM,,Mass,specific_weekday,english,Holy Redeemer Church,,,,,
Holy Redeemer Church - Divine Grace Parish,"415 4th St, Ellwood City, PA 16117",+1-724-758-4411,Mass,Wed,7:00 PM,,Mass,specific_weekday,english,Holy Redeemer Church,,,,,
Holy Redeemer Church - Divine Grace Parish,"415 4th St, Ellwood City, Pennsylvania 16117",(724) 758-7587,Mass,Thu,8:00 AM,,Mass,specific_weekday,english,Saint Gregory Church,,,,,
Holy Redeemer Church - Divine Grace Parish,"415 4th St, Ellwood City, Pennsylvania 16117",(724) 758-7587,Mass,Sat,5:00 PM,,Mass,saturday,english,Holy Redeemer Church,,,,,vigil
Holy Redeemer Church - Divine Grace Parish,"415 4th St, Ellwood City, PA 16117",+1-724-758-4411,Mass,Sat,5:00 PM,,Mass,saturday,english,Holy Redeemer Church,,,,,vigil
Holy Redeemer Church - Divine Grace Parish,"415 4th St, Ellwood City, Pennsylvania 16117",(724) 758-7587,Mass,Sat,9:00 AM,,Mass,specific_weekday,english,Holy Redeemer Church,,,,,
Holy Redeemer Church - Divine Grace Parish,"415 4th St, Ellwood City, PA 16117",+1-724-758-4411,Mass,Sat,9:00 AM,,Mass,specific_weekday,english,Holy Redeemer Church,,,,,
Holy Redeemer Church - Divine Grace Parish,"415 4th St, Ellwood City, Pennsylvania 16117",(724) 758-7587,Mass,Sun,11:00 AM,,Mass,sunday,english,Holy Redeemer Church,,,,,
Holy Redeemer Church - Divine Grace Parish,"415 4th St, Ellwood City, PA 16117",+1-724-758-4411,Mass,Sun,11:00 AM,,Mass,sunday,english,Holy Redeemer Church,,,,,
Holy Redeemer Church - Divine Grace Parish,"415 4th St, Ellwood City, Pennsylvania 16117",(724) 758-7587,Mass,Sun,9:00 AM,,Mass,sunday,english,Holy Redeemer Church,,,,,
Holy Redeemer Church - Divine Grace Parish,"415 4th St, Ellwood City, PA 16117",+1-724-758-4411,Mass,Sun,9:00 AM,,Mass,sunday,english,Holy Redeemer Church,,,,,
Holy Redeemer Church - Divine Grace Parish,"415 4th St, Ellwood City, Pennsylvania 16117",(724) 758-7587,Mass,,7:00 PM,,Mass,special_event,english,Holy Redeemer Church,,2026-02-20,,,Mass
Holy Redeemer Church - Divine Grace Parish,"415 4th St, Ellwood City, Pennsylvania 16117",(724) 758-7587,Confession,Wed,6:00 PM,6:45 PM,Confession,specific_weekday,English,Holy Redeemer Church,,,,,
Holy Redeemer Church - Divine Grace Parish,"415 4th St, Ellwood City, PA 16117",+1-724-758-4411,Confession,Wed,6:00 PM,6:45 PM,Confession,other,English,Holy Redeemer Church,,,,,
Holy Redeemer Church - Divine Grace Parish,"415 4th St, Ellwood City, Pennsylvania 16117",(724) 758-7587,Confession,Sat,9:30 AM,10:30 AM,Confession,saturday,English,Holy Redeemer Church,,,,,
Holy Redeemer Church - Divine Grace Parish,"415 4th St, Ellwood City, PA 16117",+1-724-758-4411,Confession,Sat,9:30 AM,10:30 AM,Confession,other,English,Holy Redeemer Church,,,,,
Holy Redeemer Church - Divine Grace Parish,"415 4th St, Ellwood City, Pennsylvania 16117",(724) 758-7587,Adoration,Mon,8:00 AM,8:50 AM,Adoration,specific_weekday,English,Holy Redeemer Church,,,,,
Holy Redeemer Church - Divine Grace Parish,"415 4th St, Ellwood City, PA 16117",+1-724-758-4411,Adoration,Mon,8:00 AM,8:50 AM,Adoration,other,English,Holy Redeemer Church,,,,,
Holy Redeemer Church - Divine Grace Parish,"415 4th St, Ellwood City, Pennsylvania 16117",(724) 758-7587,Adoration,Wed,9:30 AM,7:00 PM,Adoration,specific_weekday,English,Holy Redeemer Church,,,,,All Day Adoration
Holy Redeemer Church - Divine Grace Parish,"415 4th St, Ellwood City, PA 16117",+1-724-758-4411,Adoration,Wed,9:30 AM,7:00 PM,Adoration,other,English,Holy Redeemer Church,,,,,All Day Adoration
Holy Redeemer Church - Divine Grace Parish,"415 4th St, Ellwood City, Pennsylvania 16117",(724) 758-7587,Adoration,Thu,8:00 AM,8:50 AM,Adoration,specific_weekday,English,Holy Redeemer Church,,,,,
Holy Redeemer Church - Divine Grace Parish,"415 4th St, Ellwood City, PA 16117",+1-724-758-4411,Adoration,Thu,8:00 AM,8:50 AM,Adoration,other,English,Holy Redeemer Church,,,,,
Holy Redeemer Church - Divine Grace Parish,"415 4th St, Ellwood City, Pennsylvania 16117",(724) 758-7587,Adoration,Fri,8:00 AM,8:50 AM,Adoration,specific_weekday,English,Holy Redeemer Church,,,,,
Holy Redeemer Church - Divine Grace Parish,"415 4th St, Ellwood City, PA 16117",+1-724-758-4411,Adoration,Fri,8:00 AM,8:50 AM,Adoration,other,English,Holy Redeemer Church,,,,,
Holy Redeemer Church - Divine Grace Parish,"415 4th St, Ellwood City, Pennsylvania 16117",(724) 758-7587,Adoration,Sun,12:15 PM,4:00 PM,Adoration,sunday,English,Holy Redeemer Church,,,,,
Holy Redeemer Church - Divine Grace Parish,"415 4th St, Ellwood City, PA 16117",+1-724-758-4411,Adoration,Sun,12:15 PM,4:00 PM,Adoration,other,English,Holy Redeemer Church,,,,,
Holy Redeemer Church - Divine Grace Parish,"415 4th St, Ellwood City, Pennsylvania 16117",(724) 758-7587,Other,,5:00 PM,,The Light is On For You,parish_event,English,Holy Redeemer Church,,,,,
Holy Redeemer Church - Divine Grace Parish,"415 4th St, Ellwood City, Pennsylvania 16117",(724) 758-7587,Private,Mon,10:00 AM,5:00 PM,Private Prayer,specific_weekday,English,Holy Redeemer,,,,,
Holy Redeemer Church - Divine Grace Parish,"415 4th St, Ellwood City, PA 16117",+1-724-758-4411,Private,Mon,10:00 AM,5:00 PM,Private Prayer,other,English,Holy Redeemer,,,,,
Holy Redeemer Church - Divine Grace Parish,"415 4th St, Ellwood City, Pennsylvania 16117",(724) 758-7587,Private,Tue,10:00 AM,5:00 PM,Private Prayer,specific_weekday,English,Holy Redeemer,,,,,
Holy Redeemer Church - Divine Grace Parish,"415 4th St, Ellwood City, PA 16117",+1-724-758-4411,Private,Tue,10:00 AM,5:00 PM,Private Prayer,other,English,Holy Redeemer,,,,,
Holy Redeemer Church - Divine Grace Parish,"415 4th St, Ellwood City, Pennsylvania 16117",(724) 758-7587,Private,Wed,10:00 AM,5:00 PM,Private Prayer,specific_weekday,English,Holy Redeemer,,,,,
Holy Redeemer Church - Divine Grace Parish,"415 4th St, Ellwood City, PA 16117",+1-724-758-4411,Private,Wed,10:00 AM,5:00 PM,Private Prayer,other,English,Holy Redeemer,,,,,
Holy Redeemer Church - Divine Grace Parish,"415 4th St, Ellwood City, Pennsylvania 16117",(724) 758-7587,Private,Thu,10:00 AM,5:00 PM,Private Prayer,specific_weekday,English,Holy Redeemer,,,,,
Holy Redeemer Church - Divine Grace Parish,"415 4th St, Ellwood City, PA 16117",+1-724-758-4411,Private,Thu,10:00 AM,5:00 PM,Private Prayer,other,English,Holy Redeemer,,,,,
Holy Redeemer Church - Divine Grace Parish,"415 4th St, Ellwood City, Pennsylvania 16117",(724) 758-7587,Private,Fri,10:00 AM,5:00 PM,Private Prayer,specific_weekday,English,Holy Redeemer,,,,,
Holy Redeemer Church - Divine Grace Parish,"415 4th St, Ellwood City, PA 16117",+1-724-758-4411,Private,Fri,10:00 AM,5:00 PM,Private Prayer,other,English,Holy Redeemer,,,,,
Holy Redeemer Church - Divine Grace Parish,"415 4th St, Ellwood City, Pennsylvania 16117",(724) 758-7587,Private,Sat,10:00 AM,12:00 PM,Private Prayer,saturday,English,Holy Redeemer,,,,,
Holy Redeemer Church - Divine Grace Parish,"415 4th St, Ellwood City, PA 16117",+1-724-758-4411,Private,Sat,10:00 AM,12:00 PM,Private Prayer,other,English,Holy Redeemer,,,,,
Holy Redeemer Church - Divine Grace Parish,"415 4th St, Ellwood City, Pennsylvania 16117",(724) 758-7587,Private,Sun,9:00 AM,4:00 PM,Private Prayer,sunday,English,Holy Redeemer,,,,,
Holy Redeemer Church - Divine Grace Parish,"415 4th St, Ellwood City, PA 16117",+1-724-758-4411,Private,Sun,9:00 AM,4:00 PM,Private Prayer,other,English,Holy Redeemer,,,,,
Holy Rosary,"35 Franklin St, Buckhannon, West Virginia 26201",(304) 472-3414,Mass,Tue,7:30 AM,,Mass,specific_weekday,English,Holy Rosary Church,,,,,
Holy Rosary,"35 Franklin St, Buckhannon, West Virginia 26201",(304) 472-3414,Mass,Wed,7:00 PM,,Mass,specific_weekday,English,Holy Rosary Church,,,,,
Holy Rosary,"35 Franklin St, Buckhannon, West Virginia 26201",(304) 472-3414,Mass,Thu,7:30 AM,,Mass,specific_weekday,English,Holy Rosary Church,,,,,
Holy Rosary,"35 Franklin St, Buckhannon, West Virginia 26201",(304) 472-3414,Mass,Sat,7:00 PM,,Mass,saturday,English,Holy Rosary,,,,,
Holy Rosary,"35 Franklin St, Buckhannon, West Virginia 26201",(304) 472-3414,Mass,Sun,9:00 AM,,Mass,sunday,English,Holy Rosary,,,,,
Holy Rosary,"35 Franklin St, Buckhannon, West Virginia 26201",(304) 472-3414,Mass,,1:17 PM,,Mass,special_event,English,Holy Rosary,,2025-08-15,,,Mass
Holy Rosary,"35 Franklin St, Buckhannon, West Virginia 26201",(304) 472-3414,Mass,,7:00 PM,,Mass,monthly,English,Holy Rosary Church,first_friday_(recurring),,,,
Holy Rosary,"35 Franklin St, Buckhannon, West Virginia 26201",(304) 472-3414,Confession,Sat,6:30 PM,,Confessions,saturday,English,Holy Rosary,,,,,
Holy Rosary,"35 Franklin St, Buckhannon, West Virginia 26201",(304) 472-3414,Confession,Sun,8:30 AM,,Confessions,sunday,English,Holy Rosary,,,,,
Holy Rosary,"35 Franklin St, Buckhannon, West Virginia 26201",(304) 472-3414,Confession,,TBD,,Confessions,other,English,,,,,,Anytime; by appointment
Holy Rosary,"35 Franklin St, Buckhannon, West Virginia 26201",(304) 472-3414,Adoration,,6:00 PM,,Eucharistic Adoration,monthly,English,Holy Rosary Church,first_friday_(recurring),,,,
Holy Rosary,"35 Franklin St, Buckhannon, West Virginia 26201",(304) 472-3414,Devotions,Wed,6:00 PM,,Holy Hour,specific_weekday,English,Holy Rosary Church,,,,,
Holy Rosary (St. Oscar Romero Parish),"246 Muse-Bishop Rd, Muse, Pennsylvania 15350",(724) 745-3531,Mass,Tue,8:00 AM,,Mass,specific_weekday,English,Holy Rosary,,,,,
Holy Rosary (St. Oscar Romero Parish),"246 Muse-Bishop Rd, Muse, Pennsylvania 15350",(724) 745-3531,Mass,Thu,8:00 AM,,Mass,specific_weekday,English,Holy Rosary,,,,,
Holy Rosary (St. Oscar Romero Parish),"246 Muse-Bishop Rd, Muse, Pennsylvania 15350",(724) 745-3531,Mass,Sun,8:30 AM,,Mass,sunday,English,Holy Rosary,,,,,
Holy Rosary Mission,"519 Main St, Sistersville, West Virginia 26175-1405",(304) 652-6381 or (304) 445-4615 ( St Vincent de Paul Parish),Mass,Sun,12:30 PM,,Mass,sunday,English,Holy Rosary Mission,,,,,
Holy Spirit,"687 Maple Ter, Monongah, West Virginia 26554",(304) 534-3020,Mass,Tue,8:30 AM,,Mass,specific_weekday,English,Holy Spirit,,,,,
Holy Spirit,"687 Maple Ter, Monongah, West Virginia 26554",(304) 534-3020,Mass,Wed,8:30 AM,,Mass,specific_weekday,English,Holy Spirit,,,,,
Holy Spirit,"687 Maple Ter, Monongah, West Virginia 26554",(304) 534-3020,Mass,Sat,4:00 PM,,Mass,saturday,English,Holy Spirit,,,,,
Holy Spirit,"687 Maple Ter, Monongah, West Virginia 26554",(304) 534-3020,Mass,Sun,9:00 AM,,Mass,sunday,English,Holy Spirit,,,,,
Holy Trinity,"235 W 5th St, East Liverpool, Ohio 43920",(330) 385-7131,Mass,Tue,9:00 AM,,Mass,specific_weekday,English,St. Aloysius Church,,,,,
Holy Trinity,"235 W 5th St, East Liverpool, Ohio 43920",(330) 385-7131,Mass,Wed,9:00 AM,,Mass,specific_weekday,English,St. Aloysius Church,,,,,
Holy Trinity,"235 W 5th St, East Liverpool, Ohio 43920",(330) 385-7131,Mass,Fri,9:00 AM,,Mass,specific_weekday,English,St. Aloysius Church,,,,,
Holy Trinity,"235 W 5th St, East Liverpool, Ohio 43920",(330) 385-7131,Mass,Sat,4:00 PM,,Mass,saturday,English,St. Aloysius Church,,,,,
Holy Trinity,"2219 22nd St, Nitro, West Virginia 25143-1787",(304) 755-0791,Mass,Sat,5:00 PM,,Mass,saturday,English,"Holy Trinity, Nitro, WV",,,,,vigil
Holy Trinity,"235 W 5th St, East Liverpool, Ohio 43920",(330) 385-7131,Mass,Sun,8:30 AM,,Mass,sunday,English,St. Aloysius Church,,,,,
Holy Trinity,"2219 22nd St, Nitro, West Virginia 25143-1787",(304) 755-0791,Mass,Sun,9:30 AM,,Mass,sunday,English,"Holy Trinity, Nitro, WV",,,,,
Holy Trinity,"235 W 5th St, East Liverpool, Ohio 43920",(330) 385-7131,Confession,Sat,3:15 PM,3:45 PM,Reconciliation,saturday,English,St. Aloysius Church,,,,,or by appointment
Holy Trinity,"235 W 5th St, East Liverpool, Ohio 43920",(330) 385-7131,Confession,Sun,8:00 AM,8:20 AM,Reconciliation,sunday,English,St. Aloysius Church,,,,,or by appointment
Holy Trinity,"235 W 5th St, East Liverpool, Ohio 43920",(330) 385-7131,Confession,,TBD,,Reconciliation,other,English,,,,,,Special Advent and Lent Communal Penance services; check bulletin
Holy Trinity,"235 W 5th St, East Liverpool, Ohio 43920",(330) 385-7131,Adoration,Tue,8:15 AM,9:00 AM,Adoration,specific_weekday,English,St. Aloysius Church,,,,,
Holy Trinity,"235 W 5th St, East Liverpool, Ohio 43920",(330) 385-7131,Adoration,Wed,8:15 AM,9:00 AM,Adoration,specific_weekday,English,St. Aloysius Church,,,,,
Holy Trinity,"235 W 5th St, East Liverpool, Ohio 43920",(330) 385-7131,Adoration,Thu,8:15 AM,9:00 AM,Adoration,specific_weekday,English,St. Aloysius Church,,,,,
Holy Trinity,"235 W 5th St, East Liverpool, Ohio 43920",(330) 385-7131,Adoration,Fri,8:15 AM,9:00 AM,Adoration,specific_weekday,English,St. Aloysius Church,,,,,
Holy Trinity,"235 W 5th St, East Liverpool, Ohio 43920",(330) 385-7131,Other,Thu,9:00 AM,,Liturgy of the Word with Communion,specific_weekday,English,St. Aloysius Church,,,,,
Immaculate Conception,"119 W Chestnut St, Washington, Pennsylvania 15301",(724) 225-1425,Mass,Mon,12:00 PM,,Mass,weekday,english,Immaculate Conception church,,,,,
Immaculate Conception,"43700 Fulda Rd, Caldwell, Ohio 43724",740-732-4129,Mass,Tue,12:00 PM,,Mass,specific_weekday,English,St. Stephen,,,,,
Immaculate Conception,"119 W Chestnut St, Washington, Pennsylvania 15301",(724) 225-1425,Mass,Tue,12:00 PM,,Mass,weekday,english,Immaculate Conception church,,,,,
Immaculate Conception,"119 W Chestnut St, Washington, Pennsylvania 15301",(724) 225-1425,Mass,Wed,12:00 PM,,Mass,weekday,english,Immaculate Conception church,,,,,
Immaculate Conception,"43700 Fulda Rd, Caldwell, Ohio 43724",740-732-4129,Mass,Thu,12:00 PM,,Mass,specific_weekday,English,St. Stephen,,,,,
Immaculate Conception,"119 W Chestnut St, Washington, Pennsylvania 15301",(724) 225-1425,Mass,Thu,12:00 PM,,Mass,weekday,english,Immaculate Conception church,,,,,
Immaculate Conception,"1016 Ridge Ave, New Cumberland, West Virginia 26047-9501",(304) 564-5068,Mass,Thu,8:30 AM,,Holy Mass,specific_weekday,English,,,,,,New Cumberland; WV
Immaculate Conception,"119 W Chestnut St, Washington, Pennsylvania 15301",(724) 225-1425,Mass,Fri,12:00 PM,,Mass,weekday,english,Immaculate Conception church,,,,,
Immaculate Conception,"1016 Ridge Ave, New Cumberland, West Virginia 26047-9501",(304) 564-5068,Mass,Fri,8:30 AM,,Holy Mass,specific_weekday,English,,,,,,New Cumberland; WV
Immaculate Conception,"43700 Fulda Rd, Caldwell, Ohio 43724",740-732-4129,Mass,Sat,4:00 PM,,Mass,saturday,English,St. Mary Immaculate Conception,,,,,
Immaculate Conception,"119 W Chestnut St, Washington, Pennsylvania 15301",(724) 225-1425,Mass,Sat,4:00 PM,,Mass,saturday,english,Immaculate Conception church,,,,,
Immaculate Conception,"119 W Chestnut St, Washington, Pennsylvania 15301",(724) 225-1425,Mass,Sun,10:00 AM,,Mass,sunday,english,Immaculate Conception church,,,,,note: and on WJPA - 1450 AM Radio
Immaculate Conception,"119 W Chestnut St, Washington, Pennsylvania 15301",(724) 225-1425,Mass,Sun,12:00 PM,,Mass,sunday,english,Immaculate Conception church,,,,,
Immaculate Conception,"1016 Ridge Ave, New Cumberland, West Virginia 26047-9501",(304) 564-5068,Mass,Sun,8:30 AM,,Holy Mass,sunday,English,,,,,,New Cumberland; WV
Immaculate Conception,"119 W Chestnut St, Washington, Pennsylvania 15301",(724) 225-1425,Mass,,8:00 AM,,Mass,special_event,English,,,2026-03-22,,,Mass
Immaculate Conception,"1016 Ridge Ave, New Cumberland, West Virginia 26047-9501",(304) 564-5068,Mass,,8:30 AM,,Holy Mass,monthly,English,,first_saturday_(recurring),,,,New Cumberland; WV
Immaculate Conception,"150 S Maple Ave, Clarksburg, West Virginia 26301",(304) 622-8243,Mass,,TBD,,Holy Saturday Easter Vigil,special_event,English,,,2026-04-04,,,Holy Saturday Easter Vigil; Sister Maria will schedule
Immaculate Conception,"119 W Chestnut St, Washington, Pennsylvania 15301",(724) 225-1425,Confession,Thu,12:30 PM,1:15 PM,Confession,specific_weekday,English,Immaculate Conception Church,,,,,
Immaculate Conception,"119 W Chestnut St, Washington, Pennsylvania 15301",(724) 225-1425,Confession,Sat,3:00 PM,3:45 PM,Confession,saturday,English,Immaculate Conception Church,,,,,also by appt. call 724-225-1425
Immaculate Conception,"43700 Fulda Rd, Caldwell, Ohio 43724",740-732-4129,Confession,Sat,3:15 PM,3:45 PM,Sacrament of Confession,other,English,St. Mary’s,,,,,
Immaculate Conception,"119 W Chestnut St, Washington, Pennsylvania 15301",(724) 225-1425,Confession,Sun,11:00 AM,11:45 AM,Confession,sunday,English,Immaculate Conception Church,,,,,
Immaculate Conception,"1016 Ridge Ave, New Cumberland, West Virginia 26047-9501",(304) 564-5068,Confession,Sun,7:30 AM,8:15 AM,Reconciliation,sunday,English,,,,,,New Cumberland; WV
Immaculate Conception,"119 W Chestnut St, Washington, Pennsylvania 15301",(724) 225-1425,Adoration,Tue,12:30 PM,,Adoration,specific_weekday,English,Immaculate Conception Church,,,,,exposition
Immaculate Conception,"119 W Chestnut St, Washington, Pennsylvania 15301",(724) 225-1425,Adoration,Thu,12:30 PM,,Adoration,specific_weekday,English,Immaculate Conception Church,,,,,exposition
Immaculate Conception,"119 W Chestnut St, Washington, Pennsylvania 15301",(724) 225-1425,Adoration,,12:30 PM,,Adoration,monthly,English,Immaculate Conception Church,first_friday_(recurring),,,,exposition
Immaculate Conception,"1016 Ridge Ave, New Cumberland, West Virginia 26047-9501",(304) 564-5068,Devotions,Sat,8:00 AM,,Rosary,saturday,English,,,,,,New Cumberland; WV
Immaculate Conception,"1016 Ridge Ave, New Cumberland, West Virginia 26047-9501",(304) 564-5068,Devotions,Sun,8:00 AM,,Rosary,sunday,English,,,,,,New Cumberland; WV
Immaculate Conception,"1016 Ridge Ave, New Cumberland, West Virginia 26047-9501",(304) 564-5068,Devotions,,TBD,,Rosary,other,English,,,,before,Mass,before Mass
Immaculate Conception,"119 W Chestnut St, Washington, Pennsylvania 15301",(724) 225-1425,Other,,11:00 AM,,Sacrament Prep,special_event,English,,,2026-04-11,,,Sacrament Prep
Immaculate Conception,"150 S Maple Ave, Clarksburg, West Virginia 26301",(304) 622-8243,Other,,12:00 PM,,Ash Wednesday,special_event,English,,,2026-02-18,,,Ash Wednesday; School Servers
Immaculate Conception,"150 S Maple Ave, Clarksburg, West Virginia 26301",(304) 622-8243,Other,,12:00 PM,,The Ascension of the Lord,special_event,English,,,2026-05-14,,,The Ascension of the Lord; School Server
Immaculate Conception,"119 W Chestnut St, Washington, Pennsylvania 15301",(724) 225-1425,Other,,6:00 PM,8:00 PM,Sacrament Prep,special_event,English,,,2026-04-13,,,Sacrament Prep
Immaculate Conception,"150 S Maple Ave, Clarksburg, West Virginia 26301",(304) 622-8243,Other,,7:00 PM,,Ash Wednesday,special_event,English,,,2026-02-18,,,Ash Wednesday
Immaculate Conception,"150 S Maple Ave, Clarksburg, West Virginia 26301",(304) 622-8243,Other,,7:00 PM,,The Ascension of the Lord,special_event,English,,,2026-05-14,,,The Ascension of the Lord
Immaculate Conception,"119 W Chestnut St, Washington, Pennsylvania 15301",(724) 225-1425,Other,,7:00 PM,,Sacrament Prep,special_event,English,,,2026-05-21,,,Sacrament Prep
Immaculate Conception,"150 S Maple Ave, Clarksburg, West Virginia 26301",(304) 622-8243,Other,,8:00 AM,,Ash Wednesday,special_event,English,,,2026-02-18,,,Ash Wednesday; School Servers
Immaculate Conception,"150 S Maple Ave, Clarksburg, West Virginia 26301",(304) 622-8243,Other,,8:00 AM,,The Ascension of the Lord,special_event,English,,,2026-05-14,,,The Ascension of the Lord; School Server
Immaculate Conception,"119 W Chestnut St, Washington, Pennsylvania 15301",(724) 225-1425,Other,,8:00 AM,5:00 PM,Retreat,special_event,English,IC Church Hall,,2026-02-21,,,Retreat
Immaculate Conception,"119 W Chestnut St, Washington, Pennsylvania 15301",(724) 225-1425,Other,,9:00 AM,11:30 AM,Sacrament Prep,special_event,English,,,2026-04-11,,,Sacrament Prep
Immaculate Conception,"150 S Maple Ave, Clarksburg, West Virginia 26301",(304) 622-8243,Other,,TBD,,Holy Thursday,special_event,English,,,2026-04-02,,,Holy Thursday; Sister Maria will schedule
Immaculate Conception,"150 S Maple Ave, Clarksburg, West Virginia 26301",(304) 622-8243,Other,,TBD,,Good Friday,special_event,English,,,2026-04-03,,,Good Friday; Sister Maria will schedule
Immaculate Conception,"150 S Maple Ave, Clarksburg, West Virginia 26301",(304) 622-8243,Other,,TBD,,Easter Sunday,special_event,English,,,2026-04-05,,,Easter Sunday; Sister Maria will schedule
Immaculate Conception,"708 1st Ave, Montgomery, West Virginia 25136",(304) 442-2101,Other,,TBD,,Events,special_event,English,,,2026-01-17,,,Events TIME_TBD; January 17-18 – FULL; note recurring if it's recurring
Immaculate Conception,"708 1st Ave, Montgomery, West Virginia 25136",(304) 442-2101,Other,,TBD,,Events,special_event,English,,,2026-01-31,,,Events TIME_TBD; note recurring if it's recurring
Immaculate Conception,"708 1st Ave, Montgomery, West Virginia 25136",(304) 442-2101,Other,,TBD,,Events,special_event,English,,,2026-03-20,,,Events TIME_TBD; March 20-22; note recurring if it's recurring
Immaculate Conception,"708 1st Ave, Montgomery, West Virginia 25136",(304) 442-2101,Other,,TBD,,Events,special_event,English,,,2026-05-08,,,Events TIME_TBD; May 8; 9; & 10; note recurring if it's recurring
Immaculate Conception,"119 W Chestnut St, Washington, Pennsylvania 15301",(724) 225-1425,Other,,TBD,,Sacrament Prep,special_event,English,,,2026-04-25,,,Sacrament Prep; check bulletin
Immaculate Conception,"1016 Ridge Ave, New Cumberland, West Virginia 26047-9501",(304) 564-5068,Sacraments,,TBD,,Anointing of the Sick,parish_event,English,,,,,,Fall and Spring; twice a year at Sunday Mass
Immaculate Conception Church,"329 Maryland Ave, Fairmont, West Virginia 26554",(304) 363-5796,Mass,Tue,7:00 PM,,Mass,specific_weekday,English,Immaculate Conception Church,,,,,
Immaculate Conception Church,"329 Maryland Ave, Fairmont, West Virginia 26554",(304) 363-5796,Mass,Wed,8:00 AM,,Mass,specific_weekday,English,Immaculate Conception Church,,,,,
Immaculate Conception Church,"329 Maryland Ave, Fairmont, West Virginia 26554",(304) 363-5796,Mass,Thu,8:00 AM,,Mass,specific_weekday,English,Immaculate Conception Church,,,,,
Immaculate Conception Church,"329 Maryland Ave, Fairmont, West Virginia 26554",(304) 363-5796,Mass,Fri,7:00 PM,,Mass,specific_weekday,English,Immaculate Conception Church,,,,,
Immaculate Conception Church,"329 Maryland Ave, Fairmont, West Virginia 26554",(304) 363-5796,Mass,Sat,5:30 PM,,Mass,saturday,English,Immaculate Conception Church,,,,,vigil
Immaculate Conception Church,"329 Maryland Ave, Fairmont, West Virginia 26554",(304) 363-5796,Mass,Sun,11:00 AM,,Mass,sunday,English,Immaculate Conception Church,,,,,
Immaculate Conception Church,"329 Maryland Ave, Fairmont, West Virginia 26554",(304) 363-5796,Mass,Sun,8:30 AM,,Mass,sunday,English,Immaculate Conception Church,,,,,
Immaculate Conception Church,"329 Maryland Ave, Fairmont, West Virginia 26554",(304) 363-5796,Community,,9:30 AM,,Pancake fellowship breakfast,parish_event,English,Immaculate Conception Church,,2026-02-22,,,note: following the 8:30 mass
Jesus of the Mountains,"38 Birch Ct, Phelps, Kentucky 41553",16064567907,Mass,Tue,12:00 PM,,Mass,specific_weekday,English,,,,,,"Tue, Wed, Thu, Fri; note: some sources say Tue-Thu"
Jesus of the Mountains,"38 Birch Ct, Phelps, Kentucky 41553",16064567907,Mass,Wed,12:00 PM,,Mass,specific_weekday,English,,,,,,"Tue, Wed, Thu, Fri; note: some sources say Tue-Thu"
Jesus of the Mountains,"38 Birch Ct, Phelps, Kentucky 41553",16064567907,Mass,Thu,12:00 PM,,Mass,specific_weekday,English,,,,,,"Tue, Wed, Thu, Fri; note: some sources say Tue-Thu"
Jesus of the Mountains,"38 Birch Ct, Phelps, Kentucky 41553",16064567907,Mass,Sat,5:00 PM,,Mass,saturday,English,,,,,,vigil
Jesus of the Mountains,"38 Birch Ct, Phelps, Kentucky 41553",16064567907,Mass,Sun,10:30 AM,,Mass,sunday,English,,,,,,livestream
Jesus of the Mountains,"38 Birch Ct, Phelps, Kentucky 41553",16064567907,Mass,,1:00 PM,,Byzantine Melkite Divine Liturgy,monthly,English,,sunday,,,,"1st, 3rd"
Jesus of the Mountains,"38 Birch Ct, Phelps, Kentucky 41553",16064567907,Confession,Sat,4:00 PM,,Confession,saturday,English,,,,,,
Jesus of the Mountains,"38 Birch Ct, Phelps, Kentucky 41553",16064567907,Adoration,Tue,6:00 PM,,Adoration,specific_weekday,English,,,,,,exposition
Jesus of the Mountains,"38 Birch Ct, Phelps, Kentucky 41553",16064567907,Other,,7:00 PM,,Ash Wednesday,special_event,English,,,2026-02-18,,,Ash Wednesday
Jesus of the Mountains,"38 Birch Ct, Phelps, Kentucky 41553",16064567907,Other,,8:30 AM,,Ash Wednesday,special_event,English,,,2026-02-18,,,Ash Wednesday
Mater Dolorosa,"302 E Main St, Paden City, West Virginia 26159",(304) 455-4615 .(New Martinsville Parish number),Mass,Wed,6:00 PM,,Mass,specific_weekday,English,Mater Dolorosa,,,,,
Mater Dolorosa,"302 E Main St, Paden City, West Virginia 26159",(304) 455-4615 .(New Martinsville Parish number),Mass,Thu,8:30 AM,,Mass,specific_weekday,English,Mater Dolorosa,,,,,
Mater Dolorosa,"302 E Main St, Paden City, West Virginia 26159",(304) 455-4615 .(New Martinsville Parish number),Mass,Sat,5:00 PM,,Mass,saturday,English,Mater Dolorosa,,,,,
Mater Dolorosa,"302 E Main St, Paden City, West Virginia 26159",(304) 455-4615 .(New Martinsville Parish number),Confession,Wed,5:00 PM,,Sacrament of Reconciliation,other,English,,,,,,tags
Mater Dolorosa,"302 E Main St, Paden City, West Virginia 26159",(304) 455-4615 .(New Martinsville Parish number),Confession,Sat,4:00 PM,,Sacrament of Reconciliation,saturday,English,Mater Dolorosa,,,,,
Mater Dolorosa,"302 E Main St, Paden City, West Virginia 26159",(304) 455-4615 .(New Martinsville Parish number),Confession,Sat,4:00 PM,,Sacrament of Reconciliation,other,English,,,,,,tags
Mater Dolorosa,"302 E Main St, Paden City, West Virginia 26159",(304) 455-4615 .(New Martinsville Parish number),Adoration,Wed,5:00 PM,,Sacrament of Adoration,other,English,,,,,,tags
Mission of Our Lady of Mercy,"221 Water St, Parsons, West Virginia 26287",(304) 463-4488,Other,,TBD,,Events,special_event,English,,,2026-01-17,,,Events TIME_TBD; ends Jan 18
Mission of Our Lady of Mercy,"221 Water St, Parsons, West Virginia 26287",(304) 463-4488,Other,,TBD,,Events,special_event,English,,,2026-01-31,,,Events TIME_TBD
Mission of Our Lady of Mercy,"221 Water St, Parsons, West Virginia 26287",(304) 463-4488,Other,,TBD,,Events,special_event,English,,,2026-03-20,,,Events TIME_TBD; ends Mar 22
Mission of Our Lady of Mercy,"221 Water St, Parsons, West Virginia 26287",(304) 463-4488,Other,,TBD,,Events,special_event,English,,,2026-05-08,,,Events TIME_TBD; ends May 10
Mission of St. Barbara,"33 Sawmill Rd, Chapmanville, West Virginia 25130",304-855-7962,Mass,Wed,6:00 PM,,Mass,specific_weekday,English,St. Barbara Mission,,,,,Chapmanville
Mission of St. Barbara,"33 Sawmill Rd, Chapmanville, West Virginia 25130",304-855-7962,Mass,Sun,9:00 AM,,Mass,sunday,English,St. Barbara Mission,,,,,Chapmanville
Mission of St. Bernadette,"109 W Main St, Hedgesville, West Virginia 25427",(304) 754-7830,Mass,Mon,9:00 AM,,Daily Mass,specific_weekday,English,,,,,,"Tue, Thu; Daily Mass is listed for Tuesday and Thursday; but not Monday; thus is Specific Weekdays"
Mission of St. Bernadette,"109 W Main St, Hedgesville, West Virginia 25427",(304) 754-7830,Mass,Tue,9:00 AM,,Daily Mass,specific_weekday,English,,,,,,"Tue, Thu; Daily Mass is listed for Tuesday and Thursday; but not Monday; thus is Specific Weekdays"
Mission of St. Bernadette,"109 W Main St, Hedgesville, West Virginia 25427",(304) 754-7830,Mass,Wed,6:00 PM,,Daily Mass,specific_weekday,English,,,,,,
Mission of St. Bernadette,"109 W Main St, Hedgesville, West Virginia 25427",(304) 754-7830,Mass,Wed,9:00 AM,,Daily Mass,specific_weekday,English,,,,,,
Mission of St. Bernadette,"109 W Main St, Hedgesville, West Virginia 25427",(304) 754-7830,Mass,Thu,9:00 AM,,Daily Mass,specific_weekday,English,,,,,,"Tue, Thu; Daily Mass is listed for Tuesday and Thursday; but not Monday; thus is Specific Weekdays"
Mission of St. Bernadette,"109 W Main St, Hedgesville, West Virginia 25427",(304) 754-7830,Mass,Fri,9:00 AM,,Daily Mass,specific_weekday,English,,,,,,followed by Adoration; Benediction at Noon
Mission of St. Bernadette,"109 W Main St, Hedgesville, West Virginia 25427",(304) 754-7830,Mass,Sat,5:00 PM,,Anticipated Mass,saturday,English,,,,,,
Mission of St. Bernadette,"109 W Main St, Hedgesville, West Virginia 25427",(304) 754-7830,Mass,Sun,11:00 AM,,Mass,sunday,English,,,,,,
Mission of St. Bernadette,"109 W Main St, Hedgesville, West Virginia 25427",(304) 754-7830,Mass,Sun,9:00 AM,,Mass,sunday,English,,,,,,
Mission of St. Bernadette,"109 W Main St, Hedgesville, West Virginia 25427",(304) 754-7830,Mass,,9:00 AM,,Daily Mass,monthly,English,,first_saturday_(recurring),,,,followed by the Rosary
Mission of St. Bernadette,"109 W Main St, Hedgesville, West Virginia 25427",(304) 754-7830,Confession,Wed,5:00 PM,5:45 PM,Confession,other,English,,,,,,
Mission of St. Bernadette,"109 W Main St, Hedgesville, West Virginia 25427",(304) 754-7830,Confession,Sat,4:00 PM,4:45 PM,Confession,other,English,,,,,,
Mission of St. Bernadette,"109 W Main St, Hedgesville, West Virginia 25427",(304) 754-7830,Confession,Sun,8:15 AM,8:45 AM,Confession,other,English,,,,,,
Mission of St. Bernard,"Loveberry W Virginia 26452, Loveberry, West Virginia 26452",,Mass,Mon,8:15 AM,,Mass,specific_weekday,English,,,,,,
Mission of St. Bernard,"Loveberry W Virginia 26452, Loveberry, West Virginia 26452",,Mass,Tue,5:50 PM,,Mass,specific_weekday,English,,,,,,note: Immediately after adoration
Mission of St. Bernard,"Loveberry W Virginia 26452, Loveberry, West Virginia 26452",,Mass,Wed,5:50 PM,,Mass,specific_weekday,English,,,,,,note: Immediately after adoration
Mission of St. Bernard,"Loveberry W Virginia 26452, Loveberry, West Virginia 26452",,Mass,Thu,8:15 AM,,Mass,specific_weekday,English,,,,,,
Mission of St. Bernard,"Loveberry W Virginia 26452, Loveberry, West Virginia 26452",,Mass,Fri,8:15 AM,,Mass,specific_weekday,English,,,,,,note: School Mass
Mission of St. Bernard,"Loveberry W Virginia 26452, Loveberry, West Virginia 26452",,Mass,Sat,5:30 PM,,Mass,saturday,English,,,,,,
Mission of St. Bernard,"Loveberry W Virginia 26452, Loveberry, West Virginia 26452",,Mass,Sun,10:30 AM,,Mass,sunday,English,,,,,,
Mission of St. Bernard,"Loveberry W Virginia 26452, Loveberry, West Virginia 26452",,Confession,Mon,TBD,,Reconciliation,specific_weekday,English,,,,,,note: Upon Request
Mission of St. Bernard,"Loveberry W Virginia 26452, Loveberry, West Virginia 26452",,Confession,Tue,5:00 PM,,Reconciliation,specific_weekday,English,,,,,,
Mission of St. Bernard,"Loveberry W Virginia 26452, Loveberry, West Virginia 26452",,Confession,Wed,5:00 PM,,Reconciliation,specific_weekday,English,,,,,,
Mission of St. Bernard,"Loveberry W Virginia 26452, Loveberry, West Virginia 26452",,Confession,Thu,TBD,,Reconciliation,specific_weekday,English,,,,,,note: Upon Request
Mission of St. Bernard,"Loveberry W Virginia 26452, Loveberry, West Virginia 26452",,Confession,Fri,TBD,,Reconciliation,other,English,,,,after,Mass,check bulletin; note: Immediately after Mass
Mission of St. Bernard,"Loveberry W Virginia 26452, Loveberry, West Virginia 26452",,Confession,Sat,5:00 PM,,Reconciliation,saturday,English,,,,,,
Mission of St. Bernard,"Loveberry W Virginia 26452, Loveberry, West Virginia 26452",,Confession,Sun,10:00 AM,,Reconciliation,sunday,English,,,,,,
Mission of St. Bernard,"Loveberry W Virginia 26452, Loveberry, West Virginia 26452",,Confession,,TBD,,Reconciliation,other,English,,,,,,Anytime upon request; tags
Mission of St. Bernard,"Loveberry W Virginia 26452, Loveberry, West Virginia 26452",,Adoration,Tue,5:00 PM,5:50 PM,Adoration,specific_weekday,English,,,,,,exposition
Mission of St. Bernard,"Loveberry W Virginia 26452, Loveberry, West Virginia 26452",,Adoration,Wed,5:00 PM,5:50 PM,Adoration,specific_weekday,English,,,,,,exposition
Mission of St. Bridget,"Roanoke W Virginia 26452, Roanoke, West Virginia 26452",,Mass,Mon,8:15 AM,,Mass,specific_weekday,English,,,,,,Adoration 5:00 PM
Mission of St. Bridget,"Roanoke W Virginia 26452, Roanoke, West Virginia 26452",,Mass,Tue,5:50 PM,,Mass,specific_weekday,English,,,,,,Immediately after adoration.
Mission of St. Bridget,"Roanoke W Virginia 26452, Roanoke, West Virginia 26452",,Mass,Wed,5:50 PM,,Mass,specific_weekday,English,,,,,,Immediately after adoration.
Mission of St. Bridget,"Roanoke W Virginia 26452, Roanoke, West Virginia 26452",,Mass,Thu,8:15 AM,,Mass,specific_weekday,English,,,,,,Adoration 5:00 PM
Mission of St. Bridget,"Roanoke W Virginia 26452, Roanoke, West Virginia 26452",,Mass,Fri,8:15 AM,,Mass,other,English,,,,,,School Mass
Mission of St. Bridget,"Roanoke W Virginia 26452, Roanoke, West Virginia 26452",,Mass,Sat,5:30 PM,,Mass,saturday,English,,,,,,
Mission of St. Bridget,"Roanoke W Virginia 26452, Roanoke, West Virginia 26452",,Mass,Sun,10:30 AM,,Mass,sunday,English,,,,,,
Mission of St. Bridget,"Roanoke W Virginia 26452, Roanoke, West Virginia 26452",,Confession,Mon,TBD,,Reconciliation,specific_weekday,English,,,,,,Upon Request
Mission of St. Bridget,"Roanoke W Virginia 26452, Roanoke, West Virginia 26452",,Confession,Tue,5:00 PM,,Reconciliation,specific_weekday,English,,,,,,
Mission of St. Bridget,"Roanoke W Virginia 26452, Roanoke, West Virginia 26452",,Confession,Wed,5:00 PM,,Reconciliation,specific_weekday,English,,,,,,
Mission of St. Bridget,"Roanoke W Virginia 26452, Roanoke, West Virginia 26452",,Confession,Thu,TBD,,Reconciliation,specific_weekday,English,,,,,,Upon Request
Mission of St. Bridget,"Roanoke W Virginia 26452, Roanoke, West Virginia 26452",,Confession,Fri,TBD,,Reconciliation,other,English,,,,after,Mass,Immediately after Mass
Mission of St. Bridget,"Roanoke W Virginia 26452, Roanoke, West Virginia 26452",,Confession,Sat,5:00 PM,,Reconciliation,specific_weekday,English,,,,,,
Mission of St. Bridget,"Roanoke W Virginia 26452, Roanoke, West Virginia 26452",,Confession,Sun,10:00 AM,,Reconciliation,specific_weekday,English,,,,,,
Mission of St. Bridget,"Roanoke W Virginia 26452, Roanoke, West Virginia 26452",,Adoration,Tue,5:00 PM,,Adoration,specific_weekday,English,,,,,,
Mission of St. Bridget,"Roanoke W Virginia 26452, Roanoke, West Virginia 26452",,Adoration,Wed,5:00 PM,,Adoration,specific_weekday,English,,,,,,
Mission of St. Luke the Evangelist,"115 Overhill Dr, Mercersburg, Pennsylvania 17236",17175972705,Mass,,12:15 PM,,Black Catholic Apostolate Mass,special_event,English,"Cathedral of Saint Patrick, 212 State St., Harrisburg, PA",,2026-02-01,,,Black Catholic Apostolate Mass; Mass will be celebrated by the Most Reverend Timothy C. Senior and the Homilist will be Father Chiedozie F. Ononuju; Parochial Vicar of Saint Patrick; Carlisle.
Mission of St. Luke the Evangelist,"115 Overhill Dr, Mercersburg, Pennsylvania 17236",17175972705,Other,,TBD,,National March for Life,special_event,English,,,2026-01-23,,,National for Life; The goal of the National March for Life is to not only change laws at the state and federal level; but to change our country's culture so that abortion becomes unthinkable.
Mission of St. Mark the Evangelist,"92 Catholic Church Rd, Bartow, West Virginia 24920",304-799-6778,Mass,Sun,11:30 AM,,Mass,sunday,English,St. Mark the Evangelist Mission,,,,,
Mission of St. Mark the Evangelist,"92 Catholic Church Rd, Bartow, West Virginia 24920",304-799-6778,Mass,,TBD,,Mass,specific_weekday,English,St. Mark the Evangelist Mission,,,,,Weekdays; check bulletin
Mission of the Holy Cross,"595 Appalachian Hwy, Pineville, West Virginia 24874",(304) 732-6199 (304) 436-2014 (Welch Parish number),Other,,TBD,,Events,special_event,English,,,2026-01-17,,,Events TIME_TBD; note: January 17-18 – FULL
Mission of the Sacred Heart,"Pickens W Virginia 26288, Pickens, West Virginia 26288",,Mass,Mon,7:30 AM,,Mass,specific_weekday,English,St. Joseph Hospital Chapel,,,,,chapel
Mission of the Sacred Heart,"Pickens W Virginia 26288, Pickens, West Virginia 26288",,Mass,Tue,7:30 AM,,Mass,specific_weekday,English,Holy Rosary Church,,,,,
Mission of the Sacred Heart,"Pickens W Virginia 26288, Pickens, West Virginia 26288",,Mass,Wed,7:00 PM,,Mass,specific_weekday,English,Holy Rosary Church,,,,,
Mission of the Sacred Heart,"Pickens W Virginia 26288, Pickens, West Virginia 26288",,Mass,Thu,7:30 AM,,Mass,specific_weekday,English,Holy Rosary Church,,,,,
Mission of the Sacred Heart,"Pickens W Virginia 26288, Pickens, West Virginia 26288",,Mass,Fri,7:30 AM,,Mass,specific_weekday,English,St. Joseph Hospital Chapel,,,,,chapel
Mission of the Sacred Heart,"Pickens W Virginia 26288, Pickens, West Virginia 26288",,Mass,Sat,7:00 PM,,Mass,saturday,English,Holy Rosary,,,,,
Mission of the Sacred Heart,"Pickens W Virginia 26288, Pickens, West Virginia 26288",,Mass,Sun,9:00 AM,,Mass,sunday,English,Holy Rosary,,,,,
Mission of the Sacred Heart,"Pickens W Virginia 26288, Pickens, West Virginia 26288",,Mass,,12:00 PM,,Mass,monthly,English,Sacred Heart in Pickens,sunday,,,,1st and 3rd
Mission of the Sacred Heart,"Pickens W Virginia 26288, Pickens, West Virginia 26288",,Mass,,7:00 PM,,Mass,monthly,English,Holy Rosary Church,first_friday_(recurring),,,,
Mission of the Sacred Heart,"Pickens W Virginia 26288, Pickens, West Virginia 26288",,Confession,Sat,6:30 PM,,Reconciliation,saturday,English,Holy Rosary,,,,,note: Anytime by appointment
Mission of the Sacred Heart,"Pickens W Virginia 26288, Pickens, West Virginia 26288",,Confession,Sun,8:30 AM,,Reconciliation,sunday,English,Holy Rosary,,,,,note: Anytime by appointment
Mission of the Sacred Heart,"Pickens W Virginia 26288, Pickens, West Virginia 26288",,Adoration,,6:00 PM,,Eucharistic Adoration,monthly,English,Holy Rosary Church,first_friday_(recurring),,,,exposition
Mission of the Sacred Heart,"Pickens W Virginia 26288, Pickens, West Virginia 26288",,Devotions,Wed,6:00 PM,7:00 PM,Holy Hour,specific_weekday,English,Holy Rosary Church,,,,,exposition
Monastery of St. Gabriel,"Carrollton Ohio 44615, Carrollton, Ohio 44615",,Adoration,,TBD,,Eucharistic Adoration,other,English,,,,,,perpetual; exposition
Motherhouse of Franciscan Sisters Third Order Regular of Penance of the Sorrowful Mother,"369 Little Church Rd, Toronto, Ohio 43964",(740) 544-5542,Mass,Mon,12:00 PM,,Mass,specific_weekday,English,,,,,,
Motherhouse of Franciscan Sisters Third Order Regular of Penance of the Sorrowful Mother,"369 Little Church Rd, Toronto, Ohio 43964",(740) 544-5542,Mass,Mon,6:30 AM,,Mass,specific_weekday,English,,,,,,
Motherhouse of Franciscan Sisters Third Order Regular of Penance of the Sorrowful Mother,"369 Little Church Rd, Toronto, Ohio 43964",(740) 544-5542,Mass,Tue,6:30 AM,,Mass,specific_weekday,English,,,,,,
Motherhouse of Franciscan Sisters Third Order Regular of Penance of the Sorrowful Mother,"369 Little Church Rd, Toronto, Ohio 43964",(740) 544-5542,Mass,Thu,12:00 PM,,Mass,specific_weekday,English,,,,,,
Motherhouse of Franciscan Sisters Third Order Regular of Penance of the Sorrowful Mother,"369 Little Church Rd, Toronto, Ohio 43964",(740) 544-5542,Mass,Thu,6:30 AM,,Mass,specific_weekday,English,,,,,,
Motherhouse of Franciscan Sisters Third Order Regular of Penance of the Sorrowful Mother,"369 Little Church Rd, Toronto, Ohio 43964",(740) 544-5542,Mass,Fri,12:00 PM,,Mass,specific_weekday,English,,,,,,
Motherhouse of Franciscan Sisters Third Order Regular of Penance of the Sorrowful Mother,"369 Little Church Rd, Toronto, Ohio 43964",(740) 544-5542,Mass,Fri,6:30 AM,,Mass,specific_weekday,English,,,,,,
Motherhouse of Franciscan Sisters Third Order Regular of Penance of the Sorrowful Mother,"369 Little Church Rd, Toronto, Ohio 43964",(740) 544-5542,Mass,Sat,7:00 AM,,Mass,saturday,English,,,,,,
Motherhouse of Franciscan Sisters Third Order Regular of Penance of the Sorrowful Mother,"369 Little Church Rd, Toronto, Ohio 43964",(740) 544-5542,Mass,Sun,7:30 AM,,Mass,sunday,English,,,,,,
Motherhouse of Franciscan Sisters Third Order Regular of Penance of the Sorrowful Mother,"369 Little Church Rd, Toronto, Ohio 43964",(740) 544-5542,Mass,,10:30 AM,,Mass,special_event,English,,,2026-01-18,,,Mass
Motherhouse of Franciscan Sisters Third Order Regular of Penance of the Sorrowful Mother,"369 Little Church Rd, Toronto, Ohio 43964",(740) 544-5542,Mass,,11:00 AM,,Mass,special_event,English,,,2026-01-25,,,Mass
Motherhouse of Franciscan Sisters Third Order Regular of Penance of the Sorrowful Mother,"369 Little Church Rd, Toronto, Ohio 43964",(740) 544-5542,Adoration,Mon,5:25 AM,6:00 PM,Adoration of the Blessed Sacrament,other,English,,,,,,chapel
Motherhouse of Franciscan Sisters Third Order Regular of Penance of the Sorrowful Mother,"369 Little Church Rd, Toronto, Ohio 43964",(740) 544-5542,Adoration,Tue,5:25 AM,6:00 PM,Adoration of the Blessed Sacrament,other,English,,,,,,chapel
Motherhouse of Franciscan Sisters Third Order Regular of Penance of the Sorrowful Mother,"369 Little Church Rd, Toronto, Ohio 43964",(740) 544-5542,Adoration,Wed,7:15 AM,6:00 PM,Adoration of the Blessed Sacrament,other,English,,,,,,chapel; begins after Mass
Motherhouse of Franciscan Sisters Third Order Regular of Penance of the Sorrowful Mother,"369 Little Church Rd, Toronto, Ohio 43964",(740) 544-5542,Adoration,Thu,5:25 AM,6:00 PM,Adoration of the Blessed Sacrament,other,English,,,,,,chapel
Motherhouse of Franciscan Sisters Third Order Regular of Penance of the Sorrowful Mother,"369 Little Church Rd, Toronto, Ohio 43964",(740) 544-5542,Adoration,Fri,5:25 AM,6:00 PM,Adoration of the Blessed Sacrament,other,English,,,,,,chapel
Motherhouse of Franciscan Sisters Third Order Regular of Penance of the Sorrowful Mother,"369 Little Church Rd, Toronto, Ohio 43964",(740) 544-5542,Adoration,Sat,5:55 AM,4:30 PM,Adoration of the Blessed Sacrament,other,English,,,,,,chapel
Motherhouse of Franciscan Sisters Third Order Regular of Penance of the Sorrowful Mother,"369 Little Church Rd, Toronto, Ohio 43964",(740) 544-5542,Adoration,Sun,6:25 AM,6:00 PM,Adoration of the Blessed Sacrament,other,English,,,,,,chapel
Motherhouse of Franciscan Sisters Third Order Regular of Penance of the Sorrowful Mother,"369 Little Church Rd, Toronto, Ohio 43964",(740) 544-5542,Devotions,Mon,5:00 PM,,"Praise & Worship, Intercession & the Rosary",specific_weekday,English,,,,,,
Motherhouse of Franciscan Sisters Third Order Regular of Penance of the Sorrowful Mother,"369 Little Church Rd, Toronto, Ohio 43964",(740) 544-5542,Devotions,Mon,7:15 AM,,Morning Prayer from the Liturgy of the Hours,specific_weekday,English,,,,,,
Motherhouse of Franciscan Sisters Third Order Regular of Penance of the Sorrowful Mother,"369 Little Church Rd, Toronto, Ohio 43964",(740) 544-5542,Devotions,Tue,7:15 AM,,Morning Prayer from the Liturgy of the Hours,specific_weekday,English,,,,,,
Motherhouse of Franciscan Sisters Third Order Regular of Penance of the Sorrowful Mother,"369 Little Church Rd, Toronto, Ohio 43964",(740) 544-5542,Devotions,Wed,7:15 AM,,Morning Prayer from the Liturgy of the Hours,specific_weekday,English,,,,,,
Motherhouse of Franciscan Sisters Third Order Regular of Penance of the Sorrowful Mother,"369 Little Church Rd, Toronto, Ohio 43964",(740) 544-5542,Devotions,Thu,5:00 PM,,"Praise & Worship, Intercession & the Rosary",specific_weekday,English,,,,,,
Motherhouse of Franciscan Sisters Third Order Regular of Penance of the Sorrowful Mother,"369 Little Church Rd, Toronto, Ohio 43964",(740) 544-5542,Devotions,Thu,7:15 AM,,Morning Prayer from the Liturgy of the Hours,specific_weekday,English,,,,,,
Motherhouse of Franciscan Sisters Third Order Regular of Penance of the Sorrowful Mother,"369 Little Church Rd, Toronto, Ohio 43964",(740) 544-5542,Devotions,Fri,5:00 PM,,Stations of the Cross,specific_weekday,English,,,,,,
Motherhouse of Franciscan Sisters Third Order Regular of Penance of the Sorrowful Mother,"369 Little Church Rd, Toronto, Ohio 43964",(740) 544-5542,Devotions,Fri,7:15 AM,,Morning Prayer from the Liturgy of the Hours,specific_weekday,English,,,,,,
Motherhouse of Franciscan Sisters Third Order Regular of Penance of the Sorrowful Mother,"369 Little Church Rd, Toronto, Ohio 43964",(740) 544-5542,Devotions,Sat,7:45 AM,,Morning Prayer from the Liturgy of the Hours,saturday,English,,,,,,
Motherhouse of Franciscan Sisters Third Order Regular of Penance of the Sorrowful Mother,"369 Little Church Rd, Toronto, Ohio 43964",(740) 544-5542,Devotions,Sun,5:00 PM,,"Praise & Worship, Intercession & the Rosary",sunday,English,,,,,,
Motherhouse of Franciscan Sisters Third Order Regular of Penance of the Sorrowful Mother,"369 Little Church Rd, Toronto, Ohio 43964",(740) 544-5542,Devotions,,TBD,,Silent holy hour,other,English,,,,,,precedes Morning Prayer; exposition; Adoration of the Blessed Sacrament
Nativity of St. Mary,"61 N Mt Vernon Ave, Uniontown, Pennsylvania 15401",724-437-4441,Mass,Mon,8:30 AM,,Daily Mass,specific_weekday,English,St. Mary,,,,,
Nativity of St. Mary,"61 N Mt Vernon Ave, Uniontown, Pennsylvania 15401",724-437-4441,Mass,Tue,8:30 AM,,Daily Mass,specific_weekday,English,St. Mary,,,,,
Nativity of St. Mary,"61 N Mt Vernon Ave, Uniontown, Pennsylvania 15401",724-437-4441,Mass,Fri,8:30 AM,,Daily Mass,specific_weekday,English,St. Mary,,,,,
Nativity of St. Mary,"61 N Mt Vernon Ave, Uniontown, Pennsylvania 15401",724-437-4441,Mass,Sat,4:30 PM,,Mass,saturday,English,St. Mary Nativity,,,,,vigil
Nativity of St. Mary,"61 N Mt Vernon Ave, Uniontown, Pennsylvania 15401",724-437-4441,Mass,Sun,8:30 AM,,Mass,sunday,English,St. Mary Nativity,,,,,
Nativity of St. Mary,"61 N Mt Vernon Ave, Uniontown, Pennsylvania 15401",724-437-4441,Confession,Tue,5:00 PM,5:45 PM,Confessions,specific_weekday,English,St. Mary,,,,,
Nativity of St. Mary,"61 N Mt Vernon Ave, Uniontown, Pennsylvania 15401",724-437-4441,Confession,Fri,9:00 AM,12:00 PM,Confessions,other,English,,,,,,
Our Lady of Fatima,"545 Norway Ave, Huntington, West Virginia 25705-1599",(304) 525-0866,Mass,Tue,12:00 PM,,Mass,specific_weekday,English,,,,,,
Our Lady of Fatima,"545 Norway Ave, Huntington, West Virginia 25705-1599",(304) 525-0866,Mass,Tue,7:30 AM,,Mass,specific_weekday,English,,,,,,
Our Lady of Fatima,"545 Norway Ave, Huntington, West Virginia 25705-1599",(304) 525-0866,Mass,Wed,7:30 AM,,Mass,specific_weekday,English,,,,,,
Our Lady of Fatima,"2270 Brodhead Rd, Aliquippa, Pennsylvania 15001",17243757626,Mass,Wed,8:30 AM,,Mass,specific_weekday,english,Our Lady of Fatima,,,,,
Our Lady of Fatima,"545 Norway Ave, Huntington, West Virginia 25705-1599",(304) 525-0866,Mass,Thu,7:30 AM,,Mass,specific_weekday,English,,,,,,
Our Lady of Fatima,"545 Norway Ave, Huntington, West Virginia 25705-1599",(304) 525-0866,Mass,Fri,7:30 AM,,Mass,specific_weekday,English,,,,,,
Our Lady of Fatima,"2270 Brodhead Rd, Aliquippa, Pennsylvania 15001",17243757626,Mass,Fri,8:30 AM,,Mass,specific_weekday,english,Our Lady of Fatima,,,,,
Our Lady of Fatima,"2270 Brodhead Rd, Aliquippa, Pennsylvania 15001",17243757626,Mass,Sat,4:00 PM,,Mass,saturday,english,Our Lady of Fatima,,,,,vigil
Our Lady of Fatima,"545 Norway Ave, Huntington, West Virginia 25705-1599",(304) 525-0866,Mass,Sat,5:00 PM,,Mass,saturday,English,,,,,,vigil
Our Lady of Fatima,"545 Norway Ave, Huntington, West Virginia 25705-1599",(304) 525-0866,Mass,Sat,7:30 AM,,Mass,saturday,English,,,,,,
Our Lady of Fatima,"545 Norway Ave, Huntington, West Virginia 25705-1599",(304) 525-0866,Mass,Sun,11:00 AM,,Mass,sunday,English,,,,,,
Our Lady of Fatima,"545 Norway Ave, Huntington, West Virginia 25705-1599",(304) 525-0866,Mass,Sun,8:00 AM,,Mass,sunday,English,,,,,,
Our Lady of Fatima,"2270 Brodhead Rd, Aliquippa, Pennsylvania 15001",17243757626,Mass,Sun,9:30 AM,,Mass,sunday,english,Our Lady of Fatima,,,,,
Our Lady of Fatima,"545 Norway Ave, Huntington, West Virginia 25705-1599",(304) 525-0866,Mass,,12:00 PM,,Mass,monthly,English,,first_friday_(recurring),,,,
Our Lady of Fatima,"2270 Brodhead Rd, Aliquippa, Pennsylvania 15001",17243757626,Confession,Sat,11:30 AM,12:30 PM,Confession,saturday,English,Our Lady of Fatima,,,,,
Our Lady of Fatima,"545 Norway Ave, Huntington, West Virginia 25705-1599",(304) 525-0866,Confession,Sat,3:30 PM,4:30 PM,Confessions,saturday,English,,,,,,
Our Lady of Fatima,"545 Norway Ave, Huntington, West Virginia 25705-1599",(304) 525-0866,Adoration,Wed,3:15 PM,8:00 PM,Adoration,specific_weekday,English,,,,,,
Our Lady of Fatima,"545 Norway Ave, Huntington, West Virginia 25705-1599",(304) 525-0866,Adoration,,8:00 AM,11:45 AM,Adoration,monthly,English,,first_friday_(recurring),,,,followed by Mass at Noon
Our Lady of Fatima,"545 Norway Ave, Huntington, West Virginia 25705-1599",(304) 525-0866,Other,,12:00 PM,,Our Lady of Fatima Annual Spaghetti Dinner,special_event,English,,,2025-11-02,,,Our Lady of Fatima Annual Spaghetti Dinner; ends 19:00
Our Lady of Fatima,"2270 Brodhead Rd, Aliquippa, Pennsylvania 15001",17243757626,Other,,TBD,,MQS Winter Carnival,parish_event,English,,,,,,
"Our Lady of Fatima- Mary, Queen of St. Parish","2270 Brodhead Rd, Aliquippa, Pennsylvania 15001",(724) 775-6363,Mass,Wed,8:30 AM,,Mass,specific_weekday,english,Our Lady of Fatima,,,,,
"Our Lady of Fatima- Mary, Queen of St. Parish","2270 Brodhead Rd, Aliquippa, Pennsylvania 15001",(724) 775-6363,Mass,Fri,8:30 AM,,Mass,specific_weekday,english,Our Lady of Fatima,,,,,
"Our Lady of Fatima- Mary, Queen of St. Parish","2270 Brodhead Rd, Aliquippa, Pennsylvania 15001",(724) 775-6363,Mass,Sat,4:00 PM,,Mass,saturday,english,Our Lady of Fatima,,,,,vigil
"Our Lady of Fatima- Mary, Queen of St. Parish","2270 Brodhead Rd, Aliquippa, Pennsylvania 15001",(724) 775-6363,Mass,Sun,9:30 AM,,Mass,sunday,english,Our Lady of Fatima,,,,,
"Our Lady of Fatima- Mary, Queen of St. Parish","2270 Brodhead Rd, Aliquippa, Pennsylvania 15001",(724) 775-6363,Confession,Sat,11:30 AM,12:30 PM,Confession,saturday,English,Our Lady of Fatima,,,,,
"Our Lady of Fatima- Mary, Queen of St. Parish","2270 Brodhead Rd, Aliquippa, Pennsylvania 15001",(724) 775-6363,Confession,,TBD,,Confession,other,English,,,,,,check bulletin; note: Other confession times available by appointment
Our Lady of Grace,"299 School St, Romney, West Virginia 26757",(304) 822-5561,Mass,Tue,6:00 PM,,Mass,specific_weekday,English,Our Lady of Grace,,,,,
Our Lady of Grace,"299 School St, Romney, West Virginia 26757",(304) 822-5561,Mass,Wed,12:00 PM,,Mass,specific_weekday,English,Our Lady of Grace,,,,,
Our Lady of Grace,"299 School St, Romney, West Virginia 26757",(304) 822-5561,Mass,Sun,11:00 AM,,Mass,sunday,English,Our Lady of Grace,,,,,
Our Lady of Grace,"299 School St, Romney, West Virginia 26757",(304) 822-5561,Confession,Sun,TBD,,Reconciliation,other,English,,,,after,,After or Tuesday Mass; after 11:00 or after 18:00; by appointment
Our Lady of Grace,"299 School St, Romney, West Virginia 26757",(304) 822-5561,Adoration,,5:00 PM,,Adoration of the Blessed Sacrament,special_event,English,Our Lady of Grace,,2025-04-11,,,Adoration of the Blessed Sacrament
Our Lady of Grace,"299 School St, Romney, West Virginia 26757",(304) 822-5561,Devotions,,6:00 PM,,Stations of the Cross,special_event,English,Our Lady of Grace,,2025-04-11,,,Stations of the Cross
Our Lady of Lourdes,"1112 Main St, Burgettstown, Pennsylvania 15021",(724) 695-7325,Mass,Tue,8:00 AM,,Mass,specific_weekday,english,Our Lady of Lourdes,,,,,livestream
Our Lady of Lourdes,"1112 Main St, Burgettstown, Pennsylvania 15021",(724) 695-7325,Mass,Wed,8:00 AM,,Mass,specific_weekday,english,Our Lady of Lourdes,,,,,livestream
Our Lady of Lourdes,"210 E Main St, East Palestine, Ohio 44413",(330) 482-2351,Mass,Wed,8:30 AM,,Mass,specific_weekday,english,Our Lady of Lourdes Parish,,,,,
Our Lady of Lourdes,"210 E Main St, East Palestine, Ohio 44413",(330) 482-2351,Mass,Sun,8:30 AM,,Mass,sunday,english,Our Lady of Lourdes Parish,,,,,
Our Lady of Lourdes,"1112 Main St, Burgettstown, Pennsylvania 15021",(724) 695-7325,Mass,Sun,9:00 AM,,Mass,sunday,english,Our Lady of Lourdes,,,,,livestream
Our Lady of Lourdes,"1521 Bantam Ridge Rd, Wintersville, Ohio 43953",(740) 264-0868,Mass,Sun,9:30 AM,,Mass,sunday,English,Our Lady of Lourdes,,,,,
Our Lady of Lourdes,"210 E Main St, East Palestine, Ohio 44413",(330) 482-2351,Mass,,7:00 PM,,Mass,special_event,english,Our Lady of Lourdes Parish,,2025-12-24,,,Mass; Vigil
Our Lady of Lourdes,"210 E Main St, East Palestine, Ohio 44413",(330) 482-2351,Confession,Wed,9:00 AM,10:00 AM,Confession,specific_weekday,English,Our Lady of Lourdes Parish,,,,,
Our Lady of Lourdes,"1112 Main St, Burgettstown, Pennsylvania 15021",(724) 695-7325,Confession,Fri,4:00 PM,4:30 PM,Confession,specific_weekday,English,Our Lady of Lourdes,,,,,note: Confessions are also available by appointment.
Our Lady of Lourdes,"1521 Bantam Ridge Rd, Wintersville, Ohio 43953",(740) 264-0868,Confession,,TBD,,Confession,other,English,,,,,,by appointment
Our Lady of Lourdes,"210 E Main St, East Palestine, Ohio 44413",(330) 482-2351,Adoration,Wed,9:00 AM,10:00 AM,Adoration,specific_weekday,English,Our Lady of Lourdes Parish,,,,,exposition
Our Lady of Mercy,"5001 Lowell Hill Rd, Lowell, Ohio 45744",(740) 896-2207,Mass,Tue,5:00 PM,,Mass,specific_weekday,English,Our Lady of Mercy Catholic Church - Lowell,,,,,
Our Lady of Mercy,"5001 Lowell Hill Rd, Lowell, Ohio 45744",(740) 896-2207,Mass,Thu,5:00 PM,,Mass,specific_weekday,English,Our Lady of Mercy Catholic Church - Lowell,,,,,
Our Lady of Mercy,"5001 Lowell Hill Rd, Lowell, Ohio 45744",(740) 896-2207,Mass,Sat,4:00 PM,,Mass,saturday,English,Our Lady of Mercy Catholic Church - Lowell,,,,,
Our Lady of Mercy,"5001 Lowell Hill Rd, Lowell, Ohio 45744",(740) 896-2207,Mass,Sun,9:30 AM,,Mass,sunday,English,Our Lady of Mercy Catholic Church - Lowell,,,,,
Our Lady of Mercy,"5001 Lowell Hill Rd, Lowell, Ohio 45744",(740) 896-2207,Confession,Sat,3:00 PM,3:45 PM,Confession,saturday,English,Our Lady of Mercy Catholic Church - Lowell,,,,,or by appointment
Our Lady of Peace,"690 Old Fairmont Pike, Wheeling, West Virginia 26003",304-242-6579 ,Mass,Tue,6:00 PM,,Mass,specific_weekday,English,,,,,,
Our Lady of Peace,"690 Old Fairmont Pike, Wheeling, West Virginia 26003",304-242-6579 ,Mass,Wed,6:00 PM,,Mass,specific_weekday,English,,,,,,
Our Lady of Peace,"690 Old Fairmont Pike, Wheeling, West Virginia 26003",304-242-6579 ,Mass,Thu,8:00 AM,,Mass,specific_weekday,English,,,,,,
Our Lady of Peace,"690 Old Fairmont Pike, Wheeling, West Virginia 26003",304-242-6579 ,Mass,Fri,8:00 AM,,Mass,specific_weekday,English,,,,,,Summer
Our Lady of Peace,"690 Old Fairmont Pike, Wheeling, West Virginia 26003",304-242-6579 ,Mass,Fri,8:30 AM,,Mass,specific_weekday,English,,,,,,School Mass; check bulletin
Our Lady of Peace,"690 Old Fairmont Pike, Wheeling, West Virginia 26003",304-242-6579 ,Mass,Sat,5:00 PM,,Mass,saturday,English,,,,,,Vigil
Our Lady of Peace,"690 Old Fairmont Pike, Wheeling, West Virginia 26003",304-242-6579 ,Mass,Sun,10:30 AM,,Mass,sunday,English,,,,,,
Our Lady of Peace,"690 Old Fairmont Pike, Wheeling, West Virginia 26003",304-242-6579 ,Mass,Sun,8:30 AM,,Mass,sunday,English,,,,,,
Our Lady of Peace,"690 Old Fairmont Pike, Wheeling, West Virginia 26003",304-242-6579 ,Confession,Wed,5:00 PM,6:00 PM,Adoration/Confession/Rosary,specific_weekday,English,,,,,,
Our Lady of Peace,"690 Old Fairmont Pike, Wheeling, West Virginia 26003",304-242-6579 ,Confession,Sat,4:15 PM,,Confession/Rosary,saturday,English,,,,,,
Our Lady of Peace,"690 Old Fairmont Pike, Wheeling, West Virginia 26003",304-242-6579 ,Adoration,Sat,4:00 PM,,Adoration/Divine Mercy Chaplet,saturday,English,,,,,,
Our Lady of Peace,"690 Old Fairmont Pike, Wheeling, West Virginia 26003",304-242-6579 ,Devotions,Wed,5:45 PM,,Benediction,specific_weekday,English,,,,,,
Our Lady of Peace,"690 Old Fairmont Pike, Wheeling, West Virginia 26003",304-242-6579 ,Devotions,Wed,6:00 PM,,Novena of Miraculous Medal,specific_weekday,English,,,,,,after Mass
Our Lady of Peace,"690 Old Fairmont Pike, Wheeling, West Virginia 26003",304-242-6579 ,Devotions,Thu,8:00 AM,,Rosary,specific_weekday,English,,,,,,after Mass
Our Lady of Peace,"690 Old Fairmont Pike, Wheeling, West Virginia 26003",304-242-6579 ,Devotions,Sat,4:00 PM,,Divine Mercy Chaplet,other,English,,,,,,tags
Our Lady of Peace,"690 Old Fairmont Pike, Wheeling, West Virginia 26003",304-242-6579 ,Devotions,Sat,4:45 PM,,Benediction,saturday,English,,,,,,
Our Lady of Peace,"690 Old Fairmont Pike, Wheeling, West Virginia 26003",304-242-6579 ,Other,,TBD,,Second Sunday in Ordinary Time,special_event,English,,,2026-01-18,,,Second Sunday in Ordinary Time; tags
Our Lady of Perpetual Help,"8092 3rd St, Stonewood, West Virginia 26301-7702",(304) 623-2334,Mass,Mon,9:00 AM,,Mass,specific_weekday,English,Chapel,,,,,chapel
Our Lady of Perpetual Help,"8092 3rd St, Stonewood, West Virginia 26301-7702",(304) 623-2334,Mass,Tue,9:00 AM,,Mass,specific_weekday,English,Chapel,,,,,chapel
Our Lady of Perpetual Help,"8092 3rd St, Stonewood, West Virginia 26301-7702",(304) 623-2334,Mass,Wed,9:00 AM,,Mass,specific_weekday,English,Chapel,,,,,chapel
Our Lady of Perpetual Help,"8092 3rd St, Stonewood, West Virginia 26301-7702",(304) 623-2334,Mass,Thu,9:00 AM,,Mass,specific_weekday,English,Chapel,,,,,chapel
Our Lady of Perpetual Help,"8092 3rd St, Stonewood, West Virginia 26301-7702",(304) 623-2334,Mass,Fri,9:00 AM,,Mass,specific_weekday,English,Chapel,,,,,chapel
Our Lady of Perpetual Help,"8092 3rd St, Stonewood, West Virginia 26301-7702",(304) 623-2334,Mass,Sat,5:00 PM,,Mass,saturday,English,,,,,,vigil
Our Lady of Perpetual Help,"8092 3rd St, Stonewood, West Virginia 26301-7702",(304) 623-2334,Mass,Sun,10:00 AM,,Mass,sunday,English,,,,,,
Our Lady of Perpetual Help,"8092 3rd St, Stonewood, West Virginia 26301-7702",(304) 623-2334,Mass,Sun,8:00 AM,,Mass,sunday,English,,,,,,
Our Lady of Perpetual Help,"8092 3rd St, Stonewood, West Virginia 26301-7702",(304) 623-2334,Confession,Sat,4:30 PM,4:45 PM,Confessions,saturday,English,,,,,,or by appointment
Our Lady of Perpetual Help,"8092 3rd St, Stonewood, West Virginia 26301-7702",(304) 623-2334,Adoration,Wed,9:30 AM,10:30 AM,Exposition of Eucharist,specific_weekday,English,,,,,,
Our Lady of Perpetual Help,"8092 3rd St, Stonewood, West Virginia 26301-7702",(304) 623-2334,Devotions,Wed,7:00 PM,,Holy Hour,specific_weekday,English,Chapel,,,,,chapel
Our Lady of Perpetual Help (Ukrainian),"4136 Jacob St, Wheeling, West Virginia 26003-4346",(304) 232-2168,Mass,,TBD,,Divine Liturgy,other,English,,,,,,check bulletin
Our Lady of Seven Dolors,"2174 Beans Cove Rd, Clearville, Pennsylvania 15535",(814) 767-9522,Mass,Mon,8:00 AM,,Mass,specific_weekday,English,"Saint Thomas the Apostle Parish, Bedford",,,,,
Our Lady of Seven Dolors,"2174 Beans Cove Rd, Clearville, Pennsylvania 15535",(814) 767-9522,Mass,Wed,8:00 AM,,Mass,specific_weekday,English,"Saint Thomas the Apostle Parish, Bedford",,,,,
Our Lady of Seven Dolors,"2174 Beans Cove Rd, Clearville, Pennsylvania 15535",(814) 767-9522,Mass,Thu,8:00 AM,,Mass,specific_weekday,English,"Saint Thomas the Apostle Parish, Bedford",,,,,
Our Lady of Seven Dolors,"2174 Beans Cove Rd, Clearville, Pennsylvania 15535",(814) 767-9522,Mass,Fri,8:00 AM,,Mass,specific_weekday,English,"Saint Thomas the Apostle Parish, Bedford",,,,,
Our Lady of Seven Dolors,"2174 Beans Cove Rd, Clearville, Pennsylvania 15535",(814) 767-9522,Mass,Sun,12:00 PM,,Mass,sunday,English,"Seven Dolors of the Blessed Virgin Mary, Beans Cove",,,,,
Our Lady of Seven Dolors,"2174 Beans Cove Rd, Clearville, Pennsylvania 15535",(814) 767-9522,Adoration,,TBD,,Adoration,other,English,"Seven Dolors of the Blessed Virgin Mary, Beans Cove",,,after,,following
Our Lady of Seven Dolors Mission,"Chapel Hill Rd, Triadelphia, West Virginia 26059",(304) 547-5342,Mass,Tue,5:30 PM,,Mass,specific_weekday,English,,,,,,includes Miraculous Medal Novena; Rosary; Benediction
Our Lady of Seven Dolors Mission,"Chapel Hill Rd, Triadelphia, West Virginia 26059",(304) 547-5342,Mass,Wed,5:30 PM,,Mass,specific_weekday,English,,,,,,includes Miraculous Medal Novena; Rosary; Benediction
Our Lady of Seven Dolors Mission,"Chapel Hill Rd, Triadelphia, West Virginia 26059",(304) 547-5342,Mass,Thu,9:00 AM,,Mass,specific_weekday,English,,,,,,School Mass; note: When school is not in session; Mass will be at 08:00
Our Lady of Seven Dolors Mission,"Chapel Hill Rd, Triadelphia, West Virginia 26059",(304) 547-5342,Mass,Fri,8:00 AM,,Mass,specific_weekday,English,,,,,,
Our Lady of Seven Dolors Mission,"Chapel Hill Rd, Triadelphia, West Virginia 26059",(304) 547-5342,Mass,Sat,5:00 PM,,Mass,saturday,English,,,,,,vigil
Our Lady of Seven Dolors Mission,"Chapel Hill Rd, Triadelphia, West Virginia 26059",(304) 547-5342,Mass,Sat,8:00 AM,,Mass,saturday,English,,,,,,
Our Lady of Seven Dolors Mission,"Chapel Hill Rd, Triadelphia, West Virginia 26059",(304) 547-5342,Mass,Sun,11:30 AM,,Mass,sunday,English,,,,,,
Our Lady of Seven Dolors Mission,"Chapel Hill Rd, Triadelphia, West Virginia 26059",(304) 547-5342,Mass,Sun,9:00 AM,,Mass,sunday,English,,,,,,
Our Lady of Seven Dolors Mission,"Chapel Hill Rd, Triadelphia, West Virginia 26059",(304) 547-5342,Confession,Sat,4:00 PM,4:30 PM,Reconciliation,saturday,English,,,,,,
Our Lady of Seven Dolors Mission,"Chapel Hill Rd, Triadelphia, West Virginia 26059",(304) 547-5342,Confession,,TBD,,Reconciliation,monthly,English,,first_saturday_(recurring),,,,after morning Mass
Our Lady of Seven Dolors Mission,"Chapel Hill Rd, Triadelphia, West Virginia 26059",(304) 547-5342,Adoration,Tue,10:00 AM,5:30 PM,Adoration,specific_weekday,English,,,,,,exposition; benediction
Our Lady of Seven Dolors Mission,"Chapel Hill Rd, Triadelphia, West Virginia 26059",(304) 547-5342,Devotions,Tue,5:00 PM,5:30 PM,Rosary,specific_weekday,English,,,,,,
Our Lady of Seven Dolors Mission,"Chapel Hill Rd, Triadelphia, West Virginia 26059",(304) 547-5342,Devotions,Fri,4:00 PM,,Rosary,specific_weekday,English,church courtyard,,,,,
Our Lady of Seven Dolors Mission,"Chapel Hill Rd, Triadelphia, West Virginia 26059",(304) 547-5342,Devotions,,TBD,,Rosary,other,English,,,,,,30 minutes prior to each Mass; tags
Our Lady of Victory ,"81 Miracle Mountain Rd, Gary, West Virginia 24830",(304) 436-2014 (Welch Parish ),Other,,8:00 PM,10:00 PM,Events,special_event,English,,,2026-03-20,,,Events; note: March 20-22
Our Lady of Victory ,"81 Miracle Mountain Rd, Gary, West Virginia 24830",(304) 436-2014 (Welch Parish ),Other,,TBD,,Events,special_event,English,,,2026-01-17,,,Events; note: January 17-18 – FULL
Our Lady of Victory ,"81 Miracle Mountain Rd, Gary, West Virginia 24830",(304) 436-2014 (Welch Parish ),Other,,TBD,,Events,special_event,English,,,2026-01-31,,,Events
Our Lady of Victory ,"81 Miracle Mountain Rd, Gary, West Virginia 24830",(304) 436-2014 (Welch Parish ),Other,,TBD,,Events,special_event,English,,,2026-05-08,,,Events; note: May 8; 9; & 10
Our Lady of the Hills,"100 Jackson Dr, Elkview, West Virginia 25071",(304) 342-2716 ,Mass,Tue,5:30 PM,,Mass,specific_weekday,English,,,,,,
Our Lady of the Hills,"100 Jackson Dr, Elkview, West Virginia 25071",(304) 342-2716 ,Mass,Sun,8:30 AM,,Mass,sunday,English,,,,,,
Our Lady of the Hills,"100 Jackson Dr, Elkview, West Virginia 25071",(304) 342-2716 ,Confession,Tue,5:00 PM,5:15 PM,Sacrament of Reconciliation,other,English,,,,,,
Our Lady of the Hills,"100 Jackson Dr, Elkview, West Virginia 25071",(304) 342-2716 ,Adoration,,4:30 PM,5:30 PM,Eucharistic Adoration,monthly,English,,first_tuesday,,,,First of each month; exposition
Our Lady of the Hills,"100 Jackson Dr, Elkview, West Virginia 25071",(304) 342-2716 ,Education,Sun,TBD,,Faith Formation,other,English,,,,after,Mass,Sunday after Mass; immediately after Mass
Our Lady of the Miraculous Medal Church - St. Oscar Romero Parish,"300 Pike St, Meadow Lands, Pennsylvania 15347",724-745-6560,Mass,Fri,12:15 PM,,Mass,specific_weekday,english,Miraculous Medal,,,,,
Our Lady of the Miraculous Medal Church - St. Oscar Romero Parish,"300 Pike St, Meadow Lands, Pennsylvania 15347",724-745-6560,Mass,Sun,11:30 AM,,Mass,sunday,spanish,Miraculous Medal,,,,,livestream
Our Lady of the Miraculous Medal Church - St. Oscar Romero Parish,"300 Pike St, Meadow Lands, Pennsylvania 15347",724-745-6560,Mass,Sun,9:30 AM,,Mass,sunday,english,Miraculous Medal,,,,,livestream
Our Lady of the Miraculous Medal Church - St. Oscar Romero Parish,"300 Pike St, Meadow Lands, Pennsylvania 15347",724-745-6560,Mass,,7:00 PM,,Mass,special_event,bilingual,Miraculous Medal,,2026-02-18,,,Mass
Our Lady of the Mountains (Shrine of Sts. Peter and Paul),"125 Fayette St, Cumberland, Maryland 21502-2992",301-777-1750,Mass,Sat,4:00 PM,,Mass,saturday,English,Saint Mary Church,,,,,vigil
Our Lady of the Mountains (Shrine of Sts. Peter and Paul),"125 Fayette St, Cumberland, Maryland 21502-2992",301-777-1750,Devotions,Fri,TBD,,Rosary,other,English,Shrine of Saints Peter and Paul,,,after,Mass,First; after 08:00 Mass; for deceased parishioners
Our Lady of the Mountains (Shrine of Sts. Peter and Paul),"125 Fayette St, Cumberland, Maryland 21502-2992",301-777-1750,Other,Wed,5:15 PM,6:15 PM,Sacrament of Reconcilation,specific_weekday,English,Shrine of Saints Peter and Paul,,,,,
Our Lady of the Presentation,"17230 Tom Fox Ave, Poolesville, Maryland 20837",(301) 349-2045,Mass,Mon,8:30 AM,,Mass,weekday,english,,,,,,
Our Lady of the Presentation,"17230 Tom Fox Ave, Poolesville, Maryland 20837",(301) 349-2045,Mass,Tue,8:30 AM,,Mass,weekday,english,,,,,,
Our Lady of the Presentation,"17230 Tom Fox Ave, Poolesville, Maryland 20837",(301) 349-2045,Mass,Wed,5:30 PM,,Mass,specific_weekday,english,,,,,,
Our Lady of the Presentation,"17230 Tom Fox Ave, Poolesville, Maryland 20837",(301) 349-2045,Mass,Wed,8:30 AM,,Mass,weekday,english,,,,,,
Our Lady of the Presentation,"17230 Tom Fox Ave, Poolesville, Maryland 20837",(301) 349-2045,Mass,Thu,8:30 AM,,Mass,weekday,english,,,,,,
Our Lady of the Presentation,"17230 Tom Fox Ave, Poolesville, Maryland 20837",(301) 349-2045,Mass,Fri,8:30 AM,,Mass,weekday,english,,,,,,
Our Lady of the Presentation,"17230 Tom Fox Ave, Poolesville, Maryland 20837",(301) 349-2045,Mass,Sat,5:30 PM,,Mass,saturday,english,,,,,,vigil
Our Lady of the Presentation,"17230 Tom Fox Ave, Poolesville, Maryland 20837",(301) 349-2045,Mass,Sun,10:45 AM,,Mass,sunday,english,,,,,,
Our Lady of the Presentation,"17230 Tom Fox Ave, Poolesville, Maryland 20837",(301) 349-2045,Mass,Sun,8:00 AM,,Mass,sunday,english,,,,,,
Our Lady of the Presentation,"17230 Tom Fox Ave, Poolesville, Maryland 20837",(301) 349-2045,Mass,,10:00 AM,,Mass and Rosary together,special_event,English,,,2026-01-19,,,Mass and Rosary together; Martin Luther King Holiday
Our Lady of the Presentation,"17230 Tom Fox Ave, Poolesville, Maryland 20837",(301) 349-2045,Mass,,8:30 AM,,Mass and Rosary together,special_event,English,,,2026-01-26,,,Mass and Rosary together
Our Lady of the Presentation,"17230 Tom Fox Ave, Poolesville, Maryland 20837",(301) 349-2045,Confession,Wed,6:00 PM,7:00 PM,Confession,specific_weekday,English,,,,,,
Our Lady of the Presentation,"17230 Tom Fox Ave, Poolesville, Maryland 20837",(301) 349-2045,Confession,Sat,4:00 PM,4:45 PM,Confession,saturday,English,,,,,,
Our Lady of the Presentation,"17230 Tom Fox Ave, Poolesville, Maryland 20837",(301) 349-2045,Confession,,5:30 PM,7:00 PM,Eucharistic Adoration & Confession,special_event,English,,,2026-01-21,,,Eucharistic Adoration & Confession
Our Lady of the Presentation,"17230 Tom Fox Ave, Poolesville, Maryland 20837",(301) 349-2045,Confession,,5:30 PM,7:00 PM,Eucharistic Adoration & Confession,special_event,English,,,2026-01-28,,,Eucharistic Adoration & Confession
Our Lady of the Presentation,"17230 Tom Fox Ave, Poolesville, Maryland 20837",(301) 349-2045,Adoration,Wed,6:00 PM,7:00 PM,Adoration,specific_weekday,English,Church,,,,,
Our Lady of the Presentation,"17230 Tom Fox Ave, Poolesville, Maryland 20837",(301) 349-2045,Adoration,,5:30 PM,7:00 PM,Adoration,parish_event,English,Church,,,,,Evenings
Our Lady of the Shenandoah,"240 Fritzel Way, Basye, Virginia 22810",(540) 459-4448,Mass,Mon,6:00 PM,,Mass,specific_weekday,English,"315 N. Main Street, Woodstock, VA 22664",,,,,
Our Lady of the Shenandoah,"240 Fritzel Way, Basye, Virginia 22810",(540) 459-4448,Mass,Mon,8:30 AM,,Mass,specific_weekday,English,"240 Fritzel Way Basye, VA 22810",,,,,
Our Lady of the Shenandoah,"240 Fritzel Way, Basye, Virginia 22810",(540) 459-4448,Mass,Tue,6:00 PM,,Mass,specific_weekday,English,"240 Fritzel Way Basye, VA 22810",,,,,
Our Lady of the Shenandoah,"240 Fritzel Way, Basye, Virginia 22810",(540) 459-4448,Mass,Wed,6:00 PM,,Mass,specific_weekday,English,"315 N. Main Street, Woodstock, VA 22664",,,,,
Our Lady of the Shenandoah,"240 Fritzel Way, Basye, Virginia 22810",(540) 459-4448,Mass,Wed,8:30 AM,,Mass,specific_weekday,English,"240 Fritzel Way Basye, VA 22810",,,,,
Our Lady of the Shenandoah,"240 Fritzel Way, Basye, Virginia 22810",(540) 459-4448,Mass,Thu,6:00 PM,,Mass,specific_weekday,English,"240 Fritzel Way Basye, VA 22810",,,,,
Our Lady of the Shenandoah,"240 Fritzel Way, Basye, Virginia 22810",(540) 459-4448,Mass,Fri,8:30 AM,,Mass,specific_weekday,English,"240 Fritzel Way Basye, VA 22810",,,,,
Our Lady of the Shenandoah,"240 Fritzel Way, Basye, Virginia 22810",(540) 459-4448,Mass,Sat,5:00 PM,,Vigil Mass,saturday,English,"240 Fritzel Way Basye, VA 22810",,,,,vigil
Our Lady of the Shenandoah,"240 Fritzel Way, Basye, Virginia 22810",(540) 459-4448,Mass,Sun,8:30 AM,,Mass,sunday,English,"240 Fritzel Way Basye, VA 22810",,,,,
Our Lady of the Shenandoah,"240 Fritzel Way, Basye, Virginia 22810",(540) 459-4448,Confession,Sat,3:30 PM,4:30 PM,Confessions,saturday,English,"240 Fritzel Way Basye, VA 22810",,,,,or by appointment
Our Lady of the Shenandoah,"240 Fritzel Way, Basye, Virginia 22810",(540) 459-4448,Adoration,Wed,5:00 PM,7:00 PM,Adoration,specific_weekday,English,"240 Fritzel Way Basye, VA 22810",,,,,
Our Lady of the Shenandoah,"240 Fritzel Way, Basye, Virginia 22810",(540) 459-4448,Devotions,Wed,7:00 PM,8:00 PM,Community Holy Hour,specific_weekday,English,"240 Fritzel Way Basye, VA 22810",,,,,
Parish of St. Francis of Assisi,"528 Footedale Rd, Footedale, Pennsylvania 15468",724-583-7866,Mass,Tue,8:00 AM,,Mass,specific_weekday,English,Footedale,,,,,
Parish of St. Francis of Assisi,"528 Footedale Rd, Footedale, Pennsylvania 15468",724-583-7866,Mass,Thu,8:00 AM,,Mass,specific_weekday,English,Footedale,,,,,
Parish of St. Francis of Assisi,"528 Footedale Rd, Footedale, Pennsylvania 15468",724-583-7866,Mass,Sat,4:00 PM,,Mass,saturday,English,Footedale,,,,,
Parish of St. Francis of Assisi,"528 Footedale Rd, Footedale, Pennsylvania 15468",724-583-7866,Mass,Sun,9:30 AM,,Mass,sunday,English,Footedale,,,,,
Parish of St. Francis of Assisi,"528 Footedale Rd, Footedale, Pennsylvania 15468",724-583-7866,Confession,Sat,3:00 PM,3:30 PM,Confessions,saturday,English,Footedale,,,,,
Parish of St. Francis of Assisi,"528 Footedale Rd, Footedale, Pennsylvania 15468",724-583-7866,Other,,11:00 AM,6:00 PM,Lenten Fish Dinners,parish_event,English,Footedale social hall,,,,,beginning Feb 20
Risen Lord  Mission,"67 Wallback Rd, Maysel, West Virginia 25133",(304) 587-4740,Mass,Tue,5:00 PM,,Mass,specific_weekday,English,,,,,,check bulletin for location
Risen Lord  Mission,"67 Wallback Rd, Maysel, West Virginia 25133",(304) 587-4740,Mass,Wed,5:00 PM,,Mass,specific_weekday,English,,,,,,check bulletin for location
Risen Lord  Mission,"67 Wallback Rd, Maysel, West Virginia 25133",(304) 587-4740,Mass,Thu,5:00 PM,,Mass,specific_weekday,English,,,,,,check bulletin for location
Risen Lord  Mission,"67 Wallback Rd, Maysel, West Virginia 25133",(304) 587-4740,Mass,Fri,8:00 AM,,Mass,specific_weekday,English,,,,,,check bulletin for location
Risen Lord  Mission,"67 Wallback Rd, Maysel, West Virginia 25133",(304) 587-4740,Mass,Sat,5:00 PM,,Mass,saturday,English,,,,,,check bulletin for location
Risen Lord  Mission,"67 Wallback Rd, Maysel, West Virginia 25133",(304) 587-4740,Mass,Sun,8:30 AM,,Mass,sunday,English,"Risen Lord Mission, Maysel",,,,,
Risen Lord  Mission,"67 Wallback Rd, Maysel, West Virginia 25133",(304) 587-4740,Confession,,TBD,,Reconciliation,other,English,,,,after,Mass,before or after Mass 30 minutes; note: Other times by appointment
Risen Lord  Mission,"67 Wallback Rd, Maysel, West Virginia 25133",(304) 587-4740,Adoration,Tue,5:00 PM,,Eucharistic Adoration,specific_weekday,English,,,,,,check bulletin for location; exposition
Risen Lord  Mission,"67 Wallback Rd, Maysel, West Virginia 25133",(304) 587-4740,Devotions,Sun,10:30 AM,,Holy Rosary,sunday,English,,,,,,check bulletin for location
Risen Lord  Mission,"67 Wallback Rd, Maysel, West Virginia 25133",(304) 587-4740,Devotions,,6:00 PM,7:00 PM,Stations of the Cross,parish_event,English,,,,,,of Lent
Risen Lord  Mission,"67 Wallback Rd, Maysel, West Virginia 25133",(304) 587-4740,Other,,6:00 PM,,Holy Day of Obligation,special_event,English,,,2025-08-15,,,Holy Day of Obligation; check bulletin for location
Risen Lord  Mission,"67 Wallback Rd, Maysel, West Virginia 25133",(304) 587-4740,Other,,6:00 PM,,Holy Day of Obligation,special_event,English,,,2025-11-01,,,Holy Day of Obligation; check bulletin for location
Risen Lord  Mission,"67 Wallback Rd, Maysel, West Virginia 25133",(304) 587-4740,Other,,6:00 PM,,Holy Day of Obligation,special_event,English,,,2025-12-08,,,Holy Day of Obligation; check bulletin for location
Risen Lord  Mission,"67 Wallback Rd, Maysel, West Virginia 25133",(304) 587-4740,Other,,6:00 PM,,Holy Day of Obligation,special_event,English,,,2025-12-25,,,Holy Day of Obligation; check bulletin for location
Risen Lord  Mission,"67 Wallback Rd, Maysel, West Virginia 25133",(304) 587-4740,Other,,6:00 PM,,Holy Day of Obligation,special_event,English,,,2026-01-01,,,Holy Day of Obligation; check bulletin for location
Risen Lord  Mission,"67 Wallback Rd, Maysel, West Virginia 25133",(304) 587-4740,Other,,6:00 PM,,Holy Day of Obligation,special_event,English,,,2026-08-15,,,Holy Day of Obligation; check bulletin for location
Risen Lord  Mission,"67 Wallback Rd, Maysel, West Virginia 25133",(304) 587-4740,Other,,6:00 PM,,Holy Day of Obligation,special_event,English,,,2026-11-01,,,Holy Day of Obligation; check bulletin for location
Risen Lord  Mission,"67 Wallback Rd, Maysel, West Virginia 25133",(304) 587-4740,Other,,6:00 PM,,Holy Day of Obligation,special_event,English,,,2026-12-08,,,Holy Day of Obligation; check bulletin for location
Risen Lord  Mission,"67 Wallback Rd, Maysel, West Virginia 25133",(304) 587-4740,Other,,6:00 PM,,Holy Day of Obligation,special_event,English,,,2026-12-25,,,Holy Day of Obligation; check bulletin for location
Risen Lord  Mission,"67 Wallback Rd, Maysel, West Virginia 25133",(304) 587-4740,Other,,6:00 PM,,Holy Day of Obligation,special_event,English,,,2027-01-01,,,Holy Day of Obligation; check bulletin for location
Risen Lord  Mission,"67 Wallback Rd, Maysel, West Virginia 25133",(304) 587-4740,Other,,6:00 PM,7:00 PM,Holy Day of Obligation,other,English,,,,,,note: Holy Day as announced in bulletin at Risen Lord Mission
Sacred Heart,"418 4th St, Chester, West Virginia 26034-1109",304-387-0198,Mass,Mon,6:00 PM,,Holy Mass,specific_weekday,English,,,,,,
Sacred Heart,"2015 Adams Ave, Huntington, West Virginia 25704-1419",(304) 429-4318,Mass,Tue,5:00 PM,,Mass,specific_weekday,English,,,,,,
Sacred Heart,"507 Harrison St P.O Box 1310, Princeton, West Virginia 24740-3198",(304) 425-3664,Mass,Tue,6:00 PM,,Mass,specific_weekday,English,"507 Harrison St., Princeton, WV 24740",,,,,
Sacred Heart,"418 4th St, Chester, West Virginia 26034-1109",304-387-0198,Mass,Tue,8:30 AM,,Holy Mass,specific_weekday,English,,,,,,
Sacred Heart,"255 W Main St, Covington, Virginia 24426",(540) 962-6541,Mass,Wed,11:30 AM,,Mass,specific_weekday,English,,,,,,Rosary After Mass
Sacred Heart,"1003 Wyoming St, Bluefield, West Virginia 24701",(304) 327-5623,Mass,Wed,6:00 PM,,Mass,specific_weekday,English,,,,,,exceptions: Jan 20-Feb
Sacred Heart,"418 4th St, Chester, West Virginia 26034-1109",304-387-0198,Mass,Wed,8:30 AM,,Holy Mass,specific_weekday,English,,,,,,
Sacred Heart,"2015 Adams Ave, Huntington, West Virginia 25704-1419",(304) 429-4318,Mass,Wed,8:30 AM,,Mass,specific_weekday,English,,,,,,
Sacred Heart,"161 Mulberry Ave, Pomeroy, Ohio 45769",(740) 592-2711,Mass,Wed,8:30 AM,,Mass,specific_weekday,English,"Sacred Heart, Pomeroy",,,,,
Sacred Heart,"1003 Wyoming St, Bluefield, West Virginia 24701",(304) 327-5623,Mass,Thu,10:00 AM,,Mass,specific_weekday,English,,,,,,exceptions: Jan 20-Feb
Sacred Heart,"507 Harrison St P.O Box 1310, Princeton, West Virginia 24740-3198",(304) 425-3664,Mass,Thu,12:00 PM,,Mass,specific_weekday,English,"507 Harrison St., Princeton, WV 24740",,,,,
Sacred Heart,"109-13th St, Rainelle, West Virginia 25962-1703",(304) 438-8687,Mass,Thu,6:00 PM,,Mass,specific_weekday,English,Sacred Heart Rainelle,,,,,
Sacred Heart,"255 W Main St, Covington, Virginia 24426",(540) 962-6541,Mass,Fri,12:00 PM,,Mass,specific_weekday,English,,,,,,
Sacred Heart,"209 Cross St, Hopedale, Ohio 43976",(740) 942-2211,Mass,Fri,12:15 PM,,Mass,specific_weekday,English,Sacred Heart,,,,,
Sacred Heart,"2015 Adams Ave, Huntington, West Virginia 25704-1419",(304) 429-4318,Mass,Fri,8:30 AM,,Mass,specific_weekday,English,,,,,,
Sacred Heart,"161 Mulberry Ave, Pomeroy, Ohio 45769",(740) 592-2711,Mass,Fri,8:30 AM,,Mass,specific_weekday,English,"Sacred Heart, Pomeroy",,,,,
Sacred Heart,"507 Harrison St P.O Box 1310, Princeton, West Virginia 24740-3198",(304) 425-3664,Mass,Sat,4:00 PM,,Mass,saturday,English,"507 Harrison St., Princeton, WV 24740",,,,,
Sacred Heart,"161 Mulberry Ave, Pomeroy, Ohio 45769",(740) 592-2711,Mass,Sat,4:30 PM,,Mass,saturday,English,"Sacred Heart, Pomeroy",,,,,Vigil
Sacred Heart,"418 4th St, Chester, West Virginia 26034-1109",304-387-0198,Mass,Sat,5:00 PM,,Holy Mass,saturday,English,,,,,,
Sacred Heart,"1499 Shady Ln, Hot Springs, Virginia 24445",(540) 839-2603,Mass,Sat,5:00 PM,,Mass,saturday,English,,,,,,
Sacred Heart,"2015 Adams Ave, Huntington, West Virginia 25704-1419",(304) 429-4318,Mass,Sat,5:00 PM,,Mass,saturday,English,,,,,,vigil
Sacred Heart,"1003 Wyoming St, Bluefield, West Virginia 24701",(304) 327-5623,Mass,Sat,6:00 PM,,Mass,saturday,English,,,,,,vigil
Sacred Heart,"418 4th St, Chester, West Virginia 26034-1109",304-387-0198,Mass,Sun,11:00 AM,,Holy Mass,sunday,English,,,,,,
Sacred Heart,"255 W Main St, Covington, Virginia 24426",(540) 962-6541,Mass,Sun,11:00 AM,,Mass,sunday,English,,,,,,
Sacred Heart,"209 Cross St, Hopedale, Ohio 43976",(740) 942-2211,Mass,Sun,11:00 AM,,Mass,sunday,English,Sacred Heart in Hopedale,,,,,
Sacred Heart,"507 Harrison St P.O Box 1310, Princeton, West Virginia 24740-3198",(304) 425-3664,Mass,Sun,11:00 AM,,Mass,sunday,English,"507 Harrison St., Princeton, WV 24740",,,,,
Sacred Heart,"109-13th St, Rainelle, West Virginia 25962-1703",(304) 438-8687,Mass,Sun,11:30 AM,,Mass,sunday,English,Sacred Heart Rainelle,,,,,
Sacred Heart,"1003 Wyoming St, Bluefield, West Virginia 24701",(304) 327-5623,Mass,Sun,9:00 AM,,Mass,sunday,English,,,,,,
Sacred Heart,"1499 Shady Ln, Hot Springs, Virginia 24445",(540) 839-2603,Mass,Sun,9:00 AM,,Mass,sunday,English,,,,,,
Sacred Heart,"2015 Adams Ave, Huntington, West Virginia 25704-1419",(304) 429-4318,Mass,Sun,9:00 AM,,Mass,sunday,English,,,,,,
Sacred Heart,"53 Sacred Heart Ln, Salem, West Virginia 26426",(304) 782-2277,Mass,Sun,9:00 AM,,Mass,sunday,English,Sacred Heart,,,,,Salem
Sacred Heart,"161 Mulberry Ave, Pomeroy, Ohio 45769",(740) 592-2711,Mass,Sun,9:30 AM,,Mass,sunday,English,"Sacred Heart, Pomeroy",,,,,
Sacred Heart,"1003 Wyoming St, Bluefield, West Virginia 24701",(304) 327-5623,Mass,,10:00 AM,,First Friday Mass with Fr. Jojan,special_event,English,,,2026-02-06,,,First Friday Mass with Fr. Jojan
Sacred Heart,"1003 Wyoming St, Bluefield, West Virginia 24701",(304) 327-5623,Mass,,10:00 AM,,Mass,monthly,English,,first_friday_(recurring),,,,
Sacred Heart,"255 W Main St, Covington, Virginia 24426",(540) 962-6541,Mass,,11:00 AM,,Mass,monthly,English,,first_friday_(recurring),,,,
Sacred Heart,"507 Harrison St P.O Box 1310, Princeton, West Virginia 24740-3198",(304) 425-3664,Mass,,11:00 AM,,Mass,special_event,English,"507 Harrison St., Princeton, WV 24740",,2026-02-01,,,Mass
Sacred Heart,"507 Harrison St P.O Box 1310, Princeton, West Virginia 24740-3198",(304) 425-3664,Mass,,12:00 PM,,First Friday Mass,special_event,English,"507 Harrison St., Princeton, WV 24740",,2026-02-06,,,First Friday Mass
Sacred Heart,"507 Harrison St P.O Box 1310, Princeton, West Virginia 24740-3198",(304) 425-3664,Mass,,12:00 PM,,Mass,monthly,English,"507 Harrison St., Princeton, WV 24740",first_friday_(recurring),,,,
Sacred Heart,"418 4th St, Chester, West Virginia 26034-1109",304-387-0198,Mass,,1:30 PM,,Holy Mass,monthly,English,Fox Nursing Home,second_friday,,,,Second
Sacred Heart,"109-13th St, Rainelle, West Virginia 25962-1703",(304) 438-8687,Mass,,6:00 PM,,Mass,monthly,English,,second_friday,,,,Second
Sacred Heart,"161 Mulberry Ave, Pomeroy, Ohio 45769",(740) 592-2711,Mass,,8:30 AM,,Mass,monthly,English,"Sacred Heart, Pomeroy",first_saturday_(recurring),,,,
Sacred Heart,"Rt 52 35508 Coal Heritage Rd, Powhatan, West Virginia 24868",(304) 862-3494   (304) 436-2014 (Welch Parish Number),Mass,,8:30 AM,,Mass,special_event,English,Diocese of Wheeling-Charleston,,2026-01-05,,,Watch the Sunday Morning Mass; Watch the homily from this week’s Mass; Give an Online Offering to the Cathedral; livestream
Sacred Heart,"1003 Wyoming St, Bluefield, West Virginia 24701",(304) 327-5623,Mass,,9:00 AM,,Faith Formation Mass,special_event,English,,,2026-01-18,,,Faith Formation Mass
Sacred Heart,"255 W Main St, Covington, Virginia 24426",(540) 962-6541,Mass,,9:30 AM,,Mass,monthly,English,,first_saturday_(recurring),,,,
Sacred Heart,"418 4th St, Chester, West Virginia 26034-1109",304-387-0198,Confession,Mon,5:00 PM,5:45 PM,Reconciliation,other,English,,,,,,by appointment
Sacred Heart,"2015 Adams Ave, Huntington, West Virginia 25704-1419",(304) 429-4318,Confession,Tue,4:15 PM,4:45 PM,Confession,specific_weekday,English,,,,,,
Sacred Heart,"1003 Wyoming St, Bluefield, West Virginia 24701",(304) 327-5623,Confession,Wed,5:00 PM,,Reconciliation,specific_weekday,English,,,,,,
Sacred Heart,"161 Mulberry Ave, Pomeroy, Ohio 45769",(740) 592-2711,Confession,Sat,3:30 PM,4:00 PM,Confession,saturday,English,"Sacred Heart, Pomeroy",,,,,
Sacred Heart,"418 4th St, Chester, West Virginia 26034-1109",304-387-0198,Confession,Sat,4:00 PM,4:45 PM,Reconciliation,saturday,English,,,,,,
Sacred Heart,"2015 Adams Ave, Huntington, West Virginia 25704-1419",(304) 429-4318,Confession,Sat,4:15 PM,4:45 PM,Confession,saturday,English,,,,,,
Sacred Heart,"1499 Shady Ln, Hot Springs, Virginia 24445",(540) 839-2603,Confession,Sat,4:30 PM,,Confessions,saturday,English,,,,,,before Mass
Sacred Heart,"1003 Wyoming St, Bluefield, West Virginia 24701",(304) 327-5623,Confession,Sat,5:30 PM,,Reconciliation,saturday,English,,,,,,
Sacred Heart,"1003 Wyoming St, Bluefield, West Virginia 24701",(304) 327-5623,Confession,Sun,8:30 AM,,Reconciliation,sunday,English,,,,,,
Sacred Heart,"1499 Shady Ln, Hot Springs, Virginia 24445",(540) 839-2603,Confession,Sun,8:30 AM,,Confessions,sunday,English,,,,,,before Mass
Sacred Heart,"161 Mulberry Ave, Pomeroy, Ohio 45769",(740) 592-2711,Confession,Sun,8:30 AM,9:00 AM,Confession,sunday,English,"Sacred Heart, Pomeroy",,,,,
Sacred Heart,"209 Cross St, Hopedale, Ohio 43976",(740) 942-2211,Confession,Sun,TBD,,Confessions,other,English,,,,after,Mass,Sunday after Mass; after the Mass–12:00; Hopedale
Sacred Heart,"109-13th St, Rainelle, West Virginia 25962-1703",(304) 438-8687,Confession,,6:00 PM,,Reconciliation,monthly,English,,first_friday_(recurring),,,,
Sacred Heart,"255 W Main St, Covington, Virginia 24426",(540) 962-6541,Confession,,TBD,,Confession,parish_event,English,,,,,,During Adoration & Benediction; note: By Appointment
Sacred Heart,"161 Mulberry Ave, Pomeroy, Ohio 45769",(740) 592-2711,Confession,,TBD,,Reconciliation,other,English,,,,,,Confessions are heard anytime by request or appointment.
Sacred Heart,"109-13th St, Rainelle, West Virginia 25962-1703",(304) 438-8687,Confession,,TBD,,Reconciliation,other,English,,,,before,Mass,before every Mass; note: and by appointment
Sacred Heart,"2015 Adams Ave, Huntington, West Virginia 25704-1419",(304) 429-4318,Adoration,Tue,4:00 PM,5:00 PM,Adoration,specific_weekday,English,,,,,,
Sacred Heart,"507 Harrison St P.O Box 1310, Princeton, West Virginia 24740-3198",(304) 425-3664,Adoration,Tue,5:00 PM,,Adoration,specific_weekday,English,"507 Harrison St., Princeton, WV 24740",,,,,
Sacred Heart,"1003 Wyoming St, Bluefield, West Virginia 24701",(304) 327-5623,Adoration,Wed,5:00 PM,,Silent Eucharistic Adoration,specific_weekday,English,,,,,,
Sacred Heart,"161 Mulberry Ave, Pomeroy, Ohio 45769",(740) 592-2711,Adoration,Wed,9:00 AM,10:00 AM,Adoration of the Blessed Sacrament,other,English,Sacred Heart,,,,,exposition
Sacred Heart,"255 W Main St, Covington, Virginia 24426",(540) 962-6541,Adoration,Fri,10:45 AM,11:45 AM,Adoration & Benediction,other,English,,,,,,
Sacred Heart,"2015 Adams Ave, Huntington, West Virginia 25704-1419",(304) 429-4318,Adoration,Fri,9:00 AM,,"Adoration, Exposition and Benediction",specific_weekday,English,,,,,,
Sacred Heart,"255 W Main St, Covington, Virginia 24426",(540) 962-6541,Adoration,,12:00 PM,8:00 PM,Adoration & Benediction,monthly,English,,first_friday_(recurring),,,,
Sacred Heart,"1003 Wyoming St, Bluefield, West Virginia 24701",(304) 327-5623,Devotions,Sat,5:00 PM,,Rosary,saturday,English,,,,,,before 18:00 Mass
Sacred Heart,"1003 Wyoming St, Bluefield, West Virginia 24701",(304) 327-5623,Devotions,Sun,5:00 PM,6:00 PM,Centering Prayer,sunday,English,Day Chapel,,,,,
Sacred Heart,"1003 Wyoming St, Bluefield, West Virginia 24701",(304) 327-5623,Devotions,Sun,8:00 AM,,Rosary,sunday,English,,,,,,before 09:00 Mass
Sacred Heart,"507 Harrison St P.O Box 1310, Princeton, West Virginia 24740-3198",(304) 425-3664,Devotions,,10:15 AM,,Women’s Prayer Group,special_event,English,"507 Harrison St., Princeton, WV 24740",,2026-02-05,,,Women’s Prayer Group
Sacred Heart,"1003 Wyoming St, Bluefield, West Virginia 24701",(304) 327-5623,Devotions,,5:00 PM,,Centering Prayer Group,special_event,English,,,2026-01-11,,,Centering Prayer Group
Sacred Heart,"1003 Wyoming St, Bluefield, West Virginia 24701",(304) 327-5623,Devotions,,5:00 PM,,Centering Prayer Group,special_event,English,,,2026-01-18,,,Centering Prayer Group
Sacred Heart,"1003 Wyoming St, Bluefield, West Virginia 24701",(304) 327-5623,Devotions,,5:00 PM,6:00 PM,Centering Prayer,parish_event,English,Day Chapel,,,,,
Sacred Heart,"109-13th St, Rainelle, West Virginia 25962-1703",(304) 438-8687,Devotions,,6:00 PM,,Benediction,monthly,English,,first_friday_(recurring),,,,exposition
Sacred Heart,"255 W Main St, Covington, Virginia 24426",(540) 962-6541,Devotions,,9:00 AM,,Rosary,monthly,English,,first_saturday_(recurring),,,,
Sacred Heart,"418 4th St, Chester, West Virginia 26034-1109",304-387-0198,Devotions,,TBD,,Rosary,other,English,,,,,,prior to each mass
Sacred Heart,"2015 Adams Ave, Huntington, West Virginia 25704-1419",(304) 429-4318,Devotions,,TBD,,Novena to the Sacred Heart before Benediction,monthly,English,,first_friday_(recurring),,,,check bulletin
Sacred Heart,"1003 Wyoming St, Bluefield, West Virginia 24701",(304) 327-5623,Education,,10:00 AM,,First Sunday Social,special_event,English,,,2026-01-11,,,First Sunday Social
Sacred Heart,"1003 Wyoming St, Bluefield, West Virginia 24701",(304) 327-5623,Education,,10:15 AM,11:15 AM,Religious Education Youth Faith Formation,parish_event,English,,,,,,through May/; Grades Pre-school – 10
Sacred Heart,"1003 Wyoming St, Bluefield, West Virginia 24701",(304) 327-5623,Education,,5:00 PM,,OCIA Meeting,special_event,English,,,2026-01-13,,,OCIA Meeting
Sacred Heart,"1003 Wyoming St, Bluefield, West Virginia 24701",(304) 327-5623,Education,,5:00 PM,,OCIA Meeting,special_event,English,,,2026-01-20,,,OCIA Meeting
Sacred Heart,"1003 Wyoming St, Bluefield, West Virginia 24701",(304) 327-5623,Education,,5:00 PM,,OCIA Meeting,special_event,English,,,2026-01-27,,,OCIA Meeting
Sacred Heart,"507 Harrison St P.O Box 1310, Princeton, West Virginia 24740-3198",(304) 425-3664,Education,,5:30 PM,,OCIA,special_event,English,"507 Harrison St., Princeton, WV 24740",,2026-02-02,,,OCIA
Sacred Heart,"507 Harrison St P.O Box 1310, Princeton, West Virginia 24740-3198",(304) 425-3664,Education,,5:30 PM,,OCIA,special_event,English,"507 Harrison St., Princeton, WV 24740",,2026-02-09,,,OCIA
Sacred Heart,"507 Harrison St P.O Box 1310, Princeton, West Virginia 24740-3198",(304) 425-3664,Education,,6:00 PM,,Faith Formation,special_event,English,"507 Harrison St., Princeton, WV 24740",,2026-02-04,,,Faith Formation
Sacred Heart,"507 Harrison St P.O Box 1310, Princeton, West Virginia 24740-3198",(304) 425-3664,Education,,6:00 PM,,Faith Formation,special_event,English,"507 Harrison St., Princeton, WV 24740",,2026-02-11,,,Faith Formation
Sacred Heart,"507 Harrison St P.O Box 1310, Princeton, West Virginia 24740-3198",(304) 425-3664,Education,,6:30 PM,,Walking with Purpose,special_event,English,"507 Harrison St., Princeton, WV 24740",,2026-02-05,,,Walking with Purpose
Sacred Heart,"1003 Wyoming St, Bluefield, West Virginia 24701",(304) 327-5623,Education,,7:00 PM,,First Saturday Social,special_event,English,,,2026-01-10,,,First Saturday Social
Sacred Heart,"507 Harrison St P.O Box 1310, Princeton, West Virginia 24740-3198",(304) 425-3664,Education,,9:30 AM,,Youth Ministry – Canc,special_event,English,"507 Harrison St., Princeton, WV 24740",,2026-02-01,,,Youth Ministry – Canc
Sacred Heart,"1003 Wyoming St, Bluefield, West Virginia 24701",(304) 327-5623,Community,Wed,10:00 AM,2:00 PM,Food Pantry,specific_weekday,English,,,,,,
Sacred Heart,"1003 Wyoming St, Bluefield, West Virginia 24701",(304) 327-5623,Community,,6:00 PM,,Knights of Columbus Meeting,special_event,English,,,2026-01-12,,,Knights of Columbus Meeting
Sacred Heart,"1003 Wyoming St, Bluefield, West Virginia 24701",(304) 327-5623,Community,,6:00 PM,,Knights of Columbus Meeting,special_event,English,,,2026-01-26,,,Knights of Columbus Meeting
Sacred Heart,"1003 Wyoming St, Bluefield, West Virginia 24701",(304) 327-5623,Community,,6:00 PM,,Knights of Columbus Meeting,monthly,English,,monday,,,,Second and fourth of the month
Sacred Heart,"2015 Adams Ave, Huntington, West Virginia 25704-1419",(304) 429-4318,Community,,6:00 PM,,Men’s Meeting,parish_event,English,,,2026-01-19,,,
Sacred Heart,"1003 Wyoming St, Bluefield, West Virginia 24701",(304) 327-5623,Community,,6:45 PM,,PPC Meeting,special_event,English,,,2026-01-14,,,PPC Meeting
Sacred Heart,"418 4th St, Chester, West Virginia 26034-1109",304-387-0198,Other,Sun,12:15 PM,,Communion Distribution,other,English,Fox Nursing Home,,,,,
Sacred Heart,"2015 Adams Ave, Huntington, West Virginia 25704-1419",(304) 429-4318,Other,,1:00 PM,,"St, Ann Circle",parish_event,English,,,2026-01-13,,,covered dish
Sacred Heart,"1003 Wyoming St, Bluefield, West Virginia 24701",(304) 327-5623,Other,,4:30 PM,,Sacred Heart Grief Support Group,special_event,English,,,2026-02-06,,,Sacred Heart Grief Support Group
Sacred Heart,"507 Harrison St P.O Box 1310, Princeton, West Virginia 24740-3198",(304) 425-3664,Other,,9:30 AM,,One Sunday at a Time – Canc,special_event,English,"507 Harrison St., Princeton, WV 24740",,2026-02-01,,,One Sunday at a Time – Canc
Sacred Heart,"1003 Wyoming St, Bluefield, West Virginia 24701",(304) 327-5623,Other,,TBD,,Vacation Bible School,parish_event,English,,,,,,during the last week of Jun
Sacred Heart,"1003 Wyoming St, Bluefield, West Virginia 24701",(304) 327-5623,Other,,TBD,,Vacation Bible School,parish_event,English,,,,,,during the last week of Jun
Sacred Heart,"1003 Wyoming St, Bluefield, West Virginia 24701",(304) 327-5623,Other,,TBD,,Vacation Bible School,parish_event,English,,,,,,during the last week of Jun
Sacred Heart,"1003 Wyoming St, Bluefield, West Virginia 24701",(304) 327-5623,Other,,TBD,,Vacation Bible School,parish_event,English,,,,,,during the last week of Jun
Sacred Heart,"2222 Jackson Ave, Point Pleasant, West Virginia 25550",(304) 273-2175,Other,,TBD,,Events,special_event,English,,,2026-01-17,,,Events TIME_TBD; FULL; ends Jan 18
Sacred Heart,"161 Mulberry Ave, Pomeroy, Ohio 45769",(740) 592-2711,Other,,TBD,,Devotion to the Sacred Heart of Jesus,other,English,"Sacred Heart, Pomeroy",,,after,,after
Sacred Heart,"160 W 4th Ave, Williamson, West Virginia 25661",(304) 235-3027,Other,,TBD,,Events,special_event,English,,,2026-01-17,,,Events TIME_TBD; FULL; ends Jan 18
Sacred Heart,"160 W 4th Ave, Williamson, West Virginia 25661",(304) 235-3027,Other,,TBD,,Events,special_event,English,,,2026-01-31,,,Events TIME_TBD
Sacred Heart,"160 W 4th Ave, Williamson, West Virginia 25661",(304) 235-3027,Other,,TBD,,Events,special_event,English,,,2026-03-20,,,Events TIME_TBD; ends Mar 22
Sacred Heart - St. James Parish,"1280 Main St, Claysville, Pennsylvania 15323",(724)-225-1425,Mass,,8:00 AM,,Mass,special_event,English,,,2026-03-22,,,Mass
Sacred Heart - St. James Parish,"1280 Main St, Claysville, Pennsylvania 15323",(724)-225-1425,Other,,11:00 AM,,Sacrament Preparation,special_event,English,,,2026-04-11,,,Sacrament Preparation
Sacred Heart - St. James Parish,"1280 Main St, Claysville, Pennsylvania 15323",(724)-225-1425,Other,,6:00 PM,,Sacrament Preparation,special_event,English,,,2026-04-13,,,Sacrament Preparation; note: 18:00 to 20:00
Sacred Heart - St. James Parish,"1280 Main St, Claysville, Pennsylvania 15323",(724)-225-1425,Other,,7:00 PM,,Sacrament Preparation,special_event,English,,,2026-05-21,,,Sacrament Preparation
Sacred Heart - St. James Parish,"1280 Main St, Claysville, Pennsylvania 15323",(724)-225-1425,Other,,9:00 AM,,Sacrament Preparation,special_event,English,,,2026-04-11,,,Sacrament Preparation; note: 09:00 to 11:30
Sacred Heart - St. James Parish,"1280 Main St, Claysville, Pennsylvania 15323",(724)-225-1425,Other,,TBD,,Sacrament Preparation,special_event,English,,,2026-04-25,,,Sacrament Preparation; check bulletin
Sacred Heart Catholic Church,"209 Cross St, Hopedale, OH 43976",+1-740-942-2211,Mass,Fri,12:15 PM,,Mass,specific_weekday,English,Sacred Heart,,,,,
Sacred Heart Catholic Church,"209 Cross St, Hopedale, OH 43976",+1-740-942-2211,Mass,Sun,11:00 AM,,Mass,sunday,English,Sacred Heart in Hopedale,,,,,
Sacred Heart Catholic Church,"209 Cross St, Hopedale, OH 43976",+1-740-942-2211,Confession,Sun,TBD,,Confessions,other,English,,,,after,Mass,after Mass until 12:00; Hopedale
Sacred Heart of Jesus,"130 Keating Dr, Winchester, Virginia 22601-2800",(540) 662-5858,Mass,Mon,6:00 PM,,Mass,specific_weekday,spanish,Winchester,,,,,
Sacred Heart of Jesus,"130 Keating Dr, Winchester, Virginia 22601-2800",(540) 662-5858,Mass,Mon,7:00 AM,,Mass,weekday,English,Winchester,,,,,
Sacred Heart of Jesus,"130 Keating Dr, Winchester, Virginia 22601-2800",(540) 662-5858,Mass,Mon,8:15 AM,,Mass,weekday,English,Winchester,,,,,
Sacred Heart of Jesus,"130 Keating Dr, Winchester, Virginia 22601-2800",(540) 662-5858,Mass,Tue,7:00 AM,,Mass,weekday,English,Winchester,,,,,
Sacred Heart of Jesus,"130 Keating Dr, Winchester, Virginia 22601-2800",(540) 662-5858,Mass,Tue,8:15 AM,,Mass,weekday,English,Winchester,,,,,
Sacred Heart of Jesus,"130 Keating Dr, Winchester, Virginia 22601-2800",(540) 662-5858,Mass,Tue,9:00 AM,,Mass,specific_weekday,English,Stephens City,,,,,
Sacred Heart of Jesus,"130 Keating Dr, Winchester, Virginia 22601-2800",(540) 662-5858,Mass,Wed,7:00 AM,,Mass,weekday,English,Winchester,,,,,
Sacred Heart of Jesus,"130 Keating Dr, Winchester, Virginia 22601-2800",(540) 662-5858,Mass,Wed,8:15 AM,,Mass,weekday,English,Winchester,,,,,
Sacred Heart of Jesus,"130 Keating Dr, Winchester, Virginia 22601-2800",(540) 662-5858,Mass,Wed,9:00 AM,,Mass,specific_weekday,English,Stephens City,,,,,
Sacred Heart of Jesus,"130 Keating Dr, Winchester, Virginia 22601-2800",(540) 662-5858,Mass,Thu,6:00 PM,,Mass,specific_weekday,spanish,Winchester,,,,,
Sacred Heart of Jesus,"130 Keating Dr, Winchester, Virginia 22601-2800",(540) 662-5858,Mass,Thu,7:00 AM,,Mass,weekday,English,Winchester,,,,,
Sacred Heart of Jesus,"130 Keating Dr, Winchester, Virginia 22601-2800",(540) 662-5858,Mass,Thu,8:15 AM,,Mass,weekday,English,Winchester,,,,,
Sacred Heart of Jesus,"130 Keating Dr, Winchester, Virginia 22601-2800",(540) 662-5858,Mass,Fri,7:00 AM,,Mass,weekday,English,Winchester,,,,,
Sacred Heart of Jesus,"130 Keating Dr, Winchester, Virginia 22601-2800",(540) 662-5858,Mass,Fri,8:15 AM,,Mass,weekday,English,Winchester,,,,,
Sacred Heart of Jesus,"130 Keating Dr, Winchester, Virginia 22601-2800",(540) 662-5858,Mass,Fri,9:00 AM,,Mass,specific_weekday,English,Stephens City,,,,,
Sacred Heart of Jesus,"130 Keating Dr, Winchester, Virginia 22601-2800",(540) 662-5858,Mass,Sat,4:30 PM,,Mass,saturday,English,Winchester,,,,,vigil
Sacred Heart of Jesus,"130 Keating Dr, Winchester, Virginia 22601-2800",(540) 662-5858,Mass,Sat,8:15 AM,,Mass,saturday,English,Winchester,,,,,
Sacred Heart of Jesus,"130 Keating Dr, Winchester, Virginia 22601-2800",(540) 662-5858,Mass,Sun,11:15 AM,,Mass,sunday,English,Winchester,,,,,
Sacred Heart of Jesus,"130 Keating Dr, Winchester, Virginia 22601-2800",(540) 662-5858,Mass,Sun,1:15 PM,,Mass,sunday,spanish,Winchester,,,,,
Sacred Heart of Jesus,"130 Keating Dr, Winchester, Virginia 22601-2800",(540) 662-5858,Mass,Sun,5:30 PM,,Mass,sunday,English,Winchester,,,,,
Sacred Heart of Jesus,"130 Keating Dr, Winchester, Virginia 22601-2800",(540) 662-5858,Mass,Sun,7:30 AM,,Mass,sunday,English,Winchester,,,,,
Sacred Heart of Jesus,"130 Keating Dr, Winchester, Virginia 22601-2800",(540) 662-5858,Mass,Sun,9:30 AM,,Mass,sunday,English,Winchester,,,,,
Sacred Heart of Jesus,"130 Keating Dr, Winchester, Virginia 22601-2800",(540) 662-5858,Confession,Wed,6:30 PM,,Confessions,specific_weekday,English,Winchester,,,,,
Sacred Heart of Jesus,"130 Keating Dr, Winchester, Virginia 22601-2800",(540) 662-5858,Confession,Sat,4:30 PM,5:30 PM,Confessions,saturday,English,Winchester,,,,,
Sacred Heart of Jesus,"130 Keating Dr, Winchester, Virginia 22601-2800",(540) 662-5858,Confession,Sun,TBD,,Confessions,sunday,English,Winchester,,,,,during all Masses
Sacred Heart of Jesus,"130 Keating Dr, Winchester, Virginia 22601-2800",(540) 662-5858,Confession,,5:00 PM,,Confessions,monthly,English,Winchester,first_friday_(recurring),,,,
Sacred Heart of Jesus,"130 Keating Dr, Winchester, Virginia 22601-2800",(540) 662-5858,Confession,,9:00 AM,,Confessions,monthly,English,Winchester,first_friday_(recurring),,,,
Sacred Heart of Jesus,"130 Keating Dr, Winchester, Virginia 22601-2800",(540) 662-5858,Adoration,Wed,TBD,,Eucharistic Adoration,other,English,,,,,,Sign up for Eucharistic Adoration
Sacred Heart of Jesus,"130 Keating Dr, Winchester, Virginia 22601-2800",(540) 662-5858,Other,,TBD,,Pilgrimage to Ireland,parish_event,English,,,2026-05-18,,,ends May 28
Sacred Heart of Jesus,"130 Keating Dr, Winchester, Virginia 22601-2800",(540) 662-5858,Other,,TBD,,Pilgrimage to Poland,parish_event,English,,,2026-06-07,,,ends Jun 19
Sacred Heart of Jesus,"130 Keating Dr, Winchester, Virginia 22601-2800",(540) 662-5858,Private,,TBD,,Private Prayer and Worship,other,English,,,,,,daily; The church will be open for private prayer and worship
"Sacred Heart of Jesus, Stephens City","199 Agape Wy, Stephens City, Virginia 22655",540-662-5858,Mass,Mon,6:00 PM,,Mass,specific_weekday,spanish,,,,,,
"Sacred Heart of Jesus, Stephens City","199 Agape Wy, Stephens City, Virginia 22655",540-662-5858,Mass,Mon,7:00 AM,,Mass,weekday,English,,,,,,
"Sacred Heart of Jesus, Stephens City","199 Agape Wy, Stephens City, Virginia 22655",540-662-5858,Mass,Tue,7:00 AM,,Mass,weekday,English,,,,,,
"Sacred Heart of Jesus, Stephens City","199 Agape Wy, Stephens City, Virginia 22655",540-662-5858,Mass,Tue,9:00 AM,,Mass,specific_weekday,English,,,,,,
"Sacred Heart of Jesus, Stephens City","199 Agape Wy, Stephens City, Virginia 22655",540-662-5858,Mass,Wed,7:00 AM,,Mass,weekday,English,,,,,,
"Sacred Heart of Jesus, Stephens City","199 Agape Wy, Stephens City, Virginia 22655",540-662-5858,Mass,Wed,9:00 AM,,Mass,specific_weekday,English,,,,,,
"Sacred Heart of Jesus, Stephens City","199 Agape Wy, Stephens City, Virginia 22655",540-662-5858,Mass,Thu,6:00 PM,,Mass,specific_weekday,spanish,,,,,,
"Sacred Heart of Jesus, Stephens City","199 Agape Wy, Stephens City, Virginia 22655",540-662-5858,Mass,Thu,7:00 AM,,Mass,weekday,English,,,,,,
"Sacred Heart of Jesus, Stephens City","199 Agape Wy, Stephens City, Virginia 22655",540-662-5858,Mass,Fri,7:00 AM,,Mass,weekday,English,,,,,,
"Sacred Heart of Jesus, Stephens City","199 Agape Wy, Stephens City, Virginia 22655",540-662-5858,Mass,Fri,9:00 AM,,Mass,specific_weekday,English,,,,,,
"Sacred Heart of Jesus, Stephens City","199 Agape Wy, Stephens City, Virginia 22655",540-662-5858,Mass,Sat,5:30 PM,,Mass of Anticipation,saturday,English,,,,,,vigil
"Sacred Heart of Jesus, Stephens City","199 Agape Wy, Stephens City, Virginia 22655",540-662-5858,Mass,Sat,8:15 AM,,Mass,saturday,English,,,,,,
"Sacred Heart of Jesus, Stephens City","199 Agape Wy, Stephens City, Virginia 22655",540-662-5858,Mass,Sat,9:00 AM,,Mass,saturday,English,,,,,,
"Sacred Heart of Jesus, Stephens City","199 Agape Wy, Stephens City, Virginia 22655",540-662-5858,Mass,Sun,11:15 AM,,Mass,sunday,English,,,,,,
"Sacred Heart of Jesus, Stephens City","199 Agape Wy, Stephens City, Virginia 22655",540-662-5858,Mass,Sun,1:15 PM,,Mass,sunday,spanish,,,,,,
"Sacred Heart of Jesus, Stephens City","199 Agape Wy, Stephens City, Virginia 22655",540-662-5858,Mass,Sun,4:30 PM,,Mass of Anticipation,sunday,English,,,,,,vigil
"Sacred Heart of Jesus, Stephens City","199 Agape Wy, Stephens City, Virginia 22655",540-662-5858,Mass,Sun,5:30 PM,,Mass,sunday,English,,,,,,
"Sacred Heart of Jesus, Stephens City","199 Agape Wy, Stephens City, Virginia 22655",540-662-5858,Mass,Sun,7:30 AM,,Mass,sunday,English,,,,,,
"Sacred Heart of Jesus, Stephens City","199 Agape Wy, Stephens City, Virginia 22655",540-662-5858,Mass,Sun,9:30 AM,,Mass,sunday,English,,,,,,
"Sacred Heart of Jesus, Stephens City","199 Agape Wy, Stephens City, Virginia 22655",540-662-5858,Confession,Wed,6:30 PM,,Confessions,specific_weekday,English,,,,,,until the line runs out
"Sacred Heart of Jesus, Stephens City","199 Agape Wy, Stephens City, Virginia 22655",540-662-5858,Confession,Sat,4:30 PM,5:30 PM,Confessions,saturday,English,,,,,,
"Sacred Heart of Jesus, Stephens City","199 Agape Wy, Stephens City, Virginia 22655",540-662-5858,Confession,Sun,TBD,,Confessions,other,English,,,,,,during all Masses and by appointment; 540-662-5858
"Sacred Heart of Jesus, Stephens City","199 Agape Wy, Stephens City, Virginia 22655",540-662-5858,Confession,,5:00 PM,,Confessions,monthly,English,,first_friday_(recurring),,,,
"Sacred Heart of Jesus, Stephens City","199 Agape Wy, Stephens City, Virginia 22655",540-662-5858,Confession,,9:00 AM,,Confessions,monthly,English,,first_friday_(recurring),,,,
Sacred Heart of Mary,"200 Preston Ave, Weirton, West Virginia 26062",(304) 723-7175,Mass,Tue,6:00 PM,,Mass,specific_weekday,English,,,,,,livestream
Sacred Heart of Mary,"200 Preston Ave, Weirton, West Virginia 26062",(304) 723-7175,Mass,Wed,8:30 AM,,Mass,specific_weekday,English,,,,,,
Sacred Heart of Mary,"200 Preston Ave, Weirton, West Virginia 26062",(304) 723-7175,Mass,Thu,6:00 PM,,Mass,specific_weekday,English,,,,,,livestream
Sacred Heart of Mary,"200 Preston Ave, Weirton, West Virginia 26062",(304) 723-7175,Mass,Fri,8:30 AM,,Mass,specific_weekday,English,,,,,,
Sacred Heart of Mary,"200 Preston Ave, Weirton, West Virginia 26062",(304) 723-7175,Mass,Sat,5:30 PM,,Vigil Mass,saturday,English,,,,,,livestream
Sacred Heart of Mary,"200 Preston Ave, Weirton, West Virginia 26062",(304) 723-7175,Mass,Sun,9:00 AM,,Mass,sunday,English,,,,,,livestream
Sacred Heart of Mary,"200 Preston Ave, Weirton, West Virginia 26062",(304) 723-7175,Confession,Thu,TBD,,Confessions,other,English,,,,after,Mass,Thursday after Mass; after Mass; by appointment
Sacred Heart of Mary,"200 Preston Ave, Weirton, West Virginia 26062",(304) 723-7175,Confession,Sat,12:00 PM,1:00 PM,Confessions,other,English,,,,,,
Saint John the Baptist Byzantine Catholic Church,"176 Cross Creek Rd, Avella, PA 15312",+1-817-271-0968,Mass,Wed,9:00 AM,,Divine Liturgy,specific_weekday,English,Saint John the Baptist Byzantine Catholic Church,,,,,
Saint John the Baptist Byzantine Catholic Church,"176 Cross Creek Rd, Avella, PA 15312",+1-817-271-0968,Mass,Sun,8:45 AM,,Divine Liturgy,sunday,English,Saint John the Baptist Byzantine Catholic Church,,,,,
Saint John the Baptist Byzantine Catholic Church,"176 Cross Creek Rd, Avella, PA 15312",+1-817-271-0968,Confession,Sat,9:00 AM,11:00 AM,Confessions,saturday,English,Saint John the Baptist Byzantine Catholic Church,,,,,or by appointment
Saints John & Paul Catholic Church - St. Luke the Evangelist Parish,"2586 Wexford Bayne Rd, Sewickley, Pennsylvania 15143",(724) 935-2104,Mass,Mon,9:00 AM,,Mass,specific_weekday,english,Saints John & Paul Grotto Chapel,,,,,chapel
Saints John & Paul Catholic Church - St. Luke the Evangelist Parish,"2586 Wexford Bayne Rd, Sewickley, Pennsylvania 15143",(724) 935-2104,Mass,Tue,7:00 AM,,Mass,specific_weekday,english,Saints John & Paul Grotto Chapel,,,,,chapel
Saints John & Paul Catholic Church - St. Luke the Evangelist Parish,"2586 Wexford Bayne Rd, Sewickley, Pennsylvania 15143",(724) 935-2104,Mass,Thu,7:00 AM,,Mass,specific_weekday,english,Saints John & Paul Grotto Chapel,,,,,chapel
Saints John & Paul Catholic Church - St. Luke the Evangelist Parish,"2586 Wexford Bayne Rd, Sewickley, Pennsylvania 15143",(724) 935-2104,Mass,Fri,9:00 AM,,Mass,specific_weekday,english,Saints John & Paul Grotto Chapel,,,,,chapel
Saints John & Paul Catholic Church - St. Luke the Evangelist Parish,"2586 Wexford Bayne Rd, Sewickley, Pennsylvania 15143",(724) 935-2104,Mass,Sun,11:00 AM,,Mass,sunday,english,Saints John & Paul,,,,,
Saints John & Paul Catholic Church - St. Luke the Evangelist Parish,"2586 Wexford Bayne Rd, Sewickley, Pennsylvania 15143",(724) 935-2104,Mass,Sun,7:30 AM,,Mass,sunday,english,Saints John & Paul,,,,,
Saints John & Paul Catholic Church - St. Luke the Evangelist Parish,"2586 Wexford Bayne Rd, Sewickley, Pennsylvania 15143",(724) 935-2104,Mass,Sun,9:00 AM,,Mass,sunday,english,Saints John & Paul,,,,,
Saints John & Paul Catholic Church - St. Luke the Evangelist Parish,"2586 Wexford Bayne Rd, Sewickley, Pennsylvania 15143",(724) 935-2104,Mass,,5:00 PM,,Mass,monthly,english,Saints John & Paul,first_saturday,,,,note: First Saturday of every month is a Sensory Friendly Mass
Saints John & Paul Catholic Church - St. Luke the Evangelist Parish,"2586 Wexford Bayne Rd, Sewickley, Pennsylvania 15143",(724) 935-2104,Confession,Thu,6:00 PM,,Confessions,specific_weekday,English,Saints John & Paul,,,,,Church
Saints John & Paul Catholic Church - St. Luke the Evangelist Parish,"2586 Wexford Bayne Rd, Sewickley, Pennsylvania 15143",(724) 935-2104,Confession,Sat,4:00 PM,,Confessions,saturday,English,Saints John & Paul,,,,,Church
Saints John & Paul Catholic Church - St. Luke the Evangelist Parish,"2586 Wexford Bayne Rd, Sewickley, Pennsylvania 15143",(724) 935-2104,Confession,,10:00 AM,,First Reconciliation,special_event,English,Saints John & Paul Church,,2026-04-11,,,First Reconciliation
Saints John & Paul Catholic Church - St. Luke the Evangelist Parish,"2586 Wexford Bayne Rd, Sewickley, Pennsylvania 15143",(724) 935-2104,Confession,,10:00 AM,,First Reconciliation,special_event,English,Saints John & Paul,,2026-04-25,,,First Reconciliation
Saints John & Paul Catholic Church - St. Luke the Evangelist Parish,"2586 Wexford Bayne Rd, Sewickley, Pennsylvania 15143",(724) 935-2104,Confession,,10:00 AM,,First Reconciliation,special_event,English,Saints John & Paul,,2026-05-02,,,First Reconciliation
Saints John & Paul Catholic Church - St. Luke the Evangelist Parish,"2586 Wexford Bayne Rd, Sewickley, Pennsylvania 15143",(724) 935-2104,Confession,,2:00 PM,,First Reconciliation,special_event,English,Saints John & Paul,,2026-05-03,,,First Reconciliation
Saints John & Paul Catholic Church - St. Luke the Evangelist Parish,"2586 Wexford Bayne Rd, Sewickley, Pennsylvania 15143",(724) 935-2104,Adoration,Sat,12:00 AM,11:59 PM,Exposition,weekday,English,Saints John & Paul Grotto Chapel,,,,,chapel; exposition; note: Perpetual; suspended on Saturdays for maintenance
Saints Peter and Paul Church - Our Lady of the Valley Parish,"255 3rd St {PA-68}, Beaver, Pennsylvania 15009",(724) 775-4111,Mass,Mon,7:30 AM,,Mass,specific_weekday,English,Saints Peter and Paul Church,,,,,
Saints Peter and Paul Church - Our Lady of the Valley Parish,"255 3rd St {PA-68}, Beaver, Pennsylvania 15009",(724) 775-4111,Mass,Tue,7:30 AM,,Mass,specific_weekday,English,Saints Peter and Paul Church,,,,,
Saints Peter and Paul Church - Our Lady of the Valley Parish,"255 3rd St {PA-68}, Beaver, Pennsylvania 15009",(724) 775-4111,Mass,Thu,7:30 AM,,Mass,specific_weekday,English,Saints Peter and Paul Church,,,,,
Saints Peter and Paul Church - Our Lady of the Valley Parish,"255 3rd St {PA-68}, Beaver, Pennsylvania 15009",(724) 775-4111,Mass,Sat,6:00 PM,,Mass,saturday,English,Saints Peter and Paul,,,,,vigil
Saints Peter and Paul Church - Our Lady of the Valley Parish,"255 3rd St {PA-68}, Beaver, Pennsylvania 15009",(724) 775-4111,Mass,Sat,9:00 AM,,Mass,saturday,English,Saints Peter and Paul Church,,,,,
Saints Peter and Paul Church - Our Lady of the Valley Parish,"255 3rd St {PA-68}, Beaver, Pennsylvania 15009",(724) 775-4111,Mass,Sun,10:00 AM,,Mass,sunday,English,Saints Peter and Paul,,,,,
Saints Peter and Paul Church - Our Lady of the Valley Parish,"255 3rd St {PA-68}, Beaver, Pennsylvania 15009",(724) 775-4111,Mass,Sun,7:30 AM,,Mass,sunday,English,Saints Peter and Paul Church,,,,,
Saints Peter and Paul Church - Our Lady of the Valley Parish,"255 3rd St {PA-68}, Beaver, Pennsylvania 15009",(724) 775-4111,Mass,,10:00 PM,,Ash Wednesday Mass,special_event,English,Saints Peter and Paul Church,,2026-02-18,,,Ash Wednesday Mass
Saints Peter and Paul Church - Our Lady of the Valley Parish,"255 3rd St {PA-68}, Beaver, Pennsylvania 15009",(724) 775-4111,Mass,,4:00 PM,,Ash Wednesday Mass,special_event,English,Saints Peter and Paul Church,,2026-02-18,,,Ash Wednesday Mass
Saints Peter and Paul Church - Our Lady of the Valley Parish,"255 3rd St {PA-68}, Beaver, Pennsylvania 15009",(724) 775-4111,Mass,,9:00 AM,,Ash Wednesday Mass,special_event,English,Saints Peter and Paul Church,,2026-02-18,,,Ash Wednesday Mass
Saints Peter and Paul Church - Our Lady of the Valley Parish,"255 3rd St {PA-68}, Beaver, Pennsylvania 15009",(724) 775-4111,Confession,Mon,6:00 PM,6:45 PM,Confession,specific_weekday,English,,,,,,
Saints Peter and Paul Church - Our Lady of the Valley Parish,"255 3rd St {PA-68}, Beaver, Pennsylvania 15009",(724) 775-4111,Confession,Wed,6:00 PM,6:45 PM,Confession,specific_weekday,English,,,,,,
Saints Peter and Paul Church - Our Lady of the Valley Parish,"255 3rd St {PA-68}, Beaver, Pennsylvania 15009",(724) 775-4111,Confession,Sat,12:00 PM,1:00 PM,Confession,saturday,English,,,,,,
Saints Peter and Paul Church - Our Lady of the Valley Parish,"255 3rd St {PA-68}, Beaver, Pennsylvania 15009",(724) 775-4111,Confession,Sat,3:00 PM,3:45 PM,Confession,saturday,English,,,,,,
Saints Peter and Paul Church - Our Lady of the Valley Parish,"255 3rd St {PA-68}, Beaver, Pennsylvania 15009",(724) 775-4111,Adoration,Fri,12:00 PM,4:00 PM,Adoration,specific_weekday,English,Saints Peter and Paul Church,,,,,exposition
Ss. Peter & Paul (Ukrainian),"2001 Main St, Aliquippa, Pennsylvania 15001",+17242662262,Mass,Sat,6:00 PM,,Divine Liturgy,saturday,English,,,,,,vigil
Ss. Peter & Paul (Ukrainian),"2001 Main St, Aliquippa, Pennsylvania 15001",+17242662262,Mass,Sun,11:00 AM,,Divine Liturgy,sunday,english,,,,,,
Ss. Peter & Paul (Ukrainian),"2001 Main St, Aliquippa, Pennsylvania 15001",+17242662262,Mass,Sun,8:00 AM,,Divine Liturgy,sunday,English,,,,,,church slavonic
St Bridget of Ireland Church,"1024 W Main St, Berryville, Virginia 22611",(540) 277-2943,Mass,Mon,12:00 PM,,Mass,specific_weekday,English,,,,,,
St Bridget of Ireland Church,"1024 W Main St, Berryville, Virginia 22611",(540) 277-2943,Mass,Tue,12:00 PM,,Mass,specific_weekday,English,,,,,,
St Bridget of Ireland Church,"1024 W Main St, Berryville, Virginia 22611",(540) 277-2943,Mass,Wed,9:00 AM,,Mass,specific_weekday,English,,,,,,
St Bridget of Ireland Church,"1024 W Main St, Berryville, Virginia 22611",(540) 277-2943,Mass,Thu,12:00 PM,,Mass,specific_weekday,English,,,,,,
St Bridget of Ireland Church,"1024 W Main St, Berryville, Virginia 22611",(540) 277-2943,Mass,Fri,12:00 PM,,Mass,specific_weekday,English,,,,,,
St Bridget of Ireland Church,"1024 W Main St, Berryville, Virginia 22611",(540) 277-2943,Mass,Sat,5:30 PM,,Mass,saturday,English,,,,,,vigil
St Bridget of Ireland Church,"1024 W Main St, Berryville, Virginia 22611",(540) 277-2943,Mass,Sat,9:00 AM,,Mass,saturday,English,,,,,,
St Bridget of Ireland Church,"1024 W Main St, Berryville, Virginia 22611",(540) 277-2943,Mass,Sun,12:00 PM,,Mass,sunday,English,,,,,,
St Bridget of Ireland Church,"1024 W Main St, Berryville, Virginia 22611",(540) 277-2943,Mass,Sun,9:00 AM,,Mass,sunday,English,,,,,,
St Bridget of Ireland Church,"1024 W Main St, Berryville, Virginia 22611",(540) 277-2943,Mass,,12:00 PM,,Holy Day Mass,special_event,English,,,2025-01-01,,,Holy Day Mass
St Bridget of Ireland Church,"1024 W Main St, Berryville, Virginia 22611",(540) 277-2943,Mass,,12:00 PM,,Holy Day Mass,special_event,English,,,2025-08-15,,,Holy Day Mass
St Bridget of Ireland Church,"1024 W Main St, Berryville, Virginia 22611",(540) 277-2943,Mass,,12:00 PM,,Holy Day Mass,special_event,English,,,2025-11-01,,,Holy Day Mass
St Bridget of Ireland Church,"1024 W Main St, Berryville, Virginia 22611",(540) 277-2943,Mass,,12:00 PM,,Holy Day Mass,special_event,English,,,2025-12-08,,,Holy Day Mass
St Bridget of Ireland Church,"1024 W Main St, Berryville, Virginia 22611",(540) 277-2943,Mass,,12:00 PM,,Holy Day Mass,special_event,English,,,2025-12-25,,,Holy Day Mass
St Bridget of Ireland Church,"1024 W Main St, Berryville, Virginia 22611",(540) 277-2943,Mass,,7:00 PM,,Holy Day Mass,special_event,English,,,2025-01-01,,,Holy Day Mass; livestream
St Bridget of Ireland Church,"1024 W Main St, Berryville, Virginia 22611",(540) 277-2943,Mass,,7:00 PM,,Holy Day Mass,special_event,English,,,2025-08-15,,,Holy Day Mass; livestream
St Bridget of Ireland Church,"1024 W Main St, Berryville, Virginia 22611",(540) 277-2943,Mass,,7:00 PM,,Holy Day Mass,special_event,English,,,2025-11-01,,,Holy Day Mass; livestream
St Bridget of Ireland Church,"1024 W Main St, Berryville, Virginia 22611",(540) 277-2943,Mass,,7:00 PM,,Holy Day Mass,special_event,English,,,2025-12-08,,,Holy Day Mass; livestream
St Bridget of Ireland Church,"1024 W Main St, Berryville, Virginia 22611",(540) 277-2943,Mass,,7:00 PM,,Holy Day Mass,special_event,English,,,2025-12-25,,,Holy Day Mass; livestream
St Bridget of Ireland Church,"1024 W Main St, Berryville, Virginia 22611",(540) 277-2943,Confession,Mon,7:30 PM,8:30 PM,Confessions,specific_weekday,English,,,,,,
St Bridget of Ireland Church,"1024 W Main St, Berryville, Virginia 22611",(540) 277-2943,Confession,Sat,4:00 PM,5:00 PM,Confessions,saturday,English,,,,,,
St Bridget of Ireland Church,"1024 W Main St, Berryville, Virginia 22611",(540) 277-2943,Confession,,1:00 PM,2:00 PM,Confessions,monthly,English,,first_friday_(recurring),,,,
St Bridget of Ireland Church,"1024 W Main St, Berryville, Virginia 22611",(540) 277-2943,Adoration,Mon,4:00 PM,5:00 PM,Eucharistic Adoration,specific_weekday,English,,,,,,
St Bridget of Ireland Church,"1024 W Main St, Berryville, Virginia 22611",(540) 277-2943,Adoration,,1:00 PM,2:00 PM,Eucharistic Adoration,monthly,English,,first_friday_(recurring),,,,
St Bridget of Ireland Church,"1024 W Main St, Berryville, Virginia 22611",(540) 277-2943,Devotions,Mon,11:30 AM,,Recitation of the Rosary,specific_weekday,English,,,,,,
St Bridget of Ireland Church,"1024 W Main St, Berryville, Virginia 22611",(540) 277-2943,Devotions,Tue,11:30 AM,,Recitation of the Rosary,specific_weekday,English,,,,,,
St Bridget of Ireland Church,"1024 W Main St, Berryville, Virginia 22611",(540) 277-2943,Devotions,Wed,8:30 AM,,Recitation of the Rosary,specific_weekday,English,,,,,,
St Bridget of Ireland Church,"1024 W Main St, Berryville, Virginia 22611",(540) 277-2943,Devotions,Thu,11:30 AM,,Recitation of the Rosary,specific_weekday,English,,,,,,
St Bridget of Ireland Church,"1024 W Main St, Berryville, Virginia 22611",(540) 277-2943,Devotions,Fri,11:30 AM,,Recitation of the Rosary,specific_weekday,English,,,,,,
St Bridget of Ireland Church,"1024 W Main St, Berryville, Virginia 22611",(540) 277-2943,Devotions,,1:00 PM,,Recitation of the Rosary,monthly,English,,first_friday_(recurring),,,,
St Ferdinand Church - Divine Grace Parish,"2535 Rochester Rd, Cranberry, Pennsylvania 16066",(724) 776-2888,Mass,Mon,8:30 AM,,Mass,specific_weekday,english,Saint Ferdinand Church,,,,,
St Ferdinand Church - Divine Grace Parish,"2535 Rochester Rd, Cranberry, Pennsylvania 16066",(724) 776-2888,Mass,Wed,7:00 PM,,Mass,specific_weekday,english,Saint Ferdinand Church,,,,,
St Ferdinand Church - Divine Grace Parish,"2535 Rochester Rd, Cranberry, Pennsylvania 16066",(724) 776-2888,Mass,Fri,8:30 AM,,Mass,specific_weekday,english,Saint Ferdinand Church,,,,,
St Ferdinand Church - Divine Grace Parish,"2535 Rochester Rd, Cranberry, Pennsylvania 16066",(724) 776-2888,Mass,Sat,4:00 PM,,Mass,saturday,english,Saint Ferdinand Church,,,,,vigil
St Ferdinand Church - Divine Grace Parish,"2535 Rochester Rd, Cranberry, Pennsylvania 16066",(724) 776-2888,Mass,Sat,6:00 PM,,Mass,saturday,english,Saint Ferdinand Church,,,,,vigil
St Ferdinand Church - Divine Grace Parish,"2535 Rochester Rd, Cranberry, Pennsylvania 16066",(724) 776-2888,Mass,Sun,10:00 AM,,Mass,sunday,english,Saint Ferdinand Church,,,,,
St Ferdinand Church - Divine Grace Parish,"2535 Rochester Rd, Cranberry, Pennsylvania 16066",(724) 776-2888,Mass,Sun,12:00 PM,,Mass,sunday,english,Saint Ferdinand Church,,,,,
St Ferdinand Church - Divine Grace Parish,"2535 Rochester Rd, Cranberry, Pennsylvania 16066",(724) 776-2888,Mass,Sun,5:00 PM,,Mass,sunday,english,Saint Ferdinand Church,,,,,
St Ferdinand Church - Divine Grace Parish,"2535 Rochester Rd, Cranberry, Pennsylvania 16066",(724) 776-2888,Mass,Sun,8:00 AM,,Mass,sunday,english,Saint Ferdinand Church,,,,,
St Ferdinand Church - Divine Grace Parish,"2535 Rochester Rd, Cranberry, Pennsylvania 16066",(724) 776-2888,Mass,,7:00 PM,,Mass,special_event,english,Saint Ferdinand Church,,2026-01-26,,,Mass
St Ferdinand Church - Divine Grace Parish,"2535 Rochester Rd, Cranberry, Pennsylvania 16066",(724) 776-2888,Mass,,7:00 PM,,Mass,special_event,english,Saint Ferdinand Church,,2026-02-09,,,Mass
St Ferdinand Church - Divine Grace Parish,"2535 Rochester Rd, Cranberry, Pennsylvania 16066",(724) 776-2888,Mass,,8:30 AM,,Mass,monthly,english,Saint Ferdinand Church,first_saturday_(recurring),,,,
St Ferdinand Church - Divine Grace Parish,"2535 Rochester Rd, Cranberry, Pennsylvania 16066",(724) 776-2888,Confession,Mon,12:00 PM,1:00 PM,Confession,specific_weekday,English,Saint Ferdinand Church,,,,,December 22
St Ferdinand Church - Divine Grace Parish,"2535 Rochester Rd, Cranberry, Pennsylvania 16066",(724) 776-2888,Confession,Wed,5:00 PM,7:00 PM,Confession,specific_weekday,English,Saint Ferdinand Church,,,,,December 17 - The Light is On for You
St Ferdinand Church - Divine Grace Parish,"2535 Rochester Rd, Cranberry, Pennsylvania 16066",(724) 776-2888,Confession,Sat,10:00 AM,11:00 AM,Confession,saturday,English,Saint Ferdinand Church,,,,,
St Ferdinand Church - Divine Grace Parish,"2535 Rochester Rd, Cranberry, Pennsylvania 16066",(724) 776-2888,Adoration,Wed,9:00 AM,6:30 PM,Adoration,specific_weekday,English,Saint Ferdinand Church,,,,,All Day Adoration
St Ferdinand Church - Divine Grace Parish,"2535 Rochester Rd, Cranberry, Pennsylvania 16066",(724) 776-2888,Adoration,Fri,9:00 AM,10:00 AM,Adoration,specific_weekday,English,Saint Ferdinand Church,,,,,after the 08:30 Mass
St Ferdinand Church - Divine Grace Parish,"2535 Rochester Rd, Cranberry, Pennsylvania 16066",(724) 776-2888,Private,,10:00 AM,5:00 PM,Private Prayer Schedule,other,English,St. Ferdinand,,,,,M F
St John Neumann,"714 10th Ave, Marlinton, West Virginia 24954",(304) 799-6778,Mass,Sat,5:30 PM,,Mass,saturday,English,St. John Neumann Church,,,,,November to April
St John Neumann,"714 10th Ave, Marlinton, West Virginia 24954",(304) 799-6778,Mass,Sat,6:30 PM,,Mass,saturday,English,St. John Neumann Church,,,,,May to October
St John Neumann,"714 10th Ave, Marlinton, West Virginia 24954",(304) 799-6778,Mass,Sun,9:00 AM,,Mass,sunday,English,St. John Neumann Church,,,,,
St John Neumann,"714 10th Ave, Marlinton, West Virginia 24954",(304) 799-6778,Mass,,TBD,,Mass,specific_weekday,English,St. John Neumann Church,,,,,Weekdays; as announced in bulletin
St Joseph Catholic Church,"1007 Independence Rd, Grundy, VA 24614",+1-276-988-4626,Mass,Sat,4:00 PM,,Mass,saturday,English,St. Joesph’s Catholic Church,,,,,
St Margaret Mary Church - Most Sacred Heart of Jesus Parish,"One Parish Pl, Moon Township, Pennsylvania 15108",(412) 264-2573,Mass,Mon,8:30 AM,,Mass,specific_weekday,English,St. Margaret Mary,,,,,
St Margaret Mary Church - Most Sacred Heart of Jesus Parish,"One Parish Pl, Moon Township, Pennsylvania 15108",(412) 264-2573,Mass,Tue,8:30 AM,,Mass,specific_weekday,English,St. Margaret Mary,,,,,
St Margaret Mary Church - Most Sacred Heart of Jesus Parish,"One Parish Pl, Moon Township, Pennsylvania 15108",(412) 264-2573,Mass,Wed,8:30 AM,,Mass,specific_weekday,English,St. Margaret Mary,,,,,
St Margaret Mary Church - Most Sacred Heart of Jesus Parish,"One Parish Pl, Moon Township, Pennsylvania 15108",(412) 264-2573,Mass,Fri,8:30 AM,,Mass,specific_weekday,English,St. Margaret Mary,,,,,
St Margaret Mary Church - Most Sacred Heart of Jesus Parish,"One Parish Pl, Moon Township, Pennsylvania 15108",(412) 264-2573,Mass,Sat,4:00 PM,,Mass,saturday,English,St. Margaret Mary,,,,,vigil; vigil
St Margaret Mary Church - Most Sacred Heart of Jesus Parish,"One Parish Pl, Moon Township, Pennsylvania 15108",(412) 264-2573,Mass,Sun,9:30 AM,,Mass,sunday,English,St. Margaret Mary,,,,,
St Margaret Mary Church - Most Sacred Heart of Jesus Parish,"One Parish Pl, Moon Township, Pennsylvania 15108",(412) 264-2573,Confession,Wed,9:00 AM,9:30 AM,Confessions,specific_weekday,English,St. Margaret Mary,,,,,
St Margaret Mary Church - Most Sacred Heart of Jesus Parish,"One Parish Pl, Moon Township, Pennsylvania 15108",(412) 264-2573,Confession,Sat,11:00 AM,12:00 PM,Confessions,saturday,English,St. Margaret Mary,,,,,
St Margaret Mary Church - Most Sacred Heart of Jesus Parish,"One Parish Pl, Moon Township, Pennsylvania 15108",(412) 264-2573,Adoration,Fri,9:00 AM,12:00 PM,Adoration,specific_weekday,English,St. Margaret Mary,,,,,exposition
St Mary's Byzantine Catholic (Ruthenian),"624 Park Rd, Ambridge, Pennsylvania 15003",(724) 266-2030,Mass,Wed,6:00 PM,,Divine Liturgy,specific_weekday,english,St. Mary's Byzantine Catholic Church,,,,,
St Mary's Byzantine Catholic (Ruthenian),"624 Park Rd, Ambridge, Pennsylvania 15003",(724) 266-2030,Mass,Fri,9:00 AM,,Divine Liturgy,specific_weekday,english,St. Mary's Byzantine Catholic Church,,,,,
St Mary's Byzantine Catholic (Ruthenian),"624 Park Rd, Ambridge, Pennsylvania 15003",(724) 266-2030,Mass,Sun,11:00 AM,,Divine Liturgy,sunday,english,St. Mary's Byzantine Catholic Church,,,,,
St Mary's Byzantine Catholic (Ruthenian),"624 Park Rd, Ambridge, Pennsylvania 15003",(724) 266-2030,Mass,,11:00 AM,,Divine Liturgy,special_event,English,St. Mary's Byzantine Catholic Church,,2026-01-18,,,Divine Liturgy
St Mary's Byzantine Catholic (Ruthenian),"624 Park Rd, Ambridge, Pennsylvania 15003",(724) 266-2030,Mass,,11:00 AM,,Divine Liturgy,special_event,English,St. Mary's Byzantine Catholic Church,,2026-01-25,,,Divine Liturgy
St Mary's Byzantine Catholic (Ruthenian),"624 Park Rd, Ambridge, Pennsylvania 15003",(724) 266-2030,Mass,,6:00 PM,,Divine Liturgy,special_event,English,St. Mary's Byzantine Catholic Church,,2026-01-21,,,Divine Liturgy
St Mary's Byzantine Catholic (Ruthenian),"624 Park Rd, Ambridge, Pennsylvania 15003",(724) 266-2030,Confession,Sat,4:45 PM,5:45 PM,Confessions,saturday,English,St. Mary's Byzantine Catholic Church,,,,,
St Mary's Byzantine Catholic (Ruthenian),"624 Park Rd, Ambridge, Pennsylvania 15003",(724) 266-2030,Confession,Sun,12:00 PM,,Confessions,sunday,English,St. Mary's Byzantine Catholic Church,,,,,after Divine Liturgy
St Mary's Byzantine Catholic (Ruthenian),"624 Park Rd, Ambridge, Pennsylvania 15003",(724) 266-2030,Confession,,12:00 PM,,Confessions Available,special_event,English,St. Mary's Byzantine Catholic Church,,2026-01-18,,,Confessions Available
St Patrick Catholic Church,"201 N Centre St, Cumberland, Maryland 21502",(301) 777-1750,Mass,Sun,11:00 AM,,Mass,sunday,English,Saint Patrick Church,,,,,
St Patrick Catholic Church,"201 N Centre St, Cumberland, Maryland 21502",(301) 777-1750,Mass,Sun,6:00 PM,,Mass,sunday,English,Saint Patrick Church,,,,,
St Patrick Catholic Church,"201 N Centre St, Cumberland, Maryland 21502",(301) 777-1750,Mass,Sun,8:00 AM,,Mass,sunday,English,Saint Patrick Church,,,,,
St Patrick Catholic Church,"201 N Centre St, Cumberland, Maryland 21502",(301) 777-1750,Confession,Sat,1:00 PM,2:00 PM,Confessions,saturday,English,Saint Patrick Church,,,,,
St Patrick Catholic Church,"201 N Centre St, Cumberland, Maryland 21502",(301) 777-1750,Adoration,,4:00 PM,6:00 PM,Adoration of the Blessed Sacrament,monthly,English,Saint Patrick Church,first_friday_(recurring),,,,
St Patrick Catholic Church,"201 N Centre St, Cumberland, Maryland 21502",(301) 777-1750,Adoration,,4:00 PM,6:00 PM,Adoration,monthly,English,Saint Patrick Church,first_friday_(recurring),,,,followed by Benediction
St Patrick Catholic Church,"201 N Centre St, Cumberland, Maryland 21502",(301) 777-1750,Other,,11:00 AM,,Children’s Liturgy of the Word,monthly,English,St. Patrick Church,sunday,,,,First and Third
St Teresa of Calcutta Roman Catholic Church,"375 Linmore Ave, Baden, Pennsylvania 15005",,Mass,Tue,9:00 AM,,Divine Liturgy,specific_weekday,english,,,,,,Celebrated in the Maronite Tradition
St Teresa of Calcutta Roman Catholic Church,"375 Linmore Ave, Baden, Pennsylvania 15005",,Mass,Wed,9:00 AM,,Divine Liturgy,specific_weekday,english,,,,,,Celebrated in the Maronite Tradition
St Teresa of Calcutta Roman Catholic Church,"375 Linmore Ave, Baden, Pennsylvania 15005",,Mass,Fri,9:00 AM,,Divine Liturgy,specific_weekday,english,,,,,,Celebrated in the Maronite Tradition
St Teresa of Calcutta Roman Catholic Church,"375 Linmore Ave, Baden, Pennsylvania 15005",,Mass,Sat,10:00 AM,,Divine Liturgy,saturday,english,,,,,,Celebrated in the Maronite Tradition
St Teresa of Calcutta Roman Catholic Church,"375 Linmore Ave, Baden, Pennsylvania 15005",,Mass,Sun,10:00 AM,,Divine Liturgy,sunday,english,,,,,,Celebrated in the Maronite Tradition
St Teresa of Calcutta Roman Catholic Church,"375 Linmore Ave, Baden, Pennsylvania 15005",,Confession,Sun,9:00 AM,9:45 AM,Confession,sunday,English,,,,,,or by request or appointment
St Teresa of Calcutta Roman Catholic Church,"375 Linmore Ave, Baden, Pennsylvania 15005",,Confession,,TBD,,Confession,other,English,,,,,,or by request or appointment
St Teresa of Calcutta Roman Catholic Church,"375 Linmore Ave, Baden, Pennsylvania 15005",,Other,,11:00 AM,,Monthly Potluck Luncheon,monthly,English,,first_sunday,,,,First
St Thomas Catholic Church,"624 Kanawha St, Gassaway, West Virginia 26624",3043645895,Mass,Tue,4:00 PM,,Mass,specific_weekday,English,St. Thomas Church,,,,,
St Thomas Catholic Church,"624 Kanawha St, Gassaway, West Virginia 26624",3043645895,Mass,Wed,4:00 PM,,Mass,specific_weekday,English,St. Thomas Church,,,,,
St Thomas Catholic Church,"624 Kanawha St, Gassaway, West Virginia 26624",3043645895,Mass,Thu,8:00 AM,,Mass,specific_weekday,English,St. Thomas Church,,,,,
St Thomas Catholic Church,"624 Kanawha St, Gassaway, West Virginia 26624",3043645895,Mass,Fri,8:00 AM,,Mass,specific_weekday,English,St. Thomas Church,,,,,
St Thomas Catholic Church,"624 Kanawha St, Gassaway, West Virginia 26624",3043645895,Mass,Sat,4:00 PM,,Mass,saturday,English,St. Thomas Church,,,,,
St Thomas Catholic Church,"624 Kanawha St, Gassaway, West Virginia 26624",3043645895,Mass,Sun,11:00 AM,,Mass,sunday,English,St. Thomas Church,,,,,
St Thomas Catholic Church,"624 Kanawha St, Gassaway, West Virginia 26624",3043645895,Confession,,TBD,,Confessions,other,English,,,,before,Mass,before every Mass; note: and after Mass or by appointment; before every Mass; note: and after Mass or by appointment
St Thomas Catholic Church,"624 Kanawha St, Gassaway, West Virginia 26624",3043645895,Adoration,Tue,4:00 PM,,Exposition,specific_weekday,English,St. Thomas Church,,,,,exposition
St Thomas Catholic Church,"624 Kanawha St, Gassaway, West Virginia 26624",3043645895,Devotions,Fri,6:00 PM,,Stations of the Cross,other,English,,,,,,of Lent; note: at St. Thomas Church
St Thomas Catholic Church,"624 Kanawha St, Gassaway, West Virginia 26624",3043645895,Devotions,Sun,10:30 AM,,Holy Rosary,sunday,English,St. Thomas Church,,,,,
"St Titus Church - Mary, Queen of Saints Parish","952 Franklin Ave, Aliquippa, Pennsylvania 15001",(724) 378-8561,Mass,Thu,7:15 AM,,Mass,specific_weekday,english,St. Titus,,,,,
"St Titus Church - Mary, Queen of Saints Parish","952 Franklin Ave, Aliquippa, Pennsylvania 15001",(724) 378-8561,Mass,Sat,8:30 AM,,Mass,saturday,english,St. Titus,,,,,
"St Titus Church - Mary, Queen of Saints Parish","952 Franklin Ave, Aliquippa, Pennsylvania 15001",(724) 378-8561,Mass,Sun,10:00 AM,,Mass,sunday,english,St. Titus,,,,,
"St Titus Church - Mary, Queen of Saints Parish","952 Franklin Ave, Aliquippa, Pennsylvania 15001",(724) 378-8561,Confession,Sat,9:00 AM,9:45 AM,Confessions,saturday,English,St. Titus,,,,,
St Vincent DE Paul Church,"21 Rosary Rd, New Martinsville, West Virginia 26155",(304) 455-4615,Mass,Tue,8:30 AM,,Mass,specific_weekday,English,St. Vincent,,,,,
St Vincent DE Paul Church,"21 Rosary Rd, New Martinsville, West Virginia 26155",(304) 455-4615,Mass,Wed,8:30 AM,,Mass,specific_weekday,English,St. Vincent,,,,,
St Vincent DE Paul Church,"21 Rosary Rd, New Martinsville, West Virginia 26155",(304) 455-4615,Mass,Thu,6:00 PM,,Mass,specific_weekday,English,St. Vincent,,,,,
St Vincent DE Paul Church,"21 Rosary Rd, New Martinsville, West Virginia 26155",(304) 455-4615,Mass,Fri,8:30 AM,,Mass,specific_weekday,English,St. Vincent,,,,,
St Vincent DE Paul Church,"21 Rosary Rd, New Martinsville, West Virginia 26155",(304) 455-4615,Mass,Sun,10:30 AM,,Mass,sunday,English,St. Vincent,,,,,
St Vincent DE Paul Church,"21 Rosary Rd, New Martinsville, West Virginia 26155",(304) 455-4615,Confession,Tue,5:00 PM,,Reconciliation,specific_weekday,English,St. Vincent,,,,,
St Vincent DE Paul Church,"21 Rosary Rd, New Martinsville, West Virginia 26155",(304) 455-4615,Adoration,Thu,5:00 PM,,Adoration,specific_weekday,English,St. Vincent,,,,,exposition
St. Adalbert,"39 Smithfield St, Dillonvale, Ohio 43917-0577",(740) 769-2186,Mass,Tue,8:30 AM,,Mass,specific_weekday,english,St. Adalbert,,,,,
St. Adalbert,"39 Smithfield St, Dillonvale, Ohio 43917-0577",(740) 769-2186,Mass,Sun,10:00 AM,,Mass,sunday,english,St. Adalbert,,,,,
St. Agnes,"200 S Duke St, Shepherdstown, West Virginia 25443",(304) 876-6436,Mass,Mon,11:00 AM,,Mass,specific_weekday,English,St. Agnes Church,,,,,note: If Jefferson County Schools are delayed or closed; there will be no weekday Mass.
St. Agnes,"200 S Duke St, Shepherdstown, West Virginia 25443",(304) 876-6436,Mass,Tue,11:00 AM,,Mass,specific_weekday,English,St. Agnes Church,,,,,note: If Jefferson County Schools are delayed or closed; there will be no weekday Mass.
St. Agnes,"4807 Staunton Ave SE, Charleston, West Virginia 25304",(304) 925-2836,Mass,Tue,5:00 PM,,Mass,specific_weekday,english,,,,,,
St. Agnes,"200 S Duke St, Shepherdstown, West Virginia 25443",(304) 876-6436,Mass,Wed,11:00 AM,,Mass,specific_weekday,English,St. Agnes Church,,,,,note: If Jefferson County Schools are delayed or closed; there will be no weekday Mass.
St. Agnes,"4807 Staunton Ave SE, Charleston, West Virginia 25304",(304) 925-2836,Mass,Wed,5:00 PM,,Mass,specific_weekday,english,,,,,,
St. Agnes,"4807 Staunton Ave SE, Charleston, West Virginia 25304",(304) 925-2836,Mass,Thu,10:30 PM,,Mass,specific_weekday,spanish,,,,,,
St. Agnes,"200 S Duke St, Shepherdstown, West Virginia 25443",(304) 876-6436,Mass,Thu,11:00 AM,,Mass,specific_weekday,English,St. Agnes Church,,,,,note: If Jefferson County Schools are delayed or closed; there will be no weekday Mass.
St. Agnes,"4807 Staunton Ave SE, Charleston, West Virginia 25304",(304) 925-2836,Mass,Thu,5:00 PM,,Mass,specific_weekday,english,,,,,,
St. Agnes,"200 S Duke St, Shepherdstown, West Virginia 25443",(304) 876-6436,Mass,Fri,11:00 AM,,Mass,specific_weekday,English,St. Agnes Church,,,,,note: If Jefferson County Schools are delayed or closed; there will be no weekday Mass.
St. Agnes,"4807 Staunton Ave SE, Charleston, West Virginia 25304",(304) 925-2836,Mass,Fri,9:30 AM,,Mass,specific_weekday,english,,,,,,
St. Agnes,"4807 Staunton Ave SE, Charleston, West Virginia 25304",(304) 925-2836,Mass,Sat,12:00 PM,,Mass,saturday,english,,,,,,
St. Agnes,"4807 Staunton Ave SE, Charleston, West Virginia 25304",(304) 925-2836,Mass,Sat,5:00 PM,,Mass,saturday,english,,,,,,
St. Agnes,"200 S Duke St, Shepherdstown, West Virginia 25443",(304) 876-6436,Mass,Sat,5:30 PM,,Mass,saturday,English,,,,,,
St. Agnes,"4807 Staunton Ave SE, Charleston, West Virginia 25304",(304) 925-2836,Mass,Sun,10:30 AM,,Mass,sunday,english,,,,,,
St. Agnes,"200 S Duke St, Shepherdstown, West Virginia 25443",(304) 876-6436,Mass,Sun,10:30 AM,,Mass,sunday,English,,,,,,
St. Agnes,"4807 Staunton Ave SE, Charleston, West Virginia 25304",(304) 925-2836,Mass,Sun,12:30 PM,,Mass,sunday,spanish,,,,,,
St. Agnes,"4807 Staunton Ave SE, Charleston, West Virginia 25304",(304) 925-2836,Mass,Sun,8:00 AM,,Mass,sunday,english,,,,,,
St. Agnes,"200 S Duke St, Shepherdstown, West Virginia 25443",(304) 876-6436,Mass,Sun,8:00 AM,,Mass,sunday,English,,,,,,
St. Agnes,"4807 Staunton Ave SE, Charleston, West Virginia 25304",(304) 925-2836,Confession,Thu,4:00 PM,4:45 PM,Confession,specific_weekday,English,,,,,,
St. Agnes,"4807 Staunton Ave SE, Charleston, West Virginia 25304",(304) 925-2836,Confession,Sat,3:30 PM,4:00 PM,Confession,saturday,English,,,,,,
St. Agnes,"200 S Duke St, Shepherdstown, West Virginia 25443",(304) 876-6436,Confession,,4:00 PM,,Communal Reconciliation Service,parish_event,English,,,,,,
St. Agnes,"200 S Duke St, Shepherdstown, West Virginia 25443",(304) 876-6436,Confession,,4:30 PM,5:00 PM,Reconciliation,parish_event,English,,,,,,or by appointment
St. Agnes,"4807 Staunton Ave SE, Charleston, West Virginia 25304",(304) 925-2836,Confession,,TBD,,Confession,other,English,,,,,,before every Daily Mass
St. Agnes,"4807 Staunton Ave SE, Charleston, West Virginia 25304",(304) 925-2836,Adoration,Thu,4:00 PM,5:00 PM,Adoration,specific_weekday,English,,,,,,
St. Agnes,"4807 Staunton Ave SE, Charleston, West Virginia 25304",(304) 925-2836,Adoration,Sat,3:30 PM,4:45 PM,Adoration,saturday,English,,,,,,
St. Agnes,"4807 Staunton Ave SE, Charleston, West Virginia 25304",(304) 925-2836,Adoration,,10:00 AM,10:30 AM,Adoration,monthly,English,,first_saturday_(recurring),,,,
St. Agnes,"200 S Duke St, Shepherdstown, West Virginia 25443",(304) 876-6436,Other,,2:30 PM,,Ash Wednesday Services,special_event,English,,,2026-02-18,,,Ash Wednesday Services; Mass
St. Agnes,"200 S Duke St, Shepherdstown, West Virginia 25443",(304) 876-6436,Other,,7:30 PM,,Ash Wednesday Services,special_event,English,,,2026-02-18,,,Ash Wednesday Services; Liturgy of the Word and Distribution of Ashes
St. Agnes Church,"204 St Clair Ave, Mingo Junction, Ohio 43938",740-535-1491,Mass,Mon,8:00 AM,,Mass,weekday,English,,,,,,
St. Agnes Church,"204 St Clair Ave, Mingo Junction, Ohio 43938",740-535-1491,Mass,Tue,8:00 AM,,Mass,weekday,English,,,,,,
St. Agnes Church,"204 St Clair Ave, Mingo Junction, Ohio 43938",740-535-1491,Mass,Wed,8:00 AM,,Mass,weekday,English,,,,,,
St. Agnes Church,"204 St Clair Ave, Mingo Junction, Ohio 43938",740-535-1491,Mass,Thu,8:00 AM,,Mass,weekday,English,,,,,,
St. Agnes Church,"204 St Clair Ave, Mingo Junction, Ohio 43938",740-535-1491,Mass,Fri,8:00 AM,,Mass,weekday,English,,,,,,
St. Agnes Church,"204 St Clair Ave, Mingo Junction, Ohio 43938",740-535-1491,Mass,Sat,4:00 PM,,Vigil Mass,saturday,English,,,,,,
St. Agnes Church,"204 St Clair Ave, Mingo Junction, Ohio 43938",740-535-1491,Mass,Sun,10:00 AM,,Mass,sunday,English,,,,,,
St. Agnes Church,"204 St Clair Ave, Mingo Junction, Ohio 43938",740-535-1491,Confession,Sat,3:00 PM,,Confessions,saturday,English,,,,,,
St. Agnes Church,"204 St Clair Ave, Mingo Junction, Ohio 43938",740-535-1491,Adoration,Fri,8:00 AM,,Adoration,specific_weekday,English,,,,,,following Mass
St. Agnes Church,"204 St Clair Ave, Mingo Junction, Ohio 43938",740-535-1491,Devotions,Fri,8:30 AM,9:30 AM,Holy Hour,specific_weekday,English,,,,,,exposition
St. Agnes Church,"204 St Clair Ave, Mingo Junction, Ohio 43938",740-535-1491,Devotions,Fri,8:30 AM,9:30 AM,Holy Hour,other,English,,,,,,most; following Mass; with Benediction at 09:30
St. Agnes Church,"204 St Clair Ave, Mingo Junction, Ohio 43938",740-535-1491,Devotions,Fri,9:30 AM,,Benediction,specific_weekday,English,,,,,,
St. Alphonsus,"219 W Lincoln Ave, Mc Donald, Pennsylvania 15057",(724) 695-7325,Mass,Fri,8:00 AM,,Mass,specific_weekday,english,St. Alphonsus,,,,,
St. Alphonsus,"219 W Lincoln Ave, Mc Donald, Pennsylvania 15057",(724) 695-7325,Mass,Sat,4:00 PM,,Mass,saturday,english,St. Alphonsus,,,,,vigil
St. Alphonsus,"219 W Lincoln Ave, Mc Donald, Pennsylvania 15057",(724) 695-7325,Confession,Sat,3:15 PM,3:45 PM,Confession,saturday,English,St. Alphonsus,,,,,
St. Alphonsus,"219 W Lincoln Ave, Mc Donald, Pennsylvania 15057",(724) 695-7325,Confession,,TBD,,Confession,other,English,,,,,,check bulletin; Confessions are also available by appointment.
St. Alphonsus Church,"2111 Market St, Wheeling, West Virginia 26003",(304) 232-4353,Mass,Tue,8:00 AM,,Mass,specific_weekday,English,,,,,,
St. Alphonsus Church,"2111 Market St, Wheeling, West Virginia 26003",(304) 232-4353,Mass,Wed,6:00 PM,,Mass,specific_weekday,English,,,,,,
St. Alphonsus Church,"2111 Market St, Wheeling, West Virginia 26003",(304) 232-4353,Mass,Thu,8:00 AM,,Mass,specific_weekday,English,,,,,,
St. Alphonsus Church,"2111 Market St, Wheeling, West Virginia 26003",(304) 232-4353,Mass,Fri,8:00 AM,,Mass,specific_weekday,English,,,,,,
St. Alphonsus Church,"2111 Market St, Wheeling, West Virginia 26003",(304) 232-4353,Mass,Sat,4:30 PM,,Mass,saturday,English,,,,,,
St. Alphonsus Church,"2111 Market St, Wheeling, West Virginia 26003",(304) 232-4353,Mass,Sun,9:00 AM,,Mass,sunday,English,,,,,,
St. Alphonsus Church,"2111 Market St, Wheeling, West Virginia 26003",(304) 232-4353,Mass,,6:00 PM,,Mass,monthly,English,,last_friday,,,,Last of the month; replaces 08:00 Mass
St. Alphonsus Church,"2111 Market St, Wheeling, West Virginia 26003",(304) 232-4353,Confession,Sat,3:30 PM,4:15 PM,Reconciliation,specific_weekday,English,,,,,,
St. Alphonsus Church,"2111 Market St, Wheeling, West Virginia 26003",(304) 232-4353,Confession,Sun,8:30 AM,8:50 AM,Reconciliation,specific_weekday,English,,,,,,
St. Ambrose,"5080 School House Rd, Little Hocking, Ohio 45742-5250",(740) 423-7422,Mass,Mon,9:00 AM,,Mass,specific_weekday,english,St. Ambrose Catholic Church,,,,,
St. Ambrose,"5080 School House Rd, Little Hocking, Ohio 45742-5250",(740) 423-7422,Mass,Tue,6:00 PM,,Mass,specific_weekday,english,St. Ambrose Catholic Church,,,,,
St. Ambrose,"5080 School House Rd, Little Hocking, Ohio 45742-5250",(740) 423-7422,Mass,Wed,9:00 AM,,Mass,specific_weekday,english,St. Ambrose Catholic Church,,,,,
St. Ambrose,"5080 School House Rd, Little Hocking, Ohio 45742-5250",(740) 423-7422,Mass,Fri,9:00 AM,,Mass,specific_weekday,english,St. Ambrose Catholic Church,,,,,
St. Ambrose,"5080 School House Rd, Little Hocking, Ohio 45742-5250",(740) 423-7422,Mass,Sat,5:00 PM,,Mass,saturday,english,St. Ambrose Catholic Church,,,,,
St. Ambrose,"5080 School House Rd, Little Hocking, Ohio 45742-5250",(740) 423-7422,Mass,Sun,10:30 AM,,Mass,sunday,english,St. Ambrose Catholic Church,,,,,
St. Ambrose,"5080 School House Rd, Little Hocking, Ohio 45742-5250",(740) 423-7422,Mass,Sun,8:00 AM,,Mass,sunday,english,St. Ambrose Catholic Church,,,,,
St. Ambrose,"5080 School House Rd, Little Hocking, Ohio 45742-5250",(740) 423-7422,Confession,Sat,4:10 PM,4:40 PM,Sacrament of Reconciliation,saturday,English,St. Ambrose Catholic Church,,,,,or by appointment
St. Ambrose,"5080 School House Rd, Little Hocking, Ohio 45742-5250",(740) 423-7422,Confession,,9:10 AM,9:40 AM,Sacrament of Reconciliation,other,English,St. Ambrose Catholic Church,,,,,or by appointment
St. Ann,"967 Grant St, Bulger, Pennsylvania 15019",(724) 695-7325,Mass,Mon,8:00 AM,,Mass,specific_weekday,english,St. Ann,,,,,livestream
St. Ann,"1525 Oak Hill Ave, Hagerstown, Maryland 21742",(301) 733-0410,Mass,Mon,8:00 AM,,Mass,weekday,English,Chapel,,,,,
St. Ann,"610 Pike St, Shinnston, West Virginia 26431",(304) 592-2733 office/rectory,Mass,Tue,6:00 PM,,Mass,specific_weekday,English,,,,,,chapel
St. Ann,"1525 Oak Hill Ave, Hagerstown, Maryland 21742",(301) 733-0410,Mass,Tue,8:00 AM,,Mass,weekday,English,Chapel,,,,,
St. Ann,"610 Pike St, Shinnston, West Virginia 26431",(304) 592-2733 office/rectory,Mass,Wed,6:00 PM,,Mass,specific_weekday,English,,,,,,chapel
St. Ann,"1525 Oak Hill Ave, Hagerstown, Maryland 21742",(301) 733-0410,Mass,Wed,8:00 AM,,Mass,weekday,English,Chapel,,,,,
St. Ann,"610 Pike St, Shinnston, West Virginia 26431",(304) 592-2733 office/rectory,Mass,Thu,6:00 PM,,Mass,specific_weekday,English,,,,,,chapel
St. Ann,"967 Grant St, Bulger, Pennsylvania 15019",(724) 695-7325,Mass,Thu,8:00 AM,,Mass,specific_weekday,english,St. Ann,,,,,livestream
St. Ann,"1525 Oak Hill Ave, Hagerstown, Maryland 21742",(301) 733-0410,Mass,Thu,8:00 AM,,Mass,weekday,English,Chapel,,,,,
St. Ann,"610 Pike St, Shinnston, West Virginia 26431",(304) 592-2733 office/rectory,Mass,Fri,6:00 PM,,Mass,specific_weekday,English,,,,,,chapel
St. Ann,"1525 Oak Hill Ave, Hagerstown, Maryland 21742",(301) 733-0410,Mass,Fri,8:00 AM,,Mass,weekday,English,Chapel,,,,,
St. Ann,"1525 Oak Hill Ave, Hagerstown, Maryland 21742",(301) 733-0410,Mass,Sat,5:00 PM,,Mass,saturday,English,Church,,,,,
St. Ann,"610 Pike St, Shinnston, West Virginia 26431",(304) 592-2733 office/rectory,Mass,Sat,5:00 PM,,Mass,saturday,English,,,,,,
St. Ann,"12814 New Germany Rd, Grantsville, Maryland 21536-9478",(301) 689-6767,Mass,Sun,10:00 AM,,Mass,sunday,English,"St. Ann, Grantsville",,,,,
St. Ann,"610 Pike St, Shinnston, West Virginia 26431",(304) 592-2733 office/rectory,Mass,Sun,10:00 AM,,Mass,sunday,English,,,,,,
St. Ann,"1525 Oak Hill Ave, Hagerstown, Maryland 21742",(301) 733-0410,Mass,Sun,11:30 AM,,Mass,sunday,English,Church,,,,,
St. Ann,"1525 Oak Hill Ave, Hagerstown, Maryland 21742",(301) 733-0410,Mass,Sun,9:00 AM,,Mass,sunday,English,Church,,,,,livestream
St. Ann,"610 Pike St, Shinnston, West Virginia 26431",(304) 592-2733 office/rectory,Mass,,6:00 PM,,Mass,monthly,English,,first_friday_(recurring),,,,chapel
St. Ann,"310 3rd Ave, Chesapeake, Ohio 45619-1145",(740) 867-4434,Mass,,8:15 AM,,Immaculate Conception Mass,special_event,English,,,2025-12-08,,,Immaculate Conception Mass; HOLY DAY OF OBLIGATION
St. Ann,"1525 Oak Hill Ave, Hagerstown, Maryland 21742",(301) 733-0410,Confession,Sat,3:30 PM,4:30 PM,Reconciliation,saturday,English,,,,,,
St. Ann,"610 Pike St, Shinnston, West Virginia 26431",(304) 592-2733 office/rectory,Confession,Sat,4:00 PM,4:40 PM,Confession,saturday,English,,,,,,
St. Ann,"1265 Linden Ave, Baltimore, Maryland 21227",(410) 247-4936,Confession,Sat,TBD,,Confessions,saturday,English,,,,,,15 minutes before Liturgy and immediately afterward
St. Ann,"610 Pike St, Shinnston, West Virginia 26431",(304) 592-2733 office/rectory,Confession,Sat,TBD,,Confession,saturday,English,,,,,,by appointment
St. Ann,"1265 Linden Ave, Baltimore, Maryland 21227",(410) 247-4936,Confession,Sun,TBD,,Confessions,sunday,English,,,,,,15 minutes before Liturgy and immediately afterward
St. Ann,"967 Grant St, Bulger, Pennsylvania 15019",(724) 695-7325,Confession,,TBD,,Confession,other,English,,,,,,Confessions are also available by appointment.
St. Ann,"310 3rd Ave, Chesapeake, Ohio 45619-1145",(740) 867-4434,Adoration,Wed,5:15 PM,6:15 PM,Adoration,specific_weekday,English,,,,,,
St. Ann,"310 3rd Ave, Chesapeake, Ohio 45619-1145",(740) 867-4434,Adoration,Fri,8:45 AM,9:45 AM,Adoration,specific_weekday,English,,,,,,
St. Ann,"12814 New Germany Rd, Grantsville, Maryland 21536-9478",(301) 689-6767,Adoration,,6:00 PM,,Adoration,monthly,English,"St. Ann, Grantsville",thursday_(before_first_friday),,,,Thursday (before First Friday)
St. Ann,"310 3rd Ave, Chesapeake, Ohio 45619-1145",(740) 867-4434,Education,Mon,6:00 PM,,Bible Study,other,English,SA),,,,,@SA
St. Ann,"310 3rd Ave, Chesapeake, Ohio 45619-1145",(740) 867-4434,Education,Tue,1:00 PM,,Bible Study,other,English,SA),,,,,@SA
St. Ann,"310 3rd Ave, Chesapeake, Ohio 45619-1145",(740) 867-4434,Community,,6:00 PM,,CWC Meeting,parish_event,English,,,,,,recurring
St. Ann,"310 3rd Ave, Chesapeake, Ohio 45619-1145",(740) 867-4434,Other,,6:30 PM,,Feed Your Faith Presentation,special_event,English,,,2025-11-19,,,Feed Your Faith Presentation
St. Ann,"310 3rd Ave, Chesapeake, Ohio 45619-1145",(740) 867-4434,Other,,TBD,,2nd Collection for the Poor,special_event,English,,,2025-11-16,,,Collection for the Poor
St. Ann Church - St. Matthias Parish,"232 E High St, Waynesburg, Pennsylvania 15370",(724) 627-7568,Mass,Mon,8:00 AM,,Mass,specific_weekday,english,"St. Ann, Waynesburg",,,,,
St. Ann Church - St. Matthias Parish,"232 E High St, Waynesburg, Pennsylvania 15370",(724) 627-7568,Mass,Wed,6:30 PM,,Mass,specific_weekday,english,"St. Ann, Waynesburg",,,,,
St. Ann Church - St. Matthias Parish,"232 E High St, Waynesburg, Pennsylvania 15370",(724) 627-7568,Mass,Fri,8:00 AM,,Mass,specific_weekday,english,"St. Ann, Waynesburg",,,,,
St. Ann Church - St. Matthias Parish,"232 E High St, Waynesburg, Pennsylvania 15370",(724) 627-7568,Mass,Sat,4:00 PM,,Mass,saturday,english,"St. Ann, Waynesburg",,,,,Vigil
St. Ann Church - St. Matthias Parish,"232 E High St, Waynesburg, Pennsylvania 15370",(724) 627-7568,Mass,Sun,8:30 AM,,Mass,sunday,english,"St. Ann, Waynesburg",,,,,
St. Ann Church - St. Matthias Parish,"232 E High St, Waynesburg, Pennsylvania 15370",(724) 627-7568,Mass,,4:00 PM,,Mass,special_event,English,"St. Ann, Waynesburg",,2025-11-29,,,Mass; Vigil; Begins Nov 29
St. Ann Church - St. Matthias Parish,"232 E High St, Waynesburg, Pennsylvania 15370",(724) 627-7568,Confession,,11:00 AM,11:30 AM,Confessions,monthly,English,St. Ann,first_saturday_(recurring),,,,
St. Ann Roman Catholic Church,"12814 New Germany Rd, Grantsville, MD 21536",+1-301-689-6767,Mass,Sun,10:00 AM,,Mass,sunday,English,"St. Ann, Grantsville",,,,,
St. Ann Roman Catholic Church,"12814 New Germany Rd, Grantsville, MD 21536",+1-301-689-6767,Adoration,,6:00 PM,,Adoration,monthly,English,"St. Ann, Grantsville",thursday_(before_first_friday),,,,Thursday (before First Friday); exposition
St. Anne,"160 McGraw Ave, Webster Springs, West Virginia 26288-1134",(304) 847-5512,Mass,,6:00 PM,,A Message from Bishop Mark Brennan Regarding Mass Attendance this Weekend,special_event,English,Diocese of Wheeling-Charleston,,2026-01-23,,,A Message from Bishop Mark Brennan Regarding Mass Attendance this Weekend; Severe weather warning
St. Anthony,"176 Main St, Ridgeley, West Virginia 26753",(304) 298-3392,Mass,Tue,12:00 PM,,Mass,specific_weekday,English,St. Anthony,,,,,
St. Anthony,"1660 Mary Lou Retton Dr, Fairmont, West Virginia 26554",(304) 363-1328,Mass,Tue,5:00 PM,,Mass,specific_weekday,English,St. Anthony,,,,,
St. Anthony,"1017 Jefferson St, Follansbee, West Virginia 26037",(304) 527-2286,Mass,Tue,6:00 PM,,Mass,specific_weekday,English,,,,,,tags
St. Anthony,"1660 Mary Lou Retton Dr, Fairmont, West Virginia 26554",(304) 363-1328,Mass,Wed,5:00 PM,,Mass,specific_weekday,English,St. Anthony,,,,,
St. Anthony,"1017 Jefferson St, Follansbee, West Virginia 26037",(304) 527-2286,Mass,Wed,7:30 AM,,Mass,specific_weekday,English,,,,,,tags
St. Anthony,"1000 6th St, Charleston, West Virginia 25302",(304) 342-2716,Mass,Wed,9:00 AM,,Mass,specific_weekday,English,,,,,,
St. Anthony,"1017 Jefferson St, Follansbee, West Virginia 26037",(304) 527-2286,Mass,Thu,6:00 PM,,Mass,specific_weekday,English,,,,,,tags
St. Anthony,"176 Main St, Ridgeley, West Virginia 26753",(304) 298-3392,Mass,Thu,6:30 PM,,Mass,specific_weekday,English,St. Anthony,,,,,
St. Anthony,"1000 6th St, Charleston, West Virginia 25302",(304) 342-2716,Mass,Thu,9:00 AM,,Mass,specific_weekday,English,,,,,,
St. Anthony,"1017 Jefferson St, Follansbee, West Virginia 26037",(304) 527-2286,Mass,Fri,7:30 AM,,Mass,specific_weekday,English,,,,,,tags
St. Anthony,"1000 6th St, Charleston, West Virginia 25302",(304) 342-2716,Mass,Fri,9:00 AM,,Mass,specific_weekday,English,,,,,,
St. Anthony,"1017 Jefferson St, Follansbee, West Virginia 26037",(304) 527-2286,Mass,Sat,4:00 PM,,Mass,saturday,English,,,,,,tags
St. Anthony,"1000 6th St, Charleston, West Virginia 25302",(304) 342-2716,Mass,Sat,5:00 PM,,Vigil Mass,saturday,English,,,,,,
St. Anthony,"1660 Mary Lou Retton Dr, Fairmont, West Virginia 26554",(304) 363-1328,Mass,Sat,6:00 PM,,Mass,saturday,English,St. Anthony,,,,,
St. Anthony,"1000 6th St, Charleston, West Virginia 25302",(304) 342-2716,Mass,Sun,10:30 AM,,Mass,sunday,English,,,,,,
St. Anthony,"1017 Jefferson St, Follansbee, West Virginia 26037",(304) 527-2286,Mass,Sun,10:30 AM,,Mass,sunday,English,,,,,,tags
St. Anthony,"1660 Mary Lou Retton Dr, Fairmont, West Virginia 26554",(304) 363-1328,Mass,Sun,11:00 AM,,Mass,sunday,English,St. Anthony,,,,,
St. Anthony,"176 Main St, Ridgeley, West Virginia 26753",(304) 298-3392,Mass,Sun,11:00 AM,,Mass,sunday,English,St. Anthony,,,,,
St. Anthony,"1017 Jefferson St, Follansbee, West Virginia 26037",(304) 527-2286,Mass,Sun,8:00 AM,,Mass,sunday,English,,,,,,tags
St. Anthony,"1017 Jefferson St, Follansbee, West Virginia 26037",(304) 527-2286,Mass,,6:00 PM,,Mass,special_event,English,,,2025-08-14,,,Mass; vigil
St. Anthony,"1017 Jefferson St, Follansbee, West Virginia 26037",(304) 527-2286,Mass,,6:00 PM,,Mass,special_event,English,,,2025-10-31,,,Mass; vigil
St. Anthony,"1017 Jefferson St, Follansbee, West Virginia 26037",(304) 527-2286,Mass,,6:00 PM,,Mass,special_event,English,,,2025-12-07,,,Mass; vigil
St. Anthony,"1017 Jefferson St, Follansbee, West Virginia 26037",(304) 527-2286,Mass,,6:00 PM,,Mass,special_event,English,,,2025-12-24,,,Mass; vigil
St. Anthony,"1017 Jefferson St, Follansbee, West Virginia 26037",(304) 527-2286,Mass,,7:30 AM,,Mass,special_event,English,,,2025-01-01,,,Mass
St. Anthony,"1017 Jefferson St, Follansbee, West Virginia 26037",(304) 527-2286,Mass,,7:30 AM,,Mass,special_event,English,,,2025-08-15,,,Mass
St. Anthony,"1017 Jefferson St, Follansbee, West Virginia 26037",(304) 527-2286,Mass,,7:30 AM,,Mass,special_event,English,,,2025-11-01,,,Mass
St. Anthony,"1017 Jefferson St, Follansbee, West Virginia 26037",(304) 527-2286,Mass,,7:30 AM,,Mass,special_event,English,,,2025-12-08,,,Mass
St. Anthony,"1017 Jefferson St, Follansbee, West Virginia 26037",(304) 527-2286,Mass,,7:30 AM,,Mass,special_event,English,,,2025-12-25,,,Mass
St. Anthony,"176 Main St, Ridgeley, West Virginia 26753",(304) 298-3392,Mass,,9:00 AM,,Mass,monthly,English,St. Anthony,first_saturday_(recurring),,,,
St. Anthony,"1000 6th St, Charleston, West Virginia 25302",(304) 342-2716,Mass,,TBD,,Christmas Masses,special_event,English,,,2025-12-25,,,Christmas Masses
St. Anthony,"176 Main St, Ridgeley, West Virginia 26753",(304) 298-3392,Confession,Thu,6:00 PM,6:15 PM,Reconciliation,specific_weekday,English,St. Anthony,,,,,note: or by appointment
St. Anthony,"1017 Jefferson St, Follansbee, West Virginia 26037",(304) 527-2286,Confession,Sat,3:00 PM,3:30 PM,Confessions,saturday,English,,,,,,tags
St. Anthony,"1000 6th St, Charleston, West Virginia 25302",(304) 342-2716,Confession,Sat,4:15 PM,4:45 PM,Sacrament of Reconciliation,saturday,English,,,,,,
St. Anthony,"176 Main St, Ridgeley, West Virginia 26753",(304) 298-3392,Adoration,Thu,5:30 PM,6:15 PM,Eucharistic Adoration,specific_weekday,English,St. Anthony,,,,,exposition
St. Anthony,"176 Main St, Ridgeley, West Virginia 26753",(304) 298-3392,Devotions,,TBD,,Holy Rosary,monthly,English,,sunday,,,,"2nd, 3rd, 4th TIME_TBD; check bulletin"
St. Anthony,"176 Main St, Ridgeley, West Virginia 26753",(304) 298-3392,Other,Sun,10:35 AM,,Devotional Prayers,sunday,English,St. Anthony,,,,,
St. Anthony,"1000 6th St, Charleston, West Virginia 25302",(304) 342-2716,Other,,TBD,,Bulletin,special_event,English,,,2026-01-18,,,Bulletin
St. Anthony,"1000 6th St, Charleston, West Virginia 25302",(304) 342-2716,Other,,TBD,,Camp Carlo 2026,parish_event,English,,,,,,recurring; youth
St. Anthony,"176 Main St, Ridgeley, West Virginia 26753",(304) 298-3392,Other,,TBD,,Divine Chaplet,monthly,English,,first_sunday,,,,1st TIME_TBD; check bulletin
St. Anthony's Shrine ,"2764 Midland Trail , Rt 60, Boomer, West Virginia 25031",(304) 442-2101 (Montgomery Parish),Other,,TBD,,Events,special_event,English,,,2026-01-17,,,Events; ends Jan 18
St. Anthony's Shrine ,"2764 Midland Trail , Rt 60, Boomer, West Virginia 25031",(304) 442-2101 (Montgomery Parish),Other,,TBD,,Events,special_event,English,,,2026-01-31,,,Events
St. Anthony's Shrine ,"2764 Midland Trail , Rt 60, Boomer, West Virginia 25031",(304) 442-2101 (Montgomery Parish),Other,,TBD,,Events,special_event,English,,,2026-03-20,,,Events; ends Mar 22
St. Anthony's Shrine ,"2764 Midland Trail , Rt 60, Boomer, West Virginia 25031",(304) 442-2101 (Montgomery Parish),Other,,TBD,,Events,special_event,English,,,2026-05-08,,,Events; ends May 10
St. Augustine,"32 E Potomac St, Williamsport, Maryland 21795",(301) 223-7959,Mass,Tue,8:00 AM,,Mass,specific_weekday,english,St. Augustine,,,,,
St. Augustine,"17 W Washington St, Grafton, West Virginia 26354-1398",(304) 265-3861,Mass,Tue,8:30 AM,,Mass,specific_weekday,English,"St. Augustine, Grafton",,,,,
St. Augustine,"17 W Washington St, Grafton, West Virginia 26354-1398",(304) 265-3861,Mass,Thu,8:30 AM,,Mass,specific_weekday,English,"St. Augustine, Grafton",,,,,
St. Augustine,"32 E Potomac St, Williamsport, Maryland 21795",(301) 223-7959,Mass,Sat,4:00 PM,,Byzantine Mass,saturday,english,St. Augustine,,,,,
St. Augustine,"17 W Washington St, Grafton, West Virginia 26354-1398",(304) 265-3861,Mass,Sat,4:30 PM,,Mass,saturday,English,"St. Augustine, Grafton",,,,,vigil
St. Augustine,"32 E Potomac St, Williamsport, Maryland 21795",(301) 223-7959,Mass,Sun,8:00 AM,,Mass,sunday,english,St. Augustine,,,,,
St. Augustine,"17 W Washington St, Grafton, West Virginia 26354-1398",(304) 265-3861,Mass,Sun,8:30 AM,,Mass,sunday,English,,,,,,livestream
St. Augustine,"17 W Washington St, Grafton, West Virginia 26354-1398",(304) 265-3861,Mass,Sun,9:00 AM,,Mass,sunday,English,"St. Augustine, Grafton",,,,,
St. Augustine,"32 E Potomac St, Williamsport, Maryland 21795",(301) 223-7959,Mass,,5:00 PM,,Ash Wednesday Mass & Distribution of Ashes,special_event,English,St. Augustine,,2026-02-18,,,Ash Wednesday Mass & Distribution of Ashes
St. Augustine,"32 E Potomac St, Williamsport, Maryland 21795",(301) 223-7959,Confession,Sat,3:30 PM,3:55 PM,Confessions,saturday,English,St. Augustine,,,,,note: Byzantine Mass Confessions
St. Augustine,"32 E Potomac St, Williamsport, Maryland 21795",(301) 223-7959,Confession,Sun,7:30 AM,,Confessions,sunday,english,St. Augustine,,,,,
St. Barbara,"45 Prestley Rd, Bridgeville, Pennsylvania 15017",14122215152,Mass,Mon,TBD,,Mass,weekday,English,Saint Paul Cathedral,,,,,check bulletin; livestream
St. Barbara,"45 Prestley Rd, Bridgeville, Pennsylvania 15017",14122215152,Mass,Tue,TBD,,Mass,weekday,English,Saint Paul Cathedral,,,,,check bulletin; livestream
St. Barbara,"45 Prestley Rd, Bridgeville, Pennsylvania 15017",14122215152,Mass,Wed,TBD,,Mass,weekday,English,Saint Paul Cathedral,,,,,check bulletin; livestream
St. Barbara,"45 Prestley Rd, Bridgeville, Pennsylvania 15017",14122215152,Mass,Thu,TBD,,Mass,weekday,English,Saint Paul Cathedral,,,,,check bulletin; livestream
St. Barbara,"45 Prestley Rd, Bridgeville, Pennsylvania 15017",14122215152,Mass,Fri,TBD,,Mass,weekday,English,Saint Paul Cathedral,,,,,check bulletin; livestream
St. Barbara - Corpus Christi Parish,"45 Prestley Rd, Bridgeville, Pennsylvania 15017",(412) 221-5213,Mass,Mon,7:00 AM,,Mass,specific_weekday,english,St Barbara,,,,,
St. Barbara - Corpus Christi Parish,"45 Prestley Rd, Bridgeville, Pennsylvania 15017",(412) 221-5213,Mass,Wed,7:00 AM,,Mass,specific_weekday,english,St Barbara,,,,,
St. Barbara - Corpus Christi Parish,"45 Prestley Rd, Bridgeville, Pennsylvania 15017",(412) 221-5213,Mass,Fri,7:00 AM,,Mass,specific_weekday,english,St Barbara,,,,,
St. Barbara - Corpus Christi Parish,"45 Prestley Rd, Bridgeville, Pennsylvania 15017",(412) 221-5213,Mass,Sun,5:00 PM,,Mass,sunday,english,St. Barbara,,,,,
St. Barbara - Corpus Christi Parish,"45 Prestley Rd, Bridgeville, Pennsylvania 15017",(412) 221-5213,Mass,Sun,9:00 AM,,Mass,sunday,english,St Barbara,,,,,
St. Barbara - Corpus Christi Parish,"45 Prestley Rd, Bridgeville, Pennsylvania 15017",(412) 221-5213,Confession,Sat,12:30 PM,1:30 PM,Confession,saturday,English,St Barbara Church,,,,,
St. Barbara - Corpus Christi Parish,"45 Prestley Rd, Bridgeville, Pennsylvania 15017",(412) 221-5213,Adoration,,12:00 PM,2:00 PM,Adoration,monthly,English,St Barbara Church,first_saturday_(recurring),,,,
St. Bernard,"309 Seventh St, Beverly, Ohio 45715-8902",(740) 984-2555,Mass,Mon,8:00 AM,,Mass,specific_weekday,English,St. Bernard Catholic Church,,,,,
St. Bernard,"309 Seventh St, Beverly, Ohio 45715-8902",(740) 984-2555,Mass,Wed,6:30 PM,,Mass,specific_weekday,English,St. Bernard Catholic Church,,,,,
St. Bernard,"309 Seventh St, Beverly, Ohio 45715-8902",(740) 984-2555,Mass,Thu,8:00 AM,,Mass,specific_weekday,English,St. Bernard Catholic Church,,,,,
St. Bernard,"309 Seventh St, Beverly, Ohio 45715-8902",(740) 984-2555,Mass,Fri,8:00 AM,,Mass,specific_weekday,English,St. Bernard Catholic Church,,,,,
St. Bernard,"309 Seventh St, Beverly, Ohio 45715-8902",(740) 984-2555,Mass,Sat,7:00 PM,,Mass,saturday,English,St. Bernard Catholic Church,,,,,vigil
St. Bernard,"309 Seventh St, Beverly, Ohio 45715-8902",(740) 984-2555,Mass,Sun,7:30 AM,,Mass,sunday,English,St. Bernard Catholic Church,,,,,
St. Bernard,"309 Seventh St, Beverly, Ohio 45715-8902",(740) 984-2555,Mass,Sun,9:30 AM,,Mass,sunday,English,St. Bernard Catholic Church,,,,,
St. Bernard,"309 Seventh St, Beverly, Ohio 45715-8902",(740) 984-2555,Confession,Fri,8:30 AM,,Confession,specific_weekday,English,St. Bernard Catholic Church,,,,,
St. Bernard,"309 Seventh St, Beverly, Ohio 45715-8902",(740) 984-2555,Confession,Sat,6:30 PM,,Confession,saturday,English,St. Bernard Catholic Church,,,,,
St. Bernard,"309 Seventh St, Beverly, Ohio 45715-8902",(740) 984-2555,Confession,Sun,7:00 AM,,Confession,sunday,English,St. Bernard Catholic Church,,,,,
St. Bernard,"309 Seventh St, Beverly, Ohio 45715-8902",(740) 984-2555,Confession,Sun,9:00 AM,,Confession,sunday,English,St. Bernard Catholic Church,,,,,
St. Bernard Chapel,"6332 Snowshoe Dr, Snowshoe, West Virginia 26209",(304) 799-6778 (Marlinton Parish Number),Mass,Mon,TBD,,Mass,weekday,English,St. Bernard Chapel,,,,,check bulletin
St. Bernard Chapel,"6332 Snowshoe Dr, Snowshoe, West Virginia 26209",(304) 799-6778 (Marlinton Parish Number),Mass,Tue,TBD,,Mass,weekday,English,St. Bernard Chapel,,,,,check bulletin
St. Bernard Chapel,"6332 Snowshoe Dr, Snowshoe, West Virginia 26209",(304) 799-6778 (Marlinton Parish Number),Mass,Wed,TBD,,Mass,weekday,English,St. Bernard Chapel,,,,,check bulletin
St. Bernard Chapel,"6332 Snowshoe Dr, Snowshoe, West Virginia 26209",(304) 799-6778 (Marlinton Parish Number),Mass,Thu,TBD,,Mass,weekday,English,St. Bernard Chapel,,,,,check bulletin
St. Bernard Chapel,"6332 Snowshoe Dr, Snowshoe, West Virginia 26209",(304) 799-6778 (Marlinton Parish Number),Mass,Fri,TBD,,Mass,weekday,English,St. Bernard Chapel,,,,,check bulletin
St. Bernard Chapel,"6332 Snowshoe Dr, Snowshoe, West Virginia 26209",(304) 799-6778 (Marlinton Parish Number),Mass,Sat,5:30 PM,,Mass,saturday,English,St. Bernard Chapel,,,,,note: November to April
St. Bernard Chapel,"6332 Snowshoe Dr, Snowshoe, West Virginia 26209",(304) 799-6778 (Marlinton Parish Number),Mass,Sat,6:30 PM,,Mass,saturday,English,St. Bernard Chapel,,,,,note: May to October
St. Blaise,"772 Ohio Ave, Midland, Pennsylvania 15059",(724) 643-4050,Mass,Tue,8:00 AM,,Mass,specific_weekday,english,St. Blaise,,,,,
St. Blaise,"772 Ohio Ave, Midland, Pennsylvania 15059",(724) 643-4050,Mass,Fri,8:00 AM,,Mass,specific_weekday,english,St. Blaise,,,,,
St. Blaise,"772 Ohio Ave, Midland, Pennsylvania 15059",(724) 643-4050,Mass,Sat,4:30 PM,,Mass,saturday,english,St. Blaise,,,,,
St. Blaise,"772 Ohio Ave, Midland, Pennsylvania 15059",(724) 643-4050,Mass,Sun,9:30 AM,,Mass,sunday,english,St. Blaise,,,,,
St. Blaise,"772 Ohio Ave, Midland, Pennsylvania 15059",(724) 643-4050,Mass,,12:00 PM,1:00 PM,Mass,monthly,english,,second_sunday,,,,Second; note: social follows
St. Blaise,"772 Ohio Ave, Midland, Pennsylvania 15059",(724) 643-4050,Mass,,7:00 PM,,Mass with Ashes,special_event,english,Both Churches,,2026-02-18,,,Mass with Ashes
St. Blaise,"772 Ohio Ave, Midland, Pennsylvania 15059",(724) 643-4050,Mass,,9:00 AM,,Mass,monthly,english,St. Blaise,first_saturday_(recurring),,,,note: social follows
St. Blaise,"772 Ohio Ave, Midland, Pennsylvania 15059",(724) 643-4050,Confession,Sat,12:00 PM,,Confession,saturday,English,St. Blaise,,,,,
St. Blaise,"772 Ohio Ave, Midland, Pennsylvania 15059",(724) 643-4050,Confession,,11:15 AM,12:00 PM,Confession,monthly,English,St. Blaise,second_sunday,,,,Second
St. Blaise,"772 Ohio Ave, Midland, Pennsylvania 15059",(724) 643-4050,Confession,,8:15 AM,,Confession,monthly,English,St. Blaise,first_saturday_(recurring),,,,
St. Blaise,"772 Ohio Ave, Midland, Pennsylvania 15059",(724) 643-4050,Adoration,,8:30 AM,6:30 PM,Adoration,monthly,English,St. Blaise,first_friday_(recurring),,,,exposition
St. Blaise,"772 Ohio Ave, Midland, Pennsylvania 15059",(724) 643-4050,Other,,12:00 PM,,ASHES ONLY,special_event,english,Both churches,,2026-02-18,,,ASHES ONLY
St. Blaise,"772 Ohio Ave, Midland, Pennsylvania 15059",(724) 643-4050,Other,,6:00 PM,8:00 PM,Family Mardi Gras at St. Blaise,parish_event,English,St. Blaise,,2026-02-17,,,
St. Blaise,"772 Ohio Ave, Midland, Pennsylvania 15059",(724) 643-4050,Other,,6:00 PM,8:00 PM,Wednesday Worship,parish_event,English,St. Blaise,,2026-02-25,,,Adoration; & Mass!
St. Blaise,"772 Ohio Ave, Midland, Pennsylvania 15059",(724) 643-4050,Other,,6:00 PM,8:00 PM,Wednesday Worship,parish_event,English,St. Blaise,,2026-03-04,,,Adoration; & Mass!
St. Blaise,"772 Ohio Ave, Midland, Pennsylvania 15059",(724) 643-4050,Other,,TBD,,Fr. Schreck Teaching Series,parish_event,English,St. Blaise,,,,,"""Seek the Living God"": 2026-02- 19:00; ""Seek the Living God"": 2026-03- 19:00"
St. Brendan,"181 St Brendan Way, Elkins, West Virginia 26241",(304) 636-0546,Mass,Mon,9:30 AM,,Mass,specific_weekday,english,Saint Brendan Catholic Church,,,,,
St. Brendan,"181 St Brendan Way, Elkins, West Virginia 26241",(304) 636-0546,Mass,Wed,9:30 AM,,Mass,specific_weekday,english,Saint Brendan Catholic Church,,,,,
St. Brendan,"181 St Brendan Way, Elkins, West Virginia 26241",(304) 636-0546,Mass,Thu,9:30 AM,,Mass,specific_weekday,english,Saint Brendan Catholic Church,,,,,
St. Brendan,"181 St Brendan Way, Elkins, West Virginia 26241",(304) 636-0546,Mass,Fri,9:30 AM,,Mass,specific_weekday,english,Saint Brendan Catholic Church,,,,,
St. Brendan,"181 St Brendan Way, Elkins, West Virginia 26241",(304) 636-0546,Mass,Sat,5:00 PM,,Mass,saturday,english,Saint Brendan Catholic Church,,,,,
St. Brendan,"181 St Brendan Way, Elkins, West Virginia 26241",(304) 636-0546,Mass,Sun,11:00 AM,,Mass,sunday,english,Saint Brendan Catholic Church,,,,,
St. Brendan,"181 St Brendan Way, Elkins, West Virginia 26241",(304) 636-0546,Confession,Sat,4:15 PM,4:45 PM,Confessions,saturday,English,Saint Brendan Catholic Church,,,,,
St. Catherine of Siena,"199 McGovern Blvd, Crescent, Pennsylvania 15046",17244571679,Mass,Mon,8:00 AM,,Mass,specific_weekday,English,St. Joseph,,,,,
St. Catherine of Siena,"407 Walnut St, Ronceverte, West Virginia 24970",(304)536-1813,Mass,Tue,6:00 PM,,Mass,specific_weekday,english,,,,,,
St. Catherine of Siena,"199 McGovern Blvd, Crescent, Pennsylvania 15046",17244571679,Mass,Tue,8:00 AM,,Mass,specific_weekday,English,St. Joseph,,,,,
St. Catherine of Siena,"407 Walnut St, Ronceverte, West Virginia 24970",(304)536-1813,Mass,Wed,8:30 AM,,Mass,specific_weekday,english,,,,,,
St. Catherine of Siena,"407 Walnut St, Ronceverte, West Virginia 24970",(304)536-1813,Mass,Thu,6:00 PM,,Mass,specific_weekday,english,,,,,,
St. Catherine of Siena,"199 McGovern Blvd, Crescent, Pennsylvania 15046",17244571679,Mass,Thu,8:00 AM,,Mass,specific_weekday,English,St. Joseph,,,,,
St. Catherine of Siena,"199 McGovern Blvd, Crescent, Pennsylvania 15046",17244571679,Mass,Thu,8:30 AM,,Mass,specific_weekday,English,St. Catherine,,,,,
St. Catherine of Siena,"199 McGovern Blvd, Crescent, Pennsylvania 15046",17244571679,Mass,Fri,8:30 AM,,Mass,specific_weekday,English,St. Catherine,,,,,
St. Catherine of Siena,"199 McGovern Blvd, Crescent, Pennsylvania 15046",17244571679,Mass,Sat,4:00 PM,,Mass,saturday,English,St. Catherine,,,,,
St. Catherine of Siena,"199 McGovern Blvd, Crescent, Pennsylvania 15046",17244571679,Mass,Sun,10:30 AM,,Mass,sunday,English,St. Catherine,,,,,
St. Catherine of Siena,"407 Walnut St, Ronceverte, West Virginia 24970",(304)536-1813,Mass,Sun,11:00 AM,,Mass,sunday,english,,,,,,
St. Catherine of Siena,"407 Walnut St, Ronceverte, West Virginia 24970",(304)536-1813,Mass,,6:00 PM,,Annual Mass,special_event,English,"St. Louis King of France Chapel, Lewisburg",,2025-08-15,,,Annual Mass; with ice cream social to follow
St. Catherine of Siena,"407 Walnut St, Ronceverte, West Virginia 24970",(304)536-1813,Confession,Tue,5:00 PM,6:00 PM,Adoration & Confession,specific_weekday,english,,,,,,adoration; exposition
St. Catherine of Siena,"407 Walnut St, Ronceverte, West Virginia 24970",(304)536-1813,Confession,Thu,5:00 PM,6:00 PM,Adoration & Confession,specific_weekday,english,,,,,,adoration; exposition
St. Catherine of Siena,"199 McGovern Blvd, Crescent, Pennsylvania 15046",17244571679,Confession,Sat,3:15 PM,3:45 PM,Confessions,saturday,English,St. Catherine of Siena,,,,,
St. Catherine of Siena,"407 Walnut St, Ronceverte, West Virginia 24970",(304)536-1813,Confession,Sun,12:00 PM,,Confession,sunday,english,,,,,,
St. Catherine of Siena - Most Sacred Heart of Jesus Parish,"199 McGovern Blvd, Crescent, Pennsylvania 15046",(412) 264-2573,Mass,Thu,8:30 AM,,Mass,specific_weekday,English,St. Catherine,,,,,
St. Catherine of Siena - Most Sacred Heart of Jesus Parish,"199 McGovern Blvd, Crescent, Pennsylvania 15046",(412) 264-2573,Mass,Fri,8:30 AM,,Mass,specific_weekday,English,St. Catherine,,,,,
St. Catherine of Siena - Most Sacred Heart of Jesus Parish,"199 McGovern Blvd, Crescent, Pennsylvania 15046",(412) 264-2573,Mass,Sat,4:00 PM,,Mass,saturday,English,St. Catherine,,,,,vigil
St. Catherine of Siena - Most Sacred Heart of Jesus Parish,"199 McGovern Blvd, Crescent, Pennsylvania 15046",(412) 264-2573,Mass,Sun,10:30 AM,,Mass,sunday,English,St. Catherine,,,,,
St. Catherine of Siena - Most Sacred Heart of Jesus Parish,"199 McGovern Blvd, Crescent, Pennsylvania 15046",(412) 264-2573,Mass,,9:00 AM,,Mass & Ashes,special_event,English,St. Catherine of Siena,,2026-02-18,,,Mass & Ashes
St. Catherine of Siena - Most Sacred Heart of Jesus Parish,"199 McGovern Blvd, Crescent, Pennsylvania 15046",(412) 264-2573,Confession,Sat,3:15 PM,3:45 PM,Confession,saturday,English,St. Catherine of Siena,,,,,
St. Catherine of Siena - Most Sacred Heart of Jesus Parish,"199 McGovern Blvd, Crescent, Pennsylvania 15046",(412) 264-2573,Other,,6:00 PM,,Liturgy of Word & Ashes,special_event,English,St. Catherine of Siena,,2026-02-18,,,Liturgy of Word & Ashes
St. Cecilia Church - Our Lady of the Valley Parish,"628 Virginia Ave, Rochester, Pennsylvania 15074",(724) 775-4111,Mass,Mon,7:00 PM,,Mass,specific_weekday,English,Saint Cecilia Church,,,,,
St. Cecilia Church - Our Lady of the Valley Parish,"628 Virginia Ave, Rochester, Pennsylvania 15074",(724) 775-4111,Mass,Tue,7:00 PM,,Mass,specific_weekday,English,Saint Cecilia Church,,,,,
St. Cecilia Church - Our Lady of the Valley Parish,"628 Virginia Ave, Rochester, Pennsylvania 15074",(724) 775-4111,Mass,Wed,7:00 PM,,Mass,specific_weekday,English,Saint Cecilia Church,,,,,
St. Cecilia Church - Our Lady of the Valley Parish,"628 Virginia Ave, Rochester, Pennsylvania 15074",(724) 775-4111,Mass,Fri,7:30 AM,,Mass,specific_weekday,English,Saint Cecilia Church,,,,,
St. Cecilia Church - Our Lady of the Valley Parish,"628 Virginia Ave, Rochester, Pennsylvania 15074",(724) 775-4111,Mass,Sat,5:00 PM,,Mass,saturday,English,Saint Cecilia Church,,,,,vigil
St. Cecilia Church - Our Lady of the Valley Parish,"628 Virginia Ave, Rochester, Pennsylvania 15074",(724) 775-4111,Mass,Sun,9:15 AM,,Mass,sunday,English,Saint Cecilia Church,,,,,
St. Cecilia Church - Our Lady of the Valley Parish,"628 Virginia Ave, Rochester, Pennsylvania 15074",(724) 775-4111,Mass,,10:00 PM,,Ash Wednesday Mass,special_event,English,Saint Cecilia Church,,2026-02-18,,,Ash Wednesday Mass
St. Cecilia Church - Our Lady of the Valley Parish,"628 Virginia Ave, Rochester, Pennsylvania 15074",(724) 775-4111,Mass,,4:00 PM,,Ash Wednesday Mass,special_event,English,Saint Cecilia Church,,2026-02-18,,,Ash Wednesday Mass
St. Cecilia Church - Our Lady of the Valley Parish,"628 Virginia Ave, Rochester, Pennsylvania 15074",(724) 775-4111,Mass,,7:00 PM,,Ash Wednesday Mass,special_event,English,Saint Celilia,,2026-02-18,,,Ash Wednesday Mass
St. Cecilia Church - Our Lady of the Valley Parish,"628 Virginia Ave, Rochester, Pennsylvania 15074",(724) 775-4111,Confession,Mon,6:00 PM,6:45 PM,Confession,specific_weekday,English,,,,,,
St. Cecilia Church - Our Lady of the Valley Parish,"628 Virginia Ave, Rochester, Pennsylvania 15074",(724) 775-4111,Confession,Wed,6:00 PM,6:45 PM,Confession,specific_weekday,English,,,,,,
St. Cecilia Church - Our Lady of the Valley Parish,"628 Virginia Ave, Rochester, Pennsylvania 15074",(724) 775-4111,Confession,Sat,12:00 PM,1:00 PM,Confession,saturday,English,,,,,,
St. Cecilia Church - Our Lady of the Valley Parish,"628 Virginia Ave, Rochester, Pennsylvania 15074",(724) 775-4111,Confession,Sat,3:00 PM,3:45 PM,Confession,saturday,English,,,,,,
St. Charles Borromeo,"40798 Midland Trail , White Sulphur Springs, West Virginia 24986",(304) 536-1813,Mass,Mon,8:30 AM,,Mass,specific_weekday,English,,,,,,April – October; exceptions: First Saturday
St. Charles Borromeo,"40798 Midland Trail , White Sulphur Springs, West Virginia 24986",(304) 536-1813,Mass,Wed,6:00 PM,,Mass,specific_weekday,English,,,,,,
St. Charles Borromeo,"40798 Midland Trail , White Sulphur Springs, West Virginia 24986",(304) 536-1813,Mass,Thu,8:30 AM,,Mass,specific_weekday,English,,,,,,
St. Charles Borromeo,"40798 Midland Trail , White Sulphur Springs, West Virginia 24986",(304) 536-1813,Mass,Fri,8:30 AM,,Mass,specific_weekday,English,,,,,,
St. Charles Borromeo,"40798 Midland Trail , White Sulphur Springs, West Virginia 24986",(304) 536-1813,Mass,Sat,4:00 PM,,Mass,saturday,English,,,,,,
St. Charles Borromeo,"40798 Midland Trail , White Sulphur Springs, West Virginia 24986",(304) 536-1813,Mass,Sat,8:30 AM,,Mass,saturday,English,,,,,,
St. Charles Borromeo,"40798 Midland Trail , White Sulphur Springs, West Virginia 24986",(304) 536-1813,Mass,Sun,9:00 AM,,Mass,sunday,English,,,,,,
St. Charles Borromeo,"40798 Midland Trail , White Sulphur Springs, West Virginia 24986",(304) 536-1813,Confession,Wed,5:00 PM,5:59 PM,Adoration & Confession,specific_weekday,English,,,,,,
St. Charles Borromeo,"40798 Midland Trail , White Sulphur Springs, West Virginia 24986",(304) 536-1813,Confession,Fri,9:00 AM,9:59 AM,Adoration & Confession,specific_weekday,English,,,,,,
St. Charles Borromeo,"40798 Midland Trail , White Sulphur Springs, West Virginia 24986",(304) 536-1813,Confession,Sat,3:30 PM,,Confession,saturday,English,,,,,,
St. Charles Borromeo,"40798 Midland Trail , White Sulphur Springs, West Virginia 24986",(304) 536-1813,Confession,Sun,8:30 AM,,Confession,sunday,English,,,,,,
St. Charles Borromeo,"40798 Midland Trail , White Sulphur Springs, West Virginia 24986",(304) 536-1813,Devotions,,10:30 AM,10:59 AM,Rosary,monthly,English,,first_saturday,,,,First of the Month; May through October
St. Columbkille,"103 Church Rd, Imperial, Pennsylvania 15126",(724) 695-7325,Mass,Fri,8:00 AM,,Mass,specific_weekday,english,St. Columbkille,,,,,
St. Columbkille,"103 Church Rd, Imperial, Pennsylvania 15126",(724) 695-7325,Mass,Sat,6:30 PM,,Mass,saturday,english,St. Columbkille,,,,,vigil
St. Columbkille,"103 Church Rd, Imperial, Pennsylvania 15126",(724) 695-7325,Mass,Sun,10:00 AM,,Mass,sunday,english,St. Columbkille,,,,,
St. Columbkille,"103 Church Rd, Imperial, Pennsylvania 15126",(724) 695-7325,Confession,Sat,12:00 PM,12:30 PM,Confession,saturday,English,St. Columbkille,,,,,
St. Columbkille,"103 Church Rd, Imperial, Pennsylvania 15126",(724) 695-7325,Confession,,TBD,,Confession,other,English,,,,,,check bulletin; Confessions are also available by appointment.
St. Edmund,"106 N Bridge St, Man, West Virginia 25634",(304) 583-2476,Mass,Thu,4:00 PM,,Mass,specific_weekday,English,"106 N. Bridge St., Man, WV 25635, United States",,,,,every other
St. Edmund,"106 N Bridge St, Man, West Virginia 25634",(304) 583-2476,Mass,Sat,4:00 PM,,Mass,saturday,English,"106 N. Bridge St., Man, WV 25635, United States",,,,,note: four weekend Masses in a year
St. Edward the Confessor Mission,"1204 E State Ave, Terra Alta, West Virginia 26764",(304) 329-1519,Mass,Tue,4:00 PM,,Mass,specific_weekday,English,St. Edward the Confessor,,,,,
St. Edward the Confessor Mission,"1204 E State Ave, Terra Alta, West Virginia 26764",(304) 329-1519,Mass,Sat,4:00 PM,,Mass,saturday,English,St. Edward the Confessor,,,,,vigil
St. Edward the Confessor Mission,"1204 E State Ave, Terra Alta, West Virginia 26764",(304) 329-1519,Confession,,3:00 PM,,Holy Hour/Confession,monthly,English,St. Edward the Confessor,first_tuesday,,,,First; exposition; benediction
St. Elizabeth,"74 Water St, Pocahontas, Virginia 24635",(276) 988-4626,Mass,Tue,12:00 PM,,Mass,specific_weekday,English,Basilica of Saint Andrew,,,,,
St. Elizabeth,"74 Water St, Pocahontas, Virginia 24635",(276) 988-4626,Mass,Tue,12:00 PM,,Mass,specific_weekday,English,Cathedral of the Sacred Heart,,,,,
St. Elizabeth,"74 Water St, Pocahontas, Virginia 24635",(276) 988-4626,Mass,Tue,12:00 PM,,Mass,specific_weekday,English,Blessed Sacrament,,,,,
St. Elizabeth,"74 Water St, Pocahontas, Virginia 24635",(276) 988-4626,Mass,Tue,12:10 PM,,Mass,specific_weekday,English,Basilica of Saint Mary of the Immaculate Conception,,,,,
St. Elizabeth,"74 Water St, Pocahontas, Virginia 24635",(276) 988-4626,Mass,Tue,12:10 PM,,Mass,specific_weekday,English,Blessed Sacrament,,,,,
St. Elizabeth,"74 Water St, Pocahontas, Virginia 24635",(276) 988-4626,Mass,Tue,9:00 AM,,Mass,specific_weekday,English,Church of Francis de Sales,,,,,
St. Elizabeth,"74 Water St, Pocahontas, Virginia 24635",(276) 988-4626,Mass,Wed,12:00 PM,,Mass,specific_weekday,English,Blessed Sacrament,,,,,
St. Elizabeth,"74 Water St, Pocahontas, Virginia 24635",(276) 988-4626,Mass,Wed,12:00 PM,,Mass,specific_weekday,English,Cathedral of the Sacred Heart,,,,,
St. Elizabeth,"74 Water St, Pocahontas, Virginia 24635",(276) 988-4626,Mass,Wed,12:00 PM,,Mass,specific_weekday,English,Basilica of Saint Andrew,,,,,
St. Elizabeth,"74 Water St, Pocahontas, Virginia 24635",(276) 988-4626,Mass,Wed,12:10 PM,,Mass,specific_weekday,English,Basilica of Saint Mary of the Immaculate Conception,,,,,
St. Elizabeth,"74 Water St, Pocahontas, Virginia 24635",(276) 988-4626,Mass,Wed,6:00 PM,,Mass,specific_weekday,English,Christ the King,,,,,
St. Elizabeth,"74 Water St, Pocahontas, Virginia 24635",(276) 988-4626,Mass,Wed,6:00 PM,,Mass,specific_weekday,English,Blessed Sacrament,,,,,
St. Elizabeth," 19 College Hill, Philippi, West Virginia 26416-9581",(304) 457-2641,Mass,Wed,8:30 AM,,Mass,specific_weekday,English,,,,,,tags
St. Elizabeth,"74 Water St, Pocahontas, Virginia 24635",(276) 988-4626,Mass,Thu,12:00 PM,,Mass,specific_weekday,English,Basilica of Saint Andrew,,,,,
St. Elizabeth,"74 Water St, Pocahontas, Virginia 24635",(276) 988-4626,Mass,Thu,12:00 PM,,Mass,specific_weekday,English,Cathedral of the Sacred Heart,,,,,
St. Elizabeth,"74 Water St, Pocahontas, Virginia 24635",(276) 988-4626,Mass,Thu,12:10 PM,,Mass,specific_weekday,English,Basilica of Saint Mary of the Immaculate Conception,,,,,
St. Elizabeth,"74 Water St, Pocahontas, Virginia 24635",(276) 988-4626,Mass,Thu,7:00 PM,,Mass,specific_weekday,spanish,Blessed Sacrament,,,,,
St. Elizabeth,"74 Water St, Pocahontas, Virginia 24635",(276) 988-4626,Mass,Thu,8:00 AM,,Mass,specific_weekday,English,Christ the King,,,,,
St. Elizabeth,"74 Water St, Pocahontas, Virginia 24635",(276) 988-4626,Mass,Thu,9:00 AM,,Mass,specific_weekday,English,Blessed Sacrament,,,,,
St. Elizabeth,"74 Water St, Pocahontas, Virginia 24635",(276) 988-4626,Mass,Fri,12:00 PM,,Mass,specific_weekday,English,Basilica of Saint Andrew,,,,,
St. Elizabeth,"74 Water St, Pocahontas, Virginia 24635",(276) 988-4626,Mass,Fri,12:00 PM,,Mass,specific_weekday,English,Cathedral of the Sacred Heart,,,,,
St. Elizabeth,"74 Water St, Pocahontas, Virginia 24635",(276) 988-4626,Mass,Fri,12:10 PM,,Mass,specific_weekday,English,Basilica of Saint Mary of the Immaculate Conception,,,,,
St. Elizabeth,"74 Water St, Pocahontas, Virginia 24635",(276) 988-4626,Mass,Fri,12:10 PM,,Mass,specific_weekday,English,Christ the King,,,,,
St. Elizabeth,"74 Water St, Pocahontas, Virginia 24635",(276) 988-4626,Mass,Fri,12:10 PM,,Mass,specific_weekday,English,Blessed Sacrament,,,,,
St. Elizabeth," 19 College Hill, Philippi, West Virginia 26416-9581",(304) 457-2641,Mass,Fri,8:30 AM,,Mass,specific_weekday,English,,,,,,tags
St. Elizabeth,"74 Water St, Pocahontas, Virginia 24635",(276) 988-4626,Mass,Fri,9:00 AM,,Mass,specific_weekday,English,Church of Francis de Sales,,,,,
St. Elizabeth,"74 Water St, Pocahontas, Virginia 24635",(276) 988-4626,Mass,Sat,5:00 PM,,Vigil,saturday,English,Cathedral of the Sacred Heart,,,,,
St. Elizabeth,"74 Water St, Pocahontas, Virginia 24635",(276) 988-4626,Mass,Sat,5:00 PM,,Vigil,saturday,English,Basilica of Saint Mary of the Immaculate Conception,,,,,
St. Elizabeth,"74 Water St, Pocahontas, Virginia 24635",(276) 988-4626,Mass,Sat,5:00 PM,,Vigil,saturday,English,Blessed Sacrament,,,,,
St. Elizabeth,"74 Water St, Pocahontas, Virginia 24635",(276) 988-4626,Mass,Sat,5:00 PM,,Mass,saturday,English,All Saints,,,,,
St. Elizabeth,"74 Water St, Pocahontas, Virginia 24635",(276) 988-4626,Mass,Sat,5:30 PM,,Vigil,saturday,English,Basilica of Saint Andrew,,,,,
St. Elizabeth,"74 Water St, Pocahontas, Virginia 24635",(276) 988-4626,Mass,Sun,10:00 AM,,Mass,sunday,English,Blessed Sacrament,,,,,
St. Elizabeth,"74 Water St, Pocahontas, Virginia 24635",(276) 988-4626,Mass,Sun,10:30 AM,,Mass,sunday,English,Anglican/ Roman Catholic Community of Holy Apostles,,,,,
St. Elizabeth," 19 College Hill, Philippi, West Virginia 26416-9581",(304) 457-2641,Mass,Sun,10:45 AM,,Mass,sunday,English,,,,,,tags
St. Elizabeth,"74 Water St, Pocahontas, Virginia 24635",(276) 988-4626,Mass,Sun,11:00 AM,,Mass,sunday,English,Blessed Sacrament,,,,,
St. Elizabeth,"74 Water St, Pocahontas, Virginia 24635",(276) 988-4626,Mass,Sun,11:00 AM,,Mass,sunday,English,Church of Francis de Sales,,,,,
St. Elizabeth,"74 Water St, Pocahontas, Virginia 24635",(276) 988-4626,Mass,Sun,11:00 AM,,Mass,sunday,English,Cathedral of the Sacred Heart,,,,,
St. Elizabeth,"74 Water St, Pocahontas, Virginia 24635",(276) 988-4626,Mass,Sun,11:30 AM,,Mass,sunday,English,Basilica of Saint Andrew,,,,,
St. Elizabeth,"74 Water St, Pocahontas, Virginia 24635",(276) 988-4626,Mass,Sun,12:00 PM,,Mass,sunday,English,Basilica of Saint Mary of the Immaculate Conception,,,,,
St. Elizabeth,"74 Water St, Pocahontas, Virginia 24635",(276) 988-4626,Mass,Sun,1:00 PM,,Mass,sunday,spanish,Blessed Sacrament,,,,,
St. Elizabeth,"74 Water St, Pocahontas, Virginia 24635",(276) 988-4626,Mass,Sun,5:00 PM,,Mass,sunday,English,Cathedral of the Sacred Heart,,,,,
St. Elizabeth,"74 Water St, Pocahontas, Virginia 24635",(276) 988-4626,Mass,Sun,7:30 AM,,Mass,sunday,English,Basilica of Saint Andrew,,,,,
St. Elizabeth,"74 Water St, Pocahontas, Virginia 24635",(276) 988-4626,Mass,Sun,8:00 AM,,Mass,sunday,English,Blessed Sacrament,,,,,
St. Elizabeth,"74 Water St, Pocahontas, Virginia 24635",(276) 988-4626,Mass,Sun,8:30 AM,,Mass,sunday,English,Blessed Sacrament,,,,,
St. Elizabeth,"E Water St, Pocahontas, Virginia 24635",12769884626,Mass,Sun,9:00 AM,,Mass,sunday,English,St. Elizabeth,,,,,Pocahontas; VA
St. Elizabeth,"74 Water St, Pocahontas, Virginia 24635",(276) 988-4626,Mass,Sun,9:00 AM,,Mass,sunday,English,Basilica of Saint Mary of the Immaculate Conception,,,,,Signing
St. Elizabeth,"74 Water St, Pocahontas, Virginia 24635",(276) 988-4626,Mass,Sun,9:00 AM,,Mass,sunday,English,Christ the King,,,,,
St. Elizabeth,"74 Water St, Pocahontas, Virginia 24635",(276) 988-4626,Mass,Sun,9:00 AM,,Mass,sunday,English,Cathedral of the Sacred Heart,,,,,
St. Elizabeth,"74 Water St, Pocahontas, Virginia 24635",(276) 988-4626,Mass,Sun,9:00 AM,,Mass,sunday,English,Basilica of Saint Andrew,,,,,
St. Elizabeth,"74 Water St, Pocahontas, Virginia 24635",(276) 988-4626,Confession,Mon,12:45 PM,2:00 PM,Reconciliation,specific_weekday,English,Basilica of Saint Andrew,,,,,
St. Elizabeth,"74 Water St, Pocahontas, Virginia 24635",(276) 988-4626,Confession,Wed,6:00 PM,,Reconciliation,specific_weekday,English,Cathedral of the Sacred Heart,,,,,
St. Elizabeth,"74 Water St, Pocahontas, Virginia 24635",(276) 988-4626,Confession,Thu,5:00 PM,6:45 PM,Reconciliation,specific_weekday,English,Basilica of Saint Andrew,,,,,
St. Elizabeth,"74 Water St, Pocahontas, Virginia 24635",(276) 988-4626,Confession,Sat,3:30 PM,,Reconciliation,saturday,English,Basilica of Saint Andrew,,,,,
St. Elizabeth,"74 Water St, Pocahontas, Virginia 24635",(276) 988-4626,Confession,Sat,4:00 PM,,Reconciliation,saturday,English,Cathedral of the Sacred Heart,,,,,
St. Elizabeth,"74 Water St, Pocahontas, Virginia 24635",(276) 988-4626,Confession,Sat,4:00 PM,,Reconciliation,saturday,English,Blessed Sacrament,,,,,and by appointment
St. Elizabeth,"74 Water St, Pocahontas, Virginia 24635",(276) 988-4626,Confession,Sat,4:15 PM,,Reconciliation,saturday,English,Basilica of Saint Mary of the Immaculate Conception,,,,,or by appoitment
St. Elizabeth," 19 College Hill, Philippi, West Virginia 26416-9581",(304) 457-2641,Confession,,TBD,,Reconciliation,other,English,,,,,,Advent and Lenten Penance Services; note: or by appointment
St. Elizabeth,"74 Water St, Pocahontas, Virginia 24635",(276) 988-4626,Adoration,Thu,TBD,,Eucharistic Adoration,other,English,Christ the King,,,after,Mass,following Mass until; Thu
St. Elizabeth,"74 Water St, Pocahontas, Virginia 24635",(276) 988-4626,Other,,12:00 PM,,Holy Day,special_event,English,Blessed Sacrament,,2025-01-01,,,Holy Day; This does not include Christmas & Easter.
St. Elizabeth,"74 Water St, Pocahontas, Virginia 24635",(276) 988-4626,Other,,12:10 PM,,Holy Day,special_event,English,Basilica of Saint Mary of the Immaculate Conception,,2025-01-01,,,Holy Day
St. Elizabeth,"74 Water St, Pocahontas, Virginia 24635",(276) 988-4626,Other,,6:00 PM,,Holy Day,special_event,English,Blessed Sacrament,,2025-01-01,,,Holy Day; This does not include Christmas & Easter.
St. Elizabeth,"74 Water St, Pocahontas, Virginia 24635",(276) 988-4626,Other,,6:30 PM,,Holy Day,special_event,English,Church of Francis de Sales,,2025-01-01,,,Holy Day
St. Elizabeth,"74 Water St, Pocahontas, Virginia 24635",(276) 988-4626,Other,,7:00 PM,,Holy Day,special_event,English,Basilica of Saint Andrew,,2025-01-01,,,Holy Day
St. Elizabeth,"74 Water St, Pocahontas, Virginia 24635",(276) 988-4626,Other,,7:00 PM,,Holy Day,special_event,English,Basilica of Saint Mary of the Immaculate Conception,,2025-01-01,,,Holy Day
St. Elizabeth,"74 Water St, Pocahontas, Virginia 24635",(276) 988-4626,Other,,7:00 PM,,Holy Day,special_event,English,Anglican/ Roman Catholic Community of Holy Apostles,,2025-01-01,,,Holy Day
St. Elizabeth,"74 Water St, Pocahontas, Virginia 24635",(276) 988-4626,Other,,7:30 PM,,Holy Day,special_event,spanish,Blessed Sacrament,,2025-01-01,,,Holy Day
St. Elizabeth of Hungary Mission,"24 Butternut St, Elizabeth, West Virginia 26143",(681) 236-2700,Mass,Sat,4:00 PM,,Mass,saturday,English,Roman Catholic,,,,,
St. Elizabeth of Hungary Mission,"24 Butternut St, Elizabeth, West Virginia 26143",(681) 236-2700,Mass,Sun,10:30 AM,,Mass,sunday,English,Roman Catholic,,,,,
St. Elizabeth of Hungary Mission,"24 Butternut St, Elizabeth, West Virginia 26143",(681) 236-2700,Mass,Sun,8:00 AM,,Mass,sunday,English,Roman Catholic,,,,,
St. Elizabeth of Hungary Mission,"24 Butternut St, Elizabeth, West Virginia 26143",(681) 236-2700,Confession,Sat,3:00 PM,3:45 PM,Confession,saturday,English,,,,,,
St. Elizabeth of Hungary Mission,"24 Butternut St, Elizabeth, West Virginia 26143",(681) 236-2700,Confession,Sun,9:45 AM,10:15 AM,Confession,sunday,English,,,,,,
St. Felix Church - Our Lady of the Valley Parish,"450 13th St, Freedom, Pennsylvania 15042",(724) 775-1476,Mass,Tue,8:30 AM,,Mass,specific_weekday,English,Saint Felix Church,,,,,
St. Felix Church - Our Lady of the Valley Parish,"450 13th St, Freedom, Pennsylvania 15042",(724) 775-1476,Mass,Wed,7:30 AM,,Mass,specific_weekday,English,Saint Felix Church,,,,,
St. Felix Church - Our Lady of the Valley Parish,"450 13th St, Freedom, Pennsylvania 15042",(724) 775-1476,Mass,Thu,8:30 AM,,Mass,specific_weekday,English,Saint Felix Church,,,,,
St. Felix Church - Our Lady of the Valley Parish,"450 13th St, Freedom, Pennsylvania 15042",(724) 775-1476,Mass,Sun,11:00 AM,,Mass,sunday,English,Saint Felix Church,,,,,
St. Felix Church - Our Lady of the Valley Parish,"450 13th St, Freedom, Pennsylvania 15042",(724) 775-1476,Mass,,11:30 PM,,Ash Wednesday Mass,special_event,English,Saint Felix Church,,2026-02-18,,,Ash Wednesday Mass
St. Felix Church - Our Lady of the Valley Parish,"450 13th St, Freedom, Pennsylvania 15042",(724) 775-1476,Mass,,4:00 PM,,Ash Wednesday Mass,special_event,English,Saint Felix Church,,2026-02-18,,,Ash Wednesday Mass
St. Felix Church - Our Lady of the Valley Parish,"450 13th St, Freedom, Pennsylvania 15042",(724) 775-1476,Mass,,7:30 AM,,Ash Wednesday Mass,special_event,English,Saint Felix Church,,2026-02-18,,,Ash Wednesday Mass
St. Felix Church - Our Lady of the Valley Parish,"450 13th St, Freedom, Pennsylvania 15042",(724) 775-1476,Confession,Mon,6:00 PM,6:45 PM,Confession,specific_weekday,English,,,,,,
St. Felix Church - Our Lady of the Valley Parish,"450 13th St, Freedom, Pennsylvania 15042",(724) 775-1476,Confession,Wed,6:00 PM,6:45 PM,Confession,specific_weekday,English,,,,,,
St. Felix Church - Our Lady of the Valley Parish,"450 13th St, Freedom, Pennsylvania 15042",(724) 775-1476,Confession,Sat,12:00 PM,1:00 PM,Confession,saturday,English,,,,,,
St. Felix Church - Our Lady of the Valley Parish,"450 13th St, Freedom, Pennsylvania 15042",(724) 775-1476,Confession,Sat,3:00 PM,3:45 PM,Confession,saturday,English,,,,,,
St. Frances Cabrini,"115 Trinity Dr, Aliquippa, Pennsylvania 15001",(724) 775-6363,Mass,Mon,8:30 AM,,Mass,specific_weekday,english,St. Frances Cabrini,,,,,
St. Frances Cabrini,"72581 US Rt 250 Colerain Rd, Colerain, Ohio 43912",(740) 695-9993,Mass,Wed,6:00 PM,,Mass,specific_weekday,english,St. Frances Cabrini,,,,,
St. Frances Cabrini,"115 Trinity Dr, Aliquippa, Pennsylvania 15001",(724) 775-6363,Mass,Fri,7:15 AM,,Mass,specific_weekday,english,St. Frances Cabrini,,,,,
St. Frances Cabrini,"115 Trinity Dr, Aliquippa, Pennsylvania 15001",(724) 775-6363,Mass,Sat,4:30 PM,,Mass,saturday,english,St. Frances Cabrini,,,,,vigil
St. Frances Cabrini,"72581 US Rt 250 Colerain Rd, Colerain, Ohio 43912",(740) 695-9993,Mass,Sat,6:30 PM,,Vigil Mass,saturday,English,St. Frances Cabrini,,,,,
St. Frances Cabrini,"115 Trinity Dr, Aliquippa, Pennsylvania 15001",(724) 775-6363,Mass,Sun,11:00 AM,,Mass,sunday,english,St. Frances Cabrini,,,,,
St. Frances Cabrini,"115 Trinity Dr, Aliquippa, Pennsylvania 15001",(724) 775-6363,Mass,Sun,8:30 AM,,Mass,sunday,english,St. Frances Cabrini,,,,,
St. Frances Cabrini,"72581 US Rt 250 Colerain Rd, Colerain, Ohio 43912",(740) 695-9993,Mass,,2:30 PM,,Mass,monthly,spanish,,third_sunday,,,,Third of the Month
St. Frances Cabrini,"115 Trinity Dr, Aliquippa, Pennsylvania 15001",(724) 775-6363,Confession,Tue,4:00 PM,5:00 PM,Confessions,specific_weekday,English,St. Frances Cabrini,,,,,ends 8/1/25
St. Frances Cabrini,"115 Trinity Dr, Aliquippa, Pennsylvania 15001",(724) 775-6363,Confession,Sat,11:30 AM,12:30 PM,Confessions,saturday,English,St. Frances Cabrini,,,,,
St. Frances Cabrini,"72581 US Rt 250 Colerain Rd, Colerain, Ohio 43912",(740) 695-9993,Confession,Sat,6:00 PM,,Confessions,saturday,English,St. Frances Cabrini,,,,,
St. Francis De Sales Church,"614 S Oakwood Ave, Beckley, West Virginia 25801",(304) 253-3695,Mass,Mon,8:30 AM,,Mass,other,English,,,,,,livestream
St. Francis De Sales Church,"614 S Oakwood Ave, Beckley, West Virginia 25801",(304) 253-3695,Mass,Tue,8:30 AM,,Mass,other,English,,,,,,livestream
St. Francis De Sales Church,"614 S Oakwood Ave, Beckley, West Virginia 25801",(304) 253-3695,Mass,Wed,6:30 PM,,Mass,specific_weekday,English,,,,,,
St. Francis De Sales Church,"614 S Oakwood Ave, Beckley, West Virginia 25801",(304) 253-3695,Mass,Wed,8:30 AM,,Mass,other,English,,,,,,livestream
St. Francis De Sales Church,"614 S Oakwood Ave, Beckley, West Virginia 25801",(304) 253-3695,Mass,Wed,8:30 AM,,Mass,specific_weekday,English,,,,,,"Mon, Tue, Thu, Fri; No morning Mass on Wednesdays."
St. Francis De Sales Church,"614 S Oakwood Ave, Beckley, West Virginia 25801",(304) 253-3695,Mass,Thu,8:30 AM,,Mass,other,English,,,,,,livestream
St. Francis De Sales Church,"614 S Oakwood Ave, Beckley, West Virginia 25801",(304) 253-3695,Mass,Fri,8:30 AM,,Mass,other,English,,,,,,livestream
St. Francis De Sales Church,"614 S Oakwood Ave, Beckley, West Virginia 25801",(304) 253-3695,Mass,Sat,5:00 PM,,Mass,saturday,English,,,,,,vigil
St. Francis De Sales Church,"614 S Oakwood Ave, Beckley, West Virginia 25801",(304) 253-3695,Mass,Sat,5:00 PM,,Mass,other,English,,,,,,vigil; livestream
St. Francis De Sales Church,"614 S Oakwood Ave, Beckley, West Virginia 25801",(304) 253-3695,Mass,Sun,11:00 AM,,Mass,sunday,English,,,,,,
St. Francis De Sales Church,"614 S Oakwood Ave, Beckley, West Virginia 25801",(304) 253-3695,Mass,Sun,11:00 AM,,Mass,other,English,,,,,,livestream
St. Francis De Sales Church,"614 S Oakwood Ave, Beckley, West Virginia 25801",(304) 253-3695,Mass,Sun,8:30 AM,,Mass,other,English,,,,,,livestream
St. Francis De Sales Church,"614 S Oakwood Ave, Beckley, West Virginia 25801",(304) 253-3695,Mass,Sun,8:30 AM,,Mass,sunday,English,,,,,,
St. Francis De Sales Church,"614 S Oakwood Ave, Beckley, West Virginia 25801",(304) 253-3695,Confession,Wed,5:00 PM,,Confession,specific_weekday,English,Reconciliation Room in Church,,,,,
St. Francis De Sales Church,"614 S Oakwood Ave, Beckley, West Virginia 25801",(304) 253-3695,Confession,Sat,4:00 PM,,Confession,saturday,English,Reconciliation Room in Church,,,,,
St. Francis De Sales Church,"614 S Oakwood Ave, Beckley, West Virginia 25801",(304) 253-3695,Adoration,Wed,9:00 AM,6:15 PM,Eucharistic Adoration,specific_weekday,English,,,,,,
St. Francis De Sales Church,"614 S Oakwood Ave, Beckley, West Virginia 25801",(304) 253-3695,Adoration,Wed,9:00 AM,6:00 PM,Eucharistic Adoration,specific_weekday,English,,,,,,between the Masses
St. Francis Xavier,"532 Market St, Parkersburg, West Virginia 26101-5144",(304) 422-6786,Mass,Mon,12:10 PM,,Mass,specific_weekday,English,,,,,,livestream
St. Francis Xavier,"912-7th St, Moundsville, West Virginia 26041-2106",(304) 845-1593,Mass,Tue,8:00 AM,,Mass,specific_weekday,English,,,,,,
St. Francis Xavier,"532 Market St, Parkersburg, West Virginia 26101-5144",(304) 422-6786,Mass,Tue,8:00 AM,,Mass,specific_weekday,English,,,,,,livestream
St. Francis Xavier,"532 Market St, Parkersburg, West Virginia 26101-5144",(304) 422-6786,Mass,Wed,7:00 PM,,Mass,specific_weekday,English,,,,,,livestream
St. Francis Xavier,"912-7th St, Moundsville, West Virginia 26041-2106",(304) 845-1593,Mass,Wed,8:00 AM,,Mass,specific_weekday,English,,,,,,
St. Francis Xavier,"912-7th St, Moundsville, West Virginia 26041-2106",(304) 845-1593,Mass,Thu,8:00 AM,,Mass,specific_weekday,English,,,,,,
St. Francis Xavier,"532 Market St, Parkersburg, West Virginia 26101-5144",(304) 422-6786,Mass,Thu,8:00 AM,,Mass,specific_weekday,English,,,,,,livestream
St. Francis Xavier,"532 Market St, Parkersburg, West Virginia 26101-5144",(304) 422-6786,Mass,Fri,12:10 PM,,Mass,specific_weekday,English,,,,,,livestream
St. Francis Xavier,"912-7th St, Moundsville, West Virginia 26041-2106",(304) 845-1593,Mass,Fri,8:00 AM,,Mass,specific_weekday,English,,,,,,
St. Francis Xavier,"912-7th St, Moundsville, West Virginia 26041-2106",(304) 845-1593,Mass,Sat,4:00 PM,,Mass,saturday,English,,,,,,vigil
St. Francis Xavier,"532 Market St, Parkersburg, West Virginia 26101-5144",(304) 422-6786,Mass,Sat,5:00 PM,,Mass,saturday,English,,,,,,vigil; livestream
St. Francis Xavier,"912-7th St, Moundsville, West Virginia 26041-2106",(304) 845-1593,Mass,Sun,10:00 AM,,Mass,sunday,English,,,,,,
St. Francis Xavier,"532 Market St, Parkersburg, West Virginia 26101-5144",(304) 422-6786,Mass,Sun,10:30 AM,,Mass,sunday,English,,,,,,livestream
St. Francis Xavier,"532 Market St, Parkersburg, West Virginia 26101-5144",(304) 422-6786,Mass,Sun,5:00 PM,,Mass,sunday,English,,,,,,livestream
St. Francis Xavier,"912-7th St, Moundsville, West Virginia 26041-2106",(304) 845-1593,Mass,Sun,8:00 AM,,Mass,sunday,English,,,,,,
St. Francis Xavier,"912-7th St, Moundsville, West Virginia 26041-2106",(304) 845-1593,Confession,Sat,3:30 PM,,Confessions,saturday,English,,,,,,note: Saturdays at 3:30 p.m. and by appointment.
St. Francis Xavier,"532 Market St, Parkersburg, West Virginia 26101-5144",(304) 422-6786,Education,Sun,12:30 PM,2:00 PM,Youth Group,other,English,,,,,,youth
St. Francis Xavier,"532 Market St, Parkersburg, West Virginia 26101-5144",(304) 422-6786,Other,,7:00 PM,9:00 PM,Young Adults,monthly,English,,saturday,,,,1st & 3rd nights
St. Francis Xavier,"912-7th St, Moundsville, West Virginia 26041-2106",(304) 845-1593,Sacraments,Mon,8:00 AM,,Communion Service,specific_weekday,English,,,,,,note: Monday: Communion Service
St. Francis de Sales,"1 Guthrie Ln, Morgantown, West Virginia 26508",(304) 296-5353,Mass,Mon,5:15 PM,,Mass,specific_weekday,English,,,,,,
St. Francis de Sales,"37730 St Francis Ct, Purcellville, Virginia 20132",(540) 338-6381,Mass,Mon,6:30 AM,,Mass,specific_weekday,English,,,,,,
St. Francis de Sales,"1 Guthrie Ln, Morgantown, West Virginia 26508",(304) 296-5353,Mass,Mon,8:30 AM,,Mass,specific_weekday,English,Daily Mass Chapel,,,,,
St. Francis de Sales,"37730 St Francis Ct, Purcellville, Virginia 20132",(540) 338-6381,Mass,Mon,8:30 AM,,Mass,specific_weekday,English,,,,,,
St. Francis de Sales,"37730 St Francis Ct, Purcellville, Virginia 20132",(540) 338-6381,Mass,Tue,6:30 AM,,Mass,specific_weekday,English,,,,,,
St. Francis de Sales,"1 Guthrie Ln, Morgantown, West Virginia 26508",(304) 296-5353,Mass,Tue,8:30 AM,,Mass,specific_weekday,English,Daily Mass Chapel,,,,,
St. Francis de Sales,"37730 St Francis Ct, Purcellville, Virginia 20132",(540) 338-6381,Mass,Tue,8:30 AM,,Mass,specific_weekday,English,,,,,,
St. Francis de Sales,"37730 St Francis Ct, Purcellville, Virginia 20132",(540) 338-6381,Mass,Wed,6:30 AM,,Mass,specific_weekday,English,,,,,,
St. Francis de Sales,"1 Guthrie Ln, Morgantown, West Virginia 26508",(304) 296-5353,Mass,Wed,7:00 PM,,Mass,specific_weekday,English,Daily Mass Chapel,,,,,
St. Francis de Sales,"37730 St Francis Ct, Purcellville, Virginia 20132",(540) 338-6381,Mass,Wed,8:30 AM,,Mass,specific_weekday,English,,,,,,
St. Francis de Sales,"37730 St Francis Ct, Purcellville, Virginia 20132",(540) 338-6381,Mass,Thu,6:30 AM,,Mass,specific_weekday,English,,,,,,
St. Francis de Sales,"1 Guthrie Ln, Morgantown, West Virginia 26508",(304) 296-5353,Mass,Thu,8:30 AM,,Mass,specific_weekday,English,Daily Mass Chapel,,,,,except for School Masses
St. Francis de Sales,"37730 St Francis Ct, Purcellville, Virginia 20132",(540) 338-6381,Mass,Thu,8:30 AM,,Mass,specific_weekday,English,,,,,,
St. Francis de Sales,"37730 St Francis Ct, Purcellville, Virginia 20132",(540) 338-6381,Mass,Fri,12:00 PM,,Mass,specific_weekday,English,,,,,,
St. Francis de Sales,"37730 St Francis Ct, Purcellville, Virginia 20132",(540) 338-6381,Mass,Fri,6:30 AM,,Mass,specific_weekday,English,,,,,,
St. Francis de Sales,"1 Guthrie Ln, Morgantown, West Virginia 26508",(304) 296-5353,Mass,Fri,7:30 AM,,Mass,specific_weekday,English,Daily Mass Chapel,,,,,
St. Francis de Sales,"37730 St Francis Ct, Purcellville, Virginia 20132",(540) 338-6381,Mass,Sat,5:00 PM,,Mass,saturday,English,,,,,,vigil; Vigil Mass
St. Francis de Sales,"1 Guthrie Ln, Morgantown, West Virginia 26508",(304) 296-5353,Mass,Sat,5:15 PM,,Mass,saturday,English,,,,,,vigil
St. Francis de Sales,"37730 St Francis Ct, Purcellville, Virginia 20132",(540) 338-6381,Mass,Sat,9:00 AM,,Mass,saturday,English,,,,,,
St. Francis de Sales,"1 Guthrie Ln, Morgantown, West Virginia 26508",(304) 296-5353,Mass,Sun,10:00 AM,,Mass,sunday,English,,,,,,
St. Francis de Sales,"37730 St Francis Ct, Purcellville, Virginia 20132",(540) 338-6381,Mass,Sun,10:30 AM,,Mass,sunday,English,,,,,,livestream
St. Francis de Sales,"37730 St Francis Ct, Purcellville, Virginia 20132",(540) 338-6381,Mass,Sun,12:00 PM,,Mass,sunday,English,,,,,,livestream
St. Francis de Sales,"37730 St Francis Ct, Purcellville, Virginia 20132",(540) 338-6381,Mass,Sun,12:15 PM,,Mass,sunday,English,,,,,,livestream
St. Francis de Sales,"37730 St Francis Ct, Purcellville, Virginia 20132",(540) 338-6381,Mass,Sun,5:30 PM,,Mass,sunday,English,,,,,,livestream
St. Francis de Sales,"37730 St Francis Ct, Purcellville, Virginia 20132",(540) 338-6381,Mass,Sun,7:00 AM,,Mass,sunday,English,,,,,,livestream
St. Francis de Sales,"1 Guthrie Ln, Morgantown, West Virginia 26508",(304) 296-5353,Mass,Sun,8:00 AM,,Mass,sunday,English,,,,,,
St. Francis de Sales,"37730 St Francis Ct, Purcellville, Virginia 20132",(540) 338-6381,Mass,Sun,8:30 AM,,Mass,sunday,English,,,,,,livestream
St. Francis de Sales,"1 Guthrie Ln, Morgantown, West Virginia 26508",(304) 296-5353,Mass,,10:00 AM,,Mass,special_event,English,,,2025-12-25,,,Mass
St. Francis de Sales,"1 Guthrie Ln, Morgantown, West Virginia 26508",(304) 296-5353,Mass,,4:00 PM,,Vigil of the Nativity of the Lord,special_event,English,,,2025-12-24,,,Vigil of the Nativity of the Lord; Christmas; vigil
St. Francis de Sales,"1 Guthrie Ln, Morgantown, West Virginia 26508",(304) 296-5353,Mass,,7:00 PM,,Vigil of the Nativity of the Lord,special_event,English,,,2025-12-24,,,Vigil of the Nativity of the Lord; Christmas; vigil
St. Francis de Sales,"1 Guthrie Ln, Morgantown, West Virginia 26508",(304) 296-5353,Mass,,TBD,,Mass,special_event,English,,,2025-12-25,,,Mass TIME_TBD
St. Francis de Sales,"37730 St Francis Ct, Purcellville, Virginia 20132",(540) 338-6381,Confession,Wed,8:00 PM,,Confessions,specific_weekday,English,,,,,,
St. Francis de Sales,"37730 St Francis Ct, Purcellville, Virginia 20132",(540) 338-6381,Confession,Fri,11:00 AM,,Confessions,specific_weekday,English,,,,,,
St. Francis de Sales,"37730 St Francis Ct, Purcellville, Virginia 20132",(540) 338-6381,Confession,Sat,3:30 PM,,Confessions,saturday,English,,,,,,
St. Francis de Sales,"1 Guthrie Ln, Morgantown, West Virginia 26508",(304) 296-5353,Confession,Sat,4:00 PM,4:45 PM,Penance & Reconciliation,saturday,English,,,,,,
St. Francis de Sales,"37730 St Francis Ct, Purcellville, Virginia 20132",(540) 338-6381,Confession,Sat,8:00 AM,,Confessions,saturday,English,,,,,,
St. Francis de Sales,"37730 St Francis Ct, Purcellville, Virginia 20132",(540) 338-6381,Confession,Sun,TBD,,Confessions,other,English,,,,,,1/2 Hour before each Mass; by appointment
St. Francis de Sales,"1 Guthrie Ln, Morgantown, West Virginia 26508",(304) 296-5353,Confession,,12:00 PM,9:00 AM,Advent Penance & Reconciliation,parish_event,English,,,,,,12 –10:00
St. Francis de Sales,"1 Guthrie Ln, Morgantown, West Virginia 26508",(304) 296-5353,Confession,,12:00 PM,2:00 PM,Advent Penance & Reconciliation,parish_event,English,,,,,,12 –15:00
St. Francis de Sales,"1 Guthrie Ln, Morgantown, West Virginia 26508",(304) 296-5353,Confession,,12:00 PM,5:30 PM,Advent Penance & Reconciliation,parish_event,English,,,,,,12 –18:45
St. Francis de Sales,"1 Guthrie Ln, Morgantown, West Virginia 26508",(304) 296-5353,Confession,,12:00 PM,8:00 AM,Advent Penance & Reconciliation,parish_event,English,,,,,,12 –09:00
St. Francis de Sales,"37730 St Francis Ct, Purcellville, Virginia 20132",(540) 338-6381,Adoration,Fri,12:00 PM,9:00 AM,Adoration,other,English,,,,,,Following Noon Mass On Until Saturday Mass; exposition
St. Francis de Sales,"37730 St Francis Ct, Purcellville, Virginia 20132",(540) 338-6381,Devotions,Mon,6:00 AM,,Rosary Group,specific_weekday,English,,,,,,
St. Francis de Sales,"37730 St Francis Ct, Purcellville, Virginia 20132",(540) 338-6381,Devotions,Tue,6:00 AM,,Rosary Group,specific_weekday,English,,,,,,
St. Francis de Sales,"37730 St Francis Ct, Purcellville, Virginia 20132",(540) 338-6381,Devotions,Wed,6:00 AM,,Rosary Group,specific_weekday,English,,,,,,
St. Francis de Sales,"37730 St Francis Ct, Purcellville, Virginia 20132",(540) 338-6381,Devotions,Thu,6:00 AM,,Rosary Group,specific_weekday,English,,,,,,
St. Francis de Sales,"37730 St Francis Ct, Purcellville, Virginia 20132",(540) 338-6381,Devotions,Fri,6:00 AM,,Rosary Group,specific_weekday,English,,,,,,
St. Francis de Sales,"1 Guthrie Ln, Morgantown, West Virginia 26508",(304) 296-5353,Other,,11:30 PM,,Carol service,special_event,English,,,2025-12-24,,,Carol service; followed by Mass at Midnight
St. Francis de Sales,"1 Guthrie Ln, Morgantown, West Virginia 26508",(304) 296-5353,Other,,5:15 PM,,Immaculate Conception of the Blessed Virgin Mary,special_event,English,,,2025-12-08,,,Immaculate Conception of the Blessed Virgin Mary
St. Francis de Sales,"1 Guthrie Ln, Morgantown, West Virginia 26508",(304) 296-5353,Other,,8:30 AM,,Immaculate Conception of the Blessed Virgin Mary,special_event,English,,,2025-12-08,,,Immaculate Conception of the Blessed Virgin Mary
St. Francis of Assisi,"101 W Church Ave, Masontown, Pennsylvania 15461",(724) 583-7866,Mass,Mon,8:00 AM,,Mass,specific_weekday,English,Masontown,,,,,
St. Francis of Assisi,"601 Loretta Ave, Toronto, Ohio 43964",(740) 537-4433,Mass,Mon,8:30 AM,,Mass,specific_weekday,English,St. Francis of Assisi Parish,,,,,
St. Francis of Assisi,"113 1st Ave, Brunswick, Maryland 21716",13018349185,Mass,Mon,9:00 AM,,Mass,weekday,English,Church,,,,,
St. Francis of Assisi,"561 Main St, Logan, West Virginia 25601",(304) 752-3017,Mass,Mon,9:00 AM,,Mass,specific_weekday,English,St. Francis of Assisi,,,,,
St. Francis of Assisi,"137 Bryan St, Pikeville, Kentucky 41501",606-437-6117,Mass,Tue,12:00 PM,,Mass,specific_weekday,english,,,,,,
St. Francis of Assisi,"113 1st Ave, Brunswick, Maryland 21716",13018349185,Mass,Tue,6:00 PM,7:00 PM,Mass,specific_weekday,English,Church,,,,,
St. Francis of Assisi,"1023 6th Ave, Saint Albans, West Virginia 25177",(304) 727-3033,Mass,Tue,6:00 PM,,Mass,specific_weekday,English,,,,,,
St. Francis of Assisi,"113 1st Ave, Brunswick, Maryland 21716",13018349185,Mass,Tue,9:00 AM,,Mass,weekday,English,Church,,,,,
St. Francis of Assisi,"137 Bryan St, Pikeville, Kentucky 41501",606-437-6117,Mass,Wed,12:00 PM,,Mass,specific_weekday,english,,,,,,
St. Francis of Assisi,"113 1st Ave, Brunswick, Maryland 21716",13018349185,Mass,Wed,6:00 PM,7:00 PM,Mass,specific_weekday,English,Church,,,,,
St. Francis of Assisi,"101 W Church Ave, Masontown, Pennsylvania 15461",(724) 583-7866,Mass,Wed,8:00 AM,,Mass,specific_weekday,English,Masontown,,,,,
St. Francis of Assisi,"1023 6th Ave, Saint Albans, West Virginia 25177",(304) 727-3033,Mass,Wed,8:15 AM,,Mass,specific_weekday,English,,,,,,
St. Francis of Assisi,"601 Loretta Ave, Toronto, Ohio 43964",(740) 537-4433,Mass,Wed,8:30 AM,,Mass,specific_weekday,English,St. Francis of Assisi Parish,,,,,
St. Francis of Assisi,"113 1st Ave, Brunswick, Maryland 21716",13018349185,Mass,Wed,9:00 AM,,Mass,weekday,English,Church,,,,,
St. Francis of Assisi,"137 Bryan St, Pikeville, Kentucky 41501",606-437-6117,Mass,Thu,12:00 PM,,Mass,specific_weekday,english,,,,,,
St. Francis of Assisi,"113 1st Ave, Brunswick, Maryland 21716",13018349185,Mass,Thu,6:00 PM,7:00 PM,Mass,specific_weekday,English,Church,,,,,
St. Francis of Assisi,"1023 6th Ave, Saint Albans, West Virginia 25177",(304) 727-3033,Mass,Thu,8:15 AM,,Mass,specific_weekday,English,,,,,,
St. Francis of Assisi,"113 1st Ave, Brunswick, Maryland 21716",13018349185,Mass,Thu,9:00 AM,,Mass,weekday,English,Church,,,,,
St. Francis of Assisi,"137 Bryan St, Pikeville, Kentucky 41501",606-437-6117,Mass,Fri,12:00 PM,,Mass,specific_weekday,english,,,,,,
St. Francis of Assisi,"1023 6th Ave, Saint Albans, West Virginia 25177",(304) 727-3033,Mass,Fri,6:00 PM,,Mass,specific_weekday,English,,,,,,
St. Francis of Assisi,"101 W Church Ave, Masontown, Pennsylvania 15461",(724) 583-7866,Mass,Fri,8:00 AM,,Mass,specific_weekday,English,Masontown,,,,,
St. Francis of Assisi,"601 Loretta Ave, Toronto, Ohio 43964",(740) 537-4433,Mass,Fri,8:30 AM,,Mass,specific_weekday,English,St. Francis of Assisi Parish,,,,,
St. Francis of Assisi,"113 1st Ave, Brunswick, Maryland 21716",13018349185,Mass,Fri,9:00 AM,,Mass,weekday,English,Church,,,,,
St. Francis of Assisi,"561 Main St, Logan, West Virginia 25601",(304) 752-3017,Mass,Fri,9:00 AM,,Mass,specific_weekday,English,St. Francis of Assisi,,,,,
St. Francis of Assisi,"561 Main St, Logan, West Virginia 25601",(304) 752-3017,Mass,Sat,4:30 PM,,Mass,saturday,English,St. Francis of Assisi,,,,,vigil
St. Francis of Assisi,"113 1st Ave, Brunswick, Maryland 21716",13018349185,Mass,Sat,5:00 PM,6:00 PM,Mass,other,spanish,,,,,,vigil
St. Francis of Assisi,"137 Bryan St, Pikeville, Kentucky 41501",606-437-6117,Mass,Sat,5:00 PM,,Mass,saturday,English,,,,,,
St. Francis of Assisi,"1023 6th Ave, Saint Albans, West Virginia 25177",(304) 727-3033,Mass,Sat,5:00 PM,,Mass,saturday,English,,,,,,Rosary 35 minutes prior
St. Francis of Assisi,"601 Loretta Ave, Toronto, Ohio 43964",(740) 537-4433,Mass,Sat,5:00 PM,,Mass,saturday,English,St. Francis of Assisi Parish,,,,,
St. Francis of Assisi,"101 W Church Ave, Masontown, Pennsylvania 15461",(724) 583-7866,Mass,Sat,6:00 PM,,Mass,saturday,English,Masontown,,,,,
St. Francis of Assisi,"113 1st Ave, Brunswick, Maryland 21716",13018349185,Mass,Sat,9:00 AM,,Mass,saturday,English,Church,,,,,
St. Francis of Assisi,"137 Bryan St, Pikeville, Kentucky 41501",606-437-6117,Mass,Sun,10:30 AM,,Mass,sunday,english,,,,,,livestream
St. Francis of Assisi,"113 1st Ave, Brunswick, Maryland 21716",13018349185,Mass,Sun,11:00 AM,,Mass,sunday,English,Church,,,,,
St. Francis of Assisi,"561 Main St, Logan, West Virginia 25601",(304) 752-3017,Mass,Sun,11:00 AM,,Mass,sunday,English,St. Francis of Assisi,,,,,
St. Francis of Assisi,"1023 6th Ave, Saint Albans, West Virginia 25177",(304) 727-3033,Mass,Sun,11:00 AM,,Mass,sunday,English,,,,,,Rosary 35 minutes prior
St. Francis of Assisi,"601 Loretta Ave, Toronto, Ohio 43964",(740) 537-4433,Mass,Sun,11:00 AM,,Mass,sunday,English,St. Francis of Assisi Parish,,,,,
St. Francis of Assisi,"101 W Church Ave, Masontown, Pennsylvania 15461",(724) 583-7866,Mass,Sun,11:30 AM,,Mass,sunday,English,Masontown,,,,,
St. Francis of Assisi,"113 1st Ave, Brunswick, Maryland 21716",13018349185,Mass,Sun,1:00 PM,2:00 PM,Mass,other,bilingual,,,,,,
St. Francis of Assisi,"113 1st Ave, Brunswick, Maryland 21716",13018349185,Mass,Sun,7:00 AM,,Mass,sunday,English,Church,,,,,
St. Francis of Assisi,"101 W Church Ave, Masontown, Pennsylvania 15461",(724) 583-7866,Mass,Sun,8:00 AM,,Mass,sunday,English,Masontown,,,,,
St. Francis of Assisi,"113 1st Ave, Brunswick, Maryland 21716",13018349185,Mass,Sun,9:00 AM,,Mass,sunday,English,Church,,,,,
St. Francis of Assisi,"137 Bryan St, Pikeville, Kentucky 41501",606-437-6117,Mass,,1:00 PM,,Byzantine Melkite Divine Liturgy,monthly,english,,sunday,,,,1st and 3rd
St. Francis of Assisi,"113 1st Ave, Brunswick, Maryland 21716",13018349185,Mass,,5:00 PM,,Vigil Mass,special_event,English,Church,,2025-12-24,,,Vigil Mass; vigil
St. Francis of Assisi,"113 1st Ave, Brunswick, Maryland 21716",13018349185,Mass,,9:00 AM,,Mass,monthly,English,Church,first_friday_(recurring),,,,
St. Francis of Assisi,"113 1st Ave, Brunswick, Maryland 21716",13018349185,Confession,Mon,TBD,,Confession,other,English,,,,before,Mass,before Mass
St. Francis of Assisi,"113 1st Ave, Brunswick, Maryland 21716",13018349185,Confession,Tue,TBD,,Confession,other,English,,,,before,Mass,before Mass
St. Francis of Assisi,"113 1st Ave, Brunswick, Maryland 21716",13018349185,Confession,Wed,TBD,,Confession,other,English,,,,before,Mass,before Mass
St. Francis of Assisi,"113 1st Ave, Brunswick, Maryland 21716",13018349185,Confession,Thu,TBD,,Confession,other,English,,,,before,Mass,before Mass
St. Francis of Assisi,"113 1st Ave, Brunswick, Maryland 21716",13018349185,Confession,Fri,TBD,,Confession,other,English,,,,before,Mass,before Mass
St. Francis of Assisi,"137 Bryan St, Pikeville, Kentucky 41501",606-437-6117,Confession,Sat,4:00 PM,,Confessions,saturday,English,,,,,,
St. Francis of Assisi,"1023 6th Ave, Saint Albans, West Virginia 25177",(304) 727-3033,Confession,Sat,4:00 PM,4:45 PM,Reconciliation,saturday,English,,,,,,or by appointment
St. Francis of Assisi,"101 W Church Ave, Masontown, Pennsylvania 15461",(724) 583-7866,Confession,Sat,5:00 PM,5:30 PM,Confessions,saturday,English,Masontown,,,,,
St. Francis of Assisi,"113 1st Ave, Brunswick, Maryland 21716",13018349185,Confession,,TBD,,Confession,other,English,,,,before,Mass,before Mass
St. Francis of Assisi,"137 Bryan St, Pikeville, Kentucky 41501",606-437-6117,Adoration,Tue,6:00 PM,,Adoration,specific_weekday,English,,,,,,
St. Francis of Assisi,"113 1st Ave, Brunswick, Maryland 21716",13018349185,Adoration,Thu,7:00 PM,8:00 PM,Holy Hour/Exposition/Benediction,other,English,,,,,,exposition; benediction
St. Francis of Assisi,"1023 6th Ave, Saint Albans, West Virginia 25177",(304) 727-3033,Adoration,Fri,5:00 PM,,Adoration,other,English,,,,,,
St. Francis of Assisi,"561 Main St, Logan, West Virginia 25601",(304) 752-3017,Adoration,Fri,8:30 AM,9:00 AM,Exposition,specific_weekday,English,St. Francis of Assisi,,,,,exposition
St. Francis of Assisi,"113 1st Ave, Brunswick, Maryland 21716",13018349185,Adoration,,9:30 AM,,Adoration,monthly,English,Adoration Chapel,first_friday_(recurring),,,,
St. Francis of Assisi,"1023 6th Ave, Saint Albans, West Virginia 25177",(304) 727-3033,Education,Sun,10:00 AM,,CCD/PSR,other,English,,,,,,including Confirmation prep classes
St. Francis of Assisi,"1023 6th Ave, Saint Albans, West Virginia 25177",(304) 727-3033,Other,Wed,5:30 PM,,Adult Choir Practice,other,English,Choir Loft,,,,,
St. Francis of Assisi,"101 W Church Ave, Masontown, Pennsylvania 15461",(724) 583-7866,Other,,10:00 AM,,Ash Wednesday Fish Fry,special_event,English,Masontown cafeteria,,2026-02-18,,,Ash Wednesday Fish Fry
St. Francis of Assisi,"101 W Church Ave, Masontown, Pennsylvania 15461",(724) 583-7866,Other,,10:00 AM,5:00 PM,Fish Fry,parish_event,English,Masontown cafeteria,,2026-02-18,,,
St. Francis of Assisi,"113 1st Ave, Brunswick, Maryland 21716",13018349185,Other,,11:00 AM,,Christmas Day,special_event,English,Church,,2025-12-25,,,Christmas Day
St. Francis of Assisi,"113 1st Ave, Brunswick, Maryland 21716",13018349185,Other,,7:00 AM,,Christmas Day,special_event,English,Church,,2025-12-25,,,Christmas Day
St. Francis of Assisi,"113 1st Ave, Brunswick, Maryland 21716",13018349185,Other,,9:00 AM,,Assumption of the Blessed Virgin Mary,special_event,English,Church,,2025-08-15,,,Assumption of the Blessed Virgin Mary
St. Francis of Assisi,"113 1st Ave, Brunswick, Maryland 21716",13018349185,Other,,9:00 AM,,All Saints,special_event,English,Church,,2025-11-01,,,All Saints
St. Francis of Assisi,"113 1st Ave, Brunswick, Maryland 21716",13018349185,Other,,9:00 AM,,Immaculate Conception,special_event,English,Church,,2025-12-08,,,Immaculate Conception
St. Francis of Assisi,"113 1st Ave, Brunswick, Maryland 21716",13018349185,Other,,9:00 AM,,Christmas Day,special_event,English,Church,,2025-12-25,,,Christmas Day
St. Francis of Assisi,"113 1st Ave, Brunswick, Maryland 21716",13018349185,Other,,9:00 AM,,"Solemnity of Mary, Mother of God",special_event,English,Church,,2026-01-01,,,"Solemnity of Mary, Mother of God"
St. George,"271 W Chestnut St, Lisbon, Ohio 44432",13304247648,Mass,Tue,9:00 AM,,Mass,specific_weekday,English,St. George Parish,,,,,Lisbon
St. George,"271 W Chestnut St, Lisbon, Ohio 44432",13304247648,Mass,Fri,9:00 AM,,Mass,specific_weekday,English,St. George Parish,,,,,Lisbon
St. George,"271 W Chestnut St, Lisbon, Ohio 44432",13304247648,Mass,Sun,8:30 AM,,Mass,sunday,English,St. George Parish,,,,,Lisbon
St. George (Maronite),"6 Lebanon Ter, Uniontown, Pennsylvania 15401",(724) 437-5589,Mass,Mon,8:30 AM,,Divine Liturgy,specific_weekday,English,St. George Church,,,,,
St. George (Maronite),"6 Lebanon Ter, Uniontown, Pennsylvania 15401",(724) 437-5589,Mass,Tue,8:30 AM,,Divine Liturgy,specific_weekday,English,St. George Church,,,,,
St. George (Maronite),"6 Lebanon Ter, Uniontown, Pennsylvania 15401",(724) 437-5589,Mass,Wed,8:30 AM,,Divine Liturgy,specific_weekday,English,St. George Church,,,,,
St. George (Maronite),"6 Lebanon Ter, Uniontown, Pennsylvania 15401",(724) 437-5589,Mass,Thu,8:30 AM,,Divine Liturgy,specific_weekday,English,St. George Church,,,,,
St. George (Maronite),"6 Lebanon Ter, Uniontown, Pennsylvania 15401",(724) 437-5589,Mass,Sat,4:00 PM,,Divine Liturgy,saturday,English,St. George Church,,,,,
St. George (Maronite),"6 Lebanon Ter, Uniontown, Pennsylvania 15401",(724) 437-5589,Mass,Sun,10:30 AM,,Divine Liturgy,sunday,English,St. George Church,,,,,
St. George (Maronite),"6 Lebanon Ter, Uniontown, Pennsylvania 15401",(724) 437-5589,Mass,Sun,8:30 AM,,Divine Liturgy,sunday,English,St. George Church,,,,,
St. George (Maronite),"6 Lebanon Ter, Uniontown, Pennsylvania 15401",(724) 437-5589,Mass,,7:00 PM,,Divine Liturgy,special_event,English,St. George Church,,2025-01-01,,,Divine Liturgy; Feast Days
St. George (Maronite),"6 Lebanon Ter, Uniontown, Pennsylvania 15401",(724) 437-5589,Mass,,7:00 PM,,Divine Liturgy,special_event,English,St. George Church,,2025-08-15,,,Divine Liturgy; Feast Days
St. George (Maronite),"6 Lebanon Ter, Uniontown, Pennsylvania 15401",(724) 437-5589,Mass,,7:00 PM,,Divine Liturgy,special_event,English,St. George Church,,2025-11-01,,,Divine Liturgy; Feast Days
St. George (Maronite),"6 Lebanon Ter, Uniontown, Pennsylvania 15401",(724) 437-5589,Mass,,7:00 PM,,Divine Liturgy,special_event,English,St. George Church,,2025-12-08,,,Divine Liturgy; Feast Days
St. George (Maronite),"6 Lebanon Ter, Uniontown, Pennsylvania 15401",(724) 437-5589,Mass,,7:00 PM,,Divine Liturgy,special_event,English,St. George Church,,2025-12-25,,,Divine Liturgy; Feast Days
St. George (Maronite),"6 Lebanon Ter, Uniontown, Pennsylvania 15401",(724) 437-5589,Devotions,Tue,6:00 PM,,Vespers,specific_weekday,English,St. George Church,,,,,
St. George (Maronite),"6 Lebanon Ter, Uniontown, Pennsylvania 15401",(724) 437-5589,Devotions,,6:00 PM,,Vespers,special_event,English,St. George Church,,2025-01-01,,,Vespers; Feast Days
St. George (Maronite),"6 Lebanon Ter, Uniontown, Pennsylvania 15401",(724) 437-5589,Devotions,,6:00 PM,,Vespers,special_event,English,St. George Church,,2025-08-15,,,Vespers; Feast Days
St. George (Maronite),"6 Lebanon Ter, Uniontown, Pennsylvania 15401",(724) 437-5589,Devotions,,6:00 PM,,Vespers,special_event,English,St. George Church,,2025-11-01,,,Vespers; Feast Days
St. George (Maronite),"6 Lebanon Ter, Uniontown, Pennsylvania 15401",(724) 437-5589,Devotions,,6:00 PM,,Vespers,special_event,English,St. George Church,,2025-12-08,,,Vespers; Feast Days
St. George (Maronite),"6 Lebanon Ter, Uniontown, Pennsylvania 15401",(724) 437-5589,Devotions,,6:00 PM,,Vespers,special_event,English,St. George Church,,2025-12-25,,,Vespers; Feast Days
St. George (Ruthenian),"1001 Clinton St, Aliquippa, Pennsylvania 15001",(724) 375-2742,Mass,Sun,8:30 AM,,Divine Liturgy,sunday,English,St. George,,,,,note: Fellowship coffee and doughnuts in the center following
St. George (Ruthenian),"1001 Clinton St, Aliquippa, Pennsylvania 15001",(724) 375-2742,Mass,,8:30 AM,,Divine Liturgy,special_event,English,St. George,,2026-02-15,,,Divine Liturgy; Sunday of Cheese-Fare
St. George (Ruthenian),"1001 Clinton St, Aliquippa, Pennsylvania 15001",(724) 375-2742,Other,Sun,8:15 AM,,First Hour,sunday,English,St. George,,,,,
St. George (Ruthenian),"1001 Clinton St, Aliquippa, Pennsylvania 15001",(724) 375-2742,Other,,8:15 AM,,First Hour,special_event,English,St. George,,2026-02-15,,,First Hour; Sunday of Cheese-Fare
St. George (Ruthenian),"1001 Clinton St, Aliquippa, Pennsylvania 15001",(724) 375-2742,Other,,9:00 AM,12:00 PM,Pirohi Sale,parish_event,English,St. George Center,,,,,Friday; note: Orders should be called in on Thursday before the sale
St. George (Ruthenian),"1001 Clinton St, Aliquippa, Pennsylvania 15001",(724) 375-2742,Other,,TBD,,Pirohi Sale,special_event,English,St. George Center,,2026-02-13,,,Pirohi Sale; check bulletin
St. Gregory,"137 Church St, Macdonaldton, Pennsylvania 15530",(814) 634-8150,Adoration,Mon,TBD,,Adoration,other,English,,,,,,thly; Check the Bulletin for Date and Time
St. Henry,"36575 Church St C.R 47, Lower Salem, Ohio 45745",(740) 585-2383,Mass,Sun,9:30 AM,,Mass,sunday,english,St. Henry,,,,,Harriettsville
St. Henry,"36575 Church St C.R 47, Lower Salem, Ohio 45745",(740) 585-2383,Confession,Sun,10:30 AM,,Confessions,sunday,English,St. Henry,,,,,Harriettsville; after Sunday Mass or by appointment
St. Hilary,"320 Henderson Ave, Washington, Pennsylvania 15301",(724) 225-1425,Mass,Sun,8:00 AM,,Mass,sunday,english,Saint Hilary church,,,,,livestream
St. Hilary,"320 Henderson Ave, Washington, Pennsylvania 15301",(724) 225-1425,Devotions,,12:00 AM,,Holy Hour for Life,parish_event,English,,,2026-01-22,,,TIME_TBD
St. Hilary,"320 Henderson Ave, Washington, Pennsylvania 15301",(724) 225-1425,Other,,12:00 AM,,Wine & Cheese Night,parish_event,English,,,2026-01-16,,,TIME_TBD; Meet and Greet 21+
St. Hilary,"320 Henderson Ave, Washington, Pennsylvania 15301",(724) 225-1425,Other,,12:00 AM,,Women in Faith Annual Retreat,parish_event,English,,,2026-03-14,,,TIME_TBD
St. Hubert,"9 Sadler St, Point Marion, Pennsylvania 15474",724-564-7436,Confession,Sat,11:00 AM,11:30 AM,Reconciliation,specific_weekday,English,,,,,,
St. Hubert,"9 Sadler St, Point Marion, Pennsylvania 15474",724-564-7436,Confession,,11:00 AM,11:30 AM,Reconciliation,monthly,English,,first_saturday_(recurring),,,,
St. Hugh,"408 Rt 88, Carmichaels, Pennsylvania 15320",(724) 966-7270,Mass,Mon,9:00 AM,,Mass,specific_weekday,english,"St. Hugh, Carmichaels",,,,,
St. Hugh,"408 Rt 88, Carmichaels, Pennsylvania 15320",(724) 966-7270,Mass,Wed,9:00 AM,,Mass,specific_weekday,english,"St. Hugh, Carmichaels",,,,,
St. Hugh,"408 Rt 88, Carmichaels, Pennsylvania 15320",(724) 966-7270,Mass,Fri,9:00 AM,,Mass,specific_weekday,english,"St. Hugh, Carmichaels",,,,,
St. Hugh,"408 Rt 88, Carmichaels, Pennsylvania 15320",(724) 966-7270,Mass,Sat,6:00 PM,,Mass,saturday,english,"St. Hugh, Carmichaels",,,,,vigil
St. Hugh,"408 Rt 88, Carmichaels, Pennsylvania 15320",(724) 966-7270,Mass,Sun,9:30 AM,,Mass,sunday,english,"St. Hugh, Carmichaels",,,,,
St. Hugh,"408 Rt 88, Carmichaels, Pennsylvania 15320",(724) 966-7270,Confession,,11:00 AM,11:30 AM,Confession,monthly,English,St. Hugh,second_saturday,,,,2nd Saturday; note: no confessions on the fifth Saturday of the month
St. Ignatius Loyola,"4103 Prices Distillery Rd, Ijamsville, Maryland 21754",(301) 695-8845,Mass,Sat,4:30 PM,,Mass,saturday,English,Main Church,,,,,
St. Ignatius Loyola,"4103 Prices Distillery Rd, Ijamsville, Maryland 21754",(301) 695-8845,Mass,Sun,10:00 AM,,Mass,sunday,English,Main Church,,,,,
St. Ignatius Loyola,"4103 Prices Distillery Rd, Ijamsville, Maryland 21754",(301) 695-8845,Mass,Sun,12:00 PM,,Mass,sunday,English,Main Church,,,,,
St. Ignatius Loyola,"4103 Prices Distillery Rd, Ijamsville, Maryland 21754",(301) 695-8845,Mass,Sun,8:00 AM,,Mass,sunday,English,Main Church,,,,,
St. Ignatius Loyola,"4103 Prices Distillery Rd, Ijamsville, Maryland 21754",(301) 695-8845,Mass,,9:00 AM,,Mass,monthly,English,Main Church,first_saturday_(recurring),,,,
St. Ignatius Loyola,"4103 Prices Distillery Rd, Ijamsville, Maryland 21754",(301) 695-8845,Confession,Sat,3:30 PM,4:30 PM,Confession,saturday,English,Main Church,,,,,
St. Ignatius Loyola,"4103 Prices Distillery Rd, Ijamsville, Maryland 21754",(301) 695-8845,Confession,,7:00 PM,8:30 PM,Confession,monthly,English,Main Church,first_friday_(recurring),,,,
St. Ignatius Loyola,"4103 Prices Distillery Rd, Ijamsville, Maryland 21754",(301) 695-8845,Confession,,9:40 AM,,Confession,monthly,English,Main Church,first_saturday_(recurring),,,,
St. Ignatius Loyola,"4103 Prices Distillery Rd, Ijamsville, Maryland 21754",(301) 695-8845,Adoration,,7:00 PM,8:30 PM,Adoration,monthly,English,Main Church,first_friday_(recurring),,,,
St. Ignatius of Antioch,"Bobtown Hill Rd, Bobtown, Pennsylvania 15315",(724) 839-7122,Mass,Thu,9:00 AM,,Mass,specific_weekday,english,"St. Ignatius, Bobtown",,,,,
St. Ignatius of Antioch,"Bobtown Hill Rd, Bobtown, Pennsylvania 15315",(724) 839-7122,Mass,Sun,11:30 AM,,Mass,sunday,english,"St. Ignatius, Bobtown",,,,,
St. Ignatius of Antioch,"Bobtown Hill Rd, Bobtown, Pennsylvania 15315",(724) 839-7122,Confession,,11:00 AM,11:30 AM,Confessions,monthly,English,"St. Ignatius, Bobtown",third_saturday,,,,3rd of Month
St. Ignatius of Loyola Country Church,"8817 Urbana Church Rd, Urbana, Maryland 21704",(301) 695-8845,Mass,Mon,8:30 AM,,Mass,weekday,English,Country Church,,,,,note: held in Main Church from 16 Feb - 12 Apr
St. Ignatius of Loyola Country Church,"8817 Urbana Church Rd, Urbana, Maryland 21704",(301) 695-8845,Mass,Tue,8:30 AM,,Mass,weekday,English,Country Church,,,,,note: held in Main Church from 16 Feb - 12 Apr
St. Ignatius of Loyola Country Church,"8817 Urbana Church Rd, Urbana, Maryland 21704",(301) 695-8845,Mass,Wed,8:30 AM,,Mass,weekday,English,Country Church,,,,,note: held in Main Church from 16 Feb - 12 Apr
St. Ignatius of Loyola Country Church,"8817 Urbana Church Rd, Urbana, Maryland 21704",(301) 695-8845,Mass,Thu,8:30 AM,,Mass,weekday,English,Country Church,,,,,note: held in Main Church from 16 Feb - 12 Apr
St. Ignatius of Loyola Country Church,"8817 Urbana Church Rd, Urbana, Maryland 21704",(301) 695-8845,Mass,Fri,8:30 AM,,Mass,weekday,English,Country Church,,,,,note: held in Main Church from 16 Feb - 12 Apr
St. Ignatius of Loyola Country Church,"8817 Urbana Church Rd, Urbana, Maryland 21704",(301) 695-8845,Mass,Sun,10:00 AM,,Mass,sunday,English,Country Church,,,,,tags: deaf
St. Ignatius of Loyola Country Church,"8817 Urbana Church Rd, Urbana, Maryland 21704",(301) 695-8845,Adoration,Tue,9:30 AM,8:00 PM,Adoration,specific_weekday,English,Country Church,,,,,note: held in Main Church 14 Feb - 09 Apr
St. Ignatius of Loyola Country Church,"8817 Urbana Church Rd, Urbana, Maryland 21704",(301) 695-8845,Adoration,Thu,9:30 AM,8:00 PM,Adoration,specific_weekday,English,Country Church,,,,,note: held in Main Church 14 Feb - 09 Apr
St. James,"121 N Main St, Boonsboro, Maryland 21713",(301) 432-2887 ,Mass,Mon,11:30 AM,,Mass,specific_weekday,english,St. James,,,,,
St. James,"200 Walnut St, Sewickley, Pennsylvania 15143",14127416650,Mass,Mon,6:45 AM,,Mass,specific_weekday,english,St. James Church,,,,,
St. James,"200 Walnut St, Sewickley, Pennsylvania 15143",(412) 741-6650,Mass,Mon,6:45 AM,,Mass,specific_weekday,english,St. James Church,,,,,
St. James,"49 Crosswinds Dr, Charles Town, West Virginia 25414",(304) 725-5558,Mass,Mon,7:00 AM,,Mass,weekday,English,St. James,,,,,
St. James,"49 Crosswinds Dr, Charles Town, West Virginia 25414",(304) 725-5558,Mass,Tue,12:05 PM,,Mass,specific_weekday,English,St. James,,,,,
St. James,"49 Crosswinds Dr, Charles Town, West Virginia 25414",(304) 725-5558,Mass,Tue,7:00 AM,,Mass,weekday,English,St. James,,,,,
St. James,"200 Walnut St, Sewickley, Pennsylvania 15143",14127416650,Mass,Tue,9:00 AM,,Mass,specific_weekday,english,St. James Church,,,,,
St. James,"200 Walnut St, Sewickley, Pennsylvania 15143",(412) 741-6650,Mass,Tue,9:00 AM,,Mass,specific_weekday,english,St. James Church,,,,,
St. James,"200 Walnut St, Sewickley, Pennsylvania 15143",14127416650,Mass,Wed,6:45 AM,,Mass,specific_weekday,english,St. James Church,,,,,
St. James,"200 Walnut St, Sewickley, Pennsylvania 15143",(412) 741-6650,Mass,Wed,6:45 AM,,Mass,specific_weekday,english,St. James Church,,,,,
St. James,"49 Crosswinds Dr, Charles Town, West Virginia 25414",(304) 725-5558,Mass,Wed,7:00 AM,,Mass,weekday,English,St. James,,,,,
St. James,"49 Crosswinds Dr, Charles Town, West Virginia 25414",(304) 725-5558,Mass,Thu,12:05 PM,,Mass,specific_weekday,English,St. James,,,,,
St. James,"49 Crosswinds Dr, Charles Town, West Virginia 25414",(304) 725-5558,Mass,Thu,7:00 AM,,Mass,weekday,English,St. James,,,,,
St. James,"200 Walnut St, Sewickley, Pennsylvania 15143",14127416650,Mass,Thu,9:00 AM,,Mass,specific_weekday,english,St. James Church,,,,,
St. James,"200 Walnut St, Sewickley, Pennsylvania 15143",(412) 741-6650,Mass,Thu,9:00 AM,,Mass,specific_weekday,english,St. James Church,,,,,
St. James,"121 N Main St, Boonsboro, Maryland 21713",(301) 432-2887 ,Mass,Fri,11:30 AM,,Mass,specific_weekday,english,St. James,,,,,
St. James,"200 Walnut St, Sewickley, Pennsylvania 15143",14127416650,Mass,Fri,6:45 AM,,Mass,specific_weekday,english,St. James Church,,,,,
St. James,"200 Walnut St, Sewickley, Pennsylvania 15143",(412) 741-6650,Mass,Fri,6:45 AM,,Mass,specific_weekday,english,St. James Church,,,,,
St. James,"49 Crosswinds Dr, Charles Town, West Virginia 25414",(304) 725-5558,Mass,Fri,7:00 AM,,Mass,weekday,English,St. James,,,,,
St. James,"200 Walnut St, Sewickley, Pennsylvania 15143",14127416650,Mass,Sat,4:30 PM,,Mass,saturday,english,St. James Church,,,,,vigil
St. James,"200 Walnut St, Sewickley, Pennsylvania 15143",(412) 741-6650,Mass,Sat,4:30 PM,,Mass,saturday,english,St. James Church,,,,,vigil
St. James,"49 Crosswinds Dr, Charles Town, West Virginia 25414",(304) 725-5558,Mass,Sat,5:00 PM,,Mass,saturday,English,St. James,,,,,vigil
St. James,"49 Crosswinds Dr, Charles Town, West Virginia 25414",(304) 725-5558,Mass,Sat,8:00 AM,,Mass,saturday,English,St. James,,,,,
St. James,"200 Walnut St, Sewickley, Pennsylvania 15143",(412) 741-6650,Mass,Sat,9:00 AM,,Mass,saturday,english,St. James Church,,,,,
St. James,"49 Crosswinds Dr, Charles Town, West Virginia 25414",(304) 725-5558,Mass,Sun,11:00 AM,,Mass,sunday,English,St. James,,,,,
St. James,"200 Walnut St, Sewickley, Pennsylvania 15143",14127416650,Mass,Sun,11:00 AM,,Mass,sunday,english,St. James Church,,,,,
St. James,"200 Walnut St, Sewickley, Pennsylvania 15143",(412) 741-6650,Mass,Sun,11:00 AM,,Mass,sunday,english,St. James Church,,,,,
St. James,"49 Crosswinds Dr, Charles Town, West Virginia 25414",(304) 725-5558,Mass,Sun,1:30 PM,,Mass,sunday,spanish,St. James,,,,,
St. James,"49 Crosswinds Dr, Charles Town, West Virginia 25414",(304) 725-5558,Mass,Sun,6:00 PM,,Mass,sunday,English,St. James,,,,,
St. James,"49 Crosswinds Dr, Charles Town, West Virginia 25414",(304) 725-5558,Mass,Sun,8:00 AM,,Mass,sunday,English,St. James,,,,,
St. James,"200 Walnut St, Sewickley, Pennsylvania 15143",14127416650,Mass,Sun,8:00 AM,,Mass,sunday,english,St. James Church,,,,,
St. James,"200 Walnut St, Sewickley, Pennsylvania 15143",(412) 741-6650,Mass,Sun,8:00 AM,,Mass,sunday,english,St. James Church,,,,,
St. James,"121 N Main St, Boonsboro, Maryland 21713",(301) 432-2887 ,Mass,Sun,9:45 AM,,Mass,sunday,english,St. James,,,,,livestream
St. James,"200 Walnut St, Sewickley, Pennsylvania 15143",(412) 741-6650,Mass,,6:45 AM,,Mass,special_event,english,St. James Church,,2026-02-18,,,Mass
St. James,"49 Crosswinds Dr, Charles Town, West Virginia 25414",(304) 725-5558,Mass,,7:00 PM,,Mass,monthly,spanish,St. James,first_friday_(recurring),,,,
St. James,"200 Walnut St, Sewickley, Pennsylvania 15143",(412) 741-6650,Mass,,7:00 PM,,Mass,special_event,english,St. James Church,,2026-02-18,,,Mass
St. James,"49 Crosswinds Dr, Charles Town, West Virginia 25414",(304) 725-5558,Mass,,8:00 AM,,Mass,monthly,english,St. James,first_saturday_(recurring),,,,
St. James,"200 Walnut St, Sewickley, Pennsylvania 15143",(412) 741-6650,Mass,,9:00 AM,,Mass,special_event,english,St. James and St. Mary Churches,,2026-02-18,,,Mass
St. James,"49 Crosswinds Dr, Charles Town, West Virginia 25414",(304) 725-5558,Confession,Mon,6:30 AM,,Confession,weekday,English,St. James,,,,,note: or by appointment
St. James,"49 Crosswinds Dr, Charles Town, West Virginia 25414",(304) 725-5558,Confession,Tue,6:30 AM,,Confession,weekday,English,St. James,,,,,note: or by appointment
St. James,"49 Crosswinds Dr, Charles Town, West Virginia 25414",(304) 725-5558,Confession,Wed,5:00 PM,6:45 PM,Confession,specific_weekday,English,St. James,,,,,
St. James,"49 Crosswinds Dr, Charles Town, West Virginia 25414",(304) 725-5558,Confession,Wed,6:30 AM,,Confession,weekday,English,St. James,,,,,note: or by appointment
St. James,"49 Crosswinds Dr, Charles Town, West Virginia 25414",(304) 725-5558,Confession,Thu,11:30 AM,,Confession,specific_weekday,English,St. James,,,,,
St. James,"49 Crosswinds Dr, Charles Town, West Virginia 25414",(304) 725-5558,Confession,Thu,6:30 AM,,Confession,weekday,English,St. James,,,,,note: or by appointment
St. James,"49 Crosswinds Dr, Charles Town, West Virginia 25414",(304) 725-5558,Confession,Fri,6:30 AM,,Confession,weekday,English,St. James,,,,,note: or by appointment
St. James,"49 Crosswinds Dr, Charles Town, West Virginia 25414",(304) 725-5558,Confession,Sat,3:00 PM,4:45 PM,Confession,saturday,English,St. James,,,,,
St. James,"200 Walnut St, Sewickley, Pennsylvania 15143",14127416650,Confession,Sat,9:45 AM,,Confession,saturday,English,St. James Church,,,,,
St. James,"200 Walnut St, Sewickley, Pennsylvania 15143",(412) 741-6650,Confession,Sat,9:45 AM,,Confession,saturday,English,St. James Church,,,,,
St. James,"121 N Main St, Boonsboro, Maryland 21713",(301) 432-2887 ,Confession,,10:30 AM,,Confession,monthly,English,St. James,first_friday_(recurring),,,,before mass; Holy Hour; Devotions
St. James,"200 Walnut St, Sewickley, Pennsylvania 15143",14127416650,Adoration,Mon,7:30 AM,7:00 PM,Adoration,specific_weekday,English,Saint James Church,,,,,exposition
St. James,"200 Walnut St, Sewickley, Pennsylvania 15143",(412) 741-6650,Adoration,Mon,7:30 AM,7:00 PM,Adoration,specific_weekday,English,Saint James Church,,,,,exposition
St. James,"200 Walnut St, Sewickley, Pennsylvania 15143",14127416650,Adoration,Wed,3:00 PM,7:00 PM,Adoration,specific_weekday,English,Saint James Church,,,,,exposition
St. James,"200 Walnut St, Sewickley, Pennsylvania 15143",(412) 741-6650,Adoration,Wed,3:00 PM,7:00 PM,Adoration,specific_weekday,English,Saint James Church,,,,,exposition
St. James,"49 Crosswinds Dr, Charles Town, West Virginia 25414",(304) 725-5558,Adoration,Wed,6:00 PM,,Adoration,specific_weekday,English,Main Church,,,,,exposition; benediction
St. James,"200 Walnut St, Sewickley, Pennsylvania 15143",14127416650,Adoration,Fri,12:00 PM,4:00 PM,Adoration,specific_weekday,English,Saint James Church,,,,,exposition
St. James,"200 Walnut St, Sewickley, Pennsylvania 15143",(412) 741-6650,Adoration,Fri,12:00 PM,4:00 PM,Adoration,specific_weekday,English,Saint James Church,,,,,exposition
St. James,"200 Walnut St, Sewickley, Pennsylvania 15143",14127416650,Adoration,Sat,9:30 AM,10:30 AM,Adoration,saturday,English,Saint James Church,,,,,exposition
St. James,"200 Walnut St, Sewickley, Pennsylvania 15143",(412) 741-6650,Adoration,Sat,9:30 AM,10:30 AM,Adoration,saturday,English,Saint James Church,,,,,exposition
St. James,"49 Crosswinds Dr, Charles Town, West Virginia 25414",(304) 725-5558,Adoration,,12:00 AM,11:59 PM,Adoration,daily,English,Adoration Chapel,,,,,chapel
St. James,"200 Walnut St, Sewickley, Pennsylvania 15143",14127416650,Adoration,,9:00 PM,,New Year's Eve Adoration and Reception,special_event,English,St. James Church,,2025-12-31,,,New Year's Eve Adoration and Reception
St. James,"121 N Main St, Boonsboro, Maryland 21713",(301) 432-2887 ,Devotions,,10:30 AM,11:30 AM,Holy Hour,monthly,English,St. James,first_friday_(recurring),,,,Devotions
St. James,"121 N Main St, Boonsboro, Maryland 21713",(301) 432-2887 ,Devotions,,7:30 PM,8:30 PM,St. James Men's Prayer Group,parish_event,English,St. James Parish Hall,,,,,Every other
St. James,"49 Crosswinds Dr, Charles Town, West Virginia 25414",(304) 725-5558,Other,,12:00 PM,,All Saints,special_event,English,St. James,,2025-11-01,,,All Saints
St. James,"49 Crosswinds Dr, Charles Town, West Virginia 25414",(304) 725-5558,Other,,12:00 PM,,Immaculate Conception,special_event,English,St. James,,2025-12-08,,,Immaculate Conception
St. James,"200 Walnut St, Sewickley, Pennsylvania 15143",(412) 741-6650,Other,,12:00 PM,,Liturgy of the Word,special_event,english,St. James,,2026-02-18,,,Liturgy of the Word
St. James,"49 Crosswinds Dr, Charles Town, West Virginia 25414",(304) 725-5558,Other,,7:00 AM,,All Saints,special_event,English,St. James,,2025-11-01,,,All Saints
St. James,"49 Crosswinds Dr, Charles Town, West Virginia 25414",(304) 725-5558,Other,,7:00 AM,,Immaculate Conception,special_event,English,St. James,,2025-12-08,,,Immaculate Conception
St. James,"49 Crosswinds Dr, Charles Town, West Virginia 25414",(304) 725-5558,Other,,7:00 PM,,All Saints,special_event,English,St. James,,2025-11-01,,,All Saints
St. James,"49 Crosswinds Dr, Charles Town, West Virginia 25414",(304) 725-5558,Other,,7:00 PM,,Immaculate Conception,special_event,English,St. James,,2025-12-08,,,Immaculate Conception
St. James the Apostle,"2107 Pride Ave, Clarksburg, West Virginia 26301",(304) 622-1668,Mass,Mon,12:00 PM,,Mass,weekday,English,St. James,,,,,
St. James the Apostle,"2107 Pride Ave, Clarksburg, West Virginia 26301",(304) 622-1668,Mass,Tue,12:00 PM,,Mass,weekday,English,St. James,,,,,
St. James the Apostle,"2107 Pride Ave, Clarksburg, West Virginia 26301",(304) 622-1668,Mass,Wed,12:00 PM,,Mass,weekday,English,St. James,,,,,
St. James the Apostle,"2107 Pride Ave, Clarksburg, West Virginia 26301",(304) 622-1668,Mass,Thu,12:00 PM,,Mass,weekday,English,St. James,,,,,
St. James the Apostle,"2107 Pride Ave, Clarksburg, West Virginia 26301",(304) 622-1668,Mass,Fri,12:00 PM,,Mass,weekday,English,St. James,,,,,
St. James the Apostle,"2107 Pride Ave, Clarksburg, West Virginia 26301",(304) 622-1668,Mass,Sat,4:30 PM,,Mass,saturday,English,St. James,,,,,
St. James the Apostle,"2107 Pride Ave, Clarksburg, West Virginia 26301",(304) 622-1668,Confession,Sat,3:30 PM,4:15 PM,Confession,saturday,English,St. James,,,,,or by appointment
St. James the Apostle,"2107 Pride Ave, Clarksburg, West Virginia 26301",(304) 622-1668,Other,Sun,11:00 AM,,Sunday Liturgy,sunday,English,St. James,,,,,livestream
St. Joan of Arc,"3523 National Pike, Farmington, Pennsylvania 15437",(724) 329-4522,Mass,Tue,9:00 AM,,Mass,specific_weekday,English,St. Joan of Arc,,,,,
St. Joan of Arc,"3523 National Pike, Farmington, Pennsylvania 15437",(724) 329-4522,Mass,Wed,9:00 AM,,Mass,specific_weekday,English,St. Joan of Arc,,,,,
St. Joan of Arc,"3523 National Pike, Farmington, Pennsylvania 15437",(724) 329-4522,Mass,Fri,9:00 AM,,Mass,specific_weekday,English,St. Joan of Arc,,,,,
St. Joan of Arc,"3523 National Pike, Farmington, Pennsylvania 15437",(724) 329-4522,Mass,Sat,5:30 PM,,Mass,saturday,English,St. Joan of Arc,,,,,vigil
St. Joan of Arc,"3523 National Pike, Farmington, Pennsylvania 15437",(724) 329-4522,Mass,Sun,9:30 AM,,Mass,sunday,English,St. Joan of Arc,,,,,
St. Joan of Arc,"3523 National Pike, Farmington, Pennsylvania 15437",(724) 329-4522,Confession,Fri,9:00 AM,12:00 PM,Reconciliation,other,English,,,,,,
St. Joan of Arc,"3523 National Pike, Farmington, Pennsylvania 15437",(724) 329-4522,Confession,Fri,9:30 AM,11:00 AM,Reconciliation,other,English,St. Joan of Arc,,,,,
St. Joan of Arc,"3523 National Pike, Farmington, Pennsylvania 15437",(724) 329-4522,Confession,Sat,4:30 PM,5:15 PM,Reconciliation,other,English,St. Joan of Arc,,,,,
St. Joan of Arc,"3523 National Pike, Farmington, Pennsylvania 15437",(724) 329-4522,Confession,,4:30 PM,,Reconciliation,special_event,English,SJofA,,2026-01-17,,,Reconciliation
St. Joan of Arc,"3523 National Pike, Farmington, Pennsylvania 15437",(724) 329-4522,Adoration,,9:30 AM,,Adoration,special_event,English,SJofA,,2026-01-16,,,Adoration
St. John,"310 Washington St, Saint Marys, West Virginia 26170",(304) 684-7669,Mass,Tue,8:30 AM,,Mass,specific_weekday,English,"St. John’s Catholic Church, St. Marys, WV",,,,,
St. John,"310 Washington St, Saint Marys, West Virginia 26170",(304) 684-7669,Mass,Wed,5:00 PM,,Mass,specific_weekday,English,"St. John’s Catholic Church, St. Marys, WV",,,,,
St. John,"622 Main St, Benwood, West Virginia 26031",(304) 232-6455,Mass,Thu,6:00 PM,,Mass,specific_weekday,English,,,,,,
St. John,"310 Washington St, Saint Marys, West Virginia 26170",(304) 684-7669,Mass,Thu,8:30 AM,,Mass,specific_weekday,English,"St. John’s Catholic Church, St. Marys, WV",,,,,
St. John,"310 Washington St, Saint Marys, West Virginia 26170",(304) 684-7669,Mass,Fri,8:30 AM,,Mass,specific_weekday,English,"St. John’s Catholic Church, St. Marys, WV",,,,,
St. John,"622 Main St, Benwood, West Virginia 26031",(304) 232-6455,Mass,Fri,9:00 AM,,Mass,specific_weekday,English,,,,,,
St. John,"310 Washington St, Saint Marys, West Virginia 26170",(304) 684-7669,Mass,Sat,5:00 PM,,Mass,saturday,English,"St. John’s Catholic Church, St. Marys, WV",,,,,
St. John,"622 Main St, Benwood, West Virginia 26031",(304) 232-6455,Mass,Sun,11:00 AM,,Mass,sunday,English,,,,,,
St. John,"310 Washington St, Saint Marys, West Virginia 26170",(304) 684-7669,Mass,Sun,9:00 AM,,Mass,sunday,English,"St. John’s Catholic Church, St. Marys, WV",,,,,
St. John Catholic Church,"17784 State Rt 676, Marietta, Ohio 45750-6529",(740) 896-3566 ,Mass,Mon,8:00 AM,,Mass,specific_weekday,English,,,,,,except for First Friday
St. John Catholic Church,"17784 State Rt 676, Marietta, Ohio 45750-6529",(740) 896-3566 ,Mass,Wed,8:00 AM,,Mass,specific_weekday,English,,,,,,during the summer
St. John Catholic Church,"17784 State Rt 676, Marietta, Ohio 45750-6529",(740) 896-3566 ,Mass,Wed,8:30 AM,,Mass,specific_weekday,English,,,,,,during the school year; if a funeral is scheduled or there is no school due to weather; morning Mass will be canceled
St. John Catholic Church,"17784 State Rt 676, Marietta, Ohio 45750-6529",(740) 896-3566 ,Mass,Fri,8:00 AM,,Mass,specific_weekday,English,,,,,,except for First Friday
St. John Catholic Church,"17784 State Rt 676, Marietta, Ohio 45750-6529",(740) 896-3566 ,Mass,Sat,6:00 PM,,Mass,saturday,English,,,,,,
St. John Catholic Church,"17784 State Rt 676, Marietta, Ohio 45750-6529",(740) 896-3566 ,Mass,Sun,11:00 AM,,Mass,sunday,English,,,,,,
St. John Catholic Church,"17784 State Rt 676, Marietta, Ohio 45750-6529",(740) 896-3566 ,Mass,Sun,7:30 AM,,Mass,sunday,English,,,,,,
St. John Catholic Church,"17784 State Rt 676, Marietta, Ohio 45750-6529",(740) 896-3566 ,Mass,,5:00 PM,6:00 PM,First Friday Holy Hour and Mass,monthly,English,,first_friday,,,,first of every month; Morning Mass at 8 a.m. will not be held on that day
St. John Catholic Church,"17784 State Rt 676, Marietta, Ohio 45750-6529",(740) 896-3566 ,Mass,,6:00 PM,,Mass,monthly,English,,first_friday_(recurring),,,,
St. John Catholic Church,"17784 State Rt 676, Marietta, Ohio 45750-6529",(740) 896-3566 ,Confession,Sat,5:00 PM,5:45 PM,Confessions,saturday,English,,,,,,
St. John Catholic Church,"17784 State Rt 676, Marietta, Ohio 45750-6529",(740) 896-3566 ,Confession,Sun,10:00 AM,10:45 AM,Confessions,sunday,English,,,,,,
St. John Catholic Church,"17784 State Rt 676, Marietta, Ohio 45750-6529",(740) 896-3566 ,Confession,Sun,6:45 AM,7:15 AM,Confessions,sunday,English,,,,,,
St. John Catholic Church,"17784 State Rt 676, Marietta, Ohio 45750-6529",(740) 896-3566 ,Confession,,TBD,,Confessions,other,English,,,,,,by appointment
St. John Catholic Church,"17784 State Rt 676, Marietta, Ohio 45750-6529",(740) 896-3566 ,Devotions,,5:00 PM,6:00 PM,Holy Hour,monthly,English,,first_friday_(recurring),,,,
St. John University Parish,"1481 University Ave, Morgantown, West Virginia 26505-5519",(304) 296-8231,Mass,Mon,5:15 PM,,Mass,weekday,english,,,,,,
St. John University Parish,"1481 University Ave, Morgantown, West Virginia 26505-5519",(304) 296-8231,Mass,Tue,5:15 PM,,Mass,weekday,english,,,,,,
St. John University Parish,"1481 University Ave, Morgantown, West Virginia 26505-5519",(304) 296-8231,Mass,Wed,5:15 PM,,Mass,weekday,english,,,,,,
St. John University Parish,"1481 University Ave, Morgantown, West Virginia 26505-5519",(304) 296-8231,Mass,Wed,7:00 AM,,Mass,specific_weekday,english,,,,,,
St. John University Parish,"1481 University Ave, Morgantown, West Virginia 26505-5519",(304) 296-8231,Mass,Thu,5:15 PM,,Mass,weekday,english,,,,,,
St. John University Parish,"1481 University Ave, Morgantown, West Virginia 26505-5519",(304) 296-8231,Mass,Fri,5:15 PM,,Mass,weekday,english,,,,,,
St. John University Parish,"1481 University Ave, Morgantown, West Virginia 26505-5519",(304) 296-8231,Mass,Sat,5:00 PM,,Mass,saturday,English,,,,,,tags: vigil; note: Sunday Obligation Mass
St. John University Parish,"1481 University Ave, Morgantown, West Virginia 26505-5519",(304) 296-8231,Mass,Sat,9:00 AM,,Mass,saturday,English,,,,,,tags: livestream; note: TLM
St. John University Parish,"1481 University Ave, Morgantown, West Virginia 26505-5519",(304) 296-8231,Mass,Sun,11:00 AM,,Mass,sunday,english,,,,,,
St. John University Parish,"1481 University Ave, Morgantown, West Virginia 26505-5519",(304) 296-8231,Mass,Sun,1:00 PM,,Mass,sunday,English,,,,,,tags: livestream; note: TLM
St. John University Parish,"1481 University Ave, Morgantown, West Virginia 26505-5519",(304) 296-8231,Mass,Sun,6:30 PM,,Mass,sunday,english,,,,,,
St. John University Parish,"1481 University Ave, Morgantown, West Virginia 26505-5519",(304) 296-8231,Mass,Sun,8:30 AM,,Mass,sunday,english,,,,,,
St. John University Parish,"1481 University Ave, Morgantown, West Virginia 26505-5519",(304) 296-8231,Mass,,5:00 PM,,Christmas Eve Vigil,special_event,English,,,2025-12-24,,,Christmas Eve Vigil
St. John University Parish,"1481 University Ave, Morgantown, West Virginia 26505-5519",(304) 296-8231,Mass,,5:15 PM,,"Mary, Mother of God Vigil",special_event,English,,,2025-12-31,,,"Mary, Mother of God Vigil"
St. John University Parish,"1481 University Ave, Morgantown, West Virginia 26505-5519",(304) 296-8231,Confession,Mon,4:15 PM,5:00 PM,Confession,specific_weekday,english,,,,,,
St. John University Parish,"1481 University Ave, Morgantown, West Virginia 26505-5519",(304) 296-8231,Confession,Tue,4:15 PM,5:00 PM,Confession,specific_weekday,english,,,,,,
St. John University Parish,"1481 University Ave, Morgantown, West Virginia 26505-5519",(304) 296-8231,Confession,Wed,4:00 PM,5:00 PM,Confession,specific_weekday,english,,,,,,
St. John University Parish,"1481 University Ave, Morgantown, West Virginia 26505-5519",(304) 296-8231,Confession,Thu,4:15 PM,5:00 PM,Confession,specific_weekday,english,,,,,,
St. John University Parish,"1481 University Ave, Morgantown, West Virginia 26505-5519",(304) 296-8231,Confession,Fri,4:15 PM,5:00 PM,Confession,specific_weekday,english,,,,,,
St. John University Parish,"1481 University Ave, Morgantown, West Virginia 26505-5519",(304) 296-8231,Confession,Sat,3:30 PM,4:30 PM,Confession,saturday,English,,,,,,
St. John University Parish,"1481 University Ave, Morgantown, West Virginia 26505-5519",(304) 296-8231,Confession,,9:45 AM,,Confession,monthly,English,,first_saturday_(recurring),,,,note: Immediately following the 9 am Mass
St. John University Parish,"1481 University Ave, Morgantown, West Virginia 26505-5519",(304) 296-8231,Adoration,Mon,6:00 PM,10:00 PM,Adoration,specific_weekday,English,,,,,,tags: exposition
St. John University Parish,"1481 University Ave, Morgantown, West Virginia 26505-5519",(304) 296-8231,Adoration,Wed,4:00 PM,5:00 PM,Adoration,specific_weekday,English,,,,,,tags: exposition; note: Summer and Christmas Breaks
St. John University Parish,"1481 University Ave, Morgantown, West Virginia 26505-5519",(304) 296-8231,Adoration,Wed,8:00 AM,5:00 PM,Adoration,specific_weekday,English,,,,,,tags: exposition; note: During Fall and Spring Semesters
St. John University Parish,"1481 University Ave, Morgantown, West Virginia 26505-5519",(304) 296-8231,Adoration,Thu,6:00 PM,10:00 PM,Adoration,specific_weekday,English,,,,,,tags: exposition
St. John University Parish,"1481 University Ave, Morgantown, West Virginia 26505-5519",(304) 296-8231,Adoration,Fri,6:00 PM,,Adoration,specific_weekday,English,,,,,,TIME_TBD; tags: exposition; note: During Fall and Spring Semesters
St. John University Parish,"1481 University Ave, Morgantown, West Virginia 26505-5519",(304) 296-8231,Devotions,Wed,5:00 PM,,Benediction,specific_weekday,English,,,,,,tags: benediction
St. John University Parish,"1481 University Ave, Morgantown, West Virginia 26505-5519",(304) 296-8231,Devotions,Fri,5:45 PM,,Divine Mercy Chaplet,specific_weekday,English,,,,,,note: after the 5:15 pm Mass
St. John University Parish,"1481 University Ave, Morgantown, West Virginia 26505-5519",(304) 296-8231,Devotions,,7:00 PM,,Stations of the Cross,parish_event,English,Church,,,,,note: recurring Fridays during Lent
St. John University Parish,"1481 University Ave, Morgantown, West Virginia 26505-5519",(304) 296-8231,Other,Wed,5:45 PM,,Litany of St. Joseph,specific_weekday,English,,,,,,note: after the 5:15 pm Mass
St. John University Parish,"1481 University Ave, Morgantown, West Virginia 26505-5519",(304) 296-8231,Other,,10:00 AM,,All Saints,special_event,English,,,2025-11-01,,,All Saints; Mass
St. John University Parish,"1481 University Ave, Morgantown, West Virginia 26505-5519",(304) 296-8231,Other,,10:00 AM,,Immaculate Conception,special_event,English,,,2025-12-08,,,Immaculate Conception; Mass
St. John University Parish,"1481 University Ave, Morgantown, West Virginia 26505-5519",(304) 296-8231,Other,,10:00 AM,,"Mary, Mother of God",special_event,English,,,2026-01-01,,,"Mary, Mother of God"
St. John University Parish,"1481 University Ave, Morgantown, West Virginia 26505-5519",(304) 296-8231,Other,,11:00 AM,,Christmas Day,special_event,English,,,2025-12-25,,,Christmas Day; Mass
St. John University Parish,"1481 University Ave, Morgantown, West Virginia 26505-5519",(304) 296-8231,Other,,5:00 PM,7:00 PM,Fish Fries!,parish_event,English,St. John Parish Center,,,,,note: recurring Fridays during Lent except Good Friday
St. John University Parish,"1481 University Ave, Morgantown, West Virginia 26505-5519",(304) 296-8231,Other,,9:30 AM,,Christmas Day,special_event,English,,,2025-12-25,,,Christmas Day; TLM Low Mass
St. John University Parish,"1481 University Ave, Morgantown, West Virginia 26505-5519",(304) 296-8231,Other,,9:45 AM,10:45 AM,Lenten Talk Series,parish_event,English,Parish Center,,,,,note: recurring Sundays during Lent
St. John University Parish,"1481 University Ave, Morgantown, West Virginia 26505-5519",(304) 296-8231,Other,,TBD,,Christmas Day,special_event,English,,,2025-12-25,,,Christmas Day TIME_TBD; Midnight candlelit Mass
St. John the Apostle,"101 Oakcrest Manor Dr, Leesburg, Virginia 20176-2221",(703) 777-1317,Mass,Mon,12:00 PM,,Mass,weekday,English,Church,,,,,
St. John the Apostle,"101 Oakcrest Manor Dr, Leesburg, Virginia 20176-2221",(703) 777-1317,Mass,Mon,7:00 AM,,Mass,weekday,English,Church,,,,,
St. John the Apostle,"101 Oakcrest Manor Dr, Leesburg, Virginia 20176-2221",(703) 777-1317,Mass,Tue,12:00 PM,,Mass,weekday,English,Church,,,,,
St. John the Apostle,"101 Oakcrest Manor Dr, Leesburg, Virginia 20176-2221",(703) 777-1317,Mass,Tue,7:00 AM,,Mass,weekday,English,Church,,,,,
St. John the Apostle,"101 Oakcrest Manor Dr, Leesburg, Virginia 20176-2221",(703) 777-1317,Mass,Wed,12:00 PM,,Mass,weekday,English,Church,,,,,
St. John the Apostle,"101 Oakcrest Manor Dr, Leesburg, Virginia 20176-2221",(703) 777-1317,Mass,Wed,7:00 AM,,Mass,weekday,English,Church,,,,,
St. John the Apostle,"101 Oakcrest Manor Dr, Leesburg, Virginia 20176-2221",(703) 777-1317,Mass,Thu,12:00 PM,,Mass,weekday,English,Church,,,,,
St. John the Apostle,"101 Oakcrest Manor Dr, Leesburg, Virginia 20176-2221",(703) 777-1317,Mass,Thu,7:00 AM,,Mass,weekday,English,Church,,,,,
St. John the Apostle,"101 Oakcrest Manor Dr, Leesburg, Virginia 20176-2221",(703) 777-1317,Mass,Fri,12:00 PM,,Mass,weekday,English,Church,,,,,
St. John the Apostle,"101 Oakcrest Manor Dr, Leesburg, Virginia 20176-2221",(703) 777-1317,Mass,Fri,7:00 AM,,Mass,weekday,English,Church,,,,,
St. John the Apostle,"101 Oakcrest Manor Dr, Leesburg, Virginia 20176-2221",(703) 777-1317,Mass,Sat,5:30 PM,,Vigil Mass,saturday,English,Church,,,,,vigil
St. John the Apostle,"101 Oakcrest Manor Dr, Leesburg, Virginia 20176-2221",(703) 777-1317,Mass,Sat,8:00 AM,,Mass,saturday,English,Church,,,,,
St. John the Apostle,"101 Oakcrest Manor Dr, Leesburg, Virginia 20176-2221",(703) 777-1317,Mass,Sun,10:45 AM,,Mass,sunday,English,Church,,,,,
St. John the Apostle,"101 Oakcrest Manor Dr, Leesburg, Virginia 20176-2221",(703) 777-1317,Mass,Sun,12:30 PM,,Mass,sunday,English,Church,,,,,
St. John the Apostle,"101 Oakcrest Manor Dr, Leesburg, Virginia 20176-2221",(703) 777-1317,Mass,Sun,2:15 PM,,Mass,sunday,spanish,Church,,,,,
St. John the Apostle,"101 Oakcrest Manor Dr, Leesburg, Virginia 20176-2221",(703) 777-1317,Mass,Sun,7:30 AM,,Mass,sunday,English,Church,,,,,
St. John the Apostle,"101 Oakcrest Manor Dr, Leesburg, Virginia 20176-2221",(703) 777-1317,Mass,Sun,9:00 AM,,Mass,sunday,English,Church,,,,,
St. John the Apostle,"101 Oakcrest Manor Dr, Leesburg, Virginia 20176-2221",(703) 777-1317,Mass,,12:00 PM,,Mass,special_event,English,,,2025-11-01,,,Mass
St. John the Apostle,"101 Oakcrest Manor Dr, Leesburg, Virginia 20176-2221",(703) 777-1317,Mass,,6:30 PM,,Mass,special_event,English,,,2025-11-01,,,Mass
St. John the Apostle,"101 Oakcrest Manor Dr, Leesburg, Virginia 20176-2221",(703) 777-1317,Mass,,7:00 AM,,Mass,special_event,English,,,2025-11-01,,,Mass
St. John the Apostle,"101 Oakcrest Manor Dr, Leesburg, Virginia 20176-2221",(703) 777-1317,Mass,,8:00 PM,,Mass,special_event,spanish,,,2025-11-01,,,Mass
St. John the Apostle,"101 Oakcrest Manor Dr, Leesburg, Virginia 20176-2221",(703) 777-1317,Confession,Wed,6:30 PM,,Confession,specific_weekday,English,Church,,,,,until line ends
St. John the Apostle,"101 Oakcrest Manor Dr, Leesburg, Virginia 20176-2221",(703) 777-1317,Confession,Fri,10:30 AM,,Confession,specific_weekday,English,Church,,,,,until line ends
St. John the Apostle,"101 Oakcrest Manor Dr, Leesburg, Virginia 20176-2221",(703) 777-1317,Confession,Sat,4:00 PM,,Confession,saturday,English,Church,,,,,
St. John the Apostle,"101 Oakcrest Manor Dr, Leesburg, Virginia 20176-2221",(703) 777-1317,Adoration,Tue,7:45 AM,,Adoration,specific_weekday,English,Chapel,,,,,exposition; chapel
St. John the Apostle,"101 Oakcrest Manor Dr, Leesburg, Virginia 20176-2221",(703) 777-1317,Adoration,Wed,7:45 AM,,Adoration,specific_weekday,English,Chapel,,,,,exposition; chapel
St. John the Apostle,"101 Oakcrest Manor Dr, Leesburg, Virginia 20176-2221",(703) 777-1317,Adoration,Thu,7:45 AM,,Adoration,specific_weekday,English,Chapel,,,,,exposition; chapel
St. John the Apostle,"101 Oakcrest Manor Dr, Leesburg, Virginia 20176-2221",(703) 777-1317,Adoration,Fri,7:45 AM,,Adoration,specific_weekday,English,Chapel,,,,,exposition; chapel
St. John the Baptist,"101 Findley St, New Baltimore, Pennsylvania 15553",(814) 733-2210,Mass,Sat,6:00 PM,,Mass,saturday,English,Church,,,,,vigil; Vigil
St. John the Baptist,"101 Findley St, New Baltimore, Pennsylvania 15553",(814) 733-2210,Mass,Sun,10:30 AM,,Mass,sunday,English,Church,,,,,
St. John the Baptist,"101 Findley St, New Baltimore, Pennsylvania 15553",(814) 733-2210,Mass,Sun,8:00 AM,,Mass,sunday,English,Church,,,,,
St. John the Baptist,"101 Findley St, New Baltimore, Pennsylvania 15553",(814) 733-2210,Confession,Sat,5:00 PM,5:45 PM,Confessions,saturday,English,,,,,,before the Saturday Evening Mass or anytime on appointment
St. John the Baptist,"35560 Miltonsburg-Calais Rd, Woodsfield, Ohio 43793",(740) 472-1019,Confession,,TBD,,Confessions,other,English,,,,,,by appointment
St. John the Baptist,"101 Findley St, New Baltimore, Pennsylvania 15553",(814) 733-2210,Adoration,,7:00 PM,7:45 PM,Adoration and Night Prayer,monthly,English,Church,first_friday_(recurring),,,,with the Capuchin Friars; check the church bulletin
St. John the Baptist (Ruthenian),"185 E Main St, Uniontown, Pennsylvania 15401",(724) 438-6027,Mass,Tue,9:00 AM,,Divine Liturgy,specific_weekday,English,chapel,,,,,
St. John the Baptist (Ruthenian),"176 Cross Creek Rd, Avella, Pennsylvania 15312",(814) 948-8242,Mass,Wed,9:00 AM,,Divine Liturgy,specific_weekday,English,Saint John the Baptist Byzantine Catholic Church,,,,,
St. John the Baptist (Ruthenian),"185 E Main St, Uniontown, Pennsylvania 15401",(724) 438-6027,Mass,Wed,9:00 AM,,Divine Liturgy,specific_weekday,English,chapel,,,,,
St. John the Baptist (Ruthenian),"185 E Main St, Uniontown, Pennsylvania 15401",(724) 438-6027,Mass,Thu,9:00 AM,,Divine Liturgy,specific_weekday,English,chapel,,,,,
St. John the Baptist (Ruthenian),"185 E Main St, Uniontown, Pennsylvania 15401",(724) 438-6027,Mass,Fri,9:00 AM,,Divine Liturgy,specific_weekday,English,chapel,,,,,
St. John the Baptist (Ruthenian),"185 E Main St, Uniontown, Pennsylvania 15401",(724) 438-6027,Mass,Sat,4:30 PM,,Divine Liturgy,saturday,English,,,,,,
St. John the Baptist (Ruthenian),"207 Standard St, Mingo Junction, Ohio 43938",(740) 537 1026,Mass,Sun,11:00 AM,,Divine Liturgy,sunday,English,Saint John the Baptist Byzantine Catholic Church,,,,,
St. John the Baptist (Ruthenian),"176 Cross Creek Rd, Avella, Pennsylvania 15312",(814) 948-8242,Mass,Sun,8:45 AM,,Divine Liturgy,sunday,English,Saint John the Baptist Byzantine Catholic Church,,,,,
St. John the Baptist (Ruthenian),"185 E Main St, Uniontown, Pennsylvania 15401",(724) 438-6027,Mass,Sun,9:00 AM,,Divine Liturgy,sunday,English,,,,,,
St. John the Baptist (Ruthenian),"185 E Main St, Uniontown, Pennsylvania 15401",(724) 438-6027,Mass,,6:00 PM,,Vigil of Holy Days: Vespers,special_event,English,,,2025-08-14,,,Vigil of Holy Days: Vespers; Holy Day Vigil
St. John the Baptist (Ruthenian),"185 E Main St, Uniontown, Pennsylvania 15401",(724) 438-6027,Mass,,6:00 PM,,Vigil of Holy Days: Vespers,special_event,English,,,2025-10-31,,,Vigil of Holy Days: Vespers; Holy Day Vigil
St. John the Baptist (Ruthenian),"185 E Main St, Uniontown, Pennsylvania 15401",(724) 438-6027,Mass,,6:00 PM,,Vigil of Holy Days: Vespers,special_event,English,,,2025-12-07,,,Vigil of Holy Days: Vespers; Holy Day Vigil
St. John the Baptist (Ruthenian),"185 E Main St, Uniontown, Pennsylvania 15401",(724) 438-6027,Mass,,6:00 PM,,Vigil of Holy Days: Vespers,special_event,English,,,2025-12-24,,,Vigil of Holy Days: Vespers; Holy Day Vigil
St. John the Baptist (Ruthenian),"185 E Main St, Uniontown, Pennsylvania 15401",(724) 438-6027,Mass,,6:00 PM,,Vigil of Holy Days: Vespers,special_event,English,,,2025-12-31,,,Vigil of Holy Days: Vespers; Holy Day Vigil
St. John the Baptist (Ruthenian),"185 E Main St, Uniontown, Pennsylvania 15401",(724) 438-6027,Mass,,9:00 AM,,Divine Liturgy,special_event,English,,,2025-01-01,,,Divine Liturgy; Holy Day
St. John the Baptist (Ruthenian),"185 E Main St, Uniontown, Pennsylvania 15401",(724) 438-6027,Mass,,9:00 AM,,Divine Liturgy,special_event,English,,,2025-08-15,,,Divine Liturgy; Holy Day
St. John the Baptist (Ruthenian),"185 E Main St, Uniontown, Pennsylvania 15401",(724) 438-6027,Mass,,9:00 AM,,Divine Liturgy,special_event,English,,,2025-11-01,,,Divine Liturgy; Holy Day
St. John the Baptist (Ruthenian),"185 E Main St, Uniontown, Pennsylvania 15401",(724) 438-6027,Mass,,9:00 AM,,Divine Liturgy,special_event,English,,,2025-12-08,,,Divine Liturgy; Holy Day
St. John the Baptist (Ruthenian),"185 E Main St, Uniontown, Pennsylvania 15401",(724) 438-6027,Mass,,9:00 AM,,Divine Liturgy,special_event,English,,,2025-12-25,,,Divine Liturgy; Holy Day
St. John the Baptist (Ruthenian),"185 E Main St, Uniontown, Pennsylvania 15401",(724) 438-6027,Confession,Sat,3:30 PM,4:15 PM,Confessions,saturday,English,,,,,,
St. John the Baptist (Ruthenian),"176 Cross Creek Rd, Avella, Pennsylvania 15312",(814) 948-8242,Confession,Sat,9:00 AM,11:00 AM,Confessions,saturday,English,Saint John the Baptist Byzantine Catholic Church,,,,,
St. John the Baptist (Ruthenian),"207 Standard St, Mingo Junction, Ohio 43938",(740) 537 1026,Confession,,TBD,,Confessions,other,English,,,,,,Before each scheduled service and by appointment.
St. John the Baptist (Ruthenian),"176 Cross Creek Rd, Avella, Pennsylvania 15312",(814) 948-8242,Other,Sat,9:00 AM,11:00 AM,Holy Mysteries,other,English,,,,,,Confessions or by appointment
St. John the Baptist Church - Mary Queen of Saints Parish,"1409 Pennsylvania Ave, Monaca, Pennsylvania 15061",(724) 775-3940,Mass,Tue,8:30 AM,,Mass,specific_weekday,english,St. John the Baptist,,,,,
St. John the Baptist Church - Mary Queen of Saints Parish,"1409 Pennsylvania Ave, Monaca, Pennsylvania 15061",(724) 775-3940,Mass,Thu,8:30 AM,,Mass,specific_weekday,english,St. John the Baptist,,,,,
St. John the Baptist Church - Mary Queen of Saints Parish,"1409 Pennsylvania Ave, Monaca, Pennsylvania 15061",(724) 775-3940,Mass,Sun,11:30 AM,,Mass,sunday,english,St. John the Baptist,,,,,
St. John the Baptist Church - Mary Queen of Saints Parish,"1409 Pennsylvania Ave, Monaca, Pennsylvania 15061",(724) 775-3940,Mass,Sun,8:00 AM,,Mass,sunday,english,St. John the Baptist,,,,,
St. John the Baptist Church - Mary Queen of Saints Parish,"1409 Pennsylvania Ave, Monaca, Pennsylvania 15061",(724) 775-3940,Mass,,6:30 PM,,Mass,special_event,english,St. John the Baptist,,2026-02-18,,,Mass
St. John the Baptist Church - Mary Queen of Saints Parish,"1409 Pennsylvania Ave, Monaca, Pennsylvania 15061",(724) 775-3940,Confession,,12:15 PM,1:00 PM,Confession,monthly,English,St. John the Baptist,first_saturday_(recurring),,,,
St. John the Evangelist,"415 37th St, Bellaire, Ohio 43906",(740) 676-0051,Mass,Mon,5:15 PM,,Mass,specific_weekday,English,St. John’s Church,,,,,
St. John the Evangelist,"118 E Second St, Frederick, Maryland 21701",(301) 662-8288,Mass,Mon,8:00 AM,,Mass,specific_weekday,English,St. John,,,,,
St. John the Evangelist,"1300 Charles St, Wellsburg, West Virginia 26070",(304) 737-0429,Mass,Mon,8:30 AM,,Mass,specific_weekday,English,St. John the Evangelist Parish,,,,,
St. John the Evangelist,"118 E Second St, Frederick, Maryland 21701",(301) 662-8288,Mass,Tue,7:00 PM,,Mass,specific_weekday,spanish,St. John,,,,,
St. John the Evangelist,"118 E Second St, Frederick, Maryland 21701",(301) 662-8288,Mass,Tue,8:00 AM,,Mass,specific_weekday,English,St. John,,,,,
St. John the Evangelist,"1300 Charles St, Wellsburg, West Virginia 26070",(304) 737-0429,Mass,Tue,8:30 AM,,Mass,specific_weekday,English,St. John the Evangelist Parish,,,,,
St. John the Evangelist,"1300 Charles St, Wellsburg, West Virginia 26070",(304) 737-0429,Mass,Wed,5:30 PM,,Mass,specific_weekday,English,St. John the Evangelist Parish,,,,,
St. John the Evangelist,"415 37th St, Bellaire, Ohio 43906",(740) 676-0051,Mass,Wed,8:00 AM,,Mass,specific_weekday,English,St. John’s Church,,,,,
St. John the Evangelist,"118 E Second St, Frederick, Maryland 21701",(301) 662-8288,Mass,Thu,5:00 PM,,Mass,specific_weekday,english,St. John,,,,,livestream
St. John the Evangelist,"50 Jefferson St, Uniontown, Pennsylvania 15401",724-437-4441,Mass,Thu,8:30 AM,,Mass,specific_weekday,English,St. John,,,,,"Wed, Thu; note: On Thursdays during school year; Mass is 09:00 except 1st Thu at 08:30"
St. John the Evangelist,"1300 Charles St, Wellsburg, West Virginia 26070",(304) 737-0429,Mass,Thu,8:30 AM,,Mass,specific_weekday,English,St. John the Evangelist Parish,,,,,
St. John the Evangelist,"1300 Charles St, Wellsburg, West Virginia 26070",(304) 737-0429,Mass,Fri,5:30 PM,,Mass,specific_weekday,English,St. John the Evangelist Parish,,,,,
St. John the Evangelist,"415 37th St, Bellaire, Ohio 43906",(740) 676-0051,Mass,Fri,8:00 AM,,Mass,specific_weekday,English,St. John’s Church,,,,,
St. John the Evangelist,"118 E Second St, Frederick, Maryland 21701",(301) 662-8288,Mass,Fri,8:00 AM,,Mass,specific_weekday,english,St. John,,,,,livestream
St. John the Evangelist,"1300 Charles St, Wellsburg, West Virginia 26070",(304) 737-0429,Mass,Sat,4:00 PM,,Mass,saturday,English,St. John the Evangelist Parish,,,,,
St. John the Evangelist,"118 E Second St, Frederick, Maryland 21701",(301) 662-8288,Mass,Sat,5:00 PM,,Mass,saturday,english,St. John,,,,,
St. John the Evangelist,"415 37th St, Bellaire, Ohio 43906",(740) 676-0051,Mass,Sat,5:30 PM,,Mass,saturday,English,St. John’s Church,,,,,
St. John the Evangelist,"118 E Second St, Frederick, Maryland 21701",(301) 662-8288,Mass,Sat,7:00 PM,,Mass,saturday,spanish,St. John,,,,,
St. John the Evangelist,"50 Jefferson St, Uniontown, Pennsylvania 15401",724-437-4441,Mass,Sat,8:00 AM,,Mass,saturday,English,St. John,,,,,
St. John the Evangelist,"50 Jefferson St, Uniontown, Pennsylvania 15401",724-437-4441,Mass,Sun,10:30 AM,,Mass,sunday,English,St. John the Evangelist,,,,,
St. John the Evangelist,"1300 Charles St, Wellsburg, West Virginia 26070",(304) 737-0429,Mass,Sun,10:30 AM,,Mass,sunday,English,St. John the Evangelist Parish,,,,,
St. John the Evangelist,"118 E Second St, Frederick, Maryland 21701",(301) 662-8288,Mass,Sun,11:00 AM,,Mass,sunday,English,St. John,,,,,
St. John the Evangelist,"118 E Second St, Frederick, Maryland 21701",(301) 662-8288,Mass,Sun,1:00 PM,,Mass,sunday,spanish,St. John,,,,,
St. John the Evangelist,"50 Jefferson St, Uniontown, Pennsylvania 15401",724-437-4441,Mass,Sun,5:00 PM,,Mass,sunday,English,St. John the Evangelist,,,,,
St. John the Evangelist,"118 E Second St, Frederick, Maryland 21701",(301) 662-8288,Mass,Sun,7:30 AM,,Mass,sunday,English,St. John,,,,,
St. John the Evangelist,"1300 Charles St, Wellsburg, West Virginia 26070",(304) 737-0429,Mass,Sun,8:00 AM,,Mass,sunday,English,St. John the Evangelist Parish,,,,,
St. John the Evangelist,"118 E Second St, Frederick, Maryland 21701",(301) 662-8288,Mass,Sun,9:00 AM,,Mass,sunday,english,St. John,,,,,livestream
St. John the Evangelist,"415 37th St, Bellaire, Ohio 43906",(740) 676-0051,Mass,Sun,9:30 AM,,Mass,sunday,English,St. John’s Church,,,,,
St. John the Evangelist,"99 Second St, New Castle, Virginia 24127",(540) 864-8686,Mass,,12:00 PM,,Mass,other,english,,,,,,Holy Day
St. John the Evangelist,"99 Second St, New Castle, Virginia 24127",(540) 864-8686,Mass,,6:00 PM,,Mass,other,english,,,,,,Holy Day
St. John the Evangelist,"99 Second St, New Castle, Virginia 24127",(540) 864-8686,Mass,,7:30 PM,,Mass,other,spanish,,,,,,Holy Day
St. John the Evangelist,"118 E Second St, Frederick, Maryland 21701",(301) 662-8288,Mass,,8:00 AM,,Mass,monthly,English,St. John,first_saturday_(recurring),,,,
St. John the Evangelist,"118 E Second St, Frederick, Maryland 21701",(301) 662-8288,Mass,,TBD,,Christmas Mass Times,special_event,English,St. John,,2025-12-25,,,Christmas Mass Times TIME_TBD
St. John the Evangelist,"415 37th St, Bellaire, Ohio 43906",(740) 676-0051,Confession,Mon,4:30 PM,5:00 PM,Confession,specific_weekday,English,St. John’s,,,,,
St. John the Evangelist,"1300 Charles St, Wellsburg, West Virginia 26070",(304) 737-0429,Confession,Mon,8:00 AM,8:25 AM,Confession,other,English,,,,,,
St. John the Evangelist,"118 E Second St, Frederick, Maryland 21701",(301) 662-8288,Confession,Tue,6:00 PM,6:45 PM,Confession,specific_weekday,spanish,St. John,,,,,
St. John the Evangelist,"1300 Charles St, Wellsburg, West Virginia 26070",(304) 737-0429,Confession,Tue,8:00 AM,8:25 AM,Confession,other,English,,,,,,
St. John the Evangelist,"1300 Charles St, Wellsburg, West Virginia 26070",(304) 737-0429,Confession,Wed,6:00 PM,6:30 PM,Confession,other,English,,,,,,
St. John the Evangelist,"415 37th St, Bellaire, Ohio 43906",(740) 676-0051,Confession,Wed,7:30 AM,7:45 AM,Confession,specific_weekday,English,St. John’s,,,,,
St. John the Evangelist,"118 E Second St, Frederick, Maryland 21701",(301) 662-8288,Confession,Thu,3:45 PM,4:45 PM,Confession,specific_weekday,English,St. John,,,,,note: confessions need to end at 4:45pm so the priest can prepare for Mass.
St. John the Evangelist,"50 Jefferson St, Uniontown, Pennsylvania 15401",724-437-4441,Confession,Thu,5:00 PM,5:45 PM,Confession,specific_weekday,English,St. John,,,,,
St. John the Evangelist,"1300 Charles St, Wellsburg, West Virginia 26070",(304) 737-0429,Confession,Thu,8:00 AM,8:25 AM,Confession,other,English,,,,,,
St. John the Evangelist,"1300 Charles St, Wellsburg, West Virginia 26070",(304) 737-0429,Confession,Fri,6:00 PM,6:30 PM,Confession,other,English,,,,,,
St. John the Evangelist,"415 37th St, Bellaire, Ohio 43906",(740) 676-0051,Confession,Fri,7:30 AM,7:45 AM,Confession,specific_weekday,English,St. John’s,,,,,
St. John the Evangelist,"1300 Charles St, Wellsburg, West Virginia 26070",(304) 737-0429,Confession,Sat,2:30 PM,3:30 PM,Confession,other,English,,,,,,
St. John the Evangelist,"118 E Second St, Frederick, Maryland 21701",(301) 662-8288,Confession,Sat,3:00 PM,4:00 PM,Confession,saturday,English,St. John,,,,,note: Confessions need to end at 4:00 pm so priest can prepare for Mass.
St. John the Evangelist,"118 E Second St, Frederick, Maryland 21701",(301) 662-8288,Confession,Sat,3:45 PM,4:45 PM,Confession,saturday,English,St. John,,,,,note: Confessions need to end at 4:45pm so priest can prepare for Mass.
St. John the Evangelist,"1300 Charles St, Wellsburg, West Virginia 26070",(304) 737-0429,Confession,Sun,1:00 PM,2:00 PM,Confession,other,English,,,,,,
St. John the Evangelist,"415 37th St, Bellaire, Ohio 43906",(740) 676-0051,Confession,Sun,8:30 AM,9:00 AM,Confession,sunday,English,St. John’s,,,,,
St. John the Evangelist,"1300 Charles St, Wellsburg, West Virginia 26070",(304) 737-0429,Confession,Sun,9:15 AM,10:00 AM,Confession,other,English,,,,,,
St. John the Evangelist,"1300 Charles St, Wellsburg, West Virginia 26070",(304) 737-0429,Confession,,6:00 PM,7:00 PM,Confession,monthly,English,St. John the Evangelist Parish,first_friday_(recurring),,,,
St. John the Evangelist,"118 E Second St, Frederick, Maryland 21701",(301) 662-8288,Confession,,8:15 AM,8:45 AM,Confession,monthly,English,St. John,first_friday_(recurring),,,,
St. John the Evangelist,"415 37th St, Bellaire, Ohio 43906",(740) 676-0051,Confession,,TBD,,Confession,other,English,,,,,,by appointment 676-0051); call: (740
St. John the Evangelist,"118 E Second St, Frederick, Maryland 21701",(301) 662-8288,Adoration,Mon,TBD,,Eucharistic Adoration,other,English,,,,,,24-hour; chapel
St. John the Evangelist,"118 E Second St, Frederick, Maryland 21701",(301) 662-8288,Adoration,Tue,TBD,,Eucharistic Adoration,other,English,,,,,,24-hour; chapel
St. John the Evangelist,"118 E Second St, Frederick, Maryland 21701",(301) 662-8288,Adoration,Wed,TBD,,Eucharistic Adoration,other,English,,,,,,24-hour; chapel
St. John the Evangelist,"118 E Second St, Frederick, Maryland 21701",(301) 662-8288,Adoration,Thu,TBD,,Eucharistic Adoration,other,English,,,,,,24-hour; chapel
St. John the Evangelist,"50 Jefferson St, Uniontown, Pennsylvania 15401",724-437-4441,Adoration,Fri,9:00 AM,12:00 PM,Adoration,specific_weekday,English,,,,,,
St. John the Evangelist,"118 E Second St, Frederick, Maryland 21701",(301) 662-8288,Adoration,Fri,TBD,,Eucharistic Adoration,other,English,,,,,,24-hour; chapel
St. John the Evangelist,"118 E Second St, Frederick, Maryland 21701",(301) 662-8288,Adoration,Sat,TBD,,Eucharistic Adoration,other,English,,,,,,24-hour; chapel
St. John the Evangelist,"118 E Second St, Frederick, Maryland 21701",(301) 662-8288,Adoration,Sun,TBD,,Eucharistic Adoration,other,English,,,,,,24-hour; chapel
St. John the Evangelist,"50 Jefferson St, Uniontown, Pennsylvania 15401",724-437-4441,Devotions,,5:00 PM,,Holy Hour for Vocations,special_event,English,,,2026-02-17,,,Holy Hour for Vocations
St. John the Evangelist,"50 Jefferson St, Uniontown, Pennsylvania 15401",724-437-4441,Devotions,,5:00 PM,,Holy Hour for Healing and Justice,special_event,English,,,2026-02-18,,,Holy Hour for Healing and Justice
St. John the Evangelist,"99 2nd St, New Castle, Virginia 24127",15408648686,Education,,TBD,,"In Commemoration of Black History Month, “Let Us Be Faithful Stewards of Memory,” Say Bishop Garcia and Bishop Campbell",special_event,English,,,2026-02-03,,,"In Commemoration of Black History Month, “Let Us Be Faithful Stewards of Memory,” Say Bishop Garcia and Bishop Campbell"
St. John the Evangelist,"99 2nd St, New Castle, Virginia 24127",15408648686,Other,,TBD,,30th World Day of Prayer for Consecrated Life and Profiles of Most Recent Profession Class,special_event,English,,,2026-02-01,,,World Day of Prayer for Consecrated Life and Profiles of Most Recent Profession Class
St. John the Evangelist,"1704 Webster Rd, Summersville, West Virginia 26651-1049",(304) 872-2554,Other,,TBD,,Events,special_event,English,,,2026-01-17,,,Events TIME_TBD; ends Jan 18; FULL
St. John the Evangelist Roman Catholic Parish,"16017 Smith Rd, Summitville, OH 43962",,Mass,Thu,9:00 AM,,Mass,specific_weekday,English,"St. John the Evangelist Church, Summitville",,,,,
St. John the Evangelist Roman Catholic Parish,"16017 Smith Rd, Summitville, OH 43962",,Mass,Sun,10:30 AM,,Mass,sunday,English,"St. John the Evangelist Church, Summitville",,,,,
St. Joseph,"1007 Independence Rd, Grundy, Virginia 24614",(276) 988-4626,Mass,Mon,12:00 PM,,Mass,specific_weekday,English,Basilica of Saint Andrew,,,,,
St. Joseph,"501 Chestnut St, Ironton, Ohio 45638-0499",(740) 532-0712,Mass,Mon,12:00 PM,,Mass,weekday,English,St. Joseph,,,,,Ironton; Ohio
St. Joseph,"225 S Queen St, Martinsburg, West Virginia 25401",(304) 267-4893,Mass,Mon,12:00 PM,,Mass,weekday,english,St. Joseph Parish,,,,,
St. Joseph,"68210 Neola Ave, Bridgeport, Ohio 43912",(740) 635-0408,Mass,Mon,8:00 AM,,Mass,specific_weekday,English,"St. Joseph Church, Bridgeport, OH",,,,,
St. Joseph,"17630 Virginia Ave, Hagerstown, Maryland 21740",(301) 797-9445,Mass,Mon,8:00 AM,,Mass,specific_weekday,english,St. Joseph,,,,,
St. Joseph,"204 Mound St, Tiltonsville, Ohio 43963",(740) 859-4018,Mass,Mon,8:00 AM,,Mass,specific_weekday,english,St. Joseph Parish Center Chapel,,,,,chapel; note: Mass cancelled if there is a Funeral
St. Joseph,"1304 Sixth Ave, Huntington, West Virginia 25701",(304) 525-5202,Mass,Mon,8:30 AM,,Mass,specific_weekday,English,St. Joseph Parish,,,,,
St. Joseph,"1007 Independence Rd, Grundy, Virginia 24614",(276) 988-4626,Mass,Tue,12:00 PM,,Mass,specific_weekday,English,Basilica of Saint Andrew,,,,,
St. Joseph,"1007 Independence Rd, Grundy, Virginia 24614",(276) 988-4626,Mass,Tue,12:00 PM,,Mass,specific_weekday,English,Cathedral of the Sacred Heart,,,,,
St. Joseph,"1007 Independence Rd, Grundy, Virginia 24614",(276) 988-4626,Mass,Tue,12:00 PM,,Mass,specific_weekday,English,Blessed Sacrament,,,,,
St. Joseph,"501 Chestnut St, Ironton, Ohio 45638-0499",(740) 532-0712,Mass,Tue,12:00 PM,,Mass,weekday,English,St. Joseph,,,,,Ironton; Ohio
St. Joseph,"225 S Queen St, Martinsburg, West Virginia 25401",(304) 267-4893,Mass,Tue,12:00 PM,,Mass,weekday,english,St. Joseph Parish,,,,,
St. Joseph,"1007 Independence Rd, Grundy, Virginia 24614",(276) 988-4626,Mass,Tue,12:10 PM,,Mass,specific_weekday,English,Basilica of Saint Mary of the Immaculate Conception,,,,,
St. Joseph,"1007 Independence Rd, Grundy, Virginia 24614",(276) 988-4626,Mass,Tue,12:10 PM,,Mass,specific_weekday,English,Blessed Sacrament,,,,,
St. Joseph,"1304 Sixth Ave, Huntington, West Virginia 25701",(304) 525-5202,Mass,Tue,5:30 PM,,Mass,specific_weekday,English,St. Joseph Parish,,,,,
St. Joseph,"64 Frohnapfel Ln, Proctor, West Virginia 26055",(304)455-4615,Mass,Tue,6:00 PM,,Mass,specific_weekday,English,St. Joseph,,,,,
St. Joseph,"180 Old Walnut Hill Rd, Uniontown, Pennsylvania 15401",724-437-4441,Mass,Tue,7:00 AM,,Mass,specific_weekday,English,St. Joseph,,,,,
St. Joseph,"180 Old Walnut Hill Rd, Uniontown, Pennsylvania 15401",17244373927,Mass,Tue,7:00 AM,,Mass,specific_weekday,English,St. Joseph,,,,,
St. Joseph,"17630 Virginia Ave, Hagerstown, Maryland 21740",(301) 797-9445,Mass,Tue,7:00 PM,,Mass,specific_weekday,spanish,St. Joseph,,,,,
St. Joseph,"1304 Sixth Ave, Huntington, West Virginia 25701",(304) 525-5202,Mass,Tue,8:30 AM,,Mass,specific_weekday,English,St. Joseph Parish,,,,,
St. Joseph,"1225 N River Ave, Toronto, Ohio 43964",(740) 537-4433,Mass,Tue,8:30 AM,,Mass,specific_weekday,English,St. Joseph Parish,,,,,
St. Joseph,"1007 Independence Rd, Grundy, Virginia 24614",(276) 988-4626,Mass,Tue,9:00 AM,,Mass,specific_weekday,English,Church of Francis de Sales,,,,,4011
St. Joseph,"1007 Independence Rd, Grundy, Virginia 24614",(276) 988-4626,Mass,Wed,12:00 PM,,Mass,specific_weekday,English,Blessed Sacrament,,,,,
St. Joseph,"1007 Independence Rd, Grundy, Virginia 24614",(276) 988-4626,Mass,Wed,12:00 PM,,Mass,specific_weekday,English,Cathedral of the Sacred Heart,,,,,
St. Joseph,"1007 Independence Rd, Grundy, Virginia 24614",(276) 988-4626,Mass,Wed,12:00 PM,,Mass,specific_weekday,English,Basilica of Saint Andrew,,,,,
St. Joseph,"501 Chestnut St, Ironton, Ohio 45638-0499",(740) 532-0712,Mass,Wed,12:00 PM,,Mass,weekday,English,St. Joseph,,,,,Ironton; Ohio
St. Joseph,"225 S Queen St, Martinsburg, West Virginia 25401",(304) 267-4893,Mass,Wed,12:00 PM,,Mass,weekday,english,St. Joseph Parish,,,,,
St. Joseph,"1007 Independence Rd, Grundy, Virginia 24614",(276) 988-4626,Mass,Wed,12:10 PM,,Mass,specific_weekday,English,Basilica of Saint Mary of the Immaculate Conception,,,,,
St. Joseph,"1007 Independence Rd, Grundy, Virginia 24614",(276) 988-4626,Mass,Wed,6:00 PM,,Mass,specific_weekday,English,Christ the King,,,,,
St. Joseph,"1007 Independence Rd, Grundy, Virginia 24614",(276) 988-4626,Mass,Wed,6:00 PM,,Mass,specific_weekday,English,Blessed Sacrament,,,,,
St. Joseph,"180 Old Walnut Hill Rd, Uniontown, Pennsylvania 15401",724-437-4441,Mass,Wed,7:00 AM,,Mass,specific_weekday,English,St. Joseph,,,,,
St. Joseph,"180 Old Walnut Hill Rd, Uniontown, Pennsylvania 15401",17244373927,Mass,Wed,7:00 AM,,Mass,specific_weekday,English,St. Joseph,,,,,
St. Joseph,"225 S Queen St, Martinsburg, West Virginia 25401",(304) 267-4893,Mass,Wed,7:00 PM,,Mass,specific_weekday,spanish,St. Joseph Parish,,,,,
St. Joseph,"68210 Neola Ave, Bridgeport, Ohio 43912",(740) 635-0408,Mass,Wed,8:00 AM,,Mass,specific_weekday,English,"St. Joseph Church, Bridgeport, OH",,,,,
St. Joseph,"17630 Virginia Ave, Hagerstown, Maryland 21740",(301) 797-9445,Mass,Wed,8:00 AM,,Mass,specific_weekday,english,St. Joseph,,,,,
St. Joseph,"204 Mound St, Tiltonsville, Ohio 43963",(740) 859-4018,Mass,Wed,8:00 AM,,Mass,specific_weekday,english,St. Joseph Parish Center Chapel,,,,,chapel; note: Mass cancelled if there is a Funeral
St. Joseph,"1007 Independence Rd, Grundy, Virginia 24614",(276) 988-4626,Mass,Thu,12:00 PM,,Mass,specific_weekday,English,Cathedral of the Sacred Heart,,,,,
St. Joseph,"1007 Independence Rd, Grundy, Virginia 24614",(276) 988-4626,Mass,Thu,12:00 PM,,Mass,specific_weekday,English,Basilica of Saint Andrew,,,,,
St. Joseph,"501 Chestnut St, Ironton, Ohio 45638-0499",(740) 532-0712,Mass,Thu,12:00 PM,,Mass,weekday,English,St. Joseph,,,,,Ironton; Ohio
St. Joseph,"225 S Queen St, Martinsburg, West Virginia 25401",(304) 267-4893,Mass,Thu,12:00 PM,,Mass,weekday,english,St. Joseph Parish,,,,,
St. Joseph,"1007 Independence Rd, Grundy, Virginia 24614",(276) 988-4626,Mass,Thu,12:10 PM,,Mass,specific_weekday,English,Basilica of Saint Mary of the Immaculate Conception,,,,,
St. Joseph,"1304 Sixth Ave, Huntington, West Virginia 25701",(304) 525-5202,Mass,Thu,7:00 AM,,Mass,specific_weekday,English,St. Joseph Parish,,,,,
St. Joseph,"180 Old Walnut Hill Rd, Uniontown, Pennsylvania 15401",724-437-4441,Mass,Thu,7:00 AM,,Mass,specific_weekday,English,St. Joseph,,,,,
St. Joseph,"180 Old Walnut Hill Rd, Uniontown, Pennsylvania 15401",17244373927,Mass,Thu,7:00 AM,,Mass,specific_weekday,English,St. Joseph,,,,,
St. Joseph,"1007 Independence Rd, Grundy, Virginia 24614",(276) 988-4626,Mass,Thu,7:00 PM,,Mass,specific_weekday,spanish,Blessed Sacrament,,,,,
St. Joseph,"68210 Neola Ave, Bridgeport, Ohio 43912",(740) 635-0408,Mass,Thu,8:00 AM,,Mass,specific_weekday,English,"St. Joseph Church, Bridgeport, OH",,,,,
St. Joseph,"1007 Independence Rd, Grundy, Virginia 24614",(276) 988-4626,Mass,Thu,8:00 AM,,Mass,specific_weekday,English,Christ the King,,,,,
St. Joseph,"17630 Virginia Ave, Hagerstown, Maryland 21740",(301) 797-9445,Mass,Thu,8:00 AM,,Mass,specific_weekday,english,St. Joseph,,,,,
St. Joseph,"1225 N River Ave, Toronto, Ohio 43964",(740) 537-4433,Mass,Thu,8:30 AM,,Mass,specific_weekday,English,St. Joseph Parish,,,,,
St. Joseph,"1007 Independence Rd, Grundy, Virginia 24614",(276) 988-4626,Mass,Thu,9:00 AM,,Mass,specific_weekday,English,Blessed Sacrament,,,,,
St. Joseph,"1007 Independence Rd, Grundy, Virginia 24614",(276) 988-4626,Mass,Fri,12:00 PM,,Mass,specific_weekday,English,Cathedral of the Sacred Heart,,,,,
St. Joseph,"1007 Independence Rd, Grundy, Virginia 24614",(276) 988-4626,Mass,Fri,12:00 PM,,Mass,specific_weekday,English,Basilica of Saint Andrew,,,,,
St. Joseph,"1304 Sixth Ave, Huntington, West Virginia 25701",(304) 525-5202,Mass,Fri,12:00 PM,,Mass,specific_weekday,English,St. Joseph Parish,,,,,
St. Joseph,"501 Chestnut St, Ironton, Ohio 45638-0499",(740) 532-0712,Mass,Fri,12:00 PM,,Mass,weekday,English,St. Joseph,,,,,Ironton; Ohio
St. Joseph,"225 S Queen St, Martinsburg, West Virginia 25401",(304) 267-4893,Mass,Fri,12:00 PM,,Mass,weekday,english,St. Joseph Parish,,,,,
St. Joseph,"1007 Independence Rd, Grundy, Virginia 24614",(276) 988-4626,Mass,Fri,12:10 PM,,Mass,specific_weekday,English,Blessed Sacrament,,,,,
St. Joseph,"1007 Independence Rd, Grundy, Virginia 24614",(276) 988-4626,Mass,Fri,12:10 PM,,Mass,specific_weekday,English,Christ the King,,,,,
St. Joseph,"1007 Independence Rd, Grundy, Virginia 24614",(276) 988-4626,Mass,Fri,12:10 PM,,Mass,specific_weekday,English,Basilica of Saint Mary of the Immaculate Conception,,,,,
St. Joseph,"68210 Neola Ave, Bridgeport, Ohio 43912",(740) 635-0408,Mass,Fri,8:00 AM,,Mass,specific_weekday,English,"St. Joseph Church, Bridgeport, OH",,,,,
St. Joseph,"204 Mound St, Tiltonsville, Ohio 43963",(740) 859-4018,Mass,Fri,8:00 AM,,Mass,specific_weekday,english,St. Joseph Parish Center Chapel,,,,,chapel; note: Mass cancelled if there is a Funeral
St. Joseph,"1007 Independence Rd, Grundy, Virginia 24614",(276) 988-4626,Mass,Fri,9:00 AM,,Mass,specific_weekday,English,Church of Francis de Sales,,,,,4011
St. Joseph,"333 N Main St, Amsterdam, Ohio 43903",(740) 765-4142,Mass,Sat,4:00 PM,,Mass,saturday,english,"St. Joseph, Amsterdam",,,,,
St. Joseph,"68210 Neola Ave, Bridgeport, Ohio 43912",(740) 635-0408,Mass,Sat,4:00 PM,,Mass,saturday,English,"St. Joseph Church, Bridgeport, OH",,,,,
St. Joseph,"460 @ Tookland, Grundy, Virginia 24641",12769884626,Mass,Sat,4:00 PM,,Mass,saturday,English,St. Joesph’s Catholic Church,,,,,
St. Joseph,"204 Mound St, Tiltonsville, Ohio 43963",(740) 859-4018,Mass,Sat,4:00 PM,,Mass,saturday,english,St. Joseph,,,,,note: November through February
St. Joseph,"17630 Virginia Ave, Hagerstown, Maryland 21740",(301) 797-9445,Mass,Sat,4:30 PM,,Mass,saturday,english,St. Joseph,,,,,
St. Joseph,"1304 Sixth Ave, Huntington, West Virginia 25701",(304) 525-5202,Mass,Sat,4:30 PM,,Mass,saturday,English,St. Joseph Parish,,,,,vigil
St. Joseph,"204 Mound St, Tiltonsville, Ohio 43963",(740) 859-4018,Mass,Sat,4:30 PM,,Mass,saturday,english,St. Joseph,,,,,note: March through October
St. Joseph,"1007 Independence Rd, Grundy, Virginia 24614",(276) 988-4626,Mass,Sat,5:00 PM,,Mass,saturday,English,Cathedral of the Sacred Heart,,,,,vigil
St. Joseph,"1007 Independence Rd, Grundy, Virginia 24614",(276) 988-4626,Mass,Sat,5:00 PM,,Mass,saturday,English,Blessed Sacrament,,,,,vigil
St. Joseph,"1007 Independence Rd, Grundy, Virginia 24614",(276) 988-4626,Mass,Sat,5:00 PM,,Mass,saturday,English,Basilica of Saint Mary of the Immaculate Conception,,,,,vigil
St. Joseph,"1007 Independence Rd, Grundy, Virginia 24614",(276) 988-4626,Mass,Sat,5:00 PM,,Mass,saturday,English,All Saints,,,,,
St. Joseph,"501 Chestnut St, Ironton, Ohio 45638-0499",(740) 532-0712,Mass,Sat,5:00 PM,,Mass,saturday,English,St. Joseph,,,,,vigil
St. Joseph,"225 S Queen St, Martinsburg, West Virginia 25401",(304) 267-4893,Mass,Sat,5:00 PM,,Mass,saturday,english,St. Joseph Parish,,,,,vigil
St. Joseph,"1007 Independence Rd, Grundy, Virginia 24614",(276) 988-4626,Mass,Sat,5:30 PM,,Mass,saturday,English,Basilica of Saint Andrew,,,,,vigil
St. Joseph,"225 S Queen St, Martinsburg, West Virginia 25401",(304) 267-4893,Mass,Sat,7:00 PM,,Mass,saturday,spanish,St. Joseph Parish,,,,,vigil
St. Joseph,"1304 Sixth Ave, Huntington, West Virginia 25701",(304) 525-5202,Mass,Sat,8:30 AM,,Mass,saturday,English,St. Joseph Parish,,,,,
St. Joseph,"1007 Independence Rd, Grundy, Virginia 24614",(276) 988-4626,Mass,Sun,10:00 AM,,Mass,sunday,English,Blessed Sacrament,,,,,
St. Joseph,"204 Mound St, Tiltonsville, Ohio 43963",(740) 859-4018,Mass,Sun,10:00 AM,,Mass,sunday,english,St. Joseph,,,,,
St. Joseph,"180 Old Walnut Hill Rd, Uniontown, Pennsylvania 15401",724-437-4441,Mass,Sun,10:00 AM,,Mass,sunday,English,St. Joseph,,,,,
St. Joseph,"180 Old Walnut Hill Rd, Uniontown, Pennsylvania 15401",17244373927,Mass,Sun,10:00 AM,,Mass,sunday,English,St. Joseph,,,,,
St. Joseph,"68210 Neola Ave, Bridgeport, Ohio 43912",(740) 635-0408,Mass,Sun,10:30 AM,,Mass,sunday,English,"St. Joseph Church, Bridgeport, OH",,,,,
St. Joseph,"1007 Independence Rd, Grundy, Virginia 24614",(276) 988-4626,Mass,Sun,10:30 AM,,Mass,sunday,English,Anglican/ Roman Catholic Community of Holy Apostles,,,,,
St. Joseph,"225 S Queen St, Martinsburg, West Virginia 25401",(304) 267-4893,Mass,Sun,10:30 AM,,Mass,sunday,english,St. Joseph Parish,,,,,
St. Joseph,"333 N Main St, Amsterdam, Ohio 43903",(740) 765-4142,Mass,Sun,11:00 AM,,Mass,sunday,english,"St. Joseph, Amsterdam",,,,,
St. Joseph,"1007 Independence Rd, Grundy, Virginia 24614",(276) 988-4626,Mass,Sun,11:00 AM,,Mass,sunday,English,Church of Francis de Sales,,,,,4011
St. Joseph,"1007 Independence Rd, Grundy, Virginia 24614",(276) 988-4626,Mass,Sun,11:00 AM,,Mass,sunday,English,Cathedral of the Sacred Heart,,,,,
St. Joseph,"1007 Independence Rd, Grundy, Virginia 24614",(276) 988-4626,Mass,Sun,11:00 AM,,Mass,sunday,English,Blessed Sacrament,,,,,
St. Joseph,"17630 Virginia Ave, Hagerstown, Maryland 21740",(301) 797-9445,Mass,Sun,11:30 AM,,Mass,sunday,english,St. Joseph,,,,,
St. Joseph,"501 Chestnut St, Ironton, Ohio 45638-0499",(740) 532-0712,Mass,Sun,11:30 AM,,Mass,sunday,English,St. Joseph,,,,,
St. Joseph,"1007 Independence Rd, Grundy, Virginia 24614",(276) 988-4626,Mass,Sun,11:30 PM,,Mass,sunday,English,Basilica of Saint Andrew,,,,,
St. Joseph,"1007 Independence Rd, Grundy, Virginia 24614",(276) 988-4626,Mass,Sun,12:00 PM,,Mass,sunday,English,Basilica of Saint Mary of the Immaculate Conception,,,,,
St. Joseph,"225 S Queen St, Martinsburg, West Virginia 25401",(304) 267-4893,Mass,Sun,12:00 PM,,Mass,sunday,spanish,St. Joseph Parish,,,,,
St. Joseph,"1007 Independence Rd, Grundy, Virginia 24614",(276) 988-4626,Mass,Sun,1:00 PM,,Mass,sunday,spanish,Blessed Sacrament,,,,,
St. Joseph,"17630 Virginia Ave, Hagerstown, Maryland 21740",(301) 797-9445,Mass,Sun,2:15 PM,,Mass,sunday,spanish,St. Joseph,,,,,livestream
St. Joseph,"1007 Independence Rd, Grundy, Virginia 24614",(276) 988-4626,Mass,Sun,5:00 PM,,Mass,sunday,English,Cathedral of the Sacred Heart,,,,,
St. Joseph,"68210 Neola Ave, Bridgeport, Ohio 43912",(740) 635-0408,Mass,Sun,7:30 AM,,Mass,sunday,English,"St. Joseph Church, Bridgeport, OH",,,,,
St. Joseph,"1007 Independence Rd, Grundy, Virginia 24614",(276) 988-4626,Mass,Sun,7:30 AM,,Mass,sunday,English,Basilica of Saint Andrew,,,,,
St. Joseph,"180 Old Walnut Hill Rd, Uniontown, Pennsylvania 15401",724-437-4441,Mass,Sun,7:30 AM,,Mass,sunday,English,St. Joseph,,,,,
St. Joseph,"180 Old Walnut Hill Rd, Uniontown, Pennsylvania 15401",17244373927,Mass,Sun,7:30 AM,,Mass,sunday,English,St. Joseph,,,,,
St. Joseph,"1007 Independence Rd, Grundy, Virginia 24614",(276) 988-4626,Mass,Sun,8:00 AM,,Mass,sunday,English,Blessed Sacrament,,,,,
St. Joseph,"225 S Queen St, Martinsburg, West Virginia 25401",(304) 267-4893,Mass,Sun,8:00 AM,,Mass,sunday,english,St. Joseph Parish,,,,,
St. Joseph,"64 Frohnapfel Ln, Proctor, West Virginia 26055",(304)455-4615,Mass,Sun,8:00 AM,,Mass,sunday,English,St. Joseph,,,,,
St. Joseph,"1007 Independence Rd, Grundy, Virginia 24614",(276) 988-4626,Mass,Sun,8:30 AM,,Mass,sunday,English,Blessed Sacrament,,,,,
St. Joseph,"501 Chestnut St, Ironton, Ohio 45638-0499",(740) 532-0712,Mass,Sun,8:30 AM,,Mass,sunday,English,St. Joseph,,,,,
St. Joseph,"1007 Independence Rd, Grundy, Virginia 24614",(276) 988-4626,Mass,Sun,9:00 AM,,Mass,sunday,English,Basilica of Saint Mary of the Immaculate Conception,,,,,Signing
St. Joseph,"1007 Independence Rd, Grundy, Virginia 24614",(276) 988-4626,Mass,Sun,9:00 AM,,Mass,sunday,English,Christ the King,,,,,
St. Joseph,"1007 Independence Rd, Grundy, Virginia 24614",(276) 988-4626,Mass,Sun,9:00 AM,,Mass,sunday,English,Basilica of Saint Andrew,,,,,
St. Joseph,"1007 Independence Rd, Grundy, Virginia 24614",(276) 988-4626,Mass,Sun,9:00 AM,,Mass,sunday,English,Cathedral of the Sacred Heart,,,,,
St. Joseph,"19925 Church St, Midland, Maryland 21532",301-689-6767,Mass,Sun,9:00 AM,,Mass,sunday,English,"St. Joseph, Midland",,,,,
St. Joseph,"1225 N River Ave, Toronto, Ohio 43964",(740) 537-4433,Mass,Sun,9:00 AM,,Mass,sunday,English,St. Joseph Parish,,,,,
St. Joseph,"1304 Sixth Ave, Huntington, West Virginia 25701",(304) 525-5202,Mass,,10:00 AM,,Mass,monthly,English,St. Joseph Parish,first_sunday,,,,note: Anointing of the Sick at all Masses first Sunday of the month
St. Joseph,"1007 Independence Rd, Grundy, Virginia 24614",(276) 988-4626,Mass,,12:00 PM,,Holy Day Mass,special_event,English,Blessed Sacrament,,2025-01-01,,,Holy Day Mass; This does not include Christmas & Easter.
St. Joseph,"1304 Sixth Ave, Huntington, West Virginia 25701",(304) 525-5202,Mass,,12:00 PM,,Mass,special_event,English,St. Joseph Parish,,2026-02-20,,,Mass
St. Joseph,"1304 Sixth Ave, Huntington, West Virginia 25701",(304) 525-5202,Mass,,12:00 PM,,Mass,monthly,English,St. Joseph Parish,first_sunday,,,,note: Anointing of the Sick at all Masses first Sunday of the month
St. Joseph,"225 S Queen St, Martinsburg, West Virginia 25401",(304) 267-4893,Mass,,12:00 PM,,Mass,special_event,English,St. Joseph Parish,,2026-02-17,,,Mass
St. Joseph,"225 S Queen St, Martinsburg, West Virginia 25401",(304) 267-4893,Mass,,12:00 PM,,Mass,special_event,English,St. Joseph Parish,,2026-02-18,,,Mass
St. Joseph,"1007 Independence Rd, Grundy, Virginia 24614",(276) 988-4626,Mass,,12:10 PM,,Holy Day Mass,special_event,English,Basilica of Saint Mary of the Immaculate Conception,,2025-01-01,,,Holy Day Mass
St. Joseph,"1304 Sixth Ave, Huntington, West Virginia 25701",(304) 525-5202,Mass,,5:30 PM,,Mass,monthly,English,St. Joseph Parish,first_sunday,,,,note: Anointing of the Sick at all Masses first Sunday of the month
St. Joseph,"1007 Independence Rd, Grundy, Virginia 24614",(276) 988-4626,Mass,,6:00 PM,,Holy Day Mass,special_event,English,Blessed Sacrament,,2025-01-01,,,Holy Day Mass; This does not include Christmas & Easter.
St. Joseph,"1007 Independence Rd, Grundy, Virginia 24614",(276) 988-4626,Mass,,6:30 PM,,Holy Day Mass,special_event,English,Church of Francis de Sales,,2025-01-01,,,Holy Day Mass; 4011
St. Joseph,"204 Mound St, Tiltonsville, Ohio 43963",(740) 859-4018,Mass,,6:30 PM,,Mass,special_event,english,St. Joseph,,2026-02-18,,,Mass
St. Joseph,"204 Mound St, Tiltonsville, Ohio 43963",(740) 859-4018,Mass,,6:30 PM,8:30 PM,"Viewings of ""The Mass"" By Bishop Barron",parish_event,English,St. Joseph Church Hall,,,,,
St. Joseph,"1304 Sixth Ave, Huntington, West Virginia 25701",(304) 525-5202,Mass,,7:00 AM,,Ash Wednesday Mass,special_event,English,St. Joseph Parish,,2026-02-18,,,Ash Wednesday Mass
St. Joseph,"1007 Independence Rd, Grundy, Virginia 24614",(276) 988-4626,Mass,,7:00 PM,,Holy Day Mass,special_event,English,Basilica of Saint Mary of the Immaculate Conception,,2025-01-01,,,Holy Day Mass
St. Joseph,"1007 Independence Rd, Grundy, Virginia 24614",(276) 988-4626,Mass,,7:00 PM,,Holy Day Mass,special_event,English,Anglican/ Roman Catholic Community of Holy Apostles,,2025-01-01,,,Holy Day Mass
St. Joseph,"1007 Independence Rd, Grundy, Virginia 24614",(276) 988-4626,Mass,,7:00 PM,,Holy Day Mass,special_event,English,Basilica of Saint Andrew,,2025-01-01,,,Holy Day Mass
St. Joseph,"17630 Virginia Ave, Hagerstown, Maryland 21740",(301) 797-9445,Mass,,7:00 PM,,Ash Wednesday Mass & Distribution of Ashes,special_event,spanish,St. Joseph,,2026-02-18,,,Ash Wednesday Mass & Distribution of Ashes
St. Joseph,"225 S Queen St, Martinsburg, West Virginia 25401",(304) 267-4893,Mass,,7:00 PM,,Misa en Español,special_event,English,St. Joseph Parish,,2026-02-18,,,Misa en Español
St. Joseph,"1007 Independence Rd, Grundy, Virginia 24614",(276) 988-4626,Mass,,7:30 PM,,Holy Day Mass,special_event,spanish,Blessed Sacrament,,2025-01-01,,,Holy Day Mass; This does not include Christmas & Easter.
St. Joseph,"17630 Virginia Ave, Hagerstown, Maryland 21740",(301) 797-9445,Mass,,8:00 AM,,Ash Wednesday Mass & Distribution of Ashes,special_event,English,St. Joseph,,2026-02-18,,,Ash Wednesday Mass & Distribution of Ashes
St. Joseph,"1304 Sixth Ave, Huntington, West Virginia 25701",(304) 525-5202,Mass,,8:00 AM,,Mass,monthly,English,St. Joseph Parish,first_sunday,,,,note: Anointing of the Sick at all Masses first Sunday of the month
St. Joseph,"204 Mound St, Tiltonsville, Ohio 43963",(740) 859-4018,Mass,,8:00 AM,,Mass,special_event,english,St. Joseph,,2026-02-18,,,Mass
St. Joseph,"1304 Sixth Ave, Huntington, West Virginia 25701",(304) 525-5202,Mass,,8:30 AM,,Ash Wednesday Mass,special_event,English,St. Joseph Parish,,2026-02-18,,,Ash Wednesday Mass
St. Joseph,"1007 Independence Rd, Grundy, Virginia 24614",(276) 988-4626,Mass,,TBD,,Holy Day Mass,special_event,English,Blessed Sacrament,,2025-01-01,,,Holy Day Mass TIME_TBD; Varies
St. Joseph,"1007 Independence Rd, Grundy, Virginia 24614",(276) 988-4626,Confession,Mon,12:45 PM,2:00 PM,Reconciliation,specific_weekday,English,Basilica of Saint Andrew,,,,,
St. Joseph,"521 7th Ave, New Brighton, Pennsylvania 15066",(724) 775-4111,Confession,Mon,6:00 PM,6:45 PM,Confession,specific_weekday,English,,,,,,
St. Joseph,"17630 Virginia Ave, Hagerstown, Maryland 21740",(301) 797-9445,Confession,Tue,6:00 PM,,Holy Hour and Confessions,specific_weekday,spanish,St. Joseph,,,,,exposition
St. Joseph,"180 Old Walnut Hill Rd, Uniontown, Pennsylvania 15401",724-437-4441,Confession,Wed,5:00 PM,5:45 PM,Confession,other,English,,,,,,St. Joseph
St. Joseph,"180 Old Walnut Hill Rd, Uniontown, Pennsylvania 15401",17244373927,Confession,Wed,5:00 PM,5:45 PM,Confession,specific_weekday,English,St. Joseph,,,,,
St. Joseph,"1007 Independence Rd, Grundy, Virginia 24614",(276) 988-4626,Confession,Wed,6:00 PM,,Reconciliation,specific_weekday,English,Cathedral of the Sacred Heart,,,,,
St. Joseph,"521 7th Ave, New Brighton, Pennsylvania 15066",(724) 775-4111,Confession,Wed,6:00 PM,6:45 PM,Confession,specific_weekday,English,,,,,,
St. Joseph,"1007 Independence Rd, Grundy, Virginia 24614",(276) 988-4626,Confession,Thu,5:00 PM,6:45 PM,Reconciliation,specific_weekday,English,Basilica of Saint Andrew,,,,,
St. Joseph,"180 Old Walnut Hill Rd, Uniontown, Pennsylvania 15401",724-437-4441,Confession,Fri,9:00 AM,12:00 PM,Confession,other,English,,,,,,
St. Joseph,"1225 N River Ave, Toronto, Ohio 43964",(740) 537-4433,Confession,Sat,10:30 AM,11:30 AM,Confession,saturday,English,St. Joseph Parish,,,,,
St. Joseph,"521 7th Ave, New Brighton, Pennsylvania 15066",(724) 775-4111,Confession,Sat,12:00 PM,1:00 PM,Confession,saturday,English,,,,,,
St. Joseph,"521 7th Ave, New Brighton, Pennsylvania 15066",(724) 775-4111,Confession,Sat,3:00 PM,3:45 PM,Confession,saturday,English,,,,,,
St. Joseph,"204 Mound St, Tiltonsville, Ohio 43963",(740) 859-4018,Confession,Sat,3:15 PM,3:45 PM,Confession,saturday,English,St. Joseph,,,,,note: November through February
St. Joseph,"204 Mound St, Tiltonsville, Ohio 43963",(740) 859-4018,Confession,Sat,3:15 PM,3:45 PM,Confessions,saturday,English,,,,,,-16:15 or by Appointment by contacting the Pastor; Nov-Feb; Mar-Oct
St. Joseph,"1007 Independence Rd, Grundy, Virginia 24614",(276) 988-4626,Confession,Sat,3:30 PM,5:00 PM,Reconciliation,saturday,English,Basilica of Saint Andrew,,,,,
St. Joseph,"17630 Virginia Ave, Hagerstown, Maryland 21740",(301) 797-9445,Confession,Sat,3:30 PM,,Confessions,saturday,english,St. Joseph,,,,,
St. Joseph,"225 S Queen St, Martinsburg, West Virginia 25401",(304) 267-4893,Confession,Sat,3:30 PM,,Reconciliation,saturday,english,St. Joseph Parish,,,,,
St. Joseph,"204 Mound St, Tiltonsville, Ohio 43963",(740) 859-4018,Confession,Sat,3:45 PM,4:15 PM,Confession,saturday,English,St. Joseph,,,,,note: March through October
St. Joseph,"1007 Independence Rd, Grundy, Virginia 24614",(276) 988-4626,Confession,Sat,4:00 PM,,Reconciliation,saturday,English,Cathedral of the Sacred Heart,,,,,
St. Joseph,"1007 Independence Rd, Grundy, Virginia 24614",(276) 988-4626,Confession,Sat,4:00 PM,,Reconciliation,saturday,English,Blessed Sacrament,,,,,Every Saturday and by appointment
St. Joseph,"1007 Independence Rd, Grundy, Virginia 24614",(276) 988-4626,Confession,Sat,4:15 PM,,Reconciliation,saturday,English,Basilica of Saint Mary of the Immaculate Conception,,,,,or by appoitment
St. Joseph,"17630 Virginia Ave, Hagerstown, Maryland 21740",(301) 797-9445,Confession,Sun,1:15 PM,,Confessions,sunday,spanish,St. Joseph,,,,,
St. Joseph,"64 Frohnapfel Ln, Proctor, West Virginia 26055",(304)455-4615,Confession,Sun,7:30 AM,,Confessions,sunday,English,St. Joseph,,,,,
St. Joseph,"64 Frohnapfel Ln, Proctor, West Virginia 26055",(304)455-4615,Confession,Sun,TBD,,Confessions,other,English,St. Joseph,,,before,Mass,Sunday before Mass; before Mass
St. Joseph,"1304 Sixth Ave, Huntington, West Virginia 25701",(304) 525-5202,Confession,,11:00 AM,,Confessions,special_event,English,St. Joseph Parish,,2026-02-20,,,Confessions
St. Joseph,"180 Old Walnut Hill Rd, Uniontown, Pennsylvania 15401",17244373927,Confession,,5:00 PM,,SJ Sacrament of Reconciliation,special_event,English,St. Joseph,,2026-02-18,,,SJ Sacrament of Reconciliation
St. Joseph,"501 Chestnut St, Ironton, Ohio 45638-0499",(740) 532-0712,Confession,,TBD,,Confessions,other,English,,,,before,Mass,before every Mass
St. Joseph,"64 Frohnapfel Ln, Proctor, West Virginia 26055",(304)455-4615,Adoration,Tue,5:00 PM,,Adoration,specific_weekday,English,St. Joseph,,,,,exposition
St. Joseph,"333 N Main St, Amsterdam, Ohio 43903",(740) 765-4142,Adoration,Thu,12:30 PM,1:30 PM,Adoration,specific_weekday,English,"St. Joseph, Amsterdam",,,,,
St. Joseph,"1007 Independence Rd, Grundy, Virginia 24614",(276) 988-4626,Adoration,Thu,8:00 AM,9:00 PM,Eucharistic Adoration,specific_weekday,English,Christ the King,,,,,
St. Joseph,"180 Old Walnut Hill Rd, Uniontown, Pennsylvania 15401",17244373927,Adoration,Fri,9:00 AM,12:00 PM,Adoration,specific_weekday,English,,,,,,
St. Joseph,"180 Old Walnut Hill Rd, Uniontown, Pennsylvania 15401",17244373927,Adoration,,2:00 PM,,SJ Adoration,special_event,English,St. Joseph,,2026-02-18,,,SJ Adoration
St. Joseph,"204 Mound St, Tiltonsville, Ohio 43963",(740) 859-4018,Devotions,Fri,6:30 PM,7:30 PM,Stations of the Cross,other,English,St. Joseph Church,,,,,weekly Fridays; note: recurring Fridays during Lent
St. Joseph,"1304 Sixth Ave, Huntington, West Virginia 25701",(304) 525-5202,Devotions,,11:30 AM,,Stations of the Cross,special_event,English,St. Joseph Parish,,2026-02-20,,,Stations of the Cross
St. Joseph,"17630 Virginia Ave, Hagerstown, Maryland 21740",(301) 797-9445,Devotions,,2:00 PM,4:00 PM,Rosary Makers,monthly,English,St. Joseph,second_sunday,,,,2nd; Sep–May; last classroom
St. Joseph,"180 Old Walnut Hill Rd, Uniontown, Pennsylvania 15401",17244373927,Devotions,,5:00 PM,,Holy Hour for Vocations,special_event,English,,,2026-02-17,,,Holy Hour for Vocations
St. Joseph,"180 Old Walnut Hill Rd, Uniontown, Pennsylvania 15401",17244373927,Devotions,,5:00 PM,,Holy Hour for Healing and Justice,special_event,English,,,2026-02-18,,,Holy Hour for Healing and Justice
St. Joseph,"1304 Sixth Ave, Huntington, West Virginia 25701",(304) 525-5202,Devotions,,5:30 PM,,Stations of the Cross,special_event,English,St. Joseph Parish,,2026-02-20,,,Stations of the Cross
St. Joseph,"17630 Virginia Ave, Hagerstown, Maryland 21740",(301) 797-9445,Education,Sat,3:30 PM,5:00 PM,OCIA,other,spanish,,,,,,
St. Joseph,"204 Mound St, Tiltonsville, Ohio 43963",(740) 859-4018,Education,Sun,11:30 AM,12:30 PM,OCIA classes,other,English,St. Joseph Church Hall,,,,,weekly
St. Joseph,"1304 Sixth Ave, Huntington, West Virginia 25701",(304) 525-5202,Education,,12:30 PM,,Bible Study,parish_event,English,Church parlor,,,,,Every; unless otherwise noted in bulletin
St. Joseph,"225 S Queen St, Martinsburg, West Virginia 25401",(304) 267-4893,Community,,9:00 AM,,Knights of Columbus Bingo,parish_event,English,St. Joseph Parish,,,,,
St. Joseph,"1304 Sixth Ave, Huntington, West Virginia 25701",(304) 525-5202,Other,,12:00 PM,,Ash Wednesday Service with Ashes,special_event,English,St. Joseph Parish,,2026-02-18,,,Ash Wednesday Service with Ashes; distribution of ashes ONLY
St. Joseph,"1304 Sixth Ave, Huntington, West Virginia 25701",(304) 525-5202,Other,,5:30 PM,,Ash Wednesday Service with Ashes,special_event,English,St. Joseph Parish,,2026-02-18,,,Ash Wednesday Service with Ashes; distribution of ashes ONLY
St. Joseph,"1304 Sixth Ave, Huntington, West Virginia 25701",(304) 525-5202,Other,,6:00 PM,,Women’s Guild,special_event,English,Parish Hall,,2026-02-18,,,Women’s Guild
St. Joseph,"1304 Sixth Ave, Huntington, West Virginia 25701",(304) 525-5202,Other,,6:00 PM,,Women’s Guild,special_event,English,Parish Parlor,,2026-02-25,,,Women’s Guild
St. Joseph,"1304 Sixth Ave, Huntington, West Virginia 25701",(304) 525-5202,Other,,6:30 PM,,Inquiry into Catholic Faith,parish_event,English,Church parlor,,,,,Every; use 13th Street entrance
St. Joseph,"1304 Sixth Ave, Huntington, West Virginia 25701",(304) 525-5202,Other,,7:30 PM,,Ash Wednesday Service with Ashes,special_event,English,St. Joseph Parish,,2026-02-18,,,Ash Wednesday Service with Ashes; distribution of ashes ONLY
St. Joseph,"204 Mound St, Tiltonsville, Ohio 43963",(740) 859-4018,Other,,9:00 AM,10:00 AM,Spaghetti Dinner Preparation,parish_event,English,St. Joseph,,2026-03-13,,,Pasta
St. Joseph,"204 Mound St, Tiltonsville, Ohio 43963",(740) 859-4018,Other,,9:00 AM,10:00 AM,Spaghetti Dinner Preparation,parish_event,English,St. Joseph,,2026-03-14,,,Sauce
St. Joseph,"1304 Sixth Ave, Huntington, West Virginia 25701",(304) 525-5202,Other,,9:15 AM,,Men’s Prayer Breakfast,special_event,English,Parish Hall,,2026-03-14,,,Men’s Prayer Breakfast; note: following 8:30am Mass
St. Joseph,"204 Mound St, Tiltonsville, Ohio 43963",(740) 859-4018,Other,,TBD,,St. Joseph Annual Spaghetti Dinner,parish_event,English,St. Joseph,,2026-03-15,,,check bulletin
St. Joseph,"180 Old Walnut Hill Rd, Uniontown, Pennsylvania 15401",724-437-4441,Other,,TBD,,Sarris Candy Fundraiser,parish_event,English,,,,,,recurring; Benefits the Faith Formation Program – especially the Youth who will participate in Camp Altitude
St. Joseph,"180 Old Walnut Hill Rd, Uniontown, Pennsylvania 15401",724-437-4441,Other,,TBD,,Thanks GIVING for Our Parishes,parish_event,English,,,,,,Annual Reports 2025
St. Joseph (Ruthenian),"814 N 5th St, Toronto, Ohio 43964",(740) 537-1026,Mass,Sat,5:00 PM,,Divine Liturgy,saturday,English,Saint Joseph Byzantine Catholic Church,,,,,
St. Joseph (Ruthenian),"814 N 5th St, Toronto, Ohio 43964",(740) 537-1026,Confession,,TBD,,Confessions,other,English,,,,,,before each scheduled service and by appointment.
St. Joseph (Ruthenian),"814 N 5th St, Toronto, Ohio 43964",(740) 537-1026,Other,Wed,6:00 PM,,Liturgy of the Presanctified Gifts,specific_weekday,English,Saint Joseph Byzantine Catholic Church,,,,,note: During the Great Fast
St. Joseph (Ruthenian),"814 N 5th St, Toronto, Ohio 43964",(740) 537-1026,Other,Fri,6:00 PM,,Liturgy of the Presanctified Gifts,specific_weekday,English,Saint Joseph Byzantine Catholic Church,,,,,note: During the Great Fast
St. Joseph Cathedral,"1300 Eoff St, Wheeling, West Virginia 26003",(304) 233-4121,Mass,Sat,6:00 PM,,Mass,saturday,English,Cathedral,,,,,vigil; livestream
St. Joseph Cathedral,"1300 Eoff St, Wheeling, West Virginia 26003",(304) 233-4121,Mass,Sun,10:30 AM,,Mass,sunday,English,Cathedral,,,,,
St. Joseph Cathedral,"1300 Eoff St, Wheeling, West Virginia 26003",(304) 233-4121,Mass,Sun,7:30 AM,,Mass,sunday,English,Cathedral,,,,,
St. Joseph Cathedral,"1300 Eoff St, Wheeling, West Virginia 26003",(304) 233-4121,Confession,Sat,5:00 PM,5:45 PM,Reconciliation,saturday,English,Cathedral,,,,,
St. Joseph Cathedral,"1300 Eoff St, Wheeling, West Virginia 26003",(304) 233-4121,Confession,,TBD,,Reconciliation,other,English,,,,,,By appointment; note: Call parish office to schedule
St. Joseph on Carrollton Manor,"5843 Manor Woods Rd, Frederick, Maryland 21703",(301) 663-0907,Mass,Mon,9:00 AM,,Mass,specific_weekday,English,St. Joseph,,,,,
St. Joseph on Carrollton Manor,"5843 Manor Woods Rd, Frederick, Maryland 21703",(301) 663-0907,Mass,Tue,9:00 AM,,Mass,specific_weekday,English,St. Joseph,,,,,
St. Joseph on Carrollton Manor,"5843 Manor Woods Rd, Frederick, Maryland 21703",(301) 663-0907,Mass,Wed,9:00 AM,,Mass,specific_weekday,English,St. Joseph,,,,,
St. Joseph on Carrollton Manor,"5843 Manor Woods Rd, Frederick, Maryland 21703",(301) 663-0907,Mass,Sat,4:30 PM,,Mass,saturday,English,St. Joseph,,,,,livestream
St. Joseph on Carrollton Manor,"5843 Manor Woods Rd, Frederick, Maryland 21703",(301) 663-0907,Mass,Sun,10:30 AM,,Mass,sunday,English,St. Joseph,,,,,
St. Joseph on Carrollton Manor,"5843 Manor Woods Rd, Frederick, Maryland 21703",(301) 663-0907,Mass,Sun,8:30 AM,,Mass,sunday,English,St. Joseph,,,,,
St. Joseph on Carrollton Manor,"5843 Manor Woods Rd, Frederick, Maryland 21703",(301) 663-0907,Mass,,9:00 AM,,Mass,special_event,English,St. Joseph,,2026-07-04,,,Mass
St. Joseph on Carrollton Manor,"5843 Manor Woods Rd, Frederick, Maryland 21703",(301) 663-0907,Mass,,9:00 AM,,Mass,special_event,English,St. Joseph,,2026-09-07,,,Mass
St. Joseph on Carrollton Manor,"5843 Manor Woods Rd, Frederick, Maryland 21703",(301) 663-0907,Mass,,9:00 AM,,Mass,monthly,English,St. Joseph,first_friday_(recurring),,,,
St. Joseph on Carrollton Manor,"5843 Manor Woods Rd, Frederick, Maryland 21703",(301) 663-0907,Confession,Sat,3:00 PM,4:00 PM,Confessions,other,English,St. Joseph,,,,,
St. Joseph on Carrollton Manor,"5843 Manor Woods Rd, Frederick, Maryland 21703",(301) 663-0907,Confession,,8:15 AM,8:45 AM,Confessions,monthly,English,St. Joseph,first_saturday_(recurring),,,,
St. Joseph the Worker,"229 California Ave, Weirton, West Virginia 26062-3790",(304) 723-2054,Mass,Mon,7:00 AM,,Mass,weekday,English,,,,,,
St. Joseph the Worker,"229 California Ave, Weirton, West Virginia 26062-3790",(304) 723-2054,Mass,Tue,7:00 AM,,Mass,weekday,English,,,,,,
St. Joseph the Worker,"229 California Ave, Weirton, West Virginia 26062-3790",(304) 723-2054,Mass,Wed,7:00 AM,,Mass,weekday,English,,,,,,
St. Joseph the Worker,"229 California Ave, Weirton, West Virginia 26062-3790",(304) 723-2054,Mass,Thu,7:00 AM,,Mass,weekday,English,,,,,,
St. Joseph the Worker,"229 California Ave, Weirton, West Virginia 26062-3790",(304) 723-2054,Mass,Fri,7:00 AM,,Mass,weekday,English,,,,,,
St. Joseph the Worker,"229 California Ave, Weirton, West Virginia 26062-3790",(304) 723-2054,Mass,Sat,4:00 PM,,Mass,saturday,English,,,,,,vigil
St. Joseph the Worker,"229 California Ave, Weirton, West Virginia 26062-3790",(304) 723-2054,Mass,Sat,7:30 AM,,Mass,saturday,English,,,,,,
St. Joseph the Worker,"229 California Ave, Weirton, West Virginia 26062-3790",(304) 723-2054,Mass,Sun,11:00 AM,,Mass,sunday,English,,,,,,livestream
St. Joseph the Worker,"229 California Ave, Weirton, West Virginia 26062-3790",(304) 723-2054,Mass,Sun,5:00 PM,,Mass,sunday,English,,,,,,
St. Joseph the Worker,"229 California Ave, Weirton, West Virginia 26062-3790",(304) 723-2054,Mass,Sun,7:30 AM,,Mass,sunday,English,,,,,,
St. Joseph the Worker,"229 California Ave, Weirton, West Virginia 26062-3790",(304) 723-2054,Mass,,6:00 PM,,Mass,monthly,English,,first_friday_(recurring),,,,
St. Joseph the Worker,"229 California Ave, Weirton, West Virginia 26062-3790",(304) 723-2054,Mass,,9:00 AM,,Mass,monthly,spanish,,second_sunday,,,,Every Second; preceded and followed by Confession
St. Joseph the Worker,"229 California Ave, Weirton, West Virginia 26062-3790",(304) 723-2054,Confession,Thu,7:30 AM,8:00 AM,Confession,specific_weekday,English,,,,,,
St. Joseph the Worker,"229 California Ave, Weirton, West Virginia 26062-3790",(304) 723-2054,Confession,Sat,12:00 PM,1:00 PM,Confession,saturday,English,Sacred Heart of Mary,,,,,
St. Joseph the Worker,"229 California Ave, Weirton, West Virginia 26062-3790",(304) 723-2054,Confession,Sun,4:00 PM,4:45 PM,Confession,sunday,English,,,,,,
St. Joseph the Worker,"229 California Ave, Weirton, West Virginia 26062-3790",(304) 723-2054,Adoration,Mon,8:00 AM,8:00 PM,Eucharistic Adoration,weekday,English,,,,,,exposition
St. Joseph the Worker,"229 California Ave, Weirton, West Virginia 26062-3790",(304) 723-2054,Adoration,Tue,8:00 AM,8:00 PM,Eucharistic Adoration,weekday,English,,,,,,exposition
St. Joseph the Worker,"229 California Ave, Weirton, West Virginia 26062-3790",(304) 723-2054,Adoration,Wed,8:00 AM,8:00 PM,Eucharistic Adoration,weekday,English,,,,,,exposition
St. Joseph the Worker,"229 California Ave, Weirton, West Virginia 26062-3790",(304) 723-2054,Adoration,Thu,8:00 AM,8:00 PM,Eucharistic Adoration,weekday,English,,,,,,exposition
St. Joseph the Worker,"229 California Ave, Weirton, West Virginia 26062-3790",(304) 723-2054,Adoration,Fri,8:00 AM,8:00 PM,Eucharistic Adoration,weekday,English,,,,,,exposition
St. Joseph the Worker,"229 California Ave, Weirton, West Virginia 26062-3790",(304) 723-2054,Adoration,Sat,8:00 AM,8:00 PM,Eucharistic Adoration,saturday,English,,,,,,exposition
St. Joseph- Most Sacred Heart of Jesus Parish,"1304 Fourth Ave, Coraopolis, Pennsylvania 15108",(412) 264-2573,Mass,Mon,8:00 AM,,Mass,specific_weekday,English,St. Joseph,,,,,
St. Joseph- Most Sacred Heart of Jesus Parish,"1304 Fourth Ave, Coraopolis, Pennsylvania 15108",(412) 264-2573,Mass,Tue,8:00 AM,,Mass,specific_weekday,English,St. Joseph,,,,,
St. Joseph- Most Sacred Heart of Jesus Parish,"1304 Fourth Ave, Coraopolis, Pennsylvania 15108",(412) 264-2573,Mass,Wed,7:00 PM,,Mass,specific_weekday,English,St. Joseph,,,,,
St. Joseph- Most Sacred Heart of Jesus Parish,"1304 Fourth Ave, Coraopolis, Pennsylvania 15108",(412) 264-2573,Mass,Thu,8:00 AM,,Mass,specific_weekday,English,St. Joseph,,,,,
St. Joseph- Most Sacred Heart of Jesus Parish,"1304 Fourth Ave, Coraopolis, Pennsylvania 15108",(412) 264-2573,Mass,Sat,5:30 PM,,Mass,saturday,English,St. Joseph,,,,,vigil
St. Joseph- Most Sacred Heart of Jesus Parish,"1304 Fourth Ave, Coraopolis, Pennsylvania 15108",(412) 264-2573,Mass,Sun,10:00 AM,,Mass,sunday,English,St. Joseph,,,,,
St. Joseph- Most Sacred Heart of Jesus Parish,"1304 Fourth Ave, Coraopolis, Pennsylvania 15108",(412) 264-2573,Mass,,4:00 PM,,Mass & Ashes,special_event,English,St. Joseph,,2026-02-18,,,Mass & Ashes
St. Joseph- Most Sacred Heart of Jesus Parish,"1304 Fourth Ave, Coraopolis, Pennsylvania 15108",(412) 264-2573,Confession,Wed,6:00 PM,6:40 PM,Confessions,specific_weekday,English,St. Joseph,,,,,
St. Joseph- Most Sacred Heart of Jesus Parish,"1304 Fourth Ave, Coraopolis, Pennsylvania 15108",(412) 264-2573,Confession,Sat,4:30 PM,5:15 PM,Confessions,saturday,English,St. Joseph,,,,,
St. Joseph- Most Sacred Heart of Jesus Parish,"1304 Fourth Ave, Coraopolis, Pennsylvania 15108",(412) 264-2573,Adoration,Wed,7:00 AM,6:45 PM,Adoration,specific_weekday,English,St. Joseph,,,,,exposition
St. Joseph- Most Sacred Heart of Jesus Parish,"1304 Fourth Ave, Coraopolis, Pennsylvania 15108",(412) 264-2573,Devotions,Wed,6:30 PM,,Rosary,specific_weekday,English,St. Joseph,,,,,
St. Joseph- Most Sacred Heart of Jesus Parish,"1304 Fourth Ave, Coraopolis, Pennsylvania 15108",(412) 264-2573,Devotions,Wed,TBD,,Novena,specific_weekday,English,St. Joseph,,,,,check bulletin; note: at the conclusion of 19:00 Mass
St. Joseph- Most Sacred Heart of Jesus Parish,"1304 Fourth Ave, Coraopolis, Pennsylvania 15108",(412) 264-2573,Other,,8:00 AM,,Liturgy of Word & Ashes,special_event,English,St. Joseph,,2026-02-18,,,Liturgy of Word & Ashes
St. Jude,"180 Seventh St, Columbiana, Ohio 44408",(330) 482-2351,Mass,Mon,8:30 AM,,Mass,specific_weekday,english,Saint Jude Church,,,,,
St. Jude,"180 Seventh St, Columbiana, Ohio 44408",(330) 482-2351,Mass,Tue,6:00 PM,,Mass,specific_weekday,english,Saint Jude Church,,,,,
St. Jude,"180 Seventh St, Columbiana, Ohio 44408",(330) 482-2351,Mass,Fri,8:30 AM,,Mass,specific_weekday,english,Saint Jude Church,,,,,
St. Jude,"180 Seventh St, Columbiana, Ohio 44408",(330) 482-2351,Mass,Sat,4:00 PM,,Mass,saturday,english,Saint Jude Church,,,,,vigil
St. Jude,"826 Jefferson Ave, Glen Dale, West Virginia 26038",304-845-2646,Mass,Sat,5:30 PM,,Mass,saturday,English,,,,,,
St. Jude,"180 Seventh St, Columbiana, Ohio 44408",(330) 482-2351,Mass,Sun,11:00 AM,,Mass,sunday,english,Saint Jude Church,,,,,
St. Jude,"180 Seventh St, Columbiana, Ohio 44408",(330) 482-2351,Mass,Sun,8:30 AM,,Mass,sunday,english,Saint Jude Church,,,,,
St. Jude,"826 Jefferson Ave, Glen Dale, West Virginia 26038",304-845-2646,Mass,Sun,9:00 AM,,Mass,sunday,English,,,,,,
St. Jude,"180 Seventh St, Columbiana, Ohio 44408",(330) 482-2351,Mass,,6:00 PM,,Mass,special_event,english,Saint Jude Church,,2026-02-18,,,Mass
St. Jude,"180 Seventh St, Columbiana, Ohio 44408",(330) 482-2351,Mass,,8:00 AM,,Mass,special_event,english,Saint Jude Church,,2026-02-18,,,Mass
St. Jude,"180 Seventh St, Columbiana, Ohio 44408",(330) 482-2351,Confession,Fri,9:00 AM,10:00 AM,Confessions,specific_weekday,English,Saint Jude Church,,,,,
St. Jude,"180 Seventh St, Columbiana, Ohio 44408",(330) 482-2351,Confession,Sat,2:30 PM,3:30 PM,Confessions,saturday,English,Saint Jude Church,,,,,
St. Jude,"826 Jefferson Ave, Glen Dale, West Virginia 26038",304-845-2646,Confession,Sat,3:30 PM,,Sacrament of Reconciliation,other,English,,,,,,or by appointment
St. Jude,"180 Seventh St, Columbiana, Ohio 44408",(330) 482-2351,Adoration,Fri,9:00 AM,10:00 AM,Adoration,specific_weekday,English,Saint Jude Church,,,,,exposition
St. Jude,"180 Seventh St, Columbiana, Ohio 44408",(330) 482-2351,Adoration,,9:00 AM,6:00 PM,Adoration,monthly,English,Saint Jude Church,first_friday_(recurring),,,,exposition
St. Jude,"1121 Meadowbrook Ln, Louisa, Kentucky 41230",(606) 638-3409,Other,,10:00 AM,,Catholics at the Capital,special_event,English,,,2026-02-19,,,Catholics at the Capital; check bulletin
St. Jude,"1121 Meadowbrook Ln, Louisa, Kentucky 41230",(606) 638-3409,Other,,10:00 AM,2:00 PM,Catholics at the Capital,parish_event,English,,,2026-02-19,,,check bulletin
St. Jude,"1121 Meadowbrook Ln, Louisa, Kentucky 41230",(606) 638-3409,Other,,3:00 PM,,Pray The Way of the Cross for the Holy Souls in Purgatory,special_event,English,,,2026-02-20,,,Pray The Way of the Cross for the Holy Souls in Purgatory; check bulletin
St. Jude,"1121 Meadowbrook Ln, Louisa, Kentucky 41230",(606) 638-3409,Other,,3:00 PM,,Pray The Way of the Cross for the Holy Souls in Purgatory,parish_event,English,,,2026-02-20,,,check bulletin
St. Jude,"180 Seventh St, Columbiana, Ohio 44408",(330) 482-2351,Other,,6:00 AM,,Liturgy of the Word,special_event,english,Saint Jude Church,,2026-02-18,,,Liturgy of the Word
St. Jude,"1121 Meadowbrook Ln, Louisa, Kentucky 41230",(606) 638-3409,Other,,6:00 PM,,Mardi Gras Gala,special_event,English,,,2026-02-13,,,Mardi Gras Gala; check bulletin
St. Jude,"1121 Meadowbrook Ln, Louisa, Kentucky 41230",(606) 638-3409,Other,,6:00 PM,10:30 PM,Mardi Gras Gala,parish_event,English,,,2026-02-13,,,check bulletin
St. Jude,"1121 Meadowbrook Ln, Louisa, Kentucky 41230",(606) 638-3409,Other,,TBD,,"St. Valentine, Patron Saint of Love & Greetings",parish_event,English,,,2026-02-14,,,check bulletin
St. Jude,"1121 Meadowbrook Ln, Louisa, Kentucky 41230",(606) 638-3409,Other,,TBD,,Ash Wednesday,parish_event,English,,,2026-02-18,,,check bulletin
St. Jude,"1121 Meadowbrook Ln, Louisa, Kentucky 41230",(606) 638-3409,Other,,TBD,,Ash Wednesday,special_event,English,,,2026-02-18,,,Ash Wednesday; check bulletin; check bulletin
St. Katharine Drexel,"8428 Opossumtown Pike, Frederick, Maryland 21702",(301) 360-9581,Mass,Mon,10:00 AM,,Mass,specific_weekday,English,Nave,,,,,
St. Katharine Drexel,"8428 Opossumtown Pike, Frederick, Maryland 21702",(301) 360-9581,Mass,Tue,10:00 AM,,Mass,specific_weekday,English,Nave,,,,,
St. Katharine Drexel,"8428 Opossumtown Pike, Frederick, Maryland 21702",(301) 360-9581,Mass,Fri,6:30 AM,,Mass,specific_weekday,English,Nave,,,,,
St. Katharine Drexel,"8428 Opossumtown Pike, Frederick, Maryland 21702",(301) 360-9581,Mass,Sat,5:00 PM,,Mass,saturday,English,,,,,,
St. Katharine Drexel,"8428 Opossumtown Pike, Frederick, Maryland 21702",(301) 360-9581,Mass,Sun,11:00 AM,,Mass,sunday,English,,,,,,
St. Katharine Drexel,"8428 Opossumtown Pike, Frederick, Maryland 21702",(301) 360-9581,Mass,Sun,6:00 PM,,Mass,sunday,English,,,,,,
St. Katharine Drexel,"8428 Opossumtown Pike, Frederick, Maryland 21702",(301) 360-9581,Mass,Sun,9:00 AM,,Mass,sunday,English,,,,,,
St. Katharine Drexel,"8428 Opossumtown Pike, Frederick, Maryland 21702",(301) 360-9581,Mass,,8:00 AM,,Mass,monthly,English,Nave,first_saturday_(recurring),,,,
St. Katharine Drexel,"8428 Opossumtown Pike, Frederick, Maryland 21702",(301) 360-9581,Confession,Sat,3:30 PM,4:30 PM,Sacrament of Reconciliation,saturday,English,church,,,,,or anytime by appointment
St. Lawrence,"500 Laurel St, Greenup, Kentucky 41144",606-329-1607,Mass,,TBD,,Red Mass,special_event,English,,,2025-10-02,,,Bishop Stowe at the annual Red Mass: “your work is important for the just and right ordering of society.”
St. Lawrence,"500 Laurel St, Greenup, Kentucky 41144",606-329-1607,Mass,,TBD,,Mass for the Blessing of a Mother with a Child in the Womb,special_event,English,,,2025-10-04,,,Mass for the Blessing of a Mother with a Child in the Womb
St. Lawrence,"500 Laurel St, Greenup, Kentucky 41144",606-329-1607,Other,,3:00 PM,,Third Annual Walk to Remember,special_event,English,,,2025-10-05,,,Third Annual Walk to Remember
St. Lawrence,"500 Laurel St, Greenup, Kentucky 41144",606-329-1607,Other,,6:00 PM,7:00 PM,Men’s Discernment Group,special_event,English,,,2025-10-15,,,Men’s Discernment Group
St. Lawrence,"500 Laurel St, Greenup, Kentucky 41144",606-329-1607,Other,,6:30 PM,8:00 PM,Women’s Discernment Group,special_event,English,,,2025-10-08,,,Women’s Discernment Group
St. Lawrence,"500 Laurel St, Greenup, Kentucky 41144",606-329-1607,Other,,TBD,,Remembering Fr. William Bush,special_event,English,,,2025-09-08,,,Remembering Fr. William Bush
St. Lawrence,"500 Laurel St, Greenup, Kentucky 41144",606-329-1607,Other,,TBD,,From Hazard to the Vatican: Quilt project stitches together faith and community,special_event,English,,,2025-10-02,,,From Hazard to the Vatican: Quilt project stitches together faith and community
St. Lawrence,"500 Laurel St, Greenup, Kentucky 41144",606-329-1607,Other,,TBD,,Deacons and wives annual retreat,special_event,English,,,2025-10-24,,,Deacons and wives annual retreat; ends October 26
St. Lawrence O’Toole,"611 Center St, Ironton, Ohio 45638",(740) 532-0712,Mass,Mon,12:10 PM,,Mass,weekday,English,St. Lawrence O'Toole,,,,,
St. Lawrence O’Toole,"611 Center St, Ironton, Ohio 45638",(740) 532-0712,Mass,Mon,8:30 AM,,Mass,specific_weekday,English,St. Lawrence O'Toole,,,,,
St. Lawrence O’Toole,"611 Center St, Ironton, Ohio 45638",(740) 532-0712,Mass,Tue,12:10 PM,,Mass,weekday,English,St. Lawrence O'Toole,,,,,
St. Lawrence O’Toole,"611 Center St, Ironton, Ohio 45638",(740) 532-0712,Mass,Wed,12:10 PM,,Mass,weekday,English,St. Lawrence O'Toole,,,,,
St. Lawrence O’Toole,"611 Center St, Ironton, Ohio 45638",(740) 532-0712,Mass,Thu,12:10 PM,,Mass,weekday,English,St. Lawrence O'Toole,,,,,
St. Lawrence O’Toole,"611 Center St, Ironton, Ohio 45638",(740) 532-0712,Mass,Thu,8:30 AM,,Mass,specific_weekday,English,St. Lawrence O'Toole,,,,,
St. Lawrence O’Toole,"611 Center St, Ironton, Ohio 45638",(740) 532-0712,Mass,Fri,12:10 PM,,Mass,weekday,English,St. Lawrence O'Toole,,,,,
St. Lawrence O’Toole,"611 Center St, Ironton, Ohio 45638",(740) 532-0712,Mass,Sun,9:00 AM,,Mass,sunday,English,St. Lawrence O'Toole,,,,,
St. Lawrence O’Toole,"611 Center St, Ironton, Ohio 45638",(740) 532-0712,Mass,,5:00 PM,,Mass,special_event,English,St. Lawrence O'Toole,,2025-12-24,,,Mass:; vigil
St. Lawrence O’Toole,"611 Center St, Ironton, Ohio 45638",(740) 532-0712,Mass,,9:00 AM,,Mass,special_event,English,St. Lawrence O'Toole,,2025-12-25,,,Mass:
St. Lawrence O’Toole,"611 Center St, Ironton, Ohio 45638",(740) 532-0712,Mass,,9:00 AM,,Mass,special_event,English,St. Lawrence O'Toole,,2026-01-01,,,Mass:
St. Lawrence O’Toole,"611 Center St, Ironton, Ohio 45638",(740) 532-0712,Confession,Thu,6:00 PM,,Confession,specific_weekday,English,St. Lawrence O'Toole,,,,,
St. Lawrence O’Toole,"611 Center St, Ironton, Ohio 45638",(740) 532-0712,Confession,,TBD,,Confession,other,English,,,,before,Mass,upon request; except before Mass
St. Lawrence O’Toole,"611 Center St, Ironton, Ohio 45638",(740) 532-0712,Adoration,Thu,9:00 AM,6:00 PM,Adoration,specific_weekday,English,St. Lawrence O'Toole,,,,,exposition
St. Lawrence O’Toole,"611 Center St, Ironton, Ohio 45638",(740) 532-0712,Devotions,,TBD,,Rosary,other,English,,,,,,before all weekend Masses
St. Leo,"2109 Sulphur Springs Rd, Inwood, West Virginia 25428",304-229-8945,Mass,Mon,12:00 PM,,Mass,specific_weekday,English,St. Leo Catholic Church,,,,,
St. Leo,"2109 Sulphur Springs Rd, Inwood, West Virginia 25428",304-229-8945,Mass,Wed,7:00 PM,,Mass,specific_weekday,English,St. Leo Catholic Church,,,,,
St. Leo,"2109 Sulphur Springs Rd, Inwood, West Virginia 25428",304-229-8945,Mass,Thu,12:00 PM,,Mass,specific_weekday,English,St. Leo Catholic Church,,,,,
St. Leo,"2109 Sulphur Springs Rd, Inwood, West Virginia 25428",304-229-8945,Mass,Fri,12:00 PM,,Mass,specific_weekday,English,St. Leo Catholic Church,,,,,
St. Leo,"2109 Sulphur Springs Rd, Inwood, West Virginia 25428",304-229-8945,Mass,Sat,5:00 PM,,Vigil Mass,saturday,English,St. Leo Catholic Church,,,,,
St. Leo,"2109 Sulphur Springs Rd, Inwood, West Virginia 25428",304-229-8945,Mass,Sun,11:30 AM,,Mass,sunday,English,St. Leo Catholic Church,,,,,
St. Leo,"2109 Sulphur Springs Rd, Inwood, West Virginia 25428",304-229-8945,Mass,Sun,9:00 AM,,Mass,sunday,English,St. Leo Catholic Church,,,,,livestream
St. Leo,"2109 Sulphur Springs Rd, Inwood, West Virginia 25428",304-229-8945,Confession,Sat,4:30 PM,,Confession,saturday,English,St. Leo Catholic Church,,,,,and by appointment
St. Louis,"85 State St, Gallipolis, Ohio 45631-1147",(740) 446-0669,Other,,12:00 PM,,Saturday,special_event,English,,,2026-01-10,,,Saturday
St. Louis,"85 State St, Gallipolis, Ohio 45631-1147",(740) 446-0669,Other,,4:44 PM,,Friday,special_event,English,,,2026-01-02,,,Friday
St. Luke the Evangelist,"19 Jo Glen Dr, Morgantown, West Virginia 26508-4434",(304) 594-2353,Mass,Tue,6:00 PM,,Mass,specific_weekday,English,,,,,,tags
St. Luke the Evangelist,"19 Jo Glen Dr, Morgantown, West Virginia 26508-4434",(304) 594-2353,Mass,Wed,6:00 PM,,Mass,specific_weekday,English,,,,,,tags
St. Luke the Evangelist,"19 Jo Glen Dr, Morgantown, West Virginia 26508-4434",(304) 594-2353,Mass,Thu,8:00 AM,,Mass,specific_weekday,English,,,,,,tags
St. Luke the Evangelist,"19 Jo Glen Dr, Morgantown, West Virginia 26508-4434",(304) 594-2353,Mass,Fri,8:00 AM,,Mass,specific_weekday,English,,,,,,tags
St. Luke the Evangelist,"19 Jo Glen Dr, Morgantown, West Virginia 26508-4434",(304) 594-2353,Mass,Sat,5:30 PM,,Vigil Mass,saturday,English,,,,,,tags
St. Luke the Evangelist,"Overhill Dr and Black Rd, Mercersburg, Pennsylvania 17236",(717) 597-2705,Mass,Sun,11:00 AM,,Mass,sunday,English,"St. Luke, Mercersburg",,,,,
St. Luke the Evangelist,"19 Jo Glen Dr, Morgantown, West Virginia 26508-4434",(304) 594-2353,Mass,Sun,11:00 AM,,Mass,sunday,English,,,,,,tags
St. Luke the Evangelist,"19 Jo Glen Dr, Morgantown, West Virginia 26508-4434",(304) 594-2353,Mass,Sun,8:00 AM,,Mass,sunday,English,,,,,,tags
St. Luke the Evangelist,"19 Jo Glen Dr, Morgantown, West Virginia 26508-4434",(304) 594-2353,Mass,,12:00 PM,,Mass,special_event,English,,,2025-01-01,,,Mass; tags
St. Luke the Evangelist,"19 Jo Glen Dr, Morgantown, West Virginia 26508-4434",(304) 594-2353,Mass,,12:00 PM,,Mass,special_event,English,,,2025-08-15,,,Mass; tags
St. Luke the Evangelist,"19 Jo Glen Dr, Morgantown, West Virginia 26508-4434",(304) 594-2353,Mass,,12:00 PM,,Mass,special_event,English,,,2025-11-01,,,Mass; tags
St. Luke the Evangelist,"19 Jo Glen Dr, Morgantown, West Virginia 26508-4434",(304) 594-2353,Mass,,12:00 PM,,Mass,special_event,English,,,2025-12-08,,,Mass; tags
St. Luke the Evangelist,"19 Jo Glen Dr, Morgantown, West Virginia 26508-4434",(304) 594-2353,Mass,,12:00 PM,,Mass,special_event,English,,,2025-12-25,,,Mass; tags
St. Luke the Evangelist,"19 Jo Glen Dr, Morgantown, West Virginia 26508-4434",(304) 594-2353,Mass,,6:30 PM,,Mass,special_event,English,,,2025-01-01,,,Mass; livestream
St. Luke the Evangelist,"19 Jo Glen Dr, Morgantown, West Virginia 26508-4434",(304) 594-2353,Mass,,6:30 PM,,Mass,special_event,English,,,2025-08-15,,,Mass; livestream
St. Luke the Evangelist,"19 Jo Glen Dr, Morgantown, West Virginia 26508-4434",(304) 594-2353,Mass,,6:30 PM,,Mass,special_event,English,,,2025-11-01,,,Mass; livestream
St. Luke the Evangelist,"19 Jo Glen Dr, Morgantown, West Virginia 26508-4434",(304) 594-2353,Mass,,6:30 PM,,Mass,special_event,English,,,2025-12-08,,,Mass; livestream
St. Luke the Evangelist,"19 Jo Glen Dr, Morgantown, West Virginia 26508-4434",(304) 594-2353,Mass,,6:30 PM,,Mass,special_event,English,,,2025-12-25,,,Mass; livestream
St. Luke the Evangelist,"19 Jo Glen Dr, Morgantown, West Virginia 26508-4434",(304) 594-2353,Mass,,7:30 AM,,Adoration followed by Daily Mass,monthly,English,,first_friday_(recurring),,,,tags
St. Luke the Evangelist,"19 Jo Glen Dr, Morgantown, West Virginia 26508-4434",(304) 594-2353,Mass,,8:30 AM,,Daily Mass,monthly,English,,first_saturday_(recurring),,,,tags
St. Luke the Evangelist,"19 Jo Glen Dr, Morgantown, West Virginia 26508-4434",(304) 594-2353,Confession,Sat,4:30 PM,,Confessions,saturday,English,,,,,,tags
St. Luke the Evangelist,"19 Jo Glen Dr, Morgantown, West Virginia 26508-4434",(304) 594-2353,Confession,,TBD,,Confessions,parish_event,English,,,,,,by appointment
St. Luke the Evangelist,"19 Jo Glen Dr, Morgantown, West Virginia 26508-4434",(304) 594-2353,Adoration,Fri,7:30 AM,,Eucharistic Adoration,other,English,,,,,,tags
St. Luke the Evangelist,"Overhill Dr and Black Rd, Mercersburg, Pennsylvania 17236",(717) 597-2705,Other,,12:30 PM,,Fall Picnic,special_event,English,Mercersburg Lions Club,,2025-09-21,,,Fall Picnic; 405 S. Park Ave; Mercersburg PA
St. Malachy (Archangel Gabriel Parish),"343 Forest Grove Rd, Coraopolis, Pennsylvania 15108-3761",(412) 787-2140,Mass,Thu,8:30 AM,,Mass,specific_weekday,English,Saint Malachy,,,,,
St. Malachy (Archangel Gabriel Parish),"343 Forest Grove Rd, Coraopolis, Pennsylvania 15108-3761",(412) 787-2140,Mass,Fri,8:30 AM,,Mass,specific_weekday,English,Saint Malachy,,,,,
St. Malachy (Archangel Gabriel Parish),"343 Forest Grove Rd, Coraopolis, Pennsylvania 15108-3761",(412) 787-2140,Mass,Sat,4:00 PM,,Mass,saturday,English,Saint Malachy,,,,,vigil
St. Malachy (Archangel Gabriel Parish),"343 Forest Grove Rd, Coraopolis, Pennsylvania 15108-3761",(412) 787-2140,Mass,Sat,8:30 AM,,Mass,specific_weekday,English,Saint Malachy,,,,,
St. Malachy (Archangel Gabriel Parish),"343 Forest Grove Rd, Coraopolis, Pennsylvania 15108-3761",(412) 787-2140,Mass,Sun,8:00 AM,,Mass,sunday,English,Saint Malachy,,,,,
St. Malachy (Archangel Gabriel Parish),"343 Forest Grove Rd, Coraopolis, Pennsylvania 15108-3761",(412) 787-2140,Confession,Sat,11:00 AM,12:00 PM,Confession,saturday,English,Saint Malachy,,,,,
St. Malachy (Archangel Gabriel Parish),"343 Forest Grove Rd, Coraopolis, Pennsylvania 15108-3761",(412) 787-2140,Adoration,Thu,9:00 AM,12:00 PM,Adoration,specific_weekday,English,Saint Malachy Church,,,,,
St. Malachy (Archangel Gabriel Parish),"343 Forest Grove Rd, Coraopolis, Pennsylvania 15108-3761",(412) 787-2140,Adoration,Fri,9:00 AM,12:00 PM,Adoration,specific_weekday,English,Saint Malachy Church,,,,,
St. Malachy (Archangel Gabriel Parish),"343 Forest Grove Rd, Coraopolis, Pennsylvania 15108-3761",(412) 787-2140,Adoration,Sat,9:00 AM,12:00 PM,Adoration,specific_weekday,English,Saint Malachy Church,,,,,
St. Malachy (Archangel Gabriel Parish),"343 Forest Grove Rd, Coraopolis, Pennsylvania 15108-3761",(412) 787-2140,Devotions,Thu,7:30 PM,,Parish Holy Hour,other,English,St. Malachy Church,,,,,
St. Marcellus,"1340 Jefferson Rd, Jefferson, Pennsylvania 15344",724-627-7568,Mass,Tue,9:00 AM,,Mass,specific_weekday,english,"St. Marcellus, Jefferson",,,,,
St. Marcellus,"1340 Jefferson Rd, Jefferson, Pennsylvania 15344",724-627-7568,Mass,Sun,10:30 AM,,Mass,sunday,english,"St. Marcellus, Jefferson",,,,,
St. Marcellus,"1340 Jefferson Rd, Jefferson, Pennsylvania 15344",724-627-7568,Confession,,11:00 AM,11:30 AM,Confession,monthly,english,St. Marcellus),fourth_saturday,,,,4th (english; @ St. Marcellus
St. Margaret Mary,"2500 Dudley Ave, Parkersburg, West Virginia 26101",(304) 428-1262,Mass,Tue,6:00 PM,,Mass,specific_weekday,English,,,,,,
St. Margaret Mary,"2500 Dudley Ave, Parkersburg, West Virginia 26101",(304) 428-1262,Mass,Wed,12:00 PM,,Mass,specific_weekday,English,,,,,,
St. Margaret Mary,"2500 Dudley Ave, Parkersburg, West Virginia 26101",(304) 428-1262,Mass,Thu,12:00 PM,,Mass,specific_weekday,English,,,,,,
St. Margaret Mary,"2500 Dudley Ave, Parkersburg, West Virginia 26101",(304) 428-1262,Mass,Fri,12:00 PM,,Mass,specific_weekday,English,,,,,,
St. Margaret Mary,"2500 Dudley Ave, Parkersburg, West Virginia 26101",(304) 428-1262,Mass,Sat,5:30 PM,,Mass,saturday,English,,,,,,vigil
St. Margaret Mary,"2500 Dudley Ave, Parkersburg, West Virginia 26101",(304) 428-1262,Mass,Sun,11:00 AM,,Mass,sunday,English,,,,,,
St. Margaret Mary,"2500 Dudley Ave, Parkersburg, West Virginia 26101",(304) 428-1262,Mass,Sun,8:30 AM,,Mass,sunday,English,,,,,,
St. Margaret Mary,"2500 Dudley Ave, Parkersburg, West Virginia 26101",(304) 428-1262,Mass,,8:30 AM,,Mass,monthly,English,,first_saturday_(recurring),,,,
St. Margaret Mary,"2500 Dudley Ave, Parkersburg, West Virginia 26101",(304) 428-1262,Confession,Fri,11:00 AM,11:45 AM,Confession,specific_weekday,English,,,,,,
St. Margaret Mary,"2500 Dudley Ave, Parkersburg, West Virginia 26101",(304) 428-1262,Confession,Sat,3:00 PM,4:00 PM,Confession,saturday,English,,,,,,
St. Margaret Mary,"2500 Dudley Ave, Parkersburg, West Virginia 26101",(304) 428-1262,Confession,,TBD,,Confession,specific_weekday,English,,,,,,check bulletin; note: By Appointment
St. Margaret Mary,"2500 Dudley Ave, Parkersburg, West Virginia 26101",(304) 428-1262,Adoration,Fri,10:50 AM,11:50 AM,Adoration,specific_weekday,English,,,,,,
St. Mark the Evangelist,"395 S Ridge Ave, Greencastle, Pennsylvania 17225",(717) 597-2705,Mass,Mon,9:00 AM,,Mass,weekday,English,"St. Mark, Greencastle",,,,,
St. Mark the Evangelist,"395 S Ridge Ave, Greencastle, Pennsylvania 17225",(717) 597-2705,Mass,Tue,9:00 AM,,Mass,weekday,English,"St. Mark, Greencastle",,,,,
St. Mark the Evangelist,"395 S Ridge Ave, Greencastle, Pennsylvania 17225",(717) 597-2705,Mass,Wed,9:00 AM,,Mass,weekday,English,"St. Mark, Greencastle",,,,,
St. Mark the Evangelist,"395 S Ridge Ave, Greencastle, Pennsylvania 17225",(717) 597-2705,Mass,Thu,9:00 AM,,Mass,weekday,English,"St. Mark, Greencastle",,,,,
St. Mark the Evangelist,"395 S Ridge Ave, Greencastle, Pennsylvania 17225",(717) 597-2705,Mass,Fri,9:00 AM,,Mass,weekday,English,"St. Mark, Greencastle",,,,,
St. Mark the Evangelist,"395 S Ridge Ave, Greencastle, Pennsylvania 17225",(717) 597-2705,Mass,Sat,5:00 PM,,Mass,saturday,English,"St. Mark, Greencastle",,,,,vigil; livestream; Vigil
St. Mark the Evangelist,"395 S Ridge Ave, Greencastle, Pennsylvania 17225",(717) 597-2705,Mass,Sun,9:00 AM,,Mass,sunday,English,"St. Mark, Greencastle",,,,,
St. Mark the Evangelist,"395 S Ridge Ave, Greencastle, Pennsylvania 17225",(717) 597-2705,Confession,,4:00 PM,4:45 PM,Confessions,parish_event,English,"St. Mark, Greencastle",,,,,by appointment
St. Mark the Evangelist,"395 S Ridge Ave, Greencastle, Pennsylvania 17225",(717) 597-2705,Devotions,Mon,8:00 AM,,Holy Hour with Morning Prayer and Rosary,weekday,English,"St. Mark, Greencastle",,,,,
St. Mark the Evangelist,"395 S Ridge Ave, Greencastle, Pennsylvania 17225",(717) 597-2705,Devotions,Tue,8:00 AM,,Holy Hour with Morning Prayer and Rosary,weekday,English,"St. Mark, Greencastle",,,,,
St. Mark the Evangelist,"395 S Ridge Ave, Greencastle, Pennsylvania 17225",(717) 597-2705,Devotions,Wed,8:00 AM,,Holy Hour with Morning Prayer and Rosary,weekday,English,"St. Mark, Greencastle",,,,,
St. Mark the Evangelist,"395 S Ridge Ave, Greencastle, Pennsylvania 17225",(717) 597-2705,Devotions,Thu,8:00 AM,,Holy Hour with Morning Prayer and Rosary,weekday,English,"St. Mark, Greencastle",,,,,
St. Mark the Evangelist,"395 S Ridge Ave, Greencastle, Pennsylvania 17225",(717) 597-2705,Devotions,Fri,8:00 AM,,Holy Hour with Morning Prayer and Rosary,weekday,English,"St. Mark, Greencastle",,,,,
St. Mark the Evangelist,"395 S Ridge Ave, Greencastle, Pennsylvania 17225",(717) 597-2705,Other,,5:30 PM,,BINGO!,special_event,English,St. Mark Social Hall,,2026-01-23,,,BINGO!; Games starts at 18:30
St. Martha,"60 Martha Vineyard, Prestonsburg, Kentucky 41653",16068749526,Mass,Mon,7:00 AM,,Mass,weekday,english,Church,,,,,
St. Martha,"60 Martha Vineyard, Prestonsburg, Kentucky 41653",16068749526,Mass,Tue,7:00 AM,,Mass,weekday,english,Church,,,,,
St. Martha,"60 Martha Vineyard, Prestonsburg, Kentucky 41653",16068749526,Mass,Wed,7:00 AM,,Mass,weekday,english,Church,,,,,
St. Martha,"60 Martha Vineyard, Prestonsburg, Kentucky 41653",16068749526,Mass,Wed,7:00 PM,8:00 PM,Mass,specific_weekday,spanish,Church,,,,,
St. Martha,"60 Martha Vineyard, Prestonsburg, Kentucky 41653",16068749526,Mass,Thu,7:00 AM,,Mass,weekday,english,Church,,,,,
St. Martha,"60 Martha Vineyard, Prestonsburg, Kentucky 41653",16068749526,Mass,Fri,7:00 AM,,Mass,weekday,english,Church,,,,,
St. Martha,"60 Martha Vineyard, Prestonsburg, Kentucky 41653",16068749526,Mass,Sat,5:00 PM,,Mass,saturday,english,Church,,,,,vigil; Vigil
St. Martha,"60 Martha Vineyard, Prestonsburg, Kentucky 41653",16068749526,Mass,Sun,10:00 AM,,Mass,sunday,english,Church,,,,,livestream
St. Martha,"60 Martha Vineyard, Prestonsburg, Kentucky 41653",16068749526,Mass,Sun,12:00 PM,,Mass,sunday,spanish,Church,,,,,
St. Martha,"60 Martha Vineyard, Prestonsburg, Kentucky 41653",16068749526,Mass,Sun,5:00 PM,,Mass,sunday,english,Church,,,,,youth
St. Martha,"60 Martha Vineyard, Prestonsburg, Kentucky 41653",16068749526,Mass,Sun,7:00 AM,,Mass,sunday,english,Church,,,,,
St. Martha,"60 Martha Vineyard, Prestonsburg, Kentucky 41653",16068749526,Mass,Sun,8:30 AM,,Mass,sunday,english,Church,,,,,
St. Martha,"60 Martha Vineyard, Prestonsburg, Kentucky 41653",16068749526,Mass,,10:00 AM,,Christmas Mass,special_event,English,Church,,2025-12-25,,,Christmas Mass
St. Martha,"60 Martha Vineyard, Prestonsburg, Kentucky 41653",16068749526,Mass,,12:00 PM,,Christmas Mass,special_event,spanish,Church,,2025-12-25,,,Christmas Mass
St. Martha,"60 Martha Vineyard, Prestonsburg, Kentucky 41653",16068749526,Mass,,5:00 PM,,Christmas Vigil,special_event,English,Church,,2025-12-24,,,Christmas Vigil; vigil
St. Martha,"60 Martha Vineyard, Prestonsburg, Kentucky 41653",16068749526,Mass,,7:00 AM,8:00 AM,Mass,daily,English,Chapel,,,,,livestream
St. Martha,"60 Martha Vineyard, Prestonsburg, Kentucky 41653",16068749526,Mass,,7:00 AM,,Mass,monthly,English,Church,first_friday_(recurring),,,,
St. Martha,"60 Martha Vineyard, Prestonsburg, Kentucky 41653",16068749526,Mass,,8:30 AM,,Christmas Mass,special_event,English,Church,,2025-12-25,,,Christmas Mass
St. Martha,"60 Martha Vineyard, Prestonsburg, Kentucky 41653",16068749526,Mass,,9:00 AM,,Mass,monthly,English,Church,first_saturday_(recurring),,,,
St. Martha,"60 Martha Vineyard, Prestonsburg, Kentucky 41653",16068749526,Confession,Wed,6:30 PM,7:30 PM,Confession,specific_weekday,spanish,Church,,,,,
St. Martha,"60 Martha Vineyard, Prestonsburg, Kentucky 41653",16068749526,Confession,Sat,4:00 PM,,Confession,saturday,English,Church,,,,,
St. Martha,"60 Martha Vineyard, Prestonsburg, Kentucky 41653",16068749526,Confession,Sun,TBD,,Confession,other,English,,,,before,Mass,Sunday before Mass; before Mass and by appointment.; ≥20 min
St. Martha,"60 Martha Vineyard, Prestonsburg, Kentucky 41653",16068749526,Adoration,,7:00 PM,,Adoration,monthly,English,Adoration Chapel,thursday_(before_first_friday),,,,Thursday (before First Friday); exposition; benediction
St. Martha,"60 Martha Vineyard, Prestonsburg, Kentucky 41653",16068749526,Adoration,,7:30 AM,,Adoration,monthly,English,Adoration Chapel,first_friday_(recurring),,,,exposition
St. Martha,"60 Martha Vineyard, Prestonsburg, Kentucky 41653",16068749526,Devotions,,6:00 PM,,Benediction,monthly,English,Adoration Chapel,first_friday_(recurring),,,,benediction
St. Martha,"60 Martha Vineyard, Prestonsburg, Kentucky 41653",16068749526,Other,,10:00 AM,,"Mary, Mother of God",special_event,English,Church,,2026-01-01,,,"Mary, Mother of God"
St. Martha,"60 Martha Vineyard, Prestonsburg, Kentucky 41653",16068749526,Other,,12:00 PM,,"Mary, Mother of God",special_event,spanish,Church,,2026-01-01,,,"Mary, Mother of God"
St. Martha,"60 Martha Vineyard, Prestonsburg, Kentucky 41653",16068749526,Other,,8:30 AM,,"Mary, Mother of God",special_event,English,Church,,2026-01-01,,,"Mary, Mother of God"
St. Martin of Tours,"1 Fitzgerald Ave, Cameron, West Virginia 26033",(304) 845-1593 ,Mass,,8:30 AM,,Mass,special_event,English,Diocese of Wheeling-Charleston,,2026-01-05,,,Watch the Sunday Morning Mass; livestream
St. Mary,"3346 University Ave, Morgantown, West Virginia 26505",(304) 599-3747,Mass,Mon,6:30 PM,,Mass,specific_weekday,English,,,,,,
St. Mary,"212 W Main St, Saint Clairsville, Ohio 43950",740-695-9993,Mass,Mon,8:00 AM,,Mass,specific_weekday,english,,,,,,
St. Mary,"18230 Barnesville Rd, Barnesville, Maryland 20838",(301) 972-8660,Mass,Mon,9:00 AM,,Mass,weekday,english,,,,,,
St. Mary,"18230 Barnesville Rd, Barnesville, Maryland 20838",(301) 972-8660,Mass,Mon,9:00 AM,,Mass,specific_weekday,english,,,,,,
St. Mary,"224 W Washington St, Hagerstown, Maryland 21740",(301) 739-0390,Mass,Tue,7:00 AM,,Mass,specific_weekday,English,,,,,,
St. Mary,"212 W Main St, Saint Clairsville, Ohio 43950",740-695-9993,Mass,Tue,8:00 AM,,Mass,specific_weekday,english,,,,,,
St. Mary,"240 E 40th St, Shadyside, Ohio 43947",(740) 671-0051,Mass,Tue,8:00 AM,,Mass,specific_weekday,English,St Mary’s Church,,,,,
St. Mary,"18230 Barnesville Rd, Barnesville, Maryland 20838",(301) 972-8660,Mass,Tue,9:00 AM,,Mass,specific_weekday,english,,,,,,
St. Mary,"18230 Barnesville Rd, Barnesville, Maryland 20838",(301) 972-8660,Mass,Tue,9:00 AM,,Mass,weekday,english,,,,,,
St. Mary,"3346 University Ave, Morgantown, West Virginia 26505",(304) 599-3747,Mass,Tue,9:00 AM,,Mass,specific_weekday,English,,,,,,note: cancelled if school is cancelled; cancelled for funerals
St. Mary,"3346 University Ave, Morgantown, West Virginia 26505",(304) 599-3747,Mass,Wed,12:00 PM,,Mass,specific_weekday,English,,,,,,
St. Mary,"212 W Main St, Saint Clairsville, Ohio 43950",740-695-9993,Mass,Wed,6:00 PM,,Mass,specific_weekday,english,St. Frances Cabrini,,,,,
St. Mary,"224 W Washington St, Hagerstown, Maryland 21740",(301) 739-0390,Mass,Wed,7:00 AM,,Mass,specific_weekday,English,,,,,,
St. Mary,"212 W Main St, Saint Clairsville, Ohio 43950",740-695-9993,Mass,Wed,8:00 AM,,Mass,specific_weekday,english,,,,,,
St. Mary,"18230 Barnesville Rd, Barnesville, Maryland 20838",(301) 972-8660,Mass,Wed,9:00 AM,,Mass,weekday,english,,,,,,
St. Mary,"3346 University Ave, Morgantown, West Virginia 26505",(304) 599-3747,Mass,Thu,12:00 PM,,Mass,specific_weekday,English,,,,,,
St. Mary,"224 W Washington St, Hagerstown, Maryland 21740",(301) 739-0390,Mass,Thu,7:00 AM,,Mass,specific_weekday,English,,,,,,
St. Mary,"212 W Main St, Saint Clairsville, Ohio 43950",740-695-9993,Mass,Thu,8:00 AM,,Mass,specific_weekday,english,,,,,,
St. Mary,"240 E 40th St, Shadyside, Ohio 43947",(740) 671-0051,Mass,Thu,8:00 AM,,Mass,specific_weekday,English,St. Mary’s Church,,,,,
St. Mary,"18230 Barnesville Rd, Barnesville, Maryland 20838",(301) 972-8660,Mass,Thu,9:00 AM,,Mass,weekday,english,,,,,,
St. Mary,"18230 Barnesville Rd, Barnesville, Maryland 20838",(301) 972-8660,Mass,Thu,9:00 AM,,Mass,specific_weekday,english,,,,,,
St. Mary,"224 W Washington St, Hagerstown, Maryland 21740",(301) 739-0390,Mass,Fri,7:00 AM,,Mass,specific_weekday,English,,,,,,
St. Mary,"212 W Main St, Saint Clairsville, Ohio 43950",740-695-9993,Mass,Fri,8:00 AM,,Mass,specific_weekday,english,,,,,,
St. Mary,"18230 Barnesville Rd, Barnesville, Maryland 20838",(301) 972-8660,Mass,Fri,9:00 AM,,Mass,weekday,english,,,,,,
St. Mary,"18230 Barnesville Rd, Barnesville, Maryland 20838",(301) 972-8660,Mass,Fri,9:00 AM,,Mass,specific_weekday,english,,,,,,
St. Mary,"3346 University Ave, Morgantown, West Virginia 26505",(304) 599-3747,Mass,Fri,9:00 AM,,Mass,specific_weekday,English,,,,,,note: cancelled if school is cancelled; cancelled for funerals
St. Mary,"212 W Main St, Saint Clairsville, Ohio 43950",740-695-9993,Mass,Fri,9:00 AM,,Mass,specific_weekday,english,,,,,,note: SMC School Mass during school year
St. Mary,"18230 Barnesville Rd, Barnesville, Maryland 20838",(301) 972-8660,Mass,Sat,4:00 PM,,Mass,saturday,english,,,,,,vigil
St. Mary,"240 E 40th St, Shadyside, Ohio 43947",(740) 671-0051,Mass,Sat,4:00 PM,,Vigil Mass,saturday,English,"St. Mary’s Church, 240 E 40th St, Shadyside, OH 43947",,,,,
St. Mary,"20 N 4th St, Martins Ferry, Ohio 43935-1524",(740) 633-1416,Mass,Sat,4:30 PM,,Mass,saturday,English,"St. Mary Catholic Church, Martins Ferry, OH",,,,,
St. Mary,"212 W Main St, Saint Clairsville, Ohio 43950",740-695-9993,Mass,Sat,4:30 PM,,Mass,saturday,english,,,,,,vigil
St. Mary,"224 W Washington St, Hagerstown, Maryland 21740",(301) 739-0390,Mass,Sat,5:15 PM,,Mass,saturday,English,,,,,,vigil
St. Mary,"3346 University Ave, Morgantown, West Virginia 26505",(304) 599-3747,Mass,Sat,5:30 PM,,Mass,saturday,English,,,,,,vigil
St. Mary,"1122 Farmer St, Richlands, Virginia 24641",(276) 988-4626,Mass,Sat,6:00 PM,,Mass,saturday,English,St. Mary,,,,,
St. Mary,"212 W Main St, Saint Clairsville, Ohio 43950",740-695-9993,Mass,Sat,9:00 AM,,Mass,saturday,english,,,,,,
St. Mary,"20 N 4th St, Martins Ferry, Ohio 43935-1524",(740) 633-1416,Mass,Sun,10:00 AM,,Mass,sunday,English,"St. Mary Catholic Church, Martins Ferry, OH",,,,,
St. Mary,"18230 Barnesville Rd, Barnesville, Maryland 20838",(301) 972-8660,Mass,Sun,10:30 AM,,Mass,sunday,english,,,,,,
St. Mary,"57 Private Rd 1059, Pine Grove, Ohio 45638",(740) 532-0712,Mass,Sun,10:30 AM,,Mass,sunday,English,"St. Mary, Pine Grove",,,,,
St. Mary,"240 E 40th St, Shadyside, Ohio 43947",(740) 671-0051,Mass,Sun,11:00 AM,,Mass,sunday,English,St. Mary’s Church,,,,,
St. Mary,"224 W Washington St, Hagerstown, Maryland 21740",(301) 739-0390,Mass,Sun,11:30 AM,,Mass,sunday,English,,,,,,
St. Mary,"212 W Main St, Saint Clairsville, Ohio 43950",740-695-9993,Mass,Sun,11:30 AM,,Mass,sunday,english,,,,,,
St. Mary,"3346 University Ave, Morgantown, West Virginia 26505",(304) 599-3747,Mass,Sun,1:30 PM,,Mass,sunday,spanish,,,,,,
St. Mary,"3346 University Ave, Morgantown, West Virginia 26505",(304) 599-3747,Mass,Sun,5:00 PM,,Mass,sunday,english,,,,,,
St. Mary,"224 W Washington St, Hagerstown, Maryland 21740",(301) 739-0390,Mass,Sun,7:30 AM,,Mass,sunday,English,,,,,,
St. Mary,"18230 Barnesville Rd, Barnesville, Maryland 20838",(301) 972-8660,Mass,Sun,8:30 AM,,Mass,sunday,english,,,,,,
St. Mary,"224 W Washington St, Hagerstown, Maryland 21740",(301) 739-0390,Mass,Sun,9:00 AM,,Mass,sunday,English,,,,,,
St. Mary,"212 W Main St, Saint Clairsville, Ohio 43950",740-695-9993,Mass,Sun,9:00 AM,,Mass,sunday,english,,,,,,
St. Mary,"3346 University Ave, Morgantown, West Virginia 26505",(304) 599-3747,Mass,Sun,9:30 AM,,Mass,sunday,english,,,,,,
St. Mary,"1122 Farmer St, Richlands, Virginia 24641",(276) 988-4626,Mass,,12:10 AM,,Mass,other,English,St. Mary,,,,,
St. Mary,"212 W Main St, Saint Clairsville, Ohio 43950",740-695-9993,Mass,,2:30 PM,,Mass,monthly,spanish,,third_sunday,,,,Third of the Month
St. Mary,"18230 Barnesville Rd, Barnesville, Maryland 20838",(301) 972-8660,Mass,,9:00 AM,,Mass,monthly,english,,first_saturday_(recurring),,,,
St. Mary,"240 E 40th St, Shadyside, Ohio 43947",(740) 671-0051,Confession,Tue,7:30 AM,7:45 AM,Confession,specific_weekday,English,St. Mary’s,,,,,
St. Mary,"224 W Washington St, Hagerstown, Maryland 21740",(301) 739-0390,Confession,Wed,7:30 AM,8:00 AM,Confession,specific_weekday,English,,,,,,
St. Mary,"224 W Washington St, Hagerstown, Maryland 21740",(301) 739-0390,Confession,Thu,7:30 AM,8:00 AM,Confession,specific_weekday,English,,,,,,
St. Mary,"240 E 40th St, Shadyside, Ohio 43947",(740) 671-0051,Confession,Thu,7:30 AM,7:45 AM,Confession,specific_weekday,English,St. Mary’s,,,,,
St. Mary,"224 W Washington St, Hagerstown, Maryland 21740",(301) 739-0390,Confession,Fri,6:30 PM,,Confession,specific_weekday,English,,,,,,
St. Mary,"20 N 4th St, Martins Ferry, Ohio 43935-1524",(740) 633-1416,Confession,Sat,11:00 AM,12:00 PM,Confession,saturday,English,"St. Mary Catholic Church, Martins Ferry, OH",,,,,
St. Mary,"224 W Washington St, Hagerstown, Maryland 21740",(301) 739-0390,Confession,Sat,11:30 AM,,Confession,saturday,English,,,,,,
St. Mary,"240 E 40th St, Shadyside, Ohio 43947",(740) 671-0051,Confession,Sat,3:00 PM,3:45 PM,Confession,saturday,English,St. Mary’s,,,,,
St. Mary,"18230 Barnesville Rd, Barnesville, Maryland 20838",(301) 972-8660,Confession,Sat,3:15 PM,,Confession,saturday,English,,,,,,
St. Mary,"212 W Main St, Saint Clairsville, Ohio 43950",740-695-9993,Confession,Sat,3:30 PM,4:30 PM,Confession,saturday,English,,,,,,
St. Mary,"224 W Washington St, Hagerstown, Maryland 21740",(301) 739-0390,Confession,Sat,4:00 PM,4:45 PM,Confession,saturday,English,,,,,,
St. Mary,"18230 Barnesville Rd, Barnesville, Maryland 20838",(301) 972-8660,Confession,Sat,4:15 PM,,Confession,saturday,English,,,,,,
St. Mary,"212 W Main St, Saint Clairsville, Ohio 43950",740-695-9993,Confession,Sun,10:30 AM,11:30 AM,Confession,sunday,English,,,,,,
St. Mary,"212 W Main St, Saint Clairsville, Ohio 43950",740-695-9993,Confession,Sun,8:00 AM,9:00 AM,Confession,sunday,English,,,,,,
St. Mary,"212 W Main St, Saint Clairsville, Ohio 43950",740-695-9993,Confession,Sun,TBD,,Confessions,sunday,English,,,,,,also available by appointment
St. Mary,"212 W Main St, Saint Clairsville, Ohio 43950",740-695-9993,Confession,,3:00 PM,4:00 PM,Confession,monthly,English,,first_thursday,,,,note: First Thursdays following the Chaplet of Divine Mercy
St. Mary,"240 E 40th St, Shadyside, Ohio 43947",(740) 671-0051,Confession,,TBD,,Confession,other,English,,,,,,by appointment 676-0051); Call for an appointment – (740
St. Mary,"18230 Barnesville Rd, Barnesville, Maryland 20838",(301) 972-8660,Adoration,,9:30 AM,12:00 PM,Adoration,monthly,English,,first_friday_(recurring),,,,exposition
St. Mary,"224 W Washington St, Hagerstown, Maryland 21740",(301) 739-0390,Devotions,Tue,7:30 AM,,Rosary,specific_weekday,English,,,,,,
St. Mary,"224 W Washington St, Hagerstown, Maryland 21740",(301) 739-0390,Devotions,Wed,7:30 AM,,Rosary,specific_weekday,English,,,,,,
St. Mary,"224 W Washington St, Hagerstown, Maryland 21740",(301) 739-0390,Devotions,Wed,9:30 AM,,Miraculous Medal Perpetual Novena,specific_weekday,English,,,,,,
St. Mary,"224 W Washington St, Hagerstown, Maryland 21740",(301) 739-0390,Devotions,Thu,7:30 AM,,Rosary,specific_weekday,English,,,,,,
St. Mary,"224 W Washington St, Hagerstown, Maryland 21740",(301) 739-0390,Devotions,Fri,7:30 AM,,Rosary,specific_weekday,English,,,,,,
St. Mary,"224 W Washington St, Hagerstown, Maryland 21740",(301) 739-0390,Devotions,,12:00 PM,1:00 PM,Fatima prayers and the Rosary,other,English,,,,,,13th of every month
St. Mary,"215 Warrens Mill Rd, Meyersdale, Pennsylvania 15552",18146622958,Other,,10:30 AM,,Christmas,special_event,English,St Mary's Roman Catholic Church,,2025-12-25,,,Christmas; Nativity of the Lord
St. Mary,"18230 Barnesville Rd, Barnesville, Maryland 20838",(301) 972-8660,Other,,5:30 PM,,Pancake Supper,special_event,English,Parish Hall,,2026-02-17,,,Pancake Supper; note: listed as recurring event
St. Mary,"18230 Barnesville Rd, Barnesville, Maryland 20838",(301) 972-8660,Other,,5:30 PM,7:30 PM,Pancake Supper,parish_event,English,,,,,,Feb.
St. Mary,"215 Warrens Mill Rd, Meyersdale, Pennsylvania 15552",18146622958,Other,,8:00 AM,,Christmas,special_event,English,St Mary's Roman Catholic Church,,2025-12-25,,,Christmas; Nativity of the Lord
St. Mary,"18230 Barnesville Rd, Barnesville, Maryland 20838",(301) 972-8660,Other,,TBD,,Super Bowl Subs,other,English,,,,after,Mass,Feb.; check bulletin; note: after Masses
St. Mary,"18230 Barnesville Rd, Barnesville, Maryland 20838",(301) 972-8660,Other,,TBD,,Haiti Cookies,other,English,,,,after,Mass,Feb. 14/; check bulletin; note: after Masses
St. Mary,"4231 Catholic Church Rd, Petersville, Maryland 21716",13018349185,Other,,TBD,,Christmas,special_event,English,,,2025-12-25,,,Christmas TIME_TBD; note: no times given
St. Mary,"212 W Main St, Saint Clairsville, Ohio 43950",740-695-9993,Other,,TBD,,Ash Wednesday,special_event,English,,,2026-02-18,,,Ash Wednesday; check bulletin; note: Lent begins
St. Mary Assumption (Ruthenian),"12 Center St Extension, New Salem, Pennsylvania 15468",(724) 245-7188,Mass,Sun,11:00 AM,,Divine Liturgy,sunday,English,"Saint Mary Assumption Byzantine Catholic Church, New Salem, PA",,,,,
St. Mary Mother Of God,"370 E Main St, Wytheville, Virginia 24382",(276) 228-3104,Mass,Fri,12:00 PM,,Mass,specific_weekday,English,St. Mary’s,,,,,note: unless otherwise posted differently
St. Mary Mother Of God,"370 E Main St, Wytheville, Virginia 24382",(276) 228-3104,Mass,Sat,5:00 PM,,Mass,saturday,English,St. Mary’s,,,,,
St. Mary Mother Of God,"370 E Main St, Wytheville, Virginia 24382",(276) 228-3104,Mass,Sun,9:00 AM,,Mass,sunday,English,St. Mary’s,,,,,
St. Mary Mother Of God,"370 E Main St, Wytheville, Virginia 24382",(276) 228-3104,Confession,Fri,12:00 PM,,Reconciliation,specific_weekday,English,St. Mary’s,,,,,note: immediately following Mass
St. Mary Mother Of God,"370 E Main St, Wytheville, Virginia 24382",(276) 228-3104,Confession,Sat,4:00 PM,,Reconciliation,saturday,English,St. Mary’s,,,,,note: one hour before Saturday Mass and by appointment
St. Mary Queen of Heaven,"51 Madison Ave, Madison, West Virginia 25130",(304) 369-4538,Other,,TBD,,Events,special_event,English,,,2026-01-17,,,Events; ends Jan 18
St. Mary Queen of Heaven,"51 Madison Ave, Madison, West Virginia 25130",(304) 369-4538,Other,,TBD,,Events,special_event,English,,,2026-01-31,,,Events
St. Mary Queen of Heaven,"51 Madison Ave, Madison, West Virginia 25130",(304) 369-4538,Other,,TBD,,Events,special_event,English,,,2026-03-20,,,Events; ends Mar 22
St. Mary of the Immaculate Conception,"300 E Oldtown Rd, Cumberland, Maryland 21502",301-777-1750,Mass,Sat,4:00 PM,,Mass,saturday,English,Saint Mary Church,,,,,vigil
St. Mary of the Immaculate Conception,"300 E Oldtown Rd, Cumberland, Maryland 21502",301-777-1750,Mass,Sun,9:00 AM,,Mass,sunday,english,Saint Mary Church,,,,,
St. Mary of the Immaculate Conception,"300 E Oldtown Rd, Cumberland, Maryland 21502",301-777-1750,Mass,,2:00 PM,3:00 PM,Mass,monthly,spanish,,sunday,,,,2nd and 4th
St. Mary of the Immaculate Conception,"300 E Oldtown Rd, Cumberland, Maryland 21502",301-777-1750,Other,,9:00 AM,10:00 AM,Children’s Liturgy of the Word,monthly,English,,sunday,,,,1st and 3rd; note: at St. Mary Church Mass
St. Mary's Catholic Church,"1122 Farmer St, Richlands, VA 24641",+1-276-963-0888,Mass,Mon,12:00 PM,,Mass,specific_weekday,English,631 N. Jefferson Street Roanoke VA 24016-1401,,,,,
St. Mary's Catholic Church,"1122 Farmer St, Richlands, VA 24641",+1-276-963-0888,Mass,Tue,12:00 PM,,Mass,specific_weekday,English,6400 Newport Avenue Norfolk VA 23505,,,,,
St. Mary's Catholic Church,"1122 Farmer St, Richlands, VA 24641",+1-276-963-0888,Mass,Tue,12:00 PM,,Mass,specific_weekday,English,823 Cathedral Place Richmond VA 23220,,,,,
St. Mary's Catholic Church,"1122 Farmer St, Richlands, VA 24641",+1-276-963-0888,Mass,Tue,12:00 PM,,Mass,specific_weekday,English,631 N. Jefferson Street Roanoke VA 24016-1401,,,,,
St. Mary's Catholic Church,"1122 Farmer St, Richlands, VA 24641",+1-276-963-0888,Mass,Tue,12:10 PM,,Mass,specific_weekday,English,232 Chapel Street Norfolk VA 23504,,,,,
St. Mary's Catholic Church,"1122 Farmer St, Richlands, VA 24641",+1-276-963-0888,Mass,Tue,12:10 PM,,Mass,specific_weekday,English,154 N. Main Street Harrisonburg VA 22802,,,,,
St. Mary's Catholic Church,"1122 Farmer St, Richlands, VA 24641",+1-276-963-0888,Mass,Tue,9:00 AM,,Mass,specific_weekday,English,176 Lovers Lane Mathews VA 23109,,,,,
St. Mary's Catholic Church,"1122 Farmer St, Richlands, VA 24641",+1-276-963-0888,Mass,Wed,12:00 PM,,Mass,specific_weekday,English,6400 Newport Avenue Norfolk VA 23505,,,,,
St. Mary's Catholic Church,"1122 Farmer St, Richlands, VA 24641",+1-276-963-0888,Mass,Wed,12:00 PM,,Mass,specific_weekday,English,631 N. Jefferson Street Roanoke VA 24016-1401,,,,,
St. Mary's Catholic Church,"1122 Farmer St, Richlands, VA 24641",+1-276-963-0888,Mass,Wed,12:00 PM,,Mass,specific_weekday,English,823 Cathedral Place Richmond VA 23220,,,,,
St. Mary's Catholic Church,"1122 Farmer St, Richlands, VA 24641",+1-276-963-0888,Mass,Wed,12:10 PM,,Mass,specific_weekday,English,232 Chapel Street Norfolk VA 23504,,,,,
St. Mary's Catholic Church,"1122 Farmer St, Richlands, VA 24641",+1-276-963-0888,Mass,Wed,6:00 PM,,Mass,specific_weekday,English,"820 E. Main Street, US11  Abingdon VA 24210",,,,,Exit 19 off I 81
St. Mary's Catholic Church,"1122 Farmer St, Richlands, VA 24641",+1-276-963-0888,Mass,Wed,6:00 PM,,Mass,specific_weekday,English,154 N. Main Street Harrisonburg VA 22802,,,,,
St. Mary's Catholic Church,"1122 Farmer St, Richlands, VA 24641",+1-276-963-0888,Mass,Thu,12:00 PM,,Mass,specific_weekday,English,823 Cathedral Place Richmond VA 23220,,,,,
St. Mary's Catholic Church,"1122 Farmer St, Richlands, VA 24641",+1-276-963-0888,Mass,Thu,12:00 PM,,Mass,specific_weekday,English,631 N. Jefferson Street Roanoke VA 24016-1401,,,,,
St. Mary's Catholic Church,"1122 Farmer St, Richlands, VA 24641",+1-276-963-0888,Mass,Thu,12:10 PM,,Mass,specific_weekday,English,232 Chapel Street Norfolk VA 23504,,,,,
St. Mary's Catholic Church,"1122 Farmer St, Richlands, VA 24641",+1-276-963-0888,Mass,Thu,7:00 PM,,Mass,specific_weekday,spanish,154 N. Main Street Harrisonburg VA 22802,,,,,
St. Mary's Catholic Church,"1122 Farmer St, Richlands, VA 24641",+1-276-963-0888,Mass,Thu,8:00 AM,,Mass,specific_weekday,English,"820 E. Main Street, US11  Abingdon VA 24210",,,,,Exit 19 off I 81
St. Mary's Catholic Church,"1122 Farmer St, Richlands, VA 24641",+1-276-963-0888,Mass,Thu,9:00 AM,,Mass,specific_weekday,English,6400 Newport Avenue Norfolk VA 23505,,,,,
St. Mary's Catholic Church,"1122 Farmer St, Richlands, VA 24641",+1-276-963-0888,Mass,Fri,12:00 PM,,Mass,specific_weekday,English,823 Cathedral Place Richmond VA 23220,,,,,
St. Mary's Catholic Church,"1122 Farmer St, Richlands, VA 24641",+1-276-963-0888,Mass,Fri,12:00 PM,,Mass,specific_weekday,English,631 N. Jefferson Street Roanoke VA 24016-1401,,,,,
St. Mary's Catholic Church,"1122 Farmer St, Richlands, VA 24641",+1-276-963-0888,Mass,Fri,12:10 PM,,Mass,specific_weekday,English,"820 E. Main Street, US11  Abingdon VA 24210",,,,,Exit 19 off I 81
St. Mary's Catholic Church,"1122 Farmer St, Richlands, VA 24641",+1-276-963-0888,Mass,Fri,12:10 PM,,Mass,specific_weekday,English,232 Chapel Street Norfolk VA 23504,,,,,
St. Mary's Catholic Church,"1122 Farmer St, Richlands, VA 24641",+1-276-963-0888,Mass,Fri,12:10 PM,,Mass,specific_weekday,English,154 N. Main Street Harrisonburg VA 22802,,,,,
St. Mary's Catholic Church,"1122 Farmer St, Richlands, VA 24641",+1-276-963-0888,Mass,Fri,9:00 AM,,Mass,specific_weekday,English,176 Lovers Lane Mathews VA 23109,,,,,
St. Mary's Catholic Church,"1122 Farmer St, Richlands, VA 24641",+1-276-963-0888,Mass,Sat,5:00 PM,,Mass,saturday,English,"598 Needmore Lane, N.E. Floyd VA 24091",,,,,
St. Mary's Catholic Church,"1122 Farmer St, Richlands, VA 24641",+1-276-963-0888,Mass,Sat,5:00 PM,,Mass,saturday,English,154 N. Main Street Harrisonburg VA 22802,,,,,vigil
St. Mary's Catholic Church,"1122 Farmer St, Richlands, VA 24641",+1-276-963-0888,Mass,Sat,5:00 PM,,Mass,saturday,English,232 Chapel Street Norfolk VA 23504,,,,,vigil
St. Mary's Catholic Church,"1122 Farmer St, Richlands, VA 24641",+1-276-963-0888,Mass,Sat,5:00 PM,,Mass,saturday,English,6400 Newport Avenue Norfolk VA 23505,,,,,vigil
St. Mary's Catholic Church,"1122 Farmer St, Richlands, VA 24641",+1-276-963-0888,Mass,Sat,5:00 PM,,Mass,saturday,English,823 Cathedral Place Richmond VA 23220,,,,,vigil
St. Mary's Catholic Church,"1122 Farmer St, Richlands, VA 24641",+1-276-963-0888,Mass,Sat,5:30 PM,,Mass,saturday,English,631 N. Jefferson Street Roanoke VA 24016-1401,,,,,vigil
St. Mary's Catholic Church,"1122 Farmer St, Richlands, VA 24641",+1-276-963-0888,Mass,Sun,10:00 AM,,Mass,sunday,English,154 N. Main Street Harrisonburg VA 22802,,,,,
St. Mary's Catholic Church,"1122 Farmer St, Richlands, VA 24641",+1-276-963-0888,Mass,Sun,10:30 AM,,Mass,sunday,English,1593 Lynnhaven Parkway Virginia Beach VA 23453,,,,,
St. Mary's Catholic Church,"1122 Farmer St, Richlands, VA 24641",+1-276-963-0888,Mass,Sun,11:00 AM,,Mass,sunday,English,6400 Newport Avenue Norfolk VA 23505,,,,,
St. Mary's Catholic Church,"1122 Farmer St, Richlands, VA 24641",+1-276-963-0888,Mass,Sun,11:00 AM,,Mass,sunday,English,176 Lovers Lane Mathews VA 23109,,,,,
St. Mary's Catholic Church,"1122 Farmer St, Richlands, VA 24641",+1-276-963-0888,Mass,Sun,11:00 AM,,Mass,sunday,English,823 Cathedral Place Richmond VA 23220,,,,,
St. Mary's Catholic Church,"1122 Farmer St, Richlands, VA 24641",+1-276-963-0888,Mass,Sun,11:30 AM,,Mass,sunday,English,631 N. Jefferson Street Roanoke VA 24016-1401,,,,,
St. Mary's Catholic Church,"1122 Farmer St, Richlands, VA 24641",+1-276-963-0888,Mass,Sun,12:00 PM,,Mass,sunday,English,232 Chapel Street Norfolk VA 23504,,,,,
St. Mary's Catholic Church,"1122 Farmer St, Richlands, VA 24641",+1-276-963-0888,Mass,Sun,1:00 PM,,Mass,sunday,spanish,154 N. Main Street Harrisonburg VA 22802,,,,,
St. Mary's Catholic Church,"1122 Farmer St, Richlands, VA 24641",+1-276-963-0888,Mass,Sun,5:00 PM,,Mass,sunday,English,823 Cathedral Place Richmond VA 23220,,,,,
St. Mary's Catholic Church,"1122 Farmer St, Richlands, VA 24641",+1-276-963-0888,Mass,Sun,7:30 AM,,Mass,sunday,English,631 N. Jefferson Street Roanoke VA 24016-1401,,,,,
St. Mary's Catholic Church,"1122 Farmer St, Richlands, VA 24641",+1-276-963-0888,Mass,Sun,8:00 AM,,Mass,sunday,English,154 N. Main Street Harrisonburg VA 22802,,,,,
St. Mary's Catholic Church,"1122 Farmer St, Richlands, VA 24641",+1-276-963-0888,Mass,Sun,8:30 AM,,Mass,sunday,English,6400 Newport Avenue Norfolk VA 23505,,,,,
St. Mary's Catholic Church,"1122 Farmer St, Richlands, VA 24641",+1-276-963-0888,Mass,Sun,9:00 AM,,Mass,sunday,English,823 Cathedral Place Richmond VA 23220,,,,,
St. Mary's Catholic Church,"1122 Farmer St, Richlands, VA 24641",+1-276-963-0888,Mass,Sun,9:00 AM,,Mass,sunday,English,"820 E. Main Street, US11  Abingdon VA 24210",,,,,Exit 19 off I 81
St. Mary's Catholic Church,"1122 Farmer St, Richlands, VA 24641",+1-276-963-0888,Mass,Sun,9:00 AM,,Mass,sunday,English,631 N. Jefferson Street Roanoke VA 24016-1401,,,,,
St. Mary's Catholic Church,"1122 Farmer St, Richlands, VA 24641",+1-276-963-0888,Mass,Sun,9:00 AM,,Mass,sunday,English,232 Chapel Street Norfolk VA 23504,,,,,signing
St. Mary's Catholic Church,"1122 Farmer St, Richlands, VA 24641",+1-276-963-0888,Mass,,12:00 PM,,Holy Day Mass,special_event,English,154 N. Main Street Harrisonburg VA 22802,,2025-01-01,,,Holy Day Mass
St. Mary's Catholic Church,"1122 Farmer St, Richlands, VA 24641",+1-276-963-0888,Mass,,12:10 PM,,Holy Day Mass,special_event,English,232 Chapel Street Norfolk VA 23504,,2025-01-01,,,Holy Day Mass
St. Mary's Catholic Church,"1122 Farmer St, Richlands, VA 24641",+1-276-963-0888,Mass,,6:00 PM,,Holy Day Mass,special_event,English,154 N. Main Street Harrisonburg VA 22802,,2025-01-01,,,Holy Day Mass
St. Mary's Catholic Church,"1122 Farmer St, Richlands, VA 24641",+1-276-963-0888,Mass,,6:30 PM,,Holy Day Mass,special_event,English,176 Lovers Lane Mathews VA 23109,,2025-01-01,,,Holy Day Mass
St. Mary's Catholic Church,"1122 Farmer St, Richlands, VA 24641",+1-276-963-0888,Mass,,7:00 PM,,Holy Day Mass,special_event,English,232 Chapel Street Norfolk VA 23504,,2025-01-01,,,Holy Day Mass
St. Mary's Catholic Church,"1122 Farmer St, Richlands, VA 24641",+1-276-963-0888,Mass,,7:00 PM,,Holy Day Mass,special_event,English,631 N. Jefferson Street Roanoke VA 24016-1401,,2025-01-01,,,Holy Day Mass
St. Mary's Catholic Church,"1122 Farmer St, Richlands, VA 24641",+1-276-963-0888,Mass,,7:00 PM,,Holy Day Mass,special_event,English,1593 Lynnhaven Parkway Virginia Beach VA 23453,,2025-01-01,,,Holy Day Mass
St. Mary's Catholic Church,"1122 Farmer St, Richlands, VA 24641",+1-276-963-0888,Mass,,7:30 PM,,Holy Day Mass,special_event,spanish,154 N. Main Street Harrisonburg VA 22802,,2025-01-01,,,Holy Day Mass
St. Mary's Catholic Church,"1122 Farmer St, Richlands, VA 24641",+1-276-963-0888,Mass,,TBD,,Holy Day Mass,special_event,English,6400 Newport Avenue Norfolk VA 23505,,2025-01-01,,,Holy Day Mass TIME_TBD; Holy Day Mass; Varies
St. Mary's Catholic Church,"1122 Farmer St, Richlands, VA 24641",+1-276-963-0888,Confession,Mon,12:45 PM,2:00 PM,Reconciliation,specific_weekday,English,631 N. Jefferson Street Roanoke VA 24016-1401,,,,,
St. Mary's Catholic Church,"1122 Farmer St, Richlands, VA 24641",+1-276-963-0888,Confession,Wed,6:00 PM,,Reconciliation,specific_weekday,English,823 Cathedral Place Richmond VA 23220,,,,,
St. Mary's Catholic Church,"1122 Farmer St, Richlands, VA 24641",+1-276-963-0888,Confession,Sat,3:30 PM,5:00 PM,Reconciliation,saturday,English,631 N. Jefferson Street Roanoke VA 24016-1401,,,,,
St. Mary's Catholic Church,"1122 Farmer St, Richlands, VA 24641",+1-276-963-0888,Confession,Sat,4:00 PM,,Reconciliation,saturday,English,823 Cathedral Place Richmond VA 23220,,,,,
St. Mary's Catholic Church,"1122 Farmer St, Richlands, VA 24641",+1-276-963-0888,Confession,Sat,4:00 PM,,Reconciliation,saturday,English,6400 Newport Avenue Norfolk VA 23505,,,,,
St. Mary's Catholic Church,"1122 Farmer St, Richlands, VA 24641",+1-276-963-0888,Confession,Sat,4:15 PM,,Reconciliation,saturday,English,232 Chapel Street Norfolk VA 23504,,,,,
St. Mary's Catholic Church,"1122 Farmer St, Richlands, VA 24641",+1-276-963-0888,Adoration,Thu,8:00 AM,9:00 PM,Eucharistic Adoration,specific_weekday,English,"820 E. Main Street, US11  Abingdon VA 24210",,,,,Exit 19 off I 81
St. Mary- Divine Redeemer Parish,"444 Glenfield Rd, Sewickley, Pennsylvania 15143",(412) 741-6650,Mass,Mon,9:00 AM,,Mass,specific_weekday,english,St. Mary's Church,,,,,
St. Mary- Divine Redeemer Parish,"444 Glenfield Rd, Sewickley, Pennsylvania 15143",(412) 741-6650,Mass,Tue,6:45 AM,,Mass,specific_weekday,english,St. Mary Church,,,,,
St. Mary- Divine Redeemer Parish,"444 Glenfield Rd, Sewickley, Pennsylvania 15143",(412) 741-6650,Mass,Wed,9:00 AM,,Mass,specific_weekday,english,St. Mary's Church,,,,,
St. Mary- Divine Redeemer Parish,"444 Glenfield Rd, Sewickley, Pennsylvania 15143",(412) 741-6650,Mass,Thu,6:45 AM,,Mass,specific_weekday,english,St. Mary Church,,,,,
St. Mary- Divine Redeemer Parish,"444 Glenfield Rd, Sewickley, Pennsylvania 15143",(412) 741-6650,Mass,Fri,9:00 AM,,Mass,specific_weekday,english,St. Mary's Church,,,,,
St. Mary- Divine Redeemer Parish,"444 Glenfield Rd, Sewickley, Pennsylvania 15143",(412) 741-6650,Mass,Sat,5:00 PM,,Mass,saturday,english,St. Mary's Church,,,,,vigil
St. Mary- Divine Redeemer Parish,"444 Glenfield Rd, Sewickley, Pennsylvania 15143",(412) 741-6650,Mass,Sun,9:30 AM,,Mass,sunday,english,St. Mary's Church,,,,,
St. Mary- Divine Redeemer Parish,"444 Glenfield Rd, Sewickley, Pennsylvania 15143",(412) 741-6650,Confession,Sat,4:00 PM,,Confession,saturday,English,St. Mary Church,,,,,
St. Mary- Divine Redeemer Parish,"444 Glenfield Rd, Sewickley, Pennsylvania 15143",(412) 741-6650,Adoration,Wed,8:00 AM,9:00 AM,Adoration,specific_weekday,English,Saint Mary Church,,,,,exposition
St. Mary-Corpus Christi Parish,"10 St Mary's Ln, Cecil, Pennsylvania 15321",(412) 221-1560,Mass,Tue,7:00 AM,,Mass,specific_weekday,english,St Mary,,,,,
St. Mary-Corpus Christi Parish,"10 St Mary's Ln, Cecil, Pennsylvania 15321",(412) 221-1560,Mass,Thu,7:00 AM,,Mass,specific_weekday,english,St Mary,,,,,
St. Mary-Corpus Christi Parish,"10 St Mary's Ln, Cecil, Pennsylvania 15321",(412) 221-1560,Mass,Sat,4:00 PM,,Mass,saturday,english,St Mary,,,,,vigil
St. Mary-Corpus Christi Parish,"10 St Mary's Ln, Cecil, Pennsylvania 15321",(412) 221-1560,Mass,Sat,7:00 AM,,Mass,specific_weekday,english,St Mary,,,,,
St. Mary-Corpus Christi Parish,"10 St Mary's Ln, Cecil, Pennsylvania 15321",(412) 221-1560,Mass,Sun,10:00 AM,,Mass,sunday,english,St Mary,,,,,
St. Mary-Corpus Christi Parish,"10 St Mary's Ln, Cecil, Pennsylvania 15321",(412) 221-1560,Mass,,7:00 AM,,Morning Mass,special_event,English,Saint Mary Church,,2026-02-17,,,Morning Mass
St. Mary-Corpus Christi Parish,"10 St Mary's Ln, Cecil, Pennsylvania 15321",(412) 221-1560,Confession,Sat,11:30 AM,12:30 PM,Confession,saturday,English,St Mary Church,,,,,
St. Mary-Corpus Christi Parish,"10 St Mary's Ln, Cecil, Pennsylvania 15321",(412) 221-1560,Devotions,,6:30 AM,,Rosary,special_event,English,St Mary Church,,2026-02-17,,,Rosary said before mass
St. Matthew,"400 Kaiser Ave, Ravenswood, West Virginia 26164",(304) 273-2175,Mass,Tue,9:00 AM,,Mass,specific_weekday,English,St. Matthew Catholic Church,,,,,
St. Matthew,"400 Kaiser Ave, Ravenswood, West Virginia 26164",(304) 273-2175,Mass,Wed,9:00 AM,,Mass,specific_weekday,English,St. Matthew Catholic Church,,,,,
St. Matthew,"400 Kaiser Ave, Ravenswood, West Virginia 26164",(304) 273-2175,Mass,Thu,9:00 AM,,Mass,specific_weekday,English,St. Matthew Catholic Church,,,,,
St. Matthew,"400 Kaiser Ave, Ravenswood, West Virginia 26164",(304) 273-2175,Mass,Fri,9:00 AM,,Mass,specific_weekday,English,St. Matthew Catholic Church,,,,,
St. Matthew,"400 Kaiser Ave, Ravenswood, West Virginia 26164",(304) 273-2175,Mass,Sat,5:30 PM,,Mass,saturday,English,St. Matthew Catholic Church,,,,,vigil
St. Matthew,"400 Kaiser Ave, Ravenswood, West Virginia 26164",(304) 273-2175,Mass,Sun,9:00 AM,,Mass,sunday,English,St. Matthew Catholic Church,,,,,
St. Matthew,"400 Kaiser Ave, Ravenswood, West Virginia 26164",(304) 273-2175,Confession,Sat,4:30 PM,5:15 PM,Confession,saturday,English,St. Matthew Catholic Church,,,,,1 hour prior to Mass
St. Matthew,"400 Kaiser Ave, Ravenswood, West Virginia 26164",(304) 273-2175,Confession,,TBD,,Confession,specific_weekday,English,,,,,,Any day 15 min. prior to Mass; or by appointment
St. Matthew,"400 Kaiser Ave, Ravenswood, West Virginia 26164",(304) 273-2175,Adoration,Thu,8:30 AM,,Adoration,specific_weekday,English,St. Matthew Catholic Church,,,,,exposition
St. Matthew,"400 Kaiser Ave, Ravenswood, West Virginia 26164",(304) 273-2175,Adoration,,TBD,,Adoration,monthly,English,St. Matthew Catholic Church,first_friday_(recurring),,,,check bulletin; exposition
St. Michael,"1225 National Rd, Wheeling, West Virginia 26003",(304) 242-1560,Mass,Mon,5:30 PM,,Mass,specific_weekday,English,,,,,,
St. Michael,"1225 National Rd, Wheeling, West Virginia 26003",(304) 242-1560,Mass,Mon,7:30 AM,,Mass,weekday,English,,,,,,
St. Michael,"55th St and Grand Central Ave, Vienna, West Virginia 26105-2007",(304) 295-6109,Mass,Mon,8:15 AM,,Mass,specific_weekday,English,St. Michael Parish,,,,,
St. Michael,"55th St and Grand Central Ave, Vienna, West Virginia 26105-2007",(304) 295-6109,Mass,Tue,7:00 PM,,Mass,specific_weekday,English,St. Michael Parish,,,,,
St. Michael,"1225 National Rd, Wheeling, West Virginia 26003",(304) 242-1560,Mass,Tue,7:30 AM,,Mass,weekday,English,,,,,,
St. Michael,"44 E Main St, Frostburg, Maryland 21532",(301) 689-6767,Mass,Tue,8:30 AM,,Mass,specific_weekday,English,"St. Michael, Frostburg",,,,,
St. Michael,"1225 National Rd, Wheeling, West Virginia 26003",(304) 242-1560,Mass,Wed,5:30 PM,,Mass,specific_weekday,English,,,,,,
St. Michael,"1225 National Rd, Wheeling, West Virginia 26003",(304) 242-1560,Mass,Wed,7:30 AM,,Mass,weekday,English,,,,,,
St. Michael,"97 Highland Ave, Avella, Pennsylvania 15312",(724) 695-7325,Mass,Wed,8:00 AM,,Mass,specific_weekday,english,St. Michael,,,,,
St. Michael,"55th St and Grand Central Ave, Vienna, West Virginia 26105-2007",(304) 295-6109,Mass,Wed,8:15 AM,,Mass,specific_weekday,English,St. Michael Parish,,,,,
St. Michael,"55th St and Grand Central Ave, Vienna, West Virginia 26105-2007",(304) 295-6109,Mass,Thu,7:00 PM,,Mass,specific_weekday,English,St. Michael Parish,,,,,
St. Michael,"1225 National Rd, Wheeling, West Virginia 26003",(304) 242-1560,Mass,Thu,7:30 AM,,Mass,weekday,English,,,,,,
St. Michael,"44 E Main St, Frostburg, Maryland 21532",(301) 689-6767,Mass,Thu,8:30 AM,,Mass,specific_weekday,English,"St. Michael, Frostburg",,,,,
St. Michael,"1225 National Rd, Wheeling, West Virginia 26003",(304) 242-1560,Mass,Fri,7:30 AM,,Mass,weekday,English,,,,,,
St. Michael,"55th St and Grand Central Ave, Vienna, West Virginia 26105-2007",(304) 295-6109,Mass,Fri,8:15 AM,,Mass,specific_weekday,English,St. Michael Parish,,,,,
St. Michael,"1225 National Rd, Wheeling, West Virginia 26003",(304) 242-1560,Mass,Sat,4:30 PM,,Mass,saturday,English,,,,,,
St. Michael,"44 E Main St, Frostburg, Maryland 21532",(301) 689-6767,Mass,Sat,5:00 PM,,Mass,saturday,English,"St. Michael, Frostburg",,,,,vigil
St. Michael,"55th St and Grand Central Ave, Vienna, West Virginia 26105-2007",(304) 295-6109,Mass,Sat,5:00 PM,,Mass,saturday,English,St. Michael Parish,,,,,vigil
St. Michael,"1225 National Rd, Wheeling, West Virginia 26003",(304) 242-1560,Mass,Sat,7:30 AM,,Mass,saturday,English,,,,,,
St. Michael,"44935 Carlisle Rd, Caldwell, Ohio 43724",(740) 732-4129,Mass,Sun,10:30 AM,,Mass,sunday,English,St. Michael,,,,,
St. Michael,"31 S Martin St, Clear Spring, Maryland 21722",13017390390,Mass,Sun,10:30 AM,,Mass,sunday,English,St. Michael,,,,,Clear Spring
St. Michael,"31 S Martin St, Clear Spring, Maryland 21722",(301) 739-0390,Mass,Sun,10:30 AM,,Mass,sunday,English,St. Michael,,,,,Clear Spring
St. Michael,"97 Highland Ave, Avella, Pennsylvania 15312",(724) 695-7325,Mass,Sun,11:00 AM,,Mass,sunday,english,St. Michael,,,,,
St. Michael,"55th St and Grand Central Ave, Vienna, West Virginia 26105-2007",(304) 295-6109,Mass,Sun,11:30 AM,,Mass,sunday,English,St. Michael Parish,,,,,
St. Michael,"1225 National Rd, Wheeling, West Virginia 26003",(304) 242-1560,Mass,Sun,11:30 AM,,Mass,sunday,English,,,,,,
St. Michael,"44 E Main St, Frostburg, Maryland 21532",(301) 689-6767,Mass,Sun,12:00 PM,,Mass,sunday,English,"St. Michael, Frostburg",,,,,
St. Michael,"1225 National Rd, Wheeling, West Virginia 26003",(304) 242-1560,Mass,Sun,6:30 PM,,Mass,sunday,English,,,,,,
St. Michael,"1225 National Rd, Wheeling, West Virginia 26003",(304) 242-1560,Mass,Sun,7:30 AM,,Mass,sunday,English,,,,,,
St. Michael,"44 E Main St, Frostburg, Maryland 21532",(301) 689-6767,Mass,Sun,8:00 AM,,Mass,sunday,English,"St. Michael, Frostburg",,,,,
St. Michael,"55th St and Grand Central Ave, Vienna, West Virginia 26105-2007",(304) 295-6109,Mass,Sun,9:00 AM,,Mass,sunday,English,St. Michael Parish,,,,,
St. Michael,"1225 National Rd, Wheeling, West Virginia 26003",(304) 242-1560,Mass,Sun,9:00 AM,,Mass,sunday,English,,,,,,
St. Michael,"1225 National Rd, Wheeling, West Virginia 26003",(304) 242-1560,Mass,,12:00 PM,,Ash Wednesday Masses,special_event,English,,,2026-02-18,,,Ash Wednesday Masses
St. Michael,"1225 National Rd, Wheeling, West Virginia 26003",(304) 242-1560,Mass,,7:00 PM,,Ash Wednesday Masses,special_event,English,,,2026-02-18,,,Ash Wednesday Masses
St. Michael,"1225 National Rd, Wheeling, West Virginia 26003",(304) 242-1560,Mass,,7:30 AM,,Ash Wednesday Masses,special_event,English,,,2026-02-18,,,Ash Wednesday Masses
St. Michael,"1225 National Rd, Wheeling, West Virginia 26003",(304) 242-1560,Mass,,8:45 AM,,Ash Wednesday Masses,special_event,English,,,2026-02-18,,,Ash Wednesday Masses
St. Michael,"1225 National Rd, Wheeling, West Virginia 26003",(304) 242-1560,Confession,Sat,3:00 PM,4:00 PM,Confession,saturday,English,,,,,,
St. Michael,"44 E Main St, Frostburg, Maryland 21532",(301) 689-6767,Confession,Sat,4:00 PM,4:45 PM,Sacrament of Reconciliation,saturday,English,"St. Michael, Frostburg",,,,,other times available by appointment
St. Michael,"55th St and Grand Central Ave, Vienna, West Virginia 26105-2007",(304) 295-6109,Confession,Sat,4:00 PM,,Confessions,saturday,English,St. Michael Parish,,,,,
St. Michael,"44935 Carlisle Rd, Caldwell, Ohio 43724",(740) 732-4129,Confession,Sun,10:10 AM,10:20 AM,Sacrament of Confession,sunday,English,St. Michael,,,,,
St. Michael,"1225 National Rd, Wheeling, West Virginia 26003",(304) 242-1560,Confession,,8:00 AM,,Confession,monthly,English,,first_saturday_(recurring),,,,
St. Michael,"97 Highland Ave, Avella, Pennsylvania 15312",(724) 695-7325,Confession,,TBD,,Confessions,other,English,,,,,,by appointment
St. Michael,"31 S Martin St, Clear Spring, Maryland 21722",13017390390,Confession,,TBD,,Confessions,other,English,,,,before,Mass,before each Mass
St. Michael,"31 S Martin St, Clear Spring, Maryland 21722",(301) 739-0390,Confession,,TBD,,Confessions,other,English,,,,before,Mass,before each Mass
St. Michael,"44 E Main St, Frostburg, Maryland 21532",(301) 689-6767,Adoration,Tue,8:00 AM,,Adoration,specific_weekday,English,"St. Michael, Frostburg",,,,,exposition
St. Michael,"44 E Main St, Frostburg, Maryland 21532",(301) 689-6767,Adoration,Wed,6:00 PM,,Adoration,specific_weekday,English,"St. Michael, Frostburg",,,,,exposition
St. Michael,"44 E Main St, Frostburg, Maryland 21532",(301) 689-6767,Adoration,Thu,8:00 AM,,Adoration,specific_weekday,English,"St. Michael, Frostburg",,,,,exposition
St. Michael (Ruthenian),"166 E College St, Canonsburg, Pennsylvania 15317",(724) 745-7117,Mass,Sun,9:00 AM,,Divine Liturgy,sunday,English,"Holy Ghost Church, McKees Rocks, Pa.",,,,,livestream
St. Michael Catholic Church,"44 E Main St, Frostburg, MD 21532",+1-301-689-6767,Mass,Tue,8:30 AM,,Mass,specific_weekday,English,"St. Michael, Frostburg",,,,,
St. Michael Catholic Church,"44 E Main St, Frostburg, MD 21532",+1-301-689-6767,Mass,Thu,8:30 AM,,Mass,specific_weekday,English,"St. Michael, Frostburg",,,,,
St. Michael Catholic Church,"44 E Main St, Frostburg, MD 21532",+1-301-689-6767,Mass,Sat,5:00 PM,,Mass,saturday,English,"St. Michael, Frostburg",,,,,vigil
St. Michael Catholic Church,"44 E Main St, Frostburg, MD 21532",+1-301-689-6767,Mass,Sun,12:00 PM,,Mass,sunday,English,"St. Michael, Frostburg",,,,,
St. Michael Catholic Church,"44 E Main St, Frostburg, MD 21532",+1-301-689-6767,Mass,Sun,8:00 AM,,Mass,sunday,English,"St. Michael, Frostburg",,,,,
St. Michael Catholic Church,"44 E Main St, Frostburg, MD 21532",+1-301-689-6767,Confession,Sat,4:00 PM,4:45 PM,Sacrament of Reconciliation,saturday,English,"St. Michael, Frostburg",,,,,note: other times available by appointment
St. Michael Catholic Church,"44 E Main St, Frostburg, MD 21532",+1-301-689-6767,Adoration,Tue,8:00 AM,,Adoration,specific_weekday,English,"St. Michael, Frostburg",,,,,exposition
St. Michael Catholic Church,"44 E Main St, Frostburg, MD 21532",+1-301-689-6767,Adoration,Wed,6:00 PM,,Adoration,specific_weekday,English,"St. Michael, Frostburg",,,,,exposition
St. Michael Catholic Church,"44 E Main St, Frostburg, MD 21532",+1-301-689-6767,Adoration,Thu,8:00 AM,,Adoration,specific_weekday,English,"St. Michael, Frostburg",,,,,exposition
St. Monica,"1942 Harris Hwy, Lubeck, West Virginia 26181",(304) 422-6786,Mass,Mon,12:10 PM,,Mass,specific_weekday,English,,,,,,livestream
St. Monica,"116 Thorndale Dr, Beaver Falls, Pennsylvania 15010",(724) 846-7540,Mass,Mon,9:00 AM,,Mass,weekday,english,St. Monica,,,,,
St. Monica,"1942 Harris Hwy, Lubeck, West Virginia 26181",(304) 422-6786,Mass,Tue,8:00 AM,,Mass,specific_weekday,English,,,,,,livestream
St. Monica,"116 Thorndale Dr, Beaver Falls, Pennsylvania 15010",(724) 846-7540,Mass,Tue,9:00 AM,,Mass,weekday,english,St. Monica,,,,,
St. Monica,"1942 Harris Hwy, Lubeck, West Virginia 26181",(304) 422-6786,Mass,Wed,7:00 PM,,Mass,specific_weekday,English,,,,,,livestream
St. Monica,"116 Thorndale Dr, Beaver Falls, Pennsylvania 15010",(724) 846-7540,Mass,Wed,9:00 AM,,Mass,weekday,english,St. Monica,,,,,
St. Monica,"1942 Harris Hwy, Lubeck, West Virginia 26181",(304) 422-6786,Mass,Thu,8:00 AM,,Mass,specific_weekday,English,,,,,,livestream
St. Monica,"116 Thorndale Dr, Beaver Falls, Pennsylvania 15010",(724) 846-7540,Mass,Thu,9:00 AM,,Mass,weekday,english,St. Monica,,,,,
St. Monica,"1942 Harris Hwy, Lubeck, West Virginia 26181",(304) 422-6786,Mass,Fri,12:10 PM,,Mass,specific_weekday,English,,,,,,livestream
St. Monica,"116 Thorndale Dr, Beaver Falls, Pennsylvania 15010",(724) 846-7540,Mass,Fri,9:00 AM,,Mass,weekday,english,St. Monica,,,,,
St. Monica,"116 Thorndale Dr, Beaver Falls, Pennsylvania 15010",(724) 846-7540,Mass,Sat,4:00 PM,,Mass,saturday,english,St. Monica,,,,,vigil
St. Monica,"1942 Harris Hwy, Lubeck, West Virginia 26181",(304) 422-6786,Mass,Sat,5:00 PM,,Vigil Mass,saturday,English,,,,,,vigil; livestream
St. Monica,"1942 Harris Hwy, Lubeck, West Virginia 26181",(304) 422-6786,Mass,Sun,10:30 AM,,Mass,sunday,English,,,,,,livestream
St. Monica,"116 Thorndale Dr, Beaver Falls, Pennsylvania 15010",(724) 846-7540,Mass,Sun,11:00 AM,,Mass,sunday,english,St. Monica,,,,,
St. Monica,"1942 Harris Hwy, Lubeck, West Virginia 26181",(304) 422-6786,Mass,Sun,5:00 PM,,Mass,sunday,English,,,,,,livestream
St. Monica,"116 Thorndale Dr, Beaver Falls, Pennsylvania 15010",(724) 846-7540,Mass,Sun,7:30 AM,,Mass,sunday,english,St. Monica,,,,,
St. Monica,"116 Thorndale Dr, Beaver Falls, Pennsylvania 15010",(724) 846-7540,Mass,Sun,9:00 AM,,Mass,sunday,english,St. Monica,,,,,
St. Monica,"116 Thorndale Dr, Beaver Falls, Pennsylvania 15010",(724) 846-7540,Mass,,7:00 PM,,Mass with Ashes,special_event,english,Both Churches,,2026-02-18,,,Mass with Ashes
St. Monica,"116 Thorndale Dr, Beaver Falls, Pennsylvania 15010",(724) 846-7540,Mass,,9:00 AM,,Mass with Ashes,special_event,english,St. Monica,,2026-02-18,,,Mass with Ashes
St. Monica,"116 Thorndale Dr, Beaver Falls, Pennsylvania 15010",(724) 846-7540,Confession,Tue,7:00 PM,8:00 PM,Confession,specific_weekday,english,St. Monica,,,,,
St. Monica,"116 Thorndale Dr, Beaver Falls, Pennsylvania 15010",(724) 846-7540,Confession,Sat,5:00 PM,,Confession,saturday,english,St. Monica,,,,,
St. Monica,"116 Thorndale Dr, Beaver Falls, Pennsylvania 15010",(724) 846-7540,Confession,,11:15 AM,,Confession,monthly,english,,second_sunday,,,,2nd
St. Monica,"116 Thorndale Dr, Beaver Falls, Pennsylvania 15010",(724) 846-7540,Confession,,TBD,,Confessions,other,English,St. Monica,,,after,Mass,after Mass
St. Monica,"116 Thorndale Dr, Beaver Falls, Pennsylvania 15010",(724) 846-7540,Devotions,Mon,9:30 AM,,Rosary Cenacle,specific_weekday,English,St. Monica,,,,,note: after Mass
St. Monica,"1942 Harris Hwy, Lubeck, West Virginia 26181",(304) 422-6786,Education,Sun,12:30 PM,2:00 PM,Youth Group,other,English,,,,,,youth; family
St. Monica,"116 Thorndale Dr, Beaver Falls, Pennsylvania 15010",(724) 846-7540,Other,,12:00 PM,,ASHES ONLY,special_event,english,Both churches,,2026-02-18,,,ASHES ONLY
St. Monica,"116 Thorndale Dr, Beaver Falls, Pennsylvania 15010",(724) 846-7540,Other,,5:00 PM,,ASHES ONLY,special_event,english,St. Monica,,2026-02-18,,,ASHES ONLY
St. Monica,"116 Thorndale Dr, Beaver Falls, Pennsylvania 15010",(724) 846-7540,Other,,6:00 PM,8:00 PM,Wednesday Worship,parish_event,English,,,2026-02-25,,,Adoration; & Mass!
St. Monica,"116 Thorndale Dr, Beaver Falls, Pennsylvania 15010",(724) 846-7540,Other,,6:00 PM,8:00 PM,Wednesday Worship,parish_event,English,,,2026-03-04,,,Adoration; & Mass!
St. Monica,"1942 Harris Hwy, Lubeck, West Virginia 26181",(304) 422-6786,Other,,7:00 PM,9:00 PM,Young Adults,monthly,English,,first_saturday,,,,"1st , 3rd"
St. Monica,"116 Thorndale Dr, Beaver Falls, Pennsylvania 15010",(724) 846-7540,Other,,TBD,,Fr. Schreck Teaching Series,parish_event,English,,,,,,"""Seek the Living God"": 2026-02- 19:00; ""Seek the Living God"": 2026-03- 19:00"
St. Nicholas (Ruthenian),"5400 Tuscarawas Rd, Beaver, Pennsylvania 15009-9513",(724) 321-7550,Mass,Sat,5:00 PM,,Divine Liturgy,saturday,English,Saint Nicholas Chapel,,,,,note recurring Beginning 10/12/2024
St. Nicholas (Ruthenian),"5400 Tuscarawas Rd, Beaver, Pennsylvania 15009-9513",(724) 321-7550,Other,,TBD,,GCU Admitted States,special_event,English,,,2025-08-07,,,GCU Admitted States; check bulletin
St. Patrick,"317 W Pike St, Canonsburg, Pennsylvania 15317",(724) 745-6560,Mass,Mon,7:00 AM,,Mass,specific_weekday,english,St. Patrick,,,,,
St. Patrick,"7322 Noblestown Rd, Oakdale, Pennsylvania 15071",(724) 695-7325,Mass,Mon,8:00 AM,,Mass,weekday,english,St. Patrick,,,,,
St. Patrick,"7322 Noblestown Rd, Oakdale, Pennsylvania 15071",(724) 695-7325,Mass,Mon,8:00 AM,,Mass,specific_weekday,english,St. Patrick,,,,,
St. Patrick,"210 Center Ave, Weston, West Virginia 26452-2029",(304) 269-3048,Mass,Mon,8:15 AM,,Mass,specific_weekday,English,,,,,,chapel
St. Patrick,"200 Church St, Coalton, West Virginia 26257",304.269.3048,Mass,Mon,9:30 AM,,Mass,specific_weekday,English,Saint Brendan Catholic Church,,,,,
St. Patrick,"210 Center Ave, Weston, West Virginia 26452-2029",(304) 269-3048,Mass,Tue,5:50 PM,,Mass,specific_weekday,English,,,,,,chapel; Immediately after adoration
St. Patrick,"7322 Noblestown Rd, Oakdale, Pennsylvania 15071",(724) 695-7325,Mass,Tue,8:00 AM,,Mass,weekday,english,St. Patrick,,,,,
St. Patrick,"317 W Pike St, Canonsburg, Pennsylvania 15317",(724) 745-6560,Mass,Wed,12:15 PM,,Mass,specific_weekday,english,St. Patrick,,,,,
St. Patrick,"210 Center Ave, Weston, West Virginia 26452-2029",(304) 269-3048,Mass,Wed,5:50 PM,,Mass,specific_weekday,English,,,,,,chapel; Immediately after adoration
St. Patrick,"309 2nd Ave.(At Temple St.), Hinton, West Virginia 25951",304-466-3966,Mass,Wed,6:00 PM,,Mass,specific_weekday,English,"St. Patrick, Hinton",,,,,
St. Patrick,"7322 Noblestown Rd, Oakdale, Pennsylvania 15071",(724) 695-7325,Mass,Wed,8:00 AM,,Mass,weekday,english,St. Patrick,,,,,
St. Patrick,"200 Church St, Coalton, West Virginia 26257",304.269.3048,Mass,Wed,9:30 AM,,Mass,specific_weekday,English,Saint Brendan Catholic Church,,,,,
St. Patrick,"7322 Noblestown Rd, Oakdale, Pennsylvania 15071",(724) 695-7325,Mass,Thu,8:00 AM,,Mass,weekday,english,St. Patrick,,,,,
St. Patrick,"210 Center Ave, Weston, West Virginia 26452-2029",(304) 269-3048,Mass,Thu,8:15 AM,,Mass,specific_weekday,English,,,,,,chapel
St. Patrick,"167 W Main St, Leetonia, Ohio 44413",(330) 482-2351,Mass,Thu,8:30 AM,,Mass,specific_weekday,english,Saint Patrick Church,,,,,
St. Patrick,"200 Church St, Coalton, West Virginia 26257",304.269.3048,Mass,Thu,9:30 AM,,Mass,specific_weekday,English,Saint Brendan Catholic Church,,,,,
St. Patrick,"309 2nd Ave.(At Temple St.), Hinton, West Virginia 25951",304-466-3966,Mass,Fri,8:00 AM,,Mass,specific_weekday,English,"St. Patrick, Hinton",,,,,
St. Patrick,"7322 Noblestown Rd, Oakdale, Pennsylvania 15071",(724) 695-7325,Mass,Fri,8:00 AM,,Mass,weekday,english,St. Patrick,,,,,
St. Patrick,"210 Center Ave, Weston, West Virginia 26452-2029",(304) 269-3048,Mass,Fri,8:15 AM,,Mass,specific_weekday,English,,,,,,chapel; School Mass
St. Patrick,"200 Church St, Coalton, West Virginia 26257",304.269.3048,Mass,Fri,9:30 AM,,Mass,specific_weekday,English,Saint Brendan Catholic Church,,,,,
St. Patrick,"317 W Pike St, Canonsburg, Pennsylvania 15317",(724) 745-6560,Mass,Sat,4:30 PM,,Mass,saturday,english,St. Patrick,,,,,vigil
St. Patrick,"200 Church St, Coalton, West Virginia 26257",304.269.3048,Mass,Sat,5:00 PM,,Mass,saturday,English,Saint Brendan Catholic Church,,,,,
St. Patrick,"309 2nd Ave.(At Temple St.), Hinton, West Virginia 25951",304-466-3966,Mass,Sat,5:00 PM,,Mass,saturday,English,"St. Patrick, Hinton",,,,,vigil
St. Patrick,"12517 St Patrick Rd SE, Little Orleans, Maryland 21766",(301) 678-6339,Mass,Sat,5:00 PM,,Mass,saturday,English,"St. Patrick’s, Little Orleans",,,,,
St. Patrick,"210 Center Ave, Weston, West Virginia 26452-2029",(304) 269-3048,Mass,Sat,5:30 PM,,Mass,saturday,English,,,,,,chapel
St. Patrick,"317 W Pike St, Canonsburg, Pennsylvania 15317",(724) 745-6560,Mass,Sat,8:00 AM,,Mass,saturday,english,St. Patrick,,,,,
St. Patrick,"317 W Pike St, Canonsburg, Pennsylvania 15317",(724) 745-6560,Mass,Sun,10:30 AM,,Mass,sunday,english,St. Patrick,,,,,
St. Patrick,"210 Center Ave, Weston, West Virginia 26452-2029",(304) 269-3048,Mass,Sun,10:30 AM,,Mass,sunday,English,,,,,,chapel
St. Patrick,"200 Church St, Coalton, West Virginia 26257",304.269.3048,Mass,Sun,11:00 AM,,Mass,sunday,English,Saint Brendan Catholic Church,,,,,
St. Patrick,"317 W Pike St, Canonsburg, Pennsylvania 15317",(724) 745-6560,Mass,Sun,7:30 AM,,Mass,sunday,english,St. Patrick,,,,,
St. Patrick,"207 Jefferson St, Bancroft, West Virginia 25011",(304) 586-3485,Mass,Sun,8:00 AM,,Mass,sunday,English,"Saint Patrick, Bancroft, WV",,,,,
St. Patrick,"7322 Noblestown Rd, Oakdale, Pennsylvania 15071",(724) 695-7325,Mass,Sun,8:00 AM,,Mass,sunday,english,St. Patrick,,,,,
St. Patrick,"309 2nd Ave.(At Temple St.), Hinton, West Virginia 25951",304-466-3966,Mass,Sun,9:00 AM,,Mass,sunday,English,"St. Patrick, Hinton",,,,,
St. Patrick,"317 W Pike St, Canonsburg, Pennsylvania 15317",(724) 745-6560,Mass,,12:15 PM,,Mass,special_event,english,St Patrick,,2026-02-18,,,Mass
St. Patrick,"204 Furbee Ave, Mannington, West Virginia 26582-1399",(304) 986-2321,Mass,,12:57 PM,,Mass,special_event,English,Diocese of Wheeling-Charleston,,2026-01-23,,,Watch the Sunday Morning Mass; Watch the homily from this week’s Mass
St. Patrick,"12517 St Patrick Rd SE, Little Orleans, Maryland 21766",(301) 678-6339,Mass,,5:00 PM,,Confession: prior to 5pm Mass,special_event,English,St. Patrick,,2026-01-17,,,Confession: prior to 5pm Mass; upon request
St. Patrick,"204 Furbee Ave, Mannington, West Virginia 26582-1399",(304) 986-2321,Mass,,6:00 PM,,A Message from Bishop Mark Brennan Regarding Mass Attendance this Weekend,special_event,English,Diocese of Wheeling-Charleston,,2026-01-23,,,A Message from Bishop Mark Brennan Regarding Mass Attendance this Weekend; message about severe winter conditions and Mass obligation
St. Patrick,"317 W Pike St, Canonsburg, Pennsylvania 15317",(724) 745-6560,Mass,,7:00 AM,,Mass,special_event,english,St Patrick,,2026-02-18,,,Mass
St. Patrick,"12517 St Patrick Rd SE, Little Orleans, Maryland 21766",(301) 678-6339,Mass,,7:00 PM,,Mass,special_event,English,,,2026-01-12,,,Mass
St. Patrick,"12517 St Patrick Rd SE, Little Orleans, Maryland 21766",(301) 678-6339,Mass,,7:30 AM,,Mass,special_event,English,,,2026-01-13,,,Mass
St. Patrick,"12517 St Patrick Rd SE, Little Orleans, Maryland 21766",(301) 678-6339,Mass,,7:30 AM,,Mass,special_event,English,,,2026-01-15,,,Mass
St. Patrick,"7322 Noblestown Rd, Oakdale, Pennsylvania 15071",(724) 695-7325,Mass,,8:00 AM,,Mass,parish_event,English,,,,,,livestream
St. Patrick,"7322 Noblestown Rd, Oakdale, Pennsylvania 15071",(724) 695-7325,Mass,,8:00 AM,,Mass,parish_event,English,,,,,,livestream
St. Patrick,"7322 Noblestown Rd, Oakdale, Pennsylvania 15071",(724) 695-7325,Mass,,8:00 AM,,Mass,parish_event,English,,,,,,livestream
St. Patrick,"7322 Noblestown Rd, Oakdale, Pennsylvania 15071",(724) 695-7325,Mass,,8:00 AM,,Mass,parish_event,English,,,,,,livestream
St. Patrick,"12517 St Patrick Rd SE, Little Orleans, Maryland 21766",(301) 678-6339,Mass,,9:00 AM,,Mass,special_event,English,,,2026-01-16,,,Mass
St. Patrick,"7322 Noblestown Rd, Oakdale, Pennsylvania 15071",(724) 695-7325,Mass,,9:00 AM,,Mass,parish_event,English,,,,,,livestream
St. Patrick,"210 Center Ave, Weston, West Virginia 26452-2029",(304) 269-3048,Confession,Mon,TBD,,Reconciliation,other,English,,,,,,Upon Request; chapel
St. Patrick,"210 Center Ave, Weston, West Virginia 26452-2029",(304) 269-3048,Confession,Tue,5:00 PM,,Reconciliation,specific_weekday,English,,,,,,chapel
St. Patrick,"210 Center Ave, Weston, West Virginia 26452-2029",(304) 269-3048,Confession,Wed,5:00 PM,,Reconciliation,specific_weekday,English,,,,,,chapel
St. Patrick,"167 W Main St, Leetonia, Ohio 44413",(330) 482-2351,Confession,Thu,9:00 AM,,Confession,specific_weekday,English,Saint Patrick Church,,,,,
St. Patrick,"210 Center Ave, Weston, West Virginia 26452-2029",(304) 269-3048,Confession,Thu,TBD,,Reconciliation,other,English,,,,,,Upon Request; chapel
St. Patrick,"210 Center Ave, Weston, West Virginia 26452-2029",(304) 269-3048,Confession,Fri,TBD,,Reconciliation,other,English,,,,after,Mass,Immediately after Mass; chapel
St. Patrick,"200 Church St, Coalton, West Virginia 26257",304.269.3048,Confession,Sat,4:15 PM,4:45 PM,Confessions,specific_weekday,English,Saint Brendan Catholic Church,,,,,
St. Patrick,"210 Center Ave, Weston, West Virginia 26452-2029",(304) 269-3048,Confession,Sat,5:00 PM,,Reconciliation,saturday,English,,,,,,chapel
St. Patrick,"210 Center Ave, Weston, West Virginia 26452-2029",(304) 269-3048,Confession,Sun,10:00 AM,,Reconciliation,sunday,English,,,,,,chapel
St. Patrick,"7322 Noblestown Rd, Oakdale, Pennsylvania 15071",(724) 695-7325,Confession,,TBD,,Confessions,other,English,,,,,,by appointment
St. Patrick,"210 Center Ave, Weston, West Virginia 26452-2029",(304) 269-3048,Confession,,TBD,,Reconciliation,other,English,,,,,,Anytime upon request; chapel
St. Patrick,"210 Center Ave, Weston, West Virginia 26452-2029",(304) 269-3048,Adoration,Tue,5:00 PM,,Adoration,specific_weekday,English,,,,,,chapel
St. Patrick,"210 Center Ave, Weston, West Virginia 26452-2029",(304) 269-3048,Adoration,Wed,5:00 PM,,Adoration,specific_weekday,English,,,,,,chapel
St. Patrick,"12517 St Patrick Rd SE, Little Orleans, Maryland 21766",(301) 678-6339,Adoration,Thu,8:00 AM,8:00 PM,Adoration,specific_weekday,English,,,,,,
St. Patrick,"200 Church St, Coalton, West Virginia 26257",304.269.3048,Adoration,,5:00 PM,6:00 PM,Adoration,monthly,English,Holy Family Chapel,first_friday_(recurring),,,,exposition
St. Patrick,"207 Jefferson St, Bancroft, West Virginia 25011",(304) 586-3485,Other,Mon,7:30 AM,,Show,specific_weekday,English,,,,,,livestream
St. Patrick,"207 Jefferson St, Bancroft, West Virginia 25011",(304) 586-3485,Other,Tue,7:30 AM,,Show,specific_weekday,English,,,,,,livestream
St. Patrick,"207 Jefferson St, Bancroft, West Virginia 25011",(304) 586-3485,Other,Wed,7:30 AM,,Show,specific_weekday,English,,,,,,livestream
St. Patrick,"207 Jefferson St, Bancroft, West Virginia 25011",(304) 586-3485,Other,Thu,7:30 AM,,Show,specific_weekday,English,,,,,,livestream
St. Patrick,"207 Jefferson St, Bancroft, West Virginia 25011",(304) 586-3485,Other,Fri,7:30 AM,,Show,specific_weekday,English,,,,,,livestream
St. Patrick,"317 W Pike St, Canonsburg, Pennsylvania 15317",(724) 745-6560,Other,,4:00 PM,,St. Patrick Service,special_event,english,St. Patrick,,2026-02-18,,,St. Patrick Service
St. Paul,"140 Walnut St, Weirton, West Virginia 26062",(304) 748-6710,Mass,Tue,6:00 PM,,Holy Mass,specific_weekday,English,St. Paul Church,,,,,note: *Subject to change; check the weekly bulletin
St. Paul,"140 Walnut St, Weirton, West Virginia 26062",(304) 748-6710,Mass,Wed,9:30 AM,,Holy Mass,specific_weekday,English,St. Paul Church,,,,,note: w/ St. Paul School
St. Paul,"140 Walnut St, Weirton, West Virginia 26062",(304) 748-6710,Mass,Thu,8:00 AM,,Holy Mass,specific_weekday,English,St. Paul Church,,,,,
St. Paul,"140 Walnut St, Weirton, West Virginia 26062",(304) 748-6710,Mass,Fri,8:00 AM,,Holy Mass,specific_weekday,English,St. Paul Church,,,,,
St. Paul,"935 E State St, Salem, Ohio 44460",(330) 332-0336,Mass,Sat,4:30 PM,,Mass,saturday,English,St. Paul Church,,,,,
St. Paul,"140 Walnut St, Weirton, West Virginia 26062",(304) 748-6710,Mass,Sat,5:00 PM,,Holy Mass,saturday,English,St. Paul Church,,,,,vigil
St. Paul,"935 E State St, Salem, Ohio 44460",(330) 332-0336,Mass,Sun,11:00 AM,,Mass,sunday,English,St. Paul Church,,,,,
St. Paul,"140 Walnut St, Weirton, West Virginia 26062",(304) 748-6710,Mass,Sun,11:00 AM,,Holy Mass,sunday,English,St. Paul Church,,,,,
St. Paul,"935 E State St, Salem, Ohio 44460",(330) 332-0336,Mass,Sun,5:00 PM,,Mass,sunday,spanish,St. Paul Church,,,,,
St. Paul,"140 Walnut St, Weirton, West Virginia 26062",(304) 748-6710,Mass,Sun,6:00 PM,,Holy Mass,sunday,English,St. Paul Church,,,,,
St. Paul,"140 Walnut St, Weirton, West Virginia 26062",(304) 748-6710,Mass,Sun,8:30 AM,,Holy Mass,sunday,English,St. Paul Church,,,,,
St. Paul,"935 E State St, Salem, Ohio 44460",(330) 332-0336,Mass,,TBD,,Mass,specific_weekday,English,St. Paul Church,,,,,check bulletin; note: Weekday
St. Paul,"935 E State St, Salem, Ohio 44460",(330) 332-0336,Mass,,TBD,,Mass,parish_event,English,St. Paul Church,,,,,Holiday; check bulletin
St. Paul,"935 E State St, Salem, Ohio 44460",(330) 332-0336,Confession,Sat,3:30 PM,4:00 PM,Confessions,saturday,English,St. Paul Church,,,,,
St. Paul,"140 Walnut St, Weirton, West Virginia 26062",(304) 748-6710,Confession,Sat,4:15 PM,4:45 PM,Confession,saturday,English,St. Paul Church,,,,,
St. Paul,"935 E State St, Salem, Ohio 44460",(330) 332-0336,Confession,,TBD,,Confessions,parish_event,English,,,,,,Anytime on request
St. Paul,"140 Walnut St, Weirton, West Virginia 26062",(304) 748-6710,Adoration,Tue,6:00 PM,,Adoration,specific_weekday,English,St. Paul Church,,,,,note: follows 18:00 Mass
St. Paul,"140 Walnut St, Weirton, West Virginia 26062",(304) 748-6710,Adoration,,8:30 AM,1:30 PM,Adoration,monthly,English,St. Paul Church,first_friday_(recurring),,,,exposition
St. Paul the Apostle,"10143 Main St, New Middletown, Ohio 44442",(330) 542-3466,Mass,Tue,8:00 AM,,Mass,specific_weekday,english,,,,,,
St. Paul the Apostle,"10143 Main St, New Middletown, Ohio 44442",(330) 542-3466,Mass,Fri,8:00 AM,,Mass,specific_weekday,english,,,,,,
St. Paul the Apostle,"10143 Main St, New Middletown, Ohio 44442",(330) 542-3466,Mass,Sun,11:00 AM,,Mass,sunday,english,,,,,,
St. Paul the Apostle,"10143 Main St, New Middletown, Ohio 44442",(330) 542-3466,Confession,,9:00 AM,10:00 AM,Reconciliation,monthly,English,,saturday,,,,2nd and 4th of each month; available by appointment
St. Peter,"425 N 4th St, Steubenville, Ohio 43952",(740) 282-7612,Mass,Mon,8:00 AM,,Mass,weekday,english,,,,,,
St. Peter,"425 N 4th St, Steubenville, Ohio 43952",(740) 282-7612,Mass,Tue,8:00 AM,,Mass,weekday,english,,,,,,
St. Peter,"111 Virginia Ave, Welch, West Virginia 24801",(304) 436-2014,Mass,Wed,12:00 PM,,Mass,specific_weekday,English,"St. Peter Church, Welch",,,,,
St. Peter,"425 N 4th St, Steubenville, Ohio 43952",(740) 282-7612,Mass,Wed,5:15 PM,,Mass,specific_weekday,english,,,,,,
St. Peter,"425 N 4th St, Steubenville, Ohio 43952",(740) 282-7612,Mass,Wed,8:00 AM,,Mass,weekday,english,,,,,,
St. Peter,"127 Church St, Westernport, Maryland 21562",(301) 359-3055,Mass,Wed,8:30 AM,,Mass,specific_weekday,English,"St. Peter, Westernport",,,,,
St. Peter,"425 N 4th St, Steubenville, Ohio 43952",(740) 282-7612,Mass,Thu,8:00 AM,,Mass,weekday,english,,,,,,
St. Peter,"425 N 4th St, Steubenville, Ohio 43952",(740) 282-7612,Mass,Fri,8:00 AM,,Mass,weekday,english,,,,,,
St. Peter,"127 Church St, Westernport, Maryland 21562",(301) 359-3055,Mass,Fri,8:30 AM,,Mass,specific_weekday,English,"St. Peter, Westernport",,,,,
St. Peter,"425 N 4th St, Steubenville, Ohio 43952",(740) 282-7612,Mass,Sat,4:00 PM,,Mass,saturday,english,,,,,,vigil
St. Peter,"111 Virginia Ave, Welch, West Virginia 24801",(304) 436-2014,Mass,Sat,4:00 PM,,Mass,saturday,English,"St. Peter Church, Welch",,,,,
St. Peter,"127 Church St, Westernport, Maryland 21562",(301) 359-3055,Mass,Sat,4:00 PM,,Mass,saturday,English,"St. Peter, Westernport",,,,,vigil
St. Peter,"425 N 4th St, Steubenville, Ohio 43952",(740) 282-7612,Mass,Sat,8:00 AM,,Mass,saturday,english,,,,,,
St. Peter,"16 E High St, Hancock, Maryland 21750",(301) 678-6339,Mass,Sun,10:00 AM,,Mass,sunday,English,"St. Peter’s, Hancock",,,,,
St. Peter,"425 N 4th St, Steubenville, Ohio 43952",(740) 282-7612,Mass,Sun,10:00 AM,,Mass,sunday,english,,,,,,
St. Peter,"127 Church St, Westernport, Maryland 21562",(301) 359-3055,Mass,Sun,11:00 AM,,Mass,sunday,English,"St. Peter, Westernport",,,,,
St. Peter,"425 N 4th St, Steubenville, Ohio 43952",(740) 282-7612,Mass,Sun,12:00 PM,,Mass,sunday,english,,,,,,
St. Peter,"16 E High St, Hancock, Maryland 21750",(301) 678-6339,Mass,Sun,7:30 AM,,Mass,sunday,English,"St. Peter’s, Hancock",,,,,
St. Peter,"425 N 4th St, Steubenville, Ohio 43952",(740) 282-7612,Mass,Sun,8:00 AM,,Mass,sunday,english,,,,,,
St. Peter,"111 Virginia Ave, Welch, West Virginia 24801",(304) 436-2014,Mass,Sun,9:00 AM,,Mass,sunday,English,"St. Peter Church, Welch",,,,,
St. Peter,"110 Church St, Harpers Ferry, West Virginia 25425",(304) 725-5558,Mass,Sun,9:30 AM,,Mass,sunday,English,St. Peter's,,,,,
St. Peter,"16 E High St, Hancock, Maryland 21750",(301) 678-6339,Mass,,7:00 PM,,Mass,special_event,English,,,2026-01-12,,,Mass
St. Peter,"16 E High St, Hancock, Maryland 21750",(301) 678-6339,Mass,,7:30 AM,,Mass,special_event,English,,,2026-01-13,,,Mass
St. Peter,"16 E High St, Hancock, Maryland 21750",(301) 678-6339,Mass,,7:30 AM,,Mass,special_event,English,,,2026-01-15,,,Mass
St. Peter,"16 E High St, Hancock, Maryland 21750",(301) 678-6339,Mass,,9:00 AM,,Mass,special_event,English,,,2026-01-16,,,Mass
St. Peter,"425 N 4th St, Steubenville, Ohio 43952",(740) 282-7612,Confession,Wed,6:30 PM,7:30 PM,Confession,specific_weekday,English,,,,,,
St. Peter,"16 E High St, Hancock, Maryland 21750",(301) 678-6339,Confession,Fri,TBD,,Confessions,other,English,St. Peter,,,after,,after
St. Peter,"16 E High St, Hancock, Maryland 21750",(301) 678-6339,Confession,Sat,11:30 AM,12:00 PM,Confessions,saturday,English,St. Peter,,,,,
St. Peter,"425 N 4th St, Steubenville, Ohio 43952",(740) 282-7612,Confession,Sat,2:00 PM,3:30 PM,Confession,saturday,English,,,,,,
St. Peter,"127 Church St, Westernport, Maryland 21562",(301) 359-3055,Confession,Sat,3:00 PM,3:45 PM,Sacrament of Reconciliation,saturday,English,"St. Peter, Westernport",,,,,other times available by appointment
St. Peter,"16 E High St, Hancock, Maryland 21750",(301) 678-6339,Confession,Sun,10:00 AM,,Confessions,specific_weekday,English,St. Peter,,,,,before
St. Peter,"16 E High St, Hancock, Maryland 21750",(301) 678-6339,Confession,Sun,7:30 AM,,Confessions,specific_weekday,English,St. Peter,,,,,before
St. Peter,"127 Church St, Westernport, Maryland 21562",(301) 359-3055,Adoration,Wed,8:00 AM,,Adoration,specific_weekday,English,"St. Peter, Westernport",,,,,exposition
St. Peter,"127 Church St, Westernport, Maryland 21562",(301) 359-3055,Adoration,Fri,8:00 AM,,Adoration,specific_weekday,English,"St. Peter, Westernport",,,,,exposition
St. Peter,"110 Church St, Harpers Ferry, West Virginia 25425",(304) 725-5558,Adoration,,12:00 AM,11:59 PM,Eucharistic Adoration,daily,English,Adoration Chapel,,,,,
St. Peter,"425 N 4th St, Steubenville, Ohio 43952",(740) 282-7612,Adoration,,12:00 AM,11:59 PM,Adoration,daily,English,Adoration Chapel,,,,,exposition
St. Peter,"16 E High St, Hancock, Maryland 21750",(301) 678-6339,Adoration,,8:00 AM,8:00 PM,Adoration,special_event,English,,,2026-01-15,,,Adoration
St. Peter,"110 Church St, Harpers Ferry, West Virginia 25425",(304) 725-5558,Devotions,Wed,6:00 PM,,"Devotions, Evening Prayer, and Benediction",specific_weekday,English,Main Church,,,,,exposition; benediction
St. Peter,"425 N 4th St, Steubenville, Ohio 43952",(740) 282-7612,Devotions,Sun,9:30 AM,,Rosary,sunday,English,,,,,,note: for the intentions of our parish priests
St. Peter,"16 E High St, Hancock, Maryland 21750",(301) 678-6339,Other,Sun,1:00 PM,2:00 PM,Father Jack’s Radio Program- Semper Fi,other,English,,,,,,weekly; Sundays on 107.9 Berkeley Springs and 96.3 Hancock
St. Peter,"1304 Mill St, Farmington, West Virginia 26571",(304) 986-2321,Other,,TBD,,Events,special_event,English,,,2026-01-17,,,Events TIME_TBD; ends Jan 18
St. Peter,"1304 Mill St, Farmington, West Virginia 26571",(304) 986-2321,Other,,TBD,,Events,special_event,English,,,2026-01-31,,,Events TIME_TBD
St. Peter,"1304 Mill St, Farmington, West Virginia 26571",(304) 986-2321,Other,,TBD,,Events,special_event,English,,,2026-03-20,,,Events TIME_TBD; ends Mar 22
St. Peter,"1304 Mill St, Farmington, West Virginia 26571",(304) 986-2321,Other,,TBD,,Events,special_event,English,,,2026-05-08,,,Events TIME_TBD; ends May 10
St. Peter,"110 Church St, Harpers Ferry, West Virginia 25425",(304) 725-5558,Sacraments,,6:00 PM,7:00 PM,Baptism Class,monthly,English,,last_monday,,,,Last of every month; note: parents must attend
St. Peter,"110 Church St, Harpers Ferry, West Virginia 25425",(304) 725-5558,Sacraments,,TBD,,Anointing of the Sick,parish_event,English,,,,,,By appointment; note: call parish office 304-725-5558
St. Peter,"110 Church St, Harpers Ferry, West Virginia 25425",(304) 725-5558,Sacraments,,TBD,,Marriage Preparation,parish_event,English,,,,,,By appointment; note: meet with Ana Boné at least six months prior to desired date
St. Peter Claver,"828 15th St, Huntington, West Virginia 25701-2940",(304) 523-7311,Adoration,Thu,11:00 AM,12:00 PM,Adoration,specific_weekday,English,St. Peter Claver,,,,,exposition
St. Peter at the Lake Center,"1140 Mosser Rd, McHenry, Maryland 21541",301-334-2202,Mass,Sat,4:00 PM,,Mass,saturday,English,"St. Peter at the Lake Center, McHenry",,,,,
St. Peter at the Lake Center,"1140 Mosser Rd, McHenry, Maryland 21541",301-334-2202,Mass,,12:00 PM,,Ash Wednesday Mass,special_event,English,"St. Peter at the Lake, McHenry",,2026-02-18,,,Ash Wednesday Mass; followed by Adoration
St. Peter at the Lake Center,"1140 Mosser Rd, McHenry, Maryland 21541",301-334-2202,Adoration,,5:00 PM,,Adoration,parish_event,English,"St. Peter at the Lake, McHenry",,,,,during Lent: Feb 21; 28; Mar 7; 14; 21; note: after the 4 p.m. Mass; exposition
St. Peter at the Lake Center,"1140 Mosser Rd, McHenry, Maryland 21541",301-334-2202,Devotions,,7:30 PM,,Rosary,parish_event,English,,,,,,Daily; check bulletin
St. Peter at the Lake Center,"1140 Mosser Rd, McHenry, Maryland 21541",301-334-2202,Devotions,,7:50 PM,,Benediction,parish_event,English,,,,,,Daily; check bulletin; benediction
St. Peter the Apostle,"208 S Fourth St, Oakland, Maryland 21550",(301) 334-2202,Mass,Mon,12:00 PM,,Mass,specific_weekday,English,"St. Peter the Apostle Church, Oakland",,,,,note: or Communion Service
St. Peter the Apostle,"208 S Fourth St, Oakland, Maryland 21550",(301) 334-2202,Mass,Tue,12:00 PM,,Mass,specific_weekday,English,"St. Peter the Apostle Church, Oakland",,,,,note: or Communion Service
St. Peter the Apostle,"208 S Fourth St, Oakland, Maryland 21550",(301) 334-2202,Mass,Wed,12:00 PM,,Mass,specific_weekday,English,"St. Peter the Apostle Church, Oakland",,,,,note: or Communion Service
St. Peter the Apostle,"208 S Fourth St, Oakland, Maryland 21550",(301) 334-2202,Mass,Thu,12:00 PM,,Mass,specific_weekday,English,"St. Peter the Apostle Church, Oakland",,,,,note: or Communion Service
St. Peter the Apostle,"208 S Fourth St, Oakland, Maryland 21550",(301) 334-2202,Mass,Sun,9:00 AM,,Mass,sunday,English,"St. Peter the Apostle Church, Oakland",,,,,
St. Peter the Apostle,"208 S Fourth St, Oakland, Maryland 21550",(301) 334-2202,Mass,,8:00 AM,,Ash Wednesday Mass,special_event,English,"St. Peter the Apostle Church, Oakland",,2026-02-18,,,Ash Wednesday Mass
St. Peter the Apostle,"208 S Fourth St, Oakland, Maryland 21550",(301) 334-2202,Confession,Wed,12:30 PM,,Confessions,specific_weekday,English,"St. Peter the Apostle Church, Oakland",,,,,note: after the noon Mass
St. Peter the Apostle,"208 S Fourth St, Oakland, Maryland 21550",(301) 334-2202,Adoration,Mon,12:30 PM,1:30 PM,Adoration,specific_weekday,English,"St. Peter the Apostle Church, Oakland",,,,,exposition
St. Peter the Apostle,"208 S Fourth St, Oakland, Maryland 21550",(301) 334-2202,Adoration,Tue,12:30 PM,1:30 PM,Adoration,specific_weekday,English,"St. Peter the Apostle Church, Oakland",,,,,exposition
St. Peter the Apostle,"208 S Fourth St, Oakland, Maryland 21550",(301) 334-2202,Adoration,Wed,12:30 PM,1:30 PM,Adoration,specific_weekday,English,"St. Peter the Apostle Church, Oakland",,,,,exposition
St. Peter the Apostle,"208 S Fourth St, Oakland, Maryland 21550",(301) 334-2202,Adoration,Thu,12:30 PM,1:30 PM,Adoration,specific_weekday,English,"St. Peter the Apostle Church, Oakland",,,,,exposition
St. Peter the Apostle,"208 S Fourth St, Oakland, Maryland 21550",(301) 334-2202,Adoration,,10:00 AM,11:00 AM,Adoration,monthly,English,"St. Peter the Apostle Church, Oakland",first_sunday,,,,First; exposition
St. Peter the Apostle,"208 S Fourth St, Oakland, Maryland 21550",(301) 334-2202,Devotions,,7:30 PM,,Rosary,parish_event,English,"St. Peter the Apostle Church, Oakland",,,,,Daily
St. Peter the Apostle,"208 S Fourth St, Oakland, Maryland 21550",(301) 334-2202,Devotions,,7:50 PM,,Benediction,parish_event,English,"St. Peter the Apostle Church, Oakland",,,,,Daily; benediction
St. Peter the Fisherman,"407 Jackson St, Fairmont, West Virginia 26554",(304) 363-7434,Mass,Tue,8:15 AM,,Mass,specific_weekday,english,,,,,,note: regular 08:15 Mass is cancelled if there is a Funeral Mass
St. Peter the Fisherman,"407 Jackson St, Fairmont, West Virginia 26554",(304) 363-7434,Mass,Wed,8:15 AM,,Mass,specific_weekday,english,,,,,,note: regular 08:15 Mass is cancelled if there is a Funeral Mass
St. Peter the Fisherman,"407 Jackson St, Fairmont, West Virginia 26554",(304) 363-7434,Mass,Thu,8:15 AM,,Mass,specific_weekday,english,,,,,,note: regular 08:15 Mass is cancelled if there is a Funeral Mass
St. Peter the Fisherman,"407 Jackson St, Fairmont, West Virginia 26554",(304) 363-7434,Mass,Fri,8:15 AM,,Mass,specific_weekday,english,,,,,,note: regular 08:15 Mass is cancelled if there is a Funeral Mass
St. Peter the Fisherman,"407 Jackson St, Fairmont, West Virginia 26554",(304) 363-7434,Mass,Sat,5:30 PM,,Mass,saturday,english,,,,,,tags: vigil
St. Peter the Fisherman,"407 Jackson St, Fairmont, West Virginia 26554",(304) 363-7434,Mass,Sun,10:30 AM,,Mass,sunday,english,,,,,,
St. Peter the Fisherman,"407 Jackson St, Fairmont, West Virginia 26554",(304) 363-7434,Mass,Sun,8:00 AM,,Mass,sunday,english,,,,,,
St. Peter the Fisherman,"407 Jackson St, Fairmont, West Virginia 26554",(304) 363-7434,Confession,Sat,4:00 PM,5:00 PM,Reconciliation,saturday,English,,,,,,except Holy Saturday
St. Peter the Fisherman,"407 Jackson St, Fairmont, West Virginia 26554",(304) 363-7434,Sacraments,Mon,8:15 AM,,Communion Service,specific_weekday,english,,,,,,
St. Philip Neri,"11328 Gavers Rd, Hanoverton, Ohio 44423",(330) 223-1871,Mass,Thu,7:00 PM,,Mass,specific_weekday,English,historic log cabin,,,,,call to verify
St. Philip Neri,"11328 Gavers Rd, Dungannon, Ohio 11328",13304247648,Mass,,7:00 PM,,LOG CABIN MASS,special_event,English,historic log cabin (Mass is held once per month in the historic log cabin on the church property. Call ahead to verify,,2026-01-15,,,LOG CABIN MASS; Mass is held once per month in the historic log cabin on the church property. Call ahead to verify @ 330-424-8165.
St. Philip Neri,"11328 Gavers Rd, Dungannon, Ohio 11328",13304247648,Mass,,7:00 PM,,LOG CABIN MASS,special_event,English,historic log cabin (Mass is held once per month in the historic log cabin on the church property. Call ahead to verify,,2026-02-12,,,LOG CABIN MASS; Mass is held once per month in the historic log cabin on the church property. Call ahead to verify @ 330-424-8165.
St. Philip Neri,"11328 Gavers Rd, Dungannon, Ohio 11328",13304247648,Mass,,7:00 PM,,LOG CABIN MASS,special_event,English,historic log cabin (Mass is held once per month in the historic log cabin on the church property. Call ahead to verify,,2026-03-12,,,LOG CABIN MASS; Mass is held once per month in the historic log cabin on the church property. Call ahead to verify @ 330-424-8165.
St. Philip Neri,"11328 Gavers Rd, Dungannon, Ohio 11328",13304247648,Mass,,7:00 PM,,LOG CABIN MASS,special_event,English,historic log cabin (Mass is held once per month in the historic log cabin on the church property. Call ahead to verify,,2026-04-09,,,LOG CABIN MASS; Mass is held once per month in the historic log cabin on the church property. Call ahead to verify @ 330-424-8165.
St. Philip Neri,"11328 Gavers Rd, Dungannon, Ohio 11328",13304247648,Mass,,7:00 PM,,LOG CABIN MASS,special_event,English,historic log cabin (Mass is held once per month in the historic log cabin on the church property. Call ahead to verify,,2026-05-07,,,LOG CABIN MASS; Mass is held once per month in the historic log cabin on the church property. Call ahead to verify @ 330-424-8165.
St. Philip Neri,"11328 Gavers Rd, Dungannon, Ohio 11328",13304247648,Mass,,7:00 PM,,LOG CABIN MASS,special_event,English,historic log cabin (Mass is held once per month in the historic log cabin on the church property. Call ahead to verify,,2026-06-04,,,LOG CABIN MASS; Mass is held once per month in the historic log cabin on the church property. Call ahead to verify @ 330-424-8165.
St. Philip Neri,"11328 Gavers Rd, Dungannon, Ohio 11328",13304247648,Mass,,7:00 PM,,LOG CABIN MASS,special_event,English,historic log cabin (Mass is held once per month in the historic log cabin on the church property. Call ahead to verify,,2026-07-02,,,LOG CABIN MASS; Mass is held once per month in the historic log cabin on the church property. Call ahead to verify @ 330-424-8165.
St. Philip Neri,"11328 Gavers Rd, Dungannon, Ohio 11328",13304247648,Mass,,7:00 PM,,LOG CABIN MASS,special_event,English,historic log cabin (Mass is held once per month in the historic log cabin on the church property. Call ahead to verify,,2026-08-06,,,LOG CABIN MASS; Mass is held once per month in the historic log cabin on the church property. Call ahead to verify @ 330-424-8165.
St. Philip Neri,"11328 Gavers Rd, Dungannon, Ohio 11328",13304247648,Mass,,7:00 PM,,LOG CABIN MASS,special_event,English,historic log cabin (Mass is held once per month in the historic log cabin on the church property. Call ahead to verify,,2026-09-03,,,LOG CABIN MASS; Mass is held once per month in the historic log cabin on the church property. Call ahead to verify @ 330-424-8165.
St. Philip Neri,"11328 Gavers Rd, Dungannon, Ohio 11328",13304247648,Mass,,7:00 PM,,LOG CABIN MASS,special_event,English,historic log cabin (Mass is held once per month in the historic log cabin on the church property. Call ahead to verify,,2026-10-01,,,LOG CABIN MASS; Mass is held once per month in the historic log cabin on the church property. Call ahead to verify @ 330-424-8165.
St. Philip Neri,"11328 Gavers Rd, Dungannon, Ohio 11328",13304247648,Mass,,7:00 PM,,LOG CABIN MASS,special_event,English,historic log cabin (Mass is held once per month in the historic log cabin on the church property. Call ahead to verify,,2026-11-05,,,LOG CABIN MASS; Mass is held once per month in the historic log cabin on the church property. Call ahead to verify @ 330-424-8165.
St. Philip Neri,"11328 Gavers Rd, Dungannon, Ohio 11328",13304247648,Mass,,7:00 PM,,LOG CABIN MASS,special_event,English,historic log cabin (Mass is held once per month in the historic log cabin on the church property. Call ahead to verify,,2026-12-03,,,LOG CABIN MASS; Mass is held once per month in the historic log cabin on the church property. Call ahead to verify @ 330-424-8165.
St. Philip Neri,"11328 Gavers Rd, Dungannon, Ohio 11328",13304247648,Mass,,7:00 PM,,LOG CABIN MASS,parish_event,English,historic log cabin (note recurring; Call ahead to verify,,,,,monthly on; Call ahead to verify @ 330-424-8165
St. Sebastian,"322 E Main St, Kingwood, West Virginia 26537",(304) 329-1519,Mass,Thu,12:00 PM,,Mass,specific_weekday,English,St. Sebastian,,,,,
St. Sebastian,"322 E Main St, Kingwood, West Virginia 26537",(304) 329-1519,Mass,Sat,6:00 PM,,Mass,saturday,English,St. Sebastian,,,,,
St. Sebastian,"322 E Main St, Kingwood, West Virginia 26537",(304) 329-1519,Mass,Sun,10:30 AM,,Mass,sunday,English,St. Sebastian,,,,,
St. Sebastian,"322 E Main St, Kingwood, West Virginia 26537",(304) 329-1519,Confession,Thu,11:00 AM,,Confession,other,English,,,,,,Every
St. Sebastian,"322 E Main St, Kingwood, West Virginia 26537",(304) 329-1519,Devotions,Thu,11:00 AM,,Holy Hour,other,English,,,,,,Every; exposition
St. Stephen,"2491 James River Turnpike, Ona, West Virginia 25545",(304) 743-3234,Mass,Wed,9:00 AM,,Mass,specific_weekday,English,,,,,,
St. Stephen,"2491 James River Turnpike, Ona, West Virginia 25545",(304) 743-3234,Mass,Fri,9:00 AM,,Mass,specific_weekday,English,,,,,,
St. Stephen,"303 Lincoln Way E, Mcconnellsburg, Pennsylvania 17233",(717) 485-3723,Mass,Sat,4:00 PM,,Mass,saturday,English,St. Stephen Catholic Church,,,,,
St. Stephen,"303 Lincoln Way E, Mcconnellsburg, Pennsylvania 17233",(717) 485-3723,Mass,Sun,12:00 PM,,Mass,sunday,English,St. Stephen Catholic Church,,,,,
St. Stephen,"2491 James River Turnpike, Ona, West Virginia 25545",(304) 743-3234,Mass,Sun,9:30 AM,,Mass,sunday,English,,,,,,
St. Stephen,"303 Lincoln Way E, Mcconnellsburg, Pennsylvania 17233",(717) 485-3723,Confession,Sat,3:45 PM,,Reconciliation,saturday,English,St. Stephen Catholic Church,,,,,Confession
St. Stephen,"2491 James River Turnpike, Ona, West Virginia 25545",(304) 743-3234,Confession,Sat,TBD,,Confession,saturday,English,,,,,,by appointment
St. Stephen,"303 Lincoln Way E, Mcconnellsburg, Pennsylvania 17233",(717) 485-3723,Confession,,TBD,,Reconciliation,other,English,St. Stephen Catholic Church,,,after,Mass,after Mass; Confession
St. Stephen,"2491 James River Turnpike, Ona, West Virginia 25545",(304) 743-3234,Confession,,TBD,,Confession,other,English,,,,after,Mass,After mass; or by appointment
St. Stephen,"2491 James River Turnpike, Ona, West Virginia 25545",(304) 743-3234,Other,,9:15 AM,,Adult Catechesis sessions,monthly,English,,sunday,,,,2nd and 4th of each month; in the main church
St. Stephen,"303 Lincoln Way E, Mcconnellsburg, Pennsylvania 17233",(717) 485-3723,Other,,TBD,,Together We Stand Raffle,parish_event,English,,,2026-05-31,,,Drawing; Northern Deanery Raffle
St. Stephen the Martyr,"23331 Sam Fred Rd, Middleburg, Virginia 20117",(540) 687-6433,Mass,Tue,8:30 AM,,Mass,specific_weekday,English,,,,,,daily
St. Stephen the Martyr,"23331 Sam Fred Rd, Middleburg, Virginia 20117",(540) 687-6433,Mass,Wed,6:30 PM,,Mass,specific_weekday,spanish,,,,,,
St. Stephen the Martyr,"23331 Sam Fred Rd, Middleburg, Virginia 20117",(540) 687-6433,Mass,Thu,8:30 AM,,Mass,specific_weekday,English,,,,,,daily
St. Stephen the Martyr,"23331 Sam Fred Rd, Middleburg, Virginia 20117",(540) 687-6433,Mass,Fri,8:30 AM,,Mass,specific_weekday,English,,,,,,daily
St. Stephen the Martyr,"23331 Sam Fred Rd, Middleburg, Virginia 20117",(540) 687-6433,Mass,Sat,5:00 PM,,Mass,saturday,English,,,,,,vigil
St. Stephen the Martyr,"23331 Sam Fred Rd, Middleburg, Virginia 20117",(540) 687-6433,Mass,Sun,10:00 AM,,Mass,sunday,english,,,,,,
St. Stephen the Martyr,"23331 Sam Fred Rd, Middleburg, Virginia 20117",(540) 687-6433,Mass,Sun,1:00 PM,,Mass,sunday,spanish,,,,,,
St. Stephen the Martyr,"23331 Sam Fred Rd, Middleburg, Virginia 20117",(540) 687-6433,Mass,Sun,8:00 AM,,Mass,sunday,english,,,,,,
St. Stephen the Martyr,"23331 Sam Fred Rd, Middleburg, Virginia 20117",(540) 687-6433,Mass,,8:00 PM,,Mass,monthly,spanish,,first_friday_(recurring),,,,
St. Stephen the Martyr,"23331 Sam Fred Rd, Middleburg, Virginia 20117",(540) 687-6433,Adoration,Wed,7:00 PM,8:00 PM,Adoration,specific_weekday,English,,,,,,
St. Stephen the Martyr,"23331 Sam Fred Rd, Middleburg, Virginia 20117",(540) 687-6433,Adoration,,8:00 PM,,Adoration,monthly,English,,first_friday_(recurring),,,,Mexican Nocturnal Adoration; followed by Penance
St. Stephen the Martyr,"23331 Sam Fred Rd, Middleburg, Virginia 20117",(540) 687-6433,Other,Wed,7:00 PM,8:00 PM,Penance,specific_weekday,English,St. Stephen the Martyr,,,,,
St. Stephen the Martyr,"23331 Sam Fred Rd, Middleburg, Virginia 20117",(540) 687-6433,Other,Fri,9:00 AM,,Penance,specific_weekday,English,St. Stephen the Martyr,,,,,
St. Sylvester,"334 S Main St, Woodsfield, Ohio 43793",(740) 472-0187,Mass,,6:00 PM,,Vigil Mass,special_event,English,"St. Sylvester, Woodsfield",,2026-01-16,,,Vigil Mass
St. Sylvester,"334 S Main St, Woodsfield, Ohio 43793",(740) 472-0187,Other,,10:00 AM,,Solemnity of Mary,special_event,English,"St. Sylvester, Woodsfield",,2026-01-16,,,Solemnity of Mary
St. Teresa of Avila,"143 E S St, Cadiz, Ohio 43907-1154",(740) 942-2211,Mass,Tue,4:30 PM,,Mass,specific_weekday,English,St Teresa,,,,,
St. Teresa of Avila,"143 E S St, Cadiz, Ohio 43907-1154",(740) 942-2211,Mass,Wed,4:30 PM,,Mass,specific_weekday,English,St Teresa,,,,,
St. Teresa of Avila,"143 E S St, Cadiz, Ohio 43907-1154",(740) 942-2211,Mass,Thu,4:30 PM,,Mass,specific_weekday,English,St Teresa,,,,,
St. Teresa of Avila,"143 E S St, Cadiz, Ohio 43907-1154",(740) 942-2211,Mass,Sat,4:30 PM,,Vigil,saturday,English,St Teresa in Cadiz,,,,,
St. Teresa of Avila,"143 E S St, Cadiz, Ohio 43907-1154",(740) 942-2211,Mass,Sun,9:30 AM,,Mass,sunday,English,St Teresa in Cadiz,,,,,
St. Teresa of Avila,"143 E S St, Cadiz, Ohio 43907-1154",(740) 942-2211,Confession,Tue,5:10 PM,5:30 PM,Confessions,other,English,St Teresa,,,,,after 16:30 Mass; Cadiz
St. Theresa,"21371 St Theresa Ln, Ashburn, Virginia 20147",(703) 729-2287,Mass,Mon,12:15 PM,,Mass,specific_weekday,English,,,,,,note: Except on Federal Holidays
St. Theresa,"21371 St Theresa Ln, Ashburn, Virginia 20147",(703) 729-2287,Mass,Mon,6:15 AM,,Mass,weekday,English,,,,,,
St. Theresa,"21371 St Theresa Ln, Ashburn, Virginia 20147",(703) 729-2287,Mass,Mon,8:30 AM,,Mass,weekday,English,,,,,,
St. Theresa,"21371 St Theresa Ln, Ashburn, Virginia 20147",(703) 729-2287,Mass,Tue,6:15 AM,,Mass,weekday,English,,,,,,
St. Theresa,"21371 St Theresa Ln, Ashburn, Virginia 20147",(703) 729-2287,Mass,Tue,8:30 AM,,Mass,weekday,English,,,,,,
St. Theresa,"21371 St Theresa Ln, Ashburn, Virginia 20147",(703) 729-2287,Mass,Wed,12:15 PM,,Mass,specific_weekday,English,,,,,,
St. Theresa,"21371 St Theresa Ln, Ashburn, Virginia 20147",(703) 729-2287,Mass,Wed,6:15 AM,,Mass,weekday,English,,,,,,
St. Theresa,"21371 St Theresa Ln, Ashburn, Virginia 20147",(703) 729-2287,Mass,Wed,8:30 AM,,Mass,weekday,English,,,,,,
St. Theresa,"21371 St Theresa Ln, Ashburn, Virginia 20147",(703) 729-2287,Mass,Thu,6:15 AM,,Mass,weekday,English,,,,,,
St. Theresa,"21371 St Theresa Ln, Ashburn, Virginia 20147",(703) 729-2287,Mass,Thu,8:30 AM,,Mass,weekday,English,,,,,,
St. Theresa,"21371 St Theresa Ln, Ashburn, Virginia 20147",(703) 729-2287,Mass,Fri,6:15 AM,,Mass,weekday,English,,,,,,
St. Theresa,"21371 St Theresa Ln, Ashburn, Virginia 20147",(703) 729-2287,Mass,Fri,8:30 AM,,Mass,weekday,English,,,,,,
St. Theresa,"21371 St Theresa Ln, Ashburn, Virginia 20147",(703) 729-2287,Mass,Sat,5:30 PM,,Mass,saturday,English,,,,,,vigil
St. Theresa,"21371 St Theresa Ln, Ashburn, Virginia 20147",(703) 729-2287,Mass,Sat,8:30 AM,,Mass,saturday,English,,,,,,
St. Theresa,"21371 St Theresa Ln, Ashburn, Virginia 20147",(703) 729-2287,Mass,Sun,10:30 AM,,Mass,sunday,English,,,,,,
St. Theresa,"21371 St Theresa Ln, Ashburn, Virginia 20147",(703) 729-2287,Mass,Sun,12:30 PM,,Mass,sunday,English,,,,,,
St. Theresa,"21371 St Theresa Ln, Ashburn, Virginia 20147",(703) 729-2287,Mass,Sun,5:00 PM,,Mass,sunday,English,,,,,,
St. Theresa,"21371 St Theresa Ln, Ashburn, Virginia 20147",(703) 729-2287,Mass,Sun,7:30 AM,,Mass,sunday,English,,,,,,
St. Theresa,"21371 St Theresa Ln, Ashburn, Virginia 20147",(703) 729-2287,Mass,Sun,8:45 AM,,Mass,sunday,English,,,,,,
St. Theresa,"304 Tazewell Ave, Tazewell, Virginia 24651-0345",(276) 988-4626,Mass,,10:30 AM,,Mass,special_event,English,St. Theresa,,2026-01-18,,,Mass
St. Theresa,"304 Tazewell Ave, Tazewell, Virginia 24651-0345",(276) 988-4626,Mass,,10:30 AM,,Mass,special_event,English,St. Theresa,,2026-01-25,,,Mass
St. Theresa,"304 Tazewell Ave, Tazewell, Virginia 24651-0345",(276) 988-4626,Mass,,12:00 PM,,Mass,special_event,English,St. Theresa,,2026-01-16,,,Mass
St. Theresa,"304 Tazewell Ave, Tazewell, Virginia 24651-0345",(276) 988-4626,Mass,,12:00 PM,,Mass,special_event,English,St. Theresa,,2026-01-19,,,Mass
St. Theresa,"304 Tazewell Ave, Tazewell, Virginia 24651-0345",(276) 988-4626,Mass,,12:00 PM,,Mass,special_event,English,St. Theresa,,2026-01-23,,,Mass
St. Theresa,"304 Tazewell Ave, Tazewell, Virginia 24651-0345",(276) 988-4626,Mass,,12:00 PM,,Mass,special_event,English,St. Theresa,,2026-01-26,,,Mass
St. Theresa,"21371 St Theresa Ln, Ashburn, Virginia 20147",(703) 729-2287,Mass,,12:15 PM,,Ash Wednesday Mass,special_event,English,St. Theresa,,2026-02-18,,,Ash Wednesday Mass
St. Theresa,"21371 St Theresa Ln, Ashburn, Virginia 20147",(703) 729-2287,Mass,,12:15 PM,,Mass,monthly,English,,first_friday_(recurring),,,,
St. Theresa,"21371 St Theresa Ln, Ashburn, Virginia 20147",(703) 729-2287,Mass,,4:30 PM,,Ash Wednesday Mass,special_event,English,St. Theresa,,2026-02-18,,,Ash Wednesday Mass
St. Theresa,"304 Tazewell Ave, Tazewell, Virginia 24651-0345",(276) 988-4626,Mass,,5:30 PM,,Mass,special_event,English,St. Theresa,,2026-01-17,,,Mass
St. Theresa,"304 Tazewell Ave, Tazewell, Virginia 24651-0345",(276) 988-4626,Mass,,5:30 PM,,Mass,special_event,English,St. Theresa,,2026-01-24,,,Mass
St. Theresa,"304 Tazewell Ave, Tazewell, Virginia 24651-0345",(276) 988-4626,Mass,,6:00 PM,,Mass,special_event,English,St. Theresa,,2026-01-16,,,Mass
St. Theresa,"304 Tazewell Ave, Tazewell, Virginia 24651-0345",(276) 988-4626,Mass,,6:00 PM,,Mass,special_event,English,St. Theresa,,2026-01-20,,,Mass
St. Theresa,"304 Tazewell Ave, Tazewell, Virginia 24651-0345",(276) 988-4626,Mass,,6:00 PM,,Mass,special_event,English,St. Theresa,,2026-01-21,,,Mass
St. Theresa,"304 Tazewell Ave, Tazewell, Virginia 24651-0345",(276) 988-4626,Mass,,6:00 PM,,Mass,special_event,English,St. Theresa,,2026-01-22,,,Mass
St. Theresa,"304 Tazewell Ave, Tazewell, Virginia 24651-0345",(276) 988-4626,Mass,,6:00 PM,,Mass,special_event,English,St. Theresa,,2026-01-23,,,Mass
St. Theresa,"21371 St Theresa Ln, Ashburn, Virginia 20147",(703) 729-2287,Mass,,6:15 AM,,Ash Wednesday Mass,special_event,English,St. Theresa,,2026-02-18,,,Ash Wednesday Mass
St. Theresa,"21371 St Theresa Ln, Ashburn, Virginia 20147",(703) 729-2287,Mass,,7:00 PM,,Ash Wednesday Mass,special_event,English,St. Theresa,,2026-02-18,,,Ash Wednesday Mass
St. Theresa,"21371 St Theresa Ln, Ashburn, Virginia 20147",(703) 729-2287,Mass,,8:30 AM,,Ash Wednesday Mass,special_event,English,St. Theresa,,2026-02-18,,,Ash Wednesday Mass
St. Theresa,"21371 St Theresa Ln, Ashburn, Virginia 20147",(703) 729-2287,Confession,Wed,7:00 PM,,Confessions,specific_weekday,English,,,,,,During Holy Hour
St. Theresa,"21371 St Theresa Ln, Ashburn, Virginia 20147",(703) 729-2287,Confession,Wed,9:00 AM,,Confessions,specific_weekday,English,,,,,,
St. Theresa,"21371 St Theresa Ln, Ashburn, Virginia 20147",(703) 729-2287,Confession,Sat,4:00 PM,,Confessions,saturday,English,,,,,,
St. Theresa,"21371 St Theresa Ln, Ashburn, Virginia 20147",(703) 729-2287,Devotions,,7:15 PM,,Vespers & Stations of the Cross,parish_event,English,St. Theresa,,,,,
St. Theresa,"21371 St Theresa Ln, Ashburn, Virginia 20147",(703) 729-2287,Other,,6:00 PM,,Lenten Soup Supper,parish_event,English,St. Theresa,,,,,
St. Theresa,"21371 St Theresa Ln, Ashburn, Virginia 20147",(703) 729-2287,Other,,8:30 AM,,KOC Pancake Breakfast,parish_event,English,,,,,,after 7:30; 8:45 & 10:30 am Masses
"St. Therese, Little Flower of Jesus","61 Mill St, Uniontown, Pennsylvania 15401",724-437-4441,Mass,Mon,7:00 AM,,Daily Mass,specific_weekday,English,St. Therese,,,,,
"St. Therese, Little Flower of Jesus","61 Mill St, Uniontown, Pennsylvania 15401",724-437-4441,Mass,Wed,6:00 PM,,Daily Mass,specific_weekday,English,St. Therese,,,,,
"St. Therese, Little Flower of Jesus","61 Mill St, Uniontown, Pennsylvania 15401",724-437-4441,Mass,Fri,7:00 AM,,Daily Mass,specific_weekday,English,St. Therese,,,,,
"St. Therese, Little Flower of Jesus","61 Mill St, Uniontown, Pennsylvania 15401",724-437-4441,Mass,Sat,4:00 PM,,Mass,saturday,English,St. Therese,,,,,vigil
"St. Therese, Little Flower of Jesus","61 Mill St, Uniontown, Pennsylvania 15401",724-437-4441,Mass,Sun,11:00 AM,,Mass,sunday,English,St. Therese,,,,,
"St. Therese, Little Flower of Jesus","61 Mill St, Uniontown, Pennsylvania 15401",724-437-4441,Confession,Mon,5:00 PM,5:45 PM,Confession,other,English,St. Therese,,,,,
"St. Therese, Little Flower of Jesus","61 Mill St, Uniontown, Pennsylvania 15401",724-437-4441,Confession,Fri,9:00 AM,12:00 PM,Confession,other,English,,,,,,
"St. Therese, Little Flower of Jesus","61 Mill St, Uniontown, Pennsylvania 15401",724-437-4441,Adoration,,2:00 PM,,ST Adoration,special_event,English,,,2026-01-19,,,ST Adoration
St. Thomas,"30 Main St, Clarksville, Pennsylvania 15322",17243772588,Mass,Mon,8:15 AM,,Mass,weekday,English,Saint Paul Cathedral,,,,,livestream
St. Thomas,"30 Main St, Clarksville, Pennsylvania 15322",17243772588,Mass,Tue,8:15 AM,,Mass,weekday,English,Saint Paul Cathedral,,,,,livestream
St. Thomas,"30 Main St, Clarksville, Pennsylvania 15322",17243772588,Mass,Wed,8:15 AM,,Mass,weekday,English,Saint Paul Cathedral,,,,,livestream
St. Thomas,"30 Main St, Clarksville, Pennsylvania 15322",17243772588,Mass,Thu,8:15 AM,,Mass,weekday,English,Saint Paul Cathedral,,,,,livestream
St. Thomas,"30 Main St, Clarksville, Pennsylvania 15322",17243772588,Mass,Fri,8:15 AM,,Mass,weekday,English,Saint Paul Cathedral,,,,,livestream
St. Timothy,"8651 Biggs Ford Rd, Walkersville, Maryland 21793",(301) 845-8043,Mass,Mon,12:00 PM,,Mass,specific_weekday,English,Church,,,,,
St. Timothy,"8651 Biggs Ford Rd, Walkersville, Maryland 21793",(301) 845-8043,Mass,Wed,12:00 PM,,Mass,specific_weekday,English,Church,,,,,
St. Timothy,"8651 Biggs Ford Rd, Walkersville, Maryland 21793",(301) 845-8043,Mass,Fri,12:00 PM,,Mass,specific_weekday,English,Church,,,,,
St. Timothy,"8651 Biggs Ford Rd, Walkersville, Maryland 21793",(301) 845-8043,Mass,Sat,5:00 PM,,Mass,saturday,english,Church,,,,,vigil; livestream
St. Timothy,"8651 Biggs Ford Rd, Walkersville, Maryland 21793",(301) 845-8043,Mass,Sat,7:00 PM,,Mass,saturday,spanish,Church,,,,,vigil
St. Timothy,"8651 Biggs Ford Rd, Walkersville, Maryland 21793",(301) 845-8043,Mass,Sun,10:00 AM,,Mass,sunday,english,Church,,,,,
St. Timothy,"8651 Biggs Ford Rd, Walkersville, Maryland 21793",(301) 845-8043,Mass,Sun,12:00 PM,,Mass,sunday,spanish,Church,,,,,
St. Timothy,"8651 Biggs Ford Rd, Walkersville, Maryland 21793",(301) 845-8043,Mass,Sun,4:00 PM,,Mass,sunday,spanish,Church,,,,,
St. Timothy,"8651 Biggs Ford Rd, Walkersville, Maryland 21793",(301) 845-8043,Confession,Sat,4:00 PM,4:45 PM,Confessions,saturday,English,,,,,,
St. Timothy,"8651 Biggs Ford Rd, Walkersville, Maryland 21793",(301) 845-8043,Confession,Sun,11:20 AM,11:45 AM,Confessions,sunday,English,,,,,,
St. Timothy,"8651 Biggs Ford Rd, Walkersville, Maryland 21793",(301) 845-8043,Adoration,Fri,12:30 PM,4:00 PM,Eucharistic Adoration,other,English,Church,,,,,All other; exposition
St. Vincent de Paul,"67 Liberty St, Berkeley Springs, West Virginia 25411",304-258-1311,Mass,Mon,8:00 AM,,Mass,specific_weekday,english,Saint Vincent de Paul,,,,,
St. Vincent de Paul,"2244 Marshall Ave, Wheeling, West Virginia 26003",(304) 242-0406,Mass,Tue,5:30 PM,,Mass,specific_weekday,English,,,,,,
St. Vincent de Paul,"67 Liberty St, Berkeley Springs, West Virginia 25411",304-258-1311,Mass,Tue,8:00 AM,,Mass,specific_weekday,english,Saint Vincent de Paul,,,,,
St. Vincent de Paul,"2244 Marshall Ave, Wheeling, West Virginia 26003",(304) 242-0406,Mass,Wed,5:30 PM,,Mass,specific_weekday,English,,,,,,
St. Vincent de Paul,"67 Liberty St, Berkeley Springs, West Virginia 25411",304-258-1311,Mass,Wed,8:00 AM,,Mass,specific_weekday,english,Saint Vincent de Paul,,,,,
St. Vincent de Paul,"2244 Marshall Ave, Wheeling, West Virginia 26003",(304) 242-0406,Mass,Thu,8:00 AM,,Mass,specific_weekday,English,,,,,,When school is not in session; Mass will be at 8:00 am
St. Vincent de Paul,"2244 Marshall Ave, Wheeling, West Virginia 26003",(304) 242-0406,Mass,Thu,9:00 AM,,Mass,specific_weekday,English,,,,,,School Mass
St. Vincent de Paul,"67 Liberty St, Berkeley Springs, West Virginia 25411",304-258-1311,Mass,Fri,12:00 PM,,Mass,specific_weekday,english,Saint Vincent de Paul,,,,,
St. Vincent de Paul,"2244 Marshall Ave, Wheeling, West Virginia 26003",(304) 242-0406,Mass,Fri,8:00 AM,,Mass,specific_weekday,English,,,,,,
St. Vincent de Paul,"67 Liberty St, Berkeley Springs, West Virginia 25411",304-258-1311,Mass,Sat,5:00 PM,,Mass,saturday,english,Saint Vincent de Paul,,,,,vigil
St. Vincent de Paul,"2244 Marshall Ave, Wheeling, West Virginia 26003",(304) 242-0406,Mass,Sat,5:00 PM,,Mass,saturday,English,,,,,,vigil
St. Vincent de Paul,"2244 Marshall Ave, Wheeling, West Virginia 26003",(304) 242-0406,Mass,Sat,8:00 AM,,Mass,saturday,English,,,,,,
St. Vincent de Paul,"2244 Marshall Ave, Wheeling, West Virginia 26003",(304) 242-0406,Mass,Sun,11:30 AM,,Mass,sunday,English,,,,,,
St. Vincent de Paul,"67 Liberty St, Berkeley Springs, West Virginia 25411",304-258-1311,Mass,Sun,9:00 AM,,Mass,sunday,english,Saint Vincent de Paul,,,,,
St. Vincent de Paul,"2244 Marshall Ave, Wheeling, West Virginia 26003",(304) 242-0406,Mass,Sun,9:00 AM,,Mass,sunday,English,,,,,,
St. Vincent de Paul,"67 Liberty St, Berkeley Springs, West Virginia 25411",304-258-1311,Mass,,6:30 PM,,Ash Wednesday Mass,special_event,English,Saint Vincent de Paul,,2025-02-18,,,Ash Wednesday Mass
St. Vincent de Paul,"67 Liberty St, Berkeley Springs, West Virginia 25411",304-258-1311,Mass,,8:00 AM,,Ash Wednesday Mass,special_event,English,Saint Vincent de Paul,,2025-02-18,,,Ash Wednesday Mass
St. Vincent de Paul,"67 Liberty St, Berkeley Springs, West Virginia 25411",304-258-1311,Confession,Sat,4:00 PM,4:45 PM,Confession,saturday,English,Saint Vincent de Paul,,,,,
St. Vincent de Paul,"2244 Marshall Ave, Wheeling, West Virginia 26003",(304) 242-0406,Confession,Sat,4:00 PM,4:30 PM,Confession,saturday,English,,,,,,
St. Vincent de Paul,"67 Liberty St, Berkeley Springs, West Virginia 25411",304-258-1311,Confession,Sun,8:00 AM,8:45 AM,Confession,sunday,English,Saint Vincent de Paul,,,,,
St. Vincent de Paul,"67 Liberty St, Berkeley Springs, West Virginia 25411",304-258-1311,Confession,,TBD,,Confession,other,English,,,,,,by appointment; note: contact parish office
St. Vincent de Paul,"2244 Marshall Ave, Wheeling, West Virginia 26003",(304) 242-0406,Confession,,TBD,,Confession,monthly,English,,first_saturday_(recurring),,,,after morning Mass
St. Vincent de Paul,"2244 Marshall Ave, Wheeling, West Virginia 26003",(304) 242-0406,Adoration,Tue,10:00 AM,5:30 PM,Eucharistic Adoration,other,English,,,,,,exposition
St. Vincent de Paul,"67 Liberty St, Berkeley Springs, West Virginia 25411",304-258-1311,Adoration,Fri,10:30 AM,11:45 AM,Adoration,specific_weekday,English,Saint Vincent de Paul,,,,,exposition
St. Vincent de Paul,"2244 Marshall Ave, Wheeling, West Virginia 26003",(304) 242-0406,Devotions,Tue,5:00 PM,,Miraculous Medal Novena,other,English,,,,,,followed by Rosary; Benediction
St. Vincent de Paul,"2244 Marshall Ave, Wheeling, West Virginia 26003",(304) 242-0406,Devotions,Fri,4:00 PM,,Rosary,specific_weekday,English,church courtyard,,,,,
St. Vincent de Paul,"67 Liberty St, Berkeley Springs, West Virginia 25411",304-258-1311,Devotions,Fri,6:30 PM,,Stations of the Cross,specific_weekday,english,Saint Vincent de Paul,,,,,
St. Vincent de Paul,"67 Liberty St, Berkeley Springs, West Virginia 25411",304-258-1311,Devotions,Sat,4:30 PM,,Rosary,saturday,english,Saint Vincent de Paul,,,,,
St. Vincent de Paul,"67 Liberty St, Berkeley Springs, West Virginia 25411",304-258-1311,Devotions,Sun,8:30 AM,,Rosary,sunday,english,Saint Vincent de Paul,,,,,
St. Vincent de Paul,"2244 Marshall Ave, Wheeling, West Virginia 26003",(304) 242-0406,Devotions,,TBD,,Rosary,other,English,,,,,,30 minutes prior to each Mass
St. Vincent de Paul,"67 Liberty St, Berkeley Springs, West Virginia 25411",304-258-1311,Other,,5:00 PM,6:30 PM,Soup & Bread Meager Meal,parish_event,English,Saint Vincent de Paul,,,,,
St. Vincent de Paul,"67 Liberty St, Berkeley Springs, West Virginia 25411",304-258-1311,Other,,9:00 AM,,Sharing Weekend,special_event,English,Saint Vincent de Paul,,2026-02-22,,,Sharing Weekend; note: Special Collection
St. Zita,"33 Maple St, Masontown, West Virginia 26542",(304) 329-1519,Mass,Wed,6:30 PM,,Mass,specific_weekday,English,St. Zita,,,,,
St. Zita,"33 Maple St, Masontown, West Virginia 26542",(304) 329-1519,Mass,Sun,8:30 AM,,Mass,sunday,English,St. Zita,,,,,
St. Zita,"33 Maple St, Masontown, West Virginia 26542",(304) 329-1519,Confession,,5:30 PM,,Holy Hour/Confession,monthly,English,St. Zita,first_wednesday,,,,First Wednesday
Sts. Cyril and Methodius,"50 N Morgantown St, Fairchance, Pennsylvania 15436",(724) 564-7436,Mass,Mon,8:00 AM,,Mass,specific_weekday,English,Ss. Cyril and Methodius,,,,,
Sts. Cyril and Methodius,"50 N Morgantown St, Fairchance, Pennsylvania 15436",(724) 564-7436,Mass,Tue,8:00 AM,,Mass,specific_weekday,English,Ss. Cyril and Methodius,,,,,
Sts. Cyril and Methodius,"50 N Morgantown St, Fairchance, Pennsylvania 15436",(724) 564-7436,Mass,Thu,8:00 AM,,Mass,specific_weekday,English,Ss. Cyril and Methodius,,,,,
Sts. Cyril and Methodius,"50 N Morgantown St, Fairchance, Pennsylvania 15436",(724) 564-7436,Mass,Sun,9:00 AM,,Mass,sunday,English,Ss. Cyril and Methodius,,,,,
Sts. Cyril and Methodius,"50 N Morgantown St, Fairchance, Pennsylvania 15436",(724) 564-7436,Adoration,Fri,9:00 AM,12:00 PM,Adoration,specific_weekday,English,,,,,,
Sts. Cyril and Methodius,"50 N Morgantown St, Fairchance, Pennsylvania 15436",(724) 564-7436,Devotions,,5:00 PM,,Holy Hour for Healing and Justice,special_event,English,,,2026-02-18,,,Holy Hour for Healing and Justice
Sts. Cyril and Methodius,"50 N Morgantown St, Fairchance, Pennsylvania 15436",(724) 564-7436,Other,,11:00 AM,,Lady of Charity Children's Closet,special_event,English,,,2026-02-19,,,Lady of Charity Children's Closet
Sts. Peter and Paul,"129 Elmore St, Oak Hill, West Virginia 25901-1247",(304) 465-5445,Mass,Tue,5:30 PM,,Mass,specific_weekday,english,,,,,,
Sts. Peter and Paul,"129 Elmore St, Oak Hill, West Virginia 25901-1247",(304) 465-5445,Mass,Wed,8:30 AM,,Mass,specific_weekday,english,,,,,,
Sts. Peter and Paul,"129 Elmore St, Oak Hill, West Virginia 25901-1247",(304) 465-5445,Mass,Thu,5:30 PM,,Mass,specific_weekday,english,,,,,,
Sts. Peter and Paul,"129 Elmore St, Oak Hill, West Virginia 25901-1247",(304) 465-5445,Mass,Fri,8:30 AM,,Mass,specific_weekday,english,,,,,,
Sts. Peter and Paul,"129 Elmore St, Oak Hill, West Virginia 25901-1247",(304) 465-5445,Mass,Sat,5:30 PM,,Vigil Mass,saturday,english,,,,,,vigil
Sts. Peter and Paul,"129 Elmore St, Oak Hill, West Virginia 25901-1247",(304) 465-5445,Mass,Sun,10:30 AM,,Mass,sunday,english,,,,,,
Sts. Peter and Paul,"129 Elmore St, Oak Hill, West Virginia 25901-1247",(304) 465-5445,Mass,Sun,8:00 AM,,Mass,sunday,english,,,,,,
Sts. Peter and Paul,"129 Elmore St, Oak Hill, West Virginia 25901-1247",(304) 465-5445,Confession,Sat,4:15 PM,5:00 PM,Confession,saturday,english,,,,,,
Sts. Peter and Paul,"129 Elmore St, Oak Hill, West Virginia 25901-1247",(304) 465-5445,Adoration,Thu,6:00 PM,7:00 PM,Eucharistic Benediction & Adoration,other,English,,,,,,Every; exposition; benediction
Sts. Peter and Paul (Ukrainian),"404 6th St, Ambridge, Pennsylvania 15003",(412) 266-2262,Mass,Sat,6:00 PM,,Divine Liturgy,saturday,English,,,,,,vigil
Sts. Peter and Paul (Ukrainian),"404 6th St, Ambridge, Pennsylvania 15003",(412) 266-2262,Mass,Sun,11:00 AM,,Divine Liturgy,sunday,english,,,,,,
Sts. Peter and Paul (Ukrainian),"404 6th St, Ambridge, Pennsylvania 15003",(412) 266-2262,Mass,Sun,8:00 AM,,Divine Liturgy,sunday,English,,,,,,church slavonic
Sts. Philip and James,"247 High St, Meyersdale, Pennsylvania 15552",(814) 634-8150,Mass,Mon,8:30 AM,,Mass,specific_weekday,English,"Saints Philip and James Church, Meyersdale",,,,,
Sts. Philip and James,"247 High St, Meyersdale, Pennsylvania 15552",(814) 634-8150,Mass,Thu,8:30 AM,,Mass,specific_weekday,English,"Saints Philip and James Church, Meyersdale",,,,,
Sts. Philip and James,"247 High St, Meyersdale, Pennsylvania 15552",(814) 634-8150,Mass,Sat,4:00 PM,,Mass,saturday,English,"Saints Philip and James Church, Meyersdale",,,,,
Sts. Philip and James,"247 High St, Meyersdale, Pennsylvania 15552",(814) 634-8150,Mass,Sun,11:00 AM,,Mass,sunday,English,"Saints Philip and James Church, Meyersdale",,,,,
Sts. Philip and James,"247 High St, Meyersdale, Pennsylvania 15552",(814) 634-8150,Confession,Thu,11:00 AM,12:00 PM,Confession,other,English,,,,,,
Sts. Philip and James,"247 High St, Meyersdale, Pennsylvania 15552",(814) 634-8150,Confession,Sat,3:15 PM,,Confession,saturday,English,"Saints Philip and James Church, Meyersdale",,,,,
Sts. Philip and James,"247 High St, Meyersdale, Pennsylvania 15552",(814) 634-8150,Adoration,Mon,TBD,,Adoration,other,English,,,,after,,Following; exposition
Sts. Philip and James,"247 High St, Meyersdale, Pennsylvania 15552",(814) 634-8150,Adoration,Fri,TBD,,Adoration,other,English,,,,after,,Following; exposition
Sts. Philip and James,"247 High St, Meyersdale, Pennsylvania 15552",(814) 634-8150,Adoration,Sun,TBD,,Adoration,other,English,,,,after,,Following; exposition
Sts. Philip and James,"247 High St, Meyersdale, Pennsylvania 15552",(814) 634-8150,Adoration,,7:00 PM,,Adoration,monthly,English,"Saints Philip and James Church, Meyersdale",thursday_(before_first_friday),,,,Thursday (before First Friday)
Triumph of the Cross,"204 Rosemont Ave, Steubenville, Ohio 43952",740-264-6177,Mass,Mon,5:15 PM,,Mass,specific_weekday,English,,,,,,
Triumph of the Cross,"204 Rosemont Ave, Steubenville, Ohio 43952",740-264-6177,Mass,Tue,8:30 AM,,Mass,specific_weekday,English,,,,,,
Triumph of the Cross,"204 Rosemont Ave, Steubenville, Ohio 43952",740-264-6177,Mass,Wed,8:30 AM,,Mass,specific_weekday,English,,,,,,
Triumph of the Cross,"204 Rosemont Ave, Steubenville, Ohio 43952",740-264-6177,Mass,Thu,8:30 AM,,Mass,specific_weekday,English,,,,,,
Triumph of the Cross,"204 Rosemont Ave, Steubenville, Ohio 43952",740-264-6177,Mass,Fri,8:30 AM,,Mass,specific_weekday,English,,,,,,
Triumph of the Cross,"204 Rosemont Ave, Steubenville, Ohio 43952",740-264-6177,Mass,Sat,4:00 PM,,Mass,saturday,English,,,,,,vigil; Vigil
Triumph of the Cross,"204 Rosemont Ave, Steubenville, Ohio 43952",740-264-6177,Mass,Sat,8:30 AM,,Mass,specific_weekday,English,,,,,,
Triumph of the Cross,"204 Rosemont Ave, Steubenville, Ohio 43952",740-264-6177,Mass,Sun,11:30 AM,,Mass,sunday,English,,,,,,
Triumph of the Cross,"204 Rosemont Ave, Steubenville, Ohio 43952",740-264-6177,Mass,Sun,8:00 AM,,Mass,sunday,English,,,,,,
Triumph of the Cross,"204 Rosemont Ave, Steubenville, Ohio 43952",740-264-6177,Mass,Sun,9:30 AM,,Mass,sunday,English,,,,,,
Triumph of the Cross,"204 Rosemont Ave, Steubenville, Ohio 43952",740-264-6177,Confession,Sat,9:00 AM,11:00 AM,Confession,saturday,English,,,,,,
Triumph of the Cross,"204 Rosemont Ave, Steubenville, Ohio 43952",740-264-6177,Devotions,Mon,TBD,,Monday Novena,other,English,,,,,,check bulletin
Triumph of the Cross,"204 Rosemont Ave, Steubenville, Ohio 43952",740-264-6177,Devotions,,TBD,,Rosary Group,other,English,,,,,,check bulletin
Triumph of the Cross,"204 Rosemont Ave, Steubenville, Ohio 43952",740-264-6177,Other,,TBD,,1st Saturdays,monthly,English,,first_saturday_(recurring),,,,check bulletin
