Church,Address,Phone,Category,Day,Time Start,Time End,Service Name,Schedule Type,Language,Location,Pattern,Event Date,Time Relation,Reference Service,Notes
Blessed Sacrament,"9757 S 1700 E, Sandy, Utah 84092",(801) 571-5517,Mass,Mon,9:00 AM,,Mass,specific_weekday,English,"Blessed Sacrament Catholic Church, Sandy, UT",,,,,
Blessed Sacrament,"9757 S 1700 E, Sandy, Utah 84092",(801) 571-5517,Mass,Wed,9:00 AM,,Mass,specific_weekday,English,"Blessed Sacrament Catholic Church, Sandy, UT",,,,,
Blessed Sacrament,"9757 S 1700 E, Sandy, Utah 84092",(801) 571-5517,Mass,Thu,9:00 AM,,Mass,specific_weekday,English,"Blessed Sacrament Catholic Church, Sandy, UT",,,,,
Blessed Sacrament,"9757 S 1700 E, Sandy, Utah 84092",(801) 571-5517,Mass,Fri,9:00 AM,,Mass,specific_weekday,English,"Blessed Sacrament Catholic Church, Sandy, UT",,,,,
Blessed Sacrament,"9757 S 1700 E, Sandy, Utah 84092",(801) 571-5517,Mass,Sat,5:00 PM,,Mass,saturday,English,"Blessed Sacrament Catholic Church, Sandy, UT",,,,,vigil
Blessed Sacrament,"9757 S 1700 E, Sandy, Utah 84092",(801) 571-5517,Mass,Sat,9:00 AM,,Mass,specific_weekday,English,"Blessed Sacrament Catholic Church, Sandy, UT",,,,,
Blessed Sacrament,"9757 S 1700 E, Sandy, Utah 84092",(801) 571-5517,Mass,Sun,11:00 AM,,Mass,sunday,English,"Blessed Sacrament Catholic Church, Sandy, UT",,,,,
Blessed Sacrament,"9757 S 1700 E, Sandy, Utah 84092",(801) 571-5517,Mass,Sun,8:30 AM,,Mass,sunday,English,"Blessed Sacrament Catholic Church, Sandy, UT",,,,,
Blessed Sacrament,"9757 S 1700 E, Sandy, Utah 84092",(801) 571-5517,Confession,Sat,4:00 PM,4:45 PM,Confession,saturday,English,"Blessed Sacrament Catholic Church, Sandy, UT",,,,,
Blessed Sacrament,"9757 S 1700 E, Sandy, Utah 84092",(801) 571-5517,Confession,,TBD,,Confession,other,English,,,,after,Mass,after weekday Masses; check bulletin
Carmel of the Immaculate Heart of Mary,"5714 Holladay Blvd E, Salt Lake City, Utah 84117",+18012776075,Mass,Mon,7:30 AM,,Mass,weekday,English,Carmelite Chapel,,,,,
Carmel of the Immaculate Heart of Mary,"5714 Holladay Blvd E, Salt Lake City, Utah 84117",+18012776075,Mass,Tue,7:30 AM,,Mass,weekday,English,Carmelite Chapel,,,,,
Carmel of the Immaculate Heart of Mary,"5714 Holladay Blvd E, Salt Lake City, Utah 84117",+18012776075,Mass,Wed,7:30 AM,,Mass,weekday,English,Carmelite Chapel,,,,,
Carmel of the Immaculate Heart of Mary,"5714 Holladay Blvd E, Salt Lake City, Utah 84117",+18012776075,Mass,Thu,7:30 AM,,Mass,weekday,English,Carmelite Chapel,,,,,
Carmel of the Immaculate Heart of Mary,"5714 Holladay Blvd E, Salt Lake City, Utah 84117",+18012776075,Mass,Fri,7:30 AM,,Mass,weekday,English,Carmelite Chapel,,,,,
Cathedral of the Madeleine,"331 E S Temple, Salt Lake City, Utah 84111",(801) 328-8941,Mass,Mon,5:15 PM,,Mass,weekday,English,Cathedral of the Madeleine,,,,,
Cathedral of the Madeleine,"331 E S Temple, Salt Lake City, Utah 84111",(801) 328-8941,Mass,Mon,8:00 AM,,Mass,weekday,English,Cathedral of the Madeleine,,,,,
Cathedral of the Madeleine,"331 E S Temple, Salt Lake City, Utah 84111",(801) 328-8941,Mass,Tue,5:15 PM,,Mass,weekday,English,Cathedral of the Madeleine,,,,,
Cathedral of the Madeleine,"331 E S Temple, Salt Lake City, Utah 84111",(801) 328-8941,Mass,Tue,8:00 AM,,Mass,weekday,English,Cathedral of the Madeleine,,,,,
Cathedral of the Madeleine,"331 E S Temple, Salt Lake City, Utah 84111",(801) 328-8941,Mass,Wed,5:15 PM,,Mass,weekday,English,Cathedral of the Madeleine,,,,,
Cathedral of the Madeleine,"331 E S Temple, Salt Lake City, Utah 84111",(801) 328-8941,Mass,Wed,8:00 AM,,Mass,weekday,English,Cathedral of the Madeleine,,,,,
Cathedral of the Madeleine,"331 E S Temple, Salt Lake City, Utah 84111",(801) 328-8941,Mass,Thu,5:15 PM,,Mass,weekday,English,Cathedral of the Madeleine,,,,,
Cathedral of the Madeleine,"331 E S Temple, Salt Lake City, Utah 84111",(801) 328-8941,Mass,Thu,8:00 AM,,Mass,weekday,English,Cathedral of the Madeleine,,,,,
Cathedral of the Madeleine,"331 E S Temple, Salt Lake City, Utah 84111",(801) 328-8941,Mass,Fri,5:15 PM,,Mass,weekday,English,Cathedral of the Madeleine,,,,,
Cathedral of the Madeleine,"331 E S Temple, Salt Lake City, Utah 84111",(801) 328-8941,Mass,Fri,8:00 AM,,Mass,weekday,English,Cathedral of the Madeleine,,,,,
Cathedral of the Madeleine,"331 E S Temple, Salt Lake City, Utah 84111",(801) 328-8941,Mass,Sat,5:00 PM,,Mass,saturday,english,Cathedral of the Madeleine,,,,,
Cathedral of the Madeleine,"331 E S Temple, Salt Lake City, Utah 84111",(801) 328-8941,Mass,Sat,7:00 PM,,Mass,saturday,spanish,Cathedral of the Madeleine,,,,,
Cathedral of the Madeleine,"331 E S Temple, Salt Lake City, Utah 84111",(801) 328-8941,Mass,Sat,8:00 AM,,Mass,saturday,English,Cathedral of the Madeleine,,,,,
Cathedral of the Madeleine,"331 E S Temple, Salt Lake City, Utah 84111",(801) 328-8941,Mass,Sun,11:00 AM,,Mass,sunday,english,Cathedral of the Madeleine,,,,,
Cathedral of the Madeleine,"331 E S Temple, Salt Lake City, Utah 84111",(801) 328-8941,Mass,Sun,3:00 PM,,Mass,sunday,spanish,Cathedral of the Madeleine,,,,,
Cathedral of the Madeleine,"331 E S Temple, Salt Lake City, Utah 84111",(801) 328-8941,Mass,Sun,6:00 PM,,Mass,sunday,english,Cathedral of the Madeleine,,,,,
Cathedral of the Madeleine,"331 E S Temple, Salt Lake City, Utah 84111",(801) 328-8941,Mass,Sun,8:30 AM,,Mass,sunday,english,Cathedral of the Madeleine,,,,,
Cathedral of the Madeleine,"331 E S Temple, Salt Lake City, Utah 84111",(801) 328-8941,Mass,,10:00 AM,,Christmas Day Mass,special_event,English,Cathedral of the Madeleine,,2026-12-25,,,Christmas Day Mass
Cathedral of the Madeleine,"331 E S Temple, Salt Lake City, Utah 84111",(801) 328-8941,Mass,,12:00 PM,,Ash Wednesday Mass with Choristers,special_event,english,Cathedral of the Madeleine,,2026-02-18,,,Ash Wednesday Mass with Choristers
Cathedral of the Madeleine,"331 E S Temple, Salt Lake City, Utah 84111",(801) 328-8941,Mass,,12:00 PM,,Christmas Day Mass,special_event,English,Cathedral of the Madeleine,,2026-12-25,,,Christmas Day Mass
Cathedral of the Madeleine,"331 E S Temple, Salt Lake City, Utah 84111",(801) 328-8941,Mass,,2:00 PM,,Ash Wednesday Mass with MCS Students,special_event,english,Cathedral of the Madeleine,,2026-02-18,,,Ash Wednesday Mass with MCS Students
Cathedral of the Madeleine,"331 E S Temple, Salt Lake City, Utah 84111",(801) 328-8941,Mass,,3:00 PM,,Christmas Day Mass,special_event,spanish,Cathedral of the Madeleine,,2026-12-25,,,Christmas Day Mass
Cathedral of the Madeleine,"331 E S Temple, Salt Lake City, Utah 84111",(801) 328-8941,Mass,,5:15 PM,,Ash Wednesday Mass,special_event,english,Cathedral of the Madeleine,,2026-02-18,,,Ash Wednesday Mass
Cathedral of the Madeleine,"331 E S Temple, Salt Lake City, Utah 84111",(801) 328-8941,Mass,,7:00 PM,,Ash Wednesday Mass,special_event,spanish,Cathedral of the Madeleine,,2026-02-18,,,Ash Wednesday Mass
Cathedral of the Madeleine,"331 E S Temple, Salt Lake City, Utah 84111",(801) 328-8941,Mass,,8:00 AM,,Ash Wednesday Mass,special_event,english,Cathedral of the Madeleine,,2026-02-18,,,Ash Wednesday Mass
Cathedral of the Madeleine,"331 E S Temple, Salt Lake City, Utah 84111",(801) 328-8941,Mass,,8:00 AM,,Christmas Day Mass,special_event,English,Cathedral of the Madeleine,,2026-12-25,,,Christmas Day Mass
Cathedral of the Madeleine,"331 E S Temple, Salt Lake City, Utah 84111",(801) 328-8941,Confession,Mon,4:05 PM,4:45 PM,Confessions,weekday,English,Cathedral of the Madeleine,,,,,
Cathedral of the Madeleine,"331 E S Temple, Salt Lake City, Utah 84111",(801) 328-8941,Confession,Tue,4:05 PM,4:45 PM,Confessions,weekday,English,Cathedral of the Madeleine,,,,,
Cathedral of the Madeleine,"331 E S Temple, Salt Lake City, Utah 84111",(801) 328-8941,Confession,Wed,4:05 PM,4:45 PM,Confessions,weekday,English,Cathedral of the Madeleine,,,,,
Cathedral of the Madeleine,"331 E S Temple, Salt Lake City, Utah 84111",(801) 328-8941,Confession,Thu,4:05 PM,4:45 PM,Confessions,weekday,English,Cathedral of the Madeleine,,,,,
Cathedral of the Madeleine,"331 E S Temple, Salt Lake City, Utah 84111",(801) 328-8941,Confession,Fri,4:05 PM,4:45 PM,Confessions,weekday,English,Cathedral of the Madeleine,,,,,
Cathedral of the Madeleine,"331 E S Temple, Salt Lake City, Utah 84111",(801) 328-8941,Confession,Sat,3:30 PM,4:30 PM,Confessions,saturday,English,Cathedral of the Madeleine,,,,,
Cathedral of the Madeleine,"331 E S Temple, Salt Lake City, Utah 84111",(801) 328-8941,Adoration,Mon,4:00 PM,5:00 PM,Adoration,weekday,English,Cathedral of the Madeleine,,,,,exposition
Cathedral of the Madeleine,"331 E S Temple, Salt Lake City, Utah 84111",(801) 328-8941,Adoration,Tue,4:00 PM,5:00 PM,Adoration,weekday,English,Cathedral of the Madeleine,,,,,exposition
Cathedral of the Madeleine,"331 E S Temple, Salt Lake City, Utah 84111",(801) 328-8941,Adoration,Wed,4:00 PM,5:00 PM,Adoration,weekday,English,Cathedral of the Madeleine,,,,,exposition
Cathedral of the Madeleine,"331 E S Temple, Salt Lake City, Utah 84111",(801) 328-8941,Adoration,Thu,4:00 PM,5:00 PM,Adoration,weekday,English,Cathedral of the Madeleine,,,,,exposition
Cathedral of the Madeleine,"331 E S Temple, Salt Lake City, Utah 84111",(801) 328-8941,Adoration,Fri,4:00 PM,5:00 PM,Adoration,weekday,English,Cathedral of the Madeleine,,,,,exposition
Christ the King,"690 S Cove Dr, Cedar City, Utah 84720",(435) 586-8298,Mass,Mon,9:00 AM,,Mass,weekday,English,,,,,,note: Mass or Communion Service
Christ the King,"690 S Cove Dr, Cedar City, Utah 84720",(435) 586-8298,Mass,Tue,9:00 AM,,Mass,weekday,English,,,,,,note: Mass or Communion Service
Christ the King,"690 S Cove Dr, Cedar City, Utah 84720",(435) 586-8298,Mass,Wed,9:00 AM,,Mass,weekday,English,,,,,,note: Mass or Communion Service
Christ the King,"690 S Cove Dr, Cedar City, Utah 84720",(435) 586-8298,Mass,Thu,9:00 AM,,Mass,weekday,English,,,,,,note: Mass or Communion Service
Christ the King,"690 S Cove Dr, Cedar City, Utah 84720",(435) 586-8298,Mass,Fri,9:00 AM,,Mass,weekday,English,,,,,,note: Mass or Communion Service
Christ the King,"690 S Cove Dr, Cedar City, Utah 84720",(435) 586-8298,Mass,Sat,4:30 PM,,Mass,saturday,English,,,,,,vigil
Christ the King,"690 S Cove Dr, Cedar City, Utah 84720",(435) 586-8298,Mass,Sun,11:15 AM,,Mass,sunday,spanish,,,,,,
Christ the King,"690 S Cove Dr, Cedar City, Utah 84720",(435) 586-8298,Mass,Sun,8:30 AM,,Mass,sunday,english,,,,,,
Christ the King,"690 S Cove Dr, Cedar City, Utah 84720",(435) 586-8298,Confession,,12:45 AM,,Reconciliation,parish_event,English,,,,,,check bulletin; note: 45 minutes before Weekend Mass or by Appointment
Christ the King,"690 S Cove Dr, Cedar City, Utah 84720",(435) 586-8298,Confession,,12:45 AM,,Reconciliation,parish_event,English,,,,,,check bulletin; note: 45 minutes before Weekend Mass or by Appointment
Christ the King,"690 S Cove Dr, Cedar City, Utah 84720",(435) 586-8298,Confession,,5:00 PM,7:00 PM,Reconciliation,parish_event,English,,,,,,note: during evening adoration
Christ the King,"690 S Cove Dr, Cedar City, Utah 84720",(435) 586-8298,Confession,,8:00 AM,9:00 AM,Reconciliation,parish_event,English,,,,,,note: during weekday adoration
Christ the King,"690 S Cove Dr, Cedar City, Utah 84720",(435) 586-8298,Confession,,8:00 AM,9:00 AM,Reconciliation,parish_event,English,,,,,,note: during weekday adoration
Christ the King,"690 S Cove Dr, Cedar City, Utah 84720",(435) 586-8298,Confession,,8:00 AM,9:00 AM,Reconciliation,parish_event,English,,,,,,note: during weekday adoration
Christ the King,"690 S Cove Dr, Cedar City, Utah 84720",(435) 586-8298,Confession,,8:00 AM,9:00 AM,Reconciliation,parish_event,English,,,,,,note: during weekday adoration
Christ the King,"690 S Cove Dr, Cedar City, Utah 84720",(435) 586-8298,Confession,,8:00 AM,9:00 AM,Reconciliation,parish_event,English,,,,,,note: during weekday adoration
Christ the King,"690 S Cove Dr, Cedar City, Utah 84720",(435) 586-8298,Adoration,Mon,8:00 AM,9:00 AM,Adoration,weekday,English,,,,,,exposition
Christ the King,"690 S Cove Dr, Cedar City, Utah 84720",(435) 586-8298,Adoration,Tue,8:00 AM,9:00 AM,Adoration,weekday,English,,,,,,exposition
Christ the King,"690 S Cove Dr, Cedar City, Utah 84720",(435) 586-8298,Adoration,Wed,5:00 PM,7:00 PM,Adoration,specific_weekday,English,,,,,,exposition
Christ the King,"690 S Cove Dr, Cedar City, Utah 84720",(435) 586-8298,Adoration,Wed,8:00 AM,9:00 AM,Adoration,weekday,English,,,,,,exposition
Christ the King,"690 S Cove Dr, Cedar City, Utah 84720",(435) 586-8298,Adoration,Thu,8:00 AM,9:00 AM,Adoration,weekday,English,,,,,,exposition
Christ the King,"690 S Cove Dr, Cedar City, Utah 84720",(435) 586-8298,Adoration,Fri,8:00 AM,9:00 AM,Adoration,weekday,English,,,,,,exposition
"Duck Creek Chapel, Christ the King Parish","830 Church Dr, Duck Creek Village, Utah 84762",435-586-8298,Mass,Mon,9:00 AM,,Mass,weekday,English,,,,,,note: Mass or Communion Service
"Duck Creek Chapel, Christ the King Parish","830 Church Dr, Duck Creek Village, Utah 84762",435-586-8298,Mass,Tue,9:00 AM,,Mass,weekday,English,,,,,,note: Mass or Communion Service
"Duck Creek Chapel, Christ the King Parish","830 Church Dr, Duck Creek Village, Utah 84762",435-586-8298,Mass,Wed,9:00 AM,,Mass,weekday,English,,,,,,note: Mass or Communion Service
"Duck Creek Chapel, Christ the King Parish","830 Church Dr, Duck Creek Village, Utah 84762",435-586-8298,Mass,Thu,9:00 AM,,Mass,weekday,English,,,,,,note: Mass or Communion Service
"Duck Creek Chapel, Christ the King Parish","830 Church Dr, Duck Creek Village, Utah 84762",435-586-8298,Mass,Fri,9:00 AM,,Mass,weekday,English,,,,,,note: Mass or Communion Service
"Duck Creek Chapel, Christ the King Parish","830 Church Dr, Duck Creek Village, Utah 84762",435-586-8298,Mass,Sat,11:00 AM,,Mass,other,English,"Duck Creek Chapel, Duck Creek Village",,,,,Memorial Day – September
"Duck Creek Chapel, Christ the King Parish","830 Church Dr, Duck Creek Village, Utah 84762",435-586-8298,Mass,Sat,4:30 PM,,Mass,saturday,English,,,,,,vigil
"Duck Creek Chapel, Christ the King Parish","830 Church Dr, Duck Creek Village, Utah 84762",435-586-8298,Mass,Sun,11:15 AM,,Mass,sunday,spanish,,,,,,
"Duck Creek Chapel, Christ the King Parish","830 Church Dr, Duck Creek Village, Utah 84762",435-586-8298,Mass,Sun,12:00 PM,,Mass,sunday,english,,,,,,
"Duck Creek Chapel, Christ the King Parish","830 Church Dr, Duck Creek Village, Utah 84762",435-586-8298,Mass,Sun,2:00 PM,,Mass,sunday,english,,,,,,
"Duck Creek Chapel, Christ the King Parish","830 Church Dr, Duck Creek Village, Utah 84762",435-586-8298,Mass,Sun,6:00 PM,,Mass,sunday,bilingual,,,,,,
"Duck Creek Chapel, Christ the King Parish","830 Church Dr, Duck Creek Village, Utah 84762",435-586-8298,Mass,Sun,8:30 AM,,Mass,sunday,english,,,,,,
"Duck Creek Chapel, Christ the King Parish","830 Church Dr, Duck Creek Village, Utah 84762",435-586-8298,Mass,Sun,9:00 AM,,Mass,sunday,english,,,,,,
"Duck Creek Chapel, Christ the King Parish","830 Church Dr, Duck Creek Village, Utah 84762",435-586-8298,Confession,Wed,5:00 PM,7:00 PM,Confessions,specific_weekday,English,,,,,,
"Duck Creek Chapel, Christ the King Parish","830 Church Dr, Duck Creek Village, Utah 84762",435-586-8298,Confession,Sun,TBD,,Confessions,sunday,English,,,,,,before Weekend Mass; 45 minutes
"Duck Creek Chapel, Christ the King Parish","830 Church Dr, Duck Creek Village, Utah 84762",435-586-8298,Adoration,Mon,8:00 AM,9:00 AM,Adoration,weekday,English,,,,,,exposition
"Duck Creek Chapel, Christ the King Parish","830 Church Dr, Duck Creek Village, Utah 84762",435-586-8298,Adoration,Tue,8:00 AM,9:00 AM,Adoration,weekday,English,,,,,,exposition
"Duck Creek Chapel, Christ the King Parish","830 Church Dr, Duck Creek Village, Utah 84762",435-586-8298,Adoration,Wed,5:00 PM,7:00 PM,Adoration,specific_weekday,English,,,,,,exposition
"Duck Creek Chapel, Christ the King Parish","830 Church Dr, Duck Creek Village, Utah 84762",435-586-8298,Adoration,Wed,8:00 AM,9:00 AM,Adoration,weekday,English,,,,,,exposition
"Duck Creek Chapel, Christ the King Parish","830 Church Dr, Duck Creek Village, Utah 84762",435-586-8298,Adoration,Thu,8:00 AM,9:00 AM,Adoration,weekday,English,,,,,,exposition
"Duck Creek Chapel, Christ the King Parish","830 Church Dr, Duck Creek Village, Utah 84762",435-586-8298,Adoration,Fri,8:00 AM,9:00 AM,Adoration,weekday,English,,,,,,exposition
Good Shepherd,"201 Center St, East Carbon, Utah 84520",(435) 637-1846,Mass,Thu,6:00 PM,,Mass,specific_weekday,spanish,,,,,,
Good Shepherd,"201 Center St, East Carbon, Utah 84520",(435) 637-1846,Mass,Sat,4:00 PM,,Mass,saturday,English,"Good Shepherd, East Carbon",,,,,
Holy Family,"1100 E 5550 S, Ogden, Utah 84403",(801) 479-1112,Mass,Mon,8:30 AM,,Mass,weekday,English,Holy Family,,,,,
Holy Family,"1100 E 5550 S, Ogden, Utah 84403",(801) 479-1112,Mass,Tue,5:30 PM,,Mass,specific_weekday,English,Holy Family,,,,,
Holy Family,"1100 E 5550 S, Ogden, Utah 84403",(801) 479-1112,Mass,Tue,8:30 AM,,Mass,weekday,English,Holy Family,,,,,
Holy Family,"1100 E 5550 S, Ogden, Utah 84403",(801) 479-1112,Mass,Wed,8:30 AM,,Mass,weekday,English,Holy Family,,,,,
Holy Family,"1100 E 5550 S, Ogden, Utah 84403",(801) 479-1112,Mass,Thu,8:30 AM,,Mass,weekday,English,Holy Family,,,,,
Holy Family,"1100 E 5550 S, Ogden, Utah 84403",(801) 479-1112,Mass,Fri,8:30 AM,,Mass,weekday,English,Holy Family,,,,,
Holy Family,"1100 E 5550 S, Ogden, Utah 84403",(801) 479-1112,Mass,Sat,5:00 PM,,Mass,saturday,english,Holy Family,,,,,vigil
Holy Family,"1100 E 5550 S, Ogden, Utah 84403",(801) 479-1112,Mass,Sun,10:30 AM,,Mass,sunday,English,Holy Family,,,,,
Holy Family,"1100 E 5550 S, Ogden, Utah 84403",(801) 479-1112,Mass,Sun,8:00 AM,,Mass,sunday,English,Holy Family,,,,,
Holy Family,"1100 E 5550 S, Ogden, Utah 84403",(801) 479-1112,Mass,,10:30 AM,,Mass,special_event,English,Holy Family,,2025-12-25,,,Mass
Holy Family,"1100 E 5550 S, Ogden, Utah 84403",(801) 479-1112,Mass,,10:30 AM,,Mass,special_event,English,Holy Family,,2026-01-01,,,Mass
Holy Family,"1100 E 5550 S, Ogden, Utah 84403",(801) 479-1112,Mass,,11:00 AM,,Mass,special_event,English,Holy Family,,2026-04-05,,,Mass
Holy Family,"1100 E 5550 S, Ogden, Utah 84403",(801) 479-1112,Mass,,12:00 PM,,Mass,special_event,English,Holy Family,,2026-11-01,,,standard Sunday Mass times
Holy Family,"1100 E 5550 S, Ogden, Utah 84403",(801) 479-1112,Mass,,12:00 PM,,Mass,monthly,English,,first_saturday_(recurring),,,,no 08:30 Mass
Holy Family,"1100 E 5550 S, Ogden, Utah 84403",(801) 479-1112,Mass,,4:00 PM,,Mass,special_event,English,Holy Family,,2025-12-24,,,Vigil; Family Mass
Holy Family,"1100 E 5550 S, Ogden, Utah 84403",(801) 479-1112,Mass,,5:30 PM,,Mass,special_event,English,Holy Family,,2025-12-08,,,Mass
Holy Family,"1100 E 5550 S, Ogden, Utah 84403",(801) 479-1112,Mass,,5:30 PM,,Mass,special_event,English,Holy Family,,2026-08-14,,,Mass; Vigil; not obligatory since it's on a Saturday
Holy Family,"1100 E 5550 S, Ogden, Utah 84403",(801) 479-1112,Mass,,5:30 PM,,Mass,special_event,English,Holy Family,,2026-08-15,,,Mass; not obligatory since it's on a Saturday
Holy Family,"1100 E 5550 S, Ogden, Utah 84403",(801) 479-1112,Mass,,5:30 PM,,Mass,special_event,English,Holy Family,,2026-10-31,,,Vigil; standard Sunday Mass times
Holy Family,"1100 E 5550 S, Ogden, Utah 84403",(801) 479-1112,Mass,,5:30 PM,,Mass,special_event,English,Holy Family,,2026-11-01,,,standard Sunday Mass times
Holy Family,"1100 E 5550 S, Ogden, Utah 84403",(801) 479-1112,Mass,,6:00 PM,,Mass,special_event,English,Holy Family,,2025-12-24,,,Mass; Vigil
Holy Family,"1100 E 5550 S, Ogden, Utah 84403",(801) 479-1112,Mass,,8:30 AM,,Mass,special_event,English,Holy Family,,2025-12-08,,,Mass
Holy Family,"1100 E 5550 S, Ogden, Utah 84403",(801) 479-1112,Mass,,8:30 AM,,Mass,special_event,English,Holy Family,,2026-08-15,,,Mass; not obligatory since it's on a Saturday
Holy Family,"1100 E 5550 S, Ogden, Utah 84403",(801) 479-1112,Mass,,9:00 AM,,Mass,special_event,English,Holy Family,,2026-04-05,,,Mass
Holy Family,"1100 E 5550 S, Ogden, Utah 84403",(801) 479-1112,Mass,,9:00 PM,,Mass,special_event,English,Holy Family,,2025-12-24,,,Mass; Vigil
Holy Family,"1100 E 5550 S, Ogden, Utah 84403",(801) 479-1112,Mass,,9:15 PM,,Mass,special_event,English,Holy Family,,2026-04-05,,,Mass; Vigil
Holy Family,"1100 E 5550 S, Ogden, Utah 84403",(801) 479-1112,Confession,Wed,5:30 PM,,Confession,specific_weekday,English,Holy Family,,,,,
Holy Family,"1100 E 5550 S, Ogden, Utah 84403",(801) 479-1112,Confession,Wed,6:00 PM,6:45 PM,Confession,specific_weekday,English,Reconciliation chapel,,,,,back of church
Holy Family,"1100 E 5550 S, Ogden, Utah 84403",(801) 479-1112,Confession,Sat,3:00 PM,4:00 PM,Confession,saturday,English,Reconciliation Chapel,,,,,back right of the main church
Holy Family,"1100 E 5550 S, Ogden, Utah 84403",(801) 479-1112,Confession,,TBD,,Confession,other,English,,,,,,by appointment; Private appointments
Holy Family,"1100 E 5550 S, Ogden, Utah 84403",(801) 479-1112,Adoration,Tue,9:00 AM,9:00 PM,Eucharistic Adoration,specific_weekday,English,downstairs chapel,,,,,
Holy Family,"1100 E 5550 S, Ogden, Utah 84403",(801) 479-1112,Adoration,Wed,9:00 AM,9:00 PM,Eucharistic Adoration,specific_weekday,English,main church,,,,,
Holy Family,"1100 E 5550 S, Ogden, Utah 84403",(801) 479-1112,Other,,10:00 AM,,Memorial Day,special_event,English,Holy Family,,2026-05-25,,,Memorial Day
Holy Family,"1100 E 5550 S, Ogden, Utah 84403",(801) 479-1112,Other,,10:00 AM,,Independence Day,special_event,English,Holy Family,,2026-07-04,,,Independence Day; no evening Mass
Holy Family,"1100 E 5550 S, Ogden, Utah 84403",(801) 479-1112,Other,,10:00 AM,,Labor Day,special_event,English,Holy Family,,2026-09-07,,,Labor Day
Holy Family,"1100 E 5550 S, Ogden, Utah 84403",(801) 479-1112,Other,,10:00 AM,,Thanksgiving,special_event,English,Holy Family,,2026-11-26,,,Thanksgiving
Holy Family,"1100 E 5550 S, Ogden, Utah 84403",(801) 479-1112,Other,,12:10 PM,,Ash Wednesday,special_event,English,Holy Family,,2026-02-18,,,Ash Wednesday
Holy Family,"1100 E 5550 S, Ogden, Utah 84403",(801) 479-1112,Other,,3:00 PM,,Good Friday Service,special_event,English,Holy Family,,2026-04-03,,,Good Friday Service
Holy Family,"1100 E 5550 S, Ogden, Utah 84403",(801) 479-1112,Other,,5:30 PM,,Ash Wednesday,special_event,English,Holy Family,,2026-02-18,,,Ash Wednesday
Holy Family,"1100 E 5550 S, Ogden, Utah 84403",(801) 479-1112,Other,,7:00 PM,,Holy Thursday,special_event,English,Holy Family,,2026-04-02,,,Holy Thursday
Holy Family,"1100 E 5550 S, Ogden, Utah 84403",(801) 479-1112,Other,,8:30 AM,,Ash Wednesday,special_event,English,Holy Family,,2026-02-18,,,Ash Wednesday
Holy Family,"445 S 200 E, Fillmore, Utah 84631",(801) 864-3710,Other,,TBD,,DCCW Convention,special_event,English,,,2026-04-18,,,DCCW Convention TIME_TBD; check bulletin; starts April 18; note: recurring if it's recurring
Immaculate Conception,"8892 W State Hwy, Copperton, Utah 84006",(801) 569-2706,Mass,Sun,9:30 AM,,Mass,sunday,English,Immaculate Conception,,,,,
Immaculate Conception,"8892 W State Hwy, Copperton, Utah 84006",(801) 569-2706,Mass,,9:30 AM,,Palm Sunday mass,special_event,English,Immaculate Conception,,2026-03-29,,,Palm Sunday mass
Immaculate Conception,"8892 W State Hwy, Copperton, Utah 84006",(801) 569-2706,Confession,Fri,5:30 PM,,Confessions,specific_weekday,English,Immaculate Conception,,,,,note: during Lent
Immaculate Conception,"8892 W State Hwy, Copperton, Utah 84006",(801) 569-2706,Confession,Sun,TBD,,Confessions,other,English,,,,before,Mass,Sunday before Mass; before Mass and by appointment.; ≥20 min; note: By appointment by calling Fr. Joubran
Immaculate Conception,"8892 W State Hwy, Copperton, Utah 84006",(801) 569-2706,Devotions,Fri,6:00 PM,,Stations of the Cross,specific_weekday,English,Immaculate Conception,,,,,note: during Lent
Immaculate Conception,"8892 W State Hwy, Copperton, Utah 84006",(801) 569-2706,Other,,3:00 PM,,Good Friday Stations,special_event,English,Immaculate Conception,,2026-04-03,,,Good Friday Stations
Immaculate Conception,"8892 W State Hwy, Copperton, Utah 84006",(801) 569-2706,Other,,6:45 PM,,Simple soup & bread,parish_event,English,Immaculate Conception,,,,,
Immaculate Conception,"8892 W State Hwy, Copperton, Utah 84006",(801) 569-2706,Other,,7:00 PM,,Ash Wednesday,special_event,English,Immaculate Conception,,2026-02-18,,,Ash Wednesday
Immaculate Conception,"8892 W State Hwy, Copperton, Utah 84006",(801) 569-2706,Other,,7:00 PM,,Holy Thursday,special_event,English,Immaculate Conception,,2026-04-02,,,Holy Thursday
Immaculate Conception,"8892 W State Hwy, Copperton, Utah 84006",(801) 569-2706,Other,,7:00 PM,,Good Friday Service,special_event,English,Immaculate Conception,,2026-04-03,,,Good Friday Service
Immaculate Conception,"8892 W State Hwy, Copperton, Utah 84006",(801) 569-2706,Other,,9:30 AM,,Easter,special_event,English,Immaculate Conception,,2026-04-05,,,Easter
Mission of Our Lady of the Light,"190 N 900 E, Beaver, Utah 84713",(435) 864-3710,Mass,Sat,7:00 PM,,Mass,saturday,bilingual,Our Lady of the Light Catholic Mission,,,,,
Mission of San Rafael,"1716 S Hwy 10, Huntington, Utah 84528",(435) 637-1846,Mass,Sun,9:30 AM,,Mass,sunday,English,"San Rafael Mission, Huntington",,,,,
Mission of St. Anthony of the Desert,"585 N 500 W Sand Creek Rd, Torrey, Utah 84775",(435) 896-5539,Mass,Sat,10:00 AM,,Mass,saturday,english,Saint Anthony of the Desert Catholic Mission,,,,,note: April - November Only
Mission of St. Florence,"6461 E Hwy 39, Huntsville, Utah 84317",(801) 745-5673,Mass,Sat,6:00 PM,,Mass,saturday,English,,,,,,
Mission of St. Florence,"6461 E Hwy 39, Huntsville, Utah 84317",(801) 745-5673,Mass,Sun,9:00 AM,,Mass,sunday,English,,,,,,
Mission of St. Florence,"6461 E Hwy 39, Huntsville, Utah 84317",(801) 745-5673,Mass,,6:00 PM,7:00 PM,Mass,special_event,English,"St Florence Catholic Community, 6461 UT-39, Huntsville, UT 84317, USA",,2026-01-17,,,Mass
Mission of St. Florence,"6461 E Hwy 39, Huntsville, Utah 84317",(801) 745-5673,Mass,,8:30 AM,,Mass,monthly,English,,first_wednesday,,,,1st Wednesday of each month is a healing Mass with anointing with oil for all present
Mission of St. Florence,"6461 E Hwy 39, Huntsville, Utah 84317",(801) 745-5673,Mass,,8:30 AM,,Mass,monthly,English,,first_friday_(recurring),,,,
Mission of St. Florence,"6461 E Hwy 39, Huntsville, Utah 84317",(801) 745-5673,Mass,,9:00 AM,10:00 AM,Mass,special_event,English,,,2026-01-18,,,Mass
Mission of St. Florence,"6461 E Hwy 39, Huntsville, Utah 84317",(801) 745-5673,Confession,Sat,5:30 PM,6:00 PM,Reconciliation,saturday,English,,,,,,
Mission of St. Florence,"6461 E Hwy 39, Huntsville, Utah 84317",(801) 745-5673,Confession,Sat,8:00 AM,8:40 AM,Reconciliation & Adoration,specific_weekday,English,,,,,,
Mission of St. Florence,"6461 E Hwy 39, Huntsville, Utah 84317",(801) 745-5673,Confession,Sun,8:00 AM,8:40 AM,Reconciliation,sunday,English,,,,,,
Mission of St. Florence,"6461 E Hwy 39, Huntsville, Utah 84317",(801) 745-5673,Confession,,5:30 PM,6:00 PM,Reconciliation,special_event,English,,,2026-01-17,,,Reconciliation
Mission of St. Florence,"6461 E Hwy 39, Huntsville, Utah 84317",(801) 745-5673,Confession,,8:00 AM,8:40 AM,Reconciliation & Adoration,special_event,English,,,2026-01-18,,,Reconciliation & Adoration
Mission of St. Florence,"6461 E Hwy 39, Huntsville, Utah 84317",(801) 745-5673,Adoration,Wed,6:00 PM,,Adoration,specific_weekday,English,,,,,,Thu; exposition
Mission of St. Florence,"6461 E Hwy 39, Huntsville, Utah 84317",(801) 745-5673,Adoration,Sun,8:00 AM,8:40 AM,Adoration,sunday,English,,,,,,
Mission of St. Florence,"6461 E Hwy 39, Huntsville, Utah 84317",(801) 745-5673,Adoration,,9:00 AM,9:30 AM,Children’s Adoration,monthly,English,,first_friday_(recurring),,,,
Mission of St. Florence,"6461 E Hwy 39, Huntsville, Utah 84317",(801) 745-5673,Devotions,Sat,8:20 AM,8:40 AM,Holy Rosary,specific_weekday,English,,,,,,
Mission of St. Florence,"6461 E Hwy 39, Huntsville, Utah 84317",(801) 745-5673,Devotions,Sun,8:20 AM,,Holy Rosary,sunday,English,,,,,,
Mission of St. Florence,"6461 E Hwy 39, Huntsville, Utah 84317",(801) 745-5673,Devotions,,8:20 AM,8:40 AM,Holy Rosary,special_event,English,"St Florence Catholic Community, 6461 UT-39, Huntsville, UT 84317, USA",,2026-01-18,,,Holy Rosary
Mission of St. Florence,"6461 E Hwy 39, Huntsville, Utah 84317",(801) 745-5673,Other,,7:00 AM,8:30 AM,Men's Scripture Study,special_event,English,,,2026-01-17,,,Men's Scripture Study
Mission of St. Florence,"6461 E Hwy 39, Huntsville, Utah 84317",(801) 745-5673,Other,,7:30 PM,8:30 PM,Teen's Night for 6-12th grade,special_event,English,,,2026-01-17,,,Teen's Night for 6 grade
Mission of St. Florence,"6461 E Hwy 39, Huntsville, Utah 84317",(801) 745-5673,Other,,9:00 AM,12:00 PM,St Joseph HS Campus Ministry Event,special_event,English,,,2026-01-16,,,St Joseph HS Campus Ministry Event
Mission of St. Gertrude,"Panguitch Lake Rd, Panguitch, Utah 84759",(435) 586-8298,Mass,Tue,9:00 AM,,Mass,specific_weekday,English,,,,,,
Mission of St. Gertrude,"Panguitch Lake Rd, Panguitch, Utah 84759",(435) 586-8298,Mass,Wed,9:00 AM,,Mass,specific_weekday,English,,,,,,
Mission of St. Gertrude,"Panguitch Lake Rd, Panguitch, Utah 84759",(435) 586-8298,Mass,Thu,9:00 AM,,Mass,specific_weekday,English,,,,,,
Mission of St. Gertrude,"Panguitch Lake Rd, Panguitch, Utah 84759",(435) 586-8298,Mass,Sat,4:30 PM,,Mass,saturday,English,,,,,,
Mission of St. Gertrude,"Panguitch Lake Rd, Panguitch, Utah 84759",(435) 586-8298,Mass,Sun,11:15 AM,,Mass,sunday,spanish,,,,,,
Mission of St. Gertrude,"Panguitch Lake Rd, Panguitch, Utah 84759",(435) 586-8298,Mass,Sun,2:00 PM,,Mass,sunday,English,"St. Gertrude, Panguitch, Utah",,,,,
Mission of St. Gertrude,"Panguitch Lake Rd, Panguitch, Utah 84759",(435) 586-8298,Mass,Sun,8:30 AM,,Mass,sunday,English,,,,,,
Mission of St. Gertrude,"Panguitch Lake Rd, Panguitch, Utah 84759",(435) 586-8298,Mass,,6:00 PM,,Mass,special_event,English,,,2025-01-01,,,Mass
Mission of St. Gertrude,"Panguitch Lake Rd, Panguitch, Utah 84759",(435) 586-8298,Mass,,6:00 PM,,Mass,special_event,English,,,2025-08-15,,,Mass
Mission of St. Gertrude,"Panguitch Lake Rd, Panguitch, Utah 84759",(435) 586-8298,Mass,,6:00 PM,,Mass,special_event,English,,,2025-11-01,,,Mass
Mission of St. Gertrude,"Panguitch Lake Rd, Panguitch, Utah 84759",(435) 586-8298,Mass,,6:00 PM,,Mass,special_event,English,,,2025-12-08,,,Mass
Mission of St. Gertrude,"Panguitch Lake Rd, Panguitch, Utah 84759",(435) 586-8298,Mass,,6:00 PM,,Mass,special_event,English,,,2025-12-25,,,Mass
Mission of St. Gertrude,"Panguitch Lake Rd, Panguitch, Utah 84759",(435) 586-8298,Mass,,9:00 AM,,Mass,special_event,English,,,2025-01-01,,,Mass
Mission of St. Gertrude,"Panguitch Lake Rd, Panguitch, Utah 84759",(435) 586-8298,Mass,,9:00 AM,,Mass,special_event,English,,,2025-08-15,,,Mass
Mission of St. Gertrude,"Panguitch Lake Rd, Panguitch, Utah 84759",(435) 586-8298,Mass,,9:00 AM,,Mass,special_event,English,,,2025-11-01,,,Mass
Mission of St. Gertrude,"Panguitch Lake Rd, Panguitch, Utah 84759",(435) 586-8298,Mass,,9:00 AM,,Mass,special_event,English,,,2025-12-08,,,Mass
Mission of St. Gertrude,"Panguitch Lake Rd, Panguitch, Utah 84759",(435) 586-8298,Mass,,9:00 AM,,Mass,special_event,English,,,2025-12-25,,,Mass
Mission of St. Gertrude,"Panguitch Lake Rd, Panguitch, Utah 84759",(435) 586-8298,Confession,,TBD,,Reconciliation,other,English,,,,,,before Weekend Mass; 45 minutes
Mission of St. Gertrude,"Panguitch Lake Rd, Panguitch, Utah 84759",(435) 586-8298,Confession,,TBD,,Reconciliation,other,English,,,,,,by Appointment
Mission of St. Gertrude,"Panguitch Lake Rd, Panguitch, Utah 84759",(435) 586-8298,Adoration,Wed,5:00 PM,7:00 PM,Adoration,other,English,,,,,,
Mission of St. Gertrude,"Panguitch Lake Rd, Panguitch, Utah 84759",(435) 586-8298,Adoration,,8:00 AM,9:00 AM,Adoration,other,English,,,,,,Weekdays
Mission of St. John Bosco,"96 S Center St, Delta, Utah 84624",(435) 864-3710,Other,,TBD,,Juan Diego students walk out to protest ICE and support immigrants,special_event,English,"Juan Diego Catholic High School, Draper",,2026-02-03,,,Juan Diego students walk out to protest ICE and support immigrants TIME_TBD
Mission of St. Jude,"160 E Center St, Ephraim, Utah 84627",(435) 896-5539,Other,,TBD,,Comienzan los preparativos para formar una delegación diocesana para la JMJ 2027,special_event,English,,,2026-02-02,,,Comienzan los preparativos para formar una delegación diocesana para la JMJ 2027; Laura Vallejo
Mission of St. Jude,"160 E Center St, Ephraim, Utah 84627",(435) 896-5539,Other,,TBD,,Local group begins planning to attend World Youth Day 2027 in Seoul,special_event,English,,,2026-02-02,,,Local group begins planning to attend World Youth Day 2027 in Seoul; Laura Vallejo
Mission of St. Jude,"160 E Center St, Ephraim, Utah 84627",(435) 896-5539,Other,,TBD,,Juan Diego students walk out to protest ICE and support immigrants,special_event,English,,,2026-02-03,,,Juan Diego students walk out to protest ICE and support immigrants; Linda Petersen; Intermountain Catholic
Mission of St. Lawrence,"5 S 100 W, Heber City, Utah 84032",(435) 654-4035,Mass,Mon,8:00 AM,,Mass,weekday,english,Main Church at White Pine Canyon Road & Highway 224,,,,,livestream
Mission of St. Lawrence,"5 S 100 W, Heber City, Utah 84032",(435) 654-4035,Mass,Tue,8:00 AM,,Mass,weekday,english,Main Church at White Pine Canyon Road & Highway 224,,,,,livestream
Mission of St. Lawrence,"5 S 100 W, Heber City, Utah 84032",(435) 654-4035,Mass,Wed,6:00 PM,,Mass,specific_weekday,spanish,St. Lawrence Mission,,,,,
Mission of St. Lawrence,"5 S 100 W, Heber City, Utah 84032",(435) 654-4035,Mass,Wed,8:00 AM,,Mass,weekday,english,Main Church at White Pine Canyon Road & Highway 224,,,,,livestream
Mission of St. Lawrence,"5 S 100 W, Heber City, Utah 84032",(435) 654-4035,Mass,Thu,8:00 AM,,Mass,weekday,english,Main Church at White Pine Canyon Road & Highway 224,,,,,livestream
Mission of St. Lawrence,"5 S 100 W, Heber City, Utah 84032",(435) 654-4035,Mass,Fri,8:00 AM,,Mass,weekday,english,Main Church at White Pine Canyon Road & Highway 224,,,,,livestream
Mission of St. Lawrence,"5 S 100 W, Heber City, Utah 84032",(435) 654-4035,Mass,Sun,12:00 PM,,Mass,sunday,spanish,St. Lawrence Mission,,,,,
Mission of St. Lawrence,"5 S 100 W, Heber City, Utah 84032",(435) 654-4035,Confession,Mon,10:00 AM,,Confession,specific_weekday,English,St. Lawrence Mission,,,,,
Mission of St. Lawrence,"5 S 100 W, Heber City, Utah 84032",(435) 654-4035,Confession,Wed,5:00 PM,6:00 PM,Confession,specific_weekday,English,St. Lawrence Mission,,,,,
Mission of St. Lawrence,"5 S 100 W, Heber City, Utah 84032",(435) 654-4035,Adoration,Wed,5:00 PM,6:00 PM,Adoration,specific_weekday,English,St. Lawrence Mission,,,,,exposition
Mission of St. Lawrence,"5 S 100 W, Heber City, Utah 84032",(435) 654-4035,Adoration,,6:30 PM,,Adoration,monthly,English,St. Lawrence Mission,first_friday_(recurring),,,,exposition
Mission of St. Lawrence,"5 S 100 W, Heber City, Utah 84032",(435) 654-4035,Devotions,Mon,6:30 PM,,ABBA Prayer Group for Women,specific_weekday,English,St. Joseph room,,,,,
Mission of St. Lawrence,"5 S 100 W, Heber City, Utah 84032",(435) 654-4035,Devotions,,9:00 PM,,Rosary in English,monthly,english,,first_friday,,,,First
Mission of St. Lawrence,"5 S 100 W, Heber City, Utah 84032",(435) 654-4035,Community,,6:30 PM,,Knights of Columbus Monthly Meeting,monthly,English,,third_wednesday,,,,every third of the month
Mission of St. Lawrence,"5 S 100 W, Heber City, Utah 84032",(435) 654-4035,Other,Fri,7:00 PM,,"Oración, Fé y Esperanza",specific_weekday,spanish,St. Lawrence Mission,,,,,
Mission of St. Lawrence,"5 S 100 W, Heber City, Utah 84032",(435) 654-4035,Other,,7:00 PM,9:00 PM,St. Lawrence Young Adult Group,monthly,English,downstairs in the big classroom,thursday,,,,first and last of the month; youth
Mission of St. Lawrence,"5 S 100 W, Heber City, Utah 84032",(435) 654-4035,Other,,7:30 AM,6:00 PM,Visiting Hours,daily,English,,,,,,
Mission of St. Lawrence,"5 S 100 W, Heber City, Utah 84032",(435) 654-4035,Other,,8:00 PM,,Rosario en Español,monthly,spanish,,first_friday,,,,First
Mission of St. Michael the Archangel,"40 N Long St, Green River, Utah 84525",(435) 637-1846,Mass,Tue,8:00 AM,,Mass,specific_weekday,English,"Hope Center, Regina Caeli Chapel",,,,,
Mission of St. Michael the Archangel,"40 N Long St, Green River, Utah 84525",(435) 637-1846,Mass,Wed,8:00 AM,,Mass,specific_weekday,English,"Hope Center, Regina Caeli Chapel",,,,,
Mission of St. Michael the Archangel,"40 N Long St, Green River, Utah 84525",(435) 637-1846,Mass,Thu,6:00 PM,,Mass,specific_weekday,spanish,,,,,,
Mission of St. Michael the Archangel,"40 N Long St, Green River, Utah 84525",(435) 637-1846,Mass,Thu,8:00 AM,,Mass,specific_weekday,English,"Hope Center, Regina Caeli Chapel",,,,,
Mission of St. Michael the Archangel,"40 N Long St, Green River, Utah 84525",(435) 637-1846,Mass,Fri,8:00 AM,,Mass,specific_weekday,English,"Hope Center, Regina Caeli Chapel",,,,,
Mission of St. Michael the Archangel,"40 N Long St, Green River, Utah 84525",(435) 637-1846,Mass,Sun,5:00 PM,,Mass,sunday,English,"St. Michael the Archangel Mission, Green River",,,,,
Mission of St. Michael the Archangel,"40 N Long St, Green River, Utah 84525",(435) 637-1846,Mass,,6:00 PM,,Mass,monthly,spanish,,tuesday,,,,Every 2nd and Last of the Month
Mission of St. Michael the Archangel,"40 N Long St, Green River, Utah 84525",(435) 637-1846,Adoration,Thu,8:00 AM,,Eucharistic Adoration,other,English,,,,,,following the morning Mass–17:00; chapel
Notre Dame de Lourdes,"210 N Carbon Ave, Price, Utah 84501",(435) 637-1846,Mass,Tue,8:00 AM,,Mass,specific_weekday,English,"Hope Center, Regina Caeli Chapel",,,,,
Notre Dame de Lourdes,"210 N Carbon Ave, Price, Utah 84501",(435) 637-1846,Mass,Wed,8:00 AM,,Mass,specific_weekday,English,"Hope Center, Regina Caeli Chapel",,,,,
Notre Dame de Lourdes,"210 N Carbon Ave, Price, Utah 84501",(435) 637-1846,Mass,Thu,6:00 PM,,Mass,specific_weekday,spanish,,,,,,
Notre Dame de Lourdes,"210 N Carbon Ave, Price, Utah 84501",(435) 637-1846,Mass,Thu,8:00 AM,,Mass,specific_weekday,English,"Hope Center, Regina Caeli Chapel",,,,,
Notre Dame de Lourdes,"210 N Carbon Ave, Price, Utah 84501",(435) 637-1846,Mass,Fri,8:00 AM,,Mass,specific_weekday,English,"Hope Center, Regina Caeli Chapel",,,,,
Notre Dame de Lourdes,"210 N Carbon Ave, Price, Utah 84501",(435) 637-1846,Mass,Sat,5:30 PM,,Mass,saturday,English,"N.D. Church, Price",,,,,vigil
Notre Dame de Lourdes,"210 N Carbon Ave, Price, Utah 84501",(435) 637-1846,Mass,Sun,11:00 AM,,Mass,sunday,English,"N.D. Church, Price",,,,,
Notre Dame de Lourdes,"210 N Carbon Ave, Price, Utah 84501",(435) 637-1846,Mass,Sun,8:00 AM,,Mass,sunday,English,"N.D. Church, Price",,,,,
Old Town Chapel,"1505 White Pine Canyon Rd, Park City, Utah 84060",(435) 649-9676,Mass,Mon,8:00 AM,,Mass,weekday,english,Main Church at White Pine Canyon Road & Highway 224,,,,,livestream
Old Town Chapel,"1505 White Pine Canyon Rd, Park City, Utah 84060",(435) 649-9676,Mass,Tue,8:00 AM,,Mass,weekday,english,Main Church at White Pine Canyon Road & Highway 224,,,,,livestream
Old Town Chapel,"1505 White Pine Canyon Rd, Park City, Utah 84060",(435) 649-9676,Mass,Wed,8:00 AM,,Mass,weekday,english,Main Church at White Pine Canyon Road & Highway 224,,,,,livestream
Old Town Chapel,"1505 White Pine Canyon Rd, Park City, Utah 84060",(435) 649-9676,Mass,Thu,8:00 AM,,Mass,weekday,english,Main Church at White Pine Canyon Road & Highway 224,,,,,livestream
Old Town Chapel,"1505 White Pine Canyon Rd, Park City, Utah 84060",(435) 649-9676,Mass,Fri,8:00 AM,,Mass,weekday,english,Main Church at White Pine Canyon Road & Highway 224,,,,,livestream
Old Town Chapel,"1505 White Pine Canyon Rd, Park City, Utah 84060",(435) 649-9676,Mass,Sat,5:30 PM,,Mass,saturday,english,Main Church at White Pine Canyon Road & Highway 224,,,,,vigil
Old Town Chapel,"1505 White Pine Canyon Rd, Park City, Utah 84060",(435) 649-9676,Mass,Sat,8:00 AM,,Mass,saturday,english,Main Church at White Pine Canyon Road & Highway 224,,,,,
Old Town Chapel,"1505 White Pine Canyon Rd, Park City, Utah 84060",(435) 649-9676,Mass,Sun,10:30 AM,,Mass,sunday,english,Main Church at White Pine Canyon Road & Highway 224,,,,,
Old Town Chapel,"1505 White Pine Canyon Rd, Park City, Utah 84060",(435) 649-9676,Mass,Sun,1:00 PM,,Mass,sunday,spanish,Main Church at White Pine Canyon Road & Highway 224,,,,,
Old Town Chapel,"1505 White Pine Canyon Rd, Park City, Utah 84060",(435) 649-9676,Mass,Sun,8:00 AM,,Mass,sunday,english,Main Church at White Pine Canyon Road & Highway 224,,,,,
Old Town Chapel,"1505 White Pine Canyon Rd, Park City, Utah 84060",(435) 649-9676,Mass,,8:00 AM,,Mass,monthly,english,Main Church at White Pine Canyon Road & Highway 224,first_saturday_(recurring),,,,
Old Town Chapel,"1505 White Pine Canyon Rd, Park City, Utah 84060",(435) 649-9676,Mass,,TBD,,Latin Mass,parish_event,latin,,,,,,
Old Town Chapel,"1505 White Pine Canyon Rd, Park City, Utah 84060",(435) 649-9676,Other,,10:30 AM,,Children's Ministry,parish_event,English,Main Church at White Pine Canyon Road & Highway 224,,,,,at most masses
Old Town Chapel,"1505 White Pine Canyon Rd, Park City, Utah 84060",(435) 649-9676,Other,,7:30 AM,6:00 PM,Visiting Hours,parish_event,English,,,,,,Daily
Our Lady of Guadalupe,"715 W 300 N, Salt Lake City, Utah 84116",(801) 364-2019,Mass,Tue,7:00 PM,,Mass,specific_weekday,spanish,Our Lady of Guadalupe Catholic Church,,,,,
Our Lady of Guadalupe,"715 W 300 N, Salt Lake City, Utah 84116",(801) 364-2019,Mass,Thu,7:00 PM,,Mass,specific_weekday,spanish,Our Lady of Guadalupe Catholic Church,,,,,
Our Lady of Guadalupe,"715 W 300 N, Salt Lake City, Utah 84116",(801) 364-2019,Mass,Sat,5:30 PM,,Mass,saturday,english,Our Lady of Guadalupe Catholic Church,,,,,
Our Lady of Guadalupe,"715 W 300 N, Salt Lake City, Utah 84116",(801) 364-2019,Mass,Sat,7:00 PM,,Mass,saturday,spanish,Our Lady of Guadalupe Catholic Church,,,,,
Our Lady of Guadalupe,"715 W 300 N, Salt Lake City, Utah 84116",(801) 364-2019,Mass,Sun,11:00 AM,,Mass,sunday,english,Our Lady of Guadalupe Catholic Church,,,,,
Our Lady of Guadalupe,"715 W 300 N, Salt Lake City, Utah 84116",(801) 364-2019,Mass,Sun,1:00 PM,,Mass,sunday,spanish,Our Lady of Guadalupe Catholic Church,,,,,
Our Lady of Guadalupe,"715 W 300 N, Salt Lake City, Utah 84116",(801) 364-2019,Mass,Sun,9:00 AM,,Mass,sunday,english,Our Lady of Guadalupe Catholic Church,,,,,
Our Lady of Guadalupe,"715 W 300 N, Salt Lake City, Utah 84116",(801) 364-2019,Mass,,5:30 PM,,Holy Day Mass,other,english,,,,,,check bulletin
Our Lady of Guadalupe,"715 W 300 N, Salt Lake City, Utah 84116",(801) 364-2019,Mass,,7:00 PM,,Holy Day Mass,other,spanish,,,,,,check bulletin
Our Lady of Guadalupe,"715 W 300 N, Salt Lake City, Utah 84116",(801) 364-2019,Confession,Sat,4:30 PM,5:15 PM,Confessions,saturday,English,Our Lady of Guadalupe Catholic Church,,,,,or by appointment
Our Lady of Guadalupe,"715 W 300 N, Salt Lake City, Utah 84116",(801) 364-2019,Confession,,6:00 PM,,Confessions,monthly,English,Our Lady of Guadalupe Catholic Church,thursday_(before_first_friday),,,,Thursday (before First Friday)
Our Lady of Lourdes,"2840 S 9000 W, Magna, Utah 84044",(801) 508-1595,Mass,Tue,9:00 AM,,Mass,specific_weekday,English,,,,,,
Our Lady of Lourdes,"670 S 1100 E, Salt Lake City, Utah 84102",(801) 322-3330,Mass,Tue,9:00 AM,,Daily Mass,specific_weekday,English,,,,,,location not specified
Our Lady of Lourdes,"2840 S 9000 W, Magna, Utah 84044",(801) 508-1595,Mass,Wed,9:00 AM,,Mass,specific_weekday,English,,,,,,
Our Lady of Lourdes,"670 S 1100 E, Salt Lake City, Utah 84102",(801) 322-3330,Mass,Wed,9:00 AM,,Daily Mass,specific_weekday,English,,,,,,location not specified
Our Lady of Lourdes,"2840 S 9000 W, Magna, Utah 84044",(801) 508-1595,Mass,Thu,9:00 AM,,Mass,specific_weekday,English,,,,,,
Our Lady of Lourdes,"670 S 1100 E, Salt Lake City, Utah 84102",(801) 322-3330,Mass,Thu,9:00 AM,,Daily Mass,specific_weekday,English,,,,,,location not specified
Our Lady of Lourdes,"2840 S 9000 W, Magna, Utah 84044",(801) 508-1595,Mass,Fri,9:00 AM,,Mass,specific_weekday,English,,,,,,
Our Lady of Lourdes,"670 S 1100 E, Salt Lake City, Utah 84102",(801) 322-3330,Mass,Fri,9:00 AM,,Daily Mass,specific_weekday,English,,,,,,location not specified
Our Lady of Lourdes,"2840 S 9000 W, Magna, Utah 84044",(801) 508-1595,Mass,Sat,5:00 PM,,Vigil,saturday,English,,,,,,
Our Lady of Lourdes,"670 S 1100 E, Salt Lake City, Utah 84102",(801) 322-3330,Mass,Sat,5:00 PM,,Vigil,saturday,English,,,,,,location not specified; vigil
Our Lady of Lourdes,"2840 S 9000 W, Magna, Utah 84044",(801) 508-1595,Mass,Sun,11:00 AM,,Mass,sunday,English,,,,,,
Our Lady of Lourdes,"670 S 1100 E, Salt Lake City, Utah 84102",(801) 322-3330,Mass,Sun,11:00 AM,,Mass,sunday,English,,,,,,location not specified
Our Lady of Lourdes,"2840 S 9000 W, Magna, Utah 84044",(801) 508-1595,Mass,Sun,12:30 PM,,Korean Mass,sunday,English,,,,,,korean
Our Lady of Lourdes,"670 S 1100 E, Salt Lake City, Utah 84102",(801) 322-3330,Mass,Sun,12:30 PM,,Korean Mass,sunday,English,,,,,,location not specified
Our Lady of Lourdes,"2840 S 9000 W, Magna, Utah 84044",(801) 508-1595,Mass,Sun,9:00 AM,,Mass,sunday,English,,,,,,
Our Lady of Lourdes,"670 S 1100 E, Salt Lake City, Utah 84102",(801) 322-3330,Mass,Sun,9:00 AM,,Mass,sunday,English,,,,,,location not specified
Our Lady of Lourdes,"2840 S 9000 W, Magna, Utah 84044",(801) 508-1595,Mass,,3:30 PM,,Philippine Mass,monthly,English,,first_sunday,,,,First of each month; philippine
Our Lady of Lourdes,"670 S 1100 E, Salt Lake City, Utah 84102",(801) 322-3330,Mass,,3:30 PM,,Philippine Mass,monthly,English,,first_sunday,,,,First of each month; check bulletin; location not specified
Our Lady of Lourdes,"2840 S 9000 W, Magna, Utah 84044",(801) 508-1595,Adoration,Fri,TBD,,Adoration,other,English,,,,,,every; exposition
Our Lady of Lourdes,"670 S 1100 E, Salt Lake City, Utah 84102",(801) 322-3330,Adoration,Fri,TBD,,Adoration,specific_weekday,English,,,,,,check bulletin; location not specified; exposition
Our Lady of Lourdes,"2840 S 9000 W, Magna, Utah 84044",(801) 508-1595,Sacraments,Mon,9:00 AM,,Communion Service,specific_weekday,English,,,,,,chapel
Our Lady of Lourdes,"670 S 1100 E, Salt Lake City, Utah 84102",(801) 322-3330,Sacraments,Mon,9:00 AM,,Communion Service,specific_weekday,English,,,,,,location not specified
Our Lady of Perpetual Help,"4360 W 5415 S, Kearns, Utah 84118-0306",(385) 343-5625,Mass,Mon,8:45 AM,,Mass,specific_weekday,vietnamese,,,,,,
Our Lady of Perpetual Help,"4360 W 5415 S, Kearns, Utah 84118-0306",(385) 343-5625,Mass,Tue,8:45 AM,,Mass,specific_weekday,vietnamese,,,,,,
Our Lady of Perpetual Help,"4360 W 5415 S, Kearns, Utah 84118-0306",(385) 343-5625,Mass,Wed,8:45 AM,,Mass,specific_weekday,vietnamese,,,,,,
Our Lady of Perpetual Help,"4360 W 5415 S, Kearns, Utah 84118-0306",(385) 343-5625,Mass,Thu,8:45 AM,,Mass,specific_weekday,vietnamese,,,,,,
Our Lady of Perpetual Help,"4360 W 5415 S, Kearns, Utah 84118-0306",(385) 343-5625,Mass,Fri,8:45 AM,,Mass,specific_weekday,vietnamese,,,,,,
Our Lady of Perpetual Help,"4360 W 5415 S, Kearns, Utah 84118-0306",(385) 343-5625,Mass,Sat,5:00 PM,,Mass,saturday,English,,,,,,Vigil
Our Lady of Perpetual Help,"4360 W 5415 S, Kearns, Utah 84118-0306",(385) 343-5625,Mass,Sat,8:45 AM,,Mass,specific_weekday,vietnamese,,,,,,
Our Lady of Perpetual Help,"4360 W 5415 S, Kearns, Utah 84118-0306",(385) 343-5625,Mass,Sat,9:00 AM,,Mass,saturday,english,,,,,,
Our Lady of Perpetual Help,"4360 W 5415 S, Kearns, Utah 84118-0306",(385) 343-5625,Mass,Sun,11:00 AM,,Mass,sunday,English,,,,,,
Our Lady of Perpetual Help,"4360 W 5415 S, Kearns, Utah 84118-0306",(385) 343-5625,Mass,Sun,7:00 PM,,Mass,sunday,English,,,,,,Holiday Obligation
Our Lady of Perpetual Help,"4360 W 5415 S, Kearns, Utah 84118-0306",(385) 343-5625,Mass,Sun,8:00 AM,,Mass,sunday,English,,,,,,Holiday Obligation
Our Lady of Perpetual Help,"4360 W 5415 S, Kearns, Utah 84118-0306",(385) 343-5625,Mass,Sun,9:00 AM,,Mass,sunday,English,,,,,,
Our Lady of Perpetual Help,"4360 W 5415 S, Kearns, Utah 84118-0306",(385) 343-5625,Confession,Sat,4:15 PM,4:45 PM,Confession,saturday,vietnamese,,,,,,also by appointment
Our Lady of Perpetual Help,"4360 W 5415 S, Kearns, Utah 84118-0306",(385) 343-5625,Confession,Sat,4:30 PM,4:45 PM,Confession,saturday,english,,,,,,
Our Lady of Perpetual Help,"4360 W 5415 S, Kearns, Utah 84118-0306",(385) 343-5625,Confession,Sun,10:30 AM,10:50 AM,Confession,sunday,vietnamese,,,,,,also by appointment
Our Lady of Perpetual Help,"4360 W 5415 S, Kearns, Utah 84118-0306",(385) 343-5625,Confession,Sun,8:30 AM,8:50 AM,Confession,sunday,vietnamese,,,,,,also by appointment
Our Lady of Perpetual Help,"4360 W 5415 S, Kearns, Utah 84118-0306",(385) 343-5625,Confession,Sun,9:30 AM,9:50 AM,Confession,sunday,english,,,,,,
Our Lady of Perpetual Help,"4360 W 5415 S, Kearns, Utah 84118-0306",(385) 343-5625,Devotions,Thu,8:15 AM,,Holy Eucharist Benediction,specific_weekday,vietnamese,,,,,,
Our Lady of Perpetual Help,"4360 W 5415 S, Kearns, Utah 84118-0306",(385) 343-5625,Devotions,Fri,8:15 AM,,Holy Eucharist Benediction,specific_weekday,vietnamese,,,,,,
Our Lady of Perpetual Help,"4360 W 5415 S, Kearns, Utah 84118-0306",(385) 343-5625,Devotions,Sat,8:15 AM,,Holy Eucharist Benediction,specific_weekday,vietnamese,,,,,,
Our Lady of Perpetual Help,"4360 W 5415 S, Kearns, Utah 84118-0306",(385) 343-5625,Devotions,Sun,8:15 AM,,Holy Eucharist Benediction,specific_weekday,vietnamese,,,,,,
Our Lady of the Snows Center Station,"10189 E Hwy 210, Alta, Utah 84092",(801) 571-5517,Mass,Sun,5:00 PM,,Mass,sunday,English,Our Lady of the Snows Center Station,,,,,note: from Thanksgiving weekend until the weekend before Easter Sunday
Our Lady of the Snows Center Station,"10189 E Hwy 210, Alta, Utah 84092",(801) 571-5517,Mass,,10:00 AM,,Mass,special_event,English,Our Lady of the Snows Center Station,,2026-04-05,,,Mass
Sacred Heart,", La Sal, Utah 84530",(435) 259-5211,Mass,Sat,7:00 PM,,Mass,other,English,Sacred Heart Catholic Mission,,,,,One each Month; May through September; note: Served by St. Pius X
Sacred Heart,"174 E 900 S, Salt Lake City, Utah 84111",(801) 363-8632,Other,,TBD,,Immaculate Conception,special_event,English,,,2025-12-08,,,Immaculate Conception TIME_TBD; check bulletin
Sacred Heart,"174 E 900 S, Salt Lake City, Utah 84111",(801) 363-8632,Other,,TBD,,Christmas Day,special_event,English,,,2025-12-25,,,Christmas Day TIME_TBD; check bulletin
Sacred Heart,"174 E 900 S, Salt Lake City, Utah 84111",(801) 363-8632,Other,,TBD,,"Mary, Mother of God",special_event,English,,,2026-01-01,,,"Mary, Mother of God TIME_TBD; check bulletin"
Saint Olaf Catholic Church,"276 E 1700 S, Bountiful, UT 84010",+1-801-295-3621,Mass,Mon,6:00 PM,,Mass,specific_weekday,English,St. Olaf Catholic Church,,,,,
Saint Olaf Catholic Church,"276 E 1700 S, Bountiful, UT 84010",+1-801-295-3621,Mass,Tue,8:00 AM,,Mass,specific_weekday,English,St. Olaf Catholic Church,,,,,
Saint Olaf Catholic Church,"276 E 1700 S, Bountiful, UT 84010",+1-801-295-3621,Mass,Wed,8:00 AM,,Mass,specific_weekday,English,St. Olaf Catholic Church,,,,,
Saint Olaf Catholic Church,"276 E 1700 S, Bountiful, UT 84010",+1-801-295-3621,Mass,Wed,9:00 AM,,Mass,specific_weekday,English,St. Olaf Catholic Church,,,,,note: When school is in session
Saint Olaf Catholic Church,"276 E 1700 S, Bountiful, UT 84010",+1-801-295-3621,Mass,Thu,8:00 AM,,Mass,specific_weekday,English,St. Olaf Catholic Church,,,,,
Saint Olaf Catholic Church,"276 E 1700 S, Bountiful, UT 84010",+1-801-295-3621,Mass,Fri,8:00 AM,,Mass,specific_weekday,English,St. Olaf Catholic Church,,,,,
Saint Olaf Catholic Church,"276 E 1700 S, Bountiful, UT 84010",+1-801-295-3621,Mass,Sat,5:30 PM,,Mass,saturday,English,St. Olaf Catholic Church,,,,,vigil
Saint Olaf Catholic Church,"276 E 1700 S, Bountiful, UT 84010",+1-801-295-3621,Mass,Sun,11:30 AM,,Mass,sunday,English,St. Olaf Catholic Church,,,,,
Saint Olaf Catholic Church,"276 E 1700 S, Bountiful, UT 84010",+1-801-295-3621,Mass,Sun,9:00 AM,,Mass,sunday,English,St. Olaf Catholic Church,,,,,
Saint Olaf Catholic Church,"276 E 1700 S, Bountiful, UT 84010",+1-801-295-3621,Mass,,6:30 PM,,Ash Wednesday Masses,special_event,English,St. Olaf Catholic Church,,2026-02-18,,,Ash Wednesday Masses
Saint Olaf Catholic Church,"276 E 1700 S, Bountiful, UT 84010",+1-801-295-3621,Mass,,9:00 AM,,Ash Wednesday Masses,special_event,English,St. Olaf Catholic Church,,2026-02-18,,,Ash Wednesday Masses
Saint Olaf Catholic Church,"276 E 1700 S, Bountiful, UT 84010",+1-801-295-3621,Confession,Sat,4:15 PM,5:15 PM,Reconciliation,saturday,English,church,,,,,note: or by appointment
Saint Olaf Catholic Church,"276 E 1700 S, Bountiful, UT 84010",+1-801-295-3621,Adoration,,9:00 AM,5:00 PM,Eucharistic Adoration,monthly,English,Church,first_friday_(recurring),,,,exposition
Saint Olaf Catholic Church,"276 E 1700 S, Bountiful, UT 84010",+1-801-295-3621,Education,Sun,10:00 AM,11:15 AM,Faith Formation,sunday,English,School,,,,,
Saint Olaf Catholic Church,"276 E 1700 S, Bountiful, UT 84010",+1-801-295-3621,Other,,TBD,,Holy Days of Obligation,parish_event,English,,,,,,check bulletin; note: Call the office at 801.295.3621
San Andres,"315 E 100 N, Payson, Utah 84651",(801) 465-4782,Mass,,TBD,,funeral Mass,special_event,English,"Our Lady of Perpetual Help Catholic Church, Kearns",,2026-01-31,,,funeral Mass TIME_TBD
San Isidro,"12537 W Hwy 6, Elberta, Utah 84651",(801) 465-4782,Mass,,2:00 PM,,funeral Mass,special_event,English,"Our Lady of Perpetual Help Catholic Church, Kearns",,2026-01-31,,,funeral Mass
San Pablo,"721 UT-18, Beryl, Utah 84714",+14356732604,Mass,Fri,7:00 PM,,Mass,specific_weekday,spanish,Church,,,,,
San Pablo,"721 UT-18, Beryl, Utah 84714",+14356732604,Mass,Sun,4:00 PM,,Mass,sunday,English,"San Pablo Mission, Beryl Junction",,,,,
San Pablo,"721 UT-18, Beryl, Utah 84714",+14356732604,Confession,Sat,3:30 PM,4:30 PM,Confession,other,English,Church,,,,,note: Or by Appointment. Please call the Office
San Pablo,"721 UT-18, Beryl, Utah 84714",+14356732604,Confession,Sun,8:15 AM,9:00 AM,Confession,other,English,Church,,,,,
San Pablo,"721 UT-18, Beryl, Utah 84714",+14356732604,Adoration,Tue,9:00 AM,3:00 PM,Adoration,specific_weekday,English,,,,,,
San Pablo,"721 UT-18, Beryl, Utah 84714",+14356732604,Adoration,Wed,9:00 AM,4:00 PM,Adoration,specific_weekday,English,,,,,,
San Pablo,"721 UT-18, Beryl, Utah 84714",+14356732604,Adoration,Thu,9:00 AM,3:00 PM,Adoration,specific_weekday,English,,,,,,
San Pablo,"721 UT-18, Beryl, Utah 84714",+14356732604,Adoration,Fri,9:00 AM,4:00 PM,Adoration,specific_weekday,English,,,,,,
San Pablo,"721 UT-18, Beryl, Utah 84714",+14356732604,Adoration,,7:00 PM,6:00 AM,Adoration,monthly,spanish,,last_friday,,,,Last Friday all night
San Pablo,"721 UT-18, Beryl, Utah 84714",+14356732604,Devotions,Fri,5:00 PM,,Stations of the Cross,specific_weekday,bilingual,Church,,,,,
Santa Ana Mission (St. Henry Parish),"760 W 600 N, Tremonton, Utah 84337",(435) 723-2941,Mass,Sun,12:30 PM,,Mass,sunday,bilingual,Santa Ana Catholic Mission,,,,,
St Elizabeth Catholic Church,"815 UT-118, Central Valley, UT 84754",+1-435-896-5539,Mass,Thu,9:00 AM,,Holy Mass,specific_weekday,English,,,,,,St. Elizabeth Richfield; Central Valley; UT
St Elizabeth Catholic Church,"815 UT-118, Central Valley, UT 84754",+1-435-896-5539,Mass,Sun,8:00 AM,,Holy Mass,sunday,english,,,,,,St. Elizabeth Richfield; Central Valley; UT
St Elizabeth Catholic Church,"815 UT-118, Central Valley, UT 84754",+1-435-896-5539,Mass,Sun,9:20 AM,,Holy Mass,sunday,spanish,,,,,,St. Elizabeth Richfield; Central Valley; UT
St Elizabeth Catholic Church,"815 UT-118, Central Valley, UT 84754",+1-435-896-5539,Confession,Thu,9:40 AM,,Confessions,specific_weekday,English,,,,,,St. Elizabeth Richfield; Central Valley; UT
St Elizabeth Catholic Church,"815 UT-118, Central Valley, UT 84754",+1-435-896-5539,Confession,Thu,TBD,,Confession,other,English,,,,after,Mass,after the Mass; St. Elizabeth Richfield; Central Valley; UT
St Elizabeth Catholic Church,"815 UT-118, Central Valley, UT 84754",+1-435-896-5539,Confession,Sun,TBD,,Confession,other,English,,,,,,before the English Mass; when the priest is available
St Elizabeth Catholic Church,"815 UT-118, Central Valley, UT 84754",+1-435-896-5539,Confession,,TBD,,Confession,other,English,,,,,,by appointment; when needed
St Elizabeth Catholic Church,"815 UT-118, Central Valley, UT 84754",+1-435-896-5539,Adoration,Thu,9:40 AM,,Adoration of the Blessed Sacrament,specific_weekday,English,,,,,,St. Elizabeth Richfield; Central Valley; UT; exposition
St Elizabeth Catholic Church,"815 UT-118, Central Valley, UT 84754",+1-435-896-5539,Education,Sun,10:30 AM,,OCIA,sunday,English,,,,,,St. Elizabeth Richfield; Central Valley; UT
St Jerome Newman Center,"795 N 800 E, Logan, UT 84321",+1-435-753-7670,Mass,Mon,6:00 PM,,Mass,specific_weekday,English,Utah State University,,,,,
St Jerome Newman Center,"795 N 800 E, Logan, UT 84321",+1-435-753-7670,Mass,Wed,7:00 PM,,Mass,specific_weekday,English,Utah State University,,,,,
St Jerome Newman Center,"795 N 800 E, Logan, UT 84321",+1-435-753-7670,Mass,Thu,6:00 PM,,Mass,specific_weekday,English,Utah State University,,,,,
St Jerome Newman Center,"795 N 800 E, Logan, UT 84321",+1-435-753-7670,Mass,Fri,6:00 PM,,Mass,specific_weekday,English,Utah State University,,,,,
St Jerome Newman Center,"795 N 800 E, Logan, UT 84321",+1-435-753-7670,Mass,Sun,6:00 PM,,Mass,sunday,English,Utah State University,,,,,School year
St Jerome Newman Center,"795 N 800 E, Logan, UT 84321",+1-435-753-7670,Confession,Tue,6:00 PM,,Confession,specific_weekday,English,,,,,,and by Appointment
St Jerome Newman Center,"795 N 800 E, Logan, UT 84321",+1-435-753-7670,Confession,Fri,5:00 PM,,Confession,specific_weekday,English,Utah State University,,,,,
St Jerome Newman Center,"795 N 800 E, Logan, UT 84321",+1-435-753-7670,Adoration,Tue,6:00 PM,,Adoration,specific_weekday,English,,,,,,
St Jerome Newman Center,"795 N 800 E, Logan, UT 84321",+1-435-753-7670,Adoration,Tue,TBD,,Adoration of the Most Blessed Sacrament + conffesssions,specific_weekday,English,,,,,,
St Jerome Newman Center,"795 N 800 E, Logan, UT 84321",+1-435-753-7670,Adoration,Fri,5:00 PM,,Adoration,specific_weekday,English,Utah State University,,,,,
St Jerome Newman Center,"795 N 800 E, Logan, UT 84321",+1-435-753-7670,Devotions,Mon,6:30 PM,,Rosary for Pope Francis,specific_weekday,English,,,,,,
St Jerome Newman Center,"795 N 800 E, Logan, UT 84321",+1-435-753-7670,Education,Wed,7:00 PM,,Bible Study,other,English,,,,,,note: Bible Study is held on
St Jerome Newman Center,"795 N 800 E, Logan, UT 84321",+1-435-753-7670,Other,,6:00 PM,,XXXX-04-27,special_event,English,,,,,,Closing Mass and Social; Sunday
St Jerome Newman Center,"795 N 800 E, Logan, UT 84321",+1-435-753-7670,Other,,6:00 PM,,XXXX-XX-XX,special_event,English,,,,,,Mass; First Week of Easter; Mon
St Jerome Newman Center,"795 N 800 E, Logan, UT 84321",+1-435-753-7670,Other,,7:00 PM,,XXXX-XX-XX,special_event,English,,,,,,Memorial Mass for Pope Francis; Wed
St. Ambrose,"2315 E Redondo Ave, Salt Lake City, Utah 84108",(801) 485-5610,Mass,Mon,7:00 AM,,Mass,weekday,English,church,,,,,
St. Ambrose,"2315 E Redondo Ave, Salt Lake City, Utah 84108",(801) 485-5610,Mass,Tue,7:00 AM,,Mass,weekday,English,church,,,,,
St. Ambrose,"2315 E Redondo Ave, Salt Lake City, Utah 84108",(801) 485-5610,Mass,Wed,6:00 PM,,Mass,specific_weekday,latin,church,,,,,
St. Ambrose,"2315 E Redondo Ave, Salt Lake City, Utah 84108",(801) 485-5610,Mass,Wed,7:00 AM,,Mass,weekday,English,church,,,,,
St. Ambrose,"2315 E Redondo Ave, Salt Lake City, Utah 84108",(801) 485-5610,Mass,Thu,7:00 AM,,Mass,weekday,English,church,,,,,
St. Ambrose,"2315 E Redondo Ave, Salt Lake City, Utah 84108",(801) 485-5610,Mass,Fri,6:00 PM,,Mass,specific_weekday,English,church,,,,,note: during Lent; followed by Stations of the Cross
St. Ambrose,"2315 E Redondo Ave, Salt Lake City, Utah 84108",(801) 485-5610,Mass,Fri,7:00 AM,,Mass,weekday,English,church,,,,,
St. Ambrose,"2315 E Redondo Ave, Salt Lake City, Utah 84108",(801) 485-5610,Mass,Sat,5:00 PM,,Mass,saturday,English,church,,,,,vigil
St. Ambrose,"2315 E Redondo Ave, Salt Lake City, Utah 84108",(801) 485-5610,Mass,Sat,9:00 AM,,Mass,saturday,English,church,,,,,
St. Ambrose,"2315 E Redondo Ave, Salt Lake City, Utah 84108",(801) 485-5610,Mass,Sun,11:00 AM,,Mass,sunday,English,church,,,,,
St. Ambrose,"2315 E Redondo Ave, Salt Lake City, Utah 84108",(801) 485-5610,Mass,Sun,5:00 PM,,Mass,sunday,English,church,,,,,note: with Rite of Sending
St. Ambrose,"2315 E Redondo Ave, Salt Lake City, Utah 84108",(801) 485-5610,Mass,Sun,8:30 AM,,Mass,sunday,English,church,,,,,
St. Ambrose,"2315 E Redondo Ave, Salt Lake City, Utah 84108",(801) 485-5610,Mass,,12:00 PM,,Mass,special_event,English,church,,2026-02-18,,,Mass; Ash Wednesday
St. Ambrose,"2315 E Redondo Ave, Salt Lake City, Utah 84108",(801) 485-5610,Mass,,7:00 AM,,Mass,special_event,English,church,,2026-02-18,,,Mass; Ash Wednesday
St. Ambrose,"2315 E Redondo Ave, Salt Lake City, Utah 84108",(801) 485-5610,Mass,,7:00 PM,,Mass,special_event,English,church,,2026-02-18,,,Mass; Ash Wednesday
St. Ambrose,"2315 E Redondo Ave, Salt Lake City, Utah 84108",(801) 485-5610,Confession,Wed,3:00 PM,5:00 PM,Confession,specific_weekday,English,church,,,,,
St. Ambrose,"2315 E Redondo Ave, Salt Lake City, Utah 84108",(801) 485-5610,Confession,Fri,6:30 PM,,Stations of the Cross and Confession,specific_weekday,English,church,,,,,note: during Lent
St. Ambrose,"2315 E Redondo Ave, Salt Lake City, Utah 84108",(801) 485-5610,Confession,Sat,3:00 PM,4:40 PM,Confession,saturday,English,church,,,,,
St. Ambrose,"2315 E Redondo Ave, Salt Lake City, Utah 84108",(801) 485-5610,Confession,Sun,TBD,,Confessions,sunday,English,,,,,,or by appointment
St. Ambrose,"2315 E Redondo Ave, Salt Lake City, Utah 84108",(801) 485-5610,Adoration,Mon,8:00 AM,8:00 PM,Adoration,weekday,English,church,,,,,
St. Ambrose,"2315 E Redondo Ave, Salt Lake City, Utah 84108",(801) 485-5610,Adoration,Tue,8:00 AM,8:00 PM,Adoration,weekday,English,church,,,,,
St. Ambrose,"2315 E Redondo Ave, Salt Lake City, Utah 84108",(801) 485-5610,Adoration,Wed,8:00 AM,8:00 PM,Adoration,weekday,English,church,,,,,
St. Ambrose,"2315 E Redondo Ave, Salt Lake City, Utah 84108",(801) 485-5610,Adoration,Thu,8:00 AM,8:00 PM,Adoration,weekday,English,church,,,,,
St. Ambrose,"2315 E Redondo Ave, Salt Lake City, Utah 84108",(801) 485-5610,Adoration,Fri,8:00 AM,8:00 PM,Adoration,weekday,English,church,,,,,
St. Ambrose,"2315 E Redondo Ave, Salt Lake City, Utah 84108",(801) 485-5610,Devotions,,9:45 AM,,Prayer Group,parish_event,English,church,,,,,
St. Ambrose,"2315 E Redondo Ave, Salt Lake City, Utah 84108",(801) 485-5610,Education,,3:45 PM,,OCIA Scripture Reflection,parish_event,English,library,,,,,
St. Ambrose,"2315 E Redondo Ave, Salt Lake City, Utah 84108",(801) 485-5610,Education,,7:00 PM,9:00 PM,OCIA Session,parish_event,English,library,,,,,
St. Ambrose,"2315 E Redondo Ave, Salt Lake City, Utah 84108",(801) 485-5610,Education,,9:45 AM,,Parish Religious Education Classes,parish_event,English,school,,,,,
St. Ambrose,"2315 E Redondo Ave, Salt Lake City, Utah 84108",(801) 485-5610,Community,,7:00 PM,,Knights of Columbus Fish Supper,parish_event,English,social hall,,,,,
St. Ambrose,"2315 E Redondo Ave, Salt Lake City, Utah 84108",(801) 485-5610,Other,,10:15 AM,,Choir Rehearsal,parish_event,English,library,,,,,
St. Ambrose,"2315 E Redondo Ave, Salt Lake City, Utah 84108",(801) 485-5610,Other,,6:00 PM,,Bethlehem Woodcarvers,special_event,English,vestibule,,2026-02-21,,,Bethlehem Woodcarvers; after 5:00 pm Mass
St. Ambrose,"2315 E Redondo Ave, Salt Lake City, Utah 84108",(801) 485-5610,Other,,6:00 PM,,Choir Rehearsal,parish_event,English,library,,,,,
St. Ambrose,"2315 E Redondo Ave, Salt Lake City, Utah 84108",(801) 485-5610,Sacraments,,6:00 PM,,Baptism,special_event,English,church,,2026-02-21,,,Baptism; after 5:00 pm Mass
St. Andrew,"11835 S 3600 W, Riverton, Utah 84065",(801) 253-6034,Mass,Tue,8:30 AM,,Mass,specific_weekday,spanish,,,,,,
St. Andrew,"11835 S 3600 W, Riverton, Utah 84065",(801) 253-6034,Mass,Wed,8:30 AM,,Mass,specific_weekday,english,,,,,,
St. Andrew,"11835 S 3600 W, Riverton, Utah 84065",(801) 253-6034,Mass,Thu,7:00 PM,,Mass,specific_weekday,spanish,,,,,,
St. Andrew,"11835 S 3600 W, Riverton, Utah 84065",(801) 253-6034,Mass,Fri,8:30 AM,,Mass,specific_weekday,english,,,,,,
St. Andrew,"11835 S 3600 W, Riverton, Utah 84065",(801) 253-6034,Mass,Sat,5:00 PM,,Mass,saturday,english,,,,,,vigil
St. Andrew,"11835 S 3600 W, Riverton, Utah 84065",(801) 253-6034,Mass,Sun,11:00 AM,,Mass,sunday,english,,,,,,
St. Andrew,"11835 S 3600 W, Riverton, Utah 84065",(801) 253-6034,Mass,Sun,8:00 AM,,Mass,sunday,spanish,,,,,,
St. Andrew,"11835 S 3600 W, Riverton, Utah 84065",(801) 253-6034,Confession,Sat,3:45 PM,4:50 PM,Confession,saturday,English,,,,,,
St. Andrew,"11835 S 3600 W, Riverton, Utah 84065",(801) 253-6034,Confession,Sun,10:20 AM,10:50 AM,Confession,sunday,English,,,,,,
St. Andrew,"11835 S 3600 W, Riverton, Utah 84065",(801) 253-6034,Confession,Sun,7:20 AM,7:50 AM,Confession,sunday,English,,,,,,
St. Andrew,"11835 S 3600 W, Riverton, Utah 84065",(801) 253-6034,Adoration,Fri,7:00 PM,9:00 PM,Exposition of the Blessed Sacrament,other,English,,,,,,exposition
St. Ann,"2119 S 400 E, Salt Lake City, Utah 84115",(801) 487-1000,Mass,Mon,9:00 AM,,Mass,specific_weekday,english,,,,,,
St. Ann,"2119 S 400 E, Salt Lake City, Utah 84115",(801) 487-1000,Mass,Tue,9:00 AM,,Mass,specific_weekday,english,,,,,,
St. Ann,"2119 S 400 E, Salt Lake City, Utah 84115",(801) 487-1000,Mass,Wed,9:00 AM,,Mass,specific_weekday,english,,,,,,
St. Ann,"2119 S 400 E, Salt Lake City, Utah 84115",(801) 487-1000,Mass,Thu,7:00 PM,,Mass,specific_weekday,spanish,,,,,,
St. Ann,"2119 S 400 E, Salt Lake City, Utah 84115",(801) 487-1000,Mass,Thu,9:00 AM,,Mass,specific_weekday,english,,,,,,
St. Ann,"2119 S 400 E, Salt Lake City, Utah 84115",(801) 487-1000,Mass,Fri,9:00 AM,,Mass,specific_weekday,english,,,,,,
St. Ann,"2119 S 400 E, Salt Lake City, Utah 84115",(801) 487-1000,Mass,Sat,5:00 PM,,Mass,saturday,english,,,,,,vigil
St. Ann,"2119 S 400 E, Salt Lake City, Utah 84115",(801) 487-1000,Mass,Sat,9:00 AM,,Mass,specific_weekday,english,,,,,,
St. Ann,"2119 S 400 E, Salt Lake City, Utah 84115",(801) 487-1000,Mass,Sun,10:00 AM,,Mass,sunday,english,,,,,,
St. Ann,"2119 S 400 E, Salt Lake City, Utah 84115",(801) 487-1000,Mass,Sun,12:30 PM,,Mass,sunday,spanish,,,,,,
St. Ann,"2119 S 400 E, Salt Lake City, Utah 84115",(801) 487-1000,Mass,Sun,5:30 PM,,Mass,sunday,english,,,,,,youth
St. Ann,"2119 S 400 E, Salt Lake City, Utah 84115",(801) 487-1000,Mass,,10:00 AM,,Palm Sunday Mass,special_event,english,,,2026-03-29,,,Palm Sunday Mass
St. Ann,"2119 S 400 E, Salt Lake City, Utah 84115",(801) 487-1000,Mass,,10:00 AM,,Easter Sunday Mass,special_event,english,,,2026-04-05,,,Easter Sunday Mass
St. Ann,"2119 S 400 E, Salt Lake City, Utah 84115",(801) 487-1000,Mass,,12:30 PM,,Palm Sunday Mass,special_event,spanish,,,2026-03-29,,,Palm Sunday Mass
St. Ann,"2119 S 400 E, Salt Lake City, Utah 84115",(801) 487-1000,Mass,,12:30 PM,,Easter Sunday Mass,special_event,spanish,,,2026-04-05,,,Easter Sunday Mass
St. Ann,"2119 S 400 E, Salt Lake City, Utah 84115",(801) 487-1000,Mass,,5:00 PM,,Palm Sunday Vigil Mass,special_event,english,,,2026-03-28,,,Palm Sunday Vigil Mass
St. Ann,"2119 S 400 E, Salt Lake City, Utah 84115",(801) 487-1000,Mass,,5:30 PM,,Palm Sunday Mass,special_event,english,,,2026-03-29,,,Palm Sunday Mass
St. Ann,"2119 S 400 E, Salt Lake City, Utah 84115",(801) 487-1000,Mass,,5:30 PM,,Easter Sunday Mass,special_event,english,,,2026-04-05,,,Easter Sunday Mass
St. Ann,"2119 S 400 E, Salt Lake City, Utah 84115",(801) 487-1000,Mass,,6:00 PM,,Holy Thursday Mass,special_event,bilingual,,,2026-04-02,,,Holy Thursday Mass; note: Last Supper & Washing of Feet
St. Ann,"2119 S 400 E, Salt Lake City, Utah 84115",(801) 487-1000,Mass,,7:00 PM,,Ash Wednesday Mass,special_event,bilingual,,,2026-02-18,,,Ash Wednesday Mass
St. Ann,"2119 S 400 E, Salt Lake City, Utah 84115",(801) 487-1000,Mass,,9:00 AM,,Ash Wednesday Mass,special_event,english,,,2026-02-18,,,Ash Wednesday Mass
St. Ann,"2119 S 400 E, Salt Lake City, Utah 84115",(801) 487-1000,Mass,,9:00 PM,,Easter Vigil Mass,special_event,bilingual,,,2026-04-04,,,Easter Vigil Mass
St. Ann,"2119 S 400 E, Salt Lake City, Utah 84115",(801) 487-1000,Confession,Mon,9:30 AM,,Reconciliation,specific_weekday,English,,,,,,note: After 09:00 Daily Mass
St. Ann,"2119 S 400 E, Salt Lake City, Utah 84115",(801) 487-1000,Confession,Tue,9:30 AM,,Reconciliation,specific_weekday,English,,,,,,note: After 09:00 Daily Mass
St. Ann,"2119 S 400 E, Salt Lake City, Utah 84115",(801) 487-1000,Confession,Wed,9:30 AM,,Reconciliation,specific_weekday,English,,,,,,note: After 09:00 Daily Mass
St. Ann,"2119 S 400 E, Salt Lake City, Utah 84115",(801) 487-1000,Confession,Thu,9:30 AM,,Reconciliation,specific_weekday,English,,,,,,note: After 09:00 Daily Mass
St. Ann,"2119 S 400 E, Salt Lake City, Utah 84115",(801) 487-1000,Confession,Fri,9:30 AM,,Reconciliation,specific_weekday,English,,,,,,note: After 09:00 Daily Mass
St. Ann,"2119 S 400 E, Salt Lake City, Utah 84115",(801) 487-1000,Confession,Sat,3:30 PM,4:30 PM,Reconciliation,saturday,English,,,,,,
St. Ann,"2119 S 400 E, Salt Lake City, Utah 84115",(801) 487-1000,Adoration,Thu,6:00 PM,,Adoration,specific_weekday,English,,,,,,
St. Ann,"2119 S 400 E, Salt Lake City, Utah 84115",(801) 487-1000,Adoration,Thu,9:30 AM,,Adoration,specific_weekday,English,,,,,,
St. Ann,"2119 S 400 E, Salt Lake City, Utah 84115",(801) 487-1000,Adoration,,9:30 AM,,Adoration,monthly,English,,first_friday_(recurring),,,,note: After 09:00 Mass
St. Ann,"2119 S 400 E, Salt Lake City, Utah 84115",(801) 487-1000,Adoration,,9:30 AM,,Adoration,monthly,English,,first_friday,,,,note: Not on the Wednesday of First Friday
St. Ann,"2119 S 400 E, Salt Lake City, Utah 84115",(801) 487-1000,Adoration,,9:30 AM,,Adoration,monthly,English,,first_friday,,,,note: Not on the Wednesday of First Friday
St. Ann,"2119 S 400 E, Salt Lake City, Utah 84115",(801) 487-1000,Devotions,Fri,7:00 PM,8:00 PM,Stations of the Cross,other,bilingual,,,,,,Every of Lent
St. Ann,"2119 S 400 E, Salt Lake City, Utah 84115",(801) 487-1000,Other,,3:00 PM,,Good Friday Service,special_event,bilingual,,,2026-04-03,,,Good Friday Service; note: Veneration of the Cross
St. Anthony of Padua,"7 S Main, Helper, Utah 84526",(435) 472-3235,Other,,TBD,,Exposición de arte de los estudiantes de la escuela Católica de St. Marguerite abierta al público,special_event,English,,,2026-01-30,,,Exposición de arte de los estudiantes de la escuela Católica de St. Marguerite abierta al público; Cortesía de la Escuela Católica de St. Marguerite; En la Escuela Católica de Saint Marguerite; presentan la exposición de arte 2025-2026
St. Anthony of Padua,"7 S Main, Helper, Utah 84526",(435) 472-3235,Other,,TBD,,Local group begins planning to attend World Youth Day 2027 in Seoul,special_event,English,,,2026-01-30,,,Local group begins planning to attend World Youth Day 2027 in Seoul; Laura Vallejo; Young people from the Diocese of Salt Lake City are starting to prepare to attend World Youth Day 2027; which will take place in Seoul; South Korea; Aug. 1- 10; 2027.
St. Anthony of Padua,"7 S Main, Helper, Utah 84526",(435) 472-3235,Other,,TBD,,Student art show open to the public,special_event,English,,,2026-01-30,,,Student art show open to the public; The 2025-2026 art show at Saint Marguerite Catholic School is going on now.
St. Anthony of Padua,"7 S Main, Helper, Utah 84526",(435) 472-3235,Other,,TBD,,Jason Nguyen Tran,special_event,English,,,2026-02-02,,,Jason Nguyen Tran; funeral Mass was celebrated Saturday; January 31; 2026; at Our Lady of Perpetual Help Catholic Church; Kearns
St. Anthony of Padua,"7 S Main, Helper, Utah 84526",(435) 472-3235,Other,,TBD,,Comienzan los preparativos para formar una delegación diocesana para la JMJ 2027,special_event,English,,,2026-02-02,,,Comienzan los preparativos para formar una delegación diocesana para la JMJ 2027; Laura Vallejo
St. Anthony of Padua,"7 S Main, Helper, Utah 84526",(435) 472-3235,Other,,TBD,,Juan Diego students walk out to protest ICE and support immigrants,special_event,English,,,2026-02-03,,,Juan Diego students walk out to protest ICE and support immigrants; Linda Petersen; Intermountain Catholic
St. Bridget,"210 S 1st W, Milford, Utah 84624",(435) 864-3710,Mass,Sat,5:00 PM,,Mass,saturday,bilingual,Saint Bridget Catholic Church,,,,,
St. Bridget,"210 S 1st W, Milford, Utah 84624",(435) 864-3710,Adoration,Sat,4:00 PM,,Adoration,saturday,English,Saint Bridget Catholic Church,,,,,
St. Catherine of Siena Catholic Newman Center (Univ. of Utah),"170 S University St, Salt Lake City, Utah 84102",(801) 359-6066,Mass,Mon,6:00 PM,,Mass,specific_weekday,English,,,,,,
St. Catherine of Siena Catholic Newman Center (Univ. of Utah),"170 S University St, Salt Lake City, Utah 84102",(801) 359-6066,Mass,Mon,6:00 PM,,Mass,weekday,English,,,,,,
St. Catherine of Siena Catholic Newman Center (Univ. of Utah),"170 S University St, Salt Lake City, Utah 84102",(801) 359-6066,Mass,Tue,6:00 PM,,Mass,weekday,English,,,,,,
St. Catherine of Siena Catholic Newman Center (Univ. of Utah),"170 S University St, Salt Lake City, Utah 84102",(801) 359-6066,Mass,Tue,6:00 PM,,Mass,specific_weekday,English,,,,,,
St. Catherine of Siena Catholic Newman Center (Univ. of Utah),"170 S University St, Salt Lake City, Utah 84102",(801) 359-6066,Mass,Wed,6:00 PM,,Mass,specific_weekday,English,,,,,,
St. Catherine of Siena Catholic Newman Center (Univ. of Utah),"170 S University St, Salt Lake City, Utah 84102",(801) 359-6066,Mass,Wed,6:00 PM,,Mass,weekday,English,,,,,,
St. Catherine of Siena Catholic Newman Center (Univ. of Utah),"170 S University St, Salt Lake City, Utah 84102",(801) 359-6066,Mass,Thu,6:00 PM,,Mass,weekday,English,,,,,,
St. Catherine of Siena Catholic Newman Center (Univ. of Utah),"170 S University St, Salt Lake City, Utah 84102",(801) 359-6066,Mass,Thu,6:00 PM,,Mass,specific_weekday,English,,,,,,
St. Catherine of Siena Catholic Newman Center (Univ. of Utah),"170 S University St, Salt Lake City, Utah 84102",(801) 359-6066,Mass,Fri,6:00 PM,,Mass,weekday,English,,,,,,
St. Catherine of Siena Catholic Newman Center (Univ. of Utah),"170 S University St, Salt Lake City, Utah 84102",(801) 359-6066,Mass,Fri,6:00 PM,,Mass,specific_weekday,English,,,,,,
St. Catherine of Siena Catholic Newman Center (Univ. of Utah),"170 S University St, Salt Lake City, Utah 84102",(801) 359-6066,Mass,Sat,5:00 PM,,Mass,saturday,English,,,,,,vigil; Vigil
St. Catherine of Siena Catholic Newman Center (Univ. of Utah),"170 S University St, Salt Lake City, Utah 84102",(801) 359-6066,Mass,Sun,10:45 AM,,Mass,sunday,English,,,,,,Solemn
St. Catherine of Siena Catholic Newman Center (Univ. of Utah),"170 S University St, Salt Lake City, Utah 84102",(801) 359-6066,Mass,Sun,6:30 PM,,Mass,sunday,English,,,,,,youth; Student Mass
St. Catherine of Siena Catholic Newman Center (Univ. of Utah),"170 S University St, Salt Lake City, Utah 84102",(801) 359-6066,Mass,Sun,8:30 AM,,Mass,sunday,English,,,,,,Quiet
St. Catherine of Siena Catholic Newman Center (Univ. of Utah),"170 S University St, Salt Lake City, Utah 84102",(801) 359-6066,Confession,Mon,5:30 PM,,Confession,specific_weekday,English,,,,,,
St. Catherine of Siena Catholic Newman Center (Univ. of Utah),"170 S University St, Salt Lake City, Utah 84102",(801) 359-6066,Confession,Mon,5:30 PM,5:50 PM,Confession,weekday,English,,,,,,
St. Catherine of Siena Catholic Newman Center (Univ. of Utah),"170 S University St, Salt Lake City, Utah 84102",(801) 359-6066,Confession,Tue,5:30 PM,5:50 PM,Confession,weekday,English,,,,,,
St. Catherine of Siena Catholic Newman Center (Univ. of Utah),"170 S University St, Salt Lake City, Utah 84102",(801) 359-6066,Confession,Tue,5:30 PM,,Confession,specific_weekday,English,,,,,,
St. Catherine of Siena Catholic Newman Center (Univ. of Utah),"170 S University St, Salt Lake City, Utah 84102",(801) 359-6066,Confession,Wed,5:30 PM,,Confession,specific_weekday,English,,,,,,
St. Catherine of Siena Catholic Newman Center (Univ. of Utah),"170 S University St, Salt Lake City, Utah 84102",(801) 359-6066,Confession,Wed,5:30 PM,5:50 PM,Confession,weekday,English,,,,,,
St. Catherine of Siena Catholic Newman Center (Univ. of Utah),"170 S University St, Salt Lake City, Utah 84102",(801) 359-6066,Confession,Thu,5:30 PM,,Confession,specific_weekday,English,,,,,,
St. Catherine of Siena Catholic Newman Center (Univ. of Utah),"170 S University St, Salt Lake City, Utah 84102",(801) 359-6066,Confession,Thu,5:30 PM,5:50 PM,Confession,weekday,English,,,,,,
St. Catherine of Siena Catholic Newman Center (Univ. of Utah),"170 S University St, Salt Lake City, Utah 84102",(801) 359-6066,Confession,Fri,5:30 PM,5:50 PM,Confession,weekday,English,,,,,,
St. Catherine of Siena Catholic Newman Center (Univ. of Utah),"170 S University St, Salt Lake City, Utah 84102",(801) 359-6066,Confession,Fri,5:30 PM,,Confession,specific_weekday,English,,,,,,
St. Catherine of Siena Catholic Newman Center (Univ. of Utah),"170 S University St, Salt Lake City, Utah 84102",(801) 359-6066,Confession,Sat,4:00 PM,5:00 PM,Confession,saturday,English,,,,,,
St. Catherine of Siena Catholic Newman Center (Univ. of Utah),"170 S University St, Salt Lake City, Utah 84102",(801) 359-6066,Confession,Sat,4:15 PM,,Confession,specific_weekday,English,,,,,,
St. Catherine of Siena Catholic Newman Center (Univ. of Utah),"170 S University St, Salt Lake City, Utah 84102",(801) 359-6066,Confession,Sun,5:30 PM,,Confession,specific_weekday,English,,,,,,
St. Catherine of Siena Catholic Newman Center (Univ. of Utah),"170 S University St, Salt Lake City, Utah 84102",(801) 359-6066,Confession,Sun,5:30 PM,6:30 PM,Confession,sunday,English,,,,,,
St. Catherine of Siena Catholic Newman Center (Univ. of Utah),"170 S University St, Salt Lake City, Utah 84102",(801) 359-6066,Adoration,Mon,5:00 PM,,Adoration,specific_weekday,English,,,,,,
St. Catherine of Siena Catholic Newman Center (Univ. of Utah),"170 S University St, Salt Lake City, Utah 84102",(801) 359-6066,Adoration,Mon,5:00 PM,6:00 PM,Adoration,weekday,English,,,,,,
St. Catherine of Siena Catholic Newman Center (Univ. of Utah),"170 S University St, Salt Lake City, Utah 84102",(801) 359-6066,Adoration,Tue,5:00 PM,6:00 PM,Adoration,weekday,English,,,,,,
St. Catherine of Siena Catholic Newman Center (Univ. of Utah),"170 S University St, Salt Lake City, Utah 84102",(801) 359-6066,Adoration,Tue,5:00 PM,,Adoration,specific_weekday,English,,,,,,
St. Catherine of Siena Catholic Newman Center (Univ. of Utah),"170 S University St, Salt Lake City, Utah 84102",(801) 359-6066,Adoration,Wed,5:00 PM,,Adoration,specific_weekday,English,,,,,,
St. Catherine of Siena Catholic Newman Center (Univ. of Utah),"170 S University St, Salt Lake City, Utah 84102",(801) 359-6066,Adoration,Wed,5:00 PM,6:00 PM,Adoration,weekday,English,,,,,,
St. Catherine of Siena Catholic Newman Center (Univ. of Utah),"170 S University St, Salt Lake City, Utah 84102",(801) 359-6066,Adoration,Thu,5:00 PM,6:00 PM,Adoration,weekday,English,,,,,,
St. Catherine of Siena Catholic Newman Center (Univ. of Utah),"170 S University St, Salt Lake City, Utah 84102",(801) 359-6066,Adoration,Thu,5:00 PM,,Adoration,specific_weekday,English,,,,,,
St. Catherine of Siena Catholic Newman Center (Univ. of Utah),"170 S University St, Salt Lake City, Utah 84102",(801) 359-6066,Adoration,Fri,5:00 PM,6:00 PM,Adoration,weekday,English,,,,,,
St. Catherine of Siena Catholic Newman Center (Univ. of Utah),"170 S University St, Salt Lake City, Utah 84102",(801) 359-6066,Adoration,Fri,5:00 PM,,Adoration,specific_weekday,English,,,,,,
St. Catherine of Siena Catholic Newman Center (Univ. of Utah),"170 S University St, Salt Lake City, Utah 84102",(801) 359-6066,Adoration,Sat,4:00 PM,,Adoration,specific_weekday,English,,,,,,
St. Catherine of Siena Catholic Newman Center (Univ. of Utah),"170 S University St, Salt Lake City, Utah 84102",(801) 359-6066,Adoration,Sat,4:00 PM,,Adoration,saturday,English,,,,,,
St. Catherine of Siena Catholic Newman Center (Univ. of Utah),"170 S University St, Salt Lake City, Utah 84102",(801) 359-6066,Adoration,Sun,5:30 PM,,Adoration,specific_weekday,English,,,,,,
St. Catherine of Siena Catholic Newman Center (Univ. of Utah),"170 S University St, Salt Lake City, Utah 84102",(801) 359-6066,Adoration,Sun,5:30 PM,,Adoration,sunday,English,,,,,,
St. Catherine of Siena Catholic Newman Center (Univ. of Utah),"170 S University St, Salt Lake City, Utah 84102",(801) 359-6066,Devotions,Mon,5:00 PM,,Liturgy of the Hours (Evening Prayer,weekday,English,,,,,,Vespers
St. Catherine of Siena Catholic Newman Center (Univ. of Utah),"170 S University St, Salt Lake City, Utah 84102",(801) 359-6066,Devotions,Tue,5:00 PM,,Liturgy of the Hours (Evening Prayer,weekday,English,,,,,,Vespers
St. Catherine of Siena Catholic Newman Center (Univ. of Utah),"170 S University St, Salt Lake City, Utah 84102",(801) 359-6066,Devotions,Wed,5:00 PM,,Liturgy of the Hours (Evening Prayer,weekday,English,,,,,,Vespers
St. Catherine of Siena Catholic Newman Center (Univ. of Utah),"170 S University St, Salt Lake City, Utah 84102",(801) 359-6066,Devotions,Thu,5:00 PM,,Liturgy of the Hours (Evening Prayer,weekday,English,,,,,,Vespers
St. Catherine of Siena Catholic Newman Center (Univ. of Utah),"170 S University St, Salt Lake City, Utah 84102",(801) 359-6066,Devotions,Fri,5:00 PM,,Liturgy of the Hours (Evening Prayer,weekday,English,,,,,,Vespers
St. Catherine of Siena Catholic Newman Center (Univ. of Utah),"170 S University St, Salt Lake City, Utah 84102",(801) 359-6066,Devotions,Sat,4:00 PM,,Evening Prayer,specific_weekday,English,,,,,,Vespers
St. Catherine of Siena Catholic Newman Center (Univ. of Utah),"170 S University St, Salt Lake City, Utah 84102",(801) 359-6066,Other,Mon,5:00 PM,,Liturgy of the Hours,specific_weekday,English,,,,,,
St. Catherine of Siena Catholic Newman Center (Univ. of Utah),"170 S University St, Salt Lake City, Utah 84102",(801) 359-6066,Other,Tue,5:00 PM,,Liturgy of the Hours,specific_weekday,English,,,,,,
St. Catherine of Siena Catholic Newman Center (Univ. of Utah),"170 S University St, Salt Lake City, Utah 84102",(801) 359-6066,Other,Wed,5:00 PM,,Liturgy of the Hours,specific_weekday,English,,,,,,
St. Catherine of Siena Catholic Newman Center (Univ. of Utah),"170 S University St, Salt Lake City, Utah 84102",(801) 359-6066,Other,Thu,5:00 PM,,Liturgy of the Hours,specific_weekday,English,,,,,,
St. Catherine of Siena Catholic Newman Center (Univ. of Utah),"170 S University St, Salt Lake City, Utah 84102",(801) 359-6066,Other,Fri,5:00 PM,,Liturgy of the Hours,specific_weekday,English,,,,,,
St. Catherine of Siena Catholic Newman Center (Univ. of Utah),"170 S University St, Salt Lake City, Utah 84102",(801) 359-6066,Other,,8:30 AM,10:00 PM,Hours,daily,English,,,,,,
St. Christopher,"39 W 200 S, Kanab, Utah 84741-3423",(435) 644-3414,Mass,Mon,8:00 AM,,Mass,specific_weekday,English,"Kanab, UT",,,,,
St. Christopher,"39 W 200 S, Kanab, Utah 84741-3423",(435) 644-3414,Mass,Tue,8:00 AM,,Mass,specific_weekday,English,"Kanab, UT",,,,,
St. Christopher,"39 W 200 S, Kanab, Utah 84741-3423",(435) 644-3414,Mass,Wed,8:00 AM,,Mass,specific_weekday,English,"Kanab, UT",,,,,
St. Christopher,"39 W 200 S, Kanab, Utah 84741-3423",(435) 644-3414,Mass,Thu,8:00 AM,,Mass,specific_weekday,English,"Kanab, UT",,,,,
St. Christopher,"39 W 200 S, Kanab, Utah 84741-3423",(435) 644-3414,Mass,Fri,8:00 AM,,Mass,specific_weekday,English,"Kanab, UT",,,,,
St. Christopher,"39 W 200 S, Kanab, Utah 84741-3423",(435) 644-3414,Mass,Sat,5:30 PM,,Vigil Mass,saturday,English,"Kanab, UT",,,,,suspended indefinitely
St. Christopher,"39 W 200 S, Kanab, Utah 84741-3423",(435) 644-3414,Mass,Sat,8:00 AM,,Mass,specific_weekday,English,"Kanab, UT",,,,,
St. Christopher,"39 W 200 S, Kanab, Utah 84741-3423",(435) 644-3414,Mass,Sun,9:00 AM,,Mass,sunday,English,"Kanab, UT",,,,,
St. Christopher,"39 W 200 S, Kanab, Utah 84741-3423",(435) 644-3414,Mass,,7:00 PM,,CHRISTMAS EVE Vigil Mass,special_event,English,"Kanab, UT",,2025-12-24,,,CHRISTMAS EVE Vigil Mass
St. Christopher,"39 W 200 S, Kanab, Utah 84741-3423",(435) 644-3414,Mass,,9:00 AM,,CHRISTMAS DAY Mass,special_event,English,"Kanab, UT",,2025-12-25,,,CHRISTMAS DAY Mass
St. Christopher,"39 W 200 S, Kanab, Utah 84741-3423",(435) 644-3414,Adoration,Thu,4:00 PM,5:00 PM,Adoration of the Blessed Sacrament,specific_weekday,English,"Kanab, UT",,,,,exposition; benediction
St. Christopher,"39 W 200 S, Kanab, Utah 84741-3423",(435) 644-3414,Devotions,Mon,8:30 AM,,Rosary,specific_weekday,English,"Kanab, UT",,,,,
St. Christopher,"39 W 200 S, Kanab, Utah 84741-3423",(435) 644-3414,Devotions,Fri,5:30 PM,,Rosary and Psalms of Lamentation,specific_weekday,English,"Kanab, UT",,,,,
St. Christopher,"39 W 200 S, Kanab, Utah 84741-3423",(435) 644-3414,Devotions,Fri,6:00 PM,,Stations of the Cross,specific_weekday,English,"Kanab, UT",,,,,During Lent
St. Dominic,"S 100 W, Bryce Canyon City, Utah 84764",(435) 586-8298,Mass,Mon,9:00 AM,,Mass,weekday,english,,,,,,note: Mass or Communion Service
St. Dominic,"S 100 W, Bryce Canyon City, Utah 84764",(435) 586-8298,Mass,Tue,9:00 AM,,Mass,weekday,english,,,,,,note: Mass or Communion Service
St. Dominic,"S 100 W, Bryce Canyon City, Utah 84764",(435) 586-8298,Mass,Wed,9:00 AM,,Mass,weekday,english,,,,,,note: Mass or Communion Service
St. Dominic,"S 100 W, Bryce Canyon City, Utah 84764",(435) 586-8298,Mass,Thu,9:00 AM,,Mass,weekday,english,,,,,,note: Mass or Communion Service
St. Dominic,"S 100 W, Bryce Canyon City, Utah 84764",(435) 586-8298,Mass,Fri,9:00 AM,,Mass,weekday,english,,,,,,note: Mass or Communion Service
St. Dominic,"S 100 W, Bryce Canyon City, Utah 84764",(435) 586-8298,Mass,Sat,4:30 PM,,Mass,saturday,English,,,,,,tags: vigil
St. Dominic,"S 100 W, Bryce Canyon City, Utah 84764",(435) 586-8298,Mass,Sun,11:15 AM,,Mass,sunday,spanish,,,,,,
St. Dominic,"S 100 W, Bryce Canyon City, Utah 84764",(435) 586-8298,Mass,Sun,12:15 PM,,Mass,sunday,English,St. Dominic,,,,,note: Memorial Day – Labor Day
St. Dominic,"S 100 W, Bryce Canyon City, Utah 84764",(435) 586-8298,Mass,Sun,8:30 AM,,Mass,sunday,english,,,,,,
St. Dominic,"S 100 W, Bryce Canyon City, Utah 84764",(435) 586-8298,Mass,,6:00 PM,7:00 PM,Mass,other,English,,,,,,Holy Days
St. Dominic,"S 100 W, Bryce Canyon City, Utah 84764",(435) 586-8298,Mass,,9:00 AM,10:00 AM,Mass,other,English,,,,,,Holy Days
St. Dominic,"S 100 W, Bryce Canyon City, Utah 84764",(435) 586-8298,Confession,Wed,5:00 PM,7:00 PM,Reconciliation,specific_weekday,English,,,,,,
St. Dominic,"S 100 W, Bryce Canyon City, Utah 84764",(435) 586-8298,Confession,,12:45 AM,,Reconciliation,parish_event,English,,,,,,before Weekend Mass; check bulletin; note: or by Appointment
St. Dominic,"S 100 W, Bryce Canyon City, Utah 84764",(435) 586-8298,Adoration,Mon,8:00 AM,9:00 AM,Adoration,weekday,English,,,,,,tags: exposition
St. Dominic,"S 100 W, Bryce Canyon City, Utah 84764",(435) 586-8298,Adoration,Tue,8:00 AM,9:00 AM,Adoration,weekday,English,,,,,,tags: exposition
St. Dominic,"S 100 W, Bryce Canyon City, Utah 84764",(435) 586-8298,Adoration,Wed,5:00 PM,7:00 PM,Adoration,specific_weekday,English,,,,,,tags: exposition
St. Dominic,"S 100 W, Bryce Canyon City, Utah 84764",(435) 586-8298,Adoration,Wed,8:00 AM,9:00 AM,Adoration,weekday,English,,,,,,tags: exposition
St. Dominic,"S 100 W, Bryce Canyon City, Utah 84764",(435) 586-8298,Adoration,Thu,8:00 AM,9:00 AM,Adoration,weekday,English,,,,,,tags: exposition
St. Dominic,"S 100 W, Bryce Canyon City, Utah 84764",(435) 586-8298,Adoration,Fri,8:00 AM,9:00 AM,Adoration,weekday,English,,,,,,tags: exposition
St. Elizabeth,"810 N SR 118, Central Valley, Utah 84754",(435) 896-5539,Other,,11:00 AM,,A Fit for All Families celebration,special_event,English,"Juan Diego Catholic High School, 300 East 11800 South, Draper",,2026-01-24,,,A Fit for All Families celebration; ends Jan 24 at 13:30
St. Elizabeth,"810 N SR 118, Central Valley, Utah 84754",(435) 896-5539,Other,,TBD,,RITE OF ELECTION /CALL TO CONTINUING CONVERSION,special_event,English,,,2026-01-26,,,RITE OF ELECTION /CALL TO CONTINUING CONVERSION; Submit one application for each Catechumen/Candidate by January 26; 2026
St. Elizabeth,"810 N SR 118, Central Valley, Utah 84754",(435) 896-5539,Other,,TBD,,Festival Coral de Escuelas Preparatorias Católicas,special_event,English,,,2026-01-30,,,Festival Coral de Escuelas Preparatorias Católicas
St. Francis Xavier,"4501 W 5215 S, Kearns, Utah 84118",(801) 968-2123,Mass,Mon,11:00 AM,,Mass,specific_weekday,english,Church,,,,,
St. Francis Xavier,"4501 W 5215 S, Kearns, Utah 84118",(801) 968-2123,Mass,Tue,6:00 PM,,Mass,specific_weekday,spanish,Church,,,,,
St. Francis Xavier,"4501 W 5215 S, Kearns, Utah 84118",(801) 968-2123,Mass,Tue,9:00 AM,,Mass,specific_weekday,english,Church,,,,,
St. Francis Xavier,"4501 W 5215 S, Kearns, Utah 84118",(801) 968-2123,Mass,Wed,11:00 AM,,Mass,specific_weekday,english,Church,,,,,
St. Francis Xavier,"4501 W 5215 S, Kearns, Utah 84118",(801) 968-2123,Mass,Wed,6:00 PM,,Mass,specific_weekday,spanish,Church,,,,,
St. Francis Xavier,"4501 W 5215 S, Kearns, Utah 84118",(801) 968-2123,Mass,Thu,11:00 AM,,Mass,specific_weekday,english,Church,,,,,
St. Francis Xavier,"4501 W 5215 S, Kearns, Utah 84118",(801) 968-2123,Mass,Thu,6:00 PM,,Mass,specific_weekday,spanish,Church,,,,,
St. Francis Xavier,"4501 W 5215 S, Kearns, Utah 84118",(801) 968-2123,Mass,Fri,11:00 AM,,Mass,specific_weekday,english,Church,,,,,
St. Francis Xavier,"4501 W 5215 S, Kearns, Utah 84118",(801) 968-2123,Mass,Sat,5:00 PM,,Mass,saturday,english,,,,,,vigil
St. Francis Xavier,"4501 W 5215 S, Kearns, Utah 84118",(801) 968-2123,Mass,Sat,6:30 PM,,Mass,saturday,spanish,,,,,,vigil
St. Francis Xavier,"4501 W 5215 S, Kearns, Utah 84118",(801) 968-2123,Mass,Sun,11:00 AM,,Mass,sunday,spanish,,,,,,
St. Francis Xavier,"4501 W 5215 S, Kearns, Utah 84118",(801) 968-2123,Mass,Sun,1:00 PM,,Mass,sunday,spanish,,,,,,
St. Francis Xavier,"4501 W 5215 S, Kearns, Utah 84118",(801) 968-2123,Mass,Sun,7:30 AM,,Mass,sunday,spanish,,,,,,
St. Francis Xavier,"4501 W 5215 S, Kearns, Utah 84118",(801) 968-2123,Mass,Sun,9:30 AM,,Mass,sunday,english,,,,,,
St. Francis Xavier,"4501 W 5215 S, Kearns, Utah 84118",(801) 968-2123,Confession,Mon,3:30 PM,,Confessions,specific_weekday,English,Church,,,,,
St. Francis Xavier,"4501 W 5215 S, Kearns, Utah 84118",(801) 968-2123,Confession,Tue,3:30 PM,,Confessions,specific_weekday,English,Church,,,,,
St. Francis Xavier,"4501 W 5215 S, Kearns, Utah 84118",(801) 968-2123,Confession,Tue,3:30 PM,4:30 PM,Confessions,specific_weekday,English,,,,,,
St. Francis Xavier,"4501 W 5215 S, Kearns, Utah 84118",(801) 968-2123,Confession,Wed,3:30 PM,4:30 PM,Confessions,specific_weekday,English,,,,,,
St. Francis Xavier,"4501 W 5215 S, Kearns, Utah 84118",(801) 968-2123,Adoration,Tue,11:30 AM,5:45 PM,Exposition of the Holy Sacrament,specific_weekday,English,,,,,,
St. Francis Xavier,"4501 W 5215 S, Kearns, Utah 84118",(801) 968-2123,Adoration,Wed,11:30 AM,5:45 PM,Exposition of the Holy Sacrament,specific_weekday,English,,,,,,
St. Francis Xavier,"4501 W 5215 S, Kearns, Utah 84118",(801) 968-2123,Devotions,Mon,TBD,,Rosary,other,spanish,,,,before,Mass,25 minutes before Mass
St. Francis Xavier,"4501 W 5215 S, Kearns, Utah 84118",(801) 968-2123,Devotions,Tue,TBD,,Rosary,other,spanish,,,,before,Mass,25 minutes before Mass
St. Francis Xavier,"4501 W 5215 S, Kearns, Utah 84118",(801) 968-2123,Devotions,Wed,TBD,,Rosary,other,spanish,,,,before,Mass,25 minutes before Mass
St. Francis Xavier,"4501 W 5215 S, Kearns, Utah 84118",(801) 968-2123,Devotions,Thu,TBD,,Rosary,other,spanish,,,,before,Mass,25 minutes before Mass
St. Francis Xavier,"4501 W 5215 S, Kearns, Utah 84118",(801) 968-2123,Devotions,Fri,TBD,,Rosary,other,spanish,,,,before,Mass,25 minutes before Mass
St. Francis Xavier,"4501 W 5215 S, Kearns, Utah 84118",(801) 968-2123,Devotions,,5:30 PM,,Stations of the Cross,special_event,english,,,2026-02-20,,,Stations of the Cross
St. Francis Xavier,"4501 W 5215 S, Kearns, Utah 84118",(801) 968-2123,Devotions,,5:30 PM,,Stations of the Cross,special_event,english,,,2026-02-27,,,Stations of the Cross
St. Francis Xavier,"4501 W 5215 S, Kearns, Utah 84118",(801) 968-2123,Devotions,,5:30 PM,,Stations of the Cross,special_event,english,,,2026-03-06,,,Stations of the Cross
St. Francis Xavier,"4501 W 5215 S, Kearns, Utah 84118",(801) 968-2123,Devotions,,5:30 PM,,Stations of the Cross,special_event,english,,,2026-03-13,,,Stations of the Cross
St. Francis Xavier,"4501 W 5215 S, Kearns, Utah 84118",(801) 968-2123,Devotions,,5:30 PM,,Stations of the Cross,special_event,english,,,2026-03-20,,,Stations of the Cross
St. Francis Xavier,"4501 W 5215 S, Kearns, Utah 84118",(801) 968-2123,Devotions,,5:30 PM,,Stations of the Cross,special_event,english,,,2026-03-27,,,Stations of the Cross
St. Francis Xavier,"4501 W 5215 S, Kearns, Utah 84118",(801) 968-2123,Devotions,,7:00 PM,,Stations of the Cross,special_event,spanish,,,2026-02-20,,,Stations of the Cross
St. Francis Xavier,"4501 W 5215 S, Kearns, Utah 84118",(801) 968-2123,Devotions,,7:00 PM,,Stations of the Cross,special_event,spanish,,,2026-02-27,,,Stations of the Cross
St. Francis Xavier,"4501 W 5215 S, Kearns, Utah 84118",(801) 968-2123,Devotions,,7:00 PM,,Stations of the Cross,special_event,spanish,,,2026-03-06,,,Stations of the Cross
St. Francis Xavier,"4501 W 5215 S, Kearns, Utah 84118",(801) 968-2123,Devotions,,7:00 PM,,Stations of the Cross,special_event,spanish,,,2026-03-13,,,Stations of the Cross
St. Francis Xavier,"4501 W 5215 S, Kearns, Utah 84118",(801) 968-2123,Devotions,,7:00 PM,,Stations of the Cross,special_event,spanish,,,2026-03-20,,,Stations of the Cross
St. Francis Xavier,"4501 W 5215 S, Kearns, Utah 84118",(801) 968-2123,Devotions,,7:00 PM,,Stations of the Cross,special_event,spanish,,,2026-03-27,,,Stations of the Cross
St. Francis Xavier,"4501 W 5215 S, Kearns, Utah 84118",(801) 968-2123,Devotions,,TBD,,Rosary,other,spanish,,,,before,Mass,25 minutes before Mass
St. Francis Xavier,"4501 W 5215 S, Kearns, Utah 84118",(801) 968-2123,Other,,11:00 AM,,Ash Wednesday,special_event,english,,,2026-02-18,,,Ash Wednesday
St. Francis Xavier,"4501 W 5215 S, Kearns, Utah 84118",(801) 968-2123,Other,,5:00 PM,,Ash Wednesday,special_event,english,,,2026-02-18,,,Ash Wednesday
St. Francis Xavier,"4501 W 5215 S, Kearns, Utah 84118",(801) 968-2123,Other,,7:00 PM,,Ash Wednesday,special_event,spanish,,,2026-02-18,,,Ash Wednesday
St. Francis Xavier,"4501 W 5215 S, Kearns, Utah 84118",(801) 968-2123,Other,,9:00 AM,,Ash Wednesday,special_event,English,,,2026-02-18,,,Ash Wednesday; school
St. Francis Xavier,"4501 W 5215 S, Kearns, Utah 84118",(801) 968-2123,Other,,TBD,,Bingo,monthly,English,Gym,first_friday,,,,Every first Friday of the month
St. Francis of Assisi,"65 E 500 N, Orem, Utah 84057",(801) 221-0750,Mass,Mon,10:00 AM,,Mass,weekday,english,,,,,,
St. Francis of Assisi,"65 E 500 N, Orem, Utah 84057",(801) 221-0750,Mass,Mon,6:00 PM,,Mass,weekday,spanish,,,,,,
St. Francis of Assisi,"65 E 500 N, Orem, Utah 84057",(801) 221-0750,Mass,Tue,10:00 AM,,Mass,weekday,english,,,,,,
St. Francis of Assisi,"65 E 500 N, Orem, Utah 84057",(801) 221-0750,Mass,Tue,6:00 PM,,Mass,weekday,spanish,,,,,,
St. Francis of Assisi,"65 E 500 N, Orem, Utah 84057",(801) 221-0750,Mass,Wed,10:00 AM,,Mass,weekday,english,,,,,,
St. Francis of Assisi,"65 E 500 N, Orem, Utah 84057",(801) 221-0750,Mass,Wed,6:00 PM,,Mass,weekday,spanish,,,,,,
St. Francis of Assisi,"65 E 500 N, Orem, Utah 84057",(801) 221-0750,Mass,Thu,10:00 AM,,Mass,weekday,english,,,,,,
St. Francis of Assisi,"65 E 500 N, Orem, Utah 84057",(801) 221-0750,Mass,Thu,6:00 PM,,Mass,weekday,spanish,,,,,,
St. Francis of Assisi,"65 E 500 N, Orem, Utah 84057",(801) 221-0750,Mass,Fri,10:00 AM,,Mass,weekday,english,,,,,,
St. Francis of Assisi,"65 E 500 N, Orem, Utah 84057",(801) 221-0750,Mass,Fri,6:00 PM,,Mass,weekday,spanish,,,,,,
St. Francis of Assisi,"65 E 500 N, Orem, Utah 84057",(801) 221-0750,Mass,Sat,5:00 PM,,Mass,saturday,english,,,,,,
St. Francis of Assisi,"65 E 500 N, Orem, Utah 84057",(801) 221-0750,Mass,Sat,6:30 PM,,Mass,saturday,spanish,,,,,,
St. Francis of Assisi,"65 E 500 N, Orem, Utah 84057",(801) 221-0750,Mass,Sun,10:00 AM,,Mass,sunday,english,,,,,,
St. Francis of Assisi,"65 E 500 N, Orem, Utah 84057",(801) 221-0750,Mass,Sun,12:00 PM,,Mass,sunday,spanish,,,,,,
St. Francis of Assisi,"65 E 500 N, Orem, Utah 84057",(801) 221-0750,Mass,Sun,2:00 PM,,Mass,sunday,spanish,,,,,,
St. Francis of Assisi,"65 E 500 N, Orem, Utah 84057",(801) 221-0750,Mass,Sun,8:00 AM,,Mass,sunday,english,,,,,,
St. Francis of Assisi,"65 E 500 N, Orem, Utah 84057",(801) 221-0750,Confession,Tue,5:00 PM,6:00 PM,Confessions,specific_weekday,English,front of the Church,,,,,
St. Francis of Assisi,"65 E 500 N, Orem, Utah 84057",(801) 221-0750,Confession,Thu,5:00 PM,6:00 PM,Confessions,specific_weekday,English,front of the Church,,,,,
St. George,"259 W 200 N, Saint George, Utah 84790",(435) 673-2604,Mass,Mon,7:00 PM,,Mass,weekday,spanish,Saint George Catholic Church,,,,,
St. George,"259 W 200 N, Saint George, Utah 84790",(435) 673-2604,Mass,Mon,8:00 AM,,Mass,weekday,english,Saint George Catholic Church,,,,,
St. George,"259 W 200 N, Saint George, Utah 84790",(435) 673-2604,Mass,Tue,7:00 PM,,Mass,weekday,spanish,Saint George Catholic Church,,,,,
St. George,"259 W 200 N, Saint George, Utah 84790",(435) 673-2604,Mass,Tue,8:00 AM,,Mass,weekday,english,Saint George Catholic Church,,,,,
St. George,"259 W 200 N, Saint George, Utah 84790",(435) 673-2604,Mass,Wed,7:00 PM,,Mass,weekday,spanish,Saint George Catholic Church,,,,,
St. George,"259 W 200 N, Saint George, Utah 84790",(435) 673-2604,Mass,Wed,8:00 AM,,Mass,weekday,english,Saint George Catholic Church,,,,,
St. George,"259 W 200 N, Saint George, Utah 84790",(435) 673-2604,Mass,Thu,7:00 PM,,Mass,weekday,spanish,Saint George Catholic Church,,,,,
St. George,"259 W 200 N, Saint George, Utah 84790",(435) 673-2604,Mass,Thu,8:00 AM,,Mass,weekday,english,Saint George Catholic Church,,,,,
St. George,"259 W 200 N, Saint George, Utah 84790",(435) 673-2604,Mass,Fri,7:00 PM,,Mass,specific_weekday,spanish,Saint George Catholic Church,,,,,
St. George,"259 W 200 N, Saint George, Utah 84790",(435) 673-2604,Mass,Fri,7:00 PM,,Mass,weekday,spanish,Saint George Catholic Church,,,,,
St. George,"259 W 200 N, Saint George, Utah 84790",(435) 673-2604,Mass,Fri,8:00 AM,,Mass,weekday,english,Saint George Catholic Church,,,,,
St. George,"259 W 200 N, Saint George, Utah 84790",(435) 673-2604,Mass,Sat,5:00 PM,,Mass,saturday,english,Saint George Catholic Church,,,,,vigil
St. George,"259 W 200 N, Saint George, Utah 84790",(435) 673-2604,Mass,Sat,7:00 PM,,Mass,saturday,spanish,Saint George Catholic Church,,,,,vigil
St. George,"259 W 200 N, Saint George, Utah 84790",(435) 673-2604,Mass,Sun,11:00 AM,,Mass,sunday,english,Saint George Catholic Church,,,,,
St. George,"259 W 200 N, Saint George, Utah 84790",(435) 673-2604,Mass,Sun,1:00 PM,,Mass,sunday,spanish,Saint George Catholic Church,,,,,
St. George,"259 W 200 N, Saint George, Utah 84790",(435) 673-2604,Mass,Sun,9:00 AM,,Mass,sunday,english,Saint George Catholic Church,,,,,
St. George,"259 W 200 N, Saint George, Utah 84790",(435) 673-2604,Mass,,8:00 AM,,Mass,monthly,english,Saint George Catholic Church,first_saturday_(recurring),,,,In Honor of Our Lady; the Blessed Virgin Mary
St. George,"259 W 200 N, Saint George, Utah 84790",(435) 673-2604,Confession,Sat,3:30 PM,4:30 PM,Confession,saturday,English,Saint George Catholic Church,,,,,
St. George,"259 W 200 N, Saint George, Utah 84790",(435) 673-2604,Confession,Sun,8:15 AM,9:00 AM,Confession,sunday,English,Saint George Catholic Church,,,,,
St. George,"259 W 200 N, Saint George, Utah 84790",(435) 673-2604,Confession,,TBD,,Confession,parish_event,English,,,,,,by appointment; Please call the Office
St. George,"259 W 200 N, Saint George, Utah 84790",(435) 673-2604,Adoration,Tue,9:00 AM,3:00 PM,Adoration,specific_weekday,English,Saint George Catholic Church,,,,,
St. George,"259 W 200 N, Saint George, Utah 84790",(435) 673-2604,Adoration,Wed,9:00 AM,4:00 PM,Adoration,specific_weekday,English,Saint George Catholic Church,,,,,
St. George,"259 W 200 N, Saint George, Utah 84790",(435) 673-2604,Adoration,Thu,9:00 AM,3:00 PM,Adoration,specific_weekday,English,Saint George Catholic Church,,,,,
St. George,"259 W 200 N, Saint George, Utah 84790",(435) 673-2604,Adoration,Fri,9:00 AM,4:00 PM,Adoration,specific_weekday,English,Saint George Catholic Church,,,,,
St. George,"259 W 200 N, Saint George, Utah 84790",(435) 673-2604,Adoration,,7:00 PM,6:00 AM,Adoration,monthly,spanish,,last_friday,,,,Last Friday
St. George,"259 W 200 N, Saint George, Utah 84790",(435) 673-2604,Devotions,Fri,5:00 PM,7:00 PM,Stations of the Cross,specific_weekday,bilingual,Saint George Catholic Church,,,,,
St. George,"259 W 200 N, Saint George, Utah 84790",(435) 673-2604,Other,,12:00 PM,,Ash Wednesday,special_event,bilingual,Saint George Catholic Church,,2026-02-18,,,Ash Wednesday; Mass and Distribution of Ashes
St. George,"259 W 200 N, Saint George, Utah 84790",(435) 673-2604,Other,,6:00 PM,,Ash Wednesday,special_event,english,Saint George Catholic Church,,2026-02-18,,,Ash Wednesday; Mass and Distribution of Ashes
St. George,"259 W 200 N, Saint George, Utah 84790",(435) 673-2604,Other,,8:00 AM,,Ash Wednesday,special_event,english,Saint George Catholic Church,,2026-02-18,,,Ash Wednesday; Mass and Distribution of Ashes
St. George,"259 W 200 N, Saint George, Utah 84790",(435) 673-2604,Other,,8:00 PM,,Ash Wednesday,special_event,spanish,Saint George Catholic Church,,2026-02-18,,,Ash Wednesday; Mass and Distribution of Ashes
St. Gertrude Catholic Mission Church,"Highway 143 (Panguitch Lake Road), Panguitch, UT 84759",+1-435-586-8298,Mass,Mon,9:00 AM,,Mass,weekday,English,,,,,,note: Mass or Communion Service
St. Gertrude Catholic Mission Church,"Highway 143 (Panguitch Lake Road), Panguitch, UT 84759",+1-435-586-8298,Mass,Tue,9:00 AM,,Mass,weekday,English,,,,,,note: Mass or Communion Service
St. Gertrude Catholic Mission Church,"Highway 143 (Panguitch Lake Road), Panguitch, UT 84759",+1-435-586-8298,Mass,Wed,9:00 AM,,Mass,weekday,English,,,,,,note: Mass or Communion Service
St. Gertrude Catholic Mission Church,"Highway 143 (Panguitch Lake Road), Panguitch, UT 84759",+1-435-586-8298,Mass,Thu,9:00 AM,,Mass,weekday,English,,,,,,note: Mass or Communion Service
St. Gertrude Catholic Mission Church,"Highway 143 (Panguitch Lake Road), Panguitch, UT 84759",+1-435-586-8298,Mass,Fri,9:00 AM,,Mass,weekday,English,,,,,,note: Mass or Communion Service
St. Gertrude Catholic Mission Church,"Highway 143 (Panguitch Lake Road), Panguitch, UT 84759",+1-435-586-8298,Mass,Sat,4:30 PM,,Mass,saturday,English,,,,,,vigil
St. Gertrude Catholic Mission Church,"Highway 143 (Panguitch Lake Road), Panguitch, UT 84759",+1-435-586-8298,Mass,Sun,11:15 AM,,Mass,sunday,spanish,,,,,,
St. Gertrude Catholic Mission Church,"Highway 143 (Panguitch Lake Road), Panguitch, UT 84759",+1-435-586-8298,Mass,Sun,2:00 PM,,Mass,sunday,english,"St. Gertrude, Panguitch",,,,,
St. Gertrude Catholic Mission Church,"Highway 143 (Panguitch Lake Road), Panguitch, UT 84759",+1-435-586-8298,Mass,Sun,8:30 AM,,Mass,sunday,english,,,,,,
St. Gertrude Catholic Mission Church,"Highway 143 (Panguitch Lake Road), Panguitch, UT 84759",+1-435-586-8298,Mass,,6:00 PM,,Mass,parish_event,English,,,,,,Holy Days
St. Gertrude Catholic Mission Church,"Highway 143 (Panguitch Lake Road), Panguitch, UT 84759",+1-435-586-8298,Mass,,9:00 AM,,Mass,parish_event,English,,,,,,Holy Days
St. Gertrude Catholic Mission Church,"Highway 143 (Panguitch Lake Road), Panguitch, UT 84759",+1-435-586-8298,Confession,Wed,5:00 PM,7:00 PM,Reconciliation,specific_weekday,English,,,,,,
St. Gertrude Catholic Mission Church,"Highway 143 (Panguitch Lake Road), Panguitch, UT 84759",+1-435-586-8298,Confession,,12:45 AM,,Reconciliation,other,English,,,,,,before Weekend Mass; note: or by Appointment
St. Gertrude Catholic Mission Church,"Highway 143 (Panguitch Lake Road), Panguitch, UT 84759",+1-435-586-8298,Adoration,Mon,8:00 AM,9:00 AM,Adoration,weekday,English,,,,,,exposition
St. Gertrude Catholic Mission Church,"Highway 143 (Panguitch Lake Road), Panguitch, UT 84759",+1-435-586-8298,Adoration,Tue,8:00 AM,9:00 AM,Adoration,weekday,English,,,,,,exposition
St. Gertrude Catholic Mission Church,"Highway 143 (Panguitch Lake Road), Panguitch, UT 84759",+1-435-586-8298,Adoration,Wed,5:00 PM,7:00 PM,Adoration,specific_weekday,English,,,,,,exposition
St. Gertrude Catholic Mission Church,"Highway 143 (Panguitch Lake Road), Panguitch, UT 84759",+1-435-586-8298,Adoration,Wed,8:00 AM,9:00 AM,Adoration,weekday,English,,,,,,exposition
St. Gertrude Catholic Mission Church,"Highway 143 (Panguitch Lake Road), Panguitch, UT 84759",+1-435-586-8298,Adoration,Thu,8:00 AM,9:00 AM,Adoration,weekday,English,,,,,,exposition
St. Gertrude Catholic Mission Church,"Highway 143 (Panguitch Lake Road), Panguitch, UT 84759",+1-435-586-8298,Adoration,Fri,8:00 AM,9:00 AM,Adoration,weekday,English,,,,,,exposition
St. Helen,"433 E 2nd N, Roosevelt, Utah 84066",(435) 722-2975,Mass,Tue,8:30 AM,,Mass,specific_weekday,english,Saint Helen Catholic Church,,,,,
St. Helen,"433 E 2nd N, Roosevelt, Utah 84066",(435) 722-2975,Mass,Sat,4:00 PM,,Mass,saturday,english,Saint Helen Catholic Church,,,,,
St. Helen,"433 E 2nd N, Roosevelt, Utah 84066",(435) 722-2975,Mass,Sun,11:00 AM,,Mass,sunday,english,Saint Helen Catholic Church,,,,,
St. Helen,"433 E 2nd N, Roosevelt, Utah 84066",(435) 722-2975,Other,,8:30 AM,,"Mary, Mother of God",special_event,English,Saint Helen Catholic Church,,2025-01-01,,,"Mary, Mother of God"
St. Helen,"433 E 2nd N, Roosevelt, Utah 84066",(435) 722-2975,Other,,8:30 AM,,Assumption of the Blessed Virgin Mary,special_event,English,Saint Helen Catholic Church,,2025-08-15,,,Assumption of the Blessed Virgin Mary
St. Helen,"433 E 2nd N, Roosevelt, Utah 84066",(435) 722-2975,Other,,8:30 AM,,All Saints,special_event,English,Saint Helen Catholic Church,,2025-11-01,,,All Saints
St. Helen,"433 E 2nd N, Roosevelt, Utah 84066",(435) 722-2975,Other,,8:30 AM,,Immaculate Conception,special_event,English,Saint Helen Catholic Church,,2025-12-08,,,Immaculate Conception
St. Helen,"433 E 2nd N, Roosevelt, Utah 84066",(435) 722-2975,Other,,8:30 AM,,Christmas,special_event,English,Saint Helen Catholic Church,,2025-12-25,,,Christmas
St. Henry,"380 S 200 E, Brigham City, Utah 84302",(435) 723-2941,Mass,,10:00 AM,,Christmas Day Mass,special_event,English,Saint Henry Catholic Church,,2025-12-25,,,Christmas Day Mass
St. Henry,"380 S 200 E, Brigham City, Utah 84302",(435) 723-2941,Mass,,10:00 AM,,Solemnity of Mary Mass,special_event,English,Saint Henry Catholic Church,,2026-01-01,,,Solemnity of Mary Mass
St. Henry,"380 S 200 E, Brigham City, Utah 84302",(435) 723-2941,Mass,,12:00 PM,,Christmas Day Mass,special_event,spanish,Saint Henry Catholic Church,,2025-12-25,,,Christmas Day Mass
St. James the Greater,"138 N and 100 W, Vernal, Utah 84078",(435) 789-3016,Mass,Mon,8:30 AM,,Mass,specific_weekday,english,Saint James the Greater Catholic Church,,,,,
St. James the Greater,"138 N and 100 W, Vernal, Utah 84078",(435) 789-3016,Mass,Wed,8:30 AM,,Mass,specific_weekday,english,Saint James the Greater Catholic Church,,,,,
St. James the Greater,"138 N and 100 W, Vernal, Utah 84078",(435) 789-3016,Mass,Fri,8:30 AM,,Mass,specific_weekday,english,Saint James the Greater Catholic Church,,,,,
St. James the Greater,"138 N and 100 W, Vernal, Utah 84078",(435) 789-3016,Mass,Sat,5:30 PM,,Mass,saturday,english,Saint James the Greater Catholic Church,,,,,
St. James the Greater,"138 N and 100 W, Vernal, Utah 84078",(435) 789-3016,Mass,Sun,11:30 AM,,Mass,sunday,spanish,Saint James the Greater Catholic Church,,,,,
St. James the Greater,"138 N and 100 W, Vernal, Utah 84078",(435) 789-3016,Mass,Sun,9:00 AM,,Mass,sunday,english,Saint James the Greater Catholic Church,,,,,
St. James the Greater,"138 N and 100 W, Vernal, Utah 84078",(435) 789-3016,Mass,,6:30 PM,,Holy Day of Obligation Mass,special_event,bilingual,Saint James the Greater Catholic Church,,2025-12-08,,,Holy Day of Obligation Mass
St. James the Greater,"138 N and 100 W, Vernal, Utah 84078",(435) 789-3016,Mass,,6:30 PM,,Holy Day of Obligation Mass,special_event,bilingual,Saint James the Greater Catholic Church,,2025-12-25,,,Holy Day of Obligation Mass
St. James the Greater,"138 N and 100 W, Vernal, Utah 84078",(435) 789-3016,Mass,,6:30 PM,,Holy Day of Obligation Mass,special_event,bilingual,Saint James the Greater Catholic Church,,2026-01-01,,,Holy Day of Obligation Mass
St. James the Greater,"138 N and 100 W, Vernal, Utah 84078",(435) 789-3016,Mass,,6:30 PM,,Holy Day of Obligation Mass,special_event,bilingual,Saint James the Greater Catholic Church,,2026-08-15,,,Holy Day of Obligation Mass
St. James the Greater,"138 N and 100 W, Vernal, Utah 84078",(435) 789-3016,Mass,,6:30 PM,,Holy Day of Obligation Mass,special_event,bilingual,Saint James the Greater Catholic Church,,2026-11-01,,,Holy Day of Obligation Mass
St. James the Greater,"138 N and 100 W, Vernal, Utah 84078",(435) 789-3016,Confession,Sat,4:00 PM,5:00 PM,Confession,saturday,English,Saint James the Greater Catholic Church,,,,,
St. James the Just,"495 N Harrison Blvd, Ogden, Utah 84404",(801) 782-5393,Mass,Tue,8:30 AM,,Mass,specific_weekday,English,,,,,,
St. James the Just,"495 N Harrison Blvd, Ogden, Utah 84404",(801) 782-5393,Mass,Wed,8:30 AM,,Mass,specific_weekday,English,,,,,,
St. James the Just,"495 N Harrison Blvd, Ogden, Utah 84404",(801) 782-5393,Mass,Thu,8:30 AM,,Mass,specific_weekday,English,,,,,,
St. James the Just,"495 N Harrison Blvd, Ogden, Utah 84404",(801) 782-5393,Mass,Fri,8:30 AM,,Mass,specific_weekday,English,,,,,,
St. James the Just,"495 N Harrison Blvd, Ogden, Utah 84404",(801) 782-5393,Mass,Sat,5:00 PM,,Mass,saturday,English,,,,,,
St. James the Just,"495 N Harrison Blvd, Ogden, Utah 84404",(801) 782-5393,Mass,Sat,9:00 AM,,Mass,saturday,English,,,,,,
St. James the Just,"495 N Harrison Blvd, Ogden, Utah 84404",(801) 782-5393,Mass,Sun,11:30 AM,,Mass,sunday,English,,,,,,
St. James the Just,"495 N Harrison Blvd, Ogden, Utah 84404",(801) 782-5393,Mass,Sun,6:00 PM,,Mass,sunday,English,,,,,,
St. James the Just,"495 N Harrison Blvd, Ogden, Utah 84404",(801) 782-5393,Mass,Sun,9:00 AM,,Mass,sunday,English,,,,,,
St. James the Just,"495 N Harrison Blvd, Ogden, Utah 84404",(801) 782-5393,Confession,Sat,3:30 PM,4:30 PM,Confession,saturday,English,,,,,,or by appointment
St. James the Just,"495 N Harrison Blvd, Ogden, Utah 84404",(801) 782-5393,Adoration,Thu,9:00 AM,5:00 PM,Adoration,specific_weekday,English,,,,,,
St. James the Just,"495 N Harrison Blvd, Ogden, Utah 84404",(801) 782-5393,Community,,TBD,,Coffee & Donuts,monthly,English,,second_sunday,,,,2nd of each month after morning Masses
St. James the Just,"495 N Harrison Blvd, Ogden, Utah 84404",(801) 782-5393,Other,Sun,TBD,,Pancakes,other,English,,,,after,Mass,3rd of the month after Mass
St. James the Just,"495 N Harrison Blvd, Ogden, Utah 84404",(801) 782-5393,Other,,6:00 PM,,Assumption of the Blessed Virgin Mary,special_event,English,,,2025-08-15,,,Assumption of the Blessed Virgin Mary; Holy day of Obligation
St. James the Just,"495 N Harrison Blvd, Ogden, Utah 84404",(801) 782-5393,Other,,8:30 AM,,Assumption of the Blessed Virgin Mary,special_event,English,,,2025-08-15,,,Assumption of the Blessed Virgin Mary; Holy day of Obligation
St. John the Baptist,"300 E 11800 S, Draper, Utah 84020",(801) 984-7101,Mass,Mon,9:00 AM,,Mass,weekday,English,St. John the Baptist,,,,,
St. John the Baptist,"300 E 11800 S, Draper, Utah 84020",(801) 984-7101,Mass,Tue,9:00 AM,,Mass,weekday,English,St. John the Baptist,,,,,
St. John the Baptist,"300 E 11800 S, Draper, Utah 84020",(801) 984-7101,Mass,Wed,9:00 AM,,Mass,weekday,English,St. John the Baptist,,,,,
St. John the Baptist,"300 E 11800 S, Draper, Utah 84020",(801) 984-7101,Mass,Thu,9:00 AM,,Mass,weekday,English,St. John the Baptist,,,,,
St. John the Baptist,"300 E 11800 S, Draper, Utah 84020",(801) 984-7101,Mass,Fri,9:00 AM,,Mass,weekday,English,St. John the Baptist,,,,,
St. John the Baptist,"300 E 11800 S, Draper, Utah 84020",(801) 984-7101,Mass,Sat,5:00 PM,,Mass,saturday,English,St. John the Baptist,,,,,vigil
St. John the Baptist,"300 E 11800 S, Draper, Utah 84020",(801) 984-7101,Mass,Sun,11:00 AM,,Mass,sunday,English,St. John the Baptist,,,,,
St. John the Baptist,"300 E 11800 S, Draper, Utah 84020",(801) 984-7101,Mass,Sun,5:00 PM,,Mass,sunday,English,St. John the Baptist,,,,,
St. John the Baptist,"300 E 11800 S, Draper, Utah 84020",(801) 984-7101,Mass,Sun,8:30 AM,,Mass,sunday,English,St. John the Baptist,,,,,
St. John the Baptist,"300 E 11800 S, Draper, Utah 84020",(801) 984-7101,Mass,,6:30 AM,,Ash Wednesday Masses,special_event,English,St. John the Baptist,,2026-02-18,,,Ash Wednesday Masses
St. John the Baptist,"300 E 11800 S, Draper, Utah 84020",(801) 984-7101,Mass,,8:30 PM,,Ash Wednesday Masses,special_event,English,St. John the Baptist,,2026-02-18,,,Ash Wednesday Masses
St. John the Baptist,"300 E 11800 S, Draper, Utah 84020",(801) 984-7101,Mass,,9:00 AM,,Bereavement Mass,monthly,English,St. John the Baptist,first_saturday_(recurring),,,,
St. John the Baptist,"300 E 11800 S, Draper, Utah 84020",(801) 984-7101,Confession,Wed,6:00 PM,7:45 PM,Confession,specific_weekday,English,St. John the Baptist,,,,,
St. John the Baptist,"300 E 11800 S, Draper, Utah 84020",(801) 984-7101,Confession,Sat,3:30 PM,4:30 PM,Confession,saturday,English,St. John the Baptist,,,,,
St. John the Baptist,"300 E 11800 S, Draper, Utah 84020",(801) 984-7101,Confession,Sat,3:45 PM,4:30 PM,Confession,saturday,English,St. John the Baptist,,,,,
St. John the Baptist,"300 E 11800 S, Draper, Utah 84020",(801) 984-7101,Confession,,6:00 PM,,"Wednesday Evening Reconciliation, Adoration & Rosary",special_event,English,St. John the Baptist,,2026-02-18,,,"Wednesday Evening Reconciliation, Adoration & Rosary"
St. John the Baptist,"300 E 11800 S, Draper, Utah 84020",(801) 984-7101,Adoration,Wed,6:00 PM,7:45 PM,Adoration,specific_weekday,English,St. John the Baptist,,,,,exposition
St. John the Baptist,"300 E 11800 S, Draper, Utah 84020",(801) 984-7101,Devotions,Wed,7:00 PM,,Rosary,specific_weekday,English,St. John the Baptist,,,,,
St. John the Baptist,"300 E 11800 S, Draper, Utah 84020",(801) 984-7101,Education,,6:00 PM,7:00 PM,Becoming Catholic (OCIA) Info Session,parish_event,English,St. John the Baptist,,,,,
St. John the Baptist,"300 E 11800 S, Draper, Utah 84020",(801) 984-7101,Other,Wed,7:30 PM,7:45 PM,Night Prayer,specific_weekday,English,St. John the Baptist,,,,,note: Night Prayer/Compline mentioned in Adoration block
St. John the Baptist,"300 E 11800 S, Draper, Utah 84020",(801) 984-7101,Other,,5:00 PM,6:45 PM,Lenten Dinner Fish Fry,parish_event,English,St. John the Baptist,,,,,
St. John the Baptist,"300 E 11800 S, Draper, Utah 84020",(801) 984-7101,Sacraments,,12:30 PM,1:30 PM,Baptism Class,parish_event,English,St. John the Baptist,,,,,
St. Joseph,"514 24th St, Ogden, Utah 84401",(801) 399-5627,Mass,Mon,5:30 PM,,Mass,weekday,english,,,,,,
St. Joseph,"514 24th St, Ogden, Utah 84401",(801) 399-5627,Mass,Mon,7:00 PM,,Mass,weekday,spanish,,,,,,
St. Joseph,"514 24th St, Ogden, Utah 84401",(801) 399-5627,Mass,Mon,8:30 AM,,Mass,weekday,english,,,,,,
St. Joseph,"514 24th St, Ogden, Utah 84401",(801) 399-5627,Mass,Tue,5:30 PM,,Mass,weekday,english,,,,,,
St. Joseph,"514 24th St, Ogden, Utah 84401",(801) 399-5627,Mass,Tue,6:00 PM,,Mass,specific_weekday,spanish,,,,,,
St. Joseph,"514 24th St, Ogden, Utah 84401",(801) 399-5627,Mass,Tue,7:00 PM,,Mass,weekday,spanish,,,,,,
St. Joseph,"514 24th St, Ogden, Utah 84401",(801) 399-5627,Mass,Tue,8:30 AM,,Mass,weekday,english,,,,,,
St. Joseph,"514 24th St, Ogden, Utah 84401",(801) 399-5627,Mass,Wed,5:30 PM,,Mass,weekday,english,,,,,,
St. Joseph,"514 24th St, Ogden, Utah 84401",(801) 399-5627,Mass,Wed,6:00 PM,,Mass,specific_weekday,spanish,,,,,,
St. Joseph,"514 24th St, Ogden, Utah 84401",(801) 399-5627,Mass,Wed,7:00 PM,,Mass,weekday,spanish,,,,,,
St. Joseph,"514 24th St, Ogden, Utah 84401",(801) 399-5627,Mass,Wed,8:30 AM,,Mass,weekday,english,,,,,,
St. Joseph,"514 24th St, Ogden, Utah 84401",(801) 399-5627,Mass,Thu,5:30 PM,,Mass,weekday,english,,,,,,
St. Joseph,"514 24th St, Ogden, Utah 84401",(801) 399-5627,Mass,Thu,6:00 PM,,Mass,specific_weekday,spanish,,,,,,
St. Joseph,"514 24th St, Ogden, Utah 84401",(801) 399-5627,Mass,Thu,7:00 PM,,Mass,weekday,spanish,,,,,,
St. Joseph,"514 24th St, Ogden, Utah 84401",(801) 399-5627,Mass,Thu,8:30 AM,,Mass,weekday,english,,,,,,
St. Joseph,"514 24th St, Ogden, Utah 84401",(801) 399-5627,Mass,Fri,5:30 PM,,Mass,weekday,english,,,,,,
St. Joseph,"514 24th St, Ogden, Utah 84401",(801) 399-5627,Mass,Fri,7:00 PM,,Mass,weekday,spanish,,,,,,
St. Joseph,"514 24th St, Ogden, Utah 84401",(801) 399-5627,Mass,Fri,8:30 AM,,Mass,weekday,english,,,,,,
St. Joseph,"514 24th St, Ogden, Utah 84401",(801) 399-5627,Mass,Sat,5:30 PM,,Mass,saturday,english,,,,,,note: implied vigil based on list structure
St. Joseph,"514 24th St, Ogden, Utah 84401",(801) 399-5627,Mass,Sat,7:00 PM,,Mass,saturday,spanish,,,,,,note: implied vigil based on list structure
St. Joseph,"514 24th St, Ogden, Utah 84401",(801) 399-5627,Mass,Sun,10:00 AM,,Mass,sunday,spanish,,,,,,
St. Joseph,"514 24th St, Ogden, Utah 84401",(801) 399-5627,Mass,Sun,11:30 AM,,Mass,sunday,english,,,,,,
St. Joseph,"365 S Main St, Monticello, Utah 84535",(435) 259-5211,Mass,Sun,12:00 PM,,Mass,sunday,english,Saint Joseph Catholic Church - Monticello,,,,,
St. Joseph,"514 24th St, Ogden, Utah 84401",(801) 399-5627,Mass,Sun,1:00 PM,,Mass,sunday,spanish,,,,,,
St. Joseph,"514 24th St, Ogden, Utah 84401",(801) 399-5627,Mass,Sun,8:30 AM,,Mass,sunday,english,,,,,,
St. Joseph,"514 24th St, Ogden, Utah 84401",(801) 399-5627,Confession,Thu,5:00 PM,5:45 PM,Confession,specific_weekday,English,,,,,,note: anytime by appointment
St. Joseph,"514 24th St, Ogden, Utah 84401",(801) 399-5627,Confession,Sat,4:00 PM,5:00 PM,Confession,saturday,English,,,,,,note: anytime by appointment
St. Joseph,"365 S Main St, Monticello, Utah 84535",(435) 259-5211,Confession,Sun,10:30 AM,,Confession,sunday,English,Saint Joseph Catholic Church - Monticello,,,,,or by appointment
St. Joseph,"514 24th St, Ogden, Utah 84401",(801) 399-5627,Education,,7:00 PM,,Youth Ministry,special_event,English,"Ogden, 2350 Adams Ave",,2026-02-20,,,Youth Ministry
St. Joseph,"514 24th St, Ogden, Utah 84401",(801) 399-5627,Education,,7:00 PM,8:30 PM,Youth Ministry,parish_event,English,"Ogden, 2350 Adams Ave",,,,,2026
St. Joseph,"365 S Main St, Monticello, Utah 84535",(435) 259-5211,Other,,TBD,,Holy Days TBA,other,English,,,,,,check bulletin
St. Joseph the Worker,"7405 S Redwood Rd, West Jordan, Utah 84084",(801) 255-8902,Mass,Tue,9:00 AM,,Mass,specific_weekday,english,Saint Joseph the Worker,,,,,
St. Joseph the Worker,"7405 S Redwood Rd, West Jordan, Utah 84084",(801) 255-8902,Mass,Wed,9:00 AM,,Mass,specific_weekday,english,Saint Joseph the Worker,,,,,
St. Joseph the Worker,"7405 S Redwood Rd, West Jordan, Utah 84084",(801) 255-8902,Mass,Thu,7:00 PM,,Mass,specific_weekday,spanish,Saint Joseph the Worker,,,,,
St. Joseph the Worker,"7405 S Redwood Rd, West Jordan, Utah 84084",(801) 255-8902,Mass,Thu,9:00 AM,,Mass,specific_weekday,english,Saint Joseph the Worker,,,,,
St. Joseph the Worker,"7405 S Redwood Rd, West Jordan, Utah 84084",(801) 255-8902,Mass,Fri,9:00 AM,,Mass,specific_weekday,english,Saint Joseph the Worker,,,,,
St. Joseph the Worker,"7405 S Redwood Rd, West Jordan, Utah 84084",(801) 255-8902,Mass,Sat,5:00 PM,,Mass,saturday,english,Saint Joseph the Worker,,,,,vigil
St. Joseph the Worker,"7405 S Redwood Rd, West Jordan, Utah 84084",(801) 255-8902,Mass,Sun,11:30 AM,,Mass,sunday,english,Saint Joseph the Worker,,,,,
St. Joseph the Worker,"7405 S Redwood Rd, West Jordan, Utah 84084",(801) 255-8902,Mass,Sun,2:00 PM,,Mass,sunday,spanish,Saint Joseph the Worker,,,,,
St. Joseph the Worker,"7405 S Redwood Rd, West Jordan, Utah 84084",(801) 255-8902,Mass,Sun,9:00 AM,,Mass,sunday,english,Saint Joseph the Worker,,,,,
St. Jude (Maronite),"5445 S 2700 W, Taylorsville, Utah 84129",(801) 268-2820,Mass,Sat,4:00 PM,,Qoorbono(Mass) Vigil,saturday,English,"5445 S 2700 W, Taylorsville, UT 84129",,,,,vigil
St. Jude (Maronite),"5445 S 2700 W, Taylorsville, Utah 84129",(801) 268-2820,Confession,Tue,TBD,,Confession,specific_weekday,English,"5445 S 2700 W, Taylorsville, UT 84129",,,,,
St. Jude (Maronite),"5445 S 2700 W, Taylorsville, Utah 84129",(801) 268-2820,Confession,Wed,TBD,,Confession,specific_weekday,English,"5445 S 2700 W, Taylorsville, UT 84129",,,,,
St. Jude (Maronite),"5445 S 2700 W, Taylorsville, Utah 84129",(801) 268-2820,Confession,Thu,TBD,,Confession,specific_weekday,English,"5445 S 2700 W, Taylorsville, UT 84129",,,,,
St. Jude (Maronite),"5445 S 2700 W, Taylorsville, Utah 84129",(801) 268-2820,Confession,Fri,TBD,,Confession,specific_weekday,English,"5445 S 2700 W, Taylorsville, UT 84129",,,,,
St. Jude (Maronite),"5445 S 2700 W, Taylorsville, Utah 84129",(801) 268-2820,Confession,Sat,2:30 PM,3:30 PM,Confession,saturday,English,"5445 S 2700 W, Taylorsville, UT 84129",,,,,
St. Jude (Maronite),"5445 S 2700 W, Taylorsville, Utah 84129",(801) 268-2820,Confession,Sun,7:30 AM,7:50 AM,Confession,sunday,English,"5445 S 2700 W, Taylorsville, UT 84129",,,,,
St. Jude (Maronite),"5445 S 2700 W, Taylorsville, Utah 84129",(801) 268-2820,Confession,Sun,9:30 AM,10:15 AM,Confession,sunday,English,"5445 S 2700 W, Taylorsville, UT 84129",,,,,
St. Jude (Maronite),"5445 S 2700 W, Taylorsville, Utah 84129",(801) 268-2820,Adoration,Tue,9:00 AM,9:50 AM,Adoration,specific_weekday,English,"5445 S 2700 W, Taylorsville, UT 84129",,,,,
St. Jude (Maronite),"5445 S 2700 W, Taylorsville, Utah 84129",(801) 268-2820,Adoration,Wed,9:00 AM,9:50 AM,Adoration,specific_weekday,English,"5445 S 2700 W, Taylorsville, UT 84129",,,,,
St. Jude (Maronite),"5445 S 2700 W, Taylorsville, Utah 84129",(801) 268-2820,Adoration,Thu,9:00 AM,9:50 AM,Adoration,specific_weekday,English,"5445 S 2700 W, Taylorsville, UT 84129",,,,,
St. Jude (Maronite),"5445 S 2700 W, Taylorsville, Utah 84129",(801) 268-2820,Adoration,Fri,9:00 AM,9:50 AM,Adoration,specific_weekday,English,"5445 S 2700 W, Taylorsville, UT 84129",,,,,
St. Jude (Maronite),"5445 S 2700 W, Taylorsville, Utah 84129",(801) 268-2820,Adoration,,6:00 PM,9:00 PM,Adoration,monthly,English,"5445 S 2700 W, Taylorsville, UT 84129",first_friday_(recurring),,,,exposition
St. Jude (Maronite),"5445 S 2700 W, Taylorsville, Utah 84129",(801) 268-2820,Other,Tue,10:00 AM,,Qoorbono,specific_weekday,English,"5445 S 2700 W, Taylorsville, UT 84129",,,,,Mass
St. Jude (Maronite),"5445 S 2700 W, Taylorsville, Utah 84129",(801) 268-2820,Other,Wed,10:00 AM,,Qoorbono,specific_weekday,English,"5445 S 2700 W, Taylorsville, UT 84129",,,,,Mass
St. Jude (Maronite),"5445 S 2700 W, Taylorsville, Utah 84129",(801) 268-2820,Other,Thu,10:00 AM,,Qoorbono,specific_weekday,English,"5445 S 2700 W, Taylorsville, UT 84129",,,,,Mass
St. Jude (Maronite),"5445 S 2700 W, Taylorsville, Utah 84129",(801) 268-2820,Other,Fri,10:00 AM,,Qoorbono,specific_weekday,English,"5445 S 2700 W, Taylorsville, UT 84129",,,,,Mass
St. Jude (Maronite),"5445 S 2700 W, Taylorsville, Utah 84129",(801) 268-2820,Other,Sun,10:30 AM,,Qoorbono,sunday,English,"5445 S 2700 W, Taylorsville, UT 84129",,,,,Mass
St. Jude (Maronite),"5445 S 2700 W, Taylorsville, Utah 84129",(801) 268-2820,Other,Sun,8:00 AM,,Qoorbono,sunday,English,"5445 S 2700 W, Taylorsville, UT 84129",,,,,Mass
St. Jude (Maronite),"5445 S 2700 W, Taylorsville, Utah 84129",(801) 268-2820,Other,,6:00 PM,,Qoorbono,monthly,spanish,,last_wednesday,,,,Last of the Month; Mass
St. Jude (Maronite),"5445 S 2700 W, Taylorsville, Utah 84129",(801) 268-2820,Other,,6:00 PM,,St. Sharbel Healing Liturgy,other,English,,,,,,22nd of the month
St. Jude Mission,"432 N Pine St, Dove Creek , Colorado 81324",(970) 565-7308 or (970) 516-1284 (Rectory),Mass,Tue,12:15 PM,,Mass,specific_weekday,English,"St. Margaret Mary Alacoque, Cortez",,,,,
St. Jude Mission,"432 N Pine St, Dove Creek , Colorado 81324",(970) 565-7308 or (970) 516-1284 (Rectory),Mass,Wed,8:00 AM,,Mass,specific_weekday,English,"St. Margaret Mary Alacoque, Cortez",,,,,
St. Jude Mission,"432 N Pine St, Dove Creek , Colorado 81324",(970) 565-7308 or (970) 516-1284 (Rectory),Mass,Thu,8:00 AM,,Mass,specific_weekday,English,"St. Margaret Mary Alacoque, Cortez",,,,,
St. Jude Mission,"432 N Pine St, Dove Creek , Colorado 81324",(970) 565-7308 or (970) 516-1284 (Rectory),Mass,Fri,8:00 AM,,Mass,specific_weekday,English,"St. Margaret Mary Alacoque, Cortez",,,,,
St. Jude Mission,"432 N Pine St, Dove Creek , Colorado 81324",(970) 565-7308 or (970) 516-1284 (Rectory),Mass,Sat,4:00 PM,,Mass,saturday,English,"Our Lady of Victory, Dolores",,,,,
St. Jude Mission,"432 N Pine St, Dove Creek , Colorado 81324",(970) 565-7308 or (970) 516-1284 (Rectory),Mass,Sat,6:00 PM,,Mass,saturday,English,"St. Margaret Mary Alacoque, Cortez",,,,,
St. Jude Mission,"432 N Pine St, Dove Creek , Colorado 81324",(970) 565-7308 or (970) 516-1284 (Rectory),Mass,Sun,10:30 AM,,Mass,sunday,english,"St. Margaret Mary Alacoque, Cortez",,,,,
St. Jude Mission,"432 N Pine St, Dove Creek , Colorado 81324",(970) 565-7308 or (970) 516-1284 (Rectory),Mass,Sun,12:30 PM,,Mass,sunday,spanish,"St. Margaret Mary Alacoque, Cortez",,,,,
St. Jude Mission,"432 N Pine St, Dove Creek , Colorado 81324",(970) 565-7308 or (970) 516-1284 (Rectory),Mass,Sun,3:00 PM,,Mass,sunday,English,"St. Jude, Dove Creek",,,,,
St. Jude Mission,"432 N Pine St, Dove Creek , Colorado 81324",(970) 565-7308 or (970) 516-1284 (Rectory),Mass,Sun,8:30 AM,,Mass,sunday,English,"St. Rita of Cascia, Mancos",,,,,
St. Jude Mission,"432 N Pine St, Dove Creek , Colorado 81324",(970) 565-7308 or (970) 516-1284 (Rectory),Mass,,12:30 PM,,Mass,monthly,English,"St. Margaret Mary Alacoque, Cortez",first_friday_(recurring),,,,
St. Jude Mission,"432 N Pine St, Dove Creek , Colorado 81324",(970) 565-7308 or (970) 516-1284 (Rectory),Confession,Fri,4:30 PM,5:15 PM,Confessions,specific_weekday,English,"St. Margaret Mary Alacoque, Cortez",,,,,
St. Jude Mission,"432 N Pine St, Dove Creek , Colorado 81324",(970) 565-7308 or (970) 516-1284 (Rectory),Adoration,Fri,9:00 AM,5:30 PM,Adoration,specific_weekday,English,"St. Margaret Mary Alacoque, Cortez",,,,,exposition
St. Jude Mission,"432 N Pine St, Dove Creek , Colorado 81324",(970) 565-7308 or (970) 516-1284 (Rectory),Devotions,Fri,3:00 PM,,Divine Mercy Chaplet,specific_weekday,English,"St. Margaret Mary Alacoque, Cortez",,,,,
St. Marguerite,"15 S 7th St, Tooele, Utah 84074",(435) 882-3860,Mass,Tue,7:00 PM,,Mass,specific_weekday,spanish,,,,,,
St. Marguerite,"15 S 7th St, Tooele, Utah 84074",(435) 882-3860,Mass,Tue,9:00 AM,,Mass,specific_weekday,english,,,,,,
St. Marguerite,"15 S 7th St, Tooele, Utah 84074",(435) 882-3860,Mass,Wed,9:00 AM,,Mass,specific_weekday,english,,,,,,
St. Marguerite,"15 S 7th St, Tooele, Utah 84074",(435) 882-3860,Mass,Thu,9:00 AM,,Mass,specific_weekday,english,,,,,,
St. Marguerite,"15 S 7th St, Tooele, Utah 84074",(435) 882-3860,Mass,Fri,9:00 AM,,Mass,specific_weekday,english,,,,,,
St. Marguerite,"15 S 7th St, Tooele, Utah 84074",(435) 882-3860,Mass,Sat,5:00 PM,,Mass,saturday,english,,,,,,livestream
St. Marguerite,"15 S 7th St, Tooele, Utah 84074",(435) 882-3860,Mass,Sun,11:00 AM,,Mass,sunday,english,,,,,,
St. Marguerite,"15 S 7th St, Tooele, Utah 84074",(435) 882-3860,Mass,Sun,9:00 AM,,Mass,sunday,spanish,,,,,,
St. Marguerite,"15 S 7th St, Tooele, Utah 84074",(435) 882-3860,Mass,,7:00 PM,,Mass,special_event,bilingual,,,2025-01-01,,,Mass
St. Marguerite,"15 S 7th St, Tooele, Utah 84074",(435) 882-3860,Mass,,7:00 PM,,Mass,special_event,bilingual,,,2025-08-15,,,Mass
St. Marguerite,"15 S 7th St, Tooele, Utah 84074",(435) 882-3860,Mass,,7:00 PM,,Mass,special_event,bilingual,,,2025-11-01,,,Mass
St. Marguerite,"15 S 7th St, Tooele, Utah 84074",(435) 882-3860,Mass,,7:00 PM,,Mass,special_event,bilingual,,,2025-12-08,,,Mass
St. Marguerite,"15 S 7th St, Tooele, Utah 84074",(435) 882-3860,Mass,,7:00 PM,,Mass,special_event,bilingual,,,2025-12-25,,,Mass
St. Marguerite,"15 S 7th St, Tooele, Utah 84074",(435) 882-3860,Mass,,9:00 AM,,Mass,special_event,english,,,2025-01-01,,,Mass
St. Marguerite,"15 S 7th St, Tooele, Utah 84074",(435) 882-3860,Mass,,9:00 AM,,Mass,special_event,english,,,2025-08-15,,,Mass
St. Marguerite,"15 S 7th St, Tooele, Utah 84074",(435) 882-3860,Mass,,9:00 AM,,Mass,special_event,english,,,2025-11-01,,,Mass
St. Marguerite,"15 S 7th St, Tooele, Utah 84074",(435) 882-3860,Mass,,9:00 AM,,Mass,special_event,english,,,2025-12-08,,,Mass
St. Marguerite,"15 S 7th St, Tooele, Utah 84074",(435) 882-3860,Mass,,9:00 AM,,Mass,special_event,english,,,2025-12-25,,,Mass
St. Marguerite,"15 S 7th St, Tooele, Utah 84074",(435) 882-3860,Confession,Sat,4:00 PM,4:45 PM,Confession,saturday,English,,,,,,
St. Marguerite,"15 S 7th St, Tooele, Utah 84074",(435) 882-3860,Confession,Sun,8:00 AM,8:45 AM,Confession,sunday,spanish,,,,,,
St. Marguerite,"15 S 7th St, Tooele, Utah 84074",(435) 882-3860,Adoration,Tue,9:30 AM,6:30 PM,Adoration of the Blessed Sacrament,other,English,,,,,,
St. Marguerite,"15 S 7th St, Tooele, Utah 84074",(435) 882-3860,Sacraments,Mon,9:00 AM,,Communion Service,specific_weekday,english,,,,,,
St. Martin de Porres,"4914 S 2200 W, Taylorsville, Utah 84129",(801) 968-2369,Mass,Mon,9:00 AM,,Mass,weekday,English,,,,,,
St. Martin de Porres,"4914 S 2200 W, Taylorsville, Utah 84129",(801) 968-2369,Mass,Tue,9:00 AM,,Mass,weekday,English,,,,,,
St. Martin de Porres,"4914 S 2200 W, Taylorsville, Utah 84129",(801) 968-2369,Mass,Wed,9:00 AM,,Mass,weekday,English,,,,,,
St. Martin de Porres,"4914 S 2200 W, Taylorsville, Utah 84129",(801) 968-2369,Mass,Thu,9:00 AM,,Mass,weekday,English,,,,,,
St. Martin de Porres,"4914 S 2200 W, Taylorsville, Utah 84129",(801) 968-2369,Mass,Fri,9:00 AM,,Mass,weekday,English,,,,,,
St. Martin de Porres,"4914 S 2200 W, Taylorsville, Utah 84129",(801) 968-2369,Mass,Sat,5:00 PM,,Mass,saturday,English,,,,,,
St. Martin de Porres,"4914 S 2200 W, Taylorsville, Utah 84129",(801) 968-2369,Mass,Sun,11:00 AM,,Mass,sunday,English,,,,,,
St. Martin de Porres,"4914 S 2200 W, Taylorsville, Utah 84129",(801) 968-2369,Mass,Sun,1:00 PM,,Mass,sunday,spanish,,,,,,
St. Martin de Porres,"4914 S 2200 W, Taylorsville, Utah 84129",(801) 968-2369,Mass,Sun,9:00 AM,,Mass,sunday,English,,,,,,
St. Martin de Porres,"4914 S 2200 W, Taylorsville, Utah 84129",(801) 968-2369,Mass,,6:30 PM,,Holy Day of Obligation Mass,special_event,English,,,,,,
St. Martin de Porres,"4914 S 2200 W, Taylorsville, Utah 84129",(801) 968-2369,Mass,,9:00 AM,,Holy Day of Obligation Mass,special_event,English,,,,,,
St. Martin de Porres,"4914 S 2200 W, Taylorsville, Utah 84129",(801) 968-2369,Confession,Sat,3:00 PM,4:00 PM,Reconciliation,saturday,English,Church,,,,,or by appointment; Confession
St. Martin de Porres,"4914 S 2200 W, Taylorsville, Utah 84129",(801) 968-2369,Adoration,Mon,9:30 AM,10:30 AM,Adoration of the Blessed Sacrament,specific_weekday,English,,,,,,
St. Martin de Porres,"4914 S 2200 W, Taylorsville, Utah 84129",(801) 968-2369,Adoration,Wed,9:30 AM,10:30 AM,Adoration of the Blessed Sacrament,specific_weekday,English,,,,,,
St. Martin de Porres,"4914 S 2200 W, Taylorsville, Utah 84129",(801) 968-2369,Adoration,Fri,9:30 AM,10:30 AM,Adoration of the Blessed Sacrament,specific_weekday,English,,,,,,
St. Martin de Porres,"4914 S 2200 W, Taylorsville, Utah 84129",(801) 968-2369,Devotions,,TBD,,Rosary,other,English,,,,,,30 minutes prior to all Masses
St. Martin de Porres,"4914 S 2200 W, Taylorsville, Utah 84129",(801) 968-2369,Community,,6:30 PM,,Respect Life Committee meeting,special_event,English,,,2026-01-14,,,Respect Life Committee meeting
St. Martin de Porres,"4914 S 2200 W, Taylorsville, Utah 84129",(801) 968-2369,Community,,6:30 PM,,CCW meeting,special_event,English,,,2026-01-21,,,CCW meeting
St. Martin de Porres,"4914 S 2200 W, Taylorsville, Utah 84129",(801) 968-2369,Community,,6:30 PM,,Respect Life Committee Meeting,parish_event,English,parish hall,,,,,
St. Martin de Porres,"4914 S 2200 W, Taylorsville, Utah 84129",(801) 968-2369,Other,Sun,TBD,,Pupusa Sale,other,English,social hall,,,after,Mass,Sunday after Mass; after all Masses; support the Youth Group
St. Martin de Porres,"4914 S 2200 W, Taylorsville, Utah 84129",(801) 968-2369,Other,,6:00 PM,8:00 PM,spaghetti and meatball dinner,special_event,English,,,2026-01-24,,,spaghetti and meatball dinner; Knights of Columbus hosting; $15.00/plate
St. Mary,"4050 S 3900 W, West Haven, Utah 84401",(801) 621-7961,Mass,Mon,9:00 AM,,Mass,weekday,english,,,,,,
St. Mary,"4050 S 3900 W, West Haven, Utah 84401",(801) 621-7961,Mass,Tue,9:00 AM,,Mass,weekday,english,,,,,,
St. Mary,"4050 S 3900 W, West Haven, Utah 84401",(801) 621-7961,Mass,Wed,9:00 AM,,Mass,weekday,english,,,,,,
St. Mary,"4050 S 3900 W, West Haven, Utah 84401",(801) 621-7961,Mass,Thu,9:00 AM,,Mass,weekday,english,,,,,,
St. Mary,"4050 S 3900 W, West Haven, Utah 84401",(801) 621-7961,Mass,Fri,9:00 AM,,Mass,weekday,english,,,,,,
St. Mary,"4050 S 3900 W, West Haven, Utah 84401",(801) 621-7961,Mass,Sat,5:00 PM,,Mass,saturday,english,,,,,,
St. Mary,"4050 S 3900 W, West Haven, Utah 84401",(801) 621-7961,Mass,Sun,10:00 AM,,Mass,sunday,english,,,,,,
St. Mary,"4050 S 3900 W, West Haven, Utah 84401",(801) 621-7961,Mass,Sun,12:00 PM,,Mass,sunday,spanish,,,,,,
St. Mary,"4050 S 3900 W, West Haven, Utah 84401",(801) 621-7961,Mass,Sun,8:00 AM,,Mass,sunday,english,,,,,,
St. Mary,"4050 S 3900 W, West Haven, Utah 84401",(801) 621-7961,Confession,Tue,5:00 PM,7:00 PM,Confession,specific_weekday,English,,,,,,Fri; By appointment on Tuesday through Thursday; please call office to schedule
St. Mary,"4050 S 3900 W, West Haven, Utah 84401",(801) 621-7961,Confession,Thu,5:00 PM,7:00 PM,Confession,specific_weekday,English,,,,,,Fri; By appointment on Tuesday through Thursday; please call office to schedule
St. Mary,"4050 S 3900 W, West Haven, Utah 84401",(801) 621-7961,Confession,Fri,5:00 PM,7:00 PM,Confession,other,English,,,,,,every; or by appointment; please call the office to schedule
St. Mary,"4050 S 3900 W, West Haven, Utah 84401",(801) 621-7961,Adoration,Fri,10:00 AM,5:00 PM,Adoration,specific_weekday,English,,,,,,
St. Mary,"4050 S 3900 W, West Haven, Utah 84401",(801) 621-7961,Adoration,,6:30 PM,,Women's Holy Hour Adoration,monthly,English,,fourth_tuesday,,,,4th of each month
St. Mary,"4050 S 3900 W, West Haven, Utah 84401",(801) 621-7961,Adoration,,8:00 PM,,NOCTURNAL ADORATION,special_event,English,,,2025-03-06,,,NOCTURNAL ADORATION; Liturgy of the Hours; Evening Prayer; ends March 7; 2025; at 08:00
St. Mary,"4050 S 3900 W, West Haven, Utah 84401",(801) 621-7961,Devotions,Mon,8:30 AM,,Rosary,weekday,English,,,,,,before Mass
St. Mary,"4050 S 3900 W, West Haven, Utah 84401",(801) 621-7961,Devotions,Tue,8:30 AM,,Rosary,weekday,English,,,,,,before Mass
St. Mary,"4050 S 3900 W, West Haven, Utah 84401",(801) 621-7961,Devotions,Wed,8:30 AM,,Rosary,weekday,English,,,,,,before Mass
St. Mary,"4050 S 3900 W, West Haven, Utah 84401",(801) 621-7961,Devotions,Thu,8:30 AM,,Rosary,weekday,English,,,,,,before Mass
St. Mary,"4050 S 3900 W, West Haven, Utah 84401",(801) 621-7961,Devotions,Fri,8:30 AM,,Rosary,weekday,English,,,,,,before Mass
St. Mary,"4050 S 3900 W, West Haven, Utah 84401",(801) 621-7961,Devotions,Sat,11:30 AM,,Rosary,specific_weekday,spanish,,,,,,before Mass
St. Mary,"4050 S 3900 W, West Haven, Utah 84401",(801) 621-7961,Devotions,Sat,4:30 PM,,Rosary,specific_weekday,English,,,,,,before Mass
St. Mary,"4050 S 3900 W, West Haven, Utah 84401",(801) 621-7961,Devotions,,6:00 PM,,Women's Holy Hour Rosary,monthly,English,,fourth_tuesday,,,,4th of each month
St. Mary,"4050 S 3900 W, West Haven, Utah 84401",(801) 621-7961,Devotions,,7:00 PM,,Men's Holy Hour,monthly,English,,first_tuesday,,,,1st of each month
St. Mary,"4050 S 3900 W, West Haven, Utah 84401",(801) 621-7961,Education,Tue,6:30 PM,8:00 PM,Youth Ministry Meeting,specific_weekday,English,,,,,,ages 12-17
St. Mary,"4050 S 3900 W, West Haven, Utah 84401",(801) 621-7961,Other,,TBD,,YOUTH RALLY,special_event,English,"St. Mary's, West Haven",,2026-02-28,,,YOUTH RALLY
St. Mary,"4050 S 3900 W, West Haven, Utah 84401",(801) 621-7961,Sacraments,,8:00 AM,,Communion Service,special_event,English,,,2025-03-07,,,Communion Service
St. Mary of the Assumption,"1505 White Pine Canyon Rd, Park City, Utah 84060",(435) 649-9676,Mass,Mon,8:00 AM,,Mass,weekday,English,Main Church,,,,,livestream
St. Mary of the Assumption,"1505 White Pine Canyon Rd, Park City, Utah 84060",(435) 649-9676,Mass,Tue,8:00 AM,,Mass,weekday,English,Main Church,,,,,livestream
St. Mary of the Assumption,"1505 White Pine Canyon Rd, Park City, Utah 84060",(435) 649-9676,Mass,Wed,8:00 AM,,Mass,weekday,English,Main Church,,,,,livestream
St. Mary of the Assumption,"1505 White Pine Canyon Rd, Park City, Utah 84060",(435) 649-9676,Mass,Thu,8:00 AM,,Mass,weekday,English,Main Church,,,,,livestream
St. Mary of the Assumption,"1505 White Pine Canyon Rd, Park City, Utah 84060",(435) 649-9676,Mass,Fri,8:00 AM,,Mass,weekday,English,Main Church,,,,,livestream
St. Mary of the Assumption,"1505 White Pine Canyon Rd, Park City, Utah 84060",(435) 649-9676,Mass,Sat,5:30 PM,,Mass,saturday,english,Main Church,,,,,
St. Mary of the Assumption,"1505 White Pine Canyon Rd, Park City, Utah 84060",(435) 649-9676,Mass,Sun,10:30 AM,,Mass,sunday,english,Main Church,,,,,family; note: Children's Ministry at most Masses
St. Mary of the Assumption,"1505 White Pine Canyon Rd, Park City, Utah 84060",(435) 649-9676,Mass,Sun,1:00 PM,,Mass,sunday,spanish,Main Church,,,,,
St. Mary of the Assumption,"1505 White Pine Canyon Rd, Park City, Utah 84060",(435) 649-9676,Mass,Sun,8:00 AM,,Mass,sunday,english,Main Church,,,,,
St. Mary of the Assumption,"1505 White Pine Canyon Rd, Park City, Utah 84060",(435) 649-9676,Mass,Sun,TBD,,Mass,sunday,latin,Main Church or Old Town Chapel,,,,,check calendar
St. Mary of the Assumption,"1505 White Pine Canyon Rd, Park City, Utah 84060",(435) 649-9676,Mass,,8:00 AM,,Mass,monthly,english,Main Church,first_saturday_(recurring),,,,
St. Mary of the Assumption,"1505 White Pine Canyon Rd, Park City, Utah 84060",(435) 649-9676,Confession,Tue,4:30 PM,5:30 PM,Confession,specific_weekday,English,St. Mary's Church,,,,,
St. Mary of the Assumption,"1505 White Pine Canyon Rd, Park City, Utah 84060",(435) 649-9676,Confession,Thu,4:30 PM,5:30 PM,Confession,specific_weekday,English,St. Mary's Church,,,,,
St. Mary of the Assumption,"1505 White Pine Canyon Rd, Park City, Utah 84060",(435) 649-9676,Confession,Sat,4:30 PM,5:30 PM,Confession,saturday,English,St. Mary's Church,,,,,
St. Mary of the Assumption,"1505 White Pine Canyon Rd, Park City, Utah 84060",(435) 649-9676,Confession,,TBD,,Confessions,other,English,,,,,,Also available by appointment; tags
St. Mary of the Assumption,"1505 White Pine Canyon Rd, Park City, Utah 84060",(435) 649-9676,Adoration,Mon,5:00 PM,6:00 PM,Adoration,specific_weekday,English,St. Mary's Church,,,,,exposition
St. Mary of the Assumption,"1505 White Pine Canyon Rd, Park City, Utah 84060",(435) 649-9676,Adoration,Thu,8:30 AM,9:30 AM,Adoration,specific_weekday,English,St. Mary's Church,,,,,exposition
St. Mary of the Assumption,"1505 White Pine Canyon Rd, Park City, Utah 84060",(435) 649-9676,Adoration,,7:00 PM,,Nocturnal Adoration,monthly,English,St. Mary's Church,first_friday_(recurring),,,,exposition
St. Mary of the Assumption,"1505 White Pine Canyon Rd, Park City, Utah 84060",(435) 649-9676,Adoration,,7:00 PM,10:00 PM,Adoration,monthly,English,St. Mary's Church,first_friday_(recurring),,,,exposition; note: Nocturnal Adoration for vocations
St. Mary of the Assumption,"1505 White Pine Canyon Rd, Park City, Utah 84060",(435) 649-9676,Adoration,,8:00 PM,,Nocturnal Adoration,monthly,spanish,St. Mary's Church,first_friday_(recurring),,,,
St. Mary of the Assumption,"1505 White Pine Canyon Rd, Park City, Utah 84060",(435) 649-9676,Adoration,,9:00 PM,,Nocturnal Adoration,monthly,english,St. Mary's Church,first_friday_(recurring),,,,
St. Mary of the Assumption,"1505 White Pine Canyon Rd, Park City, Utah 84060",(435) 649-9676,Adoration,,9:50 PM,,Nocturnal Adoration,monthly,English,St. Mary's Church,first_friday_(recurring),,,,benediction
St. Olaf,"276 E 1700 S, Bountiful, Utah 84010",(801) 295-3621,Mass,Mon,6:00 PM,,Mass,specific_weekday,English,,,,,,Mass
St. Olaf,"276 E 1700 S, Bountiful, Utah 84010",(801) 295-3621,Mass,Tue,8:00 AM,,Mass,specific_weekday,English,,,,,,Mass
St. Olaf,"276 E 1700 S, Bountiful, Utah 84010",(801) 295-3621,Mass,Wed,8:00 AM,,Mass,specific_weekday,English,,,,,,Mass
St. Olaf,"276 E 1700 S, Bountiful, Utah 84010",(801) 295-3621,Mass,Wed,9:00 AM,,Mass,specific_weekday,English,,,,,,When school is in session
St. Olaf,"276 E 1700 S, Bountiful, Utah 84010",(801) 295-3621,Mass,Thu,8:00 AM,,Mass,specific_weekday,English,,,,,,Mass
St. Olaf,"276 E 1700 S, Bountiful, Utah 84010",(801) 295-3621,Mass,Fri,8:00 AM,,Mass,specific_weekday,English,,,,,,Mass
St. Olaf,"276 E 1700 S, Bountiful, Utah 84010",(801) 295-3621,Mass,Sat,5:30 PM,,Mass,saturday,English,,,,,,vigil
St. Olaf,"276 E 1700 S, Bountiful, Utah 84010",(801) 295-3621,Mass,Sun,11:30 AM,,Mass,sunday,English,,,,,,
St. Olaf,"276 E 1700 S, Bountiful, Utah 84010",(801) 295-3621,Mass,Sun,9:00 AM,,Mass,sunday,English,,,,,,
St. Olaf,"276 E 1700 S, Bountiful, Utah 84010",(801) 295-3621,Confession,Sat,4:15 PM,5:00 PM,Confessions,saturday,English,,,,,,or by appointment
St. Olaf,"276 E 1700 S, Bountiful, Utah 84010",(801) 295-3621,Confession,Sat,4:15 PM,5:15 PM,Reconciliation,other,English,church,,,,,or by appointment
St. Olaf,"276 E 1700 S, Bountiful, Utah 84010",(801) 295-3621,Adoration,,9:00 AM,5:00 PM,Adoration,monthly,English,Church,first_friday_(recurring),,,,exposition
St. Olaf,"276 E 1700 S, Bountiful, Utah 84010",(801) 295-3621,Devotions,,11:00 AM,,Regular Class - Rosary,special_event,English,Church,,2026-01-25,,,Regular Class - Rosary; for all students. Parents welcomed to attend.
St. Olaf,"276 E 1700 S, Bountiful, Utah 84010",(801) 295-3621,Devotions,,7:00 PM,,Parish Rosary,parish_event,English,Church,,2026-01-14,,,next occurrence
St. Olaf,"276 E 1700 S, Bountiful, Utah 84010",(801) 295-3621,Education,Sun,10:00 AM,11:15 AM,OCIA Classes,other,English,School,,,,,
St. Olaf,"276 E 1700 S, Bountiful, Utah 84010",(801) 295-3621,Other,,12:00 PM,,BUNCO,parish_event,English,,,2026-01-17,,,Ages 16+; Doors open 11:00 for learn to play and social time
St. Olaf,"276 E 1700 S, Bountiful, Utah 84010",(801) 295-3621,Other,,12:00 PM,2:00 PM,Fascinator Making,parish_event,English,Father McNamara Center,,2026-01-31,,,in preparation for the Tea Party; Materials will be provided or you may bring your own. No cost
St. Olaf,"276 E 1700 S, Bountiful, Utah 84010",(801) 295-3621,Other,,1:30 PM,,Alice in Wonderland themed Annual Tea Party & Fundraiser,parish_event,English,Father McNamara Center,,2026-02-07,,,Tickets on sale after each Mass. $25 per person
St. Olaf,"276 E 1700 S, Bountiful, Utah 84010",(801) 295-3621,Other,,8:30 AM,7:00 PM,Wendover Bus Trip,parish_event,English,St. Olaf,,2026-02-14,,,Bus returns around 7:00 p.m.; $30 per person; includes $5 lucky bucks; 1 free cocktail; 15% off at the gift shop; and $20 in free play coupon. Buffet NOT included. Must be 21+
St. Patrick,"1058 W 400 S, Salt Lake City, Utah 84104",(801) 596-7233,Mass,Mon,9:00 AM,,Mass,specific_weekday,English,chapel,,,,,
St. Patrick,"1058 W 400 S, Salt Lake City, Utah 84104",(801) 596-7233,Mass,Tue,9:00 AM,,Mass,specific_weekday,English,chapel,,,,,
St. Patrick,"1058 W 400 S, Salt Lake City, Utah 84104",(801) 596-7233,Mass,Wed,9:00 AM,,Mass,specific_weekday,English,chapel,,,,,
St. Patrick,"1058 W 400 S, Salt Lake City, Utah 84104",(801) 596-7233,Mass,Thu,9:00 AM,,Mass,specific_weekday,English,chapel,,,,,
St. Patrick,"1058 W 400 S, Salt Lake City, Utah 84104",(801) 596-7233,Mass,Sat,5:00 PM,,Mass,saturday,English,,,,,,
St. Patrick,"1058 W 400 S, Salt Lake City, Utah 84104",(801) 596-7233,Mass,Sun,11:00 AM,,Mass,sunday,English,,,,,,
St. Patrick,"1058 W 400 S, Salt Lake City, Utah 84104",(801) 596-7233,Mass,Sun,8:30 AM,,Mass,sunday,English,,,,,,
St. Patrick,"1058 W 400 S, Salt Lake City, Utah 84104",(801) 596-7233,Mass,,12:30 PM,,African Mass,monthly,English,,fourth_sunday,,,,Fourth
St. Patrick,"1058 W 400 S, Salt Lake City, Utah 84104",(801) 596-7233,Mass,,12:30 PM,,Burmese Mass,monthly,English,,third_sunday,,,,Third
St. Patrick,"1058 W 400 S, Salt Lake City, Utah 84104",(801) 596-7233,Mass,,12:30 PM,,Tongan Mass,monthly,English,,second_sunday,,,,Second
St. Patrick,"121 Church St, Eureka, Utah 84628",(801) 465-4782,Mass,,2:30 PM,,Mass,monthly,English,St. Patrick,first_sunday,,,,note: 1st Sundays
St. Patrick,"1058 W 400 S, Salt Lake City, Utah 84104",(801) 596-7233,Mass,,6:30 PM,,Holy Day Mass,special_event,English,,,2025-01-01,,,Holy Day Mass
St. Patrick,"1058 W 400 S, Salt Lake City, Utah 84104",(801) 596-7233,Mass,,6:30 PM,,Holy Day Mass,special_event,English,,,2025-08-15,,,Holy Day Mass
St. Patrick,"1058 W 400 S, Salt Lake City, Utah 84104",(801) 596-7233,Mass,,6:30 PM,,Holy Day Mass,special_event,English,,,2025-11-01,,,Holy Day Mass
St. Patrick,"1058 W 400 S, Salt Lake City, Utah 84104",(801) 596-7233,Mass,,6:30 PM,,Holy Day Mass,special_event,English,,,2025-12-08,,,Holy Day Mass
St. Patrick,"1058 W 400 S, Salt Lake City, Utah 84104",(801) 596-7233,Mass,,6:30 PM,,Holy Day Mass,special_event,English,,,2025-12-25,,,Holy Day Mass
St. Patrick,"1058 W 400 S, Salt Lake City, Utah 84104",(801) 596-7233,Mass,,9:00 AM,,Holy Day Mass,special_event,English,,,2025-01-01,,,Holy Day Mass
St. Patrick,"1058 W 400 S, Salt Lake City, Utah 84104",(801) 596-7233,Mass,,9:00 AM,,Holy Day Mass,special_event,English,,,2025-08-15,,,Holy Day Mass
St. Patrick,"1058 W 400 S, Salt Lake City, Utah 84104",(801) 596-7233,Mass,,9:00 AM,,Holy Day Mass,special_event,English,,,2025-11-01,,,Holy Day Mass
St. Patrick,"1058 W 400 S, Salt Lake City, Utah 84104",(801) 596-7233,Mass,,9:00 AM,,Holy Day Mass,special_event,English,,,2025-12-08,,,Holy Day Mass
St. Patrick,"1058 W 400 S, Salt Lake City, Utah 84104",(801) 596-7233,Mass,,9:00 AM,,Holy Day Mass,special_event,English,,,2025-12-25,,,Holy Day Mass
St. Patrick,"1058 W 400 S, Salt Lake City, Utah 84104",(801) 596-7233,Confession,Sat,4:00 PM,4:45 PM,Confessions,saturday,English,,,,,,
St. Paul's Catholic Thrift Center,"171 S Main St, Hurricane, Utah 84737 ",4356356829,Mass,Sat,6:00 PM,,Vigil Mass,saturday,English,St. Paul Catholic Center,,,,,
St. Paul's Catholic Thrift Center,"171 S Main St, Hurricane, Utah 84737 ",4356356829,Mass,Sun,12:30 PM,,Sunday Mass,sunday,English,St. Paul Catholic Center,,,,,
St. Paul's Catholic Thrift Center,"171 S Main St, Hurricane, Utah 84737 ",4356356829,Adoration,,7:00 PM,,Adoration,special_event,English,St. Paul Catholic Center,,2026-02-28,,,Adoration
St. Paul's Catholic Thrift Center,"171 S Main St, Hurricane, Utah 84737 ",4356356829,Devotions,Mon,2:00 PM,,Rosary,specific_weekday,English,St. Paul Catholic Center,,,,,
St. Paul's Catholic Thrift Center,"171 S Main St, Hurricane, Utah 84737 ",4356356829,Education,Mon,12:30 PM,,Bible Study,specific_weekday,English,St. Paul Catholic Center,,,,,
St. Paul's Catholic Thrift Center,"171 S Main St, Hurricane, Utah 84737 ",4356356829,Education,Mon,6:00 PM,,Advent Bible Study,specific_weekday,English,St. Paul Catholic Center,,,,,
St. Paul's Catholic Thrift Center,"171 S Main St, Hurricane, Utah 84737 ",4356356829,Other,,TBD,,Knights Roundtable,parish_event,English,St. Paul Catholic Center,,2026-02-15,,,check bulletin
St. Paul's Catholic Thrift Center,"171 S Main St, Hurricane, Utah 84737 ",4356356829,Other,,TBD,,Ash Wednesday,special_event,English,St. Paul Catholic Center,,2026-02-18,,,Ash Wednesday; check bulletin
St. Paul's Catholic Thrift Center,"171 S Main St, Hurricane, Utah 84737 ",4356356829,Sacraments,Wed,9:00 AM,,Communion Service,specific_weekday,English,St. Paul Catholic Center,,,,,
St. Peter,"622 N 600 E, American Fork, Utah 84003",(801) 756-7771,Mass,Mon,6:00 PM,,Mass,specific_weekday,spanish,church,,,,,
St. Peter,"622 N 600 E, American Fork, Utah 84003",(801) 756-7771,Mass,Mon,9:00 AM,,Mass,specific_weekday,english,church,,,,,
St. Peter,"622 N 600 E, American Fork, Utah 84003",(801) 756-7771,Mass,Tue,6:00 PM,,Mass,specific_weekday,spanish,church,,,,,
St. Peter,"622 N 600 E, American Fork, Utah 84003",(801) 756-7771,Mass,Tue,9:00 AM,,Mass,specific_weekday,english,church,,,,,
St. Peter,"622 N 600 E, American Fork, Utah 84003",(801) 756-7771,Mass,Wed,9:00 AM,,Mass,specific_weekday,english,church,,,,,
St. Peter,"622 N 600 E, American Fork, Utah 84003",(801) 756-7771,Mass,Sat,5:00 PM,,Vigil Mass,saturday,english,church,,,,,vigil
St. Peter,"622 N 600 E, American Fork, Utah 84003",(801) 756-7771,Mass,Sun,10:00 AM,,Mass,sunday,english,church,,,,,
St. Peter,"622 N 600 E, American Fork, Utah 84003",(801) 756-7771,Mass,Sun,12:00 PM,,Mass,sunday,spanish,church,,,,,
St. Peter,"302 E Oneida, Preston, Idaho 83263",(208) 547-3200,Mass,Sun,2:00 PM,,Mass,sunday,spanish,"St. Peter, Preston",,,,,
St. Peter,"622 N 600 E, American Fork, Utah 84003",(801) 756-7771,Mass,Sun,8:00 AM,,Mass,sunday,spanish,church,,,,,
St. Peter,"622 N 600 E, American Fork, Utah 84003",(801) 756-7771,Confession,Mon,3:30 PM,,Confession,specific_weekday,bilingual,church vestibule,,,,,
St. Peter,"302 E Oneida, Preston, Idaho 83263",(208) 547-3200,Confession,Fri,4:00 PM,7:00 PM,Confession,other,English,"St. Peter, Preston",,,,,
St. Peter,"622 N 600 E, American Fork, Utah 84003",(801) 756-7771,Confession,Sat,10:00 AM,11:00 AM,First Reconciliation/Communion classes,other,English,,,,,,
St. Peter,"302 E Oneida, Preston, Idaho 83263",(208) 547-3200,Confession,Sun,TBD,,Confession,other,English,,,,,,before most Masses on and Weekdays
St. Peter,"622 N 600 E, American Fork, Utah 84003",(801) 756-7771,Confession,,3:30 PM,,Reconciliation/Confession,parish_event,English,church vestibule,,,,,every starting
St. Peter,"622 N 600 E, American Fork, Utah 84003",(801) 756-7771,Adoration,Mon,9:30 AM,6:00 PM,Exposition/Adoration,specific_weekday,English,church,,,,,exposition
St. Peter,"622 N 600 E, American Fork, Utah 84003",(801) 756-7771,Education,Sat,10:00 AM,11:00 AM,Religious Education classes,other,English,,,,,,except as noted
St. Peter,"622 N 600 E, American Fork, Utah 84003",(801) 756-7771,Other,Sat,3:30 PM,4:45 PM,Order of Christian Initiation of Adults,other,English,,,,,,OCIA
St. Peter,"622 N 600 E, American Fork, Utah 84003",(801) 756-7771,Sacraments,Wed,6:30 PM,7:30 PM,Confirmation class,specific_weekday,English,,,,,,
St. Rose of Lima,"210 S Chapel St, Layton, Utah 84041",(801) 544-4269,Mass,Mon,9:00 AM,,Mass,specific_weekday,english,,,,,,
St. Rose of Lima,"210 S Chapel St, Layton, Utah 84041",(801) 544-4269,Mass,Wed,9:00 AM,,Mass,specific_weekday,english,,,,,,
St. Rose of Lima,"210 S Chapel St, Layton, Utah 84041",(801) 544-4269,Mass,Thu,9:00 AM,,Mass,specific_weekday,english,,,,,,
St. Rose of Lima,"210 S Chapel St, Layton, Utah 84041",(801) 544-4269,Mass,Fri,9:00 AM,,Mass,specific_weekday,english,,,,,,
St. Rose of Lima,"210 S Chapel St, Layton, Utah 84041",(801) 544-4269,Mass,Sat,5:00 PM,,Mass,saturday,english,,,,,,
St. Rose of Lima,"210 S Chapel St, Layton, Utah 84041",(801) 544-4269,Mass,Sun,11:30 AM,,Mass,sunday,spanish,,,,,,
St. Rose of Lima,"210 S Chapel St, Layton, Utah 84041",(801) 544-4269,Mass,Sun,9:00 AM,,Mass,sunday,english,,,,,,
St. Rose of Lima,"210 S Chapel St, Layton, Utah 84041",(801) 544-4269,Mass,,TBD,,Collective Mass Intentions,special_event,English,,,2026-03-02,,,Collective Mass Intentions TIME_TBD
St. Rose of Lima,"210 S Chapel St, Layton, Utah 84041",(801) 544-4269,Mass,,TBD,,Collective Mass Intentions,special_event,English,,,2026-06-01,,,Collective Mass Intentions TIME_TBD
St. Rose of Lima,"210 S Chapel St, Layton, Utah 84041",(801) 544-4269,Mass,,TBD,,Collective Mass Intentions,special_event,English,,,2026-09-07,,,Collective Mass Intentions TIME_TBD
St. Rose of Lima,"210 S Chapel St, Layton, Utah 84041",(801) 544-4269,Confession,Sat,3:30 PM,4:30 PM,Confession,saturday,English,,,,,,or upon request
St. Rose of Lima,"210 S Chapel St, Layton, Utah 84041",(801) 544-4269,Other,,10:00 AM,,Sacraments of The Catholic Church,special_event,spanish,,,2026-01-24,,,Sacraments of The Catholic Church
St. Rose of Lima,"210 S Chapel St, Layton, Utah 84041",(801) 544-4269,Other,,10:00 AM,,Sacraments of The Catholic Church,special_event,spanish,,,2026-02-14,,,Sacraments of The Catholic Church
St. Rose of Lima,"210 S Chapel St, Layton, Utah 84041",(801) 544-4269,Other,,5:30 PM,,Sacraments of The Catholic Church,special_event,english,,,2026-01-13,,,Sacraments of The Catholic Church
St. Rose of Lima,"210 S Chapel St, Layton, Utah 84041",(801) 544-4269,Other,,5:30 PM,,Sacraments of The Catholic Church,special_event,english,,,2026-02-10,,,Sacraments of The Catholic Church
St. Rose of Lima,"210 S Chapel St, Layton, Utah 84041",(801) 544-4269,Other,,6:30 PM,,Sacraments of The Catholic Church,special_event,spanish,,,2026-01-13,,,Sacraments of The Catholic Church
St. Rose of Lima,"210 S Chapel St, Layton, Utah 84041",(801) 544-4269,Other,,6:30 PM,,Sacraments of The Catholic Church,special_event,spanish,,,2026-02-10,,,Sacraments of The Catholic Church
St. Rose of Lima,"210 S Chapel St, Layton, Utah 84041",(801) 544-4269,Other,,9:00 AM,,Sacraments of The Catholic Church,special_event,english,,,2026-01-24,,,Sacraments of The Catholic Church
St. Rose of Lima,"210 S Chapel St, Layton, Utah 84041",(801) 544-4269,Other,,9:00 AM,,Sacraments of The Catholic Church,special_event,english,,,2026-02-14,,,Sacraments of The Catholic Church
St. Sylvester,"Center St and Main Stree, Escalante, Utah 84726",(435) 586-8298,Mass,Sun,5:00 PM,,Mass,sunday,english,Saint Sylvester Catholic Mission,,,,,
St. Therese of the Child Jesus,"624 W Lennox St, Midvale, Utah 84047-7228",(801) 255-3721,Mass,Tue,5:00 PM,,Mass,specific_weekday,english,,,,,,
St. Therese of the Child Jesus,"624 W Lennox St, Midvale, Utah 84047-7228",(801) 255-3721,Mass,Tue,6:30 PM,,Mass,specific_weekday,spanish,,,,,,
St. Therese of the Child Jesus,"624 W Lennox St, Midvale, Utah 84047-7228",(801) 255-3721,Mass,Thu,6:30 PM,,Mass,specific_weekday,spanish,,,,,,
St. Therese of the Child Jesus,"624 W Lennox St, Midvale, Utah 84047-7228",(801) 255-3721,Mass,Sat,5:00 PM,,Mass,saturday,english,,,,,,vigil
St. Therese of the Child Jesus,"624 W Lennox St, Midvale, Utah 84047-7228",(801) 255-3721,Mass,Sat,6:30 PM,,Mass,saturday,spanish,,,,,,vigil
St. Therese of the Child Jesus,"624 W Lennox St, Midvale, Utah 84047-7228",(801) 255-3721,Mass,Sun,10:00 AM,,Mass,sunday,english,,,,,,
St. Therese of the Child Jesus,"624 W Lennox St, Midvale, Utah 84047-7228",(801) 255-3721,Mass,Sun,12:00 PM,,Mass,sunday,spanish,,,,,,
St. Therese of the Child Jesus,"624 W Lennox St, Midvale, Utah 84047-7228",(801) 255-3721,Mass,Sun,8:00 AM,,Mass,sunday,spanish,,,,,,
St. Therese of the Child Jesus,"624 W Lennox St, Midvale, Utah 84047-7228",(801) 255-3721,Devotions,,7:00 PM,,Holy Hour,monthly,English,,second_wednesday,,,,Every 2nd
St. Therese of the Child Jesus,"624 W Lennox St, Midvale, Utah 84047-7228",(801) 255-3721,Administrative,,TBD,,The Parish Office will be closed,special_event,English,,,2026-01-19,,,The Parish Office will be closed TIME_TBD; note: for Martin Luther King Day
St. Thomas Aquinas,"725 S 250 E, Hyde Park, Utah 84318",(435) 752-1478,Mass,Mon,9:00 AM,,Mass,specific_weekday,english,St. Thomas Aquinas,,,,,
St. Thomas Aquinas,"725 S 250 E, Hyde Park, Utah 84318",(435) 752-1478,Mass,Tue,12:00 PM,,Mass,specific_weekday,english,St. Thomas Aquinas,,,,,
St. Thomas Aquinas,"725 S 250 E, Hyde Park, Utah 84318",(435) 752-1478,Mass,Wed,7:00 PM,,Mass,specific_weekday,spanish,St. Thomas Aquinas,,,,,
St. Thomas Aquinas,"725 S 250 E, Hyde Park, Utah 84318",(435) 752-1478,Mass,Thu,12:00 PM,,Mass,specific_weekday,english,St. Thomas Aquinas,,,,,
St. Thomas Aquinas,"725 S 250 E, Hyde Park, Utah 84318",(435) 752-1478,Mass,Fri,12:00 PM,,Mass,specific_weekday,english,St. Thomas Aquinas,,,,,
St. Thomas Aquinas,"725 S 250 E, Hyde Park, Utah 84318",(435) 752-1478,Mass,Sat,5:00 PM,,Mass,saturday,english,St. Thomas Aquinas,,,,,
St. Thomas Aquinas,"725 S 250 E, Hyde Park, Utah 84318",(435) 752-1478,Mass,Sat,7:00 PM,,Mass,saturday,spanish,St. Thomas Aquinas,,,,,
St. Thomas Aquinas,"725 S 250 E, Hyde Park, Utah 84318",(435) 752-1478,Mass,Sun,10:00 AM,,Mass,sunday,english,St. Thomas Aquinas,,,,,
St. Thomas Aquinas,"725 S 250 E, Hyde Park, Utah 84318",(435) 752-1478,Mass,Sun,1:00 PM,,Mass,sunday,spanish,St. Thomas Aquinas,,,,,
St. Thomas Aquinas,"725 S 250 E, Hyde Park, Utah 84318",(435) 752-1478,Mass,,10:00 AM,,Palm Sunday Mass,special_event,english,St. Thomas Aquinas,,2026-03-29,,,Palm Sunday Mass
St. Thomas Aquinas,"725 S 250 E, Hyde Park, Utah 84318",(435) 752-1478,Mass,,10:00 AM,,Easter Sunday Mass,special_event,english,St. Thomas Aquinas,,2026-04-05,,,Easter Sunday Mass
St. Thomas Aquinas,"725 S 250 E, Hyde Park, Utah 84318",(435) 752-1478,Mass,,12:00 PM,,Ash Wednesday Mass,special_event,bilingual,St. Thomas Aquinas,,2026-02-18,,,Ash Wednesday Mass
St. Thomas Aquinas,"725 S 250 E, Hyde Park, Utah 84318",(435) 752-1478,Mass,,1:00 PM,,Palm Sunday Mass,special_event,spanish,St. Thomas Aquinas,,2026-03-29,,,Palm Sunday Mass
St. Thomas Aquinas,"725 S 250 E, Hyde Park, Utah 84318",(435) 752-1478,Mass,,1:00 PM,,Easter Sunday Mass,special_event,spanish,St. Thomas Aquinas,,2026-04-05,,,Easter Sunday Mass
St. Thomas Aquinas,"725 S 250 E, Hyde Park, Utah 84318",(435) 752-1478,Mass,,5:00 PM,,Ash Wednesday Mass,special_event,english,St. Thomas Aquinas,,2026-02-18,,,Ash Wednesday Mass
St. Thomas Aquinas,"725 S 250 E, Hyde Park, Utah 84318",(435) 752-1478,Mass,,5:00 PM,,Palm Sunday Vigil Mass,special_event,english,St. Thomas Aquinas,,2026-03-28,,,Palm Sunday Vigil Mass
St. Thomas Aquinas,"725 S 250 E, Hyde Park, Utah 84318",(435) 752-1478,Mass,,7:00 AM,,Ash Wednesday Mass,special_event,english,St. Thomas Aquinas,,2026-02-18,,,Ash Wednesday Mass
St. Thomas Aquinas,"725 S 250 E, Hyde Park, Utah 84318",(435) 752-1478,Mass,,7:00 PM,,Ash Wednesday Mass,special_event,spanish,St. Thomas Aquinas,,2026-02-18,,,Ash Wednesday Mass
St. Thomas Aquinas,"725 S 250 E, Hyde Park, Utah 84318",(435) 752-1478,Mass,,7:00 PM,,Palm Sunday Vigil Mass,special_event,spanish,St. Thomas Aquinas,,2026-03-28,,,Palm Sunday Vigil Mass
St. Thomas Aquinas,"725 S 250 E, Hyde Park, Utah 84318",(435) 752-1478,Mass,,7:00 PM,,Holy Thursday Mass of the Lord's Supper,special_event,bilingual,St. Thomas Aquinas,,2026-04-02,,,Holy Thursday Mass of the Lord's Supper
St. Thomas Aquinas,"725 S 250 E, Hyde Park, Utah 84318",(435) 752-1478,Mass,,8:30 PM,,Easter Vigil Mass,special_event,bilingual,St. Thomas Aquinas,,2026-04-04,,,Easter Vigil Mass
St. Thomas Aquinas,"725 S 250 E, Hyde Park, Utah 84318",(435) 752-1478,Confession,Sat,6:00 PM,6:45 PM,Confession,saturday,English,St. Thomas Aquinas,,,,,
St. Thomas Aquinas,"725 S 250 E, Hyde Park, Utah 84318",(435) 752-1478,Confession,,6:00 PM,7:00 PM,Reconciliation,parish_event,English,St. Thomas Aquinas,,2026-02-19,,,
St. Thomas Aquinas,"725 S 250 E, Hyde Park, Utah 84318",(435) 752-1478,Confession,,6:00 PM,7:00 PM,Reconciliation,parish_event,English,St. Thomas Aquinas,,2026-02-20,,,
St. Thomas Aquinas,"725 S 250 E, Hyde Park, Utah 84318",(435) 752-1478,Confession,,6:00 PM,7:00 PM,Reconciliation,parish_event,English,St. Thomas Aquinas,,2026-03-19,,,
St. Thomas Aquinas,"725 S 250 E, Hyde Park, Utah 84318",(435) 752-1478,Confession,,6:00 PM,7:00 PM,Reconciliation,parish_event,English,St. Thomas Aquinas,,2026-03-20,,,
St. Thomas Aquinas,"725 S 250 E, Hyde Park, Utah 84318",(435) 752-1478,Confession,,6:00 PM,8:00 PM,Reconciliation,parish_event,English,St. Thomas Aquinas,,2026-03-27,,,
St. Thomas Aquinas,"725 S 250 E, Hyde Park, Utah 84318",(435) 752-1478,Adoration,Thu,5:30 PM,6:30 PM,Adoration,specific_weekday,English,St. Thomas Aquinas,,,,,
St. Thomas Aquinas,"725 S 250 E, Hyde Park, Utah 84318",(435) 752-1478,Adoration,,7:00 PM,8:00 PM,Adoration,monthly,English,St. Thomas Aquinas,first_friday_(recurring),,,,exposition
St. Thomas Aquinas,"725 S 250 E, Hyde Park, Utah 84318",(435) 752-1478,Other,,7:00 PM,,Good Friday Celebration of the Lord's Passion,special_event,bilingual,St. Thomas Aquinas,,2026-04-03,,,Good Friday Celebration of the Lord's Passion
St. Thomas Aquinas,"725 S 250 E, Hyde Park, Utah 84318",(435) 752-1478,Other,,7:00 PM,,The Search Discussion Group,parish_event,English,,,,,,starting March 2
St. Thomas More,"3015 E Creek Rd, Cottonwood Heights, Utah 84093-6575",(801) 942-5285,Mass,Mon,9:00 AM,,Mass & Adoration,specific_weekday,English,St. Thomas More Catholic Church,,,,,livestream
St. Thomas More,"3015 E Creek Rd, Cottonwood Heights, Utah 84093-6575",(801) 942-5285,Mass,Wed,9:00 AM,,Mass & Adoration,specific_weekday,English,St. Thomas More Catholic Church,,,,,livestream
St. Thomas More,"3015 E Creek Rd, Cottonwood Heights, Utah 84093-6575",(801) 942-5285,Mass,Thu,9:00 AM,,Mass & Adoration,specific_weekday,English,St. Thomas More Catholic Church,,,,,livestream
St. Thomas More,"3015 E Creek Rd, Cottonwood Heights, Utah 84093-6575",(801) 942-5285,Mass,Fri,7:00 PM,,Mass,specific_weekday,English,St. Thomas More Catholic Church,,,,,during Lent
St. Thomas More,"3015 E Creek Rd, Cottonwood Heights, Utah 84093-6575",(801) 942-5285,Mass,Fri,9:00 AM,,Mass & Adoration,specific_weekday,English,St. Thomas More Catholic Church,,,,,livestream
St. Thomas More,"3015 E Creek Rd, Cottonwood Heights, Utah 84093-6575",(801) 942-5285,Mass,Sat,5:00 PM,,Mass,saturday,English,St. Thomas More Catholic Church,,,,,vigil
St. Thomas More,"3015 E Creek Rd, Cottonwood Heights, Utah 84093-6575",(801) 942-5285,Mass,Sat,9:00 AM,,Mass & Adoration,specific_weekday,English,St. Thomas More Catholic Church,,,,,
St. Thomas More,"3015 E Creek Rd, Cottonwood Heights, Utah 84093-6575",(801) 942-5285,Mass,Sun,11:30 AM,,Mass,sunday,English,St. Thomas More Catholic Church,,,,,livestream
St. Thomas More,"3015 E Creek Rd, Cottonwood Heights, Utah 84093-6575",(801) 942-5285,Mass,Sun,9:00 AM,,Mass,sunday,English,St. Thomas More Catholic Church,,,,,livestream
St. Thomas More,"3015 E Creek Rd, Cottonwood Heights, Utah 84093-6575",(801) 942-5285,Mass,,3:00 PM,,Mass,special_event,English,St. Thomas More Catholic Church,,2026-04-03,,,Mass; Good Friday Only
St. Thomas More,"3015 E Creek Rd, Cottonwood Heights, Utah 84093-6575",(801) 942-5285,Confession,Sat,4:00 PM,,Confessions,specific_weekday,English,St. Thomas More Catholic Church,,,,,or by appointment
St. Thomas More,"3015 E Creek Rd, Cottonwood Heights, Utah 84093-6575",(801) 942-5285,Confession,Sun,11:00 AM,11:30 AM,Confessions,specific_weekday,English,St. Thomas More Catholic Church,,,,,
St. Thomas More,"3015 E Creek Rd, Cottonwood Heights, Utah 84093-6575",(801) 942-5285,Confession,Sun,8:30 AM,9:00 AM,Confessions,specific_weekday,English,St. Thomas More Catholic Church,,,,,
St. Thomas More,"3015 E Creek Rd, Cottonwood Heights, Utah 84093-6575",(801) 942-5285,Adoration,Sat,9:00 AM,,Adoration,specific_weekday,English,St. Thomas More Catholic Church,,,,,
St. Vincent de Paul,"1375 E Spring Ln, Salt Lake City, Utah 84117",(801) 272-9216,Mass,Mon,9:00 AM,,Mass,specific_weekday,English,,,,,,
St. Vincent de Paul,"1375 E Spring Ln, Salt Lake City, Utah 84117",(801) 272-9216,Mass,Tue,9:00 AM,,Mass,specific_weekday,English,,,,,,
St. Vincent de Paul,"1375 E Spring Ln, Salt Lake City, Utah 84117",(801) 272-9216,Mass,Wed,9:00 AM,,Mass,specific_weekday,English,,,,,,
St. Vincent de Paul,"1375 E Spring Ln, Salt Lake City, Utah 84117",(801) 272-9216,Mass,Thu,9:00 AM,,Mass,specific_weekday,English,,,,,,
St. Vincent de Paul,"1375 E Spring Ln, Salt Lake City, Utah 84117",(801) 272-9216,Mass,Fri,9:00 AM,,Mass,specific_weekday,English,,,,,,
St. Vincent de Paul,"1375 E Spring Ln, Salt Lake City, Utah 84117",(801) 272-9216,Mass,Sat,5:00 PM,,Mass,saturday,English,,,,,,vigil
St. Vincent de Paul,"1375 E Spring Ln, Salt Lake City, Utah 84117",(801) 272-9216,Mass,Sat,9:00 AM,,Mass,specific_weekday,English,,,,,,
St. Vincent de Paul,"1375 E Spring Ln, Salt Lake City, Utah 84117",(801) 272-9216,Mass,Sun,11:30 AM,,Mass,sunday,English,,,,,,
St. Vincent de Paul,"1375 E Spring Ln, Salt Lake City, Utah 84117",(801) 272-9216,Mass,Sun,5:00 PM,,Mass,sunday,English,,,,,,
St. Vincent de Paul,"1375 E Spring Ln, Salt Lake City, Utah 84117",(801) 272-9216,Mass,Sun,9:00 AM,,Mass,sunday,English,,,,,,ASL Signed
St. Vincent de Paul,"1375 E Spring Ln, Salt Lake City, Utah 84117",(801) 272-9216,Mass,,10:00 AM,,Christmas Day Mass,special_event,English,,,2025-12-25,,,Christmas Day Mass; only
St. Vincent de Paul,"1375 E Spring Ln, Salt Lake City, Utah 84117",(801) 272-9216,Mass,,4:00 PM,,Christmas Eve Mass,special_event,English,,,2025-12-24,,,Christmas Eve Mass
St. Vincent de Paul,"1375 E Spring Ln, Salt Lake City, Utah 84117",(801) 272-9216,Mass,,6:00 PM,,Christmas Eve Mass,special_event,English,,,2025-12-24,,,Christmas Eve Mass; ASL-Interpreted
St. Vincent de Paul,"1375 E Spring Ln, Salt Lake City, Utah 84117",(801) 272-9216,Mass,,8:00 PM,,Christmas Eve Mass,special_event,English,,,2025-12-24,,,Christmas Eve Mass
St. Vincent de Paul,"1375 E Spring Ln, Salt Lake City, Utah 84117",(801) 272-9216,Confession,Sat,4:00 PM,4:45 PM,Confession,saturday,English,,,,,,or by appointment with the priest
St. Vincent de Paul,"1375 E Spring Ln, Salt Lake City, Utah 84117",(801) 272-9216,Confession,,4:00 PM,,Confession,special_event,English,,,2025-12-06,,,Confession; two priests
St. Vincent de Paul,"1375 E Spring Ln, Salt Lake City, Utah 84117",(801) 272-9216,Confession,,4:00 PM,,Confession,special_event,English,,,2025-12-13,,,Confession; two priests
St. Vincent de Paul,"1375 E Spring Ln, Salt Lake City, Utah 84117",(801) 272-9216,Confession,,4:00 PM,,Confession,special_event,English,,,2025-12-20,,,Confession; two priests
St. Vincent de Paul,"1375 E Spring Ln, Salt Lake City, Utah 84117",(801) 272-9216,Education,Tue,9:30 AM,11:30 AM,Women’s Bible Study,other,English,Benvegnu Center,,,,,
Weber State University Newman Center,"3738 Custer Ave, Ogden, Utah 84403",(801) 399-9531,Education,,7:00 PM,8:00 PM,Friday Social,parish_event,English,3738 Custer Ave.,,,,,
Weber State University Newman Center,"3738 Custer Ave, Ogden, Utah 84403",(801) 399-9531,Other,,7:00 PM,8:00 PM,Wednesday Gathering,parish_event,English,3738 Custer Ave.,,,,,
Zion Park-Canyon Community Center,"126 Lion Blvd, Springdale, Utah 84767",(435) 673-2604,Mass,Sun,8:30 AM,,Mass,sunday,english,Zion National Park - Canyon Community Center Station,,,,,
Zion Park-Canyon Community Center,"126 Lion Blvd, Springdale, Utah 84767",(435) 673-2604,Other,,8:30 AM,,Sunday Celebration in the Absence of a Priest,other,english,,,,,,weekly; SCAP
