slug,name,street,city,state_region,latitude,longitude,phone,website,mass_count,confession_count,adoration_count,has_perpetual_adoration,source_url,last_scraped
us-ky-albany-emmanuel-b6b399dc,Emmanuel,2546 N Hwy 127,Albany,Kentucky,36.72114207,-85.13456733,6066881921,http://www.archlou.org/parishes/emmanuel-parish/,36,0,0,False,https://catholicindex.org/mass-times/albany-kentucky,2026-02-21T18:15:34.930828+00:00
us-ky-alexandria-st-mary-of-the-assumption-9012223a,St. Mary of the Assumption Parish,8246 E Main St,Alexandria,Kentucky,38.95506521,-84.389159,859-635-4188,https://www.saintmaryparish.com,10,0,0,False,https://catholicindex.org/mass-times/alexandria-kentucky,2026-02-21T18:15:36.464134+00:00
us-oh-amelia-st-bernadette-cba55249,St. Bernadette,1479 Locust Lake Rd,Amelia,Ohio,39.02812676,-84.22669598,(513)753-5566,http://stellamarisfamily.org/,28,0,0,False,https://catholicindex.org/mass-times/alexandria-kentucky,2026-02-21T18:15:36.464134+00:00
us-oh-arnheim-st-mary-d1195703,St. Mary,6647 Van Buren St,Arnheim,Ohio,38.93396539,-83.8261382,(937) 392-1116,https://www.ohiocatholic.org,2,0,0,False,https://catholicindex.org/mass-times/augusta-kentucky,2026-02-21T18:16:01.998808+00:00
us-ky-ashland-holy-family-972af572,Holy Family,900 Winchester Ave,Ashland,Kentucky,38.48213137,-82.64717542,(606) 329-1607,http://hfchurchashland.weebly.com/,12,0,0,False,https://catholicindex.org/mass-times/ashland-kentucky,2026-02-21T18:15:57.348804+00:00
us-ky-auburn-fathers-of-mercy-334e5c0f,Chapel of Divine Mercy,806 Shaker Museum Rd,Auburn,Kentucky,36.88451722,-86.64621705,(270) 542-4146,http://fathersofmercy.com/,7,0,0,False,https://catholicindex.org/mass-times/auburn-kentucky,2026-02-21T18:16:00.292780+00:00
us-ky-augusta-st-augustine-4388d23f,St. Augustine,215 E 4th St,Augusta,Kentucky,38.77169464,-84.00419103,(606) 756-3229,https://saintaugustine-augusta.org/,5,0,0,False,https://catholicindex.org/mass-times/alexandria-kentucky,2026-02-21T18:15:36.464134+00:00
us-in-aurora-st-mary-of-the-immaculate-conception-272c3c36,St. Mary of the Immaculate Conception,203 4th St,Aurora,Indiana,39.05399762,-84.8999205,(812) 537-3992,http://stmaryscc.org,2,0,0,False,https://catholicindex.org/mass-times/bellevue-kentucky,2026-02-21T18:16:43.936647+00:00
us-ky-barbourville-st-gregory-dbed2570,St. Gregory,329 Sycamore Dr,Barbourville,Kentucky,36.86865694,-83.89383125,(606) 546-4461,http://www.facebook.com/groups/stgregorychurch/,0,0,0,False,https://catholicindex.org/mass-times/barbourville-kentucky,2026-02-21T18:16:12.328699+00:00
us-ky-bardstown-saint-joseph-proto-cathedral-5abc8b51,Basilica of St. Joseph Proto-Cathedral,310 W Stephen Foster Ave,Bardstown,Kentucky,37.81065412,-85.47139536,(502) 348-3126,http://www.stjosephbasilica.org/,10,0,0,False,https://catholicindex.org/mass-times/bardstown-kentucky,2026-02-21T18:16:13.948301+00:00
us-ky-bardstown-saint-thomas-church-6dafd77a,Saint Thomas Church,870 St Thomas Ln,Bardstown,KY,37.7668047,-85.4838431,+1-502-348-3717,https://saintthomasbardstown.org/,4,0,0,False,https://catholicindex.org/mass-times/bardstown-kentucky,2026-02-21T18:16:13.948301+00:00
us-ky-bardstown-st-monica-ddca6fbf,St. Monica,407 S Third St,Bardstown,Kentucky,37.8025974,-85.46811671,(502) 348-5250,http://stmonicabardstown.org/,3,0,0,False,https://catholicindex.org/mass-times/bardstown-kentucky,2026-02-21T18:16:13.948301+00:00
us-ky-bardstown-st-thomas-ec917db7,St. Thomas,870 Saint Thomas Ln,Bardstown,Kentucky,37.76848,-85.4846039,(502) 348-3717,http://saintthomasbardstown.org/,4,0,0,False,https://catholicindex.org/mass-times/bardstown-kentucky,2026-02-21T18:16:13.948301+00:00
us-ky-bardwell-church-of-st-charles-c29e7b0f,St. Charles,6922 State Rt 408,Bardwell,Kentucky,36.86375,-88.90125,12706422586,https://stcharlescatholicchurch.weebly.com/,3,0,0,False,https://catholicindex.org/mass-times/bardwell-kentucky,2026-02-21T18:16:15.296626+00:00
us-ky-bardwell-st-charles-b944b756,St. Charles,6922 KY-408,Bardwell,Kentucky,36.85429388,-88.86755407,(270) 642-2586,https://stcharlescatholicchurch.weebly.com,3,0,0,False,https://catholicindex.org/mass-times/bardwell-kentucky,2026-02-21T18:16:15.296626+00:00
us-oh-batavia-holy-trinity-0e80da90,Holy Trinity,140 N Sixth St,Batavia,Ohio,39.07529129,-84.17177976,(513) 732-2218,http://www.catholiccincinnati.org/parish-info/?id=88,14,0,0,False,https://catholicindex.org/mass-times/alexandria-kentucky,2026-02-21T18:15:36.464134+00:00
us-ky-beattyville-queen-of-all-saints-9bee7276,Queen of All Saints,90 Railroad St,Beattyville,Kentucky,37.57402762,-83.71323577,606-464-8695,http://qasbeattyville.org/,2,0,0,False,https://catholicindex.org/mass-times/beattyville-kentucky,2026-02-21T18:16:25.745040+00:00
us-ky-beaver-dam-holy-redeemer-3909a475,Holy Redeemer,117 13th St,Beaver Dam,Kentucky,37.4173925,-86.88116784,(270) 274-3414,https://owensborodiocese.org/listing/holy-redeemer-parish/,0,0,0,False,https://catholicindex.org/mass-times/beaver-dam-kentucky,2026-02-21T18:16:31.808011+00:00
us-ky-bellevue-divine-mercy-parish-sacred-heart-9fd79cf6,Divine Mercy Parish - Sacred Heart,318 Division St,Bellevue,Kentucky,39.10354742,-84.48115008,(859) 261-6172,http://dmsbcatholic.com,11,0,0,False,https://catholicindex.org/mass-times/alexandria-kentucky,2026-02-21T18:15:36.464134+00:00
us-ky-berea-st-clare-9c63c5b6,St. Clare,622 Chestnut St,Berea,Kentucky,37.56874362,-84.30354679,859-986-4633,http://stclareberea.org/mass-times,5,0,0,False,https://catholicindex.org/mass-times/berea-kentucky,2026-02-21T18:16:49.750073+00:00
us-oh-bethel-st-mary-351e6fda,St. Mary,3398 State Rt 125,Bethel,Ohio,38.96282457,-84.06700941,(513) 734-4041,http://stellamarisfamily.org/,4,0,0,False,https://catholicindex.org/mass-times/alexandria-kentucky,2026-02-21T18:15:36.464134+00:00
us-va-big-stone-gap-sacred-heart-48d57f7d,Sacred Heart,1821 Holton Ave,Big Stone Gap,Virginia,36.87557168,-82.76183118,(276) 523-1588,http://holytrinitycluster.org/parishes/sacred-heart/,1,0,0,False,https://catholicindex.org/mass-times/cumberland-kentucky,2026-02-21T18:19:39.355803+00:00
us-va-big-stone-gap-sacred-heart-catholic-church-90f84361,Sacred Heart Catholic Church,1821 Holton Ave E,Big Stone Gap,VA,36.8768531,-82.7568397,+1-276-523-1588,https://holytrinitycluster.org/,4,0,0,False,https://catholicindex.org/mass-times/cumberland-kentucky,2026-02-21T18:19:39.355803+00:00
us-ky-booneville-holy-family-613c5172,Holy Family,1439 Old KY 11 S,Booneville,Kentucky,37.4586152,-83.68612251,(606) 593-6948,http://ww38.holyfamilybooneville.org/,2,0,0,False,https://catholicindex.org/mass-times/beattyville-kentucky,2026-02-21T18:16:25.745040+00:00
us-ky-booneville-holy-family-catholic-church-2ed1af5a,Holy Family Catholic Church,1439 KY-11,Booneville,KY,37.4588231,-83.6858439,+1-606-593-6948,https://cdlex.org/holy-family-booneville,0,0,0,False,https://catholicindex.org/mass-times/beattyville-kentucky,2026-02-21T18:16:25.745040+00:00
us-in-boonville-saint-clement-2fcf71ca,St. Clement,422 E Sycamore St,Boonville,Indiana,38.05094931,-87.26962053,(812) 897-4653,http://stclementparish.weconnect.com/,5,0,0,False,https://catholicindex.org/mass-times/curdsville-kentucky,2026-02-21T18:19:42.422859+00:00
us-ky-bowling-green-holy-spirit-52b530e6,Holy Spirit,4754 Smallhouse Rd,Bowling Green,Kentucky,36.92487132,-86.43820493,(270) 842-7777,http://holyspiritcatholic.org,10,0,0,False,https://catholicindex.org/mass-times/auburn-kentucky,2026-02-21T18:16:00.292780+00:00
us-ky-bowling-green-st-thomas-aquinas-catholic-newman-center-wku-fd521d2d,Newman Center of Western KY University (WKU),1403 College St,Bowling Green,Kentucky,36.9885426,-86.45022548,(270) 418-2696,http://www.stthomasaquinaswku.com/,2,0,0,False,https://catholicindex.org/mass-times/auburn-kentucky,2026-02-21T18:16:00.292780+00:00
us-ky-bowling-green-st-joseph-b6955a55,St. Joseph,434 Church Ave,Bowling Green,Kentucky,37.00183894,-86.44713653,(270) 842-2525 or (270) 746-9696 (After-hour Emergency),http://www.stjosephbg.org/,15,0,0,False,https://catholicindex.org/mass-times/auburn-kentucky,2026-02-21T18:16:00.292780+00:00
us-ky-brandenburg-st-john-the-apostle-b8b1b009,St. John the Apostle,515 Broadway,Brandenburg,Kentucky,37.99450741,-86.16432102,(270) 422-2196,http://www.stjohnonline.org/,6,0,0,False,https://catholicindex.org/mass-times/brandenburg-kentucky,2026-02-21T18:17:30.366672+00:00
us-oh-bridgetown-st-jude-e56f8284,St. Jude,5924 Bridgetown Rd,Bridgetown,Ohio,39.15997096,-84.64409157,(513) 574-1230,https://www.divinemercyfam.org,4,0,0,False,https://catholicindex.org/mass-times/alexandria-kentucky,2026-02-21T18:15:36.464134+00:00
us-in-bristow-st-isidore-the-farmer-506be2cb,St. Isidore the Farmer,6501 St Isidore Rd,Bristow,Indiana,38.13195505,-86.68797433,(812) 357-6422 or (812) 843-5713,http://www.archindy.org/parishes/listings/127.html,2,0,0,False,https://catholicindex.org/mass-times/cloverport-kentucky,2026-02-21T18:19:06.375347+00:00
us-ky-brooksville-st-james-2ecce9af,St. James,122 Garrett Ave,Brooksville,Kentucky,38.68109511,-84.06378984,(606) 756-3229,http://saintaugustine-augusta.org/,4,0,0,False,https://catholicindex.org/mass-times/augusta-kentucky,2026-02-21T18:16:01.998808+00:00
us-ky-burkesville-holy-cross-11536cf0,Holy Cross,254 Glasgow Rd,Burkesville,Kentucky,36.7953167,-85.3959511,6066881921,http://www.archlou.org/parishes/holy-cross-burkesville/,89,0,0,False,https://catholicindex.org/mass-times/albany-kentucky,2026-02-21T18:15:34.930828+00:00
us-ky-burkesville-holy-cross-catholic-church-27495964,Holy Cross Catholic Church,264 Glasgow Rd,Burkesville,KY,36.7959645,-85.3710983,+1-270-864-4107,https://www.archlou.org/parishes/holy-cross-burkesville/,23,0,0,False,https://catholicindex.org/mass-times/albany-kentucky,2026-02-21T18:15:34.930828+00:00
us-ky-burlington-immaculate-heart-of-mary-16ef708a,Immaculate Heart of Mary,5876 Veterans Way,Burlington,Kentucky,39.02368432,-84.705537,859-689-5010,https://www.ihm-ky.org,16,0,0,False,https://catholicindex.org/mass-times/alexandria-kentucky,2026-02-21T18:15:36.464134+00:00
us-ky-cadiz-st-stephen-9a51c4a5,St. Stephen,1698 Canton Rd,Cadiz,Kentucky,36.84426127,-87.85707493,(270) 522-3801,http://ststephencc.com/,4,0,0,False,https://catholicindex.org/mass-times/cadiz-kentucky,2026-02-21T18:18:07.859352+00:00
us-il-cairo-st-patrick-51acacd9,St. Patrick,312 9th St,Cairo,Illinois,37.00020265,-89.16849143,(618) 734-2061 or (618) 524-9006 (Fr. Michael),http://www.stpatrickcairo.com/,2,0,0,False,https://catholicindex.org/mass-times/bardwell-kentucky,2026-02-21T18:16:15.296626+00:00
us-ky-calhoun-st-sebastian-406c3bc2,St. Sebastian,180 KY-136,Calhoun,Kentucky,37.54812434,-87.26240197,(270) 273-3185,http://www.stsebastianandstcharles.com/st-sebastian,7,0,0,False,https://catholicindex.org/mass-times/beaver-dam-kentucky,2026-02-21T18:16:31.808011+00:00
us-ky-california-sts-peter-and-paul-cc06a83d,Sts. Peter and Paul,2162 California Crossroads,California,Kentucky,38.8762387,-84.31601714,(859) 635-2924,http://parish.stspp.com/,19,0,0,False,https://catholicindex.org/mass-times/alexandria-kentucky,2026-02-21T18:15:36.464134+00:00
us-ky-calvary-church-of-the-holy-name-of-mary-beaf8ab6,Holy Name of Mary,3295 Hwy 208,Calvary,Kentucky,37.5164375,-85.2681875,12706926491,https://www.archlou.org/parishes/holy-name-of-mary-parish/,89,0,0,False,https://catholicindex.org/mass-times/bardstown-kentucky,2026-02-21T18:16:13.948301+00:00
us-ky-calvert-city-st-pius-x-d9579bb1,St Pius X,777 E 5th Ave,Calvert City,Kentucky,37.02472796,-88.34113478,(270) 395-4727 or (270) 668-7675 (Emergency),http://www.stpiusx.us/,6,0,0,False,https://catholicindex.org/mass-times/calvert-city-kentucky,2026-02-21T18:18:12.321226+00:00
us-ky-camp-springs-st-joseph-catholic-church-b4b99267,St Joseph Church,6833 Four Mile Rd,Camp Springs,Kentucky,38.99408703,-84.3616495,859-635-2491,https://www.stjosephcampsprings.org,43,0,0,False,https://catholicindex.org/mass-times/alexandria-kentucky,2026-02-21T18:15:36.464134+00:00
us-ky-campbellsville-our-lady-of-fatima-aff37ee6,Our Lady of Fatima,7066 Calvary Rd between Lebanon and Campbellsville,Campbellsville,Kentucky,37.45203946,-85.26073952,(270) 465-4282,http://www.onfirecatholic.com/,14,0,0,False,https://catholicindex.org/mass-times/campbellsville-kentucky,2026-02-21T18:18:16.856205+00:00
us-ky-campbellsville-our-lady-of-perpetual-help-bf1c9ffe,Our Lady of Perpetual Help,425 N Central Ave,Campbellsville,Kentucky,37.34492055,-85.34626321,(270) 465-4282,http://www.onfirecatholic.com/,12,0,0,False,https://catholicindex.org/mass-times/campbellsville-kentucky,2026-02-21T18:18:16.856205+00:00
us-ky-campbellsville-our-lady-of-the-hills-42354a6f,Our Lady of the Hills,9252 Old Lebanon Rd,Campbellsville,KY,37.46038,-85.3412108,+1-270-465-4282,https://www.onfirecatholic.com/,10,0,0,False,https://catholicindex.org/mass-times/bardstown-kentucky,2026-02-21T18:16:13.948301+00:00
us-ky-campton-catholic-church-of-the-good-shepherd-70624c3b,Catholic Church of the Good Shepherd,525 Main St,Campton,KY,37.7347909,-83.5427835,+1-606-668-3731,https://www.catholicchurchofthegoodshepherd.org/,1,0,0,False,https://catholicindex.org/mass-times/beattyville-kentucky,2026-02-21T18:16:25.745040+00:00
us-ky-campton-church-of-the-good-shepherd-821dea4b,Good Shepherd,525 Main St,Campton,Kentucky,37.73492919,-83.54277173,(606) 668-3731,http://www.catholicchurchofthegoodshepherd.org/,1,0,0,False,https://catholicindex.org/mass-times/beattyville-kentucky,2026-02-21T18:16:25.745040+00:00
us-in-cannelton-st-michael-quad-parishes-community-b42dbae2,St. Michaels (Quad-Parishes Community),Eighth St,Cannelton,Indiana,37.91322282,-86.74115871,(812) 547-7994,http://www.thequadparishes.org,2,0,0,False,https://catholicindex.org/mass-times/cloverport-kentucky,2026-02-21T18:19:06.375347+00:00
us-ky-carlisle-our-lady-of-guadalupe-dc0d76c2,Our Lady of Guadalupe,617 E Main St,Carlisle,Kentucky,38.31272487,-84.02247444,859-289-5502,http://cdlex.org/parish-finder/?swLat=30.65333819609717&swLng=-94.94296053900206&neLat=46.7671996971392&neLng=-73.10214022650206,2,0,0,False,https://catholicindex.org/mass-times/carlisle-kentucky,2026-02-21T18:18:28.739607+00:00
us-ky-carrollton-st-john-the-evangelist-4d4ea2a2,St. John the Evangelist,511 Fifth St,Carrollton,Kentucky,38.676342,-85.17896055,(502) 732-5776,http://stjohncarrollton.org/,10,0,0,False,https://catholicindex.org/mass-times/carrollton-kentucky,2026-02-21T18:18:31.846265+00:00
us-ky-cecilia-st-ambrose-fa783f50,St. Ambrose,611 E Main St,Cecilia,Kentucky,37.6632652,-85.95377,(270) 862-5343,http://www.archlou.org/parishes/saint-ambrose/,12,0,0,False,https://catholicindex.org/mass-times/cecilia-kentucky,2026-02-21T18:18:39.374960+00:00
us-tn-cedar-hill-st-michael-mission-2e142164,Mission of St. Michael,3553 S Carter Rd,Cedar Hill,Tennessee,36.48724895,-86.99844737,(615) 384-6200,http://www.ollsm.com/,6,0,0,False,https://catholicindex.org/mass-times/elkton-kentucky,2026-02-21T18:20:55.915071+00:00
us-tn-celina-divine-savior-mission-de8d4250,Divine Savior Mission ,150 Divine Savior Rd,Celina,Tennessee,36.54516955,-85.49586304,(931) 243-2618,http://www.facebook.com,0,0,0,False,https://catholicindex.org/mass-times/albany-kentucky,2026-02-21T18:15:34.930828+00:00
us-tn-celina-mission-of-the-divine-savior-b91782b6,Mission of the Divine Savior,150 Divine Savior Rd,Celina,Tennessee,36.5463125,-85.5019375,19312432618,http://www.dioceseofnashville.com/index.cfm?load=org&org=10,0,0,0,False,https://catholicindex.org/mass-times/albany-kentucky,2026-02-21T18:15:34.930828+00:00
us-ky-central-city-st-joseph-catholic-church-60a512dc,St. Joseph Catholic Church,113 S 3rd St,Central City,Kentucky,37.29407307,-87.12232154,(270) 754-1164,http://www.facebook.com/stjosephcentralcity,0,0,0,False,https://catholicindex.org/mass-times/beaver-dam-kentucky,2026-02-21T18:16:31.808011+00:00
us-wv-chapmanville-st-barbara-6a506536,Mission of St. Barbara,33 Sawmill Rd,Chapmanville,West Virginia,37.96987808,-82.03938933,304-855-7962,http://dwc.org/directory-listing/st-barbara-mission-chapmanville/2076/,2,0,0,False,https://catholicindex.org/mass-times/warfield-kentucky,2026-02-21T18:34:12.188993+00:00
us-mo-charleston-st-henry-55f15354,St. Henry,304 E Court St,Charleston,Missouri,36.92412865,-89.34770035,(573) 683-2114,http://www.sthenrychurch.org/,6,0,0,False,https://catholicindex.org/mass-times/la-center-kentucky,2026-02-21T18:25:27.633484+00:00
us-in-charlestown-st-michael-north-clark-county-catholic-1fadc492,St. Michael [North Clark County Catholic],101 St Michael Dr,Charlestown,Indiana,38.45553123,-85.66302013,(812) 256-3200,http://stmichaelcharlestown.org,5,0,0,False,https://catholicindex.org/mass-times/fairdale-kentucky,2026-02-21T18:21:20.172333+00:00
us-oh-chesapeake-st-ann-c51de900,St. Ann,310 3rd Ave,Chesapeake,Ohio,38.42832801,-82.45425668,(740) 867-4434,http://stannchurch.weebly.com,1,0,0,False,https://catholicindex.org/mass-times/ashland-kentucky,2026-02-21T18:15:57.348804+00:00
us-in-chrisney-saint-martin-i-494a27f7,St. Martin I,58 S Church St,Chrisney,Indiana,38.01306282,-87.03300887,(812) 649-4811,https://stbernardrockport.org/,3,0,0,False,https://catholicindex.org/mass-times/cloverport-kentucky,2026-02-21T18:19:06.375347+00:00
us-oh-cincinnati-all-saints-81cd36ba,All Saints,8939 Montgomery Rd,Cincinnati,Ohio,39.21878092,-84.35856497,(513) 792-4600,https://www.allsaints.cc,8,0,0,False,https://catholicindex.org/mass-times/alexandria-kentucky,2026-02-21T18:15:36.464134+00:00
us-oh-cincinnati-annunciation-of-the-blessed-virgin-mary-e1288778,Annunciation of the Blessed Virgin Mary Catholic Church,3547 Clifton Ave,Cincinnati,Ohio,39.1471553,-84.51943159,(513) 381-6400,https://uptowncatholic.org,4,0,0,False,https://catholicindex.org/mass-times/alexandria-kentucky,2026-02-21T18:15:36.464134+00:00
us-oh-cincinnati-bellarmine-chapel-xavier-university-0403c35b,Bellarmine Chapel -Xavier University,3801 St Francis Xavier Way,Cincinnati,Ohio,39.14902496,-84.47447968,(513) 745-3398,https://bellarminechapel.org/,14,0,0,False,https://catholicindex.org/mass-times/alexandria-kentucky,2026-02-21T18:15:36.464134+00:00
us-oh-cincinnati-cathedral-basilica-of-st-peter-in-chains-e3238fa2,Cathedral Basilica of St. Peter in Chains,325 W Eighth St,Cincinnati,Ohio,39.10354094,-84.51952624,(513) 421-5354,http://cathedralaoc.org/mass-and-sacraments/proposed-mass-schedule/,24,0,0,False,https://catholicindex.org/mass-times/alexandria-kentucky,2026-02-21T18:15:36.464134+00:00
us-oh-cincinnati-christ-hospital-88693ef9,Christ Hospital,2139 Auburn Ave,Cincinnati,Ohio,39.12114,-84.51035,(513) 585-2265,http://www.thechristhospital.com/locations/locations-hospital/hospital-visitors-guide/vis-amenities,4,0,0,False,https://catholicindex.org/mass-times/alexandria-kentucky,2026-02-21T18:15:36.464134+00:00
us-oh-cincinnati-cincinnati-oratory-of-st-philip-neri-4f907458,Cincinnati Oratory of St. Philip Neri,118 E 12th St,Cincinnati,Ohio,39.1088125,-84.5121875,$undefined,http://www.cincinnatioratory.com,0,0,0,False,https://catholicindex.org/mass-times/alexandria-kentucky,2026-02-21T18:15:36.464134+00:00
us-oh-cincinnati-corpus-christi-e3b10ca9,Corpus Christi,2014 Springdale Rd,Cincinnati,Ohio,39.26117411,-84.55859901,(513) 825-0618,http://www.theblessedtrinityfamily.org/,5,0,0,False,https://catholicindex.org/mass-times/alexandria-kentucky,2026-02-21T18:15:36.464134+00:00
us-oh-cincinnati-franciscan-monastery-of-st-clare-ecdca741,Franciscan Monastery of St. Clare,1505 Miles Rd,Cincinnati,Ohio,39.2553125,-84.5418125,15138257177,https://www.poorclarescincinnati.org/,7,0,0,False,https://catholicindex.org/mass-times/alexandria-kentucky,2026-02-21T18:15:36.464134+00:00
us-oh-cincinnati-good-samaritan-hospital-d704275b,Good Samaritan Hospital,375 Dixmyth Ave,Cincinnati,Ohio,39.1400795,-84.52181244,513-862-2281,http://www.trihealth.com/Institutes-and-Services/Pastoral-Care/,2,0,0,False,https://catholicindex.org/mass-times/alexandria-kentucky,2026-02-21T18:15:36.464134+00:00
us-oh-cincinnati-guardian-angels-7ebf715d,Guardian Angels,6531 Beechmont Ave,Cincinnati,Ohio,39.08505665,-84.37735915,(513) 231-7440,https://www.gaparish.org,0,0,0,False,https://catholicindex.org/mass-times/alexandria-kentucky,2026-02-21T18:15:36.464134+00:00
us-oh-cincinnati-holy-cross-immaculata-8547c9b1,Holy Cross–Immaculata,30 Guido St,Cincinnati,Ohio,39.10700234,-84.49656219,(513) 721-6544,http://www.hciparish.org/,7,0,0,False,https://catholicindex.org/mass-times/alexandria-kentucky,2026-02-21T18:15:36.464134+00:00
us-oh-cincinnati-holy-family-1a86a14f,Holy Family,814 Hawthorne Ave,Cincinnati,Ohio,39.10600494,-84.56199938,(513) 921-7527,http://www.holyfamilycincinnati.org,3,0,0,False,https://catholicindex.org/mass-times/alexandria-kentucky,2026-02-21T18:15:36.464134+00:00
us-oh-cincinnati-holy-name-9f0725ae,Holy Name,2422 Auburn Ave,Cincinnati,Ohio,39.12638647,-84.50798547,(513) 381-6400,http://uptowncatholic.org/,0,0,0,False,https://catholicindex.org/mass-times/alexandria-kentucky,2026-02-21T18:15:36.464134+00:00
us-oh-cincinnati-immaculate-heart-of-mary-ea612c9d,Immaculate Heart of Mary Church,7820 Beechmont Ave Anderson Township,Cincinnati,Ohio,39.0733244,-84.34025152,(513) 388-4466,https://www.ihom.org/,9,0,0,False,https://catholicindex.org/mass-times/alexandria-kentucky,2026-02-21T18:15:36.464134+00:00
us-oh-cincinnati-church-of-mother-of-christ-51db4af0,Mother of Christ,5301 Winneste Ave,Cincinnati,Ohio,39.1865625,-84.5149375,15132420164,https://motherofchrist.wixsite.com/motherofchrist,0,0,0,False,https://catholicindex.org/mass-times/alexandria-kentucky,2026-02-21T18:15:36.464134+00:00
us-oh-cincinnati-mount-st-marys-seminary-45f9b50e,Mount St. Mary’s Seminary,6616 Beechmont Ave,Cincinnati,Ohio,39.0828125,-84.3721875,15132312223,https://www.athenaeum.edu/,5,0,0,False,https://catholicindex.org/mass-times/alexandria-kentucky,2026-02-21T18:15:36.464134+00:00
us-oh-cincinnati-mt-st-joseph-university-b521ff46,Mt. St. Joseph University,5701 Delhi Rd,Cincinnati,Ohio,39.0954769,-84.63797908,(513) 244-4844,http://www.msj.edu/student-life/campus-ministry/,19,0,0,False,https://catholicindex.org/mass-times/alexandria-kentucky,2026-02-21T18:15:36.464134+00:00
us-oh-cincinnati-nativity-of-our-lord-b1eb53d4,Nativity of Our Lord,5935 Pandora Ave,Cincinnati,Ohio,39.18050042,-84.42643522,(513) 531-3164,http://crescentparishes.org/,3,0,0,False,https://catholicindex.org/mass-times/alexandria-kentucky,2026-02-21T18:15:36.464134+00:00
us-oh-cincinnati-old-st-mary-a72c3b6f,Old St. Mary Church,123 E Thirteenth St,Cincinnati,Ohio,39.10975722,-84.51242138,(513) 721-2988,https://www.oldstmarys.org,16,0,0,False,https://catholicindex.org/mass-times/alexandria-kentucky,2026-02-21T18:15:36.464134+00:00
us-oh-cincinnati-our-lady-of-lavang-vietnamese-church-10295a26,Our Lady of Lavang Vietnamese Church,314 Township Ave,Cincinnati,OH,39.184546,-84.490448,+1-513-242-2933,https://www.facebook.com/pages/Our-Lady-of-Lavang-Catholic-VI/158422404188398,0,0,0,False,https://catholicindex.org/mass-times/alexandria-kentucky,2026-02-21T18:15:36.464134+00:00
us-oh-cincinnati-our-lady-of-lourdes-f3761cd0,Our Lady of Lourdes,3450 Lumardo Ave,Cincinnati,Ohio,39.13769166,-84.61725716,513-494-4678,https://www.lourdes.org,5,0,0,False,https://catholicindex.org/mass-times/alexandria-kentucky,2026-02-21T18:15:36.464134+00:00
us-oh-cincinnati-our-lady-of-lourdes-catholic-church-57e022bd,Our Lady of Lourdes Catholic Church,3450 Lumardo Ave,Cincinnati,OH,39.1376466,-84.6173453,+1-513-922-0715,https://lourdes.org/,3,0,0,False,https://catholicindex.org/mass-times/alexandria-kentucky,2026-02-21T18:15:36.464134+00:00
us-oh-cincinnati-our-lady-of-victory-6e847baa,Our Lady of Victory,810 Neeb Rd,Cincinnati,Ohio,39.10891303,-84.6351948,(513) 922-4460,www.olv.org,0,0,0,False,https://catholicindex.org/mass-times/alexandria-kentucky,2026-02-21T18:15:36.464134+00:00
us-oh-cincinnati-our-lady-of-the-visitation-4838f640,Our Lady of Visitation Church,3172 S Rd,Cincinnati,Ohio,39.14633,-84.66806,(513) 922-2056,https://www.divinemercyfam.org,7,0,0,False,https://catholicindex.org/mass-times/alexandria-kentucky,2026-02-21T18:15:36.464134+00:00
us-oh-cincinnati-our-lord-christ-the-king-7ab9d1cc,Our Lord Christ the King,3223 Linwood Ave,Cincinnati,Ohio,39.12754074,-84.43001913,(513) 321-4121,https://www.olctk.org,6,0,0,False,https://catholicindex.org/mass-times/alexandria-kentucky,2026-02-21T18:15:36.464134+00:00
us-oh-cincinnati-church-of-the-resurrection-7bd2c0e1,Resurrection,1619 California Ave,Cincinnati,Ohio,39.17573496,-84.46996813,(513) 242-0400,http://crescentparishes.org/,3,0,0,False,https://catholicindex.org/mass-times/alexandria-kentucky,2026-02-21T18:15:36.464134+00:00
us-oh-cincinnati-resurrection-of-our-lord-a0eca4d3,Resurrection of Our Lord,1750 First Ave,Cincinnati,Ohio,39.12172,-84.57815,(513) 921-9200,http://www.facebook.com/ResurrectionWC,0,0,0,False,https://catholicindex.org/mass-times/alexandria-kentucky,2026-02-21T18:15:36.464134+00:00
us-oh-cincinnati-sacred-heart-77c2837f,Sacred Heart,2733 Massachusetts Ave,Cincinnati,Ohio,39.13183629,-84.53346962,(513) 541-4654,https://www.SacredHeartChurchCincinnati.com,3,0,0,False,https://catholicindex.org/mass-times/alexandria-kentucky,2026-02-21T18:15:36.464134+00:00
us-oh-cincinnati-st-aloysius-gonzaga-3e27d35f,St Aloysius Gonzaga Parish,4366 Bridgetown Rd,Cincinnati,Ohio,39.15826546,-84.62368563,(513) 494-4678,http://www.stalsbridgetown.org/,4,0,0,False,https://catholicindex.org/mass-times/alexandria-kentucky,2026-02-21T18:15:36.464134+00:00
us-oh-cincinnati-st-aloysius-on-the-ohio-44fcd22d,St Aloysius On the Ohio,825 Pontius Rd,Cincinnati,Ohio,39.10534735,-84.68347771,(513) 941-3656,http://www.stalsontheohio.org,4,0,0,False,https://catholicindex.org/mass-times/alexandria-kentucky,2026-02-21T18:15:36.464134+00:00
us-oh-cincinnati-st-ann-church-of-groesbeck-6078cb57,St Ann Church of Groesbeck,2900 W Galbraith Rd,Cincinnati,OH,39.2207298,-84.5826071,+1-513-521-8440,https://www.saintannparish.org/,13,0,0,False,https://catholicindex.org/mass-times/alexandria-kentucky,2026-02-21T18:15:36.464134+00:00
us-oh-cincinnati-st-bernard-of-clairvaux-church-taylor-creek-c2bef34f,St Bernard of Clairvaux Church,7130 Harrison Ave,Cincinnati,Ohio,39.213726,-84.67524,(513) 353-4207,http://stbernardtc.church/,7,0,0,False,https://catholicindex.org/mass-times/alexandria-kentucky,2026-02-21T18:15:36.464134+00:00
us-oh-cincinnati-st-vincent-ferrer-catholic-school-3ff0c52e,St Vincent Ferrer Catholic School,7754 Montgomery Rd,Cincinnati,OH,39.1969151,-84.3832841,+1-513-791-9030,https://svfchurch.org/,7,0,0,False,https://catholicindex.org/mass-times/alexandria-kentucky,2026-02-21T18:15:36.464134+00:00
us-oh-cincinnati-st-ann-b9f80aad,St. Ann,2900 W Galbraith Rd,Cincinnati,Ohio,39.22082927,-84.58255315,(513) 521-8440,https://www.saintannparish.org/,11,0,0,False,https://catholicindex.org/mass-times/alexandria-kentucky,2026-02-21T18:15:36.464134+00:00
us-oh-cincinnati-oratory-of-st-john-vianney-at-st-anthony-581e2ad8,St. Anthony Parish,6104 Desmond St,Cincinnati,Ohio,39.16269826,-84.38968086,(513) 871-5757,https://www.eastsidefaith.org,0,0,0,False,https://catholicindex.org/mass-times/alexandria-kentucky,2026-02-21T18:15:36.464134+00:00
us-oh-cincinnati-st-anthony-shrine-12b6b4cf,St. Anthony Shrine,5000 Colerain Ave,Cincinnati,Ohio,39.17719329,-84.56140373,513-721-4700,https://www.stanthony.org,0,0,0,False,https://catholicindex.org/mass-times/alexandria-kentucky,2026-02-21T18:15:36.464134+00:00
us-oh-cincinnati-saint-anthony-of-padua-maronite-4313d286,St. Anthony of Padua (Maronite),2530 Victory Pkwy,Cincinnati,Ohio,39.126398,-84.483809,(513) 961-0120,http://www.staparish.org/,3,0,0,False,https://catholicindex.org/mass-times/alexandria-kentucky,2026-02-21T18:15:36.464134+00:00
us-oh-cincinnati-st-antoninus-c4d457de,St. Antoninus,1500 Linneman Rd,Cincinnati,Ohio,39.12262199,-84.62440262,(513) 494-4678,https://www.saintantoninus.org/,5,0,0,False,https://catholicindex.org/mass-times/alexandria-kentucky,2026-02-21T18:15:36.464134+00:00
us-oh-cincinnati-st-bartholomew-ddeedb47,St. Bartholomew,9375 Winton Rd,Cincinnati,Ohio,39.23698593,-84.51002595,(513) 522-3680,https://www.estbarts.org,5,0,0,False,https://catholicindex.org/mass-times/alexandria-kentucky,2026-02-21T18:15:36.464134+00:00
us-oh-cincinnati-st-bernard-04416aaa,St. Bernard,735 Derby Ave,Cincinnati,Ohio,39.17102955,-84.51822748,(513) 541-3732,http://www.stbernardcincy.org/,5,0,0,False,https://catholicindex.org/mass-times/alexandria-kentucky,2026-02-21T18:15:36.464134+00:00
us-oh-cincinnati-st-boniface-b162b2c8,St. Boniface,1750 Chase Ave,Cincinnati,Ohio,39.16464394,-84.54549274,(513) 541-1563,https://www.stbonifacecincinnati.com/,7,0,0,False,https://catholicindex.org/mass-times/alexandria-kentucky,2026-02-21T18:15:36.464134+00:00
us-oh-cincinnati-st-catharine-of-siena-7afab99c,St. Catharine of Siena,2848 Fischer Pl,Cincinnati,Ohio,39.14652096,-84.59195995,(513) 494-4678,https://www.stcathos.org,4,0,0,False,https://catholicindex.org/mass-times/alexandria-kentucky,2026-02-21T18:15:36.464134+00:00
us-oh-cincinnati-st-cecilia-d6257a2b,St. Cecilia,3105 Madison Rd,Cincinnati,Ohio,39.1529218,-84.42971834,(513) 871-5757,https://www.stceciliacincinnati.org/,11,0,0,False,https://catholicindex.org/mass-times/alexandria-kentucky,2026-02-21T18:15:36.464134+00:00
us-oh-cincinnati-st-clare-church-6e07b419,St. Clare,1443 Cedar Ave,Cincinnati,Ohio,39.19808122,-84.54420949,(513) 541-2100,https://www.saintclareparish.org/,5,0,0,False,https://catholicindex.org/mass-times/alexandria-kentucky,2026-02-21T18:15:36.464134+00:00
us-oh-cincinnati-st-clare-chapel-7f488895,St. Clare Chapel,60 Compton Rd,Cincinnati,Ohio,39.21817298,-84.47780513,513-761-9040,http://www.franciscansistersofthepoor.org,0,0,0,False,https://catholicindex.org/mass-times/alexandria-kentucky,2026-02-21T18:15:36.464134+00:00
us-oh-cincinnati-st-francis-seraph-ab93887b,St. Francis Seraph,1615 Vine St,Cincinnati,Ohio,39.11348891,-84.51645088,(513) 535-2719,http://www.sfsparish.org/,7,0,0,False,https://catholicindex.org/mass-times/alexandria-kentucky,2026-02-21T18:15:36.464134+00:00
us-oh-cincinnati-st-xavier-47fd4e96,St. Francis Xavier,611 Sycamore St,Cincinnati,Ohio,39.10361266,-84.5089109,(513) 721-4045,https://stxchurch.org/,17,0,0,False,https://catholicindex.org/mass-times/alexandria-kentucky,2026-02-21T18:15:36.464134+00:00
us-oh-cincinnati-st-francis-de-sales-66558491,St. Francis de Sales,1600 Madison Rd,Cincinnati,Ohio,39.1299553,-84.47647,(513) 961-1945,https://stfrancisds.com,3,0,0,False,https://catholicindex.org/mass-times/alexandria-kentucky,2026-02-21T18:15:36.464134+00:00
us-oh-cincinnati-st-gertrude-1bc84c37,St. Gertrude,6543 Miami Ave,Cincinnati,Ohio,39.18112876,-84.3645187,(513) 561-5954,https://www.stgertrude.org/,24,0,0,False,https://catholicindex.org/mass-times/alexandria-kentucky,2026-02-21T18:15:36.464134+00:00
us-oh-cincinnati-st-ignatius-of-loyola-8bf918fb,St. Ignatius Loyola,5222 N Bend Rd,Cincinnati,Ohio,39.1824679,-84.60326719,(513) 661-6565,http://www.sainti.org/,10,0,0,False,https://catholicindex.org/mass-times/alexandria-kentucky,2026-02-21T18:15:36.464134+00:00
us-oh-cincinnati-st-james-the-greater-32bcad8a,St. James the Greater,3565 Hubble Rd,Cincinnati,Ohio,39.20360843,-84.60045177,(513) 741-5300,https://www.stjameswhiteoak.com,7,0,0,False,https://catholicindex.org/mass-times/alexandria-kentucky,2026-02-21T18:15:36.464134+00:00
us-oh-cincinnati-st-jerome-cf8b8271,St. Jerome,131 Rohde Ave,Cincinnati,Ohio,39.06633961,-84.42587852,(513) 231-7042,https://www.stjeromecinci.org,0,0,0,False,https://catholicindex.org/mass-times/alexandria-kentucky,2026-02-21T18:15:36.464134+00:00
us-oh-cincinnati-st-john-neumann-5c218157,St. John Neumann,12191 Mill Rd,Cincinnati,Ohio,39.3053741,-84.54329,(513) 742-0953,http://www.theblessedtrinityfamily.org/,5,0,0,False,https://catholicindex.org/mass-times/bellevue-kentucky,2026-02-21T18:16:43.936647+00:00
us-oh-cincinnati-st-john-the-baptist-e7a020f2,St. John the Baptist,5361 Dry Ridge Rd,Cincinnati,Ohio,39.260203,-84.61991096,(513) 385-8010,http://www.theblessedtrinityfamily.org/,10,0,0,False,https://catholicindex.org/mass-times/alexandria-kentucky,2026-02-21T18:15:36.464134+00:00
us-oh-cincinnati-st-joseph-2f7984ec,St. Joseph,745 Ezzard Charles Dr,Cincinnati,Ohio,39.10893327,-84.52738372,(513) 381-4526,http://stjosephcincinnati.org/,5,0,0,False,https://catholicindex.org/mass-times/alexandria-kentucky,2026-02-21T18:15:36.464134+00:00
us-oh-cincinnati-st-lawrence-94c849c8,St. Lawrence,3680 Warsaw Ave,Cincinnati,Ohio,39.11141953,-84.5729252,(513) 921-0328,https://www.stlawrenceparish.org,1,0,0,False,https://catholicindex.org/mass-times/alexandria-kentucky,2026-02-21T18:15:36.464134+00:00
us-oh-cincinnati-st-leo-the-great-cdc49222,St. Leo the Great,2573 St Leo Pl,Cincinnati,Ohio,39.13423715,-84.5572163,513-921-1044,http://www.saint-leo.org/,13,0,0,False,https://catholicindex.org/mass-times/alexandria-kentucky,2026-02-21T18:15:36.464134+00:00
us-oh-cincinnati-church-of-st-louis-52d9c39c,St. Louis,8th St & Walnut St,Cincinnati,Ohio,39.1045625,-84.5121875,15132636621,https://catholicaoc.org/,14,0,0,False,https://catholicindex.org/mass-times/alexandria-kentucky,2026-02-21T18:15:36.464134+00:00
us-oh-cincinnati-st-margaret-mary-1ff1d14e,St. Margaret Mary,1830 W Galbraith Rd,Cincinnati,Ohio,39.21847434,-84.55543512,(513) 521-7387,http://stmargaretmaryparish.org/,2,0,0,False,https://catholicindex.org/mass-times/alexandria-kentucky,2026-02-21T18:15:36.464134+00:00
us-oh-cincinnati-church-of-st-margaretst-john-b2627fad,St. Margaret–St. John,Murray Ave & Simpson Ave,Cincinnati,Ohio,39.1489375,-84.3905625,15132710856,https://catholicaoc.org/,8,0,0,False,https://catholicindex.org/mass-times/alexandria-kentucky,2026-02-21T18:15:36.464134+00:00
us-oh-cincinnati-st-martin-of-tours-39ad70e4,St. Martin of Tours,3720 St Martin's Pl,Cincinnati,Ohio,39.15393241,-84.61267245,(513) 4944678,http://martinoftours.org/,3,0,0,False,https://catholicindex.org/mass-times/alexandria-kentucky,2026-02-21T18:15:36.464134+00:00
us-oh-cincinnati-church-of-st-matthias-the-apostle-11cc0c76,St. Matthias the Apostle,1050 W Kemper Rd,Cincinnati,Ohio,39.2904375,-84.5181875,15138511930,https://qoacincy.org/,0,0,0,False,https://catholicindex.org/mass-times/alexandria-kentucky,2026-02-21T18:15:36.464134+00:00
us-oh-cincinnati-st-monica-st-george-parish-newman-center-univ-of-cincinnati-6bc2ff20,St. Monica - St. George Parish Newman Center (Univ. of Cincinnati),328 W McMillan St,Cincinnati,Ohio,39.12846866,-84.52441536,(513) 381-6400,http://uptowncatholic.org,10,0,0,False,https://catholicindex.org/mass-times/alexandria-kentucky,2026-02-21T18:15:36.464134+00:00
us-oh-cincinnati-st-rose-4b8b034a,St. Rose,2501 Riverside Dr,Cincinnati,Ohio,39.1237266,-84.46167693,(513) 871-1162,https://www.strosecincinnati.org,14,0,0,False,https://catholicindex.org/mass-times/alexandria-kentucky,2026-02-21T18:15:36.464134+00:00
us-oh-cincinnati-st-saviour-df34de83,St. Saviour,4136 Myrtle Ave,Cincinnati,Ohio,39.21070561,-84.3975271,(513) 791-9004,http://www.stsaviourparish.org,6,0,0,False,https://catholicindex.org/mass-times/alexandria-kentucky,2026-02-21T18:15:36.464134+00:00
us-oh-cincinnati-st-simon-the-apostle-5a0a2cd8,St. Simon the Apostle,825 Pontius Rd,Cincinnati,Ohio,39.11086684,-84.66381696,(513) 941-3656,https://www.stsimonparish.org,4,0,0,False,https://catholicindex.org/mass-times/alexandria-kentucky,2026-02-21T18:15:36.464134+00:00
us-oh-cincinnati-st-stephen-f5380cf6,St. Stephen,3804 Eastern Ave,Cincinnati,Ohio,39.11182083,-84.43522751,(513) 871-3373,http://www.saintstephen.church/,8,0,0,False,https://catholicindex.org/mass-times/alexandria-kentucky,2026-02-21T18:15:36.464134+00:00
us-oh-cincinnati-st-teresa-of-avila-c549db7e,St. Teresa of Avila,1175 Overlook Ave,Cincinnati,Ohio,39.11723665,-84.59886781,(513) 921-9200,https://www.stteresa-avila.org/,11,0,0,False,https://catholicindex.org/mass-times/alexandria-kentucky,2026-02-21T18:15:36.464134+00:00
us-oh-cincinnati-st-therese-little-flower-b1e37a27,St. Therese Little Flower,5560 Kirby Ave,Cincinnati,Ohio,39.19387492,-84.57171909,(513) 541-5560,https://www.littleflower-church.org,7,0,0,False,https://catholicindex.org/mass-times/alexandria-kentucky,2026-02-21T18:15:36.464134+00:00
us-oh-cincinnati-st-thomas-more-ac83173e,St. Thomas More,800 Ohio Pike,Cincinnati,Ohio,39.06562443,-84.29303132,(513) 752-2080,http://stellamarisfamily.org/,9,0,0,False,https://catholicindex.org/mass-times/alexandria-kentucky,2026-02-21T18:15:36.464134+00:00
us-oh-cincinnati-st-veronica-b53555f2,St. Veronica,4475 Mt Carmel-Tobasco Rd,Cincinnati,Ohio,39.1015221,-84.30059166,(513) 528-1622,https://www.saintmarymagdalene.org,1,0,0,False,https://catholicindex.org/mass-times/alexandria-kentucky,2026-02-21T18:15:36.464134+00:00
us-oh-cincinnati-st-vincent-de-paul-91bfaf74,St. Vincent de Paul,4026 River Rd,Cincinnati,Ohio,39.07708555,-84.60928728,(513) 451-5714,$undefined,7,0,0,False,https://catholicindex.org/mass-times/alexandria-kentucky,2026-02-21T18:15:36.464134+00:00
us-oh-cincinnati-st-vivian-6d12c352,St. Vivian,7600 Winton Rd,Cincinnati,Ohio,39.21114587,-84.51761212,(513) 728-4331,https://www.stvivian.org,6,0,0,False,https://catholicindex.org/mass-times/alexandria-kentucky,2026-02-21T18:15:36.464134+00:00
us-oh-cincinnati-st-william-01f6fdfc,St. William,4108 W Eighth St,Cincinnati,Ohio,39.10747675,-84.58609912,(513) 921-0247,http://www.saintwilliam.com,3,0,0,False,https://catholicindex.org/mass-times/alexandria-kentucky,2026-02-21T18:15:36.464134+00:00
us-oh-cincinnati-the-community-of-the-good-shepherd-f5f2a477,The Community of the Good Shepherd,8815 E Kemper Rd,Cincinnati,Ohio,39.26596782,-84.31990673,(513) 489-8815,https://www.good-shepherd.org,10,0,0,False,https://catholicindex.org/mass-times/alexandria-kentucky,2026-02-21T18:15:36.464134+00:00
us-ky-clarkson-st-elizabeth-church-bced52aa,St Elizabeth Church,306 Clifty Ave,Clarkson,KY,37.4970726,-86.2195907,+1-270-242-4414,https://stelizabethclarkson.church/,0,0,0,False,https://catholicindex.org/mass-times/cecilia-kentucky,2026-02-21T18:18:39.374960+00:00
us-ky-clarkson-st-elizabeth-of-hungary-2cbfc60c,St. Elizabeth of Hungary,306 Clifty Ave,Clarkson,Kentucky,37.49720073,-86.21963442,(270) 242-4414 or (270) 242-7436,http://saintpaulchurchgrayson.com/,12,0,0,False,https://catholicindex.org/mass-times/cecilia-kentucky,2026-02-21T18:18:39.374960+00:00
us-tn-clarksville-immaculate-conception-2c5abfad,Immaculate Conception,709 Franklin St,Clarksville,Tennessee,36.52936813,-87.35060046,(931) 645-6275,http://www.immaconception.org/,16,0,0,False,https://catholicindex.org/mass-times/elkton-kentucky,2026-02-21T18:20:55.915071+00:00
us-in-clarksville-st-anthony-of-padua-2d73d95a,St. Anthony of Padua,308 N Sherwood Ave,Clarksville,Indiana,38.29298254,-85.75998374,(812) 282-2290 ,http://www.stanthony-clarksville.org,8,0,0,False,https://catholicindex.org/mass-times/fairdale-kentucky,2026-02-21T18:21:20.172333+00:00
us-ky-clinton-st-jude-7338fd8f,St. Jude,308 Mayfield Rd,Clinton,Kentucky,36.66508508,-88.99159023,(270) 653-6869 or (270) 472-2742 ,http://owensborodiocese.org/listing/saint-jude-parish/,0,0,0,False,https://catholicindex.org/mass-times/bardwell-kentucky,2026-02-21T18:16:15.296626+00:00
us-va-clintwood-st-joseph-3f7679a8,St. Joseph,478 Clintwood Main St,Clintwood,Virginia,37.15137556,-82.45372339,(276) 926-5451,http://www.holytrinitycluster.org/,3,0,0,False,https://catholicindex.org/mass-times/elkhorn-city-kentucky,2026-02-21T18:20:54.389198+00:00
us-ky-cloverport-st-rose-of-lima-710ad552,St. Rose of Lima,118 Chestnut St,Cloverport,Kentucky,37.83556307,-86.63746812,(270) 788-6422,http://strosecloverport.com/,4,0,0,False,https://catholicindex.org/mass-times/cloverport-kentucky,2026-02-21T18:19:06.375347+00:00
us-va-coeburn-church-of-st-mary-50a8dafa,St. Mary,109 Beech Ave NE,Coeburn,Virginia,36.9444375,-82.4549375,12768891690,http://www.smstgscatholicchurch.org/,0,0,0,False,https://catholicindex.org/mass-times/jenkins-kentucky,2026-02-21T18:24:55.976390+00:00
us-va-coeburn-st-mary-65243827,St. Mary,109 Beech Ave NE,Coeburn,Virginia,36.9392,-82.4641,(276) 889-1690  ,http://www.spiritofthemountain.org,3,0,0,False,https://catholicindex.org/mass-times/jenkins-kentucky,2026-02-21T18:24:55.976390+00:00
us-ky-cold-spring-st-joseph-4281b8f4,St. Joseph,4011 Alexandria Pike,Cold Spring,Kentucky,39.02333552,-84.44073948,(859) 441-1604,http://stjosephcoldspring.com/church/,34,0,0,False,https://catholicindex.org/mass-times/alexandria-kentucky,2026-02-21T18:15:36.464134+00:00
us-ky-columbia-good-shepherd-b198b89f,Good Shepherd,1217 Greensburg St,Columbia,Kentucky,37.10307141,-85.32418618,(270) 384-4528,http://www.archlou.org/parishes/good-shepherd-columbia/,12,0,0,False,https://catholicindex.org/mass-times/burkesville-kentucky,2026-02-21T18:17:55.807729+00:00
us-ky-corbin-sacred-heart-63c180ec,Sacred Heart,703 Master St,Corbin,Kentucky,36.9528313,-84.08514051,(606) 528-5222,https://corbin.cdlex.org,17,0,0,False,https://catholicindex.org/mass-times/barbourville-kentucky,2026-02-21T18:16:12.328699+00:00
us-in-corydon-st-joseph-cddedc0e,St. Joseph,312 E High St,Corydon,Indiana,38.21349756,-86.12313274,(812) 738-2742 or (812) 738-2717 (Emergencies),http://catholic-community.org,6,0,0,False,https://catholicindex.org/mass-times/brandenburg-kentucky,2026-02-21T18:17:30.366672+00:00
us-ky-covington-cathedral-basilica-of-the-assumption-7b8c1519,Cathedral Basilica of the Assumption,1101 Madison Ave,Covington,Kentucky,39.0782679,-84.50856542,(859) 431-2060,http://www.covcathedral.com/,11,0,0,False,https://catholicindex.org/mass-times/alexandria-kentucky,2026-02-21T18:15:36.464134+00:00
us-ky-covington-holy-cross-94ff3c0e,Holy Cross,3612 Church St,Covington,Kentucky,39.04844662,-84.50150162,(859) 431-0636,http://www.holycrosscov.org,20,0,0,False,https://catholicindex.org/mass-times/alexandria-kentucky,2026-02-21T18:15:36.464134+00:00
us-ky-covington-mother-of-god-926e2cbc,Mother of God,119 W 6th St,Covington,Kentucky,39.08399277,-84.51258378,(859) 291-2288,https://www.mother-of-god.org,6,0,0,False,https://catholicindex.org/mass-times/alexandria-kentucky,2026-02-21T18:15:36.464134+00:00
us-ky-covington-our-savior-d9e0578a,Our Savior,246 E Tenth St,Covington,Kentucky,39.0816037,-84.50433192,(859) 491-5872,http://covdio.org/findparishes/,24,0,0,False,https://catholicindex.org/mass-times/alexandria-kentucky,2026-02-21T18:15:36.464134+00:00
us-ky-covington-st-ann-38d45c7b,St. Ann,1274 Pkwy Ave,Covington,Kentucky,39.08991953,-84.53506032,(859) 261-9548,http://stjohnstanncovington.com/,3,0,0,False,https://catholicindex.org/mass-times/alexandria-kentucky,2026-02-21T18:15:36.464134+00:00
us-ky-covington-st-augustine-2b39e263,St. Augustine,413 W 19th St,Covington,Kentucky,39.06603218,-84.51219469,(859) 431-3943,https://www.staugustines.net/,8,0,0,False,https://catholicindex.org/mass-times/alexandria-kentucky,2026-02-21T18:15:36.464134+00:00
us-ky-covington-st-benedict-a09cfe6e,St. Benedict,338 E 17th St,Covington,Kentucky,39.07174925,-84.50067726,(859) 431-5607,http://www.stbenedictcovington.com/,8,0,0,False,https://catholicindex.org/mass-times/alexandria-kentucky,2026-02-21T18:15:36.464134+00:00
us-ky-covington-st-john-the-evangelist-9a1f02ed,St. John the Evangelist,627 W Pike St,Covington,Kentucky,39.07648577,-84.52187917,(859) 431-5314,http://stjohnstanncovington.com/,4,0,0,False,https://catholicindex.org/mass-times/alexandria-kentucky,2026-02-21T18:15:36.464134+00:00
us-ky-coxs-creek-st-gregory-the-great-411b4bfb,St. Gregory,330 Samuels Loop,Coxs Creek,Kentucky,37.8792076,-85.53405,(502) 348-6337,http://www.stgregoryparish.org/,9,0,0,False,https://catholicindex.org/mass-times/bardstown-kentucky,2026-02-21T18:16:13.948301+00:00
us-ky-crescent-springs-st-joseph-37977249,St. Joseph,2470 Lorraine Ct,Crescent Springs,Kentucky,39.0532455,-84.5807648,(859) 341-6609,http://www.stjosephcrescent.com/,15,0,0,False,https://catholicindex.org/mass-times/alexandria-kentucky,2026-02-21T18:15:36.464134+00:00
us-ky-crestview-hills-mary-seat-of-wisdom-chapel-thomas-more-university-9a4ddba4,"Mary, Seat of Wisdom Chapel (Thomas More University)",333 Thomas More Pkwy & Villa Madonna Dr,Crestview Hills,Kentucky,39.02190242,-84.56898373,(859) 344-3683,http://www.thomasmore.edu/about/catholic-identity/mary-seat-of-wisdom-chapel/,8,0,0,False,https://catholicindex.org/mass-times/alexandria-kentucky,2026-02-21T18:15:36.464134+00:00
us-ky-culvertown-immaculate-conception-dcec7432,Immaculate Conception,8191 New Haven Rd,Culvertown,Kentucky,37.71223833,-85.53266179,(502) 549-3680,http://www.archlou.org/parishes/immaculate-conception-culvertown/,35,0,0,False,https://catholicindex.org/mass-times/bardstown-kentucky,2026-02-21T18:16:13.948301+00:00
us-ky-cumberland-st-stephen-bde111b4,St. Stephen,304 Central St,Cumberland,Kentucky,36.97540325,-82.98775143,606-589-5616,http://cdlex.org/parish-finder/?swLat=29.189692958085555&swLng=-93.90822924409355&neLat=45.59799255982486&neLng=-72.06740893159355#w2gm-listing-15280,1,0,0,False,https://catholicindex.org/mass-times/cumberland-kentucky,2026-02-21T18:19:39.355803+00:00
us-ky-cumberland-church-of-st-stephen-7c17f7be,St. Stephen,304 Central St,Cumberland,Kentucky,36.9628125,-82.9506875,16065895616,http://cumberland.cdlex.org,0,0,0,False,https://catholicindex.org/mass-times/cumberland-kentucky,2026-02-21T18:19:39.355803+00:00
us-ky-curdsville-st-elizabeth-d0b03557,St. Elizabeth,6143 1st St,Curdsville,Kentucky,37.73636597,-87.33093308,(270) 229-4164 (St. Alphonsus office),http://www.saintalphonsusparish.org,3,0,0,False,https://catholicindex.org/mass-times/calhoun-kentucky,2026-02-21T18:18:09.437503+00:00
us-ky-cynthiana-st-edward-catholic-church-cfa12ba8,St. Edward Catholic Church,107 N Walnut St,Cynthiana,Kentucky,38.39118047,-84.29604353,(859) 234-5444,https://www.stedwardky.org,6,0,0,False,https://catholicindex.org/mass-times/brooksville-kentucky,2026-02-21T18:17:39.299523+00:00
us-in-dale-mary-help-of-christians-catholic-church-1ec642bd,Mary Help of Christians Church,6827 E County Rd 1930 N,Dale,Indiana,38.16638396,-86.92679119,(812) 937 2200,https://www.sfrancisofassisi.org,3,0,0,False,https://catholicindex.org/mass-times/hawesville-kentucky,2026-02-21T18:23:39.452512+00:00
us-in-dale-st-joseph-d13b421a,St. Joseph,8 E Maple St,Dale,Indiana,38.16505008,-86.9878335,(812) 937-2200,https://www.sfrancisofassisi.org,4,0,0,False,https://catholicindex.org/mass-times/hawesville-kentucky,2026-02-21T18:23:39.452512+00:00
us-ky-danville-saints-peter-and-paul-1f7c4257,Sts. Peter and Paul,117 W Main St,Danville,Kentucky,37.64584235,-84.77006135,(859) 236-2111,http://ssppdanville.org/,9,0,0,False,https://catholicindex.org/mass-times/danville-kentucky,2026-02-21T18:19:48.388041+00:00
us-ky-dawson-springs-resurrection-1b7fcb1b,Resurrection,530 Industrial Park Rd (KY-109),Dawson Springs,Kentucky,37.1809243,-87.68379178,(270) 383-4743 or (270) 498-0203 ,https://owensborodiocese.org/listing/resurrection-parish/,0,0,0,False,https://catholicindex.org/mass-times/dawson-springs-kentucky,2026-02-21T18:19:51.491226+00:00
us-ky-dayton-st-bernard-2487bcdd,St. Bernard,401 Berry St,Dayton,Kentucky,39.11485675,-84.47195124,(859) 261-8506,http://dmsbcatholic.com,3,0,0,False,https://catholicindex.org/mass-times/alexandria-kentucky,2026-02-21T18:15:36.464134+00:00
us-ky-de-mossville-st-john-mission-a4052199,St. John Mission,834 Center Ridge Rd (Hwy 3184),De Mossville,Kentucky,38.74207456,-84.46745529,859.824.5381,http://saint-william.org/,2,0,0,False,https://catholicindex.org/mass-times/alexandria-kentucky,2026-02-21T18:15:36.464134+00:00
us-in-depauw-church-of-st-bernard-7eb757e4,St. Bernard,7600 Hwy 337 NW,DePauw,Indiana,38.3136875,-86.2139375,18123472326,https://www.archindy.org/parishes/listings/075.html,0,0,0,False,https://catholicindex.org/mass-times/brandenburg-kentucky,2026-02-21T18:17:30.366672+00:00
us-oh-deer-park-st-john-the-evangelist-c25d2fae,St. John the Evangelist,7121 Plainfield Rd,Deer Park,Ohio,39.19807053,-84.40040588,(513) 791-9004,https://www.stjohndp.org,1,0,0,False,https://catholicindex.org/mass-times/alexandria-kentucky,2026-02-21T18:15:36.464134+00:00
us-oh-delhi-st-dominic-4ec12fbd,St. Dominic,4551 Delhi Rd,Delhi,Ohio,39.09401491,-84.60037639,(513) 471-7741,https://www.stdominicdelhi.org/,11,0,0,False,https://catholicindex.org/mass-times/alexandria-kentucky,2026-02-21T18:15:36.464134+00:00
us-in-depauw-st-bernard-tri-parish-community-28d9ccae,St. Bernard,7600 Hwy 337 NW (Frenchtown),Depauw,Indiana,38.31340959,-86.21370602,(812) 364-6646 or (812) 347-2326,http://www.saintmichaelschurch.net/,4,0,0,False,https://catholicindex.org/mass-times/brandenburg-kentucky,2026-02-21T18:17:30.366672+00:00
us-ky-dover-st-james-catholic-church-6b9b0085,St. James Catholic Church,3221 Dover Minerva Rd,Dover,KY,38.7058812,-83.9187229,+1-606-564-9015,https://stpatmaysville.com/mission-of-saint-james-in-minerva/,3,0,0,False,https://catholicindex.org/mass-times/augusta-kentucky,2026-02-21T18:16:01.998808+00:00
us-ky-earlington-immaculate-conception-bf08b500,Immaculate Conception,112 S Day St,Earlington,Kentucky,37.27505702,-87.50886963,(270) 383-4743 or (270) 498-0203,https://owensborodiocese.org/listing/immaculate-conception-parish-2/,0,0,0,False,https://catholicindex.org/mass-times/calhoun-kentucky,2026-02-21T18:18:09.437503+00:00
us-ky-east-bernstadt-oratory-of-st-sylvester-7a136478,Oratory of St. Sylvester,1100 Saint Sylvester Way,East Bernstadt,Kentucky,37.1898125,-84.1208125,$undefined,https://stwilliamlondon.com/,0,0,0,False,https://catholicindex.org/mass-times/corbin-kentucky,2026-02-21T18:19:15.455176+00:00
us-ky-eddyville-st-mark-07473664,St. Mark,302 Peachtree Ln,Eddyville,Kentucky,37.09128787,-88.0894527,(270) 388-2133 or (270) 365-6786 (Fr. Brad),http://stmarkeddyville.weconnect.com,4,0,0,False,https://catholicindex.org/mass-times/cadiz-kentucky,2026-02-21T18:18:07.859352+00:00
us-ky-edgewood-st-pius-x-school-0be51657,St Pius X School,348 Dudley Rd,Edgewood,KY,39.0099923,-84.5679605,+1-859-341-4900,http://parish.stpiusx.com/,36,0,0,False,https://catholicindex.org/mass-times/alexandria-kentucky,2026-02-21T18:15:36.464134+00:00
us-ky-edgewood-st-pius-x-f7221067,St. Pius X,340 Dudley Rd,Edgewood,Kentucky,39.01044149,-84.56872598,(859) 341-4900,https://www.stpiusx.com/,32,0,0,False,https://catholicindex.org/mass-times/alexandria-kentucky,2026-02-21T18:15:36.464134+00:00
us-ky-edmonton-christ-the-healer-b2fa91c0,Christ the Healer,1610 W Stockton St,Edmonton,Kentucky,36.98080658,-85.62005229,(270) 432-0686,http://www.archlou.org/parishes/christ-the-healer-parish/,23,0,0,False,https://catholicindex.org/mass-times/burkesville-kentucky,2026-02-21T18:17:55.807729+00:00
us-ky-edmonton-church-of-christ-the-healer-092a7c86,Christ the Healer,1610 W Stockton St,Edmonton,Kentucky,36.9889375,-85.6489375,12704320686,https://www.archlou.org/parishes/christ-the-healer-parish/,70,0,0,False,https://catholicindex.org/mass-times/burkesville-kentucky,2026-02-21T18:17:55.807729+00:00
us-in-elizabeth-church-of-st-peter-465c4f63,St. Peter,7780 Buena Vista Rd,Elizabeth,Indiana,38.0590625,-85.9791875,18127382742,https://www.archindy.org/parishes/listings/141.html,0,0,0,False,https://catholicindex.org/mass-times/brandenburg-kentucky,2026-02-21T18:17:30.366672+00:00
us-ky-elizabethtown-st-james-2c059609,St. James,307 W Dixie Ave,Elizabethtown,Kentucky,37.69657624,-85.86346171,(270) 765-6268,http://www.stjames-etown.org/,14,0,0,False,https://catholicindex.org/mass-times/bardstown-kentucky,2026-02-21T18:16:13.948301+00:00
us-ky-elizabethtown-st-john-the-baptist-2b2fa926,St. John the Baptist,657 St John Church Rd,Elizabethtown,Kentucky,37.70858949,-85.97354015,(270) 877-2461,http://www.archlou.org/parishes/saint-john-the-baptist/,0,0,0,False,https://catholicindex.org/mass-times/brandenburg-kentucky,2026-02-21T18:17:30.366672+00:00
us-il-elizabethtown-st-joseph-of-the-woods-f2a0307a,St. Joseph,15 St Joseph Rd,Elizabethtown,Illinois,37.4624676,-88.3809206,(618) 272-7059,http://stkateri.net/,2,0,0,False,https://catholicindex.org/mass-times/marion-kentucky,2026-02-21T18:26:47.092427+00:00
us-ky-elkhorn-city-church-of-st-joseph-the-worker-db56fdd1,St. Joseph the Worker,16999 State Hwy 80,Elkhorn City,Kentucky,37.3169375,-82.3628125,16067545225,http://elkhorncity.cdlex.org,0,0,0,False,https://catholicindex.org/mass-times/elkhorn-city-kentucky,2026-02-21T18:20:54.389198+00:00
us-ky-elkton-church-of-st-susan-f7bab93c,St. Susan,221 Allensville St,Elkton,Kentucky,36.8058125,-87.1474375,12702655263,$undefined,0,0,0,False,https://catholicindex.org/mass-times/elkton-kentucky,2026-02-21T18:20:55.915071+00:00
us-ky-elsmere-st-henry-catholic-church-71374966,St. Henry Roman Catholic Church,3813 Dixie Hwy,Elsmere,Kentucky,39.01390053,-84.60434417,(859) 342-2540,http://www.sthenrychurch.net/,16,0,0,False,https://catholicindex.org/mass-times/alexandria-kentucky,2026-02-21T18:15:36.464134+00:00
us-ky-eminence-st-john-chrysostom-9eb8c6c2,St. John Chrysostom,221 S Penn St,Eminence,Kentucky,38.3701788,-85.17807484,(502) 518-0154,http://www.stjohn-eminence.org/,2,0,0,False,https://catholicindex.org/mass-times/carrollton-kentucky,2026-02-21T18:18:31.846265+00:00
us-il-equality-chapel-of-st-joseph-daad924e,Chapel of St. Joseph,455 W Locust St,Equality,Illinois,37.7334375,-88.3483125,16182727059,https://www.diobelle.org/directory/parishes/st-joseph-equality,0,0,0,False,https://catholicindex.org/mass-times/morganfield-kentucky,2026-02-21T18:27:54.533298+00:00
us-ky-erlanger-church-of-cristo-rey-c6e05bbb,Cristo Rey,Donaldson Rd,Erlanger,Kentucky,39.0289375,-84.6265625,18595381175,http://www.micristorey.com/,9,0,0,False,https://catholicindex.org/mass-times/alexandria-kentucky,2026-02-21T18:15:36.464134+00:00
us-ky-erlanger-mary-queen-of-heaven-e7942b5c,"Mary, Queen of Heaven",1150 Donaldson Hwy,Erlanger,Kentucky,39.03667052,-84.62793213,(859) 525-6909,https://www.mqhparish.com/,13,0,0,False,https://catholicindex.org/mass-times/alexandria-kentucky,2026-02-21T18:15:36.464134+00:00
us-ky-erlanger-st-barbara-63a66d17,St. Barbara,4042 Turkeyfoot Rd,Erlanger,Kentucky,38.97275087,-84.59675354,(859) 371-3100,https://www.stbarbaraky.org,15,0,0,False,https://catholicindex.org/mass-times/alexandria-kentucky,2026-02-21T18:15:36.464134+00:00
us-in-evansville-all-saints-parish-saint-joseph-campus-a09a3cec,All Saints Parish St Joseph Church Campus,600 E Virginia St,Evansville,Indiana,37.98226251,-87.55604327,(812) 423.5209,http://allsaintsevansville.org/mass-times/,3,0,0,False,https://catholicindex.org/mass-times/curdsville-kentucky,2026-02-21T18:19:42.422859+00:00
us-in-evansville-all-saints-parish-st-anthony-of-padua-b01d726a,All Saints Parish St. Anthony Church Campus,704 N 1st Ave,Evansville,Indiana,37.98456908,-87.57518451,(812) 423-5209,http://allsaintsevansville.org/,8,0,0,False,https://catholicindex.org/mass-times/curdsville-kentucky,2026-02-21T18:19:42.422859+00:00
us-in-evansville-annunciation-parish-christ-the-king-church-8f18b06a,Annunciation Parish - Christ the King Church,3010 E Chandler,Evansville,Indiana,37.96581205,-87.51278668,812-476-3061,https://www.annunciationevv.org,8,0,0,False,https://catholicindex.org/mass-times/curdsville-kentucky,2026-02-21T18:19:42.422859+00:00
us-in-evansville-annunciation-parish-holy-spirit-church-63d7e591,Annunciation Parish - Holy Spirit Church,1800 S Lodge Ave,Evansville,Indiana,37.95244375,-87.53826767,812-476-3061,https://www.annunciationevv.org,4,0,0,False,https://catholicindex.org/mass-times/curdsville-kentucky,2026-02-21T18:19:42.422859+00:00
us-in-evansville-ascension-st-vincent-ba62fe60,Ascension St. Vincent,3700 Washington Ave,Evansville,Indiana,37.96408451,-87.50456786,812-485-4150,https://healthcare.ascension.org/,0,0,0,False,https://catholicindex.org/mass-times/curdsville-kentucky,2026-02-21T18:19:42.422859+00:00
us-in-evansville-corpus-christi-3d7a108a,Corpus Christi,5528 Hogue Rd,Evansville,Indiana,37.9830187,-87.64247766,(812) 422-2027,http://www.corpuschristievansville.org/,12,0,0,False,https://catholicindex.org/mass-times/curdsville-kentucky,2026-02-21T18:19:42.422859+00:00
us-in-evansville-good-shepherd-f1082994,Good Shepherd,2301 N Stockwell Rd,Evansville,Indiana,37.99640649,-87.50127814,(812) 477-5405,http://gsparish.org/,7,0,0,False,https://catholicindex.org/mass-times/curdsville-kentucky,2026-02-21T18:19:42.422859+00:00
us-in-evansville-holy-redeemer-68cbf467,Holy Redeemer,918 W Mill Rd,Evansville,Indiana,38.02096001,-87.57667682,(812) 424-8344,https://www.holyredeemerchurch.org/,7,0,0,False,https://catholicindex.org/mass-times/curdsville-kentucky,2026-02-21T18:19:42.422859+00:00
us-in-evansville-holy-rosary-76852cfa,Holy Rosary,1301 S Green River Rd,Evansville,Indiana,37.95954072,-87.49364479,(812) 477-8923,https://www.hrparish.org/,17,0,0,False,https://catholicindex.org/mass-times/curdsville-kentucky,2026-02-21T18:19:42.422859+00:00
us-in-evansville-church-of-the-nativity-524a5f38,Nativity,3635 Pollack Ave,Evansville,Indiana,37.9470625,-87.5059375,18124767186,https://www.hugedomains.com/domain_profile.cfm?d=nativitycatholicchurch.com,0,0,0,False,https://catholicindex.org/mass-times/curdsville-kentucky,2026-02-21T18:19:42.422859+00:00
us-in-evansville-resurrection-5e7037d2,Resurrection,5301 New Harmony Rd,Evansville,Indiana,38.01764685,-87.63870449,(812) 963-3121,http://www.resurrectionevv.com/,8,0,0,False,https://catholicindex.org/mass-times/henderson-kentucky,2026-02-21T18:23:52.983333+00:00
us-in-evansville-sacred-heart-of-jesus-ed5b2f4f,Sacred Heart of Jesus,2701 W Franklin St,Evansville,Indiana,37.98128174,-87.60570368,(812) 423-1721,http://www.saintbonifaceparish.org/,4,0,0,False,https://catholicindex.org/mass-times/curdsville-kentucky,2026-02-21T18:19:42.422859+00:00
us-in-evansville-saint-john-the-evangelist-e85d24a4,St John the Evangelist,5301 Daylight Dr,Evansville,Indiana,38.08975749,-87.48508549,(812) 867-3718,https://www.catholicdaylight.org,11,0,0,False,https://catholicindex.org/mass-times/henderson-kentucky,2026-02-21T18:23:52.983333+00:00
us-in-evansville-st-agnes-virgin-and-martyr-0a704467,"St. Agnes, Virgin and Martyr",1600 Glendale Ave,Evansville,Indiana,37.95921055,-87.61623825,(812) 423-1721,http://www.saintbonifaceparish.com/,0,0,0,False,https://catholicindex.org/mass-times/curdsville-kentucky,2026-02-21T18:19:42.422859+00:00
us-in-evansville-st-benedict-cathedral-02b5d242,St. Benedict Cathedral,1328 Lincoln Ave,Evansville,Indiana,37.9702412,-87.54067513,(812) 425-3369,http://www.saintbenedictcathedral.org/,22,0,0,False,https://catholicindex.org/mass-times/curdsville-kentucky,2026-02-21T18:19:42.422859+00:00
us-in-evansville-saint-boniface-parish-1968b0ee,St. Boniface,418 N Wabash Ave,Evansville,Indiana,37.98204918,-87.59451917,(812) 423-1721,https://www.saintbonifaceparish.org/,5,0,0,False,https://catholicindex.org/mass-times/curdsville-kentucky,2026-02-21T18:19:42.422859+00:00
us-in-evansville-church-of-st-john-the-apostle-1bd550b3,St. John the Apostle,617 Bellemeade Ave,Evansville,Indiana,37.9683125,-87.5558125,18124249261,$undefined,0,0,0,False,https://catholicindex.org/mass-times/curdsville-kentucky,2026-02-21T18:19:42.422859+00:00
us-in-evansville-saint-joseph-f55fa1b7,St. Joseph,6202 W St Joseph Rd,Evansville,Indiana,38.06582124,-87.64812648,(812) 963-3273,http://www.stjoeco.org/,7,0,0,False,https://catholicindex.org/mass-times/henderson-kentucky,2026-02-21T18:23:52.983333+00:00
us-in-evansville-church-of-st-theresa-88532c93,St. Theresa,600 Herndon Dr,Evansville,Indiana,37.9968125,-87.5528125,18124228211,http://www.sttheresa.com,0,0,0,False,https://catholicindex.org/mass-times/curdsville-kentucky,2026-02-21T18:19:42.422859+00:00
us-in-evansville-saint-wendel-da34a958,St. Wendel,10542 W Boonville New Harmony Rd,Evansville,Indiana,38.10719629,-87.69770598,(812) 963-3733,http://www.saintwendelschool.org/parish-info.html,4,0,0,False,https://catholicindex.org/mass-times/henderson-kentucky,2026-02-21T18:23:52.983333+00:00
us-in-evansville-sts-mary-and-john-parish-st-mary-church-2b3459e5,Sts. Mary and John Parish,613 Cherry St,Evansville,Indiana,37.96930278,-87.56560329,(812) 425-1577,https://www.stsmaryandjohnparish.org,17,0,0,False,https://catholicindex.org/mass-times/curdsville-kentucky,2026-02-21T18:19:42.422859+00:00
us-in-evansville-university-of-evansville-newman-center-5e3b3299,University of Evansville Newman Center,1901 Lincoln Ave,Evansville,Indiana,37.96976427,-87.531038,812-618-8864,https://www.eaglecatholic.com/,4,0,0,False,https://catholicindex.org/mass-times/curdsville-kentucky,2026-02-21T18:19:42.422859+00:00
us-ky-fairdale-saint-teresa-of-calcutta-875377e3,St. Teresa of Calcutta,903 Fairdale Rd,Fairdale,Kentucky,38.11102728,-85.75339702,(502) 363-9929,http://teresaofcalcuttafairdale.weebly.com/,17,0,0,False,https://catholicindex.org/mass-times/brandenburg-kentucky,2026-02-21T18:17:30.366672+00:00
us-oh-fairfield-sacred-heart-0bf26a2c,Sacred Heart,400 Nilles Rd,Fairfield,Ohio,39.33845885,-84.56747655,(513) 858.4210,https://www.sacredheart-fairfield.org/,5,0,0,False,https://catholicindex.org/mass-times/bellevue-kentucky,2026-02-21T18:16:43.936647+00:00
us-ky-fairfield-st-michael-269c81b0,St. Michael,111 Church St,Fairfield,Kentucky,37.93160629,-85.38273621,(502) 252-0106,http://stmichaelfairfield.com/,5,0,0,False,https://catholicindex.org/mass-times/bardstown-kentucky,2026-02-21T18:16:13.948301+00:00
us-ky-falmouth-st-francis-xavier-church-dbe3f927,St. Francis Xavier Church,202 W Second St,Falmouth,Kentucky,38.67859166,-84.33060708,(859) 654-8241,http://www.stxfalmouth.com,10,0,0,False,https://catholicindex.org/mass-times/alexandria-kentucky,2026-02-21T18:15:36.464134+00:00
us-ky-fancy-farm-st-denis-980fdf74,St. Denis,2758 St Denis Rd (Hwy 1748),Fancy Farm,Kentucky,36.75217787,-88.83680962,(270) 642-2586,http://www.facebook.com/p/St-Charles-Catholic-Church-100063600261945/,0,0,0,False,https://catholicindex.org/mass-times/bardwell-kentucky,2026-02-21T18:16:15.296626+00:00
us-ky-fancy-farm-st-jerome-09772686,St. Jerome,20 KY-339 N,Fancy Farm,Kentucky,36.79940588,-88.79100523,(270) 623-8181,http://www.stjeromefancyfarm.com,7,0,0,False,https://catholicindex.org/mass-times/bardwell-kentucky,2026-02-21T18:16:15.296626+00:00
us-in-ferdinand-monastery-immaculate-conception-63ed4fce,Monastery Immaculate Conception,802 E 10th St,Ferdinand,Indiana,38.22519527,-86.85499746,812-367-1411,https://www.thedome.org/,4,0,0,False,https://catholicindex.org/mass-times/hawesville-kentucky,2026-02-21T18:23:39.452512+00:00
us-in-ferdinand-christ-the-king-parish-saint-ferdinand-church-91587fcf,St. Ferdinand,341 E 10th St ,Ferdinand,Indiana,38.22330665,-86.86039763,812-367-1212,http://www.christthekingdc.org/,4,0,0,False,https://catholicindex.org/mass-times/hawesville-kentucky,2026-02-21T18:23:39.452512+00:00
us-in-ferdinand-church-of-st-ferdinand-7801c48f,St. Ferdinand,341 E 10th St,Ferdinand,Indiana,38.2234375,-86.8609375,18123671212,http://www.stferd.com,0,0,0,False,https://catholicindex.org/mass-times/hawesville-kentucky,2026-02-21T18:23:39.452512+00:00
us-in-ferdinand-christ-the-king-parish-saint-henry-church-0a184570,St. Henry,1311 W 1100 S,Ferdinand,Indiana,38.21807025,-86.92895804,(812) 367-1212,http://www.christthekingdc.org/,3,0,0,False,https://catholicindex.org/mass-times/hawesville-kentucky,2026-02-21T18:23:39.452512+00:00
us-ky-finley-our-lady-of-fatima-catholic-church-2b0f611d,Our Lady of Fatima Catholic Church,8680 Calvary Rd,Finley,KY,37.4510394,-85.2611388,+1-270-465-4282,https://www.onfirecatholic.com/,9,0,0,False,https://catholicindex.org/mass-times/campbellsville-kentucky,2026-02-21T18:18:16.856205+00:00
us-ky-finley-our-lady-of-the-hills-1335a385,Our Lady of the Hills,9259 Old Lebanon Rd,Finley,Kentucky,37.46071665,-85.34067685,(270) 465-4282,http://www.onfirecatholic.com/,10,0,0,False,https://catholicindex.org/mass-times/bardstown-kentucky,2026-02-21T18:16:13.948301+00:00
us-ky-flemingsburg-st-charles-borromeo-cb58b9bd,St. Charles,211 Mount Carmel Ave,Flemingsburg,Kentucky,38.4238169,-83.73233423,(606) 849-9415,stcharlesandstrose.com,0,0,0,False,https://catholicindex.org/mass-times/carlisle-kentucky,2026-02-21T18:18:28.739607+00:00
us-ky-florence-cristo-rey-88a8e418,Cristo Rey,25 Cavalier Blvd,Florence,Kentucky,39.00871328,-84.6313886,859-538-1175,https://micristorey.com,9,0,0,False,https://catholicindex.org/mass-times/alexandria-kentucky,2026-02-21T18:15:36.464134+00:00
us-ky-florence-st-paul-6da7cad0,St. Paul,7301 Dixie Hwy,Florence,Kentucky,38.99791952,-84.62521101,(859) 371-8051,http://stpaulnky.org/,9,0,0,False,https://catholicindex.org/mass-times/alexandria-kentucky,2026-02-21T18:15:36.464134+00:00
us-in-floyds-knobs-st-john-the-baptist-cfb762f7,St. John the Baptist,8310 St John Rd (Starlight),Floyds Knobs,Indiana,38.41477091,-85.89169399,(812) 923-5785,http://www.stjohnstarlight.org,6,0,0,False,https://catholicindex.org/mass-times/fairdale-kentucky,2026-02-21T18:21:20.172333+00:00
us-in-floyds-knobs-st-mary-of-the-knobs-80f64507,St. Mary of the Knobs,5719 St Marys Rd,Floyds Knobs,Indiana,38.35745366,-85.86702481,(812) 923-3011,http://www.yoursmk.org/,13,0,0,False,https://catholicindex.org/mass-times/fairdale-kentucky,2026-02-21T18:21:20.172333+00:00
us-ky-fordsville-st-john-the-baptist-79116b11,St. John the Baptist,66 Smith St,Fordsville,Kentucky,37.63601898,-86.71468993,(270) 276-3619 or (270) 233-4196 (St. Mary of the Woods),http://owensborodiocese.org/listing/saint-john-the-baptist-parish/,0,0,0,False,https://catholicindex.org/mass-times/beaver-dam-kentucky,2026-02-21T18:16:31.808011+00:00
us-ky-fort-campbell-the-catholic-community-of-the-sacred-heart-of-jesus-3671915d,The Catholic Community of The Sacred Heart of Jesus, Building# 5875 Desert Storm Ave,Fort Campbell,Kentucky,36.63956072,-87.46193708,270-798-2352,http://home.army.mil/campbell/index.php/chaplains/services,0,0,0,False,https://catholicindex.org/mass-times/elkton-kentucky,2026-02-21T18:20:55.915071+00:00
us-ky-fort-mitchell-blessed-sacrament-e299004d,Blessed Sacrament,2409 Dixie Hwy,Fort Mitchell,Kentucky,39.03858613,-84.55652379,(859) 331-4302,http://www.bscky.org/,15,0,0,False,https://catholicindex.org/mass-times/alexandria-kentucky,2026-02-21T18:15:36.464134+00:00
us-ky-fort-thomas-st-catherine-of-siena-92c4aab4,St. Catherine of Siena Church,1803 N Ft Thomas Ave,Fort Thomas,Kentucky,39.09780556,-84.45051632,(859) 441-1352,http://www.stcatherineofsiena.org/,17,0,0,False,https://catholicindex.org/mass-times/alexandria-kentucky,2026-02-21T18:15:36.464134+00:00
us-ky-fort-thomas-st-thomas-20f3f6f5,St. Thomas,26 E Villa Pl,Fort Thomas,Kentucky,39.0727578,-84.44570455,(859) 441-1282,http://www.stthomasnky.org/,12,0,0,False,https://catholicindex.org/mass-times/alexandria-kentucky,2026-02-21T18:15:36.464134+00:00
us-ky-fort-wright-st-agnes-c33156ae,St. Agnes,1680 Dixie Hwy,Fort Wright,Kentucky,39.06369494,-84.53767685,(859) 431-1802,https://www.saintagnes.com/,17,0,0,False,https://catholicindex.org/mass-times/alexandria-kentucky,2026-02-21T18:15:36.464134+00:00
us-ky-frankfort-good-shepherd-catholic-church-e63de371,Good Shepherd,72 Shepherd Way,Frankfort,Kentucky,38.1891801,-84.81601671,(502) 227-4511,https://www.frankfortgoodshepherd.org,9,0,0,False,https://catholicindex.org/mass-times/eminence-kentucky,2026-02-21T18:21:00.580143+00:00
us-ky-franklin-st-mary-d011f541,St. Mary,403 N Main St,Franklin,Kentucky,36.7258532,-86.57775677,(270) 586-4515 or (270) 253-3230 (Rectory),http://stmarysfranklin.cc/,10,0,0,False,https://catholicindex.org/mass-times/auburn-kentucky,2026-02-21T18:16:00.292780+00:00
us-ky-fredericktown-church-of-the-holy-trinity-03f9512a,Holy Trinity,306 Rd,Fredericktown,Kentucky,37.7591875,-85.3405625,18592845242,https://www.archlou.org/parishes/holy-trinity-fredericktown/,9,0,0,False,https://catholicindex.org/mass-times/bardstown-kentucky,2026-02-21T18:16:13.948301+00:00
us-in-fulda-st-boniface-historic-church-6f1abb35,Historic St. Boniface Catholic Church,15519 N State Rd 545,Fulda,Indiana,38.11136641,-86.83570516,(812) 357-5533,http://sbcatholic.church/,4,0,0,False,https://catholicindex.org/mass-times/cloverport-kentucky,2026-02-21T18:19:06.375347+00:00
us-ky-fulton-st-edward-8408dc93,St. Edward,504 Eddings St,Fulton,Kentucky,36.50804868,-88.87882403,(270) 472-2742,http://owensborodiocese.org/listing/saint-edward-parish/,0,0,0,False,https://catholicindex.org/mass-times/bardwell-kentucky,2026-02-21T18:16:15.296626+00:00
us-tn-gallatin-st-john-vianney-e9daccad,St. John Vianney,449 N Water St,Gallatin,Tennessee,36.39551007,-86.4461934,(615) 452-2977,http://saintjohnvianneychurch.org/,11,0,0,False,https://catholicindex.org/mass-times/franklin-kentucky,2026-02-21T18:22:06.425427+00:00
us-ky-georgetown-ss-francis-and-john-church-cardome-chapel-dd21cd87,Ss. Francis and John Church - Cardome Chapel,806 Cincinnati Rd,Georgetown,Kentucky,38.22308007,-84.5673964,502-863-3404,https://ssfrancisjohn.org,9,0,0,False,https://catholicindex.org/mass-times/cynthiana-kentucky,2026-02-21T18:19:45.429388+00:00
us-ky-georgetown-st-francis-de-sales-ss-francis-john-parish-7065751c,St. Francis de Sales,4086 Frankfort Pike,Georgetown,Kentucky,38.20773282,-84.6976581,502-863-3404,http://ssfrancisjohn.org/,10,0,0,False,https://catholicindex.org/mass-times/frankfort-kentucky,2026-02-21T18:22:04.972731+00:00
us-ky-georgetown-regina-pacis-chaplaincy-fraternity-of-st-peter-ecec1c07,St. Francis de Sales (Fraternity of St. Peter),4086 Frankfort Pike,Georgetown,Kentucky,38.20762327,-84.69712802,859-202-3744,http://www.facebook.com/people/Regina-Pacis-Chaplaincy/100068112174024/,0,0,0,False,https://catholicindex.org/mass-times/frankfort-kentucky,2026-02-21T18:22:04.972731+00:00
us-oh-georgetown-st-george-a126d6e1,St. George,509 E State St,Georgetown,Ohio,38.86445785,-83.89859504,(937) 378-6453,https://www.ohiocatholic.org,2,0,0,False,https://catholicindex.org/mass-times/augusta-kentucky,2026-02-21T18:16:01.998808+00:00
us-ky-glasgow-st-helen-ed2c38b5,St. Helen,103 W Brown St,Glasgow,Kentucky,36.99282799,-85.91416437,(270) 651-5263,http://www.facebook.com/STHELENOLC/,0,0,0,False,https://catholicindex.org/mass-times/edmonton-kentucky,2026-02-21T18:20:44.057796+00:00
us-oh-glendale-st-gabriel-dae34459,St. Gabriel,48 W Sharon Ave,Glendale,Ohio,39.27356467,-84.46986744,(513) 771-4700,http://www.tricountycatholics.org/,7,0,0,False,https://catholicindex.org/mass-times/alexandria-kentucky,2026-02-21T18:15:36.464134+00:00
us-ky-grand-rivers-st-anthony-of-padua-ebc52f50,St. Anthony of Padua,1518 J.H O'Bryan Ave,Grand Rivers,Kentucky,37.0069898,-88.23778079,(270) 395-4727,http://www.stanthonygrandrivers.org,5,0,0,False,https://catholicindex.org/mass-times/cadiz-kentucky,2026-02-21T18:18:07.859352+00:00
us-ky-grayson-saints-john-and-elizabeth-01224764,Sts. John and Elizabeth,799 State Hwy 1947,Grayson,Kentucky,38.34382854,-82.95414501,(606) 474-9979,http://grayson.cdlex.org,0,0,0,False,https://catholicindex.org/mass-times/ashland-kentucky,2026-02-21T18:15:57.348804+00:00
us-ky-grayson-springs-st-augustine-264e78fa,St. Augustine,30 St Augustine Rd (Clarkson),Grayson Springs,Kentucky,37.45048059,-86.23235417,(270) 242-4791,http://triparishky.org,2,0,0,False,https://catholicindex.org/mass-times/cecilia-kentucky,2026-02-21T18:18:39.374960+00:00
us-oh-greenhills-our-lady-of-the-rosary-d05b7c62,Our Lady of the Rosary,17 Farragut Rd,Greenhills,Ohio,39.2668905,-84.52274475,(513) 825-8626,http://wintonwyomingpr.org/,9,0,0,False,https://catholicindex.org/mass-times/alexandria-kentucky,2026-02-21T18:15:36.464134+00:00
us-ky-greensburg-holy-redeemer-ec3e154d,Holy Redeemer,110 Industrial Rd,Greensburg,Kentucky,37.24413055,-85.49840087,(270) 343-3346,http://www.archlou.org/parishes/holy-redeemer-parish/,35,0,0,False,https://catholicindex.org/mass-times/campbellsville-kentucky,2026-02-21T18:18:16.856205+00:00
us-ky-greenup-st-lawrence-b2ce740a,St. Lawrence,500 Laurel St,Greenup,Kentucky,38.5753862,-82.83770045,606-329-1607,http://cdlex.org/parish-finder/?swLat=30.942074626998078&swLng=-93.75759381709292&neLat=46.996951040782456&neLng=-71.91677350459292,2,0,0,False,https://catholicindex.org/mass-times/ashland-kentucky,2026-02-21T18:15:57.348804+00:00
us-in-greenville-st-michael-tri-parish-community-aa4a38a8,St. Michael,11400 Farmers Ln NE (Bradford),Greenville,Indiana,38.36585331,-86.0623226,(812) 364-6646,http://www.saintmichaelschurch.net,7,0,0,False,https://catholicindex.org/mass-times/fairdale-kentucky,2026-02-21T18:21:20.172333+00:00
us-in-greenville-church-of-st-michael-3acedbdb,St. Michael,11400 Farmers Ln NE,Greenville,Indiana,38.3661875,-86.0624375,18123646646,$undefined,0,0,0,False,https://catholicindex.org/mass-times/fairdale-kentucky,2026-02-21T18:21:20.172333+00:00
us-va-grundy-st-joseph-catholic-church-8c691ff3,St Joseph Catholic Church,1007 Independence Rd,Grundy,VA,37.2505261,-82.1050208,+1-276-988-4626,https://holyfamilyswva.org/our-churches/st-joseph/,1,0,0,False,https://catholicindex.org/mass-times/elkhorn-city-kentucky,2026-02-21T18:20:54.389198+00:00
us-va-grundy-church-of-st-joseph-aedb416d,St. Joseph,460 @ Tookland,Grundy,Virginia,37.25125,-82.10875,12769884626,https://holyfamilyswva.org/our-churches/st-joseph/,1,0,0,False,https://catholicindex.org/mass-times/elkhorn-city-kentucky,2026-02-21T18:20:54.389198+00:00
us-va-grundy-st-joseph-605effe6,St. Joseph,1007 Independence Rd,Grundy,Virginia,37.2987,-82.0864,(276) 988-4626,http://richmonddiocese.org/parishes/the-church-of-saint-joseph-of-holy-family-parish/,55,0,0,False,https://catholicindex.org/mass-times/elkhorn-city-kentucky,2026-02-21T18:20:54.389198+00:00
us-in-guilford-all-saints-parish-st-john-the-baptist-church-3a8886ae,All Saints Parish -St. John the Baptist Church,25743 State Rt 1 (Dover),Guilford,Indiana,39.24452651,-84.94811609,(812) 576-4302,http://allsaintscatholic.net,3,0,0,False,https://catholicindex.org/mass-times/burlington-kentucky,2026-02-21T18:17:57.495377+00:00
us-in-guilford-all-saints-parish-st-martin-church-101557e5,All Saints Parish -St. Martin Church ,8044 Yorkridge Rd (Yorkville),Guilford,Indiana,39.20573108,-84.96763618,(812) 576-4302,http://allsaintscatholic.net,2,0,0,False,https://catholicindex.org/mass-times/burlington-kentucky,2026-02-21T18:17:57.495377+00:00
us-in-guilford-st-paul-catholic-church-7a01aca6,St Paul Catholic Church,9788 N Dearborn Rd,Guilford,IN,39.2343624,-84.9994709,+1-812-576-4302,https://allsaintscatholic.net/,4,0,0,False,https://catholicindex.org/mass-times/burlington-kentucky,2026-02-21T18:17:57.495377+00:00
us-in-guilford-st-paul-church-a7947292,St. Paul,9788 N Dearborn Rd (New Alsace),Guilford,Indiana,39.2343629,-84.99954022,(812) 576-4302,http://allsaintscatholic.net,3,0,0,False,https://catholicindex.org/mass-times/burlington-kentucky,2026-02-21T18:17:57.495377+00:00
us-ky-guthrie-st-francis-of-assisi-c9df1a62,St. Francis of Assisi,7600 Russellville Rd,Guthrie,Kentucky,36.66844402,-87.16132456,(270) 265-5263,http://www.stfrancisky.org/home,3,0,0,False,https://catholicindex.org/mass-times/elkton-kentucky,2026-02-21T18:20:55.915071+00:00
us-ky-guthrie-church-of-sts-mary-and-james-02416686,Sts. Mary and James,313 3rd St,Guthrie,Kentucky,36.6469375,-87.1680625,12704832571,http://www.stsmjchurch.org,0,0,0,False,https://catholicindex.org/mass-times/elkton-kentucky,2026-02-21T18:20:55.915071+00:00
us-oh-hamilton-queen-of-peace-afe78dd7,Queen of Peace,2550 Millville Ave,Hamilton,Ohio,39.39464364,-84.64497594,(513) 863-4344,http://www.queenofpeacechurch.net/,4,0,0,False,https://catholicindex.org/mass-times/bellevue-kentucky,2026-02-21T18:16:43.936647+00:00
us-oh-hamilton-st-ann-402a24d9,St. Ann,3000 Pleasant Ave,Hamilton,Ohio,39.36693428,-84.55715843,(513) 863-4963,http://www.saintanncc.com/,4,0,0,False,https://catholicindex.org/mass-times/bellevue-kentucky,2026-02-21T18:16:43.936647+00:00
us-oh-hamilton-st-joseph-c15baec7,St. Joseph,171 Washington St,Hamilton,Ohio,39.39109018,-84.56561125,(513) 863-1424,http://stjosephhamilton.org/,5,0,0,False,https://catholicindex.org/mass-times/bellevue-kentucky,2026-02-21T18:16:43.936647+00:00
us-oh-hamilton-st-julie-billiart-4e7c9a83,St. Julie Billiart Parish,224 Dayton St,Hamilton,Ohio,39.40202554,-84.56024937,(513) 863-1040,http://www.ststephenoh.org/,12,0,0,False,https://catholicindex.org/mass-times/bellevue-kentucky,2026-02-21T18:16:43.936647+00:00
us-oh-hamilton-st-peter-in-chains-95788948,St. Peter in Chains,382 Liberty Ave,Hamilton,Ohio,39.40732954,-84.56716173,(513) 863-3938,http://www.stpeterinchains.org,8,0,0,False,https://catholicindex.org/mass-times/bellevue-kentucky,2026-02-21T18:16:43.936647+00:00
us-ky-hardin-st-henry-3aaae15c,St. Henry,16097 US Hwy 68 (in Aurora),Hardin,Kentucky,36.77771139,-88.15540108,(270) 474-8058,http://sainthenryparish.net/,4,0,0,False,https://catholicindex.org/mass-times/cadiz-kentucky,2026-02-21T18:18:07.859352+00:00
us-ky-hardin-church-of-st-henry-df969986,St. Henry,16097 US Hwy 68 E,Hardin,Kentucky,36.7826875,-88.1683125,12704748058,http://sainthenryparish.com/,0,0,0,False,https://catholicindex.org/mass-times/cadiz-kentucky,2026-02-21T18:18:07.859352+00:00
us-ky-hardinsburg-st-anthony-the-abbot-cf0b16db,St. Anthony,1654 S Hwy 79 (Axtel),Hardinsburg,Kentucky,37.63449603,-86.46215461,(270) 257-2132,http://stanthonystmary.org/,5,0,0,False,https://catholicindex.org/mass-times/clarkson-kentucky,2026-02-21T18:18:51.319895+00:00
us-ky-hardinsburg-st-romuald-a67fc63d,St. Romuald,394 N Hwy 259,Hardinsburg,Kentucky,37.78666044,-86.46187843,(270) 756-2356,http://stromuald.org/,9,0,0,False,https://catholicindex.org/mass-times/brandenburg-kentucky,2026-02-21T18:17:30.366672+00:00
us-ky-harlan-holy-trinity-c3e6bed1,Holy Trinity,2536 S US-421,Harlan,Kentucky,36.8249931,-83.32075459,(606) 573-6311,http://www.facebook.com/p/Holy-Trinity-Catholic-Church-100064863991242/,0,0,0,False,https://catholicindex.org/mass-times/cumberland-kentucky,2026-02-21T18:19:39.355803+00:00
us-ky-harlan-holy-trinity-catholic-church-49d7a997,Holy Trinity Catholic Church,2536 US-421,Harlan,KY,36.8250103,-83.320853,+1-606-573-6311,http://harlan.cdlex.org,0,0,0,False,https://catholicindex.org/mass-times/cumberland-kentucky,2026-02-21T18:19:39.355803+00:00
us-oh-harrison-st-john-the-baptist-bfd80b44,St. John the Baptist,10010 Carolina Trace Rd,Harrison,Ohio,39.26051977,-84.78691289,(513) 367-9086,https://www.stjb.net,10,0,0,False,https://catholicindex.org/mass-times/bellevue-kentucky,2026-02-21T18:16:43.936647+00:00
us-oh-harrison-church-of-st-john-the-baptist-57ed9ef4,St. John the Baptist,509 Ave,Harrison,Ohio,39.2610625,-84.8163125,15133679086,$undefined,0,0,0,False,https://catholicindex.org/mass-times/bellevue-kentucky,2026-02-21T18:16:43.936647+00:00
us-ky-harrodsburg-st-andrew-catholic-church-4ba9072a,St Andrew Catholic Church,1125 Danville Rd,Harrodsburg,KY,37.7373453,-84.834725,+1-859-734-4270,https://www.harrodsburgcatholic.com/,17,0,0,False,https://catholicindex.org/mass-times/danville-kentucky,2026-02-21T18:19:48.388041+00:00
us-ky-harrodsburg-st-andrew-4b42ca81,St. Andrew,1125 Danville Rd,Harrodsburg,Kentucky,37.73723241,-84.83473747,(859) 734-4270,http://www.harrodsburgcatholic.com/,17,0,0,False,https://catholicindex.org/mass-times/danville-kentucky,2026-02-21T18:19:48.388041+00:00
us-in-haubstadt-saint-james-the-greater-9d3e17fe,St. James the Greater,12300 S 50 W,Haubstadt,Indiana,38.17755676,-87.57746542,(812) 867-5175,http://www.stjameshaubstadt.com/,0,0,0,False,https://catholicindex.org/mass-times/henderson-kentucky,2026-02-21T18:23:52.983333+00:00
us-ky-hawesville-immaculate-conception-60ca20b6,Immaculate Conception,115 Main St,Hawesville,Kentucky,37.90053289,-86.74852008,(270) 927-8419,http://icscchurch.org,5,0,0,False,https://catholicindex.org/mass-times/cloverport-kentucky,2026-02-21T18:19:06.375347+00:00
us-ky-hazard-mother-of-good-counsel-2f03ab22,Mother of Good Counsel,329 Poplar St,Hazard,Kentucky,37.25207826,-83.19031836,(606) 436-2533,https://www.mgccc.org,2,0,0,False,https://catholicindex.org/mass-times/cumberland-kentucky,2026-02-21T18:19:39.355803+00:00
us-ky-heidelburg-oratory-of-st-therese-fa220f58,Oratory of St. Therese,Heidelburg Kentucky 41311,Heidelburg,Kentucky,37.5949375,-83.7813125,$undefined,http://beattyville.cdlex.org,0,0,0,False,https://catholicindex.org/mass-times/beattyville-kentucky,2026-02-21T18:16:25.745040+00:00
us-tn-helenwood-st-jude-5a8b6d68,St. Jude,13067 Scott Hwy,Helenwood,Tennessee,36.43390353,-84.53922592,(423) 569-9584,http://www.dioknox.org/parishfinder,1,0,0,False,https://catholicindex.org/mass-times/whitley-city-kentucky,2026-02-21T18:34:54.143983+00:00
us-ky-henderson-holy-name-of-jesus-c7665ceb,Holy Name of Jesus,511 2nd St,Henderson,Kentucky,37.83899387,-87.58655852,(270) 826-2096,http://holynameparish.net/,16,0,0,False,https://catholicindex.org/mass-times/curdsville-kentucky,2026-02-21T18:19:42.422859+00:00
us-in-henryville-st-francis-xavier-0b59606b,St. Francis Xavier,101 N Ferguson St,Henryville,Indiana,38.54192957,-85.76852369,(812) 294-4682 ,http://stmichaelcharlestown.org,5,0,0,False,https://catholicindex.org/mass-times/la-grange-kentucky,2026-02-21T18:25:30.610910+00:00
us-ky-hickman-sacred-heart-4af1da7e,Sacred Heart,411 E Moulton St,Hickman,Kentucky,36.57141082,-89.19141425,(270) 472-2742,http://owensborodiocese.org/listing/sacred-heart-parish/,2,0,0,False,https://catholicindex.org/mass-times/clinton-kentucky,2026-02-21T18:19:03.350196+00:00
us-ky-hodgenville-our-lady-of-mercy-57eab1e9,Our Lady of Mercy,208 Walters Ave,Hodgenville,Kentucky,37.57240926,-85.74147762,(270) 358-3601,http://www.archlou.org/parishes/our-lady-of-mercy-parish/,0,0,0,False,https://catholicindex.org/mass-times/bardstown-kentucky,2026-02-21T18:16:13.948301+00:00
us-ky-hopkinsville-sts-peter-paul-d972a355,Sts. Peter and Paul,902 E 9th St,Hopkinsville,Kentucky,36.86258499,-87.48158691,(270) 885-8522,http://www.stsppchurch.org,10,0,0,False,https://catholicindex.org/mass-times/cadiz-kentucky,2026-02-21T18:18:07.859352+00:00
us-ky-horse-cave-our-lady-of-the-caves-db0dd6d1,Our Lady of the Caves,1010 S Dixie St,Horse Cave,Kentucky,37.1663579,-85.91593892,(270) 651-5263,http://www.facebook.com/STHELENOLC/,0,0,0,False,https://catholicindex.org/mass-times/edmonton-kentucky,2026-02-21T18:20:44.057796+00:00
us-ky-howardstown-st-ann-94d72752,St. Ann,7490 Howardstown Rd,Howardstown,Kentucky,37.57306031,-85.5911697,(502) 286-3181,http://www.archlou.org/parishes/saint-ann-parish/,34,0,0,False,https://catholicindex.org/mass-times/bardstown-kentucky,2026-02-21T18:16:13.948301+00:00
us-wv-huntington-catholic-newman-center-01b2e904,Catholic Newman Center,1609 5th Ave,Huntington,West Virginia,38.42114873,-82.43110227,(304) 525-4618,https://www.marshallcatholic.com,3,0,0,False,https://catholicindex.org/mass-times/ashland-kentucky,2026-02-21T18:15:57.348804+00:00
us-wv-huntington-our-lady-of-fatima-3589b3ff,Our Lady of Fatima,545 Norway Ave,Huntington,West Virginia,38.40420163,-82.40097297,(304) 525-0866,https://www.ourfatimafamily.com/,10,0,0,False,https://catholicindex.org/mass-times/ashland-kentucky,2026-02-21T18:15:57.348804+00:00
us-wv-huntington-sacred-heart-db46b52e,Sacred Heart,2015 Adams Ave,Huntington,West Virginia,38.40912561,-82.4897485,(304) 429-4318,http://shcchwv.com/,5,0,0,False,https://catholicindex.org/mass-times/ashland-kentucky,2026-02-21T18:15:57.348804+00:00
us-wv-huntington-st-joseph-bcf3eb53,St. Joseph,1304 Sixth Ave,Huntington,West Virginia,38.41972878,-82.43616636,(304) 525-5202,https://www.stjoeshuntington.org,14,0,0,False,https://catholicindex.org/mass-times/ashland-kentucky,2026-02-21T18:15:57.348804+00:00
us-wv-huntington-st-peter-claver-e8c1aec3,St. Peter Claver,828 15th St,Huntington,West Virginia,38.4158589,-82.43168174,(304) 523-7311,http://www.spcwv.com/,0,0,0,False,https://catholicindex.org/mass-times/ashland-kentucky,2026-02-21T18:15:57.348804+00:00
us-oh-hyde-park-st-mary-43662c3c,St. Mary,2853 Erie Ave,Hyde Park,Ohio,39.1387894,-84.43807248,(513) 321-1207,http://www.smchp.com/,7,0,0,False,https://catholicindex.org/mass-times/alexandria-kentucky,2026-02-21T18:15:36.464134+00:00
us-ky-independence-st-cecilia-202ce378,St. Cecilia,5313 Madison Pike,Independence,Kentucky,38.94080094,-84.5452008,(859) 363-4311,http://www.saintceciliaky.org/,8,0,0,False,https://catholicindex.org/mass-times/alexandria-kentucky,2026-02-21T18:15:36.464134+00:00
us-oh-ironton-st-joseph-de965af6,St. Joseph,501 Chestnut St,Ironton,Ohio,38.5297905,-82.67744286,(740) 532-0712,http://www.irontoncatholicchurches.com/Content/HTML/StJosephChurch,8,0,0,False,https://catholicindex.org/mass-times/ashland-kentucky,2026-02-21T18:15:57.348804+00:00
us-oh-ironton-st-lawrence-otoole-0afafa5a,St. Lawrence O’Toole,611 Center St,Ironton,Ohio,38.53749649,-82.68241889,(740) 532-0712,http://www.irontoncatholicchurches.com/Content/HTML/StLawrenceChurch,11,0,0,False,https://catholicindex.org/mass-times/ashland-kentucky,2026-02-21T18:15:57.348804+00:00
us-ky-irvington-holy-guardian-angels-efb3b277,Holy Guardian Angels,301 W High St,Irvington,Kentucky,37.87785226,-86.28648518,(270) 547-2132,http://hgacc.weconnect.com,0,0,0,False,https://catholicindex.org/mass-times/brandenburg-kentucky,2026-02-21T18:17:30.366672+00:00
us-ky-jackson-holy-cross-eb035114,Holy Cross,51 Brewers Dr,Jackson,Kentucky,37.55831441,-83.38751402,(606) 666-7871,http://www.holycrossjackson.org/,1,0,0,False,https://catholicindex.org/mass-times/beattyville-kentucky,2026-02-21T18:16:25.745040+00:00
us-ky-jamestown-holy-spirit-e2219be9,Holy Spirit,406 N Main St,Jamestown,Kentucky,36.98096396,-85.05995659,(270) 343-3346,http://www.archlou.org/parishes/holy-spirit-jamestown/,23,0,0,False,https://catholicindex.org/mass-times/albany-kentucky,2026-02-21T18:15:34.930828+00:00
us-ky-jamestown-church-of-the-holy-spirit-809d88f4,Holy Spirit,406 N Main St,Jamestown,Kentucky,36.9895625,-85.0669375,12703433346,http://www.holyspiritjamestownky.org,0,0,0,False,https://catholicindex.org/mass-times/albany-kentucky,2026-02-21T18:15:34.930828+00:00
us-tn-jamestown-st-christopher-03d4781f,St. Christopher,160 Holt Spur Rd,Jamestown,Tennessee,36.442123,-84.928427,(865) 882-9838,http://blessedsacramentchurchandmissions.com/saint-christoper,7,0,0,False,https://catholicindex.org/mass-times/albany-kentucky,2026-02-21T18:15:34.930828+00:00
us-in-jeffersonville-most-sacred-heart-of-jesus-st-augustine-and-most-sacred-heart-parish-50230497,Most Sacred Heart of Jesus  [St. Augustine and Most Sacred Heart Parish],1840 E Eighth St,Jeffersonville,Indiana,38.29407501,-85.71457483,(812) 282-2677,http://www.jeffersonvillecatholic.org/,4,0,0,False,https://catholicindex.org/mass-times/fairdale-kentucky,2026-02-21T18:21:20.172333+00:00
us-in-jeffersonville-church-of-st-augustine-29bb57c7,St. Augustine,315 E Chestnut St,Jeffersonville,Indiana,38.2731875,-85.7378125,18122822677,$undefined,0,0,0,False,https://catholicindex.org/mass-times/fairdale-kentucky,2026-02-21T18:21:20.172333+00:00
us-in-jeffersonville-st-augustine-st-augustine-and-most-sacred-heart-parish-5677bf3b,St. Augustine,315 E Chestnut St,Jeffersonville,Indiana,38.27342576,-85.73800582,(812) 282-2677,http://www.jeffersonvillecatholic.org/,4,0,0,False,https://catholicindex.org/mass-times/fairdale-kentucky,2026-02-21T18:21:20.172333+00:00
us-ky-jellico-creek-saint-boniface-catholic-church-5f23c9bc,St. Boniface Catholic Church,95 Catholic Ave (located in Jellico KY),Jellico Creek,Kentucky,36.59152251,-84.12380801,606-549-2156,http://williamsburg.cdlex.org/,14,0,0,False,https://catholicindex.org/mass-times/barbourville-kentucky,2026-02-21T18:16:12.328699+00:00
us-ky-jenkins-st-george-f570ae47,St. George,22 Dotty Ln,Jenkins,Kentucky,37.17307614,-82.63320731,606-437-6117,http://cdlex.org/parishfinder,0,0,0,False,https://catholicindex.org/mass-times/cumberland-kentucky,2026-02-21T18:19:39.355803+00:00
us-va-jonesville-holy-spirit-dbd87cc7,Community of the Holy Spirit,384 Eagle Ridge Dr,Jonesville,Virginia,36.71896061,-83.10951485,(276) 346-0269,http://holytrinitycluster.org/parishes/holy-spirit/,2,0,0,False,https://catholicindex.org/mass-times/cumberland-kentucky,2026-02-21T18:19:39.355803+00:00
us-oh-kenwood-st-vincent-ferrer-cab1de69,St. Vincent Ferrer,7754 Montgomery Rd,Kenwood,Ohio,39.194996,-84.383643,(513) 791-9030,https://www.svfchurch.org/,7,0,0,False,https://catholicindex.org/mass-times/alexandria-kentucky,2026-02-21T18:15:36.464134+00:00
us-ky-la-center-st-mary-mission-95a811a0,St. Mary,624 Broadway,La Center,Kentucky,37.07991519,-88.97378081,(270) 444-6383,http://owensborodiocese.org/listing/saint-mary-parish-2/,210,0,0,False,https://catholicindex.org/mass-times/bardwell-kentucky,2026-02-21T18:16:15.296626+00:00
us-ky-la-grange-immaculate-conception-31e3d983,Immaculate Conception Church,502 N Fifth Ave,La Grange,Kentucky,38.4109368,-85.38672911,(502) 222-0255,http://www.iclagrange.org/,11,0,0,False,https://catholicindex.org/mass-times/carrollton-kentucky,2026-02-21T18:18:31.846265+00:00
us-tn-lafollette-our-lady-of-perpetual-help-909a5d88,Our Lady of Perpetual Help,1142 E Elm St,LaFollette,TN,36.3867835,-84.1039962,+1-423-562-0312,https://www.facebook.com/OLPHlafollette/,0,0,0,False,https://catholicindex.org/mass-times/williamsburg-kentucky,2026-02-21T18:35:00.171424+00:00
us-tn-lafayette-church-of-the-holy-family-747bde30,Holy Family,901 Vinson Rd,Lafayette,Tennessee,36.5371875,-86.0306875,16156666466,http://www.hfccmg.com,0,0,0,False,https://catholicindex.org/mass-times/scottsville-kentucky,2026-02-21T18:31:35.256170+00:00
us-tn-lafayette-holy-family-b8338319,Holy Family,431 Old Hwy 52,Lafayette,Tennessee,36.52361008,-86.0640122,(615) 666-6466,http://holyfamily-catholicchurch.org/,8,0,0,False,https://catholicindex.org/mass-times/scottsville-kentucky,2026-02-21T18:31:35.256170+00:00
us-tn-lafollette-our-lady-of-perpetual-help-af3c4816,Our Lady of Perpetual Help,1142 E Elm St,Lafollette,Tennessee,36.38695362,-84.10683102,(423) 562-0312,$undefined,3,0,0,False,https://catholicindex.org/mass-times/williamsburg-kentucky,2026-02-21T18:35:00.171424+00:00
us-ky-lancaster-st-william-parish-5cabc920,St. William,224 Lexington St,Lancaster,Kentucky,37.62365337,-84.57754313,859-792-4009,http://cdlex.org/parish-finder/?swLat=32.91718317016191&swLng=-90.88370534375&neLat=43.660525458316705&neLng=-78.27140065625#w2gm-listing-15287,2,0,0,False,https://catholicindex.org/mass-times/berea-kentucky,2026-02-21T18:16:49.750073+00:00
us-in-lanesville-st-mary-6966bb95,St. Mary,2500 St Mary Dr,Lanesville,Indiana,38.23702607,-85.98191479,(812) 952-2853,http://www.catholic-community.org/,4,0,0,False,https://catholicindex.org/mass-times/brandenburg-kentucky,2026-02-21T18:17:30.366672+00:00
us-ky-lawrenceburg-st-lawrence-catholic-church-1f761e6d,St Lawrence Catholic Church,120 N Gatewood St,Lawrenceburg,KY,38.0368555,-84.8910471,+1-502-839-6381,https://www.saintlawrencecatholicchurch.org/,13,0,0,False,https://catholicindex.org/mass-times/frankfort-kentucky,2026-02-21T18:22:04.972731+00:00
us-in-lawrenceburg-st-lawrence-18c94d02,St. Lawrence,542 Walnut St,Lawrenceburg,Indiana,39.09699053,-84.85297284,(812) 537-3992,http://www.stlawrencecc.org/,4,0,0,False,https://catholicindex.org/mass-times/bellevue-kentucky,2026-02-21T18:16:43.936647+00:00
us-ky-lawrenceburg-st-lawrence-313d6a3c,St. Lawrence,120 N Gatewood Ave,Lawrenceburg,Kentucky,38.03207544,-84.89737439,(502) 839-6381,https://www.saintlawrencecatholicchurch.org/,15,0,0,False,https://catholicindex.org/mass-times/frankfort-kentucky,2026-02-21T18:22:04.972731+00:00
us-in-lawrenceburg-st-teresa-benedicta-of-the-cross-09006546,St. Teresa Benedicta of the Cross,23455 Gavin Ln (Bright),Lawrenceburg,Indiana,39.21108615,-84.86106455,(812) 537-3992,https://stteresacc.org,2,0,0,False,https://catholicindex.org/mass-times/bellevue-kentucky,2026-02-21T18:16:43.936647+00:00
us-ky-lebanon-holy-name-of-mary-7b70e2c1,Holy Name of Mary,3295 Hwy 208,Lebanon,Kentucky,37.49979501,-85.31371819,(270) 692-6491,http://www.archlou.org/parishes/holy-name-of-mary-parish/,64,0,0,False,https://catholicindex.org/mass-times/bardstown-kentucky,2026-02-21T18:16:13.948301+00:00
us-ky-lebanon-st-augustine-6f3c681b,St. Augustine,235 S Spalding Ave,Lebanon,Kentucky,37.56829071,-85.25132751,(270) 692-3019,http://www.staugustinechurch.net/,10,0,0,False,https://catholicindex.org/mass-times/bardstown-kentucky,2026-02-21T18:16:13.948301+00:00
us-ky-lebanon-st-charles-d8f9df30,St. Charles,675 Hwy 327,Lebanon,Kentucky,37.59495235,-85.34365037,(270) 692-4513,http://www.archlou.org/parishes/saint-charles-parish/,92,0,0,False,https://catholicindex.org/mass-times/bardstown-kentucky,2026-02-21T18:16:13.948301+00:00
us-ky-lebanon-st-charles-catholic-church-7d89e398,St. Charles Catholic Church,675 State Hwy 327,Lebanon,KY,37.5942889,-85.3439472,+1-270-692-4513,https://visitlebanonky.com/locations/st-charles-catholic-church/,0,0,0,False,https://catholicindex.org/mass-times/bardstown-kentucky,2026-02-21T18:16:13.948301+00:00
us-ky-lebanon-junction-st-benedict-rectory-3b95b84f,St Benedict Rectory,227 Oak St,Lebanon Junction,KY,37.835557,-85.7304746,+1-502-543-5918,https://sta-stb.org/,6,0,0,False,https://catholicindex.org/mass-times/bardstown-kentucky,2026-02-21T18:16:13.948301+00:00
us-ky-lebanon-junction-st-benedict-3f448d9a,St. Benedict,211 W Oak St,Lebanon Junction,Kentucky,37.83557153,-85.73046799,(502) 543-5918,http://sta-stb.org/stbenedict/,4,0,0,False,https://catholicindex.org/mass-times/bardstown-kentucky,2026-02-21T18:16:13.948301+00:00
us-ky-leitchfield-st-paul-church-rectory-09a1fb3b,St Paul Church Rectory,1821 St Paul Rd,Leitchfield,KY,37.550749,-86.1922643,+1-270-242-7436,http://saintpaulchurchgrayson.com/,17,0,0,False,https://catholicindex.org/mass-times/cecilia-kentucky,2026-02-21T18:18:39.374960+00:00
us-ky-leitchfield-st-joseph-e053a513,St. Joseph,206 N Main St,Leitchfield,Kentucky,37.48185281,-86.29384021,(270) 259-3028 ,http://stjosephch.org,8,0,0,False,https://catholicindex.org/mass-times/cecilia-kentucky,2026-02-21T18:18:39.374960+00:00
us-ky-leitchfield-st-paul-d8583ac7,St. Paul,1821 St Paul Rd (KY-720),Leitchfield,Kentucky,37.55107873,-86.19289567,(270) 242-7436,http://saintpaulchurchgrayson.com,21,0,0,False,https://catholicindex.org/mass-times/cecilia-kentucky,2026-02-21T18:18:39.374960+00:00
us-in-leopold-st-augustine-f78b6e58,St. Augustine,18020 Lafayette St,Leopold,Indiana,38.1023293,-86.58213155,(812) 843-5143,http://www.archindy.org/parishes/listings/089.html,1,0,0,False,https://catholicindex.org/mass-times/brandenburg-kentucky,2026-02-21T18:17:30.366672+00:00
us-ky-lewisport-st-columba-ec1cecb8,St. Columba,815 Pell St,Lewisport,Kentucky,37.9343075,-86.90757149,(270) 295-3682 or (270) 297-8429,http://icscchurch.org,4,0,0,False,https://catholicindex.org/mass-times/cloverport-kentucky,2026-02-21T18:19:06.375347+00:00
us-ky-lexington-cathedral-of-christ-the-king-2d63fd26,Cathedral of Christ the King,299 Colony Blvd,Lexington,Kentucky,38.02249146,-84.48741484,859-268-2861,http://www.cathedralctk.org,13,0,0,False,https://catholicindex.org/mass-times/frankfort-kentucky,2026-02-21T18:22:04.972731+00:00
us-ky-lexington-holy-spirit-parish-university-of-kentucky-newman-center-b0623e5a,Holy Spirit Parish Catholic Newman Center,320 Rose Ln,Lexington,Kentucky,38.0359825,-84.5003077,859-255-8566,http://www.uknewman.com/,14,0,0,False,https://catholicindex.org/mass-times/frankfort-kentucky,2026-02-21T18:22:04.972731+00:00
us-ky-lexington-mary-queen-of-the-holy-rosary-d17a3eeb,Mary Queen of the Holy Rosary,601 Hill N Dale Rd,Lexington,Kentucky,38.01571056,-84.53772986,(859) 278-7432,http://mqhr.org,14,0,0,False,https://catholicindex.org/mass-times/frankfort-kentucky,2026-02-21T18:22:04.972731+00:00
us-ky-lexington-pax-christi-f399e9a6,Pax Christi,4001 Victoria Way,Lexington,Kentucky,37.97379504,-84.52491461,(859) 273-9999,https://www.paxchristilex.org,11,0,0,False,https://catholicindex.org/mass-times/frankfort-kentucky,2026-02-21T18:22:04.972731+00:00
us-ky-lexington-st-elizabeth-ann-seton-9a63a3d7,St Elizabeth Ann Seton Church,1730 Summerhill Dr,Lexington,Kentucky,37.96711967,-84.46048924,(859) 273-1318,https://setonchurch.com,11,0,0,False,https://catholicindex.org/mass-times/frankfort-kentucky,2026-02-21T18:22:04.972731+00:00
us-ky-lexington-st-paul-catholic-church-9ed4fedc,St. Paul,501 W Short St,Lexington,Kentucky,38.05036485,-84.49984482,(859) 252-0738,http://saintpaul.cdlex.org/,9,0,0,False,https://catholicindex.org/mass-times/frankfort-kentucky,2026-02-21T18:22:04.972731+00:00
us-ky-lexington-st-peter-4fe193ab,St. Peter,145 Barr St,Lexington,Kentucky,38.04686104,-84.49471499,(859) 252-7551,http://www.stpeterlex.org/,8,0,0,False,https://catholicindex.org/mass-times/frankfort-kentucky,2026-02-21T18:22:04.972731+00:00
us-ky-lexington-st-peter-claver-a2a8a094,St. Peter Claver,485 W 4th St,Lexington,Kentucky,38.05625807,-84.49614073,(859) 254-0030,http://cdlex.org/stpeterclaver/,6,0,0,False,https://catholicindex.org/mass-times/frankfort-kentucky,2026-02-21T18:22:04.972731+00:00
us-ky-liberty-sacred-heart-eaf97e27,Sacred Heart,I-Highways 70/127,Liberty,Kentucky,37.31399918,-84.93186951,(606) 787-7570,http://www.archlou.org/parishes/sacred-heart-parish/,85,0,0,False,https://catholicindex.org/mass-times/campbellsville-kentucky,2026-02-21T18:18:16.856205+00:00
us-ky-liberty-sacred-heart-catholic-church-54eebfe6,Sacred Heart Catholic Church,22 Middleburg St,Liberty,KY,37.3145036,-84.932361,+1-606-787-7570,https://www.archlou.org/parishes/sacred-heart-parish/,64,0,0,False,https://catholicindex.org/mass-times/campbellsville-kentucky,2026-02-21T18:18:16.856205+00:00
us-ky-liberty-st-bernard-ca9a087b,St. Bernard,5075 KY 551 Clementsville,Liberty,Kentucky,37.2884469,-85.0961318,(606) 787-7570,http://www.archlou.org/parishes/saint-bernard-clementsville/,12,0,0,False,https://catholicindex.org/mass-times/campbellsville-kentucky,2026-02-21T18:18:16.856205+00:00
us-oh-liberty-township-st-maximilian-kolbe-b4d3d3db,St. Maximilian Kolbe Parish,5720 Hamilton Mason Rd,Liberty Township,Ohio,39.37365,-84.43029,513-777-4322,https://www.saint-max.org,25,0,0,False,https://catholicindex.org/mass-times/bellevue-kentucky,2026-02-21T18:16:43.936647+00:00
us-ky-livermore-st-charles-borromeo-7921b030,St. Charles,506 Hill St,Livermore,Kentucky,37.49091605,-87.13464241,(270) 273-3185 ,http://www.stsebastianandstcharles.com/,6,0,0,False,https://catholicindex.org/mass-times/beaver-dam-kentucky,2026-02-21T18:16:31.808011+00:00
us-ky-london-st-william-roman-catholic-church-37b0c131,"St. William Catholic Church, London",521 W Fifth St,London,Kentucky,37.12686362,-84.08804476,(606) 864-7500,http://stwilliamlondon.com/,0,0,0,False,https://catholicindex.org/mass-times/barbourville-kentucky,2026-02-21T18:16:12.328699+00:00
us-ky-loretto-church-of-the-holy-cross-a2c6e14a,Holy Cross,3560 N St Francis Rd,Loretto,Kentucky,37.6734375,-85.4449375,12708652521,http://www.sf-hc.org,0,0,0,False,https://catholicindex.org/mass-times/bardstown-kentucky,2026-02-21T18:16:13.948301+00:00
us-ky-loretto-holy-cross-cde9b228,Holy Cross,59 New Haven Rd,Loretto,Kentucky,37.6715137,-85.45187447,(270) 865-2521,http://www.sfahc.com/,3,0,0,False,https://catholicindex.org/mass-times/bardstown-kentucky,2026-02-21T18:16:13.948301+00:00
us-ky-loretto-holy-cross-church-988badec,Holy Cross Church,6205 Holy Cross Rd,Loretto,KY,37.6729795,-85.4479706,+1-270-865-2521,http://www.sfahc.com/,3,0,0,False,https://catholicindex.org/mass-times/bardstown-kentucky,2026-02-21T18:16:13.948301+00:00
us-ky-loretto-st-francis-of-assisi-987de63a,St. Francis of Assisi,6785 Hwy 52,Loretto,Kentucky,37.6115,-85.4283,(270) 865-2521,http://www.sfahc.com/,5,0,0,False,https://catholicindex.org/mass-times/bardstown-kentucky,2026-02-21T18:16:13.948301+00:00
us-ky-loretto-st-francis-of-assisi-parish-374de60d,St. Francis of Assisi Parish,6785 KY-52,Loretto,KY,37.6259883,-85.4305705,+1-270-865-2521,http://www.sfahc.com/,4,0,0,False,https://catholicindex.org/mass-times/bardstown-kentucky,2026-02-21T18:16:13.948301+00:00
us-ky-louisa-st-jude-6fe1fcc6,St. Jude,1121 Meadowbrook Ln,Louisa,Kentucky,38.0937746,-82.60171055,(606) 638-3409,https://cdlex.org/stjude,0,0,0,False,https://catholicindex.org/mass-times/louisa-kentucky,2026-02-21T18:26:14.074720+00:00
us-ky-louisville-ascension-2f28396d,Ascension,4600 Lynnbrook Dr,Louisville,Kentucky,38.2330933,-85.61645,(502) 451-3860,http://ascension-parish.com/,7,0,0,False,https://catholicindex.org/mass-times/coxs-creek-kentucky,2026-02-21T18:19:22.939826+00:00
us-ky-louisville-cathedral-of-the-assumption-0b701327,Cathedral of the Assumption,433 S Fifth St,Louisville,Kentucky,38.2518654,-85.75852,(502) 582-2971,http://www.cathedraloftheassumption.org/,11,0,0,False,https://catholicindex.org/mass-times/fairdale-kentucky,2026-02-21T18:21:20.172333+00:00
us-ky-louisville-chapel-of-our-lady-of-the-woods-c99b0781,Chapel of Our Lady of the Woods,Louisville Kentucky 40205,Louisville,Kentucky,38.2163125,-85.7023125,$undefined,https://www.bellarmine.edu/campusministry/chapel/,4,0,0,False,https://catholicindex.org/mass-times/coxs-creek-kentucky,2026-02-21T18:19:22.939826+00:00
us-ky-louisville-christ-the-king-3feb5000,Christ the King,718 S 44th St,Louisville,Kentucky,38.24983338,-85.82521746,(502) 778-5055,https://www.archlou.org/parishes/christ-the-king-louisville/,1,0,0,False,https://catholicindex.org/mass-times/fairdale-kentucky,2026-02-21T18:21:20.172333+00:00
us-ky-louisville-epiphany-190c9ea0,Epiphany,914 Old Harrods Creek Rd,Louisville,Kentucky,38.25953283,-85.55096084,(502) 245-9733,http://epiphanycatholicchurch.org/,9,0,0,False,https://catholicindex.org/mass-times/eminence-kentucky,2026-02-21T18:21:00.580143+00:00
us-ky-louisville-good-shepherd-7c4fc75f,Good Shepherd,3511 Rudd Ave,Louisville,Kentucky,38.2763878,-85.80567796,(502) 749-9780,http://www.goodshepherdchurch.us/,14,0,0,False,https://catholicindex.org/mass-times/fairdale-kentucky,2026-02-21T18:21:20.172333+00:00
us-ky-louisville-guardian-angels-d22c1d78,Guardian Angels,6000 Preston Hwy,Louisville,Kentucky,38.16299445,-85.70206143,(502) 968-5421,http://guardianangelslouisville.org/,7,0,0,False,https://catholicindex.org/mass-times/coxs-creek-kentucky,2026-02-21T18:19:22.939826+00:00
us-ky-louisville-holy-family-55897f80,Holy Family,3938 Poplar Level Rd,Louisville,Kentucky,38.20129375,-85.71095,(502) 459-6066,http://www.holyfamilyky.org/,6,0,0,False,https://catholicindex.org/mass-times/coxs-creek-kentucky,2026-02-21T18:19:22.939826+00:00
us-ky-louisville-holy-name-ae141b48,Holy Name,2914 S Third St,Louisville,Kentucky,38.20663621,-85.76413645,(502) 637-5560,http://www.holynamelouisville.org/,6,0,0,False,https://catholicindex.org/mass-times/fairdale-kentucky,2026-02-21T18:21:20.172333+00:00
us-ky-louisville-holy-spirit-d6bcb407,Holy Spirit,3345 Lexington Rd,Louisville,Kentucky,38.25034746,-85.66866381,(502) 893-3982,http://hspirit.org/,8,0,0,False,https://catholicindex.org/mass-times/fairdale-kentucky,2026-02-21T18:21:20.172333+00:00
us-ky-louisville-holy-spirit-catholic-church-46568b38,Holy Spirit Catholic Church,3345 Lexington Rd,Louisville,KY,38.2505852,-85.667963,+1-502-893-3982,https://www.hspirit.org/,8,0,0,False,https://catholicindex.org/mass-times/fairdale-kentucky,2026-02-21T18:21:20.172333+00:00
us-ky-louisville-holy-transfiguration-8ba2c459,Holy Transfiguration,1010 Schiller Ave,Louisville,Kentucky,38.23508368,-85.73188188,$undefined,http://www.facebook.com/share/19fSxTwAtb/,0,0,0,False,https://catholicindex.org/mass-times/fairdale-kentucky,2026-02-21T18:21:20.172333+00:00
us-ky-louisville-holy-trinity-parish-349044c1,Holy Trinity,501 Cherrywood Rd,Louisville,Kentucky,38.26351856,-85.65281153,(502) 897-5207,http://www.htparish.org/,8,0,0,False,https://catholicindex.org/mass-times/fairdale-kentucky,2026-02-21T18:21:20.172333+00:00
us-ky-louisville-immaculate-heart-of-mary-0c31326b,Immaculate Heart of Mary,1545 Louis Coleman Jr Dr,Louisville,Kentucky,38.23074572,-85.81143778,(502) 774-5772,https://www.archlou.org/,0,0,0,False,https://catholicindex.org/mass-times/fairdale-kentucky,2026-02-21T18:21:20.172333+00:00
us-ky-louisville-incarnation-120d6611,Incarnation,2229 Lower Hunters Trace,Louisville,Kentucky,38.16074224,-85.84868528,(502) 447-2013,http://www.icclou.org/,7,0,0,False,https://catholicindex.org/mass-times/brandenburg-kentucky,2026-02-21T18:17:30.366672+00:00
us-ky-louisville-incarnation-catholic-church-d03c7195,Incarnation Catholic Church,2229 Lower Hunters Trace,Louisville,KY,38.1591902,-85.8496801,+1-502-447-2013,https://www.icclou.org/,7,0,0,False,https://catholicindex.org/mass-times/brandenburg-kentucky,2026-02-21T18:17:30.366672+00:00
us-ky-louisville-mary-queen-of-peace-e4ffcb6a,Mary Queen of Peace,4005 Dixie Hwy,Louisville,Kentucky,38.1915188,-85.8083711,(502) 448-4008,http://www.maryqueenofpeace.net/,6,0,0,False,https://catholicindex.org/mass-times/brandenburg-kentucky,2026-02-21T18:17:30.366672+00:00
us-ky-louisville-most-blessed-sacrament-7f51a604,Most Blessed Sacrament,3509 Taylor Blvd,Louisville,Kentucky,38.19562077,-85.78313753,(502) 361-0149,http://www.archlou.org/parishes/most-blessed-sacrament-parish/,83,0,0,False,https://catholicindex.org/mass-times/brandenburg-kentucky,2026-02-21T18:17:30.366672+00:00
us-ky-louisville-our-lady-and-st-john-at-st-francis-church-ordinariate-of-st-peter-e247fa61,Our Lady and St. John at St. Francis Church (Ordinariate of St. Peter),1960 Bardstown Rd,Louisville,Kentucky,38.22542781,-85.6976159,502.791.6444,http://www.ourladyandstjohn.org/,5,0,0,False,https://catholicindex.org/mass-times/fairdale-kentucky,2026-02-21T18:21:20.172333+00:00
us-ky-louisville-our-lady-of-lourdes-ba043eb7,Our Lady of Lourdes,508 Breckenridge Ln,Louisville,Kentucky,38.24433819,-85.64927132,(502) 896-0241,http://www.ourlourdes.org/,9,0,0,False,https://catholicindex.org/mass-times/fairdale-kentucky,2026-02-21T18:21:20.172333+00:00
us-ky-louisville-our-lady-of-mount-carmel-b1a75754,Our Lady of Mount Carmel,5505 New Cut Rd,Louisville,Kentucky,38.14657492,-85.77391614,(502) 366-5651,http://www.archlou.org/parishes/our-lady-of-mount-carmel-parish/,89,0,0,False,https://catholicindex.org/mass-times/brandenburg-kentucky,2026-02-21T18:17:30.366672+00:00
us-ky-louisville-our-ladys-rosary-makers-bbdab3ef,Our Lady’s Rosary Makers,4611 Poplar Level Rd,Louisville,Kentucky,38.18190887,-85.69610868,(502) 968-1434,http://www.olrm.org/,0,0,0,False,https://catholicindex.org/mass-times/coxs-creek-kentucky,2026-02-21T18:19:22.939826+00:00
us-ky-louisville-our-mother-of-sorrows-pax-christi-parish-8606c21b,Our Mother of Sorrows (Pax Christi Parish),760 Eastern Pkwy,Louisville,Kentucky,38.2130775,-85.74486,(502) 637-7600,http://www.paxchristilou.org/,6,0,0,False,https://catholicindex.org/mass-times/fairdale-kentucky,2026-02-21T18:21:20.172333+00:00
us-ky-louisville-saint-michael-catholic-church-7ef667a1,Saint Michael Catholic Church,3705 Stone Lakes Dr,Louisville,KY,38.1912201,-85.5158603,+1-502-266-5611,https://stmichaelchurch.org/,8,0,0,False,https://catholicindex.org/mass-times/coxs-creek-kentucky,2026-02-21T18:19:22.939826+00:00
us-ky-louisville-saint-teresa-of-calcutta-catholic-church-0c53c70d,Saint Teresa of Calcutta Catholic Church,903 Fairdale Rd,Louisville,KY,38.1111241,-85.7535809,+1-502-363-9929,https://teresaofcalcuttafairdale.weebly.com/,17,0,0,False,https://catholicindex.org/mass-times/brandenburg-kentucky,2026-02-21T18:17:30.366672+00:00
us-ky-louisville-st-frances-of-rome-10c2c8ff,St Frances of Rome Church,2119 Payne St,Louisville,Kentucky,38.25294065,-85.70644052,(502) 896-8401,http://saintfrancesofrome.org/,6,0,0,False,https://catholicindex.org/mass-times/fairdale-kentucky,2026-02-21T18:21:20.172333+00:00
us-ky-louisville-st-ignatius-martyr-efcf5dcc,St Ignatius Martyr,1818 Rangeland Rd,Louisville,Kentucky,38.16415292,-85.6636014,(502) 964-5904,http://www.archlou.org/parishes/saint-ignatius-martyr-parish/,87,0,0,False,https://catholicindex.org/mass-times/coxs-creek-kentucky,2026-02-21T18:19:22.939826+00:00
us-ky-louisville-st-margaret-mary-catholic-church-c8b539b8,St Margaret Mary Catholic Church,7813 Shelbyville Rd,Louisville,KY,38.2501819,-85.6089775,+1-502-426-1588,https://www.stmm.org/,17,0,0,False,https://catholicindex.org/mass-times/eminence-kentucky,2026-02-21T18:21:00.580143+00:00
us-ky-louisville-st-raphael-the-archangel-69bcd668,St Raphael the Archangel,2900 Bardstown Rd,Louisville,Kentucky,38.21603592,-85.67664099,(502) 458-2500,http://www.sraparish.org/,8,0,0,False,https://catholicindex.org/mass-times/coxs-creek-kentucky,2026-02-21T18:19:22.939826+00:00
us-ky-louisville-st-agnes-28fce7dc,St. Agnes,1920 Newburg Rd,Louisville,Kentucky,38.2209951,-85.71087539,(502) 451-2220,http://stagneslouisville.org/,18,0,0,False,https://catholicindex.org/mass-times/fairdale-kentucky,2026-02-21T18:21:20.172333+00:00
us-ky-louisville-st-albert-the-great-640d3e07,St. Albert the Great,1395 Girard Dr,Louisville,Kentucky,38.2710838,-85.62083,(502) 425-3940,http://www.stalbert.org/,21,0,0,False,https://catholicindex.org/mass-times/fairdale-kentucky,2026-02-21T18:21:20.172333+00:00
us-ky-louisville-st-albert-the-great-church-1c6d6762,St. Albert the Great Church,1395 Girard Dr,Louisville,KY,38.2710854,-85.6208233,+1-502-425-3940,https://www.stalbert.org/,12,0,0,False,https://catholicindex.org/mass-times/fairdale-kentucky,2026-02-21T18:21:20.172333+00:00
us-ky-louisville-st-athanasius-2330dd3f,St. Athanasius,5915 Outer Loop,Louisville,Kentucky,38.1394157,-85.65167,(502) 969-3332,http://www.saintathanasiuslouisville.com/,21,0,0,False,https://catholicindex.org/mass-times/coxs-creek-kentucky,2026-02-21T18:19:22.939826+00:00
us-ky-louisville-st-augustine-02d39ed3,St. Augustine,1310 W Broadway,Louisville,Kentucky,38.24757679,-85.77372217,(502) 584-4602,http://www.archlou.org/parishes/saint-augustine-louisville/,90,0,0,False,https://catholicindex.org/mass-times/fairdale-kentucky,2026-02-21T18:21:20.172333+00:00
us-ky-louisville-church-of-st-barnabas-8ec7c561,St. Barnabas,3042 Hikes Ln,Louisville,Kentucky,38.2119375,-85.6384375,15024594251,http://www.stbarnabaslou.org,0,0,0,False,https://catholicindex.org/mass-times/coxs-creek-kentucky,2026-02-21T18:19:22.939826+00:00
us-ky-louisville-st-bartholomew-128e9e50,St. Bartholomew,2040 Buechel Bank Rd,Louisville,Kentucky,38.18550778,-85.64745542,(502) 499-0883,http://www.saintbarths.org/,7,0,0,False,https://catholicindex.org/mass-times/coxs-creek-kentucky,2026-02-21T18:19:22.939826+00:00
us-ky-louisville-st-bernard-414cd0fb,St. Bernard,7500 Tangelo Dr,Louisville,Kentucky,38.14718952,-85.62172752,(502) 239-5178,http://www.archlou.org/parishes/saint-bernard-louisville/,66,0,0,False,https://catholicindex.org/mass-times/coxs-creek-kentucky,2026-02-21T18:19:22.939826+00:00
us-ky-louisville-st-boniface-b4c8f94c,St. Boniface,531 E Liberty St,Louisville,Kentucky,38.25107795,-85.74321154,(502) 584-4279,http://www.stbonifaceparish.com/,2,0,0,False,https://catholicindex.org/mass-times/fairdale-kentucky,2026-02-21T18:21:20.172333+00:00
us-ky-louisville-st-brigid-45242b55,St. Brigid,1520 Hepburn Ave,Louisville,Kentucky,38.2387927,-85.72362646,(502) 584-5565,http://www.sbsjlou.org/,12,0,0,False,https://catholicindex.org/mass-times/fairdale-kentucky,2026-02-21T18:21:20.172333+00:00
us-ky-louisville-st-edward-a223a270,St. Edward,9608 Sue Helen Dr,Louisville,Kentucky,38.19433,-85.58012,(502) 267-7494,http://stedwardchurch.com/,8,0,0,False,https://catholicindex.org/mass-times/coxs-creek-kentucky,2026-02-21T18:19:22.939826+00:00
us-ky-louisville-st-elizabeth-ann-seton-201b798c,St. Elizabeth Ann Seton,11501 Maple Way,Louisville,Kentucky,38.09762,-85.65983,(502) 969-0004,http://www.easeton.com/,8,0,0,False,https://catholicindex.org/mass-times/bardstown-kentucky,2026-02-21T18:16:13.948301+00:00
us-ky-louisville-st-elizabeth-of-hungary-pax-christi-parish-97b3c7c2,St. Elizabeth of Hungary (Pax Christi Parish),1020 E Burnett Ave,Louisville,Kentucky,38.22290088,-85.73958773,(502) 637-7600,http://www.paxchristilou.org/,2,0,0,False,https://catholicindex.org/mass-times/fairdale-kentucky,2026-02-21T18:21:20.172333+00:00
us-ky-louisville-st-francis-of-assisi-7b4f50f6,St. Francis of Assisi,1960 Bardstown Rd,Louisville,Kentucky,38.22541361,-85.69756066,(502) 456-6394,http://www.archlou.org/parishes/saint-francis-of-assisi-louisville/,0,0,0,False,https://catholicindex.org/mass-times/fairdale-kentucky,2026-02-21T18:21:20.172333+00:00
us-ky-louisville-st-gabriel-the-archangel-c0068e73,St. Gabriel the Archangel,5505 Bardstown Rd,Louisville,Kentucky,38.16711522,-85.59933642,(502) 239-5481,http://www.stgabriel.net/,0,0,0,False,https://catholicindex.org/mass-times/coxs-creek-kentucky,2026-02-21T18:19:22.939826+00:00
us-ky-louisville-st-james-6eb47b80,St. James,1826 Edenside Ave,Louisville,Kentucky,38.23240255,-85.71078092,(502) 451-1420,http://www.sbsjlou.org/,4,0,0,False,https://catholicindex.org/mass-times/fairdale-kentucky,2026-02-21T18:21:20.172333+00:00
us-ky-louisville-saint-john-paul-ii-9233ddd9,St. John Paul II ,3539 Goldsmith Ln,Louisville,Kentucky,38.2082439,-85.6518508,(502) 459-4251,http://stjpiiparish.com/,7,0,0,False,https://catholicindex.org/mass-times/coxs-creek-kentucky,2026-02-21T18:19:22.939826+00:00
us-ky-louisville-st-john-vianney-737b050f,St. John Vianney,4839 Southside Dr,Louisville,Kentucky,38.17717624,-85.76317919,(502) 366-5517,http://sjvlou.org/worship/,20,0,0,False,https://catholicindex.org/mass-times/coxs-creek-kentucky,2026-02-21T18:19:22.939826+00:00
us-ky-louisville-st-joseph-df56713b,St. Joseph,1406 E Washington St,Louisville,Kentucky,38.25764615,-85.7265686,(502) 583-7401,http://www.sjosephcatholic.org/,9,0,0,False,https://catholicindex.org/mass-times/fairdale-kentucky,2026-02-21T18:21:20.172333+00:00
us-ky-louisville-st-lawrence-bd167c53,St. Lawrence,1925 Lewiston Dr,Louisville,Kentucky,38.17371869,-85.83091594,(502) 448-2122,http://stl-lawrence.org/,7,0,0,False,https://catholicindex.org/mass-times/brandenburg-kentucky,2026-02-21T18:17:30.366672+00:00
us-ky-louisville-st-leonard-234514c5,St. Leonard,440 Zorn Ave,Louisville,Kentucky,38.26413579,-85.68932185,(502) 897-2595,http://www.stleonardlouisville.org/,0,0,0,False,https://catholicindex.org/mass-times/fairdale-kentucky,2026-02-21T18:21:20.172333+00:00
us-ky-louisville-st-louis-bertrand-643f5288,St. Louis Bertrand,1104 S 6th St,Louisville,Kentucky,38.23692855,-85.76370935,(502) 583-4448,http://www.stlb.org/,18,0,0,False,https://catholicindex.org/mass-times/fairdale-kentucky,2026-02-21T18:21:20.172333+00:00
us-ky-louisville-st-luke-0a71aced,St. Luke,4211 Jim Hawkins Dr,Louisville,Kentucky,38.10543327,-85.68588111,(502) 969-3291,http://www.stlukelouisville.org/,4,0,0,False,https://catholicindex.org/mass-times/bardstown-kentucky,2026-02-21T18:16:13.948301+00:00
us-ky-louisville-st-margaret-mary-bb426232,St. Margaret Mary,7813 Shelbyville Rd,Louisville,Kentucky,38.2492754,-85.61012416,(502) 426-1588,http://stmm.org/,17,0,0,False,https://catholicindex.org/mass-times/eminence-kentucky,2026-02-21T18:21:00.580143+00:00
us-ky-louisville-st-martha-b6c57d91,St. Martha,2825 Klondike Ln,Louisville,Kentucky,38.20292183,-85.64167857,(502) 491-8535,http://www.stmarthalouisville.org/,13,0,0,False,https://catholicindex.org/mass-times/coxs-creek-kentucky,2026-02-21T18:19:22.939826+00:00
us-ky-louisville-st-martin-de-porres-a80b9b21,St. Martin de Porres Parish,3112 W Broadway,Louisville,Kentucky,38.2495849,-85.80583066,(502) 778-1118,http://www.stmartindeporrescatholic.org/,6,0,0,False,https://catholicindex.org/mass-times/fairdale-kentucky,2026-02-21T18:21:20.172333+00:00
us-ky-louisville-the-shrine-of-st-martin-of-tours-f40c17a9,St. Martin of Tours,639 S Shelby St,Louisville,Kentucky,38.245472,-85.738648,(502) 582-2827,http://www.stmartinoftourslouisville.org/,11,0,0,False,https://catholicindex.org/mass-times/fairdale-kentucky,2026-02-21T18:21:20.172333+00:00
us-ky-louisville-st-michael-29ff7cb1,St. Michael,3705 Stone Lakes Dr,Louisville,Kentucky,38.18776397,-85.51581166,(502) 266-5611,http://stmichaelchurch.org/,8,0,0,False,https://catholicindex.org/mass-times/coxs-creek-kentucky,2026-02-21T18:19:22.939826+00:00
us-ky-louisville-st-patrick-932d13b5,St. Patrick,1000 N Beckley Station Rd,Louisville,Kentucky,38.25176213,-85.47812672,(502) 244-6083,http://stpatlou.org/,11,0,0,False,https://catholicindex.org/mass-times/eminence-kentucky,2026-02-21T18:21:00.580143+00:00
us-ky-louisville-st-paul-c3110956,St. Paul,6901 Dixie Hwy,Louisville,Kentucky,38.14961533,-85.83634379,(502) 935-1223,http://www.stpaulparishlouisvilleky.org/,4,0,0,False,https://catholicindex.org/mass-times/brandenburg-kentucky,2026-02-21T18:17:30.366672+00:00
us-ky-louisville-st-peter-the-apostle-6fe79968,St. Peter the Apostle,5431 Johnsontown Rd,Louisville,Kentucky,38.12225414,-85.86935959,(502) 937-5920,http://www.saintpeterapostle.org/,7,0,0,False,https://catholicindex.org/mass-times/brandenburg-kentucky,2026-02-21T18:17:30.366672+00:00
us-ky-louisville-church-of-st-pius-x-7ba443a1,St. Pius X,3521 Goldsmith Ln,Louisville,Kentucky,38.2090625,-85.6519375,15024519300,http://www.piusx.com,0,0,0,False,https://catholicindex.org/mass-times/coxs-creek-kentucky,2026-02-21T18:19:22.939826+00:00
us-ky-louisville-st-rita-670c8c9c,St. Rita,8709 Preston Hwy,Louisville,Kentucky,38.12580338,-85.67918699,(502) 969-4579,http://www.saintrita.net/,6,0,0,False,https://catholicindex.org/mass-times/coxs-creek-kentucky,2026-02-21T18:19:22.939826+00:00
us-ky-louisville-st-stephen-martyr-2e02eb98,St. Stephen Martyr,2931 Pindell Ave,Louisville,Kentucky,38.20955243,-85.72940444,(502) 635-5813,http://ssmartyr.org/,9,0,0,False,https://catholicindex.org/mass-times/fairdale-kentucky,2026-02-21T18:21:20.172333+00:00
us-ky-louisville-st-thomas-more-bc0ddc86,St. Thomas More,6105 S.Third St,Louisville,Kentucky,38.16725101,-85.76876649,(502) 366-1463,http://www.archlou.org/parishes/saint-thomas-more-parish/,63,0,0,False,https://catholicindex.org/mass-times/brandenburg-kentucky,2026-02-21T18:17:30.366672+00:00
us-ky-louisville-st-william-a918e3f6,St. William,1226 W Oak St,Louisville,Kentucky,38.23634033,-85.77421249,(502) 635-6307,http://www.stwilliamchurch.org/,0,0,0,False,https://catholicindex.org/mass-times/fairdale-kentucky,2026-02-21T18:21:20.172333+00:00
us-ky-louisville-saints-simon-jude-af5cbb68,Sts. Simon and Jude,4335 Hazelwood Ave,Louisville,Kentucky,38.17879,-85.78886,(502) 368-4887,http://stssimonandjudechurch.com/,6,0,0,False,https://catholicindex.org/mass-times/brandenburg-kentucky,2026-02-21T18:17:30.366672+00:00
us-ky-louisville-uofl-catholic-campus-ministry-2700aa20,UofL Catholic Campus Ministry,2301 S 3rd St,Louisville,KY,38.2173933,-85.7579298,+1-502-852-6598,https://uoflcatholic.org/,2,0,0,False,https://catholicindex.org/mass-times/fairdale-kentucky,2026-02-21T18:21:20.172333+00:00
us-ky-louisville-ursuline-motherhouse-chapel-fcd97287,Ursuline Motherhouse Chapel,Louisville Kentucky 40206,Louisville,Kentucky,38.2495625,-85.6749375,$undefined,https://ursulinesisterslouisville.org/,7,0,0,False,https://catholicindex.org/mass-times/fairdale-kentucky,2026-02-21T18:21:20.172333+00:00
us-oh-loveland-st-columban-575732ab,St. Columban,894 Oakland Rd,Loveland,Ohio,39.2592163,-84.24683,(513) 683-0105,https://www.stcolumban.org,8,0,0,False,https://catholicindex.org/mass-times/alexandria-kentucky,2026-02-21T18:15:36.464134+00:00
us-oh-loveland-st-margaret-of-york-5af75b15,St. Margaret of York Church,9499 Columbia Rd,Loveland,Ohio,39.29682636,-84.28173223,(513) 697-3100,https://www.smoy.org,9,0,0,False,https://catholicindex.org/mass-times/alexandria-kentucky,2026-02-21T18:15:36.464134+00:00
us-ky-ludlow-sts-boniface-and-james-00e0126e,Sts. Boniface and James,304 Oak St,Ludlow,Kentucky,39.09288001,-84.54859483,(859)  261-0478,http://www.bonifaceandjames.org/,7,0,0,False,https://catholicindex.org/mass-times/alexandria-kentucky,2026-02-21T18:15:36.464134+00:00
us-ky-lynch-church-of-the-resurrection-0fab6362,Resurrection,200 Church St,Lynch,Kentucky,36.9755625,-82.9883125,16065895616,https://www.cdlex.org/index.cfm?load=org&org=75,0,0,0,False,https://catholicindex.org/mass-times/cumberland-kentucky,2026-02-21T18:19:39.355803+00:00
us-ky-lynch-resurrection-401661c9,Resurrection,200 Church St,Lynch,Kentucky,36.96427257,-82.90782135,606-589-5616,http://cdlex.org/parish-finder/?swLat=29.189591379349338&swLng=-93.90822882682902&neLat=45.59791114782358&neLng=-72.06740851432903,1,0,0,False,https://catholicindex.org/mass-times/cumberland-kentucky,2026-02-21T18:19:39.355803+00:00
us-in-madison-prince-of-peace-church-8e42efe1,Prince of Peace,413 E 2nd St,Madison,Indiana,38.73525137,-85.37486047,(812) 265-4166,http://www.popeace.org/,8,0,0,False,https://catholicindex.org/mass-times/carrollton-kentucky,2026-02-21T18:18:31.846265+00:00
us-in-madison-st-patrick-chapel-2096c09e,St. Patrick Chapel,301 W State St,Madison,Indiana,38.75818953,-85.39219304,(812) 265-4166,http://popeace.org,3,0,0,False,https://catholicindex.org/mass-times/carrollton-kentucky,2026-02-21T18:18:31.846265+00:00
us-ky-madisonville-christ-the-king-fae5d6ae,Christ the King,1600 Kingsway Dr,Madisonville,Kentucky,37.3682022,-87.49053,(270) 821-5494,http://www.ctkmadisonville.org/,9,0,0,False,https://catholicindex.org/mass-times/calhoun-kentucky,2026-02-21T18:18:09.437503+00:00
us-wv-man-st-edmund-chapel-36ef8552,St. Edmund,106 N Bridge St,Man,West Virginia,37.73932394,-81.87849714,(304) 583-2476,http://dwc.org/directory-listing/man-st-edmund-chapel/2089/,2,0,0,False,https://catholicindex.org/mass-times/phelps-kentucky,2026-02-21T18:29:30.682065+00:00
us-ky-manchester-st-ann-64311dc8,St. Ann,222 Town Branch Rd,Manchester,Kentucky,37.14968171,-83.77080556,(606) 864-7500,http://stwilliamlondon.com/saint-ann,0,0,0,False,https://catholicindex.org/mass-times/barbourville-kentucky,2026-02-21T18:16:12.328699+00:00
us-ky-manton-holy-rosary-9b7ed077,Holy Rosary,6964 Cissellville Rd,Manton,Kentucky,37.76049711,-85.35149064,(859) 284-5242,http://www.holyrosarymanton.org/,3,0,0,False,https://catholicindex.org/mass-times/bardstown-kentucky,2026-02-21T18:16:13.948301+00:00
us-ky-manton-mission-of-the-holy-rosary-3f50c836,Mission of the Holy Rosary,6964 Cissellville Rd,Manton,Kentucky,37.7136875,-85.3875625,18592845242,https://www.archlou.org/parishes/holy-rosary-manton/,89,0,0,False,https://catholicindex.org/mass-times/bardstown-kentucky,2026-02-21T18:16:13.948301+00:00
us-ky-maple-mount-ursuline-sisters-of-mount-st-joseph-motherhouse-chapel-bf1e0c81,Ursuline Sisters of Mount St. Joseph Motherhouse Chapel,8001 Cummings Rd,Maple Mount,Kentucky,37.6930625,-87.3238125,12702294103,https://ursulinesmsj.org/,6,0,0,False,https://catholicindex.org/mass-times/calhoun-kentucky,2026-02-21T18:18:09.437503+00:00
us-in-marengo-church-of-st-joseph-168ad833,St. Joseph,66,Marengo,Indiana,38.36625,-86.34375,18123472326,https://www.archindy.org/parishes/listings/128.html,1,0,0,False,https://catholicindex.org/mass-times/payneville-kentucky,2026-02-21T18:29:18.931216+00:00
us-in-marengo-st-joseph-mission-tri-parish-community-ce29bad2,St. Joseph Mission (Tri-Parish Community),341 S State Rd 66,Marengo,Indiana,38.33213014,-86.35488254,(812) 364-6646 or (812) 347-2326,http://www.saintmichaelschurch.net,2,0,0,False,https://catholicindex.org/mass-times/payneville-kentucky,2026-02-21T18:29:18.931216+00:00
us-ky-marion-st-william-of-vercelli-66f58ea5,St. William of Vercelli,860 S Main St,Marion,Kentucky,37.318721,-88.08298517,(270) 965-2477 ,https://www.owensborodiocese.org/listing/saint-william-of-vercelli-parish/,0,0,0,False,https://catholicindex.org/mass-times/calvert-city-kentucky,2026-02-21T18:18:12.321226+00:00
us-tn-martin-st-jude-the-apostle-2a2c1e6a,St. Jude,435 Moody Ave,Martin,Tennessee,36.33617675,-88.86078522,(731) 587-9777,http://www.stjudemartin.org/,4,0,0,False,https://catholicindex.org/mass-times/clinton-kentucky,2026-02-21T18:19:03.350196+00:00
us-oh-mason-st-susanna-0d2f8f6f,St. Susanna,616 Reading Rd,Mason,Ohio,39.35339456,-84.317214,(513) 398-3821,https://www.stsusanna.org,11,0,0,False,https://catholicindex.org/mass-times/bellevue-kentucky,2026-02-21T18:16:43.936647+00:00
us-ky-mayfield-st-joseph-60de1545,St. Joseph,702 W Broadway,Mayfield,Kentucky,36.74153142,-88.64417758,(270) 247-2843,http://www.stjosephmayfield.com,7,0,0,False,https://catholicindex.org/mass-times/bardwell-kentucky,2026-02-21T18:16:15.296626+00:00
us-tn-maynardville-mission-of-st-teresa-of-calcutta-b4226dd2,Mission of St. Teresa of Calcutta,4365 Hwy,Maynardville,Tennessee,36.2543125,-83.7938125,18659927222,http://blessedteresacatholic.org,0,0,0,False,https://catholicindex.org/mass-times/middlesboro-kentucky,2026-02-21T18:27:29.115500+00:00
us-ky-mays-lick-st-rose-of-lima-46dec562,St. Rose of Lima,5011 Raymond Rd,Mays Lick,Kentucky,38.51787804,-83.84029066,(606) 849-9415,www.stcharlesandstrose.com,0,0,0,False,https://catholicindex.org/mass-times/augusta-kentucky,2026-02-21T18:16:01.998808+00:00
us-ky-maysville-st-patrick-church-8c00b12f,St. Patrick Church,110 E 3rd St,Maysville,Kentucky,38.64521728,-83.76359721,(606)564-9015,http://www.stpatmaysville.com,28,0,0,False,https://catholicindex.org/mass-times/augusta-kentucky,2026-02-21T18:16:01.998808+00:00
us-ky-mckee-st-paul-catholic-mission-0d13fd62,St. Paul Catholic Mission,469 N Main St,McKee,Kentucky,37.42947473,-84.00416027,606-287-7601,http://stpaulmckee.com/,1,0,0,False,https://catholicindex.org/mass-times/beattyville-kentucky,2026-02-21T18:16:25.745040+00:00
us-ky-mcquady-church-of-st-mary-of-the-woods-9f9b268a,St. Mary of the Woods,4711 Hwy 105 S,McQuady,Kentucky,37.7074375,-86.5181875,12707562093,https://stanthonystmary.org/st-mary-of-the-woods,3,0,0,False,https://catholicindex.org/mass-times/clarkson-kentucky,2026-02-21T18:18:51.319895+00:00
us-ky-mcquady-st-mary-of-the-woods-6af47aea,St. Mary of the Woods,4711 Hwy 105 ,McQuady,Kentucky,37.71195068,-86.52093925,(270) 257-2132,http://stanthonystmary.org,3,0,0,False,https://catholicindex.org/mass-times/clarkson-kentucky,2026-02-21T18:18:51.319895+00:00
us-ky-mcroberts-church-of-the-holy-angels-83d8eccc,Holy Angels,McRoberts Kentucky 41835,McRoberts,Kentucky,37.2033125,-82.6803125,$undefined,http://jenkins.cdlex.org,0,0,0,False,https://catholicindex.org/mass-times/cumberland-kentucky,2026-02-21T18:19:39.355803+00:00
us-ky-melbourne-st-philip-46ca6fc3,St. Philip,1402 Mary Ingles Hwy,Melbourne,Kentucky,39.02924579,-84.36148562,(859) 441-8949,https://www.stphilipky.org/,6,0,0,False,https://catholicindex.org/mass-times/alexandria-kentucky,2026-02-21T18:15:36.464134+00:00
us-il-metropolis-st-rose-of-lima-c2392dfc,St. Rose of Lima,315 E 3rd St,Metropolis,Illinois,37.146765,-88.72974408,(618) 524-8202 or (618) 524-9006 (Fr. Michael),http://strosemetropolis.com/,7,0,0,False,https://catholicindex.org/mass-times/bardwell-kentucky,2026-02-21T18:16:15.296626+00:00
us-ky-middlesboro-st-julian-c2f4e089,St. Julian,118 E Chester Ave,Middlesboro,Kentucky,36.60583911,-83.71327354,(606) 248-2068,http://www.stjuliancatholicchurch.com/,6,0,0,False,https://catholicindex.org/mass-times/barbourville-kentucky,2026-02-21T18:16:12.328699+00:00
us-in-milan-st-charles-borromeo-3fe36477,St. Charles Borromeo,213 Ripley St,Milan,Indiana,39.12560453,-85.1328415,(812) 654-7051 ,http://stcharlesmilan.com/,3,0,0,False,https://catholicindex.org/mass-times/burlington-kentucky,2026-02-21T18:17:57.495377+00:00
us-oh-milford-st-andrew-9e369894,St. Andrew,552 Main St,Milford,Ohio,39.17666853,-84.2903356,(513) 831-3353,https://www.saintmarymagdalene.org,0,0,0,False,https://catholicindex.org/mass-times/alexandria-kentucky,2026-02-21T18:15:36.464134+00:00
us-oh-milford-st-elizabeth-ann-seton-2ccdf74b,St. Elizabeth Ann Seton,5890 Buckwheat Rd,Milford,Ohio,39.1917649,-84.21851412,(513) 575-0119,https://www.saintmarymagdalene.org,0,0,0,False,https://catholicindex.org/mass-times/alexandria-kentucky,2026-02-21T18:15:36.464134+00:00
us-ky-minerva-st-james-mission-c3723219,St. James Mission,3221 Dover Minerva Rd,Minerva,Kentucky,38.7058131,-83.9183611,(606) 564-9015,http://stpatmaysville.com/,3,0,0,False,https://catholicindex.org/mass-times/augusta-kentucky,2026-02-21T18:16:01.998808+00:00
us-oh-monroe-our-lady-of-sorrows-c7d80ad6,Our Lady of Sorrows,330 Lebanon St,Monroe,Ohio,39.44049727,-84.35763317,(513) 539-8061,http://www.olosmonroe.com/,6,0,0,False,https://catholicindex.org/mass-times/bellevue-kentucky,2026-02-21T18:16:43.936647+00:00
us-ky-monticello-st-peter-9cfa4e2a,St. Peter,1139 Old Hwy 90,Monticello,Kentucky,36.86540059,-84.82693852,(606) 348-9416,https://cdlex.org/st-peter-in-monticello/,6,0,0,False,https://catholicindex.org/mass-times/albany-kentucky,2026-02-21T18:15:34.930828+00:00
us-ky-morehead-jesus-our-savior-def878ed,Jesus Our Savior,315 Battson-Oates Dr,Morehead,Kentucky,38.1851533,-83.43654807,(606) 784-4392 ,http://cdlex.org/jesus-our-savior-parish/,4,0,0,False,https://catholicindex.org/mass-times/flemingsburg-kentucky,2026-02-21T18:21:46.877632+00:00
us-ky-morganfield-sacred-heart-fdf696c3,Sacred Heart,647 Hwy 141 N (Waverly),Morganfield,Kentucky,37.7081921,-87.84510342,(270) 389-4224,https://www.owensborodiocese.org/parishes/sacred-heart/,0,0,0,False,https://catholicindex.org/mass-times/henderson-kentucky,2026-02-21T18:23:52.983333+00:00
us-ky-morganfield-st-ambrose-d90908b8,St. Ambrose,5194 KY-270 W (Henshaw),Morganfield,Kentucky,37.60886854,-88.03108749,(270) 333-1832 ,http://www.facebook.com/stambrose1832/,0,0,0,False,https://catholicindex.org/mass-times/marion-kentucky,2026-02-21T18:26:47.092427+00:00
us-ky-morganfield-st-ann-886c87e9,St. Ann,304 S Church St,Morganfield,Kentucky,37.68264221,-87.92140888,(270) 389-2287,http://www.facebook.com/St-Ann-Roman-Catholic-Church-1641432926091702/,0,0,0,False,https://catholicindex.org/mass-times/henderson-kentucky,2026-02-21T18:23:52.983333+00:00
us-ky-morgantown-holy-trinity-44a1f7d1,Holy Trinity,766 Logansport Rd,Morgantown,Kentucky,37.23181282,-86.69484432,(270) 274-3414,http://owensborodiocese.org/listing/holy-trinity-parish/,0,0,0,False,https://catholicindex.org/mass-times/auburn-kentucky,2026-02-21T18:16:00.292780+00:00
us-ky-morning-view-st-matthew-584c51b2,St. Matthew,13782 Decoursey Pike,Morning View,Kentucky,38.87591114,-84.45322526,(859) 356-6530,http://www.stmatthewskenton.org,7,0,0,False,https://catholicindex.org/mass-times/alexandria-kentucky,2026-02-21T18:15:36.464134+00:00
us-oh-morrow-st-philip-the-apostle-a8dec734,St. Philip the Apostle,944 US Hwy 22 and 3,Morrow,Ohio,39.35022734,-84.19880819,(513) 899-3601,https://www.olohparishfamily.org,9,0,0,False,https://catholicindex.org/mass-times/bellevue-kentucky,2026-02-21T18:16:43.936647+00:00
us-oh-mount-healthy-church-of-the-assumption-aa8cdb14,Assumption,7711 Joseph St,Mount Healthy,Ohio,39.23403571,-84.54357684,(513) 521-7274,http://ourladyofdivineprovidence.church/assumption,4,0,0,False,https://catholicindex.org/mass-times/alexandria-kentucky,2026-02-21T18:15:36.464134+00:00
us-oh-mount-orab-st-michael-04809135,St. Michael,220 S High St,Mount Orab,Ohio,39.02460216,-83.92251892,(513) 875-5020,https://www.ohiocatholic.org,3,0,0,False,https://catholicindex.org/mass-times/augusta-kentucky,2026-02-21T18:16:01.998808+00:00
us-oh-mount-st-joseph-motherhouse-of-sisters-of-charity-of-cincinnati-4482ed85,Motherhouse of Sisters of Charity of Cincinnati,5900 Delhi Ave,Mount St. Joseph,Ohio,39.0971875,-84.6456875,15133475200,https://www.srcharitycinti.org/,4,0,0,False,https://catholicindex.org/mass-times/alexandria-kentucky,2026-02-21T18:15:36.464134+00:00
us-ky-mount-sterling-st-patrick-catholic-church-fda6d0a5,St Patrick Catholic Church,139 W Main St,Mount Sterling,Kentucky,38.05604207,-83.94473615,859-498-0300,http://www.stpatrickmtsterling.com/,3,0,0,False,https://catholicindex.org/mass-times/carlisle-kentucky,2026-02-21T18:18:28.739607+00:00
us-ky-mount-vernon-our-lady-of-mount-vernon-a87aeeb8,Our Lady of Mt Vernon,55 Crawford Ln ,Mount Vernon,Kentucky,37.35950493,-84.34200597,606/256-4170,http://cdlex.org/our-lady-of-mount-vernon/,1,0,0,False,https://catholicindex.org/mass-times/berea-kentucky,2026-02-21T18:16:49.750073+00:00
us-in-mount-vernon-saint-matthew-864559df,St. Matthew,421 Mulberry St,Mount Vernon,Indiana,37.9332712,-87.89365545,(812) 838-2535,http://www.stmatthewparish.us/,18,0,0,False,https://catholicindex.org/mass-times/henderson-kentucky,2026-02-21T18:23:52.983333+00:00
us-in-mount-vernon-saint-philip-the-apostle-0d902301,St. Philip the Apostle,3500 St Philip Rd S,Mount Vernon,Indiana,37.98645693,-87.71642876,(812) 985-2275,http://www.saintphilipchurch.net/,20,0,0,False,https://catholicindex.org/mass-times/henderson-kentucky,2026-02-21T18:23:52.983333+00:00
us-ky-mount-washington-st-francis-xavier-3a031b82,St. Francis Xavier,155 Stringer Ln,Mount Washington,Kentucky,38.0408121,-85.5459835,(502) 538-4933,http://sfxmw.com/,9,0,0,False,https://catholicindex.org/mass-times/bardstown-kentucky,2026-02-21T18:16:13.948301+00:00
us-in-mt-st-francis-mount-saint-francis-center-for-spirituality-cea180a1,Mount St. Francis Center for Spirituality,101 St Anthony Dr,Mt St Francis,Indiana,38.33635575,-85.90409317,812-923-8817,http://mountsaintfrancis.org/,9,0,0,False,https://catholicindex.org/mass-times/fairdale-kentucky,2026-02-21T18:21:20.172333+00:00
us-ky-mt-washington-st-francis-xavier-catholic-church-ca502062,St. Francis Xavier Catholic Church,155 Stringer Ln,Mt Washington,KY,38.0425312,-85.5486684,+1-502-538-4933,https://sfxmw.com/,9,0,0,False,https://catholicindex.org/mass-times/bardstown-kentucky,2026-02-21T18:16:13.948301+00:00
us-ky-murray-newman-center-of-murray-state-university-e936e73b,Newman Center of Murray State University,401 N 12th St,Murray,Kentucky,36.6156875,-88.3153125,12707533876,http://www.msunewmanhouse.com,0,0,0,False,https://catholicindex.org/mass-times/hardin-kentucky,2026-02-21T18:23:24.520897+00:00
us-ky-murray-st-leo-59ec456d,St. Leo,401 N 12th St,Murray,Kentucky,36.61572001,-88.31579488,(270) 753-3876,http://www.stleoky.org/,0,0,0,False,https://catholicindex.org/mass-times/hardin-kentucky,2026-02-21T18:23:24.520897+00:00
us-in-navilleton-st-mary-of-the-annunciation-f9fef6ec,St. Mary of the Annunciation,7500 Navilleton Rd,Navilleton,Indiana,38.3821925,-85.93837995,(812) 923-5419,http://www.stmarysnavilleton.com/,6,0,0,False,https://catholicindex.org/mass-times/fairdale-kentucky,2026-02-21T18:21:20.172333+00:00
us-in-new-albany-holy-family-3871873b,Holy Family,129 W Daisy Ln,New Albany,Indiana,38.30959159,-85.83871548,(812) 944-8283,https://holyfamilynewalbany.org,8,0,0,False,https://catholicindex.org/mass-times/fairdale-kentucky,2026-02-21T18:21:20.172333+00:00
us-in-new-albany-our-lady-of-perpetual-help-5b5761ed,Our Lady of Perpetual Help,1752 Scheller Ln,New Albany,Indiana,38.32010125,-85.80861303,(812) 944-1184,https://olphna.org,7,0,0,False,https://catholicindex.org/mass-times/fairdale-kentucky,2026-02-21T18:21:20.172333+00:00
us-in-new-albany-st-mary-of-the-annunciation-293afcaa,St. Mary,415 E Eighth St,New Albany,Indiana,38.28835404,-85.81616749,(812) 944-0417,http://www.stmarysna.org,8,0,0,False,https://catholicindex.org/mass-times/fairdale-kentucky,2026-02-21T18:21:20.172333+00:00
us-in-new-boston-church-of-st-john-chrysostom-00f92bde,St. John Chrysostom,New Boston Indiana 47588,New Boston,Indiana,38.0571875,-86.8089375,18126600909,$undefined,0,0,0,False,https://catholicindex.org/mass-times/cloverport-kentucky,2026-02-21T18:19:06.375347+00:00
us-oh-new-boston-church-of-st-monica-7b2e9aae,St. Monica,4252 Pine St,New Boston,Ohio,38.7563125,-82.9318125,17404565154,https://www.saintmonicachurch.net/,8,0,0,False,https://catholicindex.org/mass-times/ashland-kentucky,2026-02-21T18:15:57.348804+00:00
us-in-new-harmony-church-of-the-holy-angels-b6161fdc,Holy Angels,805 Main St,New Harmony,Indiana,38.1273125,-87.9351875,18128382535,$undefined,0,0,0,False,https://catholicindex.org/mass-times/uniontown-kentucky,2026-02-21T18:33:36.792831+00:00
us-ky-new-haven-st-catherine-of-alexandria-aa69c673,St. Catherine,174 N Main St,New Haven,Kentucky,37.66101373,-85.59200408,(502) 549-3680,http://stcatherinenewhaven.org/,4,0,0,False,https://catholicindex.org/mass-times/bardstown-kentucky,2026-02-21T18:16:13.948301+00:00
us-ky-new-hope-st-vincent-de-paul-8b609426,St. Vincent de Paul,104 Church St,New Hope,Kentucky,37.63051449,-85.50743619,(502) 549-3680,http://www.stvincentdepaulnewhope.org/,3,0,0,False,https://catholicindex.org/mass-times/bardstown-kentucky,2026-02-21T18:16:13.948301+00:00
us-mo-new-madrid-immaculate-conception-21e22ca9,Immaculate Conception,603 Davis St,New Madrid,Missouri,36.58753901,-89.52874134,(573) 748-5183,http://icnewmadrid.com/,15,0,0,False,https://catholicindex.org/mass-times/hickman-kentucky,2026-02-21T18:23:58.977608+00:00
us-in-new-middletown-church-of-the-most-precious-blood-ec97edcf,Most Precious Blood,2300 4th St SE,New Middletown,Indiana,38.1668125,-86.0525625,18127382742,$undefined,0,0,0,False,https://catholicindex.org/mass-times/brandenburg-kentucky,2026-02-21T18:17:30.366672+00:00
us-oh-new-richmond-st-peter-5a615e38,St. Peter,1192 Bethel-New Richmond Rd,New Richmond,Ohio,38.95603382,-84.26182145,(513) 553-3267,http://stellamarisfamily.org/,4,0,0,False,https://catholicindex.org/mass-times/alexandria-kentucky,2026-02-21T18:15:36.464134+00:00
us-in-newburgh-saint-john-the-baptist-64c95a18,St. John the Baptist,625 Frame Rd,Newburgh,Indiana,37.95032169,-87.41316307,(812) 490-1000,https://www.sjbnewburgh.org,11,0,0,False,https://catholicindex.org/mass-times/curdsville-kentucky,2026-02-21T18:19:42.422859+00:00
us-in-newburgh-saint-rupert-1b2d2aa2,St. Rupert,1244 W Red Brush Rd,Newburgh,Indiana,37.93928675,-87.27215755,(812) 897-4653,http://stclementparish.weconnect.com/,1,0,0,False,https://catholicindex.org/mass-times/curdsville-kentucky,2026-02-21T18:19:42.422859+00:00
us-ky-newport-holy-spirit-3912b36f,Holy Spirit,825 Washington Ave,Newport,Kentucky,39.09029245,-84.48798143,859-431-2533,http://www.holyspiritnky.org/,18,0,0,False,https://catholicindex.org/mass-times/alexandria-kentucky,2026-02-21T18:15:36.464134+00:00
us-oh-newtown-st-john-fisher-1af040c2,St. John Fisher,3227 Church St,Newtown,Ohio,39.11925204,-84.36636437,(513) 561-9431,https://www.sjfchurch.org,4,0,0,False,https://catholicindex.org/mass-times/alexandria-kentucky,2026-02-21T18:15:36.464134+00:00
us-ky-nicholasville-st-luke-9d5e5e57,St. Luke,304 S Main St,Nicholasville,Kentucky,37.87728794,-84.57396462,(859) 885-4892,http://stlukenicholasville.org/,11,0,0,False,https://catholicindex.org/mass-times/danville-kentucky,2026-02-21T18:19:48.388041+00:00
us-oh-north-bend-st-joseph-da908d77,St. Joseph,25 E Harrison Ave,North Bend,Ohio,39.15280346,-84.74624167,(513) 941-3661,https://www.divinemercyfam.org/,7,0,0,False,https://catholicindex.org/mass-times/alexandria-kentucky,2026-02-21T18:15:36.464134+00:00
us-va-norton-church-of-st-anthony-741a5bc1,St. Anthony,1009 Ave NW,Norton,Virginia,36.9328125,-82.6351875,12766792336,http://www.stanthonycatholic.org/,0,0,0,False,https://catholicindex.org/mass-times/cumberland-kentucky,2026-02-21T18:19:39.355803+00:00
us-va-norton-saint-anthony-c2b0a90f,St. Anthony,1009 Virginia Ave,Norton,Virginia,36.9521561,-82.61384,(276) 679-2336,http://holytrinitycluster.org/parishes/saint-anthonys/,2,0,0,False,https://catholicindex.org/mass-times/cumberland-kentucky,2026-02-21T18:19:39.355803+00:00
us-oh-norwood-holy-trinity-f499ff73,Holy Trinity,2420 Drex Ave,Norwood,Ohio,39.17133,-84.4471359,(513) 366-4400,http://crescentparishes.org/,4,0,0,False,https://catholicindex.org/mass-times/alexandria-kentucky,2026-02-21T18:15:36.464134+00:00
us-oh-norwood-our-lady-of-the-holy-spirit-center-e55ecf41,Our Lady of the Holy Spirit Center,5440 Moeller Ave,Norwood,Ohio,39.17310029,-84.44658239,(513) 351-9800,https://www.olhsc.org,14,0,0,False,https://catholicindex.org/mass-times/alexandria-kentucky,2026-02-21T18:15:36.464134+00:00
us-ky-oak-grove-st-michael-the-archangel-ac1b1b94,St. Michael the Archangel,448 State Line Rd,Oak Grove,Kentucky,36.64150746,-87.42730417,(270) 640-9850,http://www.stmichaeloakgrove.com/,0,0,0,False,https://catholicindex.org/mass-times/elkton-kentucky,2026-02-21T18:20:55.915071+00:00
us-wv-ona-st-stephen-f6ef12bc,St. Stephen,2491 James River Turnpike,Ona,West Virginia,38.43050607,-82.19095421,(304) 743-3234,https://www.ststephens1.com/,3,0,0,False,https://catholicindex.org/mass-times/ashland-kentucky,2026-02-21T18:15:57.348804+00:00
us-oh-otway-our-lady-of-lourdes-213074c9,Our Lady of Lourdes,16 W Main St,Otway,Ohio,38.86667787,-83.18977825,740-354-4551,https://www.sciotocatholic.org,0,0,0,False,https://catholicindex.org/mass-times/vanceburg-kentucky,2026-02-21T18:33:42.799883+00:00
us-ky-owensboro-blessed-mother-92aba9dc,Blessed Mother,601 E 23rd St,Owensboro,Kentucky,37.75427473,-87.10401934,(270) 683-8444,http://www.blessedmotherchurch.com,9,0,0,False,https://catholicindex.org/mass-times/calhoun-kentucky,2026-02-21T18:18:09.437503+00:00
us-ky-owensboro-blessed-sacrament-chapel-d10a9861,Chapel of the Blessed Sacrament,602 Sycamore St,Owensboro,Kentucky,37.76987266,-87.12147113,(270) 926-4741,http://blessedsacramentchapel.org/,1,0,0,False,https://catholicindex.org/mass-times/calhoun-kentucky,2026-02-21T18:18:09.437503+00:00
us-ky-owensboro-immaculate-parish-7c8c45ca,Immaculate,2516 Christie Pl,Owensboro,Kentucky,37.74550353,-87.13415159,(270) 683-0689,http://immaculateparish.org,11,0,0,False,https://catholicindex.org/mass-times/calhoun-kentucky,2026-02-21T18:18:09.437503+00:00
us-ky-owensboro-our-lady-of-lourdes-e7c0ec87,Our Lady of Lourdes,4029 Frederica St,Owensboro,Kentucky,37.73155513,-87.11966058,(270) 684-5369,http://www.lourdescatholicchurch.com/,11,0,0,False,https://catholicindex.org/mass-times/calhoun-kentucky,2026-02-21T18:18:09.437503+00:00
us-ky-owensboro-precious-blood-967c0aaf,Precious Blood,3306 Fenmore St,Owensboro,Kentucky,37.76780495,-87.15176697,(270) 684-6888,http://precious-blood.net/,7,0,0,False,https://catholicindex.org/mass-times/calhoun-kentucky,2026-02-21T18:18:09.437503+00:00
us-ky-owensboro-st-alphonsus-7a8d80a6,St. Alphonsus,7925 Cummings Rd (Hwy 500),Owensboro,Kentucky,37.69526698,-87.32502721,(270) 229-4164,http://saintalphonsusparish.org/,4,0,0,False,https://catholicindex.org/mass-times/calhoun-kentucky,2026-02-21T18:18:09.437503+00:00
us-ky-owensboro-st-martin-35b6887b,St. Martin,5856 KY-81 (Rome),Owensboro,Kentucky,37.70234034,-87.18840122,(270) 685-0339,http://www.stmartinromeky.org/,0,0,0,False,https://catholicindex.org/mass-times/calhoun-kentucky,2026-02-21T18:18:09.437503+00:00
us-ky-owensboro-st-mary-magdalene-7c376bbc,St. Mary Magdalene,7232 KY-56 (Sorgho),Owensboro,Kentucky,37.75036925,-87.25141905,(270) 771-4436,http://www.stmarymagd.org,8,0,0,False,https://catholicindex.org/mass-times/calhoun-kentucky,2026-02-21T18:18:09.437503+00:00
us-ky-owensboro-st-peter-of-alcantara-faa31845,St. Peter of Alcantara,81 Church St (Stanley),Owensboro,Kentucky,37.81797018,-87.24663544,(270) 764-1983,http://www.stpeterofalcantara.com,6,0,0,False,https://catholicindex.org/mass-times/calhoun-kentucky,2026-02-21T18:18:09.437503+00:00
us-ky-owensboro-st-pius-x-9c75aa9c,St. Pius X,3418 Hwy 144,Owensboro,Kentucky,37.7849588,-87.06956231,(270) 684-4745 or (270) 684-5517 (Rectory),http://www.stpiustenthparish.org/,8,0,0,False,https://catholicindex.org/mass-times/calhoun-kentucky,2026-02-21T18:18:09.437503+00:00
us-ky-owensboro-st-stephen-cathedral-53313331,St. Stephen Cathedral,610 Locust St,Owensboro,Kentucky,37.76971908,-87.11562253,(270) 683-6525,http://ststephencathedral.org/,15,0,0,False,https://catholicindex.org/mass-times/calhoun-kentucky,2026-02-21T18:18:09.437503+00:00
us-ky-owensboro-sts-joseph-paul-a96d14ea,Sts. Joseph and Paul,609 E 4th St,Owensboro,Kentucky,37.77332697,-87.10497927,(270) 683-5641,http://stjpc.org/,11,0,0,False,https://catholicindex.org/mass-times/calhoun-kentucky,2026-02-21T18:18:09.437503+00:00
us-oh-owensville-holy-family-parishes-44072fc1,St Louis Church,210 N Broadway,Owensville,Ohio,39.1242828,-84.13505,(513) 732-2218,http://holyfamilyparishrcc.org,15,0,0,False,https://catholicindex.org/mass-times/alexandria-kentucky,2026-02-21T18:15:36.464134+00:00
us-ky-owenton-st-edward-8b1ed1ae,St. Edward,1335 Hwy 22,Owenton,Kentucky,38.52468477,-84.81943071,(859) 567-2425,https://www.stjosephstedwardky.org/,2,0,0,False,https://catholicindex.org/mass-times/carrollton-kentucky,2026-02-21T18:18:31.846265+00:00
us-ky-owingsville-st-julie-cb281ce5,St. Julie,77 E Main Str,Owingsville,Kentucky,38.14491748,-83.76273447,606-674-3261,http://cdlex.org/parish-finder/?swLat=30.469456612042304&swLng=-94.68307344557053&neLat=46.62072928865443&neLng=-72.84225313307053#w2gm-listing-15245,2,0,0,False,https://catholicindex.org/mass-times/carlisle-kentucky,2026-02-21T18:18:28.739607+00:00
us-ky-paducah-rosary-chapel-parish-155ad0a9,Chapel of the Rosary,711 Ohio St,Paducah,Kentucky,37.07876713,-88.59848825,(270) 444-6383,http://rosarychapel.org/,4,0,0,False,https://catholicindex.org/mass-times/bardwell-kentucky,2026-02-21T18:16:15.296626+00:00
us-ky-paducah-st-francis-de-sales-6b220016,St. Francis de Sales,116 S 6th St,Paducah,Kentucky,37.08561904,-88.60024704,(270) 442-1923,http://www.parishsfds.com/,7,0,0,False,https://catholicindex.org/mass-times/bardwell-kentucky,2026-02-21T18:16:15.296626+00:00
us-ky-paducah-st-john-the-evangelist-e99ac009,St. John the Evangelist,6705 Old US Hwy 45 S,Paducah,Kentucky,36.96597513,-88.67271717,(270) 554-3810,http://stjohnspaducah.com,13,0,0,False,https://catholicindex.org/mass-times/bardwell-kentucky,2026-02-21T18:16:15.296626+00:00
us-ky-paducah-st-thomas-more-08d77490,St. Thomas More,5645 Blandville Rd,Paducah,Kentucky,37.05033328,-88.6805266,(270) 534-9000,http://www.stmore.org,8,0,0,False,https://catholicindex.org/mass-times/bardwell-kentucky,2026-02-21T18:16:15.296626+00:00
us-ky-paintsville-st-michael-a088c966,St. Michael,720 Washington Ave,Paintsville,Kentucky,37.81155735,-82.79922062,(606) 789-4455,http://www.stmichaelcatholicchurch.org,6,0,0,False,https://catholicindex.org/mass-times/louisa-kentucky,2026-02-21T18:26:14.074720+00:00
us-ky-paris-church-of-the-annunciation-465e1777,Annunciation,1007 Main St,Paris,Kentucky,38.20801,-84.25376475,(859) 987-1571,http://annunciationparisky.org,10,0,0,False,https://catholicindex.org/mass-times/carlisle-kentucky,2026-02-21T18:18:28.739607+00:00
us-tn-paris-holy-cross-4dd3bce2,Holy Cross,1210 E Wood St,Paris,Tennessee,36.3060156,-88.30233965,(731) 642-4681,http://holycrossparis.org/,10,0,0,False,https://catholicindex.org/mass-times/murray-kentucky,2026-02-21T18:28:18.661305+00:00
us-ky-park-hills-our-lady-of-lourdes-d34f8325,Our Lady of Lourdes,1101 Amsterdam Rd,Park Hills,Kentucky,39.07139207,-84.53233866,859-291-1854,http://www.ololparish.org/,13,0,0,False,https://catholicindex.org/mass-times/alexandria-kentucky,2026-02-21T18:15:36.464134+00:00
us-ky-payneville-st-mary-magdalen-of-pazzi-4d53eb22,St Mary Magdalen of Pazzi,110 Hwy 376,Payneville,Kentucky,37.98809806,-86.31374328,(270) 496-4333,http://stmarypayneville.org/,4,0,0,False,https://catholicindex.org/mass-times/brandenburg-kentucky,2026-02-21T18:17:30.366672+00:00
us-ky-payneville-st-theresa-of-avila-4365c0ae,St Theresa of Avila,9245 Rhodelia Rd,Payneville,KY,38.0291741,-86.4397392,+1-270-496-4362,https://sttheresarhodelia.org/,4,0,0,False,https://catholicindex.org/mass-times/brandenburg-kentucky,2026-02-21T18:17:30.366672+00:00
us-ky-payneville-st-theresa-of-avila-c658500a,St. Theresa of Avila,9245 Rhodelia Rd,Payneville,Kentucky,38.04227292,-86.3816405,(270) 496-4362,http://sttheresarhodelia.org/,4,0,0,False,https://catholicindex.org/mass-times/brandenburg-kentucky,2026-02-21T18:17:30.366672+00:00
us-ky-peonia-st-anthony-d57abb54,St. Anthony,1256 St Anthony Rd./KY-226 (Clarkson),Peonia,Kentucky,37.41482892,-86.2204398,(270) 242-4791,http://triparishky.org,2,0,0,False,https://catholicindex.org/mass-times/cecilia-kentucky,2026-02-21T18:18:39.374960+00:00
us-ky-perry-park-transfiguration-of-our-lord-3cfeef83,Transfiguration of Our Lord,260 Inverness Rd,Perry Park,Kentucky,38.54435896,-85.00542272,(502) 732-5776,http://transfigurationpp.org,1,0,0,False,https://catholicindex.org/mass-times/carrollton-kentucky,2026-02-21T18:18:31.846265+00:00
us-ky-perryville-st-mary-84e8ad9e,St. Mary,307 S Buell St,Perryville,Kentucky,37.64898363,-84.95193385,(859) 734-4270,https://cdlex.org/parish-finder/,18,0,0,False,https://catholicindex.org/mass-times/danville-kentucky,2026-02-21T18:19:48.388041+00:00
us-ky-pewee-valley-st-aloysius-45ca19cf,St. Aloysius,212 Mt Mercy Dr,Pewee Valley,Kentucky,38.30916595,-85.49045563,(502) 241-8452,http://www.staloysiuspwv.org/,9,0,0,False,https://catholicindex.org/mass-times/eminence-kentucky,2026-02-21T18:21:00.580143+00:00
us-ky-phelps-church-of-jesus-of-the-mountains-d96fad97,Jesus of the Mountains,38 Birch Ct,Phelps,Kentucky,37.5035625,-82.1766875,16064567907,https://stfrancispikeville.org/,6,0,0,False,https://catholicindex.org/mass-times/elkhorn-city-kentucky,2026-02-21T18:20:54.389198+00:00
us-ky-philpot-st-lawrence-75ad088e,St. Lawrence,6119 St Lawrence Rd,Philpot,Kentucky,37.76561848,-86.87146622,(270) 281-4802,http://www.swslparishes.org,2,0,0,False,https://catholicindex.org/mass-times/beaver-dam-kentucky,2026-02-21T18:16:31.808011+00:00
us-ky-philpot-st-william-ac3ec0c1,St. William,9515 State Rte 144,Philpot,Kentucky,37.77316891,-86.90475049,(270) 281-4802,http://www.swslparishes.org,10,0,0,False,https://catholicindex.org/mass-times/beaver-dam-kentucky,2026-02-21T18:16:31.808011+00:00
us-ky-pikeville-st-francis-of-assisi-f5a396e0,St. Francis of Assisi,137 Bryan St,Pikeville,Kentucky,37.49913943,-82.53435723,606-437-6117,https://www.stfrancispikeville.org,7,0,0,False,https://catholicindex.org/mass-times/elkhorn-city-kentucky,2026-02-21T18:20:54.389198+00:00
us-oh-pine-grove-mission-of-st-mary-0130cd82,Mission of St. Mary,114 Private Rd 1059,Pine Grove,Ohio,38.60875,-82.70125,17405322420,$undefined,0,0,0,False,https://catholicindex.org/mass-times/ashland-kentucky,2026-02-21T18:15:57.348804+00:00
us-oh-pine-grove-st-mary-ca7a5b07,St. Mary,57 Private Rd 1059,Pine Grove,Ohio,38.61175053,-82.6836401,(740) 532-0712,http://www.irontoncatholicchurches.com/Content/HTML/StMaryChurch,1,0,0,False,https://catholicindex.org/mass-times/ashland-kentucky,2026-02-21T18:15:57.348804+00:00
us-ky-pineville-st-anthony-2a414a04,St. Anthony,Laurel and Virginia Ave,Pineville,Kentucky,36.76294045,-83.69790744,(606) 337-2189,https://stwilliamlondon.com/,0,0,0,False,https://catholicindex.org/mass-times/barbourville-kentucky,2026-02-21T18:16:12.328699+00:00
us-oh-pond-creek-church-of-the-holy-trinity-89d158de,Holy Trinity,Pond Creek Ohio 45663,Pond Creek,Ohio,38.7373125,-83.0679375,$undefined,https://www.sciotocatholic.org/,2,0,0,False,https://catholicindex.org/mass-times/greenup-kentucky,2026-02-21T18:23:04.985472+00:00
us-oh-portsmouth-scioto-catholic-holy-redeemer-ca7cd676,Scioto Catholic - Holy Redeemer,1325 Gallia St,Portsmouth,Ohio,38.73596619,-82.98634791,740-354-4551,https://sciotocatholic.org,7,0,0,False,https://catholicindex.org/mass-times/greenup-kentucky,2026-02-21T18:23:04.985472+00:00
us-oh-portsmouth-scioto-catholic-st-mary-of-the-annunciation-98c567b3,St. Mary of the Annunciation,514 Market St,Portsmouth,Ohio,38.73434412,-83.00239793,(740) 354-4551,https://www.sciotocatholic.org,7,0,0,False,https://catholicindex.org/mass-times/greenup-kentucky,2026-02-21T18:23:04.985472+00:00
us-ky-prestonsburg-st-martha-b0d13e8a,St. Martha,60 Martha's Vineyard,Prestonsburg,Kentucky,37.6628,-82.7665,(606) 874-9526,https://cdlex.org/w2gm-location/prestonsburg/,15,0,0,False,https://catholicindex.org/mass-times/paintsville-kentucky,2026-02-21T18:29:08.228151+00:00
us-ky-prestonsburg-church-of-st-martha-f40ce45a,St. Martha,60 Martha Vineyard,Prestonsburg,Kentucky,37.6630625,-82.7326875,16068749526,https://cdlex.org/w2gm-location/prestonsburg/,19,0,0,False,https://catholicindex.org/mass-times/paintsville-kentucky,2026-02-21T18:29:08.228151+00:00
us-ky-princeton-st-paul-a305e6ac,St. Paul,813 S Jefferson St,Princeton,Kentucky,37.09544639,-87.88994066,(270) 365-6786 or (270) 365-6786 (Fr. Brad),http://stmarkeddyville.weconnect.com,3,0,0,False,https://catholicindex.org/mass-times/cadiz-kentucky,2026-02-21T18:18:07.859352+00:00
us-ky-prospect-saint-bernadette-2dfde5be,St. Bernadette,6500 Saint Bernadette Ave,Prospect,Kentucky,38.3347054,-85.56111,(502) 425-2210,http://www.stb2008.org/,10,0,0,False,https://catholicindex.org/mass-times/eminence-kentucky,2026-02-21T18:21:00.580143+00:00
us-ky-providence-church-of-the-holy-cross-1b3c6e86,Holy Cross,730 N Hwy 41-A,Providence,Kentucky,37.4015625,-87.7278125,12703834743,https://owensborodiocese.org/listing/holy-cross-parish/,0,0,0,False,https://catholicindex.org/mass-times/dawson-springs-kentucky,2026-02-21T18:19:51.491226+00:00
us-ky-providence-holy-cross-5d09221e,Holy Cross,730 US Hwy 41 ALT,Providence,Kentucky,37.41721239,-87.72660627,(270) 383-4743 or (270) 498-0203 ,https://owensborodiocese.org/listing/holy-cross-parish/,0,0,0,False,https://catholicindex.org/mass-times/dawson-springs-kentucky,2026-02-21T18:19:51.491226+00:00
us-ky-providence-holy-cross-catholic-church-051e763f,Holy Cross Catholic church,730 US-41 ALT,Providence,KY,37.4171395,-87.7265351,+1-270-383-4743,https://owensborodiocese.org/listing/holy-cross-parish/,0,0,0,False,https://catholicindex.org/mass-times/dawson-springs-kentucky,2026-02-21T18:19:51.491226+00:00
us-ky-radcliff-saint-christopher-0bfcfb72,St. Christopher,1225 S Wilson Rd,Radcliff,Kentucky,37.82484832,-85.93174934,(270) 351-3706,http://www.stchristopherparish.org/,10,0,0,False,https://catholicindex.org/mass-times/brandenburg-kentucky,2026-02-21T18:17:30.366672+00:00
us-ky-ravenna-st-elizabeth-c7021b73,St. Elizabeth of Hungary,322 Fifth St,Ravenna,Kentucky,37.68681938,-83.94962889,606-723-8216,http://www.stelizabethravenna.org/,0,0,0,False,https://catholicindex.org/mass-times/beattyville-kentucky,2026-02-21T18:16:25.745040+00:00
us-ky-raywick-st-francis-xavier-catholic-2e9462c2,St Francis Xavier Catholic,108 Main St,Raywick,KY,37.5611975,-85.430932,+1-270-692-2245,https://www.facebook.com/profile.php?id=100064632611831,0,0,0,False,https://catholicindex.org/mass-times/bardstown-kentucky,2026-02-21T18:16:13.948301+00:00
us-ky-raywick-st-francis-xavier-670a2d91,St. Francis Xavier,108 Main St,Raywick,Kentucky,37.55881504,-85.43202907,(270) 692-2245,http://www.archlou.org/parishes/saint-francis-xavier-raywick/,39,0,0,False,https://catholicindex.org/mass-times/bardstown-kentucky,2026-02-21T18:16:13.948301+00:00
us-oh-reading-church-of-our-lady-of-the-sacred-heart-1c465dfd,Our Lady of the Sacred Heart,177 Siebenthaler Ave,Reading,Ohio,39.2321875,-84.4194375,15137334950,https://catholicaoc.org/,0,0,0,False,https://catholicindex.org/mass-times/alexandria-kentucky,2026-02-21T18:15:36.464134+00:00
us-oh-reading-our-lady-of-the-valley-parish-9483fe0b,Our Lady of the Valley Parish,1109 Church St,Reading,Ohio,39.22599787,-84.44592566,(513) 554-1010,https://qoacincy.org,4,0,0,False,https://catholicindex.org/mass-times/alexandria-kentucky,2026-02-21T18:15:36.464134+00:00
us-ky-reed-st-augustine-f32d1ba4,St. Augustine,16777 St Augustine Church Rd (KY-811),Reed,Kentucky,37.85582001,-87.35027099,(270) 764-1983,http://www.staugustinereed.org/,1,0,0,False,https://catholicindex.org/mass-times/calhoun-kentucky,2026-02-21T18:18:09.437503+00:00
us-ky-richmond-catholic-campus-ministry-of-st-mark-church-cfe6711b,Catholic Campus Ministry of St. Mark Church,608 W Main St,Richmond,Kentucky,37.74342575,-84.29777931,(859) 623-2989,http://www.saintmarkcatholicchurch.net/newman-center-campus,6,0,0,False,https://catholicindex.org/mass-times/berea-kentucky,2026-02-21T18:16:49.750073+00:00
us-ky-richmond-st-mark-f3f24bb1,St. Mark,608 W Main St,Richmond,Kentucky,37.75005658,-84.30114449,(859) 623-2989,http://www.saintmarkcatholicchurch.net/,10,0,0,False,https://catholicindex.org/mass-times/berea-kentucky,2026-02-21T18:16:49.750073+00:00
us-il-ridgway-st-kateri-tekakwitha-e853588b,"St. Kateri Tekakwitha, Lily of the Mohawks",220 Combs St,Ridgway,Illinois,37.79766658,-88.26312426,(618) 272-7059,http://stkateri.net,2,0,0,False,https://catholicindex.org/mass-times/morganfield-kentucky,2026-02-21T18:27:54.533298+00:00
us-oh-ripley-st-michael-97c5d313,St. Michael,16 N Fourth St,Ripley,Ohio,38.74763469,-83.84374933,(937) 392-1116,https://www.ohiocatholic.org,3,0,0,False,https://catholicindex.org/mass-times/augusta-kentucky,2026-02-21T18:16:01.998808+00:00
us-in-rockport-saint-bernard-e3339858,St. Bernard,547 Elm St,Rockport,Indiana,37.8845369,-87.05228504,(812) 649-4811,https://www.stbernardrockport.org,3,0,0,False,https://catholicindex.org/mass-times/cloverport-kentucky,2026-02-21T18:19:06.375347+00:00
us-ky-russellville-sacred-heart-9691b33b,Sacred Heart,296 W 6th St,Russellville,Kentucky,36.84334702,-86.88861671,(270) 726-6963,https://www.sacredheartrussellville.org/,7,0,0,False,https://catholicindex.org/mass-times/auburn-kentucky,2026-02-21T18:16:00.292780+00:00
us-tn-rutledge-st-john-paul-ii-34255718,Mission of St. John Paul II,161 Bryan Ln,Rutledge,Tennessee,36.27909555,-83.52619939,(865) 992-7222,$undefined,7,0,0,False,https://catholicindex.org/mass-times/middlesboro-kentucky,2026-02-21T18:27:29.115500+00:00
us-oh-saint-bernard-st-clement-4f1c5dd8,St. Clement,4536 Vine St,Saint Bernard,Ohio,39.16562114,-84.50013112,(513) 641-3176,http://www.stclementcincinnati.org/,8,0,0,False,https://catholicindex.org/mass-times/alexandria-kentucky,2026-02-21T18:15:36.464134+00:00
us-in-saint-croix-holy-cross-b194a64c,Holy Cross,12239 State Rd 62,Saint Croix,Indiana,38.22352943,-86.58485826,(812) 843-5143,http://www.facebook.com/holycross.saintcroix/,0,0,0,False,https://catholicindex.org/mass-times/hawesville-kentucky,2026-02-21T18:23:39.452512+00:00
us-in-saint-leon-st-joseph-church-all-saints-parish-81010f2c,St. Joseph (All Saints Parish),7536 Church Ln,Saint Leon,Indiana,39.29227398,-84.95730208,(812) 576-4302 ,http://allsaintscatholic.net,1,0,0,False,https://catholicindex.org/mass-times/burlington-kentucky,2026-02-21T18:17:57.495377+00:00
us-in-saint-meinrad-our-lady-of-monte-cassino-shrine-140fceea,Our Lady of Monte Cassino Shrine,13312 Monte Cassino Shrine Rd,Saint Meinrad,Indiana,38.18106367,-86.80589552,(812) 357-6611,http://www.saintmeinrad.org/the-monastery/monte-cassino-shrine,0,0,0,False,https://catholicindex.org/mass-times/hawesville-kentucky,2026-02-21T18:23:39.452512+00:00
us-in-saint-meinrad-st-meinrad-059e206c,St. Meinrad,19630 4th St,Saint Meinrad,Indiana,38.16950963,-86.81035566,(812) 357-5533,http://smcatholic.church,6,0,0,False,https://catholicindex.org/mass-times/cloverport-kentucky,2026-02-21T18:19:06.375347+00:00
us-in-saint-meinrad-saint-meinrad-archabbey-our-lady-of-einsiedeln-church-c5353a66,"St. Meinrad Archabbey, Our Lady of Einsiedeln Church",200 Hill Dr,Saint Meinrad,Indiana,38.1668662,-86.81270957,812-357-6611,http://www.saintmeinrad.org/visit-us/prayer-schedule-tours/,14,0,0,False,https://catholicindex.org/mass-times/cloverport-kentucky,2026-02-21T18:19:06.375347+00:00
us-ky-salyersville-st-luke-9d5bbdb5,St. Luke,1221 Pkwy Dr,Salyersville,Kentucky,37.74218751,-83.05207332,(606) 349-5320,http://www.facebook.com/StLukeSalyersville/,0,0,0,False,https://catholicindex.org/mass-times/jackson-kentucky,2026-02-21T18:24:49.993284+00:00
us-in-santa-claus-st-nicholas-4e14fec0,St. Nicholas,180 N Holiday Blvd,Santa Claus,Indiana,38.1226189,-86.92524242,812-937-2200,https://www.sfrancisofassisi.org,2,0,0,False,https://catholicindex.org/mass-times/hawesville-kentucky,2026-02-21T18:23:39.452512+00:00
us-ky-scottsville-christ-the-king-6a06b229,Christ the King,298 Bluegrass Dr,Scottsville,Kentucky,36.76836623,-86.17532929,(270) 237-4404 or (270) 586-4515,http://ctkscottsville.org/,7,0,0,False,https://catholicindex.org/mass-times/bowling-green-kentucky,2026-02-21T18:17:27.370683+00:00
us-ky-sebree-st-michael-4d3ddc0c,St. Michael,57 Watkins Sebree Rd,Sebree,Kentucky,37.60752216,-87.53287987,(270) 835-2584 or (270) 881-7737,http://smsebree.org,8,0,0,False,https://catholicindex.org/mass-times/calhoun-kentucky,2026-02-21T18:18:09.437503+00:00
us-in-sellersburg-st-john-paul-ii-cb4e47f6,St. Joseph,2253 W St Joe Rd (New Church),Sellersburg,Indiana,38.39919822,-85.79830861,(812) 246-2512,http://www.stjohnpaulparish.org,8,0,0,False,https://catholicindex.org/mass-times/fairdale-kentucky,2026-02-21T18:21:20.172333+00:00
us-oh-shandon-st-aloysius-f0f9459a,St. Aloysius,3350 Chapel Rd,Shandon,Ohio,39.33533575,-84.7384577,(513) 738-1014,http://www.stalshandon.org/,5,0,0,False,https://catholicindex.org/mass-times/bellevue-kentucky,2026-02-21T18:16:43.936647+00:00
us-oh-sharonville-st-michael-9e8f9681,St. Michael,11144 Spinner Ave,Sharonville,Ohio,39.27088331,-84.41022817,(513) 563-6377,http://www.tricountycatholics.org/,9,0,0,False,https://catholicindex.org/mass-times/alexandria-kentucky,2026-02-21T18:15:36.464134+00:00
us-ky-shelbyville-annunciation-21cd9310,Annunciation,105 Main St,Shelbyville,Kentucky,38.21064231,-85.21014516,(502) 633-1547,http://www.archlou.org/parishes/annunciation/,66,0,0,False,https://catholicindex.org/mass-times/eminence-kentucky,2026-02-21T18:21:00.580143+00:00
us-ky-shepherdsville-st-aloysius-a6001a0c,St. Aloysius,187 S Plum St,Shepherdsville,Kentucky,37.99008476,-85.71906472,(502) 543-5918,http://sta-stb.org/,6,0,0,False,https://catholicindex.org/mass-times/bardstown-kentucky,2026-02-21T18:16:13.948301+00:00
us-in-siberia-church-of-st-martin-of-tours-d1e2dbd0,St. Martin of Tours,27246 Perry St,Siberia,Indiana,38.2370625,-86.7344375,18123575533,https://www.archindy.org/parishes/listings/150.html,0,0,0,False,https://catholicindex.org/mass-times/hawesville-kentucky,2026-02-21T18:23:39.452512+00:00
us-tn-sneedville-saint-james-the-apostle-catholic-church-sneedville-e5ff582c,"Saint James the Apostle Catholic Church, Sneedville",Highway 33,Sneedville,TN,36.5482143,-83.184635,+1-423-272-6897,https://sainthenrychurch.org/st-james-the-apostle,7,0,0,False,https://catholicindex.org/mass-times/harlan-kentucky,2026-02-21T18:23:30.377678+00:00
us-tn-sneedville-st-james-the-apostle-626b2e8d,St. James the Apostle,3652 Main St,Sneedville,Tennessee,36.55025864,-83.17440033,(423) 272-6897,http://sainthenrychurch.org/st-james-the-apostle,11,0,0,False,https://catholicindex.org/mass-times/harlan-kentucky,2026-02-21T18:23:30.377678+00:00
us-tn-sneedville-church-of-st-james-the-apostle-90b1850c,St. James the Apostle,33,Sneedville,Tennessee,36.54125,-83.20375,14232726897,https://dioknox.org/st-james-the-apostle-church/,1,0,0,False,https://catholicindex.org/mass-times/harlan-kentucky,2026-02-21T18:23:30.377678+00:00
us-ky-somerset-st-mildred-catholic-church-8f121d4e,St. Mildred,203 S Central Ave,Somerset,Kentucky,37.08852698,-84.59922932,(606) 678-5051,http://www.saintmildred.com/,9,0,0,False,https://catholicindex.org/mass-times/monticello-kentucky,2026-02-21T18:27:50.020858+00:00
us-ky-southgate-st-therese-catholic-church-bb22b069,St. Therese Catholic Church,11 Temple Pl,Southgate,Kentucky,39.07139245,-84.47115592,859-441-1654,http://www.sainttherese.ws/,4,0,0,False,https://catholicindex.org/mass-times/alexandria-kentucky,2026-02-21T18:15:36.464134+00:00
us-ky-springfield-holy-rosary-c568614e,Holy Rosary,378 Rosary Heights Rd,Springfield,Kentucky,37.69388843,-85.23986847,(859) 336-3898,http://www.archlou.org/parishes/holy-rosary-springfield/,98,0,0,False,https://catholicindex.org/mass-times/bardstown-kentucky,2026-02-21T18:16:13.948301+00:00
us-ky-springfield-holy-rosary-church-ba942e2f,Holy Rosary Church,4653 Cissellville Rd,Springfield,KY,37.7135946,-85.3874045,+1-859-284-5242,https://www.archlou.org/parishes/holy-rosary-manton/,86,0,0,False,https://catholicindex.org/mass-times/bardstown-kentucky,2026-02-21T18:16:13.948301+00:00
us-ky-springfield-holy-trinity-da08b164,Holy Trinity,306 Fredericktown Rd,Springfield,Kentucky,37.76049711,-85.35149064,(859) 284-5242,http://www.holytrinityburg.org/,6,0,0,False,https://catholicindex.org/mass-times/bardstown-kentucky,2026-02-21T18:16:13.948301+00:00
us-tn-springfield-our-lady-of-lourdes-b1df1eae,Our Lady of Lourdes,103 Golf Club Ln,Springfield,Tennessee,36.49127365,-86.87495748,(615) 384-6200,https//ollsm.com,0,0,0,False,https://catholicindex.org/mass-times/franklin-kentucky,2026-02-21T18:22:06.425427+00:00
us-ky-springfield-st-dominic-rectory-d8937b03,St Dominic Rectory,303 W Main St,Springfield,KY,37.6866052,-85.2248861,+1-859-336-3569,https://stdomparish.org/,9,0,0,False,https://catholicindex.org/mass-times/bardstown-kentucky,2026-02-21T18:16:13.948301+00:00
us-ky-springfield-st-dominic-088875f6,St. Dominic,303 W Main St,Springfield,Kentucky,37.68683709,-85.22635627,(859) 336-3569,http://stdomparish.org/,9,0,0,False,https://catholicindex.org/mass-times/bardstown-kentucky,2026-02-21T18:16:13.948301+00:00
us-ky-springfield-st-rose-e1b0c8d5,St. Rose,868 Loretto Rd,Springfield,Kentucky,37.6934052,-85.2625046,(859) 336-3121,http://strosespringfield.org/,10,0,0,False,https://catholicindex.org/mass-times/bardstown-kentucky,2026-02-21T18:16:13.948301+00:00
us-ky-st-francis-church-of-st-francis-of-assisi-0655ffe9,St. Francis of Assisi,6785 Hwy 52,St. Francis,Kentucky,37.6260625,-85.4305625,12708652521,http://www.sf-hc.org,0,0,0,False,https://catholicindex.org/mass-times/bardstown-kentucky,2026-02-21T18:16:13.948301+00:00
us-in-st-meinrad-archabbatial-church-of-our-lady-of-einsiedeln-758556c5,Archabbatial Church of Our Lady of Einsiedeln,200 Hill Dr,St. Meinrad,Indiana,38.1660625,-86.8113125,18123576611,https://www.saintmeinrad.org/,1,0,0,False,https://catholicindex.org/mass-times/cloverport-kentucky,2026-02-21T18:19:06.375347+00:00
us-in-st-meinrad-saint-meinrad-school-of-theology-9888fb50,St. Meinrad School of Theology,200 Hill Dr,St. Meinrad,Indiana,38.1659375,-86.8104375,$undefined,https://www.saintmeinrad.edu/,0,0,0,False,https://catholicindex.org/mass-times/cloverport-kentucky,2026-02-21T18:19:06.375347+00:00
us-ky-stanton-our-lady-of-the-mountains-f8222081,Our Lady of the Mountains,1093 E College Ave,Stanton,Kentucky,37.84356653,-83.83852978,8599674404,http://www.joinmychurch.org/churches/Our-Lady-of-the-Mountains-Stanton-Kentucky-United-States/77296#location,1,0,0,False,https://catholicindex.org/mass-times/beattyville-kentucky,2026-02-21T18:16:25.745040+00:00
us-oh-stonelick-st-philomena-00a5671d,St. Philomena,5236 Stonelick Williams Corner Rd,Stonelick,Ohio,39.12793142,-84.18540192,(513) 732-2218,http://cccatholics.org/,20,0,0,False,https://catholicindex.org/mass-times/alexandria-kentucky,2026-02-21T18:15:36.464134+00:00
us-ky-sturgis-st-francis-borgia-2e154faf,St. Francis Borgia,1308 N Adams St,Sturgis,Kentucky,37.55432077,-87.98300151,(270) 333-2806,http://stfrancisborgiasturgis.org,4,0,0,False,https://catholicindex.org/mass-times/marion-kentucky,2026-02-21T18:26:47.092427+00:00
us-ky-sunfish-st-john-the-evangelist-d6bab476,St. John the Evangelist,430 St John Church Rd,Sunfish,Kentucky,37.2744325,-86.3695674,(270) 259-3028 ,http://stjohnch.org/,2,0,0,False,https://catholicindex.org/mass-times/bowling-green-kentucky,2026-02-21T18:17:27.370683+00:00
us-ky-taylor-mill-st-anthony-8b8b780e,St. Anthony,485 Grand Ave,Taylor Mill,Kentucky,39.03432125,-84.50507423,(859) 431-1773,http://www.saintanthonytaylormill.org/,19,0,0,False,https://catholicindex.org/mass-times/alexandria-kentucky,2026-02-21T18:15:36.464134+00:00
us-ky-taylor-mill-st-patrick-46ea78b0,St. Patrick,3280 Mills Rd,Taylor Mill,Kentucky,38.94842618,-84.50032682,(859)356-5151,http://stpatrickchurch.us/,9,0,0,False,https://catholicindex.org/mass-times/alexandria-kentucky,2026-02-21T18:15:36.464134+00:00
us-ky-taylorsville-all-saints-01fa0b3c,All Saints,410 Main Cross,Taylorsville,Kentucky,38.03204434,-85.34104308,(502) 477-6676,http://www.archlou.org/parishes/all-saints/,93,0,0,False,https://catholicindex.org/mass-times/bardstown-kentucky,2026-02-21T18:16:13.948301+00:00
us-ky-taylorsville-all-saints-catholic-church-54156247,All Saints Catholic Church,410 Main Cross,Taylorsville,KY,38.0331459,-85.344757,+1-502-477-6676,https://www.archlou.org/,0,0,0,False,https://catholicindex.org/mass-times/bardstown-kentucky,2026-02-21T18:16:13.948301+00:00
us-tn-tazewell-christ-the-king-a06bf0c8,Christ the King,816 Blue Top Rd,Tazewell,Tennessee,36.43201,-83.57223,(423) 562-0312,http://christkingtazewell.wordpress.com,3,0,0,False,https://catholicindex.org/mass-times/middlesboro-kentucky,2026-02-21T18:27:29.115500+00:00
us-in-tell-city-st-mark-quad-parishes-community-61793200,St Mark (Quad-Parishes Community),5377 Acorn Rd,Tell City,Indiana,38.02112465,-86.70877196,(812) 836-2481,http://www.thequadparishes.org,3,0,0,False,https://catholicindex.org/mass-times/cloverport-kentucky,2026-02-21T18:19:06.375347+00:00
us-in-tell-city-st-paul-ffc7c41a,St. Paul,814 Jefferson St,Tell City,Indiana,37.95255287,-86.76942679,(812) 547-7994,http://www.thequadparishes.org/,6,0,0,False,https://catholicindex.org/mass-times/cloverport-kentucky,2026-02-21T18:19:06.375347+00:00
us-ky-tompkinsville-church-of-christ-the-king-e871f41e,Christ the King,1000 Celina Rd,Tompkinsville,Kentucky,36.6919375,-85.6800625,12704320686,https://www.archlou.org/parishes/christ-the-king-tompkinsville/,34,0,0,False,https://catholicindex.org/mass-times/burkesville-kentucky,2026-02-21T18:17:55.807729+00:00
us-ky-tompkinsville-christ-the-king-54c0f0f8,Christ the King,1000 Celina Rd,Tompkinsville,Kentucky,36.9961,-85.6063,(270) 432-0686,http://christ-the-king-tompkinsville.org/,0,0,0,False,https://catholicindex.org/mass-times/burkesville-kentucky,2026-02-21T18:17:55.807729+00:00
us-ky-trappist-basilica-of-the-blessed-virgin-of-gethsemani-7e56a05f,Basilica of the Blessed Virgin of Gethsemani,3642 Monks Rd,Trappist,Kentucky,37.6644375,-85.5291875,15025493117,https://monks.org/,8,0,0,False,https://catholicindex.org/mass-times/bardstown-kentucky,2026-02-21T18:16:13.948301+00:00
us-in-troy-st-pius-v-7ecd0fbf,St. Pius V,330 Franklin St,Troy,Indiana,37.99504061,-86.80436665,(812) 547-7994,http://www.thequadparishes.org,3,0,0,False,https://catholicindex.org/mass-times/cloverport-kentucky,2026-02-21T18:19:06.375347+00:00
us-ky-union-st-timothy-5da5d619,St. Timothy,10272 US 42,Union,Kentucky,38.93657753,-84.67475563,(859) 384-1100,https://www.saint-timothy.org,18,0,0,False,https://catholicindex.org/mass-times/alexandria-kentucky,2026-02-21T18:15:36.464134+00:00
us-tn-union-city-immaculate-conception-060266bf,Immaculate Conception,1303 E Reelfoot Ave,Union City,Tennessee,36.41301392,-89.0440349,(731) 885-0963,http://www.icuctn.org,4,0,0,False,https://catholicindex.org/mass-times/clinton-kentucky,2026-02-21T18:19:03.350196+00:00
us-ky-uniontown-st-agnes-2898f1b7,St. Agnes,413 5th St,Uniontown,Kentucky,37.77096071,-87.93221247,(270) 822-4416,http://www.stagnesuniontown.com,8,0,0,False,https://catholicindex.org/mass-times/henderson-kentucky,2026-02-21T18:23:52.983333+00:00
us-ky-utica-st-anthony-3d2e16ac,St. Anthony,261 St Anthony Rd (Browns Valley),Utica,Kentucky,37.64465771,-87.1170049,(270) 733-4341,http://owensborodiocese.org/listing/saint-anthony-parish-2/,0,0,0,False,https://catholicindex.org/mass-times/beaver-dam-kentucky,2026-02-21T18:16:31.808011+00:00
us-ky-vanceburg-church-of-the-holy-redeemer-8c293ffd,Holy Redeemer,59 S,Vanceburg,Kentucky,38.5821875,-83.3275625,16067963052,https://www.facebook.com/holyredeemervanceburg/,0,0,0,False,https://catholicindex.org/mass-times/flemingsburg-kentucky,2026-02-21T18:21:46.877632+00:00
us-ky-vanceburg-holy-redeemer-415a5f66,Holy Redeemer,239 KY 59,Vanceburg,Kentucky,38.5973932,-83.3195443,(606) 796-3052,http://covdio.org/findparishes/,0,0,0,False,https://catholicindex.org/mass-times/maysville-kentucky,2026-02-21T18:27:03.507979+00:00
us-ky-versailles-st-leo-e50ee8f8,St. Leo,295 Huntertown Rd,Versailles,Kentucky,38.04427701,-84.71965512,(859) 873-4573,http://www.saintleoparishky.org,10,0,0,False,https://catholicindex.org/mass-times/frankfort-kentucky,2026-02-21T18:22:04.972731+00:00
us-in-vevay-sorrowful-mother-of-god-church-dc1164c6,Most Sorrowful Mother of God Church,591 Ferry St,Vevay,Indiana,38.7501672,-85.07009201,(812) 265-4166,http://www.popeace.org/,1,0,0,False,https://catholicindex.org/mass-times/carrollton-kentucky,2026-02-21T18:18:31.846265+00:00
us-il-vienna-st-paul-7c63307a,St. Paul,2020 State Rte 146-E,Vienna,Illinois,37.41216731,-88.85681101,(618) 658-4501,http://stpaulvienna.org/,3,0,0,False,https://catholicindex.org/mass-times/la-center-kentucky,2026-02-21T18:25:27.633484+00:00
us-ky-vine-grove-st-martin-of-tours-catholic-church-e257632c,St Martin of Tours Catholic Church,440 St Martins Rd,Vine Grove,KY,37.8333561,-86.073091,+1-270-828-2552,https://www.stmartinfl.org/,7,0,0,False,https://catholicindex.org/mass-times/brandenburg-kentucky,2026-02-21T18:17:30.366672+00:00
us-ky-vine-grove-st-brigid-ce7b9648,St. Brigid,314 E Main St,Vine Grove,Kentucky,37.80927887,-85.97774152,(270) 877-2461,http://www.stbrigidvg.org/,4,0,0,False,https://catholicindex.org/mass-times/brandenburg-kentucky,2026-02-21T18:17:30.366672+00:00
us-ky-vine-grove-st-martin-of-tours-95806bc0,St. Martin of Tours,440 Saint Martin Rd,Vine Grove,Kentucky,37.8324,-86.0219,(270) 828-2552,http://www.stmartinfl.org/,6,0,0,False,https://catholicindex.org/mass-times/brandenburg-kentucky,2026-02-21T18:17:30.366672+00:00
us-ky-walton-all-saints-catholic-church-df14bd3d,All Saints Roman Catholic Church,62 Needmore St,Walton,Kentucky,38.85932935,-84.61647437,(859) 485-4476,http://www.allsaintswalton.com/,23,0,0,False,https://catholicindex.org/mass-times/alexandria-kentucky,2026-02-21T18:15:36.464134+00:00
us-ky-warfield-church-of-st-john-neumann-c78aeb9f,St. John Neumann,2593 Hode Rd,Warfield,Kentucky,37.8973125,-82.4405625,16063955316,http://hode.cdlex.org,0,0,0,False,https://catholicindex.org/mass-times/louisa-kentucky,2026-02-21T18:26:14.074720+00:00
us-ky-warsaw-st-joseph-e3555f24,St. Joseph,602 Sparta Pike,Warsaw,Kentucky,38.78072461,-84.90073761,(859) 567-2425,https://www.stjosephstedwardky.org/,5,0,0,False,https://catholicindex.org/mass-times/burlington-kentucky,2026-02-21T18:17:57.495377+00:00
us-ky-waverly-st-peter-of-antioch-712fec0d,St. Peter of Antioch,201 E Market St,Waverly,Kentucky,37.70812502,-87.810516,(270) 389-4224,https://owensborodiocese.org/listing/saint-peter-of-antioch-parish/,0,0,0,False,https://catholicindex.org/mass-times/henderson-kentucky,2026-02-21T18:23:52.983333+00:00
us-ky-wax-st-benedict-6ceaa205,St. Benedict,6874 Wax Rd./KT-479 (Clarkson),Wax,Kentucky,37.36446218,-86.11670297,(270) 242-4791,http://triparishky.org ,2,0,0,False,https://catholicindex.org/mass-times/cecilia-kentucky,2026-02-21T18:18:39.374960+00:00
us-wv-wayne-church-of-the-nativity-of-our-lord-3c205d50,Nativity of Our Lord,40 Bridge St,Wayne,West Virginia,38.2159375,-82.4494375,13042725832,$undefined,0,0,0,False,https://catholicindex.org/mass-times/ashland-kentucky,2026-02-21T18:15:57.348804+00:00
us-ky-waynesburg-saint-sylvester-church-dbc93b51,Saint Sylvester Church,100 KY-1948,Waynesburg,KY,37.4217665,-84.5962212,+1-859-792-4009,https://cdlex.org/st-sylvester-parish,0,0,0,False,https://catholicindex.org/mass-times/berea-kentucky,2026-02-21T18:16:49.750073+00:00
us-ky-waynesburg-st-sylvester-31dfc3e1,St. Sylvester,100 KY-1948,Waynesburg,Kentucky,37.42197979,-84.59625347,(859) 792-4009,https://cdlex.org/st-sylvester-parish,0,0,0,False,https://catholicindex.org/mass-times/berea-kentucky,2026-02-21T18:16:49.750073+00:00
us-oh-west-chester-st-john-the-evangelist-541a17c5,St. John the Evangelist,9080 Cincinnati-Dayton Rd,West Chester,Ohio,39.32830079,-84.40753342,(513) 777-6433,http://www.tricountycatholics.org/,8,0,0,False,https://catholicindex.org/mass-times/bellevue-kentucky,2026-02-21T18:16:43.936647+00:00
us-ky-west-liberty-prince-of-peace-15ae9c58,Prince of Peace,163 Pine Acres Ln,West Liberty,Kentucky,37.92049789,-83.24261112,(606) 743-3266,https://cdlex.org/prince-of-peace/,3,0,0,False,https://catholicindex.org/mass-times/campton-kentucky,2026-02-21T18:18:18.262332+00:00
us-oh-west-portsmouth-church-of-our-lady-of-sorrows-e6df1f74,Our Lady of Sorrows,2215 Galena Pk,West Portsmouth,Ohio,38.7624375,-83.0209375,17408584600,https://www.sciotocatholic.org/,0,0,0,False,https://catholicindex.org/mass-times/greenup-kentucky,2026-02-21T18:23:04.985472+00:00
us-oh-west-portsmouth-scioto-catholic-holy-trinity-4fe491f5,Scioto Catholic - Holy Trinity,9493 Carey's Run Rd,West Portsmouth,Ohio,38.80884908,-83.06005335,740-354-4551,https://www.sciotocatholic.org,2,0,0,False,https://catholicindex.org/mass-times/greenup-kentucky,2026-02-21T18:23:04.985472+00:00
us-oh-west-union-holy-trinity-57374be6,Holy Trinity,612 E Mulberry St,West Union,Ohio,38.79571482,-83.53866538,(937) 544-2757,http://ourladyofthehillsoh.com/our-lady-of-the-hills-west-union/,4,0,0,False,https://catholicindex.org/mass-times/maysville-kentucky,2026-02-21T18:27:03.507979+00:00
us-oh-wheelersburg-scioto-catholic-st-peter-in-chains-c986d0e9,Scioto Catholic - St. Peter in Chains,2167 Lick Run Lyra Rd,Wheelersburg,Ohio,38.72583436,-82.83927085,(740) 354-4551,https://www.sciotocatholic.org,3,0,0,False,https://catholicindex.org/mass-times/ashland-kentucky,2026-02-21T18:15:57.348804+00:00
us-oh-wheelersburg-church-of-st-peter-in-chains-379b76b0,St. Peter in Chains,2167 Lick Run Lyra Rd,Wheelersburg,Ohio,38.7254375,-82.8386875,17405745486,https://www.sciotocatholic.org/,3,0,0,False,https://catholicindex.org/mass-times/ashland-kentucky,2026-02-21T18:15:57.348804+00:00
us-ky-white-mills-church-of-st-ignatius-cdb97e29,St. Ignatius,7786 Sonora-Hardin Springs Rd,White Mills,Kentucky,37.5510625,-85.9994375,12707656268,http://www.stignatiusky.org,0,0,0,False,https://catholicindex.org/mass-times/cecilia-kentucky,2026-02-21T18:18:39.374960+00:00
us-ky-white-mills-st-ignatius-d6e62613,St. Ignatius,7786 Sonora-Hardin Springs Rd,White Mills,Kentucky,37.5439,-86.0306,(270) 862-5343,http://www.archlou.org/parishes/saint-ignatius-parish/,89,0,0,False,https://catholicindex.org/mass-times/cecilia-kentucky,2026-02-21T18:18:39.374960+00:00
us-ky-whitesville-st-joseph-monastery-chapel-cff7be76,St. Joseph Monastery Chapel,8564 Crisp Rd,Whitesville,Kentucky,37.66809648,-86.90930735,(270) 233-4571,http://passionists.squarespace.com/public-prayer-schedule,8,0,0,False,https://catholicindex.org/mass-times/beaver-dam-kentucky,2026-02-21T18:16:31.808011+00:00
us-ky-whitesville-st-mary-of-the-woods-fe6c144e,St. Mary of the Woods,10534 Main Cross St,Whitesville,Kentucky,37.68131903,-86.87151728,(270) 233-4196,http://stmaryofthewoodswhitesville.com/,30,0,0,False,https://catholicindex.org/mass-times/beaver-dam-kentucky,2026-02-21T18:16:31.808011+00:00
us-ky-whitley-city-good-shepherd-d1852ab0,Good Shepherd,130 N Main St,Whitley City,Kentucky,36.72776345,-84.47035676,(606) 376-1840,http://cdlex.org/parish-finder/?swLat=29.207179528921976&swLng=-95.39070915625&neLat=45.14900606783195&neLng=-73.54988884375#w2gm-listing-15166,2,0,0,False,https://catholicindex.org/mass-times/monticello-kentucky,2026-02-21T18:27:50.020858+00:00
us-ky-wilder-st-john-the-baptist-ef055191,St. John the Baptist,1309 Johns Hill Rd,Wilder,Kentucky,39.04669431,-84.48518399,(859) 781-2117,https://sjbwilder.com,3,0,0,False,https://catholicindex.org/mass-times/alexandria-kentucky,2026-02-21T18:15:36.464134+00:00
us-ky-williamsburg-our-lady-of-perpetual-help-catholic-church-eb144307,Our Lady of Perpetual Help Catholic Church,76 W SYCAMORE St (P O Box 330),Williamsburg,Kentucky,36.74043628,-84.164323,606-549-2156,http://williamsburg.cdlex.org/,26,0,0,False,https://catholicindex.org/mass-times/barbourville-kentucky,2026-02-21T18:16:12.328699+00:00
us-oh-williamsburg-st-ann-12e207b1,St. Ann,370 S Fifth St,Williamsburg,Ohio,39.05295013,-84.06149427,(513) 732-2218,http://cincinnatise5.org/mass-times/,2,0,0,False,https://catholicindex.org/mass-times/alexandria-kentucky,2026-02-21T18:15:36.464134+00:00
us-wv-williamson-sacred-heart-d9f58153,Sacred Heart,160 W 4th Ave,Williamson,West Virginia,37.67620575,-82.27830478,(304) 235-3027,http://dwc.org,0,0,0,False,https://catholicindex.org/mass-times/phelps-kentucky,2026-02-21T18:29:30.682065+00:00
us-ky-williamstown-st-william-1ead206d,St. William,6 Church St,Williamstown,Kentucky,38.64841061,-84.55931884,(859) 824-5381,http://saint-william.org/,2,0,0,False,https://catholicindex.org/mass-times/alexandria-kentucky,2026-02-21T18:15:36.464134+00:00
us-ky-winchester-st-joseph-0f369f29,St. Joseph,248 S Main St,Winchester,Kentucky,37.98910542,-84.17948352,(859) 744-4917,https://stjosephwinchester.com,7,0,0,False,https://catholicindex.org/mass-times/carlisle-kentucky,2026-02-21T18:18:28.739607+00:00
us-va-wise-uva-wise-catholic-campus-ministry-eae3995f,UVa-Wise Catholic Campus Ministry,1 College Ave,Wise,Virginia,36.97095537,-82.55997062,$undefined,http://www.facebook.com/WISECCM/,0,0,0,False,https://catholicindex.org/mass-times/cumberland-kentucky,2026-02-21T18:19:39.355803+00:00
us-oh-withamsville-church-of-st-thomas-more-22a676cb,St. Thomas More,800 Pk,Withamsville,Ohio,39.0650625,-84.2816875,15137522080,http://www.sttm.org/,10,0,0,False,https://catholicindex.org/mass-times/alexandria-kentucky,2026-02-21T18:15:36.464134+00:00
us-oh-wyoming-st-james-of-the-valley-faf2281c,St. James of the Valley,411 Springfield Pike,Wyoming,Ohio,39.22553953,-84.47360992,(513) 948-1218,https://wintonwyomingpr.org,7,0,0,False,https://catholicindex.org/mass-times/alexandria-kentucky,2026-02-21T18:15:36.464134+00:00
