Church,Address,Phone,Category,Day,Time Start,Time End,Service Name,Schedule Type,Language,Location,Pattern,Event Date,Time Relation,Reference Service,Notes
All Saints Catholic Church,"3330 14th St, Lewiston, Idaho 83501",208-743-1012,Mass,Mon,7:00 AM,,Mass,specific_weekday,English,All Saints Catholic Church,,,,,
All Saints Catholic Church,"3330 14th St, Lewiston, Idaho 83501",208-743-1012,Mass,Mon,9:00 AM,,Mass,specific_weekday,English,All Saints Catholic Church,,,,,
All Saints Catholic Church,"3330 14th St, Lewiston, Idaho 83501",208-743-1012,Mass,Tue,7:00 AM,,Mass,specific_weekday,English,All Saints Catholic Church,,,,,
All Saints Catholic Church,"3330 14th St, Lewiston, Idaho 83501",208-743-1012,Mass,Tue,9:00 AM,,Mass,specific_weekday,English,All Saints Catholic Church,,,,,
All Saints Catholic Church,"3330 14th St, Lewiston, Idaho 83501",208-743-1012,Mass,Wed,9:00 AM,,Mass,specific_weekday,English,All Saints Catholic Church,,,,,
All Saints Catholic Church,"3330 14th St, Lewiston, Idaho 83501",208-743-1012,Mass,Thu,7:00 AM,,Mass,specific_weekday,English,All Saints Catholic Church,,,,,
All Saints Catholic Church,"3330 14th St, Lewiston, Idaho 83501",208-743-1012,Mass,Fri,7:00 AM,,Mass,specific_weekday,English,All Saints Catholic Church,,,,,
All Saints Catholic Church,"3330 14th St, Lewiston, Idaho 83501",208-743-1012,Mass,Fri,9:00 AM,,Mass,specific_weekday,English,All Saints Catholic Church,,,,,
All Saints Catholic Church,"3330 14th St, Lewiston, Idaho 83501",208-743-1012,Mass,Sat,5:00 PM,,Vigil Mass,saturday,English,All Saints Catholic Church,,,,,vigil
All Saints Catholic Church,"3330 14th St, Lewiston, Idaho 83501",208-743-1012,Mass,Sun,10:00 AM,,Mass,sunday,English,All Saints,,,,,
All Saints Catholic Church,"3330 14th St, Lewiston, Idaho 83501",208-743-1012,Mass,Sun,7:30 AM,,Mass,sunday,English,All Saints,,,,,
All Saints Catholic Church,"3330 14th St, Lewiston, Idaho 83501",208-743-1012,Confession,Wed,5:00 PM,6:15 PM,Reconciliation,other,English,All Saints Catholic Church,,,,,
All Saints Catholic Church,"3330 14th St, Lewiston, Idaho 83501",208-743-1012,Confession,Sat,3:00 PM,4:30 PM,Reconciliation,saturday,English,All Saints,,,,,
Assumption,"460 Maple St, Ferdinand, Idaho 83526",208-962-3214,Mass,Fri,8:00 AM,,Mass,specific_weekday,English,"Assumption, Ferdinand",,,,,
Assumption,"460 Maple St, Ferdinand, Idaho 83526",208-962-3214,Mass,Sat,5:00 PM,,Mass,saturday,English,"Assumption Church, Ferdinand",,,,,
Assumption,"460 Maple St, Ferdinand, Idaho 83526",208-962-3214,Mass,,5:30 PM,,"Mass for the Holy Day – Solemnity of Mary, the Holy Mother of God",special_event,English,Assumption,,2025-12-31,,,"Mass for the Holy Day – Solemnity of Mary, the Holy Mother of God; Vigil"
Assumption,"460 Maple St, Ferdinand, Idaho 83526",208-962-3214,Mass,,8:00 AM,,First Saturday Mass,special_event,English,,,2026-01-31,,,First Saturday Mass
Assumption,"460 Maple St, Ferdinand, Idaho 83526",208-962-3214,Mass,,8:00 AM,,First Saturday Mass,special_event,English,,,2026-02-28,,,First Saturday Mass
Assumption,"460 Maple St, Ferdinand, Idaho 83526",208-962-3214,Mass,,8:00 PM,,Christmas Obligation Mass,special_event,English,Assumption,,2025-12-24,,,Christmas Obligation Mass; Vigil
Assumption,"460 Maple St, Ferdinand, Idaho 83526",208-962-3214,Adoration,,7:00 AM,,Third Thursday Adoration,special_event,English,,,2026-01-16,,,Third Thursday Adoration
Assumption,"460 Maple St, Ferdinand, Idaho 83526",208-962-3214,Adoration,,7:00 AM,,Third Thursday Adoration,special_event,English,,,2026-02-20,,,Third Thursday Adoration
Assumption,"460 Maple St, Ferdinand, Idaho 83526",208-962-3214,Adoration,,7:00 PM,,Third Thursday Adoration,special_event,English,,,2026-01-15,,,Third Thursday Adoration
Assumption,"460 Maple St, Ferdinand, Idaho 83526",208-962-3214,Adoration,,7:00 PM,,Third Thursday Adoration,special_event,English,,,2026-02-19,,,Third Thursday Adoration
Assumption,"460 Maple St, Ferdinand, Idaho 83526",208-962-3214,Devotions,,6:00 PM,,Stations of the Cross,special_event,English,,,2026-02-20,,,Stations of the Cross
Assumption,"460 Maple St, Ferdinand, Idaho 83526",208-962-3214,Devotions,,6:00 PM,,Stations of the Cross,special_event,English,,,2026-02-27,,,Stations of the Cross
Assumption,"460 Maple St, Ferdinand, Idaho 83526",208-962-3214,Other,,7:00 AM,,KC Breakfast,special_event,English,,,2026-02-08,,,KC Breakfast
Assumption,"460 Maple St, Ferdinand, Idaho 83526",208-962-3214,Other,,TBD,,Ash Wednesday,special_event,English,,,2026-02-18,,,Ash Wednesday TIME_TBD
Blessed Sacrament,"829 SW Second Ave, Ontario, Oregon 97914",(541) 889-8469,Mass,Tue,6:00 PM,,Mass,specific_weekday,spanish,Blessed Sacrament Catholic Church,,,,,
Blessed Sacrament,"829 SW Second Ave, Ontario, Oregon 97914",(541) 889-8469,Mass,Wed,12:00 PM,,Mass,specific_weekday,english,Hospital Chapel,,,,,
Blessed Sacrament,"635 S 4th W, Aberdeen, Idaho 83210",208-915-0467,Mass,Wed,9:00 AM,,Mass,specific_weekday,english,Blessed Sacrament,,,,,
Blessed Sacrament,"635 S 4th W, Aberdeen, Idaho 83210",208-915-0467,Mass,Thu,6:00 PM,,Mass,specific_weekday,spanish,Blessed Sacrament,,,,,
Blessed Sacrament,"829 SW Second Ave, Ontario, Oregon 97914",(541) 889-8469,Mass,Thu,8:30 PM,,Mass,specific_weekday,english,Blessed Sacrament Catholic Church,,,,,family
Blessed Sacrament,"829 SW Second Ave, Ontario, Oregon 97914",(541) 889-8469,Mass,Fri,8:30 AM,,Mass,specific_weekday,english,Blessed Sacrament Catholic Church,,,,,
Blessed Sacrament,"829 SW Second Ave, Ontario, Oregon 97914",(541) 889-8469,Mass,Sat,5:00 PM,,Mass,saturday,english,Blessed Sacrament Catholic Church,,,,,vigil
Blessed Sacrament,"829 SW Second Ave, Ontario, Oregon 97914",(541) 889-8469,Mass,Sun,10:00 AM,,Mass,sunday,english,Blessed Sacrament Catholic Church,,,,,
Blessed Sacrament,"270 N 8th St, Montpelier, Idaho 83254",(208) 547-3200,Mass,Sun,11:00 AM,,Mass,sunday,english,"Blessed Sacrament, Montpelier",,,,,
Blessed Sacrament,"635 S 4th W, Aberdeen, Idaho 83210",208-915-0467,Mass,Sun,12:30 PM,,Mass,sunday,spanish,Blessed Sacrament,,,,,
Blessed Sacrament,"829 SW Second Ave, Ontario, Oregon 97914",(541) 889-8469,Mass,Sun,12:30 PM,,Mass,sunday,spanish,Blessed Sacrament Catholic Church,,,,,
Blessed Sacrament,"829 SW Second Ave, Ontario, Oregon 97914",(541) 889-8469,Mass,Sun,8:00 AM,,Mass,sunday,english,Blessed Sacrament Catholic Church,,,,,
Blessed Sacrament,"635 S 4th W, Aberdeen, Idaho 83210",208-915-0467,Mass,Sun,8:30 AM,,Mass,sunday,english,Blessed Sacrament,,,,,
Blessed Sacrament,"829 SW Second Ave, Ontario, Oregon 97914",(541) 889-8469,Mass,,12:00 PM,,Holy Mass,special_event,english,Blessed Sacrament Catholic Church,,2025-01-01,,,Holy Mass
Blessed Sacrament,"829 SW Second Ave, Ontario, Oregon 97914",(541) 889-8469,Mass,,12:00 PM,,Holy Mass,special_event,english,Blessed Sacrament Catholic Church,,2025-08-15,,,Holy Mass
Blessed Sacrament,"829 SW Second Ave, Ontario, Oregon 97914",(541) 889-8469,Mass,,12:00 PM,,Holy Mass,special_event,english,Blessed Sacrament Catholic Church,,2025-11-01,,,Holy Mass
Blessed Sacrament,"829 SW Second Ave, Ontario, Oregon 97914",(541) 889-8469,Mass,,12:00 PM,,Holy Mass,special_event,english,Blessed Sacrament Catholic Church,,2025-12-08,,,Holy Mass
Blessed Sacrament,"829 SW Second Ave, Ontario, Oregon 97914",(541) 889-8469,Mass,,12:00 PM,,Holy Mass,special_event,english,Blessed Sacrament Catholic Church,,2025-12-25,,,Holy Mass
Blessed Sacrament,"829 SW Second Ave, Ontario, Oregon 97914",(541) 889-8469,Mass,,6:00 PM,,Holy Mass,special_event,bilingual,Blessed Sacrament Catholic Church,,2025-01-01,,,Holy Mass
Blessed Sacrament,"829 SW Second Ave, Ontario, Oregon 97914",(541) 889-8469,Mass,,6:00 PM,,Holy Mass,special_event,bilingual,Blessed Sacrament Catholic Church,,2025-08-15,,,Holy Mass
Blessed Sacrament,"829 SW Second Ave, Ontario, Oregon 97914",(541) 889-8469,Mass,,6:00 PM,,Holy Mass,special_event,bilingual,Blessed Sacrament Catholic Church,,2025-11-01,,,Holy Mass
Blessed Sacrament,"829 SW Second Ave, Ontario, Oregon 97914",(541) 889-8469,Mass,,6:00 PM,,Holy Mass,special_event,bilingual,Blessed Sacrament Catholic Church,,2025-12-08,,,Holy Mass
Blessed Sacrament,"829 SW Second Ave, Ontario, Oregon 97914",(541) 889-8469,Mass,,6:00 PM,,Holy Mass,special_event,bilingual,Blessed Sacrament Catholic Church,,2025-12-25,,,Holy Mass
Blessed Sacrament,"829 SW Second Ave, Ontario, Oregon 97914",(541) 889-8469,Mass,,7:00 AM,,Holy Mass,special_event,english,Blessed Sacrament Catholic Church,,2025-01-01,,,Holy Mass
Blessed Sacrament,"829 SW Second Ave, Ontario, Oregon 97914",(541) 889-8469,Mass,,7:00 AM,,Holy Mass,special_event,english,Blessed Sacrament Catholic Church,,2025-08-15,,,Holy Mass
Blessed Sacrament,"829 SW Second Ave, Ontario, Oregon 97914",(541) 889-8469,Mass,,7:00 AM,,Holy Mass,special_event,english,Blessed Sacrament Catholic Church,,2025-11-01,,,Holy Mass
Blessed Sacrament,"829 SW Second Ave, Ontario, Oregon 97914",(541) 889-8469,Mass,,7:00 AM,,Holy Mass,special_event,english,Blessed Sacrament Catholic Church,,2025-12-08,,,Holy Mass
Blessed Sacrament,"829 SW Second Ave, Ontario, Oregon 97914",(541) 889-8469,Mass,,7:00 AM,,Holy Mass,special_event,english,Blessed Sacrament Catholic Church,,2025-12-25,,,Holy Mass
Blessed Sacrament,"635 S 4th W, Aberdeen, Idaho 83210",208-915-0467,Mass,,7:00 PM,,Ash Wednesday Mass,special_event,bilingual,Aberdeen,,2026-02-18,,,Ash Wednesday Mass
Blessed Sacrament,"829 SW Second Ave, Ontario, Oregon 97914",(541) 889-8469,Confession,Tue,5:00 PM,5:45 PM,Confession,specific_weekday,english,Blessed Sacrament Catholic Church,,,,,
Blessed Sacrament,"635 S 4th W, Aberdeen, Idaho 83210",208-915-0467,Confession,Thu,6:30 PM,7:30 PM,Confession,specific_weekday,English,Blessed Sacrament,,,,,
Blessed Sacrament,"829 SW Second Ave, Ontario, Oregon 97914",(541) 889-8469,Confession,Sat,4:00 PM,4:45 PM,Confession,saturday,english,Blessed Sacrament Catholic Church,,,,,
Blessed Sacrament,"270 N 8th St, Montpelier, Idaho 83254",(208) 547-3200,Confession,Sun,TBD,,Confession,other,English,,,,,,before most Masses on and Weekdays; check bulletin
Blessed Sacrament,"829 SW Second Ave, Ontario, Oregon 97914",(541) 889-8469,Adoration,Tue,5:00 PM,6:00 PM,Adoration & Holy Hour,specific_weekday,English,Blessed Sacrament Catholic Church,,,,,adoration
Blessed Sacrament,"635 S 4th W, Aberdeen, Idaho 83210",208-915-0467,Adoration,Wed,8:30 AM,9:00 AM,Adoration,specific_weekday,English,Blessed Sacrament,,,,,exposition
Blessed Sacrament,"635 S 4th W, Aberdeen, Idaho 83210",208-915-0467,Adoration,Thu,6:30 PM,7:30 PM,Adoration,specific_weekday,spanish,Blessed Sacrament   at 18:45),,,,,exposition; benediction
Blessed Sacrament,"829 SW Second Ave, Ontario, Oregon 97914",(541) 889-8469,Adoration,,8:00 PM,8:00 AM,Adoration & Holy Hour,monthly,English,Blessed Sacrament Catholic Church,first_saturday_(recurring),,,,adoration
Blessed Sacrament Chapel,"635 S 4th W, Aberdeen, Idaho 83210",208-915-0467,Mass,Wed,9:00 AM,,Mass,specific_weekday,english,Blessed Sacrament,,,,,
Blessed Sacrament Chapel,"635 S 4th W, Aberdeen, Idaho 83210",208-915-0467,Mass,Thu,6:00 PM,,Mass,specific_weekday,spanish,Blessed Sacrament,,,,,
Blessed Sacrament Chapel,"635 S 4th W, Aberdeen, Idaho 83210",208-915-0467,Mass,Sun,12:30 PM,,Mass,sunday,spanish,Blessed Sacrament,,,,,
Blessed Sacrament Chapel,"635 S 4th W, Aberdeen, Idaho 83210",208-915-0467,Mass,Sun,8:30 AM,,Mass,sunday,english,Blessed Sacrament,,,,,
Blessed Sacrament Chapel,"635 S 4th W, Aberdeen, Idaho 83210",208-915-0467,Confession,Thu,6:30 PM,7:30 PM,Confession,specific_weekday,English,Blessed Sacrament,,,,,
Blessed Sacrament Chapel,"635 S 4th W, Aberdeen, Idaho 83210",208-915-0467,Adoration,Wed,8:30 AM,9:00 AM,Adoration,specific_weekday,English,Blessed Sacrament,,,,,tags: exposition
Blessed Sacrament Chapel,"635 S 4th W, Aberdeen, Idaho 83210",208-915-0467,Adoration,Thu,6:30 PM,7:30 PM,Adoration,specific_weekday,spanish,Blessed Sacrament   at 18:45),,,,,exposition; benediction
Blessed Sacrament Chapel,"635 S 4th W, Aberdeen, Idaho 83210",208-915-0467,Other,,7:00 PM,,Ash Wednesday Services,special_event,bilingual,Aberdeen,,2026-02-18,,,Ash Wednesday Services; Mass
Cathedral of Our Lady of Lourdes,"1115 W Riverside Ave, Spokane, Washington 99201",(509) 358-4290,Mass,Mon,12:00 PM,,Mass,weekday,english,,,,,,
Cathedral of Our Lady of Lourdes,"1115 W Riverside Ave, Spokane, Washington 99201",(509) 358-4290,Mass,Mon,7:00 AM,,Mass,weekday,english,,,,,,
Cathedral of Our Lady of Lourdes,"1115 W Riverside Ave, Spokane, Washington 99201",(509) 358-4290,Mass,Tue,12:00 PM,,Mass,weekday,english,,,,,,
Cathedral of Our Lady of Lourdes,"1115 W Riverside Ave, Spokane, Washington 99201",(509) 358-4290,Mass,Tue,7:00 AM,,Mass,weekday,english,,,,,,
Cathedral of Our Lady of Lourdes,"1115 W Riverside Ave, Spokane, Washington 99201",(509) 358-4290,Mass,Wed,12:00 PM,,Mass,weekday,english,,,,,,
Cathedral of Our Lady of Lourdes,"1115 W Riverside Ave, Spokane, Washington 99201",(509) 358-4290,Mass,Wed,7:00 AM,,Mass,weekday,english,,,,,,
Cathedral of Our Lady of Lourdes,"1115 W Riverside Ave, Spokane, Washington 99201",(509) 358-4290,Mass,Thu,12:00 PM,,Mass,weekday,english,,,,,,
Cathedral of Our Lady of Lourdes,"1115 W Riverside Ave, Spokane, Washington 99201",(509) 358-4290,Mass,Thu,7:00 AM,,Mass,weekday,english,,,,,,
Cathedral of Our Lady of Lourdes,"1115 W Riverside Ave, Spokane, Washington 99201",(509) 358-4290,Mass,Fri,12:00 PM,,Mass,weekday,english,,,,,,
Cathedral of Our Lady of Lourdes,"1115 W Riverside Ave, Spokane, Washington 99201",(509) 358-4290,Mass,Fri,7:00 AM,,Mass,weekday,english,,,,,,
Cathedral of Our Lady of Lourdes,"1115 W Riverside Ave, Spokane, Washington 99201",(509) 358-4290,Mass,Sat,4:00 PM,,Mass,saturday,english,,,,,,vigil
Cathedral of Our Lady of Lourdes,"1115 W Riverside Ave, Spokane, Washington 99201",(509) 358-4290,Mass,Sat,9:00 AM,,Mass,saturday,english,,,,,,
Cathedral of Our Lady of Lourdes,"1115 W Riverside Ave, Spokane, Washington 99201",(509) 358-4290,Mass,Sun,11:00 AM,,Mass,sunday,english,,,,,,
Cathedral of Our Lady of Lourdes,"1115 W Riverside Ave, Spokane, Washington 99201",(509) 358-4290,Mass,Sun,5:00 PM,,Mass,sunday,english,,,,,,
Cathedral of Our Lady of Lourdes,"1115 W Riverside Ave, Spokane, Washington 99201",(509) 358-4290,Mass,Sun,7:00 AM,,Mass,sunday,english,,,,,,
Cathedral of Our Lady of Lourdes,"1115 W Riverside Ave, Spokane, Washington 99201",(509) 358-4290,Mass,Sun,9:00 AM,,Mass,sunday,english,,,,,,
Cathedral of Our Lady of Lourdes,"1115 W Riverside Ave, Spokane, Washington 99201",(509) 358-4290,Confession,Wed,12:30 PM,,Confession,specific_weekday,English,,,,,,Two priests available
Cathedral of Our Lady of Lourdes,"1115 W Riverside Ave, Spokane, Washington 99201",(509) 358-4290,Confession,Sat,1:00 PM,,Confession,saturday,English,,,,,,Two priests available
Cathedral of Our Lady of Lourdes,"1115 W Riverside Ave, Spokane, Washington 99201",(509) 358-4290,Confession,,11:30 AM,,Confession,monthly,English,,first_friday_(recurring),,,,
Cathedral of Our Lady of Lourdes,"1115 W Riverside Ave, Spokane, Washington 99201",(509) 358-4290,Adoration,,12:30 PM,1:30 PM,Adoration,monthly,English,,first_friday_(recurring),,,,benediction
Cathedral of St. John the Evangelist,"707 N 8th St, Boise, Idaho 83702",208-342-3511,Mass,Mon,12:15 PM,,Mass,weekday,english,Chapel,,,,,
Cathedral of St. John the Evangelist,"707 N 8th St, Boise, Idaho 83702",208-342-3511,Mass,Mon,8:30 AM,,Mass,weekday,english,,,,,,
Cathedral of St. John the Evangelist,"707 N 8th St, Boise, Idaho 83702",208-342-3511,Mass,Tue,12:15 PM,,Mass,weekday,english,Chapel,,,,,
Cathedral of St. John the Evangelist,"707 N 8th St, Boise, Idaho 83702",208-342-3511,Mass,Tue,8:30 AM,,Mass,weekday,english,,,,,,
Cathedral of St. John the Evangelist,"707 N 8th St, Boise, Idaho 83702",208-342-3511,Mass,Wed,12:15 PM,,Mass,weekday,english,Chapel,,,,,
Cathedral of St. John the Evangelist,"707 N 8th St, Boise, Idaho 83702",208-342-3511,Mass,Wed,6:30 PM,,Mass,specific_weekday,spanish,,,,,,
Cathedral of St. John the Evangelist,"707 N 8th St, Boise, Idaho 83702",208-342-3511,Mass,Wed,8:30 AM,,Mass,weekday,english,,,,,,
Cathedral of St. John the Evangelist,"707 N 8th St, Boise, Idaho 83702",208-342-3511,Mass,Thu,12:15 PM,,Mass,weekday,english,Chapel,,,,,
Cathedral of St. John the Evangelist,"707 N 8th St, Boise, Idaho 83702",208-342-3511,Mass,Thu,8:30 AM,,Mass,weekday,english,,,,,,
Cathedral of St. John the Evangelist,"707 N 8th St, Boise, Idaho 83702",208-342-3511,Mass,Fri,12:15 PM,,Mass,weekday,english,Chapel,,,,,
Cathedral of St. John the Evangelist,"707 N 8th St, Boise, Idaho 83702",208-342-3511,Mass,Fri,8:30 AM,,Mass,weekday,english,,,,,,
Cathedral of St. John the Evangelist,"707 N 8th St, Boise, Idaho 83702",208-342-3511,Mass,Sat,5:00 PM,,Mass,saturday,English,,,,,,vigil
Cathedral of St. John the Evangelist,"707 N 8th St, Boise, Idaho 83702",208-342-3511,Mass,Sat,8:30 AM,,Mass,saturday,english,Cathedral,,,,,
Cathedral of St. John the Evangelist,"707 N 8th St, Boise, Idaho 83702",208-342-3511,Mass,Sun,10:30 AM,,Mass,sunday,english,,,,,,
Cathedral of St. John the Evangelist,"707 N 8th St, Boise, Idaho 83702",208-342-3511,Mass,Sun,1:00 PM,,Mass,sunday,spanish,,,,,,
Cathedral of St. John the Evangelist,"707 N 8th St, Boise, Idaho 83702",208-342-3511,Mass,Sun,5:00 PM,,Mass,sunday,english,,,,,,
Cathedral of St. John the Evangelist,"707 N 8th St, Boise, Idaho 83702",208-342-3511,Mass,Sun,8:00 AM,,Mass,sunday,english,,,,,,
Cathedral of St. John the Evangelist,"707 N 8th St, Boise, Idaho 83702",208-342-3511,Mass,,12:15 PM,,Mass,special_event,English,Cathedral,,2026-02-18,,,Mass
Cathedral of St. John the Evangelist,"707 N 8th St, Boise, Idaho 83702",208-342-3511,Mass,,5:30 PM,,Mass,special_event,English,Cathedral,,2026-02-18,,,Mass
Cathedral of St. John the Evangelist,"707 N 8th St, Boise, Idaho 83702",208-342-3511,Mass,,7:00 PM,,Mass,special_event,spanish,Cathedral,,2026-02-18,,,Mass
Cathedral of St. John the Evangelist,"707 N 8th St, Boise, Idaho 83702",208-342-3511,Mass,,8:30 AM,,School Mass,special_event,English,Cathedral,,2026-02-18,,,School Mass
Cathedral of St. John the Evangelist,"707 N 8th St, Boise, Idaho 83702",208-342-3511,Confession,Wed,1:00 PM,2:30 PM,Confessions,specific_weekday,english,Chapel,,,,,
Cathedral of St. John the Evangelist,"707 N 8th St, Boise, Idaho 83702",208-342-3511,Confession,Wed,5:30 PM,,Confessions,specific_weekday,spanish,Chapel,,,,,
Cathedral of St. John the Evangelist,"707 N 8th St, Boise, Idaho 83702",208-342-3511,Confession,Sat,3:00 PM,4:45 PM,Confessions,saturday,english,Chapel,,,,,
Cathedral of St. John the Evangelist,"707 N 8th St, Boise, Idaho 83702",208-342-3511,Confession,,1:00 PM,2:30 PM,Confessions,monthly,english,Chapel,first_friday_(recurring),,,,
Cathedral of St. John the Evangelist,"707 N 8th St, Boise, Idaho 83702",208-342-3511,Confession,,9:15 AM,10:30 AM,Confessions,monthly,english,Chapel,first_friday_(recurring),,,,
Cathedral of St. John the Evangelist,"707 N 8th St, Boise, Idaho 83702",208-342-3511,Adoration,Mon,9:00 AM,8:00 PM,Exposition & Adoration,specific_weekday,English,Chapel,,,,,exposition
Cathedral of St. John the Evangelist,"707 N 8th St, Boise, Idaho 83702",208-342-3511,Adoration,Tue,9:00 AM,12:00 PM,Exposition & Adoration,specific_weekday,English,Chapel,,,,,exposition
Cathedral of St. John the Evangelist,"707 N 8th St, Boise, Idaho 83702",208-342-3511,Adoration,Wed,9:00 AM,6:00 PM,Exposition & Adoration,specific_weekday,English,Chapel,,,,,exposition
Cathedral of St. John the Evangelist,"707 N 8th St, Boise, Idaho 83702",208-342-3511,Adoration,Thu,9:00 AM,12:00 PM,Exposition & Adoration,specific_weekday,English,Chapel,,,,,exposition
Cathedral of St. John the Evangelist,"707 N 8th St, Boise, Idaho 83702",208-342-3511,Adoration,Fri,9:00 AM,8:00 PM,Exposition & Adoration,specific_weekday,English,Chapel,,,,,exposition
Cathedral of St. John the Evangelist,"707 N 8th St, Boise, Idaho 83702",208-342-3511,Other,,10:00 AM,11:30 AM,Self Guided tour & Catholic inquiry hours,parish_event,English,,,,,,
Cathedral of St. John the Evangelist,"707 N 8th St, Boise, Idaho 83702",208-342-3511,Other,,10:00 AM,11:30 AM,Self Guided tour & Catholic inquiry hours,parish_event,English,,,,,,
Cathedral of St. John the Evangelist,"707 N 8th St, Boise, Idaho 83702",208-342-3511,Other,,1:30 PM,3:00 PM,Self Guided tour & Catholic inquiry hours,parish_event,English,,,,,,
Cathedral of St. John the Evangelist,"707 N 8th St, Boise, Idaho 83702",208-342-3511,Other,,1:30 PM,3:00 PM,Self Guided tour & Catholic inquiry hours,parish_event,English,,,,,,
Cathedral of St. John the Evangelist,"707 N 8th St, Boise, Idaho 83702",208-342-3511,Other,,3:00 PM,4:30 PM,Guided Docent Tours,parish_event,English,,,,,,
Cathedral of St. John the Evangelist,"707 N 8th St, Boise, Idaho 83702",208-342-3511,Other,,7:00 AM,,Ash Service,special_event,English,Cathedral,,2026-02-18,,,Ash Service
Cathedral of St. John the Evangelist,"707 N 8th St, Boise, Idaho 83702",208-342-3511,Other,,7:00 PM,,Self Guided tour & Catholic inquiry hours,parish_event,English,,,,,,note: by prior appointment
Corpus Christi,"900 NW 7th St, Fruitland, Idaho 83619",208-452-5778,Mass,Tue,8:30 AM,,Mass,specific_weekday,english,,,,,,
Corpus Christi,"900 NW 7th St, Fruitland, Idaho 83619",208-452-5778,Mass,Thu,6:30 PM,,Mass,specific_weekday,spanish,,,,,,
Corpus Christi,"900 NW 7th St, Fruitland, Idaho 83619",208-452-5778,Mass,Fri,8:30 AM,,Mass,specific_weekday,english,,,,,,
Corpus Christi,"900 NW 7th St, Fruitland, Idaho 83619",208-452-5778,Mass,Sat,5:00 PM,,Mass,saturday,english,,,,,,
Corpus Christi,"900 NW 7th St, Fruitland, Idaho 83619",208-452-5778,Mass,Sun,12:00 PM,,Mass,sunday,spanish,,,,,,
Corpus Christi,"900 NW 7th St, Fruitland, Idaho 83619",208-452-5778,Mass,Sun,9:00 AM,,Mass,sunday,english,,,,,,
Corpus Christi,"900 NW 7th St, Fruitland, Idaho 83619",208-452-5778,Mass,,5:00 PM,6:00 PM,Mass,special_event,English,,,2026-10-04,,,Mass
Corpus Christi,"900 NW 7th St, Fruitland, Idaho 83619",208-452-5778,Confession,Tue,9:05 AM,9:25 AM,Confession,specific_weekday,English,,,,,,
Corpus Christi,"900 NW 7th St, Fruitland, Idaho 83619",208-452-5778,Confession,Thu,5:30 PM,6:30 PM,Confession,specific_weekday,English,,,,,,
Corpus Christi,"900 NW 7th St, Fruitland, Idaho 83619",208-452-5778,Confession,Fri,9:05 AM,9:25 AM,Confession,specific_weekday,English,,,,,,
Corpus Christi,"900 NW 7th St, Fruitland, Idaho 83619",208-452-5778,Confession,Sat,3:30 PM,4:30 PM,Confession,saturday,English,,,,,,or By Appointment/Por una Cita
Corpus Christi,"900 NW 7th St, Fruitland, Idaho 83619",208-452-5778,Confession,,3:30 PM,4:30 PM,Confession,special_event,English,,,2026-10-04,,,Confession
Corpus Christi,"900 NW 7th St, Fruitland, Idaho 83619",208-452-5778,Adoration,Tue,9:00 AM,,Adoration,specific_weekday,English,,,,,,Begins after Daily Mass
Corpus Christi,"900 NW 7th St, Fruitland, Idaho 83619",208-452-5778,Adoration,Thu,9:00 AM,6:30 PM,Adoration,specific_weekday,English,,,,,,
Corpus Christi,"900 NW 7th St, Fruitland, Idaho 83619",208-452-5778,Adoration,Fri,9:00 AM,,Adoration,specific_weekday,English,,,,,,Begins after Daily Mass
Corpus Christi,"900 NW 7th St, Fruitland, Idaho 83619",208-452-5778,Devotions,Tue,8:00 AM,,Morning Prayer,specific_weekday,English,,,,,,
Corpus Christi,"900 NW 7th St, Fruitland, Idaho 83619",208-452-5778,Devotions,Fri,8:00 AM,,Morning Prayer,specific_weekday,English,,,,,,
Corpus Christi,"900 NW 7th St, Fruitland, Idaho 83619",208-452-5778,Devotions,Sun,7:00 AM,8:30 AM,Holy Hour,sunday,English,,,,,,
Corpus Christi,"900 NW 7th St, Fruitland, Idaho 83619",208-452-5778,Devotions,,7:00 AM,8:30 AM,Holy Hour,special_event,English,,,2026-10-05,,,Holy Hour
Corpus Christi,"900 NW 7th St, Fruitland, Idaho 83619",208-452-5778,Other,,10:00 AM,11:00 AM,am KofC Breakfast,special_event,English,,,2026-10-05,,,am KofC Breakfast
Good Shepherd,"2559 S ID-33, Driggs, Idaho 83422",208-624-7459,Mass,Wed,5:00 PM,,Mass,specific_weekday,English,GS,,,,,
Good Shepherd,"2559 S ID-33, Driggs, Idaho 83422",208-624-7459,Mass,Sun,11:00 AM,,Mass,sunday,spanish,GS,,,,,
Good Shepherd,"2559 S ID-33, Driggs, Idaho 83422",208-624-7459,Mass,Sun,9:00 AM,,Mass,sunday,english,GS,,,,,
Good Shepherd,"2559 S ID-33, Driggs, Idaho 83422",208-624-7459,Confession,Wed,3:30 PM,,Confession,specific_weekday,English,GS,,,,,
Good Shepherd,"2559 S ID-33, Driggs, Idaho 83422",208-624-7459,Adoration,Wed,12:00 PM,5:00 PM,Adoration,specific_weekday,English,GS,,,,,exposition
Holy Apostles,"6300 N Meridian Rd, Meridian, Idaho 83646",208-888-1182,Mass,Mon,8:45 AM,9:30 AM,Daily Mass,weekday,English,,,,,,
Holy Apostles,"6300 N Meridian Rd, Meridian, Idaho 83646",208-888-1182,Mass,Mon,8:45 AM,,Weekday Mass,weekday,English,,,,,,
Holy Apostles,"6300 N Meridian Rd, Meridian, Idaho 83646",208-888-1182,Mass,Tue,6:00 PM,,Mass,specific_weekday,English,,,,,,
Holy Apostles,"6300 N Meridian Rd, Meridian, Idaho 83646",208-888-1182,Mass,Tue,8:45 AM,9:30 AM,Daily Mass,weekday,English,,,,,,
Holy Apostles,"6300 N Meridian Rd, Meridian, Idaho 83646",208-888-1182,Mass,Tue,8:45 AM,,Weekday Mass,weekday,English,,,,,,
Holy Apostles,"6300 N Meridian Rd, Meridian, Idaho 83646",208-888-1182,Mass,Wed,8:45 AM,,Weekday Mass,weekday,English,,,,,,
Holy Apostles,"6300 N Meridian Rd, Meridian, Idaho 83646",208-888-1182,Mass,Wed,8:45 AM,9:30 AM,Daily Mass,weekday,English,,,,,,
Holy Apostles,"6300 N Meridian Rd, Meridian, Idaho 83646",208-888-1182,Mass,Thu,8:45 AM,9:30 AM,Daily Mass,weekday,English,,,,,,
Holy Apostles,"6300 N Meridian Rd, Meridian, Idaho 83646",208-888-1182,Mass,Thu,8:45 AM,,Weekday Mass,weekday,English,,,,,,
Holy Apostles,"6300 N Meridian Rd, Meridian, Idaho 83646",208-888-1182,Mass,Fri,8:45 AM,9:30 AM,Daily Mass,weekday,English,,,,,,
Holy Apostles,"6300 N Meridian Rd, Meridian, Idaho 83646",208-888-1182,Mass,Fri,8:45 AM,,Weekday Mass,weekday,English,,,,,,
Holy Apostles,"6300 N Meridian Rd, Meridian, Idaho 83646",208-888-1182,Mass,Sat,5:00 PM,6:00 PM,Mass 5pm,saturday,English,,,,,,
Holy Apostles,"6300 N Meridian Rd, Meridian, Idaho 83646",208-888-1182,Mass,Sat,5:00 PM,,Saturday Vigil Mass,saturday,English,,,,,,
Holy Apostles,"6300 N Meridian Rd, Meridian, Idaho 83646",208-888-1182,Mass,Sun,11:00 AM,,Mass,sunday,English,,,,,,
Holy Apostles,"6300 N Meridian Rd, Meridian, Idaho 83646",208-888-1182,Mass,Sun,11:00 AM,12:00 PM,Mass 11am,sunday,English,,,,,,
Holy Apostles,"6300 N Meridian Rd, Meridian, Idaho 83646",208-888-1182,Mass,Sun,1:00 PM,,Mass,sunday,English,,,,,,
Holy Apostles,"6300 N Meridian Rd, Meridian, Idaho 83646",208-888-1182,Mass,Sun,6:00 PM,,Mass,sunday,English,,,,,,
Holy Apostles,"6300 N Meridian Rd, Meridian, Idaho 83646",208-888-1182,Mass,Sun,9:00 AM,,Mass,sunday,English,,,,,,
Holy Apostles,"6300 N Meridian Rd, Meridian, Idaho 83646",208-888-1182,Mass,Sun,9:00 AM,10:00 AM,Mass 9am,sunday,English,,,,,,
Holy Apostles,"6300 N Meridian Rd, Meridian, Idaho 83646",208-888-1182,Mass,,11:00 AM,,Mass 11am,special_event,English,,,2026-01-18,,,Mass 11am; note ends Jan 18 at 12:00
Holy Apostles,"6300 N Meridian Rd, Meridian, Idaho 83646",208-888-1182,Mass,,5:00 PM,,Mass 5pm,special_event,English,,,2026-01-17,,,Mass 5pm; note ends Jan 17 at 18:00
Holy Apostles,"6300 N Meridian Rd, Meridian, Idaho 83646",208-888-1182,Mass,,8:45 AM,,Daily Mass,special_event,English,,,2026-01-16,,,Daily Mass; note ends Jan 16 at 09:30
Holy Apostles,"6300 N Meridian Rd, Meridian, Idaho 83646",208-888-1182,Mass,,9:00 AM,,Mass 9am,special_event,English,,,2026-01-18,,,Mass 9am; note ends Jan 18 at 10:00
Holy Apostles,"6300 N Meridian Rd, Meridian, Idaho 83646",208-888-1182,Confession,Tue,4:30 PM,5:30 PM,Reconciliation,specific_weekday,English,,,,,,
Holy Apostles,"6300 N Meridian Rd, Meridian, Idaho 83646",208-888-1182,Confession,Sat,3:30 PM,4:30 PM,Reconciliation,saturday,English,,,,,,
Holy Apostles,"6300 N Meridian Rd, Meridian, Idaho 83646",208-888-1182,Confession,Sat,3:30 PM,4:45 PM,Reconciliation,saturday,English,,,,,,
Holy Apostles,"6300 N Meridian Rd, Meridian, Idaho 83646",208-888-1182,Confession,,3:30 PM,,Reconciliation,special_event,English,,,2026-01-17,,,Reconciliation; note ends Jan 17 at 16:45
Holy Apostles,"6300 N Meridian Rd, Meridian, Idaho 83646",208-888-1182,Devotions,Fri,9:30 AM,10:30 AM,Women's Prayer Group,specific_weekday,English,,,,,,
Holy Apostles,"6300 N Meridian Rd, Meridian, Idaho 83646",208-888-1182,Devotions,,9:30 AM,,Women's Prayer Group,special_event,English,,,2026-01-16,,,Women's Prayer Group; note ends Jan 16 at 10:30
Holy Apostles,"6300 N Meridian Rd, Meridian, Idaho 83646",208-888-1182,Community,Fri,9:45 AM,10:45 AM,Legion of Mary — Our Lady of Victory,specific_weekday,English,,,,,,
Holy Apostles,"6300 N Meridian Rd, Meridian, Idaho 83646",208-888-1182,Community,,9:45 AM,,Legion of Mary — Our Lady of Victory,special_event,English,,,2026-01-16,,,Legion of Mary — Our Lady of Victory; note ends Jan 16 at 10:45
Holy Apostles,"6300 N Meridian Rd, Meridian, Idaho 83646",208-888-1182,Other,Mon,7:35 AM,9:30 AM,Flex-Fit & Faithful,specific_weekday,English,,,,,,
Holy Apostles,"6300 N Meridian Rd, Meridian, Idaho 83646",208-888-1182,Other,Wed,7:35 AM,9:30 AM,Flex-Fit & Faithful,specific_weekday,English,,,,,,
Holy Apostles,"6300 N Meridian Rd, Meridian, Idaho 83646",208-888-1182,Other,Fri,7:35 AM,9:30 AM,Flex-Fit & Faithful,specific_weekday,English,,,,,,
Holy Apostles,"6300 N Meridian Rd, Meridian, Idaho 83646",208-888-1182,Other,Sat,6:00 AM,8:00 AM,That Man Is You,saturday,English,,,,,,
Holy Apostles,"6300 N Meridian Rd, Meridian, Idaho 83646",208-888-1182,Other,,6:00 AM,,That Man Is You,special_event,English,,,2026-01-17,,,That Man Is You; note ends Jan 17 at 08:00
Holy Apostles,"6300 N Meridian Rd, Meridian, Idaho 83646",208-888-1182,Other,,7:35 AM,,Flex-Fit & Faithful,special_event,English,,,2026-01-16,,,Flex-Fit & Faithful; note ends Jan 16 at 09:30
Holy Cross,"1131 Rd, Keuterville, Idaho 83538",12089623214,Mass,Sun,7:00 PM,,Mass,sunday,English,"Holy Cross Chapel, Keuterville",,,,,note: Memorial Day–Labor Day
Holy Cross,"1131 Rd, Keuterville, Idaho 83538",12089623214,Adoration,,7:00 PM,7:00 AM,Adoration,monthly,English,,third_thursday,,,,Third Thursday; note: ends Friday 07:00; exposition
Holy Family,"1109 Chestnut St, Clarkston, Washington 99403-2538",(509) 758-6102,Mass,Mon,8:00 AM,,Mass,specific_weekday,English,Holy Family Catholic Church,,,,,
Holy Family,"1109 Chestnut St, Clarkston, Washington 99403-2538",(509) 758-6102,Mass,Wed,8:30 AM,,Mass,specific_weekday,English,Holy Family Catholic Church,,,,,
Holy Family,"1109 Chestnut St, Clarkston, Washington 99403-2538",(509) 758-6102,Mass,Fri,8:00 AM,,Mass,specific_weekday,English,Holy Family Catholic Church,,,,,
Holy Family,"1109 Chestnut St, Clarkston, Washington 99403-2538",(509) 758-6102,Mass,Sat,4:00 PM,,Mass,saturday,English,Holy Family Catholic Church,,,,,
Holy Family,"1109 Chestnut St, Clarkston, Washington 99403-2538",(509) 758-6102,Mass,Sun,8:00 AM,,Mass,sunday,English,Holy Family Catholic Church,,,,,
Holy Family,"1109 Chestnut St, Clarkston, Washington 99403-2538",(509) 758-6102,Confession,Wed,9:00 AM,,Confessions,specific_weekday,English,Holy Family Catholic Church,,,,,note: After Mass
Holy Family,"1109 Chestnut St, Clarkston, Washington 99403-2538",(509) 758-6102,Confession,Sat,3:00 PM,3:30 PM,Confessions,saturday,English,Holy Family Catholic Church,,,,,
Holy Family,"1109 Chestnut St, Clarkston, Washington 99403-2538",(509) 758-6102,Devotions,Wed,9:00 AM,10:00 AM,Holy Hour,specific_weekday,English,Holy Family Catholic Church,,,,,exposition; benediction; note: occurs after Mass
Holy Rosary (St. Agnes Parish),"250 S 1st St, Cambridge, Idaho 83610", (208) 549-0088,Mass,Wed,12:00 PM,,Mass,specific_weekday,English,"Holy Rosary, Cambridge",,,,,Followed by Adoration
Holy Rosary (St. Agnes Parish),"250 S 1st St, Cambridge, Idaho 83610", (208) 549-0088,Mass,,3:30 PM,,Mass,monthly,English,"Holy Rosary, Cambridge",sunday,,,,"2nd, 4th & 5th"
Holy Rosary (St. Agnes Parish),"250 S 1st St, Cambridge, Idaho 83610", (208) 549-0088,Confession,Wed,TBD,,Confessions,other,English,"Holy Rosary, Cambridge",,,before,Mass,WEDNESDAY before Mass; before Mass
Holy Rosary Church,"905 So Lee Ave, Idaho Falls, Idaho None",(208) 522-4366,Mass,Mon,8:15 AM,,Mass,weekday,english,Holy Rosary Church,,,,,
Holy Rosary Church,"905 So Lee Ave, Idaho Falls, Idaho None",(208) 522-4366,Mass,Tue,8:15 AM,,Mass,weekday,english,Holy Rosary Church,,,,,
Holy Rosary Church,"905 So Lee Ave, Idaho Falls, Idaho None",(208) 522-4366,Mass,Wed,8:15 AM,,Mass,weekday,english,Holy Rosary Church,,,,,
Holy Rosary Church,"905 So Lee Ave, Idaho Falls, Idaho None",(208) 522-4366,Mass,Thu,7:00 PM,,Mass,specific_weekday,spanish,Iglesia Santo Rosario,,,,,
Holy Rosary Church,"905 So Lee Ave, Idaho Falls, Idaho None",(208) 522-4366,Mass,Thu,8:15 AM,,Mass,weekday,english,Holy Rosary Church,,,,,
Holy Rosary Church,"905 So Lee Ave, Idaho Falls, Idaho None",(208) 522-4366,Mass,Fri,8:15 AM,,Mass,weekday,english,Holy Rosary Church,,,,,
Holy Rosary Church,"905 So Lee Ave, Idaho Falls, Idaho None",(208) 522-4366,Mass,Sat,7:00 PM,,Mass,saturday,spanish,Iglesia Santo Rosario,,,,,
Holy Rosary Church,"905 So Lee Ave, Idaho Falls, Idaho None",(208) 522-4366,Mass,Sun,11:30 AM,,Mass,sunday,spanish,Holy Rosary Church,,,,,
Holy Rosary Church,"905 So Lee Ave, Idaho Falls, Idaho None",(208) 522-4366,Mass,Sun,8:00 AM,,Mass,sunday,english,Holy Rosary Church,,,,,
Holy Rosary Church,"905 So Lee Ave, Idaho Falls, Idaho None",(208) 522-4366,Mass,,12:00 PM,,Mass,special_event,bilingual,Holy Rosary Church,,2026-02-18,,,Mass
Holy Rosary Church,"905 So Lee Ave, Idaho Falls, Idaho None",(208) 522-4366,Mass,,5:00 PM,,"Mary, Mother of God Vigil",special_event,english,Holy Rosary Church,,2025-12-31,,,"Mary, Mother of God Vigil"
Holy Rosary Church,"905 So Lee Ave, Idaho Falls, Idaho None",(208) 522-4366,Mass,,8:15 AM,,Mass,special_event,english,Holy Rosary Church,,2026-02-18,,,Mass
Holy Rosary Church,"905 So Lee Ave, Idaho Falls, Idaho None",(208) 522-4366,Mass,,8:15 AM,,Mass,monthly,bilingual,Holy Rosary Church,first_saturday_(recurring),,,,
Holy Rosary Church,"905 So Lee Ave, Idaho Falls, Idaho None",(208) 522-4366,Confession,Thu,5:30 PM,6:30 PM,Confession,specific_weekday,English,Holy Rosary Church,,,,,
Holy Rosary Church,"905 So Lee Ave, Idaho Falls, Idaho None",(208) 522-4366,Confession,Fri,9:15 AM,10:15 AM,Confession,specific_weekday,English,Holy Rosary Church,,,,,
Holy Rosary Church,"905 So Lee Ave, Idaho Falls, Idaho None",(208) 522-4366,Confession,,9:15 AM,10:15 AM,Confession,monthly,English,Holy Rosary Church,first_saturday_(recurring),,,,
Holy Rosary Church,"905 So Lee Ave, Idaho Falls, Idaho None",(208) 522-4366,Adoration,Thu,9:00 AM,6:45 PM,Adoration,specific_weekday,English,Holy Rosary Church,,,,,exposition
Holy Rosary Church,"905 So Lee Ave, Idaho Falls, Idaho None",(208) 522-4366,Other,,11:30 AM,,"Mary, Mother of God",special_event,spanish,Holy Rosary Church,,2026-01-01,,,"Mary, Mother of God"
Holy Rosary Church,"905 So Lee Ave, Idaho Falls, Idaho None",(208) 522-4366,Other,,8:00 AM,,"Mary, Mother of God",special_event,english,Holy Rosary Church,,2026-01-01,,,"Mary, Mother of God"
Holy Trinity,"505 Willow St, Nezperce, Idaho 83543",(208) 983-0403,Mass,Wed,6:00 PM,,Mass,specific_weekday,English,Holy Trinity,,,,,
Holy Trinity,"505 Willow St, Nezperce, Idaho 83543",(208) 983-0403,Mass,Fri,6:00 PM,,Mass,specific_weekday,English,Holy Trinity,,,,,
Holy Trinity,"505 Willow St, Nezperce, Idaho 83543",(208) 983-0403,Mass,Sun,10:00 AM,,Mass,sunday,English,Holy Trinity,,,,,
Holy Trinity,"505 Willow St, Nezperce, Idaho 83543",(208) 983-0403,Confession,Sun,TBD,,Reconciliation,other,English,Holy Trinity,,,after,Mass,Sunday after Mass; 1st after Mass during Adoration
Holy Trinity,"505 Willow St, Nezperce, Idaho 83543",(208) 983-0403,Adoration,,5:00 PM,6:00 PM,Adoration,monthly,English,Holy Trinity,second_wednesday,,,,2nd One hour before Mass
Holy Trinity,"505 Willow St, Nezperce, Idaho 83543",(208) 983-0403,Devotions,,3:00 PM,4:00 PM,Divine Mercy,other,English,,,,,,Daily
Holy Trinity,"505 Willow St, Nezperce, Idaho 83543",(208) 983-0403,Sacraments,Sun,TBD,,Anointing of the Sick,other,English,Holy Trinity,,,after,Mass,Following Mass on the 5th of the month
Immaculate Conception,"1631 Poplar St, Buhl, Idaho 83316",208-543-5136,Mass,Tue,7:00 PM,,Mass,specific_weekday,spanish,,,,,,
Immaculate Conception,"201 Camas St W, Fairfield, Idaho 83327",208-788-3024,Mass,Tue,8:30 AM,,Mass,specific_weekday,english,,,,,,
Immaculate Conception,"1631 Poplar St, Buhl, Idaho 83316",208-543-5136,Mass,Wed,8:00 AM,,Mass,specific_weekday,english,,,,,,
Immaculate Conception,"201 Camas St W, Fairfield, Idaho 83327",208-788-3024,Mass,Thu,7:00 PM,,Mass,specific_weekday,spanish,,,,,,
Immaculate Conception,"1631 Poplar St, Buhl, Idaho 83316",208-543-5136,Mass,Thu,8:00 AM,,Mass,specific_weekday,english,,,,,,
Immaculate Conception,"201 Camas St W, Fairfield, Idaho 83327",208-788-3024,Mass,Thu,8:30 AM,,Mass,specific_weekday,english,,,,,,
Immaculate Conception,"1631 Poplar St, Buhl, Idaho 83316",208-543-5136,Mass,Fri,7:00 AM,,Mass,specific_weekday,english,,,,,,
Immaculate Conception,"1631 Poplar St, Buhl, Idaho 83316",208-543-5136,Mass,Sat,5:00 PM,,Mass,saturday,english,,,,,,vigil
Immaculate Conception,"201 Camas St W, Fairfield, Idaho 83327",208-788-3024,Mass,Sat,7:00 PM,,Mass,saturday,spanish,,,,,,vigil; livestream
Immaculate Conception,"1631 Poplar St, Buhl, Idaho 83316",208-543-5136,Mass,Sun,10:00 AM,,Mass,sunday,english,St. Catherine's in Hagerman,,,,,
Immaculate Conception,"1631 Poplar St, Buhl, Idaho 83316",208-543-5136,Mass,Sun,12:00 PM,,Mass,sunday,spanish,,,,,,
Immaculate Conception,"201 Camas St W, Fairfield, Idaho 83327",208-788-3024,Mass,Sun,2:00 PM,,Mass,sunday,english,"Immaculate Conception, Fairfield",,,,,note: Once Monthly
Immaculate Conception,"1631 Poplar St, Buhl, Idaho 83316",208-543-5136,Mass,Sun,8:00 AM,,Mass,sunday,english,,,,,,
Immaculate Conception,"201 Camas St W, Fairfield, Idaho 83327",208-788-3024,Mass,Sun,8:30 AM,,Mass,sunday,english,,,,,,
Immaculate Conception,"201 Camas St W, Fairfield, Idaho 83327",208-788-3024,Confession,Thu,6:00 PM,6:45 PM,Confession,specific_weekday,English,,,,,,note: Confession is also available by appointment
Immaculate Conception,"1631 Poplar St, Buhl, Idaho 83316",208-543-5136,Confession,Sat,3:30 PM,4:30 PM,Confession,saturday,English,,,,,,note: By reservation; call the office.
Immaculate Conception,"201 Camas St W, Fairfield, Idaho 83327",208-788-3024,Other,,6:45 PM,,Bautismo,other,spanish,,,,,,El lunes 2 de febrero; clase
Immaculate Conception Mission,"13327 US Rte 2, Troy, Montana 59935",(406) 293-4322 ,Mass,Fri,3:00 PM,,Mass,specific_weekday,english,Immaculate Conception,,,,,Troy
Immaculate Conception Mission,"13327 US Rte 2, Troy, Montana 59935",(406) 293-4322 ,Mass,Sun,9:00 AM,,Mass,sunday,english,Immaculate Conception Mission,,,,,Troy; MT
Immaculate Conception Mission,"13327 US Rte 2, Troy, Montana 59935",(406) 293-4322 ,Confession,Sun,8:15 AM,,Confession,sunday,English,Immaculate Conception,,,,,
Immaculate Conception Mission,"13327 US-2, Troy, MT 59935",+1-406-293-4322,Other,,TBD,,Eucharistic Congress 2026,special_event,English,,,2026-03-27,,,Eucharistic Congress 2026; check bulletin; check bulletin; Annual weekend of faith and fellowship
Immaculate Conception Mission,"13327 US-2, Troy, MT 59935",+1-406-293-4322,Other,,TBD,,Eucharistic Congress 2026,parish_event,English,,,2026-03-27,,,check bulletin; note: annual weekend event with keynote Cardinal Timothy Dolan
Mary Immaculate,"328 W 1st St N, Saint Anthony, Idaho 83445",208-624-7459,Mass,Wed,5:00 PM,,Mass,specific_weekday,English,GS,,,,,
Mary Immaculate,"328 W 1st St N, Saint Anthony, Idaho 83445",208-624-7459,Mass,Thu,6:00 PM,,Mass,specific_weekday,English,MI,,,,,
Mary Immaculate,"328 W 1st St N, Saint Anthony, Idaho 83445",208-624-7459,Mass,Sat,4:00 PM,,Mass,saturday,english,MI,,,,,vigil
Mary Immaculate,"328 W 1st St N, Saint Anthony, Idaho 83445",208-624-7459,Mass,Sat,6:00 PM,,Mass,saturday,spanish,MI,,,,,vigil
Mary Immaculate,"328 W 1st St N, Saint Anthony, Idaho 83445",208-624-7459,Confession,Thu,4:30 PM,,Confession,specific_weekday,English,MI,,,,,
Mary Immaculate,"328 W 1st St N, Saint Anthony, Idaho 83445",208-624-7459,Confession,Sat,3:00 PM,3:30 PM,Confession,saturday,English,MI,,,,,
Mary Immaculate,"328 W 1st St N, Saint Anthony, Idaho 83445",208-624-7459,Adoration,Thu,1:00 PM,6:00 PM,Adoration,specific_weekday,English,MI,,,,,exposition
Monastery of Our Lady of Ephesus,"4450 N Five Mile Rd, Boise, Idaho 83713",208-453-6252,Mass,Mon,7:00 PM,,Mass,specific_weekday,English,,,,,,
Monastery of Our Lady of Ephesus,"4450 N Five Mile Rd, Boise, Idaho 83713",208-453-6252,Mass,Mon,7:30 AM,,Mass,specific_weekday,English,,,,,,
Monastery of Our Lady of Ephesus,"4450 N Five Mile Rd, Boise, Idaho 83713",208-453-6252,Mass,Tue,12:00 PM,,Mass,specific_weekday,English,,,,,,
Monastery of Our Lady of Ephesus,"4450 N Five Mile Rd, Boise, Idaho 83713",208-453-6252,Mass,Tue,7:00 PM,,Mass,specific_weekday,English,,,,,,
Monastery of Our Lady of Ephesus,"4450 N Five Mile Rd, Boise, Idaho 83713",208-453-6252,Mass,Tue,8:00 AM,,Mass,specific_weekday,English,,,,,,
Monastery of Our Lady of Ephesus,"4450 N Five Mile Rd, Boise, Idaho 83713",208-453-6252,Mass,Wed,7:00 PM,,Mass,specific_weekday,English,,,,,,
Monastery of Our Lady of Ephesus,"4450 N Five Mile Rd, Boise, Idaho 83713",208-453-6252,Mass,Wed,7:30 AM,,Mass,specific_weekday,English,,,,,,
Monastery of Our Lady of Ephesus,"4450 N Five Mile Rd, Boise, Idaho 83713",208-453-6252,Mass,Thu,7:00 PM,,Mass,specific_weekday,English,,,,,,
Monastery of Our Lady of Ephesus,"4450 N Five Mile Rd, Boise, Idaho 83713",208-453-6252,Mass,Thu,7:30 AM,,Mass,specific_weekday,English,,,,,,
Monastery of Our Lady of Ephesus,"4450 N Five Mile Rd, Boise, Idaho 83713",208-453-6252,Mass,Fri,7:00 PM,,Mass,specific_weekday,English,,,,,,
Monastery of Our Lady of Ephesus,"4450 N Five Mile Rd, Boise, Idaho 83713",208-453-6252,Mass,Fri,7:30 AM,,Mass,specific_weekday,English,,,,,,
Monastery of Our Lady of Ephesus,"4450 N Five Mile Rd, Boise, Idaho 83713",208-453-6252,Mass,Sat,7:00 PM,,Mass,specific_weekday,English,,,,,,
Monastery of Our Lady of Ephesus,"4450 N Five Mile Rd, Boise, Idaho 83713",208-453-6252,Mass,Sat,7:30 AM,,Mass,specific_weekday,English,,,,,,
Monastery of Our Lady of Ephesus,"4450 N Five Mile Rd, Boise, Idaho 83713",208-453-6252,Mass,Sun,11:00 AM,,Mass,sunday,English,,,,,,Community Mass
Monastery of Our Lady of Ephesus,"4450 N Five Mile Rd, Boise, Idaho 83713",208-453-6252,Mass,Sun,8:00 AM,,Mass,sunday,English,,,,,,Solemn
Monastery of Our Lady of Ephesus,"4450 N Five Mile Rd, Boise, Idaho 83713",208-453-6252,Mass,Sun,9:30 AM,,Mass,sunday,spanish,,,,,,
Monastery of Our Lady of Ephesus,"4450 N Five Mile Rd, Boise, Idaho 83713",208-453-6252,Confession,Sat,2:00 PM,4:00 PM,Sacrament of Confession,saturday,English,,,,,,
Monastery of Our Lady of Ephesus,"4450 N Five Mile Rd, Boise, Idaho 83713",208-453-6252,Other,Tue,7:00 PM,,Evening Classes,other,English,,,,,,School of Life
Monastery of Our Lady of Ephesus,"4450 N Five Mile Rd, Boise, Idaho 83713",208-453-6252,Other,Wed,7:00 PM,,Evening Classes,other,English,,,,,,School of Life
Our Lady Queen of Heaven,"Oreana Idaho 83650, Oreana, Idaho 83650",,Mass,Mon,8:00 AM,,Mass,weekday,english,New Church,,,,,
Our Lady Queen of Heaven,"Oreana Idaho 83650, Oreana, Idaho 83650",,Mass,Tue,8:00 AM,,Mass,weekday,english,New Church,,,,,
Our Lady Queen of Heaven,"Oreana Idaho 83650, Oreana, Idaho 83650",,Mass,Tue,8:15 AM,,Mass,specific_weekday,english,Old Church,,,,,
Our Lady Queen of Heaven,"Oreana Idaho 83650, Oreana, Idaho 83650",,Mass,Wed,7:00 PM,,Mass,specific_weekday,spanish,New Church,,,,,
Our Lady Queen of Heaven,"Oreana Idaho 83650, Oreana, Idaho 83650",,Mass,Wed,8:00 AM,,Mass,weekday,english,New Church,,,,,
Our Lady Queen of Heaven,"Oreana Idaho 83650, Oreana, Idaho 83650",,Mass,Wed,8:15 AM,,Mass,specific_weekday,english,Old Church,,,,,
Our Lady Queen of Heaven,"Oreana Idaho 83650, Oreana, Idaho 83650",,Mass,Thu,8:00 AM,,Mass,weekday,english,New Church,,,,,
Our Lady Queen of Heaven,"Oreana Idaho 83650, Oreana, Idaho 83650",,Mass,Thu,8:15 AM,,Mass,specific_weekday,english,Old Church,,,,,
Our Lady Queen of Heaven,"Oreana Idaho 83650, Oreana, Idaho 83650",,Mass,Fri,8:00 AM,,Mass,weekday,english,New Church,,,,,
Our Lady Queen of Heaven,"Oreana Idaho 83650, Oreana, Idaho 83650",,Mass,Sat,5:00 PM,,Mass,saturday,english,,,,,,
Our Lady Queen of Heaven,"Oreana Idaho 83650, Oreana, Idaho 83650",,Mass,Sat,7:00 PM,,Mass,saturday,spanish,,,,,,
Our Lady Queen of Heaven,"Oreana Idaho 83650, Oreana, Idaho 83650",,Mass,Sun,10:00 AM,,Mass,sunday,english,,,,,,
Our Lady Queen of Heaven,"Oreana Idaho 83650, Oreana, Idaho 83650",,Mass,Sun,12:30 PM,,Mass,sunday,spanish,,,,,,
Our Lady Queen of Heaven,"Oreana Idaho 83650, Oreana, Idaho 83650",,Mass,Sun,6:00 PM,,Mass,sunday,spanish,,,,,,
Our Lady Queen of Heaven,"Oreana Idaho 83650, Oreana, Idaho 83650",,Mass,Sun,8:00 AM,,Mass,sunday,english,,,,,,
Our Lady Queen of Heaven,"Oreana Idaho 83650, Oreana, Idaho 83650",,Confession,Tue,12:00 PM,1:00 PM,Confession,specific_weekday,english,,,,,,
Our Lady Queen of Heaven,"Oreana Idaho 83650, Oreana, Idaho 83650",,Confession,Wed,5:30 PM,6:30 PM,Confession,specific_weekday,english,,,,,,
Our Lady Queen of Heaven,"Oreana Idaho 83650, Oreana, Idaho 83650",,Confession,Thu,12:00 PM,1:00 PM,Confession,specific_weekday,english,,,,,,
Our Lady Queen of Heaven,"Oreana Idaho 83650, Oreana, Idaho 83650",,Confession,Sat,3:00 PM,4:30 PM,Confession,saturday,english,,,,,,
Our Lady of Fatima,"3327 S Perry, Spokane, Washington 99203",(509) 747-7213,Mass,Tue,9:00 AM,,Mass,specific_weekday,english,,,,,,note: Rosary before weekday masses
Our Lady of Fatima,"3327 S Perry, Spokane, Washington 99203",(509) 747-7213,Mass,Wed,9:00 AM,,Mass,specific_weekday,english,,,,,,note: Rosary before weekday masses
Our Lady of Fatima,"3327 S Perry, Spokane, Washington 99203",(509) 747-7213,Mass,Thu,8:50 AM,,Mass,specific_weekday,english,,,,,,note: School Mass
Our Lady of Fatima,"3327 S Perry, Spokane, Washington 99203",(509) 747-7213,Mass,Fri,9:00 AM,,Mass,specific_weekday,english,,,,,,note: Rosary before weekday masses
Our Lady of Fatima,"3327 S Perry, Spokane, Washington 99203",(509) 747-7213,Mass,Sat,5:00 PM,,Mass,saturday,english,,,,,,vigil; note: Rosary at 16:30
Our Lady of Fatima,"3327 S Perry, Spokane, Washington 99203",(509) 747-7213,Mass,Sun,10:30 AM,,Mass,sunday,english,,,,,,
Our Lady of Fatima,"3327 S Perry, Spokane, Washington 99203",(509) 747-7213,Mass,Sun,8:00 AM,,Mass,sunday,english,,,,,,
Our Lady of Fatima,"3327 S Perry, Spokane, Washington 99203",(509) 747-7213,Mass,,6:00 PM,,Mass,special_event,English,Parish Hall,,2026-02-18,,,Mass
Our Lady of Fatima,"3327 S Perry, Spokane, Washington 99203",(509) 747-7213,Confession,Tue,8:30 AM,,Confessions,specific_weekday,English,,,,,,
Our Lady of Fatima,"3327 S Perry, Spokane, Washington 99203",(509) 747-7213,Confession,Thu,8:30 AM,,Confessions,specific_weekday,English,,,,,,
Our Lady of Fatima,"3327 S Perry, Spokane, Washington 99203",(509) 747-7213,Confession,Sat,4:15 PM,,Confessions,saturday,English,,,,,,
Our Lady of Fatima,"3327 S Perry, Spokane, Washington 99203",(509) 747-7213,Adoration,Thu,9:30 AM,7:00 PM,Adoration,specific_weekday,English,,,,,,exposition; benediction
Our Lady of Fatima,"3327 S Perry, Spokane, Washington 99203",(509) 747-7213,Adoration,,9:30 AM,,Adoration of the Blessed Sacraments,special_event,English,Parish Hall,,2026-02-19,,,Adoration of the Blessed Sacraments
Our Lady of Fatima,"3327 S Perry, Spokane, Washington 99203",(509) 747-7213,Adoration,,9:30 AM,,Adoration of the Blessed Sacraments,special_event,English,Parish Hall,,2026-02-26,,,Adoration of the Blessed Sacraments
Our Lady of Fatima,"3327 S Perry, Spokane, Washington 99203",(509) 747-7213,Other,,6:00 PM,7:00 PM,Shepherd’s Table Night,parish_event,English,Parish Hall,,,,,note: Mass at 18:00 and Lenten supper to follow
Our Lady of Fatima,"3327 S Perry, Spokane, Washington 99203",(509) 747-7213,Other,,6:00 PM,7:00 PM,Shepherd’s Table Night,parish_event,English,,,,,,
Our Lady of Good Counsel,"342 E Jackson St, Mountain Home, Idaho 83647",208-587-3046,Mass,Mon,11:00 AM,,Mass,specific_weekday,english,,,,,,see calendar for changes
Our Lady of Good Counsel,"342 E Jackson St, Mountain Home, Idaho 83647",208-587-3046,Mass,Mon,12:00 PM,,Mass,specific_weekday,english,,,,,,see calendar for changes
Our Lady of Good Counsel,"342 E Jackson St, Mountain Home, Idaho 83647",208-587-3046,Mass,Tue,7:00 AM,,Mass,specific_weekday,spanish,,,,,,see calendar for changes
Our Lady of Good Counsel,"342 E Jackson St, Mountain Home, Idaho 83647",208-587-3046,Mass,Wed,11:00 AM,,Mass,specific_weekday,english,,,,,,see calendar for changes
Our Lady of Good Counsel,"342 E Jackson St, Mountain Home, Idaho 83647",208-587-3046,Mass,Wed,12:00 PM,,Mass,specific_weekday,english,,,,,,see calendar for changes
Our Lady of Good Counsel,"342 E Jackson St, Mountain Home, Idaho 83647",208-587-3046,Mass,Thu,11:00 AM,,Mass,specific_weekday,english,,,,,,see calendar for changes
Our Lady of Good Counsel,"342 E Jackson St, Mountain Home, Idaho 83647",208-587-3046,Mass,Thu,12:00 PM,,Mass,specific_weekday,english,,,,,,see calendar for changes
Our Lady of Good Counsel,"342 E Jackson St, Mountain Home, Idaho 83647",208-587-3046,Mass,Thu,6:00 PM,,Mass,specific_weekday,spanish,,,,,,see calendar for changes
Our Lady of Good Counsel,"342 E Jackson St, Mountain Home, Idaho 83647",208-587-3046,Mass,Thu,7:00 PM,,Mass,specific_weekday,spanish,,,,,,see calendar for changes
Our Lady of Good Counsel,"342 E Jackson St, Mountain Home, Idaho 83647",208-587-3046,Mass,Fri,11:00 AM,,Mass,specific_weekday,english,,,,,,see calendar for changes
Our Lady of Good Counsel,"342 E Jackson St, Mountain Home, Idaho 83647",208-587-3046,Mass,Fri,9:00 AM,,Mass,specific_weekday,english,,,,,,see calendar for changes
Our Lady of Good Counsel,"342 E Jackson St, Mountain Home, Idaho 83647",208-587-3046,Confession,Thu,6:00 PM,,Confessions,specific_weekday,English,,,,,,
Our Lady of Good Counsel,"342 E Jackson St, Mountain Home, Idaho 83647",208-587-3046,Adoration,Thu,6:00 PM,,Adoration,specific_weekday,English,,,,,,
Our Lady of Good Counsel,"342 E Jackson St, Mountain Home, Idaho 83647",208-587-3046,Other,Thu,8:00 PM,,,specific_weekday,English,,,,,,
Our Lady of Good Counsel,"342 E Jackson St, Mountain Home, Idaho 83647",208-587-3046,Other,Sat,4:00 PM,,,saturday,english,,,,,,
Our Lady of Good Counsel,"342 E Jackson St, Mountain Home, Idaho 83647",208-587-3046,Other,Sun,10:30 AM,,,sunday,english,,,,,,
Our Lady of Good Counsel,"342 E Jackson St, Mountain Home, Idaho 83647",208-587-3046,Other,Sun,1:00 PM,,,sunday,spanish,,,,,,
Our Lady of Guadalupe,"630 Falls Ave, Twin Falls, Idaho 83301",,Other,,TBD,,먹튀 피해 건수,other,English,,,,,,2025년에 확인된 먹튀 피해 건수는 8; 000건에 달하며; 피해 금액을 각 1만 원으로 계산해도 총 8; 000만 원 이상이 됩니다. | 고액 피해까지 포함하면 실질적인 피해 금액은 약 3억 원에 이릅니다. | 1년에 3억 원이라는 피해 금액은 매우 높은 수치입니다. | 이처럼 큰 돈을 벌 수 있는 유혹 때문에 먹튀사이트는 계속해서 생겨나고 있습니다. | 저희 슈어맨은 계속해서 먹튀사이트를 박제하고 있지만; 한계가 있는 상황입니다. | 따라서 저희가 소개하는 먹튀검증 사이트를 이용해주실 것을 권장드리며; 많은 분들과 이 정보를 공유해주시면 감사하겠습니다. | 안전한 배팅 환경을 위해 함께 노력합시다.
Our Lady of Limerick,"415 S Commercial St, Glenns Ferry, Idaho 83623",(208) 587-3046,Mass,,6:30 PM,,Mass,special_event,English,Chapel,,2026-01-15,,,Mass; tags
Our Lady of Limerick,"415 S Commercial St, Glenns Ferry, Idaho 83623",(208) 587-3046,Mass,,6:30 PM,,Mass,monthly,English,Chapel,first_friday_(recurring),,,,tags
Our Lady of Limerick,"415 S Commercial St, Glenns Ferry, Idaho 83623",(208) 587-3046,Mass,,8:00 AM,,Mass,monthly,English,Chapel,first_saturday_(recurring),,,,tags
Our Lady of Limerick,"415 S Commercial St, Glenns Ferry, Idaho 83623",(208) 587-3046,Confession,Thu,5:00 PM,,Confession,specific_weekday,English,Chapel,,,,,tags
Our Lady of Limerick,"415 S Commercial St, Glenns Ferry, Idaho 83623",(208) 587-3046,Confession,,6:00 PM,,Confession,monthly,English,Chapel,thursday_(before_first_friday),,,,Thursday (before First Friday); tags
Our Lady of Limerick,"415 S Commercial St, Glenns Ferry, Idaho 83623",(208) 587-3046,Confession,,8:30 AM,,Confession,monthly,English,Chapel,first_saturday_(recurring),,,,tags
Our Lady of Limerick,"415 S Commercial St, Glenns Ferry, Idaho 83623",(208) 587-3046,Confession,,TBD,,Confession,other,English,,,,,,by appointment; tags
Our Lady of Limerick,"415 S Commercial St, Glenns Ferry, Idaho 83623",(208) 587-3046,Adoration,,5:00 PM,,Adoration,monthly,English,Chapel,thursday_(before_first_friday),,,,Thursday (before First Friday); tags
Our Lady of Limerick,"415 S Commercial St, Glenns Ferry, Idaho 83623",(208) 587-3046,Devotions,,6:00 PM,,Benediction,monthly,English,Chapel,thursday_(before_first_friday),,,,Thursday (before First Friday); tags
Our Lady of Limerick,"415 S Commercial St, Glenns Ferry, Idaho 83623",(208) 587-3046,Devotions,,7:30 AM,8:00 AM,Rosary,other,English,,,,,,tags
Our Lady of Limerick,"415 S Commercial St, Glenns Ferry, Idaho 83623",(208) 587-3046,Devotions,,TBD,,Rosary,other,english,,,,before,Mass,before weekday Mass
Our Lady of Lourdes,"132 S 1st St W, Lava Hot Springs, Idaho 83246",(208) 547-3200,Mass,Sat,5:00 PM,,Mass,saturday,english,"Our Lady of Lourdes, Lava Hot Springs",,,,,
Our Lady of Lourdes,"132 S 1st St W, Lava Hot Springs, Idaho 83246",(208) 547-3200,Mass,,6:00 PM,,Ash Wednesday Mass,special_event,English,"Our Lady of Lourdes, Lava Hot Springs",,2026-02-18,,,Ash Wednesday Mass
Our Lady of Lourdes,"132 S 1st St W, Lava Hot Springs, Idaho 83246",(208) 547-3200,Confession,Sun,TBD,,Confession,other,English,,,,,,check bulletin; note: available before most Masses on Sundays and Weekdays
Our Lady of Perpetual Help,"100 Frederick Ave, Harrison, Idaho 83833",(208) 689-3108,Other,,TBD,,IMMACULATE CONCEPTION,special_event,English,"IMMACULATE CONCEPTION, Buhl",,2025-12-08,,,IMMACULATE CONCEPTION
Our Lady of Perpetual Help,"100 Frederick Ave, Harrison, Idaho 83833",(208) 689-3108,Other,,TBD,,IMMACULATE CONCEPTION,special_event,English,"ST. ANTHONY’S, Greencreek",,2025-12-08,,,IMMACULATE CONCEPTION
Our Lady of Perpetual Help,"100 Frederick Ave, Harrison, Idaho 83833",(208) 689-3108,Other,,TBD,,IMMACULATE CONCEPTION,special_event,English,"ST. EDWARD THE CONFESSOR, Twin Falls",,2025-12-08,,,IMMACULATE CONCEPTION
Our Lady of Perpetual Help,"100 Frederick Ave, Harrison, Idaho 83833",(208) 689-3108,Other,,TBD,,IMMACULATE CONCEPTION,special_event,English,"ST. LOUISE STATION, Challis",,2025-12-08,,,IMMACULATE CONCEPTION
Our Lady of Perpetual Help,"100 Frederick Ave, Harrison, Idaho 83833",(208) 689-3108,Other,,TBD,,IMMACULATE CONCEPTION,special_event,English,"ST. THERESA OF THE LITTLE FLOWER, Orofino",,2025-12-08,,,IMMACULATE CONCEPTION
Our Lady of Perpetual Help,"100 Frederick Ave, Harrison, Idaho 83833",(208) 689-3108,Other,,TBD,,IMMACULATE CONCEPTION,special_event,English,"OUR LADY OF THE WOODLAND CHAPEL, Pierce",,2025-12-08,,,IMMACULATE CONCEPTION
Our Lady of Perpetual Help,"100 Frederick Ave, Harrison, Idaho 83833",(208) 689-3108,Other,,TBD,,IMMACULATE CONCEPTION,special_event,English,"ST. JOSEPH’S STATION, Melba",,2025-12-08,,,IMMACULATE CONCEPTION
Our Lady of Perpetual Help,"100 Frederick Ave, Harrison, Idaho 83833",(208) 689-3108,Other,,TBD,,IMMACULATE CONCEPTION,special_event,English,"ST. RITA’S, Kellogg",,2025-12-08,,,IMMACULATE CONCEPTION
Our Lady of Perpetual Help Church,"1173 E St, Plummer, Idaho 83851",208-274-5871,Other,,TBD,,IMMACULATE CONCEPTION,special_event,English,,,2025-12-08,,,IMMACULATE CONCEPTION TIME_TBD
Our Lady of Sorrows,"1981 LeClerc Creek Rd, Cusick, Washington 99119",(509) 446-2651,Mass,Tue,8:00 AM,,Mass,specific_weekday,English,Usk,,,,,
Our Lady of Sorrows,"1981 LeClerc Creek Rd, Cusick, Washington 99119",(509) 446-2651,Mass,Sat,5:00 PM,,Mass,saturday,English,Usk,,,,,
Our Lady of Sorrows,"1981 LeClerc Creek Rd, Cusick, Washington 99119",(509) 446-2651,Mass,Sat,5:00 PM,,Mass,specific_weekday,English,Usk,,,,,
Our Lady of Woodland Church,"101 Woodland Ave, Pierce, Idaho 83546",208-476-5121,Mass,Sun,10:30 AM,,Mass,sunday,English,,,,,,
Our Lady of Woodland Church,"101 Woodland Ave, Pierce, Idaho 83546",208-476-5121,Mass,,TBD,,Mass,special_event,English,,,2026-02-21,,,Mass TIME_TBD
Our Lady of the Lake,"501 Cross Rd, McCall, Idaho 83638",208-634-5474,Mass,Tue,9:30 AM,,Mass,specific_weekday,English,"Our Lady of the Lake, McCall",,,,,
Our Lady of the Lake,"501 Cross Rd, McCall, Idaho 83638",208-634-5474,Mass,Wed,9:30 AM,,Mass,specific_weekday,English,"Our Lady of the Lake, McCall",,,,,
Our Lady of the Lake,"501 Cross Rd, McCall, Idaho 83638",208-634-5474,Mass,Thu,9:30 AM,,Mass,specific_weekday,English,"Our Lady of the Lake, McCall",,,,,
Our Lady of the Lake,"501 Cross Rd, McCall, Idaho 83638",208-634-5474,Mass,Fri,9:30 AM,,Mass,specific_weekday,English,"Our Lady of the Lake, McCall",,,,,
Our Lady of the Lake,"501 Cross Rd, McCall, Idaho 83638",208-634-5474,Mass,Sat,5:00 PM,,Mass,saturday,English,"Our Lady of the Lake, McCall",,,,,
Our Lady of the Lake,"501 Cross Rd, McCall, Idaho 83638",208-634-5474,Mass,Sun,9:00 AM,,Mass,sunday,English,"Our Lady of the Lake, McCall",,,,,
Our Lady of the Lake,"501 Cross Rd, McCall, Idaho 83638",208-634-5474,Mass,,5:00 PM,,Palm Sunday Vigil,special_event,English,"Our Lady of the Lake, McCall",,2026-03-28,,,Palm Sunday Vigil
Our Lady of the Lake,"501 Cross Rd, McCall, Idaho 83638",208-634-5474,Mass,,8:00 PM,,Easter Vigil,special_event,English,"Our Lady of the Lake, McCall",,2026-04-04,,,Easter Vigil
Our Lady of the Lake,"501 Cross Rd, McCall, Idaho 83638",208-634-5474,Adoration,Fri,10:00 AM,11:00 AM,Adoration,specific_weekday,English,"Our Lady of the Lake, McCall",,,,,exposition
Our Lady of the Lake,"501 Cross Rd, McCall, Idaho 83638",208-634-5474,Community,,6:00 PM,,Knights of Columbus,monthly,English,Gathering Room at Our Lady of the Lake,first_tuesday,,,,First
Our Lady of the Lake,"501 Cross Rd, McCall, Idaho 83638",208-634-5474,Other,,10:00 AM,12:00 PM,Faith Sharing Small Community,parish_event,English,Gathering Room at Our Lady of the Lake,,,,,Jan 7 thru March 18; 2026
Our Lady of the Lake,"501 Cross Rd, McCall, Idaho 83638",208-634-5474,Other,,6:00 PM,,Ash Wednesday,special_event,English,"Our Lady of the Lake, McCall",,2026-02-18,,,Ash Wednesday
Our Lady of the Lake,"501 Cross Rd, McCall, Idaho 83638",208-634-5474,Other,,6:00 PM,,Good Friday,special_event,English,"Our Lady of the Lake, McCall",,2026-04-03,,,Good Friday
Our Lady of the Lake,"501 Cross Rd, McCall, Idaho 83638",208-634-5474,Other,,6:00 PM,7:30 PM,Youth Gathering,parish_event,English,Our Lady of the Lake Gathering Room,,,,,youth
Our Lady of the Lake,"501 Cross Rd, McCall, Idaho 83638",208-634-5474,Other,,9:00 AM,,Easter Sunday,special_event,English,"Our Lady of the Lake, McCall",,2026-04-05,,,Easter Sunday
Our Lady of the Lake,"501 Cross Rd, McCall, Idaho 83638",208-634-5474,Other,,9:30 AM,,Ash Wednesday,special_event,English,"Our Lady of the Lake, McCall",,2026-02-18,,,Ash Wednesday
Our Lady of the Lake,"501 Cross Rd, McCall, Idaho 83638",208-634-5474,Other,,9:30 AM,,Palm Sunday,special_event,English,"Our Lady of the Lake, McCall",,2026-03-29,,,Palm Sunday
Our Lady of the Lake,"501 Cross Rd, McCall, Idaho 83638",208-634-5474,Sacraments,Mon,9:30 AM,,Communion Service,specific_weekday,English,"Our Lady of the Lake, McCall",,,,,
Our Lady of the Mountains,"201 Jackson St, Jackson, Wyoming 83001-0992",(307) 733-2516,Mass,Mon,8:00 AM,,Mass,weekday,english,,,,,,
Our Lady of the Mountains,"201 Jackson St, Jackson, Wyoming 83001-0992",(307) 733-2516,Mass,Tue,8:00 AM,,Mass,weekday,english,,,,,,
Our Lady of the Mountains,"201 Jackson St, Jackson, Wyoming 83001-0992",(307) 733-2516,Mass,Wed,8:00 AM,,Mass,weekday,english,,,,,,
Our Lady of the Mountains,"201 Jackson St, Jackson, Wyoming 83001-0992",(307) 733-2516,Mass,Thu,5:30 PM,,Mass,specific_weekday,English,,,,,,
Our Lady of the Mountains,"201 Jackson St, Jackson, Wyoming 83001-0992",(307) 733-2516,Mass,Thu,8:00 AM,,Mass,weekday,english,,,,,,
Our Lady of the Mountains,"201 Jackson St, Jackson, Wyoming 83001-0992",(307) 733-2516,Mass,Fri,7:00 PM,,Mass,specific_weekday,spanish,,,,,,
Our Lady of the Mountains,"201 Jackson St, Jackson, Wyoming 83001-0992",(307) 733-2516,Mass,Fri,8:00 AM,,Mass,weekday,english,,,,,,
Our Lady of the Mountains,"201 Jackson St, Jackson, Wyoming 83001-0992",(307) 733-2516,Mass,Sat,5:30 PM,,Mass,saturday,English,,,,,,vigil
Our Lady of the Mountains,"201 Jackson St, Jackson, Wyoming 83001-0992",(307) 733-2516,Mass,Sat,8:00 AM,,Mass,saturday,English,,,,,,
Our Lady of the Mountains,"201 Jackson St, Jackson, Wyoming 83001-0992",(307) 733-2516,Mass,Sun,12:15 PM,,Mass,sunday,spanish,,,,,,
Our Lady of the Mountains,"201 Jackson St, Jackson, Wyoming 83001-0992",(307) 733-2516,Mass,Sun,5:00 PM,,Mass,sunday,English,,,,,,note: June – September
Our Lady of the Mountains,"201 Jackson St, Jackson, Wyoming 83001-0992",(307) 733-2516,Mass,Sun,8:00 AM,,Mass,sunday,English,,,,,,
Our Lady of the Mountains,"201 Jackson St, Jackson, Wyoming 83001-0992",(307) 733-2516,Mass,Sun,9:30 AM,,Mass,sunday,English,,,,,,
Our Lady of the Mountains,"201 Jackson St, Jackson, Wyoming 83001-0992",(307) 733-2516,Mass,,7:00 PM,,Mass,other,spanish,,,,,,12th of every month; note: Uncion de los enfermos
Our Lady of the Mountains,"201 Jackson St, Jackson, Wyoming 83001-0992",(307) 733-2516,Confession,Mon,7:45 AM,,Confessions,weekday,English,,,,,,note: Monday – Saturday
Our Lady of the Mountains,"201 Jackson St, Jackson, Wyoming 83001-0992",(307) 733-2516,Confession,Sat,3:00 PM,4:00 PM,Confessions,saturday,English,,,,,,note: In confessionals
Our Lady of the Mountains,"201 Jackson St, Jackson, Wyoming 83001-0992",(307) 733-2516,Confession,Sat,4:00 PM,5:00 PM,Confessions,saturday,English,,,,,,note: In Priest offices
Our Lady of the Mountains,"201 Jackson St, Jackson, Wyoming 83001-0992",(307) 733-2516,Confession,Sat,7:45 AM,,Confessions,saturday,English,,,,,,
Our Lady of the Mountains,"201 Jackson St, Jackson, Wyoming 83001-0992",(307) 733-2516,Confession,Sat,7:45 AM,,Confessions,weekday,English,,,,,,note: Monday – Saturday
Our Lady of the Mountains,"201 Jackson St, Jackson, Wyoming 83001-0992",(307) 733-2516,Adoration,Thu,8:30 AM,5:15 PM,Adoration,specific_weekday,English,,,,,,exposition
Our Lady of the Mountains,"201 Jackson St, Jackson, Wyoming 83001-0992",(307) 733-2516,Adoration,,8:00 PM,7:30 AM,Adoration,monthly,English,,first_friday_(recurring),,,,exposition
Our Lady of the Rosary,"1500 E Wright St, Boise, Idaho 83706",208-343-9041,Mass,Mon,8:00 AM,,Mass,specific_weekday,English,Our Lady of the Rosary,,,,,
Our Lady of the Rosary,"1500 E Wright St, Boise, Idaho 83706",208-343-9041,Mass,Tue,8:00 AM,,Mass,specific_weekday,English,Our Lady of the Rosary,,,,,
Our Lady of the Rosary,"1500 E Wright St, Boise, Idaho 83706",208-343-9041,Mass,Wed,8:00 AM,,Mass,specific_weekday,English,Our Lady of the Rosary,,,,,
Our Lady of the Rosary,"1500 E Wright St, Boise, Idaho 83706",208-343-9041,Mass,Thu,8:00 AM,,Mass,specific_weekday,English,Our Lady of the Rosary,,,,,
Our Lady of the Rosary,"1500 E Wright St, Boise, Idaho 83706",208-343-9041,Mass,Sat,5:00 PM,,Mass,saturday,English,Our Lady of the Rosary,,,,,
Our Lady of the Rosary,"1500 E Wright St, Boise, Idaho 83706",208-343-9041,Mass,Sun,5:00 PM,,Mass,sunday,English,Our Lady of the Rosary,,,,,
Our Lady of the Rosary,"1500 E Wright St, Boise, Idaho 83706",208-343-9041,Mass,Sun,9:00 AM,,Mass,sunday,English,Our Lady of the Rosary,,,,,
Our Lady of the Rosary,"1500 E Wright St, Boise, Idaho 83706",208-343-9041,Mass,,11:00 AM,,Mass,monthly,English,,second_sunday,,,,2nd; note: Korean Catholic Community
Our Lady of the Rosary,"1500 E Wright St, Boise, Idaho 83706",208-343-9041,Mass,,12:00 PM,,Ash Wednesday Mass,special_event,English,Our Lady of the Rosary,,2026-02-18,,,Ash Wednesday Mass
Our Lady of the Rosary,"1500 E Wright St, Boise, Idaho 83706",208-343-9041,Mass,,7:00 PM,,Ash Wednesday Mass,special_event,English,Our Lady of the Rosary,,2026-02-18,,,Ash Wednesday Mass
Our Lady of the Rosary,"1500 E Wright St, Boise, Idaho 83706",208-343-9041,Mass,,8:00 AM,,Ash Wednesday Mass,special_event,English,Our Lady of the Rosary,,2026-02-18,,,Ash Wednesday Mass
Our Lady of the Rosary,"1500 E Wright St, Boise, Idaho 83706",208-343-9041,Mass,,9:00 AM,,Mass,monthly,English,Our Lady of the Rosary,first_saturday_(recurring),,,,
Our Lady of the Rosary,"1500 E Wright St, Boise, Idaho 83706",208-343-9041,Confession,Sat,3:30 PM,,Confession,saturday,English,Our Lady of the Rosary,,,,,note: or by appointment
Our Lady of the Rosary,"1500 E Wright St, Boise, Idaho 83706",208-343-9041,Education,,6:30 PM,,OCIA classes,parish_event,English,,,,,,note: begins June 18
Our Lady of the Rosary,"1500 E Wright St, Boise, Idaho 83706",208-343-9041,Sacraments,Fri,8:00 AM,,Communion Service,specific_weekday,English,Our Lady of the Rosary,,,,,
Our Lady of the Snows Catholic Church,"206 Sun Valley Rd, Sun Valley, Idaho 83353",208-622-3432,Mass,Wed,12:00 PM,,Mass,specific_weekday,english,,,,,,
Our Lady of the Snows Catholic Church,"206 Sun Valley Rd, Sun Valley, Idaho 83353",208-622-3432,Mass,Fri,12:00 PM,,Mass,specific_weekday,english,,,,,,
Our Lady of the Snows Catholic Church,"206 Sun Valley Rd, Sun Valley, Idaho 83353",208-622-3432,Mass,Sat,5:00 PM,,Mass,saturday,english,,,,,,vigil
Our Lady of the Snows Catholic Church,"206 Sun Valley Rd, Sun Valley, Idaho 83353",208-622-3432,Mass,Sun,10:30 AM,,Mass,sunday,english,,,,,,
Our Lady of the Snows Catholic Church,"206 Sun Valley Rd, Sun Valley, Idaho 83353",208-622-3432,Confession,Sat,4:00 PM,,Confessions,saturday,English,,,,,,
Our Lady of the Snows Catholic Church,"206 Sun Valley Rd, Sun Valley, Idaho 83353",208-622-3432,Confession,,TBD,,Confession,other,English,,,,,,Confession is also available by appointment.
Our Lady of the Snows Catholic Church,"206 Sun Valley Rd, Sun Valley, Idaho 83353",208-622-3432,Adoration,Fri,4:30 PM,5:30 PM,Adoration,specific_weekday,English,,,,,,exposition; benediction
Our Lady of the Valley,"1122 W Linden St, Caldwell, Idaho 83605",208-459-3653,Mass,Mon,8:00 AM,,Mass,specific_weekday,english,Chapel,,,,,
Our Lady of the Valley,"1122 W Linden St, Caldwell, Idaho 83605",208-459-3653,Mass,Tue,7:00 PM,,Mass,specific_weekday,spanish,capilla de Gaudalupe,,,,,
Our Lady of the Valley,"1122 W Linden St, Caldwell, Idaho 83605",208-459-3653,Mass,Tue,8:00 AM,,Mass,specific_weekday,english,Chapel,,,,,
Our Lady of the Valley,"1122 W Linden St, Caldwell, Idaho 83605",208-459-3653,Mass,Wed,7:15 AM,,Mass,specific_weekday,english,Chapel,,,,,
Our Lady of the Valley,"1122 W Linden St, Caldwell, Idaho 83605",208-459-3653,Mass,Thu,7:00 PM,,Mass,specific_weekday,spanish,capilla de Gaudalupe,,,,,
Our Lady of the Valley,"1122 W Linden St, Caldwell, Idaho 83605",208-459-3653,Mass,Thu,8:00 AM,,Mass,specific_weekday,english,Chapel,,,,,
Our Lady of the Valley,"1122 W Linden St, Caldwell, Idaho 83605",208-459-3653,Mass,Fri,8:00 AM,,Mass,specific_weekday,english,Chapel,,,,,
Our Lady of the Valley,"1122 W Linden St, Caldwell, Idaho 83605",208-459-3653,Mass,Sat,5:00 PM,,Mass,saturday,english,,,,,,vigil
Our Lady of the Valley,"1122 W Linden St, Caldwell, Idaho 83605",208-459-3653,Mass,Sat,7:00 PM,,Mass,saturday,spanish,,,,,,vigil
Our Lady of the Valley,"1122 W Linden St, Caldwell, Idaho 83605",208-459-3653,Mass,Sun,12:00 PM,,Mass,sunday,spanish,,,,,,
Our Lady of the Valley,"1122 W Linden St, Caldwell, Idaho 83605",208-459-3653,Mass,Sun,2:30 PM,,Mass,sunday,spanish,,,,,,
Our Lady of the Valley,"1122 W Linden St, Caldwell, Idaho 83605",208-459-3653,Mass,Sun,9:00 AM,,Mass,sunday,english,,,,,,
Our Lady of the Valley,"1122 W Linden St, Caldwell, Idaho 83605",208-459-3653,Mass,,8:00 AM,,Mass,monthly,english,Main Church,first_saturday_(recurring),,,,
Our Lady of the Valley,"1122 W Linden St, Caldwell, Idaho 83605",208-459-3653,Confession,Tue,5:00 PM,6:30 PM,Confessions,specific_weekday,English,Chapel,,,,,
Our Lady of the Valley,"1122 W Linden St, Caldwell, Idaho 83605",208-459-3653,Confession,Thu,5:00 PM,6:30 PM,Confessions,specific_weekday,English,Chapel,,,,,
Our Lady of the Valley,"1122 W Linden St, Caldwell, Idaho 83605",208-459-3653,Confession,Sat,2:30 PM,4:30 PM,Confessions,saturday,English,,,,,,
Pope St. John Paul II Parish,"1690 E 17th St, Idaho Falls, Idaho None",(208) 522-4366,Mass,Mon,8:15 AM,,Mass,specific_weekday,english,Holy Rosary Church,,,,,
Pope St. John Paul II Parish,"1690 E 17th St, Idaho Falls, Idaho None",(208) 522-4366,Mass,Tue,8:15 AM,,Mass,specific_weekday,english,Holy Rosary Church,,,,,
Pope St. John Paul II Parish,"1690 E 17th St, Idaho Falls, Idaho None",(208) 522-4366,Mass,Wed,8:15 AM,,Mass,specific_weekday,english,Holy Rosary Church,,,,,
Pope St. John Paul II Parish,"1690 E 17th St, Idaho Falls, Idaho None",(208) 522-4366,Mass,Thu,8:15 AM,,Mass,specific_weekday,english,Holy Rosary Church,,,,,
Pope St. John Paul II Parish,"1690 E 17th St, Idaho Falls, Idaho None",(208) 522-4366,Mass,Fri,8:15 AM,,Mass,specific_weekday,english,Holy Rosary Church,,,,,
Priory of the Ascension,"541 E 100 S, Jerome, Idaho 83338",12083242377,Mass,Mon,7:00 AM,,Mass,weekday,english,Monastery,,,,,
Priory of the Ascension,"541 E 100 S, Jerome, Idaho 83338",12083242377,Mass,Tue,7:00 AM,,Mass,weekday,english,Monastery,,,,,
Priory of the Ascension,"541 E 100 S, Jerome, Idaho 83338",12083242377,Mass,Wed,7:00 AM,,Mass,weekday,english,Monastery,,,,,
Priory of the Ascension,"541 E 100 S, Jerome, Idaho 83338",12083242377,Mass,Thu,7:00 AM,,Mass,weekday,english,Monastery,,,,,
Priory of the Ascension,"541 E 100 S, Jerome, Idaho 83338",12083242377,Mass,Fri,7:00 AM,,Mass,weekday,english,Monastery,,,,,
Priory of the Ascension,"541 E 100 S, Jerome, Idaho 83338",12083242377,Mass,Sat,7:00 AM,,Mass,saturday,english,Monastery,,,,,
Priory of the Ascension,"541 E 100 S, Jerome, Idaho 83338",12083242377,Mass,Sun,9:00 AM,,Mass,sunday,english,Monastery,,,,,
Priory of the Ascension,"541 E 100 S, Jerome, Idaho 83338",12083242377,Mass,,6:30 AM,,Vigils,daily,english,Monastery,,,,,Morning Prayer
Priory of the Ascension,"541 E 100 S, Jerome, Idaho 83338",12083242377,Devotions,,5:30 PM,,Vespers,daily,english,Monastery,,,,,Evening Prayer
Priory of the Ascension,"541 E 100 S, Jerome, Idaho 83338",12083242377,Devotions,,7:30 PM,,Compline,daily,english,Monastery,,,,,Night Prayer
Priory of the Ascension,"541 E 100 S, Jerome, Idaho 83338",12083242377,Devotions,,8:30 AM,,Lauds,daily,english,Monastery,,,,,Morning Prayer
Priory of the Ascension,"541 E 100 S, Jerome, Idaho 83338",12083242377,Other,,12:00 PM,,Sext,daily,english,Monastery,,,,,Midday Prayer
Risen Christ Catholic Church,"11511 Lake Hazel Rd, Boise, Idaho 83709-6220",(208) 362-6584,Mass,Wed,12:00 PM,,Mass,specific_weekday,English,,,,,,
Risen Christ Catholic Church,"11511 Lake Hazel Rd, Boise, Idaho 83709-6220",(208) 362-6584,Mass,Thu,12:00 PM,,Mass,specific_weekday,English,,,,,,
Risen Christ Catholic Church,"11511 Lake Hazel Rd, Boise, Idaho 83709-6220",(208) 362-6584,Mass,Fri,12:00 PM,,Mass,specific_weekday,English,,,,,,
Risen Christ Catholic Church,"11511 Lake Hazel Rd, Boise, Idaho 83709-6220",(208) 362-6584,Mass,Sat,5:00 PM,,Vigil,saturday,English,,,,,,vigil
Risen Christ Catholic Church,"11511 Lake Hazel Rd, Boise, Idaho 83709-6220",(208) 362-6584,Mass,Sun,10:30 AM,,Mass,sunday,English,,,,,,
Risen Christ Catholic Church,"11511 Lake Hazel Rd, Boise, Idaho 83709-6220",(208) 362-6584,Mass,Sun,11:30 AM,,Mass,sunday,English,,,,,,
Risen Christ Catholic Church,"11511 Lake Hazel Rd, Boise, Idaho 83709-6220",(208) 362-6584,Mass,Sun,8:30 AM,,Mass,sunday,English,,,,,,
Risen Christ Catholic Church,"11511 Lake Hazel Rd, Boise, Idaho 83709-6220",(208) 362-6584,Confession,Thu,6:00 PM,7:30 PM,reconciliation,specific_weekday,English,,,,,,
Risen Christ Catholic Church,"11511 Lake Hazel Rd, Boise, Idaho 83709-6220",(208) 362-6584,Confession,,TBD,,reconciliation,other,English,,,,,,By appointment; Contact the Office - 208-362-6584
Risen Christ Catholic Church,"11511 Lake Hazel Rd, Boise, Idaho 83709-6220",(208) 362-6584,Adoration,Thu,6:00 PM,7:30 PM,Eucharistic Adoration,specific_weekday,English,,,,,,
Risen Christ Catholic Church,"11511 Lake Hazel Rd, Boise, Idaho 83709-6220",(208) 362-6584,Devotions,Sat,4:30 PM,,Rosary led by Legion of Mary,saturday,English,,,,,,
Sacred Heart,"811 S Latah St, Boise, Idaho 83705",208-344-8311,Mass,Mon,7:00 AM,,Mass,specific_weekday,english,Treasure Valley,,,,,
Sacred Heart,"440 N.E Ash St, Pullman, Washington 99163",(509) 332-5312,Mass,Mon,7:15 AM,,Mass,weekday,english,,,,,,livestream
Sacred Heart,"125 W 5th Ave, Clark Fork, Idaho 83811",(208) 263-3720,Mass,Mon,9:00 AM,,Mass,weekday,English,,,,,,
Sacred Heart,"125 W 5th Ave, Clark Fork, Idaho 83811",(208) 263-3720,Mass,Tue,6:30 PM,7:00 PM,Mass,specific_weekday,spanish,,,,,,
Sacred Heart,"440 N.E Ash St, Pullman, Washington 99163",(509) 332-5312,Mass,Tue,7:15 AM,,Mass,weekday,english,,,,,,livestream
Sacred Heart,"811 S Latah St, Boise, Idaho 83705",208-344-8311,Mass,Tue,8:30 AM,,Mass,specific_weekday,English,,,,,,
Sacred Heart,"219 E Rockwood Blvd, Spokane, Washington 99202-1236",(509) 747-5810,Mass,Tue,8:30 AM,9:00 AM,Mass,specific_weekday,English,,,,,,
Sacred Heart,"125 W 5th Ave, Clark Fork, Idaho 83811",(208) 263-3720,Mass,Tue,9:00 AM,,Mass,weekday,English,,,,,,
Sacred Heart,"811 S Latah St, Boise, Idaho 83705",208-344-8311,Mass,Wed,7:00 AM,,Mass,specific_weekday,english,Treasure Valley,,,,,
Sacred Heart,"440 N.E Ash St, Pullman, Washington 99163",(509) 332-5312,Mass,Wed,7:15 AM,,Mass,weekday,english,,,,,,livestream
Sacred Heart,"811 S Latah St, Boise, Idaho 83705",208-344-8311,Mass,Wed,8:30 AM,,Mass,specific_weekday,English,,,,,,
Sacred Heart,"219 E Rockwood Blvd, Spokane, Washington 99202-1236",(509) 747-5810,Mass,Wed,8:30 AM,9:00 AM,Mass,specific_weekday,English,,,,,,
Sacred Heart,"125 W 5th Ave, Clark Fork, Idaho 83811",(208) 263-3720,Mass,Wed,9:00 AM,,Mass,weekday,English,,,,,,
Sacred Heart,"440 N.E Ash St, Pullman, Washington 99163",(509) 332-5312,Mass,Thu,7:15 AM,,Mass,weekday,english,,,,,,livestream
Sacred Heart,"811 S Latah St, Boise, Idaho 83705",208-344-8311,Mass,Thu,8:30 AM,,Mass,specific_weekday,English,,,,,,
Sacred Heart,"219 E Rockwood Blvd, Spokane, Washington 99202-1236",(509) 747-5810,Mass,Thu,8:30 AM,9:00 AM,Mass,specific_weekday,English,,,,,,
Sacred Heart,"125 W 5th Ave, Clark Fork, Idaho 83811",(208) 263-3720,Mass,Thu,9:00 AM,,Mass,weekday,English,,,,,,
Sacred Heart,"811 S Latah St, Boise, Idaho 83705",208-344-8311,Mass,Fri,7:00 AM,,Mass,specific_weekday,english,Treasure Valley,,,,,
Sacred Heart,"440 N.E Ash St, Pullman, Washington 99163",(509) 332-5312,Mass,Fri,7:15 AM,,Mass,weekday,english,,,,,,livestream
Sacred Heart,"811 S Latah St, Boise, Idaho 83705",208-344-8311,Mass,Fri,8:30 AM,,Mass,specific_weekday,English,,,,,,
Sacred Heart,"219 E Rockwood Blvd, Spokane, Washington 99202-1236",(509) 747-5810,Mass,Fri,8:30 AM,9:00 AM,Mass,specific_weekday,English,,,,,,
Sacred Heart,"125 W 5th Ave, Clark Fork, Idaho 83811",(208) 263-3720,Mass,Fri,9:00 AM,,Mass,weekday,English,,,,,,
Sacred Heart,"440 N.E Ash St, Pullman, Washington 99163",(509) 332-5312,Mass,Sat,4:30 PM,,Mass,saturday,english,,,,,,vigil; livestream
Sacred Heart,"811 S Latah St, Boise, Idaho 83705",208-344-8311,Mass,Sat,5:00 PM,,Mass,saturday,English,,,,,,
Sacred Heart,"125 W 5th Ave, Clark Fork, Idaho 83811",(208) 263-3720,Mass,Sat,5:00 PM,,Mass,saturday,English,,,,,,vigil
Sacred Heart,"219 E Rockwood Blvd, Spokane, Washington 99202-1236",(509) 747-5810,Mass,Sat,5:00 PM,,Saturday Vigil Mass,saturday,English,,,,,,vigil
Sacred Heart,"285 River St, White Bird, Idaho 83554",208.983.0403,Mass,Sat,9:00 AM,,Mass,saturday,English,Sacred Heart,,,,,note: Sunday Liturgy
Sacred Heart,"125 W 5th Ave, Clark Fork, Idaho 83811",(208) 263-3720,Mass,Sun,10:00 AM,,Mass,sunday,English,,,,,,family
Sacred Heart,"219 E Rockwood Blvd, Spokane, Washington 99202-1236",(509) 747-5810,Mass,Sun,10:00 AM,,Sunday Morning Mass,sunday,English,,,,,,livestream
Sacred Heart,"811 S Latah St, Boise, Idaho 83705",208-344-8311,Mass,Sun,11:00 AM,,Mass,sunday,English,,,,,,
Sacred Heart,"440 N.E Ash St, Pullman, Washington 99163",(509) 332-5312,Mass,Sun,11:00 AM,,Mass,sunday,english,the church,,,,,
Sacred Heart,"125 W 5th Ave, Clark Fork, Idaho 83811",(208) 263-3720,Mass,Sun,12:00 PM,,Mass,sunday,spanish,,,,,,
Sacred Heart,"125 W 5th Ave, Clark Fork, Idaho 83811",(208) 263-3720,Mass,Sun,8:00 AM,,Mass,sunday,English,,,,,,
Sacred Heart,"811 S Latah St, Boise, Idaho 83705",208-344-8311,Mass,Sun,8:30 AM,,Mass,sunday,English,,,,,,
Sacred Heart,"440 N.E Ash St, Pullman, Washington 99163",(509) 332-5312,Mass,Sun,8:30 AM,,Mass,sunday,english,the church,,,,,livestream
Sacred Heart,"219 E Rockwood Blvd, Spokane, Washington 99202-1236",(509) 747-5810,Mass,,10:00 AM,,The Epiphany of the Lord Mass Schedule,special_event,English,,,2026-01-01,,,The Epiphany of the Lord Mass Schedule
Sacred Heart,"219 E Rockwood Blvd, Spokane, Washington 99202-1236",(509) 747-5810,Mass,,5:00 PM,6:00 PM,Saturday Vigil Mass,special_event,English,,,2026-01-03,,,Saturday Vigil Mass
Sacred Heart,"125 W 5th Ave, Clark Fork, Idaho 83811",(208) 263-3720,Mass,,6:30 PM,,Mass,monthly,English,,thursday_(before_first_friday),,,,Thursday (before First Friday)
Sacred Heart,"811 S Latah St, Boise, Idaho 83705",208-344-8311,Mass,,7:00 PM,,Ash Wednesday Mass,special_event,English,,,2026-02-18,,,Ash Wednesday Mass
Sacred Heart,"440 N.E Ash St, Pullman, Washington 99163",(509) 332-5312,Mass,,7:15 AM,,Daily Mass,special_event,English,,,2026-01-16,,,Daily Mass; livestream
Sacred Heart,"440 N.E Ash St, Pullman, Washington 99163",(509) 332-5312,Mass,,7:15 AM,8:45 AM,Mass,special_event,English,,,2026-01-17,,,Mass
Sacred Heart,"440 N.E Ash St, Pullman, Washington 99163",(509) 332-5312,Mass,,7:15 AM,6:30 AM,Holy Day of Obligation Mass,other,English,,,,,,Holy Days of Obligation; evening Mass time may vary; see calendar
Sacred Heart,"811 S Latah St, Boise, Idaho 83705",208-344-8311,Mass,,8:30 AM,,Ash Wednesday Mass,special_event,English,,,2026-02-18,,,Ash Wednesday Mass
Sacred Heart,"219 E Rockwood Blvd, Spokane, Washington 99202-1236",(509) 747-5810,Mass,,8:30 AM,9:00 AM,Weekday Mass,special_event,English,,,2025-12-30,,,Weekday Mass; No Regular 08:30 mass
Sacred Heart,"219 E Rockwood Blvd, Spokane, Washington 99202-1236",(509) 747-5810,Mass,,8:30 AM,9:00 AM,Weekday Morning Mass,special_event,English,,,2025-12-31,,,Weekday Morning Mass; No Regular 08:30 mass
Sacred Heart,"219 E Rockwood Blvd, Spokane, Washington 99202-1236",(509) 747-5810,Mass,,8:30 AM,9:00 AM,Weekday Morning Mass,special_event,English,,,2026-01-02,,,Weekday Morning Mass; No Regular 08:30 mass
Sacred Heart,"125 W 5th Ave, Clark Fork, Idaho 83811",(208) 263-3720,Mass,,9:00 AM,,Mass,special_event,English,Church,,2025-01-01,,,Mass; Holy Day of Obligation
Sacred Heart,"125 W 5th Ave, Clark Fork, Idaho 83811",(208) 263-3720,Mass,,9:00 AM,,Mass,special_event,English,Church,,2025-08-15,,,Mass; Holy Day of Obligation
Sacred Heart,"125 W 5th Ave, Clark Fork, Idaho 83811",(208) 263-3720,Mass,,9:00 AM,,Mass,special_event,English,Church,,2025-11-01,,,Mass; Holy Day of Obligation
Sacred Heart,"125 W 5th Ave, Clark Fork, Idaho 83811",(208) 263-3720,Mass,,9:00 AM,,Mass,special_event,English,Church,,2025-12-08,,,Mass; Holy Day of Obligation
Sacred Heart,"125 W 5th Ave, Clark Fork, Idaho 83811",(208) 263-3720,Mass,,9:00 AM,,Mass,special_event,English,Church,,2025-12-25,,,Mass; Holy Day of Obligation
Sacred Heart,"125 W 5th Ave, Clark Fork, Idaho 83811",(208) 263-3720,Mass,,9:00 AM,,Mass,monthly,English,,first_friday,,,,
Sacred Heart,"811 S Latah St, Boise, Idaho 83705",208-344-8311,Confession,Tue,TBD,,Reconciliation,specific_weekday,English,,,,,,check bulletin; note: By Appointment Only
Sacred Heart,"440 N.E Ash St, Pullman, Washington 99163",(509) 332-5312,Confession,Tue,TBD,,Confession,specific_weekday,English,,,,,,by appointment
Sacred Heart,"125 W 5th Ave, Clark Fork, Idaho 83811",(208) 263-3720,Confession,Wed,6:30 PM,7:00 PM,Confessions,specific_weekday,English,,,,,,
Sacred Heart,"811 S Latah St, Boise, Idaho 83705",208-344-8311,Confession,Wed,TBD,,Reconciliation,specific_weekday,English,,,,,,check bulletin; note: By Appointment Only
Sacred Heart,"440 N.E Ash St, Pullman, Washington 99163",(509) 332-5312,Confession,Wed,TBD,,Confession,specific_weekday,English,,,,,,by appointment
Sacred Heart,"811 S Latah St, Boise, Idaho 83705",208-344-8311,Confession,Thu,TBD,,Reconciliation,specific_weekday,English,,,,,,check bulletin; note: By Appointment Only
Sacred Heart,"440 N.E Ash St, Pullman, Washington 99163",(509) 332-5312,Confession,Thu,TBD,,Confession,specific_weekday,English,,,,,,by appointment
Sacred Heart,"811 S Latah St, Boise, Idaho 83705",208-344-8311,Confession,Fri,6:00 PM,7:00 PM,Reconciliation,specific_weekday,English,,,,,,
Sacred Heart,"811 S Latah St, Boise, Idaho 83705",208-344-8311,Confession,Fri,TBD,,Reconciliation,specific_weekday,English,,,,,,check bulletin; note: By Appointment Only
Sacred Heart,"440 N.E Ash St, Pullman, Washington 99163",(509) 332-5312,Confession,Fri,TBD,,Confession,specific_weekday,English,,,,,,by appointment
Sacred Heart,"440 N.E Ash St, Pullman, Washington 99163",(509) 332-5312,Confession,Sat,3:00 PM,4:00 PM,Confession,saturday,English,,,,,,
Sacred Heart,"219 E Rockwood Blvd, Spokane, Washington 99202-1236",(509) 747-5810,Confession,Sat,4:00 PM,4:30 PM,Reconciliation-Confession,saturday,English,,,,,,
Sacred Heart,"285 River St, White Bird, Idaho 83554",208.983.0403,Confession,Sun,TBD,,Confession,sunday,English,Sacred Heart,,,,,Upon Request
Sacred Heart,"219 E Rockwood Blvd, Spokane, Washington 99202-1236",(509) 747-5810,Confession,,3:30 PM,4:30 PM,Reconciliation-Confession,special_event,English,,,2025-12-13,,,Reconciliation Confession
Sacred Heart,"219 E Rockwood Blvd, Spokane, Washington 99202-1236",(509) 747-5810,Confession,,3:30 PM,4:30 PM,Reconciliation-Confession,special_event,English,,,2025-12-20,,,Reconciliation Confession
Sacred Heart,"219 E Rockwood Blvd, Spokane, Washington 99202-1236",(509) 747-5810,Confession,,5:30 PM,7:00 PM,Reconciliation-Confession,special_event,English,,,2025-12-17,,,Reconciliation Confession
Sacred Heart,"219 E Rockwood Blvd, Spokane, Washington 99202-1236",(509) 747-5810,Confession,,9:00 AM,9:30 AM,Reconciliation-Confession,special_event,English,,,2025-12-12,,,Reconciliation Confession
Sacred Heart,"219 E Rockwood Blvd, Spokane, Washington 99202-1236",(509) 747-5810,Confession,,9:00 AM,9:30 AM,Reconciliation-Confession,special_event,English,,,2025-12-19,,,Reconciliation Confession
Sacred Heart,"219 E Rockwood Blvd, Spokane, Washington 99202-1236",(509) 747-5810,Confession,,9:00 AM,9:30 AM,Reconciliation-Confession,monthly,English,,first_friday_(recurring),,,,
Sacred Heart,"125 W 5th Ave, Clark Fork, Idaho 83811",(208) 263-3720,Confession,,TBD,,Confessions,other,English,,,,before,Mass,before every Mass
Sacred Heart,"811 S Latah St, Boise, Idaho 83705",208-344-8311,Adoration,Mon,7:30 AM,5:00 PM,Adoration,specific_weekday,English,,,,,,tags: exposition
Sacred Heart,"440 N.E Ash St, Pullman, Washington 99163",(509) 332-5312,Adoration,Thu,6:00 PM,7:00 PM,"Adoration of the Blessed Sacrament, Rosary, Evening Prayer, Benediction",specific_weekday,English,the church,,,,,exceptions: Thanksgiving Day or the week of Christmas
Sacred Heart,"811 S Latah St, Boise, Idaho 83705",208-344-8311,Adoration,Fri,9:00 AM,11:59 PM,Adoration,specific_weekday,English,,,,,,tags: exposition
Sacred Heart,"811 S Latah St, Boise, Idaho 83705",208-344-8311,Adoration,Sat,12:00 AM,4:30 PM,Adoration,saturday,English,,,,,,tags: exposition
Sacred Heart,"285 River St, White Bird, Idaho 83554",208.983.0403,Adoration,Sat,TBD,,Adoration,other,English,Sacred Heart,,,after,Mass,Saturday after Mass; 2nd after Mass for one hour
Sacred Heart,"822 N Washington St, Tekoa, Washington 99033",(509) 284-3001,Adoration,,7:30 AM,10:00 PM,Adoration,daily,English,Perpetual,,,,,Open Access 7:30 am - 10:00 pm
Sacred Heart,"811 S Latah St, Boise, Idaho 83705",208-344-8311,Adoration,,9:00 AM,,Adoration,monthly,English,,first_friday_(recurring),,,,note: following Mass until Saturday 16:30; tags: exposition
Sacred Heart,"125 W 5th Ave, Clark Fork, Idaho 83811",(208) 263-3720,Adoration,,9:00 AM,5:00 PM,Adoration,daily,English,Adoration Chapel,,,,,exposition
Sacred Heart,"219 E Rockwood Blvd, Spokane, Washington 99202-1236",(509) 747-5810,Adoration,,9:00 AM,,ADORATION,monthly,English,,first_friday_(recurring),,,,exposition
Sacred Heart,"125 W 5th Ave, Clark Fork, Idaho 83811",(208) 263-3720,Adoration,,9:30 AM,5:00 PM,Adoration,monthly,English,,first_friday,,,,exposition; benediction
Sacred Heart,"440 N.E Ash St, Pullman, Washington 99163",(509) 332-5312,Devotions,Fri,12:15 PM,,Rosary,specific_weekday,English,the church,,,,,exceptions: the day after Thanksgiving or the week of Christmas
Sacred Heart,"440 N.E Ash St, Pullman, Washington 99163",(509) 332-5312,Devotions,,12:15 PM,,Rosary,special_event,English,,,2026-01-16,,,Rosary
Sacred Heart,"440 N.E Ash St, Pullman, Washington 99163",(509) 332-5312,Devotions,,7:15 AM,8:45 AM,Men's Prayer Group,special_event,English,,,2026-01-17,,,All men are invited to the weekly Men's Prayer Group in the social hall.
Sacred Heart,"440 N.E Ash St, Pullman, Washington 99163",(509) 332-5312,Devotions,,7:15 AM,8:45 AM,Men's Prayer Group,parish_event,English,the social hall,,,,,
Sacred Heart,"219 E Rockwood Blvd, Spokane, Washington 99202-1236",(509) 747-5810,Education,,6:30 PM,8:00 PM,Social Ministries Committee,parish_event,English,,,,,,
Sacred Heart,"219 E Rockwood Blvd, Spokane, Washington 99202-1236",(509) 747-5810,Other,Tue,6:30 AM,7:30 AM,Men's Scripture Reflection,specific_weekday,English,,,,,,
Sacred Heart,"219 E Rockwood Blvd, Spokane, Washington 99202-1236",(509) 747-5810,Other,Wed,9:00 AM,,Coffee with Father,specific_weekday,English,,,,,,
Sacred Heart,"211 E First St, Emmett, Idaho 83617",208-365-4320,Other,Sun,9:00 AM,,Coffee Hour,sunday,English,,,,,,after Mass
Sacred Heart,"211 E First St, Emmett, Idaho 83617",208-365-4320,Other,Sun,9:00 AM,,Coffee Hour,other,English,,,,,,after Mass; after Mass
Sacred Heart,"219 E Rockwood Blvd, Spokane, Washington 99202-1236",(509) 747-5810,Other,,5:30 PM,7:30 PM,Cataldo School Advisory Committee,parish_event,English,,,,,,
Sacred Heart,"127 Byrnes Ave, DeSmet, Idaho 83824",208-274-5871,Other,,TBD,,IMMACULATE CONCEPTION,special_event,English,"IMMACULATE CONCEPTION, Buhl",,2025-12-08,,,IMMACULATE CONCEPTION
Sacred Heart,"127 Byrnes Ave, DeSmet, Idaho 83824",208-274-5871,Other,,TBD,,IMMACULATE CONCEPTION,special_event,English,"ST. ANTHONY’S, Idaho",,2025-12-08,,,IMMACULATE CONCEPTION
Sacred Heart,"127 Byrnes Ave, DeSmet, Idaho 83824",208-274-5871,Other,,TBD,,IMMACULATE CONCEPTION,special_event,English,"ST. EDWARD THE CONFESSOR, Twin Falls",,2025-12-08,,,IMMACULATE CONCEPTION
Sacred Heart,"127 Byrnes Ave, DeSmet, Idaho 83824",208-274-5871,Other,,TBD,,IMMACULATE CONCEPTION,special_event,English,"ST. LOUISE STATION, Salmon",,2025-12-08,,,IMMACULATE CONCEPTION
Sacred Heart,"127 Byrnes Ave, DeSmet, Idaho 83824",208-274-5871,Other,,TBD,,IMMACULATE CONCEPTION,special_event,English,"ST. THERESA OF THE LITTLE FLOWER, Idaho",,2025-12-08,,,IMMACULATE CONCEPTION
Sacred Heart,"127 Byrnes Ave, DeSmet, Idaho 83824",208-274-5871,Other,,TBD,,IMMACULATE CONCEPTION,special_event,English,"OUR LADY OF THE WOODLAND CHAPEL, Idaho",,2025-12-08,,,IMMACULATE CONCEPTION
Sacred Heart,"127 Byrnes Ave, DeSmet, Idaho 83824",208-274-5871,Other,,TBD,,IMMACULATE CONCEPTION,special_event,English,"ST. JOSEPH’S STATION, Nampa",,2025-12-08,,,IMMACULATE CONCEPTION
Sacred Heart,"127 Byrnes Ave, DeSmet, Idaho 83824",208-274-5871,Other,,TBD,,IMMACULATE CONCEPTION,special_event,English,"ST. RITA’S, Idaho",,2025-12-08,,,IMMACULATE CONCEPTION
Sacred Heart,"440 N.E Ash St, Pullman, Washington 99163",(509) 332-5312,Sacraments,Mon,7:15 AM,,Communion service,weekday,english,,,,,,livestream
Sacred Heart,"440 N.E Ash St, Pullman, Washington 99163",(509) 332-5312,Sacraments,Tue,7:15 AM,,Communion service,weekday,english,,,,,,livestream
Sacred Heart,"440 N.E Ash St, Pullman, Washington 99163",(509) 332-5312,Sacraments,Wed,7:15 AM,,Communion service,weekday,english,,,,,,livestream
Sacred Heart,"440 N.E Ash St, Pullman, Washington 99163",(509) 332-5312,Sacraments,Thu,7:15 AM,,Communion service,weekday,english,,,,,,livestream
Sacred Heart,"440 N.E Ash St, Pullman, Washington 99163",(509) 332-5312,Sacraments,Fri,7:15 AM,,Communion service,weekday,english,,,,,,livestream
Sacred Heart (Station of All Saints Parish),"305 Birch Ave, Lapwai, Idaho 83540",208-843-2562,Mass,Tue,12:00 PM,,Mass,specific_weekday,English,"Sacred Heart, Lapwai",,,,,
Sacred Heart (Station of All Saints Parish),"305 Birch Ave, Lapwai, Idaho 83540",208-843-2562,Mass,Sun,11:45 AM,,Mass,sunday,English,"Sacred Heart, Lapwai",,,,,
Sacred Heart (Station of All Saints Parish),"305 Birch Ave, Lapwai, Idaho 83540",208-843-2562,Confession,Sun,TBD,,Reconciliation,other,English,,,,after,Mass,Last of the month after Mass; Sacred Heart; Lapwai
Sacred Hearts of Jesus and Mary,"108 E Stewart Ave, Parma, Idaho 83660",,Mass,Mon,8:00 AM,,Mass,specific_weekday,english,Chapel,,,,,
Sacred Hearts of Jesus and Mary,"108 E Stewart Ave, Parma, Idaho 83660",,Mass,Tue,7:00 PM,,Mass,specific_weekday,spanish,capilla de Gaudalupe,,,,,
Sacred Hearts of Jesus and Mary,"108 E Stewart Ave, Parma, Idaho 83660",,Mass,Tue,8:00 AM,,Mass,specific_weekday,english,Chapel,,,,,
Sacred Hearts of Jesus and Mary,"108 E Stewart Ave, Parma, Idaho 83660",,Mass,Wed,7:15 AM,,Mass,specific_weekday,english,Chapel,,,,,
Sacred Hearts of Jesus and Mary,"108 E Stewart Ave, Parma, Idaho 83660",,Mass,Thu,7:00 PM,,Mass,specific_weekday,spanish,capilla de Gaudalupe,,,,,
Sacred Hearts of Jesus and Mary,"108 E Stewart Ave, Parma, Idaho 83660",,Mass,Thu,8:00 AM,,Mass,specific_weekday,english,Chapel,,,,,
Sacred Hearts of Jesus and Mary,"108 E Stewart Ave, Parma, Idaho 83660",,Mass,Fri,8:00 AM,,Mass,specific_weekday,english,Chapel,,,,,
Sacred Hearts of Jesus and Mary,"108 E Stewart Ave, Parma, Idaho 83660",,Mass,Sat,5:00 PM,,Mass,saturday,english,,,,,,vigil
Sacred Hearts of Jesus and Mary,"108 E Stewart Ave, Parma, Idaho 83660",,Mass,Sat,7:00 PM,,Mass,saturday,spanish,,,,,,vigil
Sacred Hearts of Jesus and Mary,"108 E Stewart Ave, Parma, Idaho 83660",,Mass,Sun,12:00 PM,,Mass,sunday,spanish,,,,,,
Sacred Hearts of Jesus and Mary,"108 E Stewart Ave, Parma, Idaho 83660",,Mass,Sun,2:30 PM,,Mass,sunday,spanish,,,,,,
Sacred Hearts of Jesus and Mary,"108 E Stewart Ave, Parma, Idaho 83660",,Mass,Sun,9:00 AM,,Mass,sunday,english,,,,,,
Sacred Hearts of Jesus and Mary,"108 E Stewart Ave, Parma, Idaho 83660",,Mass,,8:00 AM,,Mass,monthly,english,Main Church,first_saturday_(recurring),,,,
Sacred Hearts of Jesus and Mary,"108 E Stewart Ave, Parma, Idaho 83660",,Confession,Tue,5:00 PM,6:30 PM,Confession,specific_weekday,English,Chapel,,,,,
Sacred Hearts of Jesus and Mary,"108 E Stewart Ave, Parma, Idaho 83660",,Confession,Thu,5:00 PM,6:30 PM,Confession,specific_weekday,English,Chapel,,,,,
Sacred Hearts of Jesus and Mary,"108 E Stewart Ave, Parma, Idaho 83660",,Confession,Sat,2:30 PM,4:30 PM,Confession,saturday,English,,,,,,
Saint Jude Catholic Church,"River Rd., Usk, WA 99180",+1-509-447-4231,Mass,Mon,8:00 AM,,Mass,specific_weekday,English,Usk,,,,,
Saint Jude Catholic Church,"River Rd., Usk, WA 99180",+1-509-447-4231,Mass,Wed,8:00 AM,,Mass,specific_weekday,English,Usk,,,,,
Saint Mary (Mountain Home Air Force Base) [military],"420 Gunfighter Ave, Mountain Home Air Force Base, Idaho 83648",(208) 828-6417,Mass,Mon,4:40 PM,,Mass,weekday,English,,,,,,Subject to change
Saint Mary (Mountain Home Air Force Base) [military],"420 Gunfighter Ave, Mountain Home Air Force Base, Idaho 83648",(208) 828-6417,Mass,Tue,4:40 PM,,Mass,weekday,English,,,,,,Subject to change
Saint Mary (Mountain Home Air Force Base) [military],"420 Gunfighter Ave, Mountain Home Air Force Base, Idaho 83648",(208) 828-6417,Mass,Wed,4:40 PM,,Mass,weekday,English,,,,,,Subject to change
Saint Mary (Mountain Home Air Force Base) [military],"420 Gunfighter Ave, Mountain Home Air Force Base, Idaho 83648",(208) 828-6417,Mass,Thu,4:40 PM,,Mass,weekday,English,,,,,,Subject to change
Saint Mary (Mountain Home Air Force Base) [military],"420 Gunfighter Ave, Mountain Home Air Force Base, Idaho 83648",(208) 828-6417,Mass,Fri,4:40 PM,,Mass,weekday,English,,,,,,Subject to change
Saint Mary (Mountain Home Air Force Base) [military],"420 Gunfighter Ave, Mountain Home Air Force Base, Idaho 83648",(208) 828-6417,Mass,Sun,9:00 AM,,Mass,sunday,English,,,,,,
Saint Mary (Mountain Home Air Force Base) [military],"420 Gunfighter Ave, Mountain Home Air Force Base, Idaho 83648",(208) 828-6417,Confession,Sun,8:00 AM,,Confession,sunday,English,,,,,,
Saint Mary (Mountain Home Air Force Base) [military],"420 Gunfighter Ave, Mountain Home Air Force Base, Idaho 83648",(208) 828-6417,Education,Sun,10:30 AM,,Religious Education & Sacramental Classes,sunday,English,,,,,,
Saint Mary (Mountain Home Air Force Base) [military],"420 Gunfighter Ave, Mountain Home Air Force Base, Idaho 83648",(208) 828-6417,Other,Tue,5:30 PM,,Welcome Table,specific_weekday,English,Airmen Center,,,,,Open to All
Saint Mary (Mountain Home Air Force Base) [military],"420 Gunfighter Ave, Mountain Home Air Force Base, Idaho 83648",(208) 828-6417,Other,Wed,11:30 AM,,Study,specific_weekday,English,,,,,,
Saint Mary (Mountain Home Air Force Base) [military],"420 Gunfighter Ave, Mountain Home Air Force Base, Idaho 83648",(208) 828-6417,Other,Thu,3:00 PM,,Norse Pagan Gathering,specific_weekday,English,,,,,,
Saint Mary (Mountain Home Air Force Base) [military],"420 Gunfighter Ave, Mountain Home Air Force Base, Idaho 83648",(208) 828-6417,Other,Sun,11:00 AM,,Service,sunday,English,,,,,,
Saint Mary (Mountain Home Air Force Base) [military],"420 Gunfighter Ave, Mountain Home Air Force Base, Idaho 83648",(208) 828-6417,Other,Sun,5:00 PM,,Esto Vir Men's Group,sunday,English,,,,,,
Saint Mary (Mountain Home Air Force Base) [military],"420 Gunfighter Ave, Mountain Home Air Force Base, Idaho 83648",(208) 828-6417,Other,Sun,5:00 PM,,Youth - Campus Life Ministry,sunday,English,,,,,,
Sawtooth Valley Chapel,"770 Airport Rd, Stanley, Idaho 83278",(208) 644-9613,Other,,4:30 PM,,Retreat,special_event,English,Jerome,,2026-01-16,,,Retreat; ends Jan 24 at 16:00
St Anns Catholic Church,"342 Lost River Ave, Arco, Idaho 83213",208-756-2432,Mass,Tue,9:00 AM,9:40 AM,Mass,specific_weekday,English,St Charles Borromeo Catholic Church,,,,,
St Anns Catholic Church,"342 Lost River Ave, Arco, Idaho 83213",208-756-2432,Mass,Wed,5:30 PM,,Mass,specific_weekday,English,St Louise Station,,,,,
St Anns Catholic Church,"342 Lost River Ave, Arco, Idaho 83213",208-756-2432,Mass,Sat,1:00 PM,,Mass,saturday,English,St Joseph Chapel,,,,,vigil
St Anns Catholic Church,"342 Lost River Ave, Arco, Idaho 83213",208-756-2432,Mass,Sat,5:00 PM,,Mass,saturday,english,St Charles Borromeo Catholic Church,,,,,vigil
St Anns Catholic Church,"342 Lost River Ave, Arco, Idaho 83213",208-756-2432,Mass,Sun,12:00 PM,,Mass,sunday,English,St Louise Station,,,,,
St Anns Catholic Church,"342 Lost River Ave, Arco, Idaho 83213",208-756-2432,Mass,Sun,3:00 PM,,Mass,sunday,English,St Barbara Station,,,,,except the last Sunday of every month
St Anns Catholic Church,"342 Lost River Ave, Arco, ID 83213",+1-208-527-3035,Mass,Sun,8:00 AM,,Mass,sunday,English,St. Theresa’s Church in Mitchell,,,,,
St Anns Catholic Church,"342 Lost River Ave, Arco, Idaho 83213",208-756-2432,Mass,Sun,8:30 AM,,Mass,sunday,english,St Charles Borromeo Catholic Church,,,,,
St Anns Catholic Church,"342 Lost River Ave, Arco, Idaho 83213",208-756-2432,Mass,,12:00 PM,,Ash Wednesday Mass and distribution of ashes,special_event,English,St Louise Station,,2026-02-18,,,Ash Wednesday Mass and distribution of ashes
St Anns Catholic Church,"342 Lost River Ave, Arco, Idaho 83213",208-756-2432,Mass,,3:00 PM,,Ash Wednesday Mass and distribution of ashes,special_event,English,St Barbara Station,,2026-02-18,,,Ash Wednesday Mass and distribution of ashes
St Anns Catholic Church,"342 Lost River Ave, Arco, Idaho 83213",208-756-2432,Mass,,3:00 PM,,Mass,monthly,English,St Ann Station,last_sunday,,,,Last of every month
St Anns Catholic Church,"342 Lost River Ave, Arco, Idaho 83213",208-756-2432,Confession,Tue,5:00 PM,6:00 PM,Confession,specific_weekday,English,St Charles Borromeo Catholic Church,,,,,
St Anns Catholic Church,"342 Lost River Ave, Arco, Idaho 83213",208-756-2432,Confession,Wed,4:30 PM,5:30 PM,Confession,specific_weekday,English,St Louise Station,,,,,
St Anns Catholic Church,"342 Lost River Ave, Arco, Idaho 83213",208-756-2432,Confession,Sat,12:30 PM,,Confession,saturday,English,St Joseph Chapel,,,,,
St Anns Catholic Church,"342 Lost River Ave, Arco, ID 83213",+1-208-527-3035,Confession,,5:00 PM,,Confessions,special_event,English,,,2025-12-24,,,Confessions
St Anns Catholic Church,"342 Lost River Ave, Arco, ID 83213",+1-208-527-3035,Confession,,5:00 PM,,Confessions,special_event,English,,,2026-01-01,,,Confessions; Solemnity of Mary
St Anns Catholic Church,"342 Lost River Ave, Arco, Idaho 83213",208-756-2432,Confession,,TBD,,Confession,other,English,St Barbara Station,,,before,Mass,before every Mass
St Anns Catholic Church,"342 Lost River Ave, Arco, Idaho 83213",208-756-2432,Adoration,Tue,5:00 PM,6:00 PM,Adoration,specific_weekday,English,St Charles Borromeo Catholic Church,,,,,exposition; benediction
St Anns Catholic Church,"342 Lost River Ave, Arco, Idaho 83213",208-756-2432,Adoration,Wed,4:30 PM,5:30 PM,Adoration,specific_weekday,English,St Louise Station,,,,,exposition
St Anns Catholic Church,"342 Lost River Ave, Arco, Idaho 83213",208-756-2432,Adoration,Sat,12:30 PM,,Adoration,saturday,English,St Joseph Chapel,,,,,exposition
St Anns Catholic Church,"342 Lost River Ave, Arco, Idaho 83213",208-756-2432,Devotions,Tue,8:30 AM,8:55 AM,Rosary,specific_weekday,English,St Charles Borromeo Catholic Church,,,,,
St Anns Catholic Church,"342 Lost River Ave, Arco, Idaho 83213",208-756-2432,Devotions,,3:00 PM,,Divine Mercy,daily,English,St Louise Station,,,,,prayer service
St Anns Catholic Church,"342 Lost River Ave, Arco, Idaho 83213",208-756-2432,Community,,6:00 PM,7:00 PM,Parish Council Monthly Meeting,parish_event,English,St Charles Borromeo Catholic Church,,,,,
St Anns Catholic Church,"342 Lost River Ave, Arco, Idaho 83213",208-756-2432,Other,,4:00 PM,,Lenten Penance Service,special_event,English,St Louise Station,,2026-03-11,,,Lenten Penance Service
St Charles Catholic Church,"505 Hope Ave , Salmon, Idaho 83467",208-756-2432,Mass,Tue,9:00 AM,9:40 AM,Mass,specific_weekday,English,St Charles Borromeo,,,,,Salmon
St Charles Catholic Church,"505 Hope Ave , Salmon, Idaho 83467",208-756-2432,Mass,Sat,5:00 PM,,Mass,saturday,english,St Charles Borromeo,,,,,Salmon
St Charles Catholic Church,"505 Hope Ave , Salmon, Idaho 83467",208-756-2432,Mass,Sun,8:30 AM,,Mass,sunday,english,St Charles Borromeo,,,,,Salmon
St Charles Catholic Church,"505 Hope Ave , Salmon, Idaho 83467",208-756-2432,Confession,Tue,5:00 PM,6:00 PM,Confession,specific_weekday,English,St Charles Borromeo,,,,,Salmon
St Charles Catholic Church,"505 Hope Ave , Salmon, Idaho 83467",208-756-2432,Adoration,Tue,5:00 PM,6:00 PM,Adoration,specific_weekday,English,St Charles Borromeo,,,,,Salmon; exposition; benediction
St Charles Catholic Church,"505 Hope Ave , Salmon, Idaho 83467",208-756-2432,Devotions,Tue,8:30 AM,8:55 AM,Rosary,specific_weekday,English,St Charles Borromeo,,,,,Salmon
St Charles Catholic Church,"505 Hope Ave , Salmon, Idaho 83467",208-756-2432,Community,,6:00 PM,7:00 PM,Parish Council Monthly Meeting,parish_event,English,St Charles Borromeo,,,,,Salmon
St Jerome Newman Center,"795 N 800 E, Logan, UT 84321",+1-435-753-7670,Mass,Mon,6:00 PM,,Mass,specific_weekday,English,Utah State University,,,,,
St Jerome Newman Center,"795 N 800 E, Logan, UT 84321",+1-435-753-7670,Mass,Wed,7:00 PM,,Mass,specific_weekday,English,Utah State University,,,,,
St Jerome Newman Center,"795 N 800 E, Logan, UT 84321",+1-435-753-7670,Mass,Thu,6:00 PM,,Mass,specific_weekday,English,Utah State University,,,,,
St Jerome Newman Center,"795 N 800 E, Logan, UT 84321",+1-435-753-7670,Mass,Fri,6:00 PM,,Mass,specific_weekday,English,Utah State University,,,,,
St Jerome Newman Center,"795 N 800 E, Logan, UT 84321",+1-435-753-7670,Mass,Sun,6:00 PM,,Mass,sunday,English,Utah State University,,,,,School year
St Jerome Newman Center,"795 N 800 E, Logan, UT 84321",+1-435-753-7670,Confession,Tue,6:00 PM,,Confession,specific_weekday,English,,,,,,and by Appointment
St Jerome Newman Center,"795 N 800 E, Logan, UT 84321",+1-435-753-7670,Confession,Fri,5:00 PM,,Confession,specific_weekday,English,Utah State University,,,,,
St Jerome Newman Center,"795 N 800 E, Logan, UT 84321",+1-435-753-7670,Adoration,Tue,6:00 PM,,Adoration,specific_weekday,English,,,,,,
St Jerome Newman Center,"795 N 800 E, Logan, UT 84321",+1-435-753-7670,Adoration,Tue,TBD,,Adoration of the Most Blessed Sacrament + conffesssions,specific_weekday,English,,,,,,
St Jerome Newman Center,"795 N 800 E, Logan, UT 84321",+1-435-753-7670,Adoration,Fri,5:00 PM,,Adoration,specific_weekday,English,Utah State University,,,,,
St Jerome Newman Center,"795 N 800 E, Logan, UT 84321",+1-435-753-7670,Devotions,Mon,6:30 PM,,Rosary for Pope Francis,specific_weekday,English,,,,,,
St Jerome Newman Center,"795 N 800 E, Logan, UT 84321",+1-435-753-7670,Education,Wed,7:00 PM,,Bible Study,other,English,,,,,,note: Bible Study is held on
St Jerome Newman Center,"795 N 800 E, Logan, UT 84321",+1-435-753-7670,Other,,6:00 PM,,XXXX-04-27,special_event,English,,,,,,Closing Mass and Social; Sunday
St Jerome Newman Center,"795 N 800 E, Logan, UT 84321",+1-435-753-7670,Other,,6:00 PM,,XXXX-XX-XX,special_event,English,,,,,,Mass; First Week of Easter; Mon
St Jerome Newman Center,"795 N 800 E, Logan, UT 84321",+1-435-753-7670,Other,,7:00 PM,,XXXX-XX-XX,special_event,English,,,,,,Memorial Mass for Pope Francis; Wed
St Louise Catholic Church,"1251 Pleasant Ave, Challis, Idaho 83226",208-756-2432,Mass,Mon,5:30 PM,,Mass,weekday,English,"St Louise, Challis",,,,,
St Louise Catholic Church,"1251 Pleasant Ave, Challis, Idaho 83226",208-756-2432,Mass,Tue,5:30 PM,,Mass,weekday,English,"St Louise, Challis",,,,,
St Louise Catholic Church,"1251 Pleasant Ave, Challis, Idaho 83226",208-756-2432,Mass,Wed,5:30 PM,,Mass,weekday,English,"St Louise, Challis",,,,,
St Louise Catholic Church,"1251 Pleasant Ave, Challis, Idaho 83226",208-756-2432,Mass,Thu,5:30 PM,,Mass,weekday,English,"St Louise, Challis",,,,,
St Louise Catholic Church,"1251 Pleasant Ave, Challis, Idaho 83226",208-756-2432,Mass,Fri,5:30 PM,,Mass,weekday,English,"St Louise, Challis",,,,,
St Louise Catholic Church,"1251 Pleasant Ave, Challis, Idaho 83226",208-756-2432,Mass,Sun,12:00 PM,,Mass,sunday,English,"St Louise, Challis",,,,,
St Louise Catholic Church,"1251 Pleasant Ave, Challis, Idaho 83226",208-756-2432,Confession,Wed,4:30 PM,5:30 PM,Adoration and Confession,specific_weekday,English,"St Louise, Challis",,,,,
St Louise Catholic Church,"1251 Pleasant Ave, Challis, Idaho 83226",208-756-2432,Devotions,,3:00 PM,,Divine Mercy and prayer service,daily,English,"St Louise, Challis",,,,,
St. Agnes,"214 E Liberty St, Weiser, Idaho 83672",208-549-0088,Mass,Mon,12:10 PM,,Mass,specific_weekday,english,"St. Agnes, Weiser",,,,,
St. Agnes,"214 E Liberty St, Weiser, Idaho 83672",208-549-0088,Mass,Tue,7:30 AM,,Mass,specific_weekday,english,"St. Agnes, Weiser",,,,,
St. Agnes,"214 E Liberty St, Weiser, Idaho 83672",208-549-0088,Mass,Wed,7:30 AM,,Mass,specific_weekday,english,"St. Agnes, Weiser",,,,,
St. Agnes,"214 E Liberty St, Weiser, Idaho 83672",208-549-0088,Mass,Fri,12:10 PM,,Mass,specific_weekday,spanish,"St. Agnes, Weiser",,,,,
St. Agnes,"214 E Liberty St, Weiser, Idaho 83672",208-549-0088,Mass,Sat,5:00 PM,,Mass,saturday,english,"St. Agnes, Weiser",,,,,vigil
St. Agnes,"214 E Liberty St, Weiser, Idaho 83672",208-549-0088,Mass,Sun,12:00 PM,,Mass,sunday,spanish,"St. Agnes, Weiser",,,,,
St. Agnes,"214 E Liberty St, Weiser, Idaho 83672",208-549-0088,Mass,Sun,9:00 AM,,Mass,sunday,english,"St. Agnes, Weiser",,,,,
St. Agnes,"214 E Liberty St, Weiser, Idaho 83672",208-549-0088,Mass,,8:30 AM,,Mass,monthly,english,"St. Agnes, Weiser",first_saturday_(recurring),,,,
St. Agnes,"214 E Liberty St, Weiser, Idaho 83672",208-549-0088,Confession,Sat,3:30 PM,4:30 PM,Confession,saturday,English,St. Agnes,,,,,or by appointment / por una cita
St. Agnes,"214 E Liberty St, Weiser, Idaho 83672",208-549-0088,Adoration,Tue,3:00 PM,6:00 PM,Adoration,other,English,,,,,,exposition; benediction
St. Aloysius,"330 E Boone Ave, Spokane, Washington 99202",(509) 313-5896,Mass,Mon,8:00 AM,,Daily Mass,weekday,English,,,,,,livestream
St. Aloysius,"330 E Boone Ave, Spokane, Washington 99202",(509) 313-5896,Mass,Tue,8:00 AM,,Daily Mass,weekday,English,,,,,,livestream
St. Aloysius,"330 E Boone Ave, Spokane, Washington 99202",(509) 313-5896,Mass,Wed,8:00 AM,,Daily Mass,weekday,English,,,,,,livestream
St. Aloysius,"330 E Boone Ave, Spokane, Washington 99202",(509) 313-5896,Mass,Thu,8:00 AM,,Daily Mass,weekday,English,,,,,,livestream
St. Aloysius,"330 E Boone Ave, Spokane, Washington 99202",(509) 313-5896,Mass,Fri,8:00 AM,,Daily Mass,weekday,English,,,,,,livestream
St. Aloysius,"330 E Boone Ave, Spokane, Washington 99202",(509) 313-5896,Mass,Sat,5:00 PM,,Mass,saturday,English,,,,,,vigil
St. Aloysius,"330 E Boone Ave, Spokane, Washington 99202",(509) 313-5896,Mass,Sun,11:00 AM,,Mass,sunday,English,,,,,,livestream
St. Aloysius,"330 E Boone Ave, Spokane, Washington 99202",(509) 313-5896,Mass,Sun,7:00 PM,,Mass,sunday,English,,,,,,
St. Aloysius,"330 E Boone Ave, Spokane, Washington 99202",(509) 313-5896,Mass,Sun,8:30 AM,,Mass,sunday,English,,,,,,livestream
St. Aloysius,"330 E Boone Ave, Spokane, Washington 99202",(509) 313-5896,Confession,Thu,4:30 PM,6:30 PM,Reconciliation,specific_weekday,English,church,,,,,except Christmas Eve or Holy Week
St. Aloysius,"330 E Boone Ave, Spokane, Washington 99202",(509) 313-5896,Other,,8:00 AM,8:30 AM,Live Stream,other,English,,,,,,daily; livestream
St. Alphonsus,"214 Pine St, Wallace, Idaho 83873",208-752-3551,Other,,TBD,,IMMACULATE CONCEPTION,special_event,English,"Immaculate Conception, Buhl",,2025-12-08,,,IMMACULATE CONCEPTION TIME_TBD
St. Alphonsus,"214 Pine St, Wallace, Idaho 83873",208-752-3551,Other,,TBD,,IMMACULATE CONCEPTION,special_event,English,"St. Anthony's, Greencreek",,2025-12-08,,,IMMACULATE CONCEPTION TIME_TBD
St. Alphonsus,"214 Pine St, Wallace, Idaho 83873",208-752-3551,Other,,TBD,,IMMACULATE CONCEPTION,special_event,English,"St. Edward the Confessor, Twin Falls",,2025-12-08,,,IMMACULATE CONCEPTION TIME_TBD
St. Alphonsus,"214 Pine St, Wallace, Idaho 83873",208-752-3551,Other,,TBD,,IMMACULATE CONCEPTION,special_event,English,"St. Louise Station, Challis",,2025-12-08,,,IMMACULATE CONCEPTION TIME_TBD
St. Alphonsus,"214 Pine St, Wallace, Idaho 83873",208-752-3551,Other,,TBD,,IMMACULATE CONCEPTION,special_event,English,"St. Theresa of the Little Flower, Orofino",,2025-12-08,,,IMMACULATE CONCEPTION TIME_TBD
St. Alphonsus,"214 Pine St, Wallace, Idaho 83873",208-752-3551,Other,,TBD,,IMMACULATE CONCEPTION,special_event,English,"Our Lady of the Woodland Chapel, Pierce",,2025-12-08,,,IMMACULATE CONCEPTION TIME_TBD
St. Alphonsus,"214 Pine St, Wallace, Idaho 83873",208-752-3551,Other,,TBD,,IMMACULATE CONCEPTION,special_event,English,"St. Joseph’s Station, Melba",,2025-12-08,,,IMMACULATE CONCEPTION TIME_TBD
St. Alphonsus,"214 Pine St, Wallace, Idaho 83873",208-752-3551,Other,,TBD,,IMMACULATE CONCEPTION,special_event,English,"St. Rita’s, Kellogg",,2025-12-08,,,IMMACULATE CONCEPTION TIME_TBD
St. Ann,"6712 El Paso St, Bonners Ferry, Idaho 83805",208-267-2852,Mass,Mon,8:30 AM,,Mass,specific_weekday,english,,,,,,
St. Ann,"6712 El Paso St, Bonners Ferry, Idaho 83805",208-267-2852,Mass,Tue,8:30 AM,,Mass,specific_weekday,english,,,,,,
St. Ann,"6712 El Paso St, Bonners Ferry, Idaho 83805",208-267-2852,Mass,Wed,11:30 AM,,Mass,specific_weekday,english,,,,,,
St. Ann,"6712 El Paso St, Bonners Ferry, Idaho 83805",208-267-2852,Mass,Thu,8:30 AM,,Mass,specific_weekday,english,,,,,,
St. Ann,"6712 El Paso St, Bonners Ferry, Idaho 83805",208-267-2852,Mass,Fri,8:30 AM,,Mass,specific_weekday,english,,,,,,
St. Ann,"2120 E 1st Ave, Spokane, Washington 99202",(509) 535-3031,Mass,Sat,3:00 PM,,Mass,saturday,English,,,,,,in fall & winter; during Standard Time
St. Ann,"2120 E 1st Ave, Spokane, Washington 99202",(509) 535-3031,Mass,Sat,4:00 PM,,Mass,saturday,English,,,,,,in spring & summer; during Daylight Saving Time
St. Ann,"6712 El Paso St, Bonners Ferry, Idaho 83805",208-267-2852,Mass,Sat,5:00 PM,,Mass,saturday,English,,,,,,vigil
St. Ann,"6712 El Paso St, Bonners Ferry, Idaho 83805",208-267-2852,Mass,Sun,9:00 AM,,Mass,sunday,English,,,,,,
St. Ann,"2120 E 1st Ave, Spokane, Washington 99202",(509) 535-3031,Mass,Sun,9:00 AM,,Mass,sunday,English,,,,,,The Youth Liturgy program is available during Mass; throughout the school year.
St. Ann,"6712 El Paso St, Bonners Ferry, Idaho 83805",208-267-2852,Mass,,5:30 PM,,Mass,special_event,English,,,2025-01-01,,,Mass
St. Ann,"6712 El Paso St, Bonners Ferry, Idaho 83805",208-267-2852,Mass,,5:30 PM,,Mass,special_event,English,,,2025-08-15,,,Mass
St. Ann,"6712 El Paso St, Bonners Ferry, Idaho 83805",208-267-2852,Mass,,5:30 PM,,Mass,special_event,English,,,2025-11-01,,,Mass
St. Ann,"6712 El Paso St, Bonners Ferry, Idaho 83805",208-267-2852,Mass,,5:30 PM,,Mass,special_event,English,,,2025-12-08,,,Mass
St. Ann,"6712 El Paso St, Bonners Ferry, Idaho 83805",208-267-2852,Mass,,5:30 PM,,Mass,special_event,English,,,2025-12-25,,,Mass
St. Ann,"6712 El Paso St, Bonners Ferry, Idaho 83805",208-267-2852,Mass,,8:30 AM,,Mass,special_event,English,,,2025-01-01,,,Mass
St. Ann,"6712 El Paso St, Bonners Ferry, Idaho 83805",208-267-2852,Mass,,8:30 AM,,Mass,special_event,English,,,2025-08-15,,,Mass
St. Ann,"6712 El Paso St, Bonners Ferry, Idaho 83805",208-267-2852,Mass,,8:30 AM,,Mass,special_event,English,,,2025-11-01,,,Mass
St. Ann,"6712 El Paso St, Bonners Ferry, Idaho 83805",208-267-2852,Mass,,8:30 AM,,Mass,special_event,English,,,2025-12-08,,,Mass
St. Ann,"6712 El Paso St, Bonners Ferry, Idaho 83805",208-267-2852,Mass,,8:30 AM,,Mass,special_event,English,,,2025-12-25,,,Mass
St. Ann,"6712 El Paso St, Bonners Ferry, Idaho 83805",208-267-2852,Mass,,8:30 AM,,Mass,monthly,English,,first_saturday_(recurring),,,,
St. Ann,"6712 El Paso St, Bonners Ferry, Idaho 83805",208-267-2852,Mass,,8:30 AM,,Holy Mass,monthly,English,,first_friday_(recurring),,,,
St. Ann,"2120 E 1st Ave, Spokane, Washington 99202",(509) 535-3031,Mass,,9:00 AM,,Swahili Mass,monthly,English,,first_sunday,,,,1st Sunday of the month; In order for our whole community to celebrate Mass together; we celebrate our once-a-month Swahili mass at 9:00 AM on the first Sunday of each month! All are welcome!
St. Ann,"6712 El Paso St, Bonners Ferry, Idaho 83805",208-267-2852,Confession,Sat,4:15 PM,4:45 PM,Confession,saturday,English,,,,,,
St. Ann,"6712 El Paso St, Bonners Ferry, Idaho 83805",208-267-2852,Confession,Sun,8:00 AM,8:40 AM,Confession,sunday,English,,,,,,
St. Ann,"2120 E 1st Ave, Spokane, Washington 99202",(509) 535-3031,Confession,,TBD,,Reconciliation,parish_event,English,,,,,,by appointment; Please call the parish office at 509 535-3031 to schedule a time.
St. Ann,"6712 El Paso St, Bonners Ferry, Idaho 83805",208-267-2852,Adoration,,TBD,,Adoration & Healing Service,other,English,,,,after,Mass,after Mass
St. Ann,"6712 El Paso St, Bonners Ferry, Idaho 83805",208-267-2852,Devotions,,8:00 AM,,Rosary,monthly,English,,first_saturday_(recurring),,,,
St. Ann,"2120 E 1st Ave, Spokane, Washington 99202",(509) 535-3031,Other,,1:00 PM,2:30 PM,Sunday Lunch Program,parish_event,English,St Ann parish hall,,,,,A free Sunday Lunch is served every Sunday; from 1:00 pm – 2:30 in the St Ann parish hall. This free meal is served by a different church or civic group each week. St Ann’s turn to serve is posted in the bulletin and on the calendar below.; A free Sunday Lunch is served every Sunday; from 1:00 pm – 2:30 in the St Ann parish hall. This free meal is served by a different church or civic group each week. St Ann’s turn to serve is posted in the bulletin and on the calendar below.
St. Ann / Santa Ana (Pope St. John Paul II Parish),"1256 E 1500 N, Terreton, Idaho None",(208) 522-4366,Mass,Mon,8:15 AM,,Mass,weekday,english,Holy Rosary Church,,,,,
St. Ann / Santa Ana (Pope St. John Paul II Parish),"1256 E 1500 N, Terreton, Idaho None",(208) 522-4366,Mass,Tue,8:15 AM,,Mass,weekday,english,Holy Rosary Church,,,,,
St. Ann / Santa Ana (Pope St. John Paul II Parish),"1256 E 1500 N, Terreton, Idaho None",(208) 522-4366,Mass,Wed,8:15 AM,,Mass,weekday,english,Holy Rosary Church,,,,,
St. Ann / Santa Ana (Pope St. John Paul II Parish),"1256 E 1500 N, Terreton, Idaho None",(208) 522-4366,Mass,Thu,8:15 AM,,Mass,weekday,english,Holy Rosary Church,,,,,
St. Ann / Santa Ana (Pope St. John Paul II Parish),"1256 E 1500 N, Terreton, Idaho None",(208) 522-4366,Mass,Fri,8:15 AM,,Mass,weekday,english,Holy Rosary Church,,,,,
St. Ann’s Catholic Church,"1084 E 1500 N, Terreton, ID 83450",+1-208-522-4366,Mass,Mon,8:15 AM,,Mass,weekday,english,Holy Rosary Church,,,,,
St. Ann’s Catholic Church,"1084 E 1500 N, Terreton, ID 83450",+1-208-522-4366,Mass,Tue,8:15 AM,,Mass,weekday,english,Holy Rosary Church,,,,,
St. Ann’s Catholic Church,"1084 E 1500 N, Terreton, ID 83450",+1-208-522-4366,Mass,Wed,8:15 AM,,Mass,weekday,english,Holy Rosary Church,,,,,
St. Ann’s Catholic Church,"1084 E 1500 N, Terreton, ID 83450",+1-208-522-4366,Mass,Thu,8:15 AM,,Mass,weekday,english,Holy Rosary Church,,,,,
St. Ann’s Catholic Church,"1084 E 1500 N, Terreton, ID 83450",+1-208-522-4366,Mass,Fri,8:15 AM,,Mass,weekday,english,Holy Rosary Church,,,,,
St. Anthony,"2320 N Cedar St, Spokane, Washington 99205",(509) 327-1162,Mass,Tue,8:00 AM,,Mass,specific_weekday,english,,,,,,
St. Anthony,"1070 Greencreek Rd, Greencreek, Idaho 83533",208-962-3214,Mass,Wed,8:00 AM,,Mass,specific_weekday,English,"St. Anthony, Greencreek",,,,,
St. Anthony,"2320 N Cedar St, Spokane, Washington 99205",(509) 327-1162,Mass,Wed,8:00 AM,,Mass,specific_weekday,english,,,,,,
St. Anthony,"2320 N Cedar St, Spokane, Washington 99205",(509) 327-1162,Mass,Thu,8:00 AM,,Mass,specific_weekday,english,,,,,,
St. Anthony,"2320 N Cedar St, Spokane, Washington 99205",(509) 327-1162,Mass,Fri,8:00 AM,,Mass,specific_weekday,english,,,,,,
St. Anthony,"2320 N Cedar St, Spokane, Washington 99205",(509) 327-1162,Mass,Fri,9:00 AM,,School Mass,specific_weekday,English,,,,,,
St. Anthony,"2320 N Cedar St, Spokane, Washington 99205",(509) 327-1162,Mass,Sat,4:30 PM,,Mass,saturday,english,,,,,,
St. Anthony,"1070 Greencreek Rd, Greencreek, Idaho 83533",208-962-3214,Mass,Sun,10:00 AM,,Mass,sunday,English,"St. Anthony Church, Greencreek",,,,,
St. Anthony,"2320 N Cedar St, Spokane, Washington 99205",(509) 327-1162,Mass,Sun,11:30 AM,,Mass,sunday,vietnamese,,,,,,
St. Anthony,"2320 N Cedar St, Spokane, Washington 99205",(509) 327-1162,Mass,Sun,9:30 AM,,Mass,sunday,english,,,,,,
St. Anthony,"1070 Greencreek Rd, Greencreek, Idaho 83533",208-962-3214,Mass,,10:00 AM,,"Mary, Mother of God Mass",special_event,English,St. Anthony,,2026-01-01,,,"Mary, Mother of God Mass"
St. Anthony,"612 W 1st St, Newport, Washington 99156",(509) 447-4231,Mass,,11:00 AM,,Mass,special_event,English,Newport,,2025-05-25,,,Mass
St. Anthony,"612 W 1st St, Newport, Washington 99156",(509) 447-4231,Mass,,5:30 PM,,Mass,special_event,English,Newport,,2025-05-19,,,Mass
St. Anthony,"612 W 1st St, Newport, Washington 99156",(509) 447-4231,Mass,,5:30 PM,,Mass,special_event,English,Newport,,2025-05-20,,,Mass
St. Anthony,"612 W 1st St, Newport, Washington 99156",(509) 447-4231,Mass,,5:30 PM,,Mass,special_event,English,Newport,,2025-05-21,,,Mass
St. Anthony,"612 W 1st St, Newport, Washington 99156",(509) 447-4231,Mass,,5:30 PM,,Mass,special_event,English,Newport,,2025-05-22,,,Mass
St. Anthony,"612 W 1st St, Newport, Washington 99156",(509) 447-4231,Mass,,5:30 PM,,Mass,special_event,English,Newport,,2025-05-23,,,Mass
St. Anthony,"612 W 1st St, Newport, Washington 99156",(509) 447-4231,Mass,,5:30 PM,,Mass,special_event,English,Newport,,2025-05-24,,,Mass
St. Anthony,"1070 Greencreek Rd, Greencreek, Idaho 83533",208-962-3214,Mass,,6:00 PM,,Christmas Eve Mass,special_event,English,St. Anthony,,2025-12-24,,,Christmas Eve Mass
St. Anthony,"612 W 1st St, Newport, Washington 99156",(509) 447-4231,Mass,,8:00 AM,,Mass,special_event,English,Newport,,2025-05-19,,,Mass
St. Anthony,"612 W 1st St, Newport, Washington 99156",(509) 447-4231,Mass,,8:00 AM,,Mass,special_event,English,Newport,,2025-05-20,,,Mass
St. Anthony,"612 W 1st St, Newport, Washington 99156",(509) 447-4231,Mass,,8:00 AM,,Mass,special_event,English,Newport,,2025-05-21,,,Mass
St. Anthony,"612 W 1st St, Newport, Washington 99156",(509) 447-4231,Mass,,8:00 AM,,Mass,special_event,English,Newport,,2025-05-22,,,Mass
St. Anthony,"612 W 1st St, Newport, Washington 99156",(509) 447-4231,Mass,,8:00 AM,,Mass,special_event,English,Newport,,2025-05-23,,,Mass
St. Anthony,"612 W 1st St, Newport, Washington 99156",(509) 447-4231,Mass,,8:00 AM,,Mass,special_event,English,Newport,,2025-05-24,,,Mass
St. Anthony,"1070 Greencreek Rd, Greencreek, Idaho 83533",208-962-3214,Mass,,TBD,,Ash Wednesday Mass,special_event,English,,,2026-02-18,,,Ash Wednesday Mass TIME_TBD; check bulletin
St. Anthony,"2320 N Cedar St, Spokane, Washington 99205",(509) 327-1162,Confession,Tue,6:00 PM,7:00 PM,Confession,specific_weekday,English,,,,,,
St. Anthony,"2320 N Cedar St, Spokane, Washington 99205",(509) 327-1162,Confession,Tue,8:30 AM,9:30 AM,Confession,specific_weekday,English,,,,,,
St. Anthony,"612 W 1st St, Newport, Washington 99156",(509) 447-4231,Confession,,4:30 PM,5:20 PM,Adoration of the Blessed Sacrament and Confessions,special_event,English,Newport,,2025-05-19,,,Adoration of the Blessed Sacrament and Confessions
St. Anthony,"612 W 1st St, Newport, Washington 99156",(509) 447-4231,Confession,,4:30 PM,5:20 PM,Adoration of the Blessed Sacrament and Confessions,special_event,English,Newport,,2025-05-20,,,Adoration of the Blessed Sacrament and Confessions
St. Anthony,"612 W 1st St, Newport, Washington 99156",(509) 447-4231,Confession,,4:30 PM,5:20 PM,Adoration of the Blessed Sacrament and Confessions,special_event,English,Newport,,2025-05-21,,,Adoration of the Blessed Sacrament and Confessions
St. Anthony,"612 W 1st St, Newport, Washington 99156",(509) 447-4231,Confession,,4:30 PM,5:20 PM,Adoration of the Blessed Sacrament and Confessions,special_event,English,Newport,,2025-05-22,,,Adoration of the Blessed Sacrament and Confessions
St. Anthony,"612 W 1st St, Newport, Washington 99156",(509) 447-4231,Confession,,4:30 PM,5:20 PM,Adoration of the Blessed Sacrament and Confessions,special_event,English,Newport,,2025-05-23,,,Adoration of the Blessed Sacrament and Confessions
St. Anthony,"612 W 1st St, Newport, Washington 99156",(509) 447-4231,Confession,,4:30 PM,5:20 PM,Adoration of the Blessed Sacrament and Confessions,special_event,English,Newport,,2025-05-24,,,Adoration of the Blessed Sacrament and Confessions
St. Anthony,"612 W 1st St, Newport, Washington 99156",(509) 447-4231,Confession,,8:30 AM,9:00 AM,Confessions,special_event,English,Newport,,2025-05-22,,,Confessions
St. Anthony,"2320 N Cedar St, Spokane, Washington 99205",(509) 327-1162,Adoration,Tue,8:30 AM,9:30 AM,Adoration,specific_weekday,English,exposition,,,,,
St. Anthony,"1070 Greencreek Rd, Greencreek, Idaho 83533",208-962-3214,Adoration,,7:00 PM,7:00 AM,Adoration,monthly,English,,third_thursday,,,,Third; exposition
St. Anthony,"1070 Greencreek Rd, Greencreek, Idaho 83533",208-962-3214,Devotions,,6:00 PM,,Stations of the Cross,parish_event,English,,,,,,Feb 20; Feb 27; Mar 6; Mar 13; location not specified
St. Anthony,"612 W 1st St, Newport, Washington 99156",(509) 447-4231,Other,,6:00 PM,8:00 PM,Mens Group,special_event,English,Newport,,2025-05-20,,,Mens Group
St. Anthony,"612 W 1st St, Newport, Washington 99156",(509) 447-4231,Other,,6:10 PM,,Holy Face Devotion,special_event,English,Newport,,2025-05-19,,,Holy Face Devotion
St. Anthony,"612 W 1st St, Newport, Washington 99156",(509) 447-4231,Other,,6:10 PM,,Holy Face Devotion,special_event,English,Newport,,2025-05-20,,,Holy Face Devotion
St. Anthony,"612 W 1st St, Newport, Washington 99156",(509) 447-4231,Other,,6:10 PM,,Holy Face Devotion,special_event,English,Newport,,2025-05-21,,,Holy Face Devotion
St. Anthony,"612 W 1st St, Newport, Washington 99156",(509) 447-4231,Other,,6:10 PM,,Holy Face Devotion,special_event,English,Newport,,2025-05-22,,,Holy Face Devotion
St. Anthony,"612 W 1st St, Newport, Washington 99156",(509) 447-4231,Other,,6:10 PM,,Holy Face Devotion,special_event,English,Newport,,2025-05-23,,,Holy Face Devotion
St. Anthony,"612 W 1st St, Newport, Washington 99156",(509) 447-4231,Other,,6:10 PM,,Holy Face Devotion,special_event,English,Newport,,2025-05-24,,,Holy Face Devotion
St. Anthony,"1070 Greencreek Rd, Greencreek, Idaho 83533",208-962-3214,Other,,7:00 AM,10:00 AM,KC Breakfast,parish_event,English,,,2026-03-08,,,location not specified
St. Anthony,"585 2nd Ave E, Wendell, Idaho 83355",208-934-5634,Other,,TBD,,IMMACULATE CONCEPTION,special_event,English,"IMMACULATE CONCEPTION, Buhl",,2025-12-08,,,IMMACULATE CONCEPTION TIME_TBD
St. Anthony (Pope St. John Paul II Parish),"657 N 2871 Rd E, Roberts, Idaho None",(208) 522-4366,Mass,Sun,11:00 AM,,Mass,sunday,spanish,"Iglesia San Antonio, Roberts",,,,,
St. Anthony (Pope St. John Paul II Parish),"657 N 2871 Rd E, Roberts, Idaho None",(208) 522-4366,Adoration,Thu,4:00 PM,5:00 PM,Adoration,specific_weekday,English,"San Antonio, Roberts",,,,,exposition
St. Anthony (Pope St. John Paul II Parish),"657 N 2871 Rd E, Roberts, Idaho None",(208) 522-4366,Other,,11:00 AM,,"Mary, Mother of God",special_event,spanish,St. Anthony Church,,2026-01-01,,,"Mary, Mother of God"
St. Anthony of Padua (Holy Spirit Catholic Community),"504 N 7th Ave, Pocatello, Idaho 83201",208-232-1196,Mass,Tue,12:00 PM,,Mass,specific_weekday,english,St. Anthony’s Chapel,,,,,
St. Anthony of Padua (Holy Spirit Catholic Community),"504 N 7th Ave, Pocatello, Idaho 83201",208-232-1196,Mass,Wed,8:15 AM,,Mass,specific_weekday,english,St. Anthony's Chapel,,,,,
St. Anthony of Padua (Holy Spirit Catholic Community),"504 N 7th Ave, Pocatello, Idaho 83201",208-232-1196,Mass,Thu,12:00 PM,,Mass,specific_weekday,english,St. Anthony’s Chapel,,,,,
St. Anthony of Padua (Holy Spirit Catholic Community),"504 N 7th Ave, Pocatello, Idaho 83201",208-232-1196,Mass,Fri,12:00 PM,,Mass,specific_weekday,english,St. Anthony's Chapel,,,,,
St. Anthony of Padua (Holy Spirit Catholic Community),"504 N 7th Ave, Pocatello, Idaho 83201",208-232-1196,Mass,Sat,5:00 PM,,Mass,saturday,english,St. Anthony’s Chapel,,,,,vigil
St. Anthony of Padua (Holy Spirit Catholic Community),"504 N 7th Ave, Pocatello, Idaho 83201",208-232-1196,Mass,Sun,11:00 AM,,Mass,sunday,english,St. Anthony's Chapel,,,,,
St. Anthony of Padua (Holy Spirit Catholic Community),"504 N 7th Ave, Pocatello, Idaho 83201",208-232-1196,Mass,Sun,1:00 PM,,Mass,sunday,spanish,St. Anthony’s Chapel,,,,,
St. Anthony of Padua (Holy Spirit Catholic Community),"504 N 7th Ave, Pocatello, Idaho 83201",208-232-1196,Mass,,12:00 PM,,Mass,special_event,english,St. Anthony's Chapel,,2026-02-18,,,Mass
St. Anthony of Padua (Holy Spirit Catholic Community),"504 N 7th Ave, Pocatello, Idaho 83201",208-232-1196,Mass,,6:00 PM,,Mass,special_event,spanish,St. Anthony's Chapel,,2026-02-18,,,Mass
St. Anthony of Padua (Holy Spirit Catholic Community),"504 N 7th Ave, Pocatello, Idaho 83201",208-232-1196,Mass,,8:15 AM,,Mass,special_event,english,St. Anthony's Chapel,,2026-02-18,,,Mass
St. Anthony of Padua (Holy Spirit Catholic Community),"504 N 7th Ave, Pocatello, Idaho 83201",208-232-1196,Confession,Sat,3:00 PM,4:00 PM,Confession,saturday,English,St. Anthony’s Chapel,,,,,note: For Confession by appointment; please call the parish office at 208-232-1196
St. Anthony of Padua (Holy Spirit Catholic Community),"504 N 7th Ave, Pocatello, Idaho 83201",208-232-1196,Adoration,,TBD,,Adoration,other,English,,,,,,check bulletin; exposition
St. Augustine,"428 W 19th Ave, Spokane, Washington 99203",(509) 747-4421,Mass,Mon,8:15 AM,,Mass,specific_weekday,English,,,,,,during the school year
St. Augustine,"428 W 19th Ave, Spokane, Washington 99203",(509) 747-4421,Mass,Tue,8:15 AM,,Mass,specific_weekday,English,,,,,,during the summer - June through August
St. Augustine,"428 W 19th Ave, Spokane, Washington 99203",(509) 747-4421,Mass,Tue,9:00 AM,,Mass,specific_weekday,English,,,,,,with Cataldo Catholic School; during the school year
St. Augustine,"428 W 19th Ave, Spokane, Washington 99203",(509) 747-4421,Mass,Wed,8:15 AM,,Mass,specific_weekday,English,,,,,,during the school year
St. Augustine,"428 W 19th Ave, Spokane, Washington 99203",(509) 747-4421,Mass,Thu,8:15 AM,,Mass,specific_weekday,English,,,,,,during the school year; during the summer - June through August
St. Augustine,"428 W 19th Ave, Spokane, Washington 99203",(509) 747-4421,Mass,Fri,8:15 AM,,Mass,specific_weekday,English,,,,,,during the school year
St. Augustine,"428 W 19th Ave, Spokane, Washington 99203",(509) 747-4421,Mass,Sat,4:30 PM,,Mass,saturday,English,,,,,,vigil
St. Augustine,"428 W 19th Ave, Spokane, Washington 99203",(509) 747-4421,Mass,Sun,11:00 AM,,Mass,sunday,English,,,,,,
St. Augustine,"428 W 19th Ave, Spokane, Washington 99203",(509) 747-4421,Mass,Sun,9:00 AM,,Mass,sunday,English,,,,,,
St. Augustine,"428 W 19th Ave, Spokane, Washington 99203",(509) 747-4421,Mass,,10:00 PM,,Christmas Eve Mass,special_event,English,,,2025-12-24,,,Christmas Eve Mass
St. Augustine,"428 W 19th Ave, Spokane, Washington 99203",(509) 747-4421,Mass,,4:00 PM,,Christmas Eve Mass,special_event,English,,,2025-12-24,,,Christmas Eve Mass
St. Augustine,"428 W 19th Ave, Spokane, Washington 99203",(509) 747-4421,Mass,,7:00 PM,,Christmas Eve Mass,special_event,English,,,2025-12-24,,,Christmas Eve Mass
St. Augustine,"428 W 19th Ave, Spokane, Washington 99203",(509) 747-4421,Mass,,8:15 AM,,Mass,special_event,English,,,2026-02-18,,,Mass
St. Augustine,"428 W 19th Ave, Spokane, Washington 99203",(509) 747-4421,Mass,,8:15 AM,,Mass,special_event,English,,,2026-02-19,,,Mass
St. Augustine,"428 W 19th Ave, Spokane, Washington 99203",(509) 747-4421,Mass,,8:15 AM,,Mass,special_event,English,,,2026-02-20,,,Mass
St. Augustine,"428 W 19th Ave, Spokane, Washington 99203",(509) 747-4421,Mass,,9:00 AM,,Christmas Day Mass,special_event,English,,,2025-12-25,,,Christmas Day Mass
St. Augustine,"428 W 19th Ave, Spokane, Washington 99203",(509) 747-4421,Mass,,9:00 AM,10:00 AM,Mass with Students of Cataldo at St. Augustine,special_event,English,St. Augustine,,2026-02-17,,,Mass with Students of Cataldo at St. Augustine
St. Augustine,"428 W 19th Ave, Spokane, Washington 99203",(509) 747-4421,Confession,Sat,3:15 PM,4:00 PM,Reconciliation,saturday,English,,,,,,
St. Augustine,"428 W 19th Ave, Spokane, Washington 99203",(509) 747-4421,Adoration,,8:45 AM,11:10 AM,Adoration,monthly,English,,first_friday_(recurring),,,,followed by Benediction; September - May; exposition; benediction
St. Augustine,"428 W 19th Ave, Spokane, Washington 99203",(509) 747-4421,Devotions,Mon,7:40 AM,,Rosary,specific_weekday,English,,,,,,
St. Augustine,"428 W 19th Ave, Spokane, Washington 99203",(509) 747-4421,Devotions,Wed,7:40 AM,,Rosary,specific_weekday,English,,,,,,
St. Augustine,"428 W 19th Ave, Spokane, Washington 99203",(509) 747-4421,Devotions,Thu,7:40 AM,,Rosary,specific_weekday,English,,,,,,
St. Augustine,"428 W 19th Ave, Spokane, Washington 99203",(509) 747-4421,Devotions,Fri,7:40 AM,,Rosary,specific_weekday,English,,,,,,
St. Augustine,"428 W 19th Ave, Spokane, Washington 99203",(509) 747-4421,Education,,5:30 PM,,Bible Study,parish_event,English,Pearson Hall,,,,,Fulfilled Part I:; recurring seven-part series beginning 2025-01-05
St. Augustine,"428 W 19th Ave, Spokane, Washington 99203",(509) 747-4421,Other,,12:00 PM,1:00 PM,Women's Lunch Potluck,special_event,English,,,2026-02-18,,,Women's Lunch Potluck
St. Augustine,"428 W 19th Ave, Spokane, Washington 99203",(509) 747-4421,Other,,9:00 AM,,Solemnity of Mary,special_event,English,,,2025-01-01,,,Solemnity of Mary
St. Augustine Catholic Center,"628 S Deakin Ave, Moscow, Idaho 83843",208-882-4613,Mass,Tue,6:00 PM,,Mass,specific_weekday,english,St. Augustine's Catholic Center,,,,,
St. Augustine Catholic Center,"628 S Deakin Ave, Moscow, Idaho 83843",208-882-4613,Mass,Wed,6:00 PM,,Mass,specific_weekday,english,St. Augustine's Catholic Center,,,,,
St. Augustine Catholic Center,"628 S Deakin Ave, Moscow, Idaho 83843",208-882-4613,Mass,Thu,8:00 PM,,Mass,specific_weekday,english,St. Augustine's Catholic Center,,,,,by candlelight
St. Augustine Catholic Center,"628 S Deakin Ave, Moscow, Idaho 83843",208-882-4613,Mass,Fri,11:30 AM,,Mass,specific_weekday,english,St. Augustine's Catholic Center,,,,,
St. Augustine Catholic Center,"628 S Deakin Ave, Moscow, Idaho 83843",208-882-4613,Mass,Sun,10:30 AM,,Mass,sunday,english,St. Augustine's Catholic Center,,,,,
St. Augustine Catholic Center,"628 S Deakin Ave, Moscow, Idaho 83843",208-882-4613,Mass,Sun,7:00 PM,,Mass,sunday,english,St. Augustine's Catholic Center,,,,,
St. Augustine Catholic Center,"628 S Deakin Ave, Moscow, Idaho 83843",208-882-4613,Confession,Tue,5:00 PM,5:45 PM,Confession,other,English,,,,,,by appointment
St. Augustine Catholic Center,"628 S Deakin Ave, Moscow, Idaho 83843",208-882-4613,Confession,Wed,5:00 PM,5:45 PM,Confession,other,English,,,,,,by appointment
St. Augustine Catholic Center,"628 S Deakin Ave, Moscow, Idaho 83843",208-882-4613,Confession,Sun,6:00 PM,6:45 PM,Confession,other,English,,,,,,by appointment
St. Augustine Catholic Center,"628 S Deakin Ave, Moscow, Idaho 83843",208-882-4613,Confession,Sun,9:45 AM,10:15 AM,Confession,other,English,,,,,,by appointment
St. Augustine Catholic Center,"628 S Deakin Ave, Moscow, Idaho 83843",208-882-4613,Adoration,Tue,5:00 PM,5:45 PM,Adoration,other,English,,,,,,exposition
St. Augustine Catholic Center,"628 S Deakin Ave, Moscow, Idaho 83843",208-882-4613,Adoration,Wed,8:00 AM,5:30 PM,Adoration,other,English,,,,,,exposition
St. Augustine Catholic Center,"628 S Deakin Ave, Moscow, Idaho 83843",208-882-4613,Adoration,Fri,10:00 AM,11:15 AM,Adoration,other,English,,,,,,exposition
St. Barbara's Catholic Church,"505 Park St, Mackay, Idaho 83251",208-756-2432,Mass,Sun,3:00 PM,,Mass,sunday,English,"St Barbara Station, Mackay",,,,,except the last Sunday of every month
St. Barbara's Catholic Church,"505 Park St, Mackay, Idaho 83251",208-756-2432,Confession,,TBD,,Confession,other,English,"St Barbara Station, Mackay",,,before,Mass,before Mass
St. Bernard,"584 W Sexton St, Blackfoot, Idaho 83221",208-785-1935,Mass,Mon,8:00 AM,,Mass/Misa Diaria,weekday,bilingual,Church,,,,,
St. Bernard,"584 W Sexton St, Blackfoot, Idaho 83221",208-785-1935,Mass,Tue,8:00 AM,,Mass/Misa Diaria,weekday,bilingual,Church,,,,,
St. Bernard,"584 W Sexton St, Blackfoot, Idaho 83221",208-785-1935,Mass,Wed,8:00 AM,,Mass/Misa Diaria,weekday,bilingual,Church,,,,,
St. Bernard,"584 W Sexton St, Blackfoot, Idaho 83221",208-785-1935,Mass,Thu,8:00 AM,,Mass/Misa Diaria,weekday,bilingual,Church,,,,,
St. Bernard,"584 W Sexton St, Blackfoot, Idaho 83221",208-785-1935,Mass,Fri,8:00 AM,,Mass/Misa Diaria,weekday,bilingual,Church,,,,,
St. Bernard,"584 W Sexton St, Blackfoot, Idaho 83221",208-785-1935,Mass,Sat,6:30 PM,,Mass,saturday,spanish,Church,,,,,
St. Bernard,"584 W Sexton St, Blackfoot, Idaho 83221",208-785-1935,Mass,Sun,10:00 AM,,Mass,sunday,english,Church,,,,,
St. Bernard,"584 W Sexton St, Blackfoot, Idaho 83221",208-785-1935,Mass,Sun,12:30 PM,,Mass,sunday,spanish,Church,,,,,
St. Bernard,"584 W Sexton St, Blackfoot, Idaho 83221",208-785-1935,Confession,Sat,5:00 PM,6:00 PM,Confession - Confesión,saturday,English,church,,,,,or by appointment
St. Blanche's Station,"27832 Hwy 57, Priest Lake, Idaho 83856",208-448-2127,Mass,Sun,11:30 AM,,Mass,sunday,English,,,,,,
St. Blanche's Station,"27832 Hwy 57, Priest Lake, Idaho 83856",208-448-2127,Mass,,11:30 AM,,Solemnity of Mary Mass,special_event,English,St. Blanche,,2026-01-01,,,Solemnity of Mary Mass
St. Blanche's Station,"27832 Hwy 57, Priest Lake, Idaho 83856",208-448-2127,Mass,,5:00 PM,,Christmas Eve Mass,special_event,English,St. Blanche,,2025-12-24,,,Christmas Eve Mass; vigil
St. Boniface,"210 S St Boniface St, Uniontown, Washington 99179-0108",(509) 229-3548,Mass,Thu,9:00 AM,,Mass,specific_weekday,english,St Boniface,,,,,
St. Boniface,"210 S St Boniface St, Uniontown, Washington 99179-0108",(509) 229-3548,Mass,Fri,9:00 AM,,Mass,specific_weekday,english,St Boniface,,,,,
St. Boniface,"210 S St Boniface St, Uniontown, Washington 99179-0108",(509) 229-3548,Mass,,4:00 PM,,Mass,monthly,english,St. Boniface,saturday,,,,2nd and 4th Sat
St. Boniface,"210 S St Boniface St, Uniontown, Washington 99179-0108",(509) 229-3548,Mass,,9:00 AM,,Mass,monthly,english,St. Boniface,sunday,,,,1st; 3rd and 5th Sun
St. Boniface,"210 S St Boniface St, Uniontown, Washington 99179-0108",(509) 229-3548,Confession,Sat,3:00 PM,,Confessions,saturday,English,,,,,,before the evening Mass
St. Bridget,"28672 Hyde St, Bruneau, Idaho 83604",208-587-3046,Mass,Sun,9:00 AM,,Mass,sunday,English,,,,,,
St. Bridget,"28672 Hyde St, Bruneau, Idaho 83604",208-587-3046,Confession,Sun,8:20 AM,8:50 AM,Reconciliation,sunday,English,,,,,,
St. Bridget,"28672 Hyde St, Bruneau, Idaho 83604",208-587-3046,Other,,5:00 PM,7:30 PM,Fish Taco Friday’s during Lent,special_event,English,Bruneau Legion Hall,,2026-02-16,,,Fish Taco Friday’s during Lent; note: fundraiser for religious education; ICYC; church repairs; etc.
St. Bridget,"28672 Hyde St, Bruneau, Idaho 83604",208-587-3046,Other,,5:00 PM,7:30 PM,Fish Taco Friday’s during Lent,special_event,English,Bruneau Legion Hall,,2026-03-08,,,Fish Taco Friday’s during Lent; note: fundraiser for religious education; ICYC; church repairs; etc.
St. Bridget,"28672 Hyde St, Bruneau, Idaho 83604",208-587-3046,Other,,5:00 PM,7:30 PM,Fish Taco Friday’s during Lent,special_event,English,Bruneau Legion Hall,,2026-03-15,,,Fish Taco Friday’s during Lent; note: fundraiser for religious education; ICYC; church repairs; etc.
St. Bridget,"28672 Hyde St, Bruneau, Idaho 83604",208-587-3046,Other,,5:00 PM,7:30 PM,Fish Taco Friday’s during Lent,special_event,English,Bruneau Legion Hall,,2026-03-22,,,Fish Taco Friday’s during Lent; note: fundraiser for religious education; ICYC; church repairs; etc.
St. Catherine,"446 N State St, Hagerman, Idaho 83332",208-543-5136,Mass,Tue,7:00 PM,,Mass,specific_weekday,spanish,,,,,,
St. Catherine,"446 N State St, Hagerman, Idaho 83332",208-543-5136,Mass,Wed,8:00 AM,,Mass,specific_weekday,english,,,,,,
St. Catherine,"446 N State St, Hagerman, Idaho 83332",208-543-5136,Mass,Thu,8:00 AM,,Mass,specific_weekday,english,,,,,,
St. Catherine,"446 N State St, Hagerman, Idaho 83332",208-543-5136,Mass,Fri,7:00 AM,,Mass,specific_weekday,english,,,,,,
St. Catherine,"446 N State St, Hagerman, Idaho 83332",208-543-5136,Mass,Sat,5:00 PM,,Mass,saturday,english,,,,,,vigil
St. Catherine,"446 N State St, Hagerman, Idaho 83332",208-543-5136,Mass,Sun,10:00 AM,,Mass,sunday,english,St. Catherine's in Hagerman,,,,,
St. Catherine,"446 N State St, Hagerman, Idaho 83332",208-543-5136,Mass,Sun,12:00 PM,,Mass,sunday,spanish,,,,,,
St. Catherine,"446 N State St, Hagerman, Idaho 83332",208-543-5136,Mass,Sun,8:00 AM,,Mass,sunday,english,,,,,,
St. Catherine,"446 N State St, Hagerman, Idaho 83332",208-543-5136,Confession,Sat,3:30 PM,4:30 PM,Confession,saturday,English,,,,,,note: By reservation; call the office.
St. Catherine,"4th and Steptoe, Oakesdale, Washington 99158",(509) 285-6672,Adoration,,7:30 AM,10:00 PM,Adoration,daily,English,St. Mary Parish,,,,,Adoration Chapel; Spokane Valley; WA; exposition
St. Catherine,"4th and Steptoe, Oakesdale, Washington 99158",(509) 285-6672,Adoration,,7:30 AM,10:00 PM,Adoration,daily,English,,,,,,exposition
St. Catherine of Siena,"403 Summit Blvd, Priest River, Idaho 83856",208-448-2127,Mass,Tue,11:00 AM,,Mass,specific_weekday,English,St. Catherine of Siena Parish,,,,,
St. Catherine of Siena,"407 7th St, Kamiah, Idaho 83536",208-935-2130,Mass,Thu,8:30 AM,,Mass,specific_weekday,English,,,,,,check bulletin
St. Catherine of Siena,"407 7th St, Kamiah, Idaho 83536",208-935-2130,Mass,Sat,10:00 AM,,Mass,saturday,English,,,,,,
St. Catherine of Siena,"407 7th St, Kamiah, Idaho 83536",208-935-2130,Mass,Sun,10:30 AM,,Mass,sunday,English,St. Theresa's-Orofino,,,,,
St. Catherine of Siena,"403 Summit Blvd, Priest River, Idaho 83856",208-448-2127,Mass,Sun,11:30 AM,,Mass,sunday,English,St. Catherine of Siena Parish,,,,,
St. Catherine of Siena,"407 7th St, Kamiah, Idaho 83536",208-935-2130,Mass,Sun,8:00 AM,,Mass,sunday,English,,,,,,
St. Catherine of Siena,"407 7th St, Kamiah, Idaho 83536",208-935-2130,Mass,,5:00 PM,,Mass,monthly,English,,first_friday_(recurring),,,,
St. Catherine of Siena,"403 Summit Blvd, Priest River, Idaho 83856",208-448-2127,Mass,,8:30 AM,,Christmas Day Mass,special_event,English,St. Catherine,,2025-12-25,,,Christmas Day Mass
St. Catherine of Siena,"407 7th St, Kamiah, Idaho 83536",208-935-2130,Mass,,9:00 AM,,Mass,parish_event,English,St. Theresa's-Orofino,,,,,
St. Catherine of Siena,"403 Summit Blvd, Priest River, Idaho 83856",208-448-2127,Confession,Tue,10:00 AM,,Confessions,specific_weekday,English,St. Catherine of Siena Parish,,,,,during Adoration
St. Catherine of Siena,"403 Summit Blvd, Priest River, Idaho 83856",208-448-2127,Confession,Sun,11:00 AM,,Confessions,sunday,English,,,,,,prior to Sunday Mass
St. Catherine of Siena,"407 7th St, Kamiah, Idaho 83536",208-935-2130,Confession,,4:00 PM,,Adoration & Reconciliation,monthly,English,,first_friday_(recurring),,,,
St. Catherine of Siena,"407 7th St, Kamiah, Idaho 83536",208-935-2130,Confession,,TBD,,Confessions,other,English,,,,after,Mass,following Mass
St. Catherine of Siena,"407 7th St, Kamiah, Idaho 83536",208-935-2130,Confession,,TBD,,Reconciliation,parish_event,English,,,,,,by appointment
St. Catherine of Siena,"407 7th St, Kamiah, Idaho 83536",208-935-2130,Confession,,TBD,,Reconciliation,parish_event,English,,,,,,by appointment
St. Catherine of Siena,"403 Summit Blvd, Priest River, Idaho 83856",208-448-2127,Adoration,Tue,10:00 AM,11:00 AM,Eucharistic Adoration,specific_weekday,English,,,,,,
St. Catherine of Siena,"407 7th St, Kamiah, Idaho 83536",208-935-2130,Devotions,Wed,8:30 AM,,Rosary,other,English,St. Theresa's-Orofino,,,,,
St. Charles Borromeo,"315 First Ave S, Hailey, Idaho 83333",208-788-3024,Mass,Tue,8:30 AM,,Mass,specific_weekday,english,,,,,,
St. Charles Borromeo,"315 First Ave S, Hailey, Idaho 83333",208-788-3024,Mass,Thu,7:00 PM,,Mass,specific_weekday,spanish,,,,,,
St. Charles Borromeo,"315 First Ave S, Hailey, Idaho 83333",208-788-3024,Mass,Thu,8:30 AM,,Mass,specific_weekday,english,,,,,,
St. Charles Borromeo,"315 First Ave S, Hailey, Idaho 83333",208-788-3024,Mass,Sat,7:00 PM,,Mass,saturday,spanish,,,,,,vigil; livestream
St. Charles Borromeo,"315 First Ave S, Hailey, Idaho 83333",208-788-3024,Mass,Sun,2:00 PM,,Mass,sunday,english,"Immaculate Conception, Fairfield",,,,,note: once monthly
St. Charles Borromeo,"315 First Ave S, Hailey, Idaho 83333",208-788-3024,Mass,Sun,8:30 AM,,Mass,sunday,english,,,,,,
St. Charles Borromeo,"315 First Ave S, Hailey, Idaho 83333",208-788-3024,Confession,Thu,6:00 PM,6:45 PM,Confession,specific_weekday,English,,,,,,note: also available by appointment
St. Charles Borromeo,"315 First Ave S, Hailey, Idaho 83333",208-788-3024,Sacraments,Mon,6:45 PM,,Baptism Classes,other,spanish,,,,,,note: in the church
St. Edward the Confessor,"212 7th Ave E, Twin Falls, Idaho 83301",208-733-3907,Mass,Mon,7:15 AM,,Mass,specific_weekday,english,,,,,,
St. Edward the Confessor,"212 7th Ave E, Twin Falls, Idaho 83301",208-733-3907,Mass,Wed,6:30 PM,,Mass,specific_weekday,spanish,,,,,,
St. Edward the Confessor,"212 7th Ave E, Twin Falls, Idaho 83301",208-733-3907,Mass,Thu,8:45 AM,,Mass,specific_weekday,english,,,,,,note: School Mass sept-may
St. Edward the Confessor,"212 7th Ave E, Twin Falls, Idaho 83301",208-733-3907,Mass,Fri,7:15 AM,,Mass,specific_weekday,english,,,,,,
St. Edward the Confessor,"212 7th Ave E, Twin Falls, Idaho 83301",208-733-3907,Mass,Sat,5:00 PM,,Mass,saturday,english,,,,,,vigil
St. Edward the Confessor,"212 7th Ave E, Twin Falls, Idaho 83301",208-733-3907,Mass,Sat,7:00 PM,,Mass,saturday,spanish,,,,,,vigil
St. Edward the Confessor,"212 7th Ave E, Twin Falls, Idaho 83301",208-733-3907,Mass,Sun,10:30 AM,,Mass,sunday,english,,,,,,
St. Edward the Confessor,"212 7th Ave E, Twin Falls, Idaho 83301",208-733-3907,Mass,Sun,12:30 PM,,Mass,sunday,spanish,,,,,,
St. Edward the Confessor,"212 7th Ave E, Twin Falls, Idaho 83301",208-733-3907,Mass,Sun,5:00 PM,,Mass,sunday,english,17:30),,,,,(note: starting Feb. 22; note: starting Feb. 22 @17:30
St. Edward the Confessor,"212 7th Ave E, Twin Falls, Idaho 83301",208-733-3907,Mass,Sun,8:30 AM,,Mass,sunday,english,,,,,,
St. Edward the Confessor,"212 7th Ave E, Twin Falls, Idaho 83301",208-733-3907,Mass,,12:10 PM,,Ash Wednesday Mass,special_event,bilingual,,,2026-02-18,,,Ash Wednesday Mass
St. Edward the Confessor,"212 7th Ave E, Twin Falls, Idaho 83301",208-733-3907,Mass,,5:30 PM,,Ash Wednesday Mass,special_event,english,,,2026-02-18,,,Ash Wednesday Mass
St. Edward the Confessor,"212 7th Ave E, Twin Falls, Idaho 83301",208-733-3907,Mass,,6:30 PM,,Feast Mass,special_event,bilingual,,,2026-03-19,,,Feast Mass
St. Edward the Confessor,"212 7th Ave E, Twin Falls, Idaho 83301",208-733-3907,Mass,,7:00 AM,,Ash Wednesday Mass,special_event,english,,,2026-02-18,,,Ash Wednesday Mass
St. Edward the Confessor,"212 7th Ave E, Twin Falls, Idaho 83301",208-733-3907,Mass,,7:00 PM,,Ash Wednesday Mass,special_event,spanish,,,2026-02-18,,,Ash Wednesday Mass
St. Edward the Confessor,"212 7th Ave E, Twin Falls, Idaho 83301",208-733-3907,Mass,,7:15 AM,,Feast Mass,special_event,english,,,2026-03-19,,,Feast Mass
St. Edward the Confessor,"212 7th Ave E, Twin Falls, Idaho 83301",208-733-3907,Mass,,8:00 AM,,Mass,monthly,english,,first_saturday_(recurring),,,,
St. Edward the Confessor,"212 7th Ave E, Twin Falls, Idaho 83301",208-733-3907,Mass,,8:45 AM,,Ash Wednesday Mass,special_event,english,,,2026-02-18,,,Ash Wednesday Mass; note: School Mass
St. Edward the Confessor,"212 7th Ave E, Twin Falls, Idaho 83301",208-733-3907,Confession,Wed,5:00 PM,6:00 PM,Confession,specific_weekday,English,,,,,,note: Our priests are always available for confessions. Feel free to ask before or after any Mass.
St. Edward the Confessor,"212 7th Ave E, Twin Falls, Idaho 83301",208-733-3907,Confession,Sat,3:00 PM,4:30 PM,Confession,saturday,English,,,,,,
St. Edward the Confessor,"212 7th Ave E, Twin Falls, Idaho 83301",208-733-3907,Confession,,8:30 AM,9:30 AM,Confession,monthly,English,,first_saturday_(recurring),,,,after Mass
St. Edward the Confessor,"212 7th Ave E, Twin Falls, Idaho 83301",208-733-3907,Adoration,Mon,8:00 AM,10:00 PM,Adoration,specific_weekday,English,Adoration Chapel,,,,,
St. Edward the Confessor,"212 7th Ave E, Twin Falls, Idaho 83301",208-733-3907,Adoration,Tue,8:00 AM,10:00 PM,Adoration,specific_weekday,English,Adoration Chapel,,,,,
St. Edward the Confessor,"212 7th Ave E, Twin Falls, Idaho 83301",208-733-3907,Adoration,Wed,8:00 AM,6:00 PM,Adoration,specific_weekday,English,Main Church,,,,,
St. Edward the Confessor,"212 7th Ave E, Twin Falls, Idaho 83301",208-733-3907,Adoration,Thu,8:00 AM,10:00 PM,Adoration,specific_weekday,English,Adoration Chapel,,,,,
St. Edward the Confessor,"212 7th Ave E, Twin Falls, Idaho 83301",208-733-3907,Adoration,Fri,8:00 AM,10:00 PM,Adoration,specific_weekday,English,Adoration Chapel,,,,,
St. Edward the Confessor,"212 7th Ave E, Twin Falls, Idaho 83301",208-733-3907,Adoration,Sat,8:00 AM,10:00 PM,Adoration,specific_weekday,English,Adoration Chapel,,,,,
St. Edward the Confessor,"212 7th Ave E, Twin Falls, Idaho 83301",208-733-3907,Adoration,Sun,8:00 AM,10:00 PM,Adoration,sunday,English,Adoration Chapel,,,,,
St. Francis Xavier,"545 E Providence, Spokane, Washington 99207",(509) 487-6363,Mass,Mon,5:30 PM,,Mass,specific_weekday,English,,,,,,
St. Francis Xavier,"545 E Providence, Spokane, Washington 99207",(509) 487-6363,Mass,Tue,8:00 AM,,Mass,specific_weekday,English,,,,,,
St. Francis Xavier,"545 E Providence, Spokane, Washington 99207",(509) 487-6363,Mass,Wed,5:30 PM,,Mass,specific_weekday,English,,,,,,
St. Francis Xavier,"545 E Providence, Spokane, Washington 99207",(509) 487-6363,Mass,Thu,8:00 AM,,Mass,specific_weekday,English,,,,,,
St. Francis Xavier,"545 E Providence, Spokane, Washington 99207",(509) 487-6363,Mass,Sat,4:00 PM,,Mass,saturday,English,,,,,,vigil
St. Francis Xavier,"545 E Providence, Spokane, Washington 99207",(509) 487-6363,Mass,Sun,11:00 AM,,Mass,sunday,English,,,,,,
St. Francis Xavier,"545 E Providence, Spokane, Washington 99207",(509) 487-6363,Mass,Sun,7:30 AM,,Mass,sunday,English,,,,,,
St. Francis Xavier,"545 E Providence, Spokane, Washington 99207",(509) 487-6363,Confession,Wed,4:30 PM,,Confession,specific_weekday,English,,,,,,
St. Francis Xavier,"545 E Providence, Spokane, Washington 99207",(509) 487-6363,Confession,Sat,3:00 PM,,Confession,saturday,English,,,,,,
St. Francis Xavier,"545 E Providence, Spokane, Washington 99207",(509) 487-6363,Confession,Sun,10:30 AM,,Confession,sunday,English,,,,,,
St. Francis of Assisi,"1104 W Heroy Ave, Spokane, Washington 99205-1275",(509) 325-1321,Mass,Tue,8:00 AM,,Mass,specific_weekday,english,in the Church,,,,,
St. Francis of Assisi,"1104 W Heroy Ave, Spokane, Washington 99205-1275",(509) 325-1321,Mass,Thu,8:00 AM,,Mass,specific_weekday,english,in the Church,,,,,
St. Francis of Assisi,"1104 W Heroy Ave, Spokane, Washington 99205-1275",(509) 325-1321,Mass,Fri,8:00 AM,,Mass,specific_weekday,english,in the Church,,,,,
St. Francis of Assisi,"1104 W Heroy Ave, Spokane, Washington 99205-1275",(509) 325-1321,Mass,Sat,5:00 PM,,Mass,saturday,english,in the Church,,,,,
St. Francis of Assisi,"1104 W Heroy Ave, Spokane, Washington 99205-1275",(509) 325-1321,Mass,Sun,10:00 AM,,Mass,sunday,english,in the Church,,,,,
St. Francis of Assisi,"1104 W Heroy Ave, Spokane, Washington 99205-1275",(509) 325-1321,Mass,,10:00 AM,11:00 AM,Mass,special_event,English,,,2026-01-18,,,Mass
St. Francis of Assisi,"1104 W Heroy Ave, Spokane, Washington 99205-1275",(509) 325-1321,Mass,,5:00 PM,6:00 PM,Mass,special_event,English,,,2026-01-17,,,Mass
St. Francis of Assisi,"1104 W Heroy Ave, Spokane, Washington 99205-1275",(509) 325-1321,Confession,Sat,3:30 PM,4:30 PM,Confession,saturday,English,,,,,,Or by appointment
St. Francis of Assisi,"1104 W Heroy Ave, Spokane, Washington 99205-1275",(509) 325-1321,Confession,,3:30 PM,4:30 PM,Confession,special_event,English,,,2026-01-17,,,Confession
St. Francis of Assisi,"1104 W Heroy Ave, Spokane, Washington 99205-1275",(509) 325-1321,Community,,11:00 AM,12:00 PM,Coffee and Donuts,special_event,English,,,2026-01-18,,,Coffee and Donuts
St. Francis of Assisi,"1104 W Heroy Ave, Spokane, Washington 99205-1275",(509) 325-1321,Other,,8:00 AM,9:30 AM,Book Club,special_event,English,,,2026-01-18,,,Book Club
St. Francis of Assisi,"1104 W Heroy Ave, Spokane, Washington 99205-1275",(509) 325-1321,Other,,8:00 AM,9:00 AM,Daily,special_event,English,,,2026-01-20,,,Daily
St. Gall,"312 Steptoe St, Colton, Washington 99113-0108",(509) 229-3548,Mass,Tue,9:00 AM,,Mass,specific_weekday,english,St. Gall,,,,,
St. Gall,"312 Steptoe St, Colton, Washington 99113-0108",(509) 229-3548,Mass,Wed,9:00 AM,,Mass,specific_weekday,english,St Gall,,,,,
St. Gall,"312 Steptoe St, Colton, Washington 99113-0108",(509) 229-3548,Mass,,4:00 PM,,Mass,monthly,english,St. Gall,saturday,,,,1st; 3rd and 5th Saturday
St. Gall,"312 Steptoe St, Colton, Washington 99113-0108",(509) 229-3548,Mass,,9:00 AM,,Mass,monthly,english,St. Gall,sunday,,,,2nd and 4th Sunday
St. Gall,"312 Steptoe St, Colton, Washington 99113-0108",(509) 229-3548,Confession,Sat,3:00 PM,,Confessions,saturday,English,Saturday evening Mass,,,,,
St. George,"2010 N Lucas St, Post Falls, Idaho 83854",208-773-4715,Mass,Tue,6:00 PM,,Mass,specific_weekday,English,St. George's,,,,,Post Falls
St. George,"2010 N Lucas St, Post Falls, Idaho 83854",208-773-4715,Mass,Wed,9:00 AM,,Mass,specific_weekday,English,St. George's,,,,,Post Falls
St. George,"2010 N Lucas St, Post Falls, Idaho 83854",208-773-4715,Mass,Thu,9:00 AM,,Mass,specific_weekday,English,St. George's,,,,,Post Falls
St. George,"2010 N Lucas St, Post Falls, Idaho 83854",208-773-4715,Mass,Fri,9:00 AM,,Mass,specific_weekday,English,St. George's,,,,,Post Falls
St. George,"2010 N Lucas St, Post Falls, Idaho 83854",208-773-4715,Mass,Sat,6:00 PM,,Mass,saturday,English,St. George's,,,,,Post Falls; vigil
St. George,"2010 N Lucas St, Post Falls, Idaho 83854",208-773-4715,Mass,Sun,10:30 AM,,Mass,sunday,English,St. George's,,,,,Post Falls
St. George,"2010 N Lucas St, Post Falls, Idaho 83854",208-773-4715,Mass,Sun,8:30 AM,,Mass,sunday,English,St. George's,,,,,Post Falls
St. George,"2010 N Lucas St, Post Falls, Idaho 83854",208-773-4715,Mass,,9:00 AM,,Healing Mass,monthly,English,St. George's,first_friday_(recurring),,,,Post Falls
St. George,"2010 N Lucas St, Post Falls, Idaho 83854",208-773-4715,Confession,Sat,4:30 PM,5:30 PM,Confession,saturday,English,St. George's,,,,,Post Falls
St. George,"2010 N Lucas St, Post Falls, Idaho 83854",208-773-4715,Confession,,10:30 AM,,Confession,monthly,English,St. George,first_friday,,,,Post Falls; 1st Friday after Mass or by appointment with Pastor
St. George,"2010 N Lucas St, Post Falls, Idaho 83854",208-773-4715,Adoration,Tue,6:45 PM,7:30 PM,Adoration,specific_weekday,English,St. George's,,,,,Post Falls; after Mass
St. George,"2010 N Lucas St, Post Falls, Idaho 83854",208-773-4715,Adoration,Sun,5:00 PM,6:00 PM,Adoration,specific_weekday,English,St. George's,,,,,Post Falls
St. George,"2010 N Lucas St, Post Falls, Idaho 83854",208-773-4715,Adoration,,10:00 AM,10:00 PM,Adoration,monthly,English,St. George's,first_friday_(recurring),,,,Post Falls; After Healing Mass
St. Hubert,"101 E Owyhee Ave, Homedale, Idaho 83628",,Mass,Mon,8:00 AM,,Mass,specific_weekday,english,Chapel,,,,,
St. Hubert,"101 E Owyhee Ave, Homedale, Idaho 83628",,Mass,Tue,7:00 PM,,Mass,specific_weekday,spanish,capilla de Guadalupe,,,,,
St. Hubert,"101 E Owyhee Ave, Homedale, Idaho 83628",,Mass,Tue,8:00 AM,,Mass,specific_weekday,english,Chapel,,,,,
St. Hubert,"101 E Owyhee Ave, Homedale, Idaho 83628",,Mass,Wed,7:15 AM,,Mass,specific_weekday,english,Chapel,,,,,
St. Hubert,"101 E Owyhee Ave, Homedale, Idaho 83628",,Mass,Thu,7:00 PM,,Mass,specific_weekday,spanish,capilla de Guadalupe,,,,,
St. Hubert,"101 E Owyhee Ave, Homedale, Idaho 83628",,Mass,Thu,8:00 AM,,Mass,specific_weekday,english,Chapel,,,,,
St. Hubert,"101 E Owyhee Ave, Homedale, Idaho 83628",,Mass,Fri,8:00 AM,,Mass,specific_weekday,english,Chapel,,,,,
St. Hubert,"101 E Owyhee Ave, Homedale, Idaho 83628",,Mass,Sat,5:00 PM,,Mass,saturday,english,,,,,,vigil
St. Hubert,"101 E Owyhee Ave, Homedale, Idaho 83628",,Mass,Sat,7:00 PM,,Mass,saturday,spanish,,,,,,vigil
St. Hubert,"101 E Owyhee Ave, Homedale, Idaho 83628",,Mass,Sun,12:00 PM,,Mass,sunday,spanish,,,,,,
St. Hubert,"101 E Owyhee Ave, Homedale, Idaho 83628",,Mass,Sun,2:30 PM,,Mass,sunday,spanish,,,,,,
St. Hubert,"101 E Owyhee Ave, Homedale, Idaho 83628",,Mass,Sun,9:00 AM,,Mass,sunday,english,,,,,,
St. Hubert,"101 E Owyhee Ave, Homedale, Idaho 83628",,Mass,,8:00 AM,,Mass,monthly,english,Main Church,first_saturday_(recurring),,,,
St. Hubert,"101 E Owyhee Ave, Homedale, Idaho 83628",,Confession,Tue,5:00 PM,6:30 PM,Confession,specific_weekday,English,Chapel,,,,,
St. Hubert,"101 E Owyhee Ave, Homedale, Idaho 83628",,Confession,Thu,5:00 PM,6:30 PM,Confession,specific_weekday,English,Chapel,,,,,
St. Hubert,"101 E Owyhee Ave, Homedale, Idaho 83628",,Confession,Sat,2:30 PM,4:30 PM,Confession,saturday,English,,,,,,
St. Jerome,"216 2nd Ave E, Jerome, Idaho 83338",208-324-8794,Mass,Tue,7:00 PM,,Mass,other,spanish,,,,,,
St. Jerome,"216 2nd Ave E, Jerome, Idaho 83338",208-324-8794,Mass,Tue,7:00 PM,,Mass,specific_weekday,spanish,,,,,,
St. Jerome,"216 2nd Ave E, Jerome, Idaho 83338",208-324-8794,Mass,Tue,8:00 AM,,Mass,specific_weekday,english,,,,,,
St. Jerome,"216 2nd Ave E, Jerome, Idaho 83338",208-324-8794,Mass,Thu,8:00 AM,,Mass,specific_weekday,english,,,,,,
St. Jerome,"216 2nd Ave E, Jerome, Idaho 83338",208-324-8794,Mass,Fri,8:00 AM,,Mass,specific_weekday,english,,,,,,
St. Jerome,"216 2nd Ave E, Jerome, Idaho 83338",208-324-8794,Mass,Sat,5:00 PM,,Mass,saturday,english,,,,,,
St. Jerome,"216 2nd Ave E, Jerome, Idaho 83338",208-324-8794,Mass,Sat,6:30 PM,,Mass,saturday,spanish,,,,,,
St. Jerome,"216 2nd Ave E, Jerome, Idaho 83338",208-324-8794,Mass,Sun,12:00 PM,,Mass,sunday,spanish,,,,,,
St. Jerome,"216 2nd Ave E, Jerome, Idaho 83338",208-324-8794,Mass,Sun,9:30 AM,,Mass,sunday,english,,,,,,
St. Jerome,"216 2nd Ave E, Jerome, Idaho 83338",208-324-8794,Mass,,10:30 AM,,Mass,monthly,English,,second_wednesday,,,,at Creekside the 2nd Wednesday of each month
St. Jerome,"216 2nd Ave E, Jerome, Idaho 83338",208-324-8794,Confession,Tue,6:00 PM,,Reconciliation,other,English,,,,,,
St. Jerome,"216 2nd Ave E, Jerome, Idaho 83338",208-324-8794,Confession,Sat,4:00 PM,,Confession,saturday,English,,,,,,
St. Jerome,"216 2nd Ave E, Jerome, Idaho 83338",208-324-8794,Adoration,Tue,6:00 PM,7:00 PM,Adoration,other,spanish,,,,,,
St. Jerome,"216 2nd Ave E, Jerome, Idaho 83338",208-324-8794,Adoration,Tue,TBD,,Adoration,other,English,,,,after,Mass,Tuesday after Mass; after Mass
St. Jerome,"216 2nd Ave E, Jerome, Idaho 83338",208-324-8794,Adoration,Thu,TBD,,Adoration,other,English,,,,after,Mass,Thursday after Mass; after Mass
St. Jerome,"216 2nd Ave E, Jerome, Idaho 83338",208-324-8794,Adoration,,TBD,,Adoration,other,English,,,,after,Mass,Thursday (before First Friday); after Mass–before Mass
St. Jerome chapel,"309 N Main St, Riggins, Idaho 83549",(208) 634-5474,Mass,Sat,10:00 AM,,Mass,saturday,English,St. Jerome in Riggins,,,,,
St. Jerome chapel,"309 N Main St, Riggins, Idaho 83549",(208) 634-5474,Adoration,Tue,12:00 PM,1:00 PM,Adoration,other,English,,,,,,during Advent; exposition
St. Joan of Arc,"4772 E Poleline Ave, Post Falls, Idaho 83854",208-660-6036,Mass,Mon,11:00 AM,,Low Mass,specific_weekday,English,,,,,,
St. Joan of Arc,"4772 E Poleline Ave, Post Falls, Idaho 83854",208-660-6036,Mass,Mon,6:30 AM,,Low Mass,specific_weekday,English,,,,,,
St. Joan of Arc,"4772 E Poleline Ave, Post Falls, Idaho 83854",208-660-6036,Mass,Mon,8:00 AM,,Low Mass,specific_weekday,English,,,,,,
St. Joan of Arc,"4772 E Poleline Ave, Post Falls, Idaho 83854",208-660-6036,Mass,Tue,6:30 AM,,Low Mass,specific_weekday,English,,,,,,
St. Joan of Arc,"4772 E Poleline Ave, Post Falls, Idaho 83854",208-660-6036,Mass,Tue,8:00 AM,,Low Mass,specific_weekday,English,,,,,,
St. Joan of Arc,"4772 E Poleline Ave, Post Falls, Idaho 83854",208-660-6036,Mass,Wed,11:00 AM,,Low Mass,specific_weekday,English,,,,,,
St. Joan of Arc,"4772 E Poleline Ave, Post Falls, Idaho 83854",208-660-6036,Mass,Thu,6:30 AM,,Low Mass,specific_weekday,English,,,,,,
St. Joan of Arc,"4772 E Poleline Ave, Post Falls, Idaho 83854",208-660-6036,Mass,Thu,8:00 AM,,Low Mass,specific_weekday,English,,,,,,
St. Joan of Arc,"4772 E Poleline Ave, Post Falls, Idaho 83854",208-660-6036,Mass,Fri,11:00 AM,,Low Mass,specific_weekday,English,,,,,,
St. Joan of Arc,"4772 E Poleline Ave, Post Falls, Idaho 83854",208-660-6036,Mass,Fri,6:30 AM,,Low Mass,specific_weekday,English,,,,,,
St. Joan of Arc,"4772 E Poleline Ave, Post Falls, Idaho 83854",208-660-6036,Mass,Fri,8:00 AM,,Low Mass,specific_weekday,English,,,,,,
St. Joan of Arc,"4772 E Poleline Ave, Post Falls, Idaho 83854",208-660-6036,Mass,Sat,6:30 AM,,Low Mass,saturday,English,,,,,,
St. Joan of Arc,"4772 E Poleline Ave, Post Falls, Idaho 83854",208-660-6036,Mass,Sat,8:00 AM,,Low Mass,saturday,English,,,,,,
St. Joan of Arc,"4772 E Poleline Ave, Post Falls, Idaho 83854",208-660-6036,Mass,Sun,10:30 AM,,Sung Mass,sunday,English,,,,,,
St. Joan of Arc,"4772 E Poleline Ave, Post Falls, Idaho 83854",208-660-6036,Mass,Sun,1:00 PM,,Low Mass,sunday,English,,,,,,
St. Joan of Arc,"4772 E Poleline Ave, Post Falls, Idaho 83854",208-660-6036,Mass,Sun,5:00 PM,,Low Mass,sunday,English,,,,,,
St. Joan of Arc,"4772 E Poleline Ave, Post Falls, Idaho 83854",208-660-6036,Mass,Sun,7:00 AM,,Low Mass,sunday,English,,,,,,
St. Joan of Arc,"4772 E Poleline Ave, Post Falls, Idaho 83854",208-660-6036,Mass,Sun,8:45 AM,,Low Mass,sunday,English,,,,,,
St. Joan of Arc,"4772 E Poleline Ave, Post Falls, Idaho 83854",208-660-6036,Confession,,5:30 PM,6:00 PM,Confessions,parish_event,English,,,,,,
St. Joan of Arc,"4772 E Poleline Ave, Post Falls, Idaho 83854",208-660-6036,Confession,,TBD,,Confessions,other,English,,,,before,Mass,before Each Mass
St. John,"1501 W Sheeptrail Rd, Pingree, Idaho 83262",208-226-5217,Mass,,4:00 PM,5:00 PM,Mass,monthly,english,St. John's),saturday,,,,1st and 3rd (note:; note: @ St. John's
St. John,"1501 W Sheeptrail Rd, Pingree, Idaho 83262",208-226-5217,Confession,,3:00 PM,,Confession,monthly,English,"St. John's, Pingree)",saturday,,,,1st and 3rd (note:; note: @ St. John's; Pingree
St. John,"1501 W Sheeptrail Rd, Pingree, Idaho 83262",208-226-5217,Other,,3:00 PM,,Ash Wednesday Services,special_event,english,Pingree,,2026-02-18,,,Ash Wednesday Services; Mass
St. John Vianney,"503 N Walnut Rd, Spokane Valley, Washington 99206-3830",(509) 926-5428,Mass,Tue,8:15 AM,,Mass,specific_weekday,english,St. John Vianney,,,,,
St. John Vianney,"503 N Walnut Rd, Spokane Valley, Washington 99206-3830",(509) 926-5428,Mass,Wed,8:15 AM,,Mass,specific_weekday,english,St. John Vianney,,,,,
St. John Vianney,"503 N Walnut Rd, Spokane Valley, Washington 99206-3830",(509) 926-5428,Mass,Thu,8:15 AM,,Mass,specific_weekday,english,St. John Vianney,,,,,
St. John Vianney,"503 N Walnut Rd, Spokane Valley, Washington 99206-3830",(509) 926-5428,Mass,Fri,8:15 AM,,Mass,specific_weekday,english,St. John Vianney,,,,,
St. John Vianney,"503 N Walnut Rd, Spokane Valley, Washington 99206-3830",(509) 926-5428,Mass,Sat,4:00 PM,,Mass,saturday,english,St. John Vianney,,,,,vigil
St. John Vianney,"503 N Walnut Rd, Spokane Valley, Washington 99206-3830",(509) 926-5428,Mass,Sun,10:00 AM,,Mass,sunday,english,St. John Vianney,,,,,
St. John Vianney,"503 N Walnut Rd, Spokane Valley, Washington 99206-3830",(509) 926-5428,Mass,,8:15 AM,,Ash Wednesday Mass - SJV,special_event,English,St. John Vianney,,2026-02-18,,,Ash Wednesday Mass - SJV
St. John Vianney,"503 N Walnut Rd, Spokane Valley, Washington 99206-3830",(509) 926-5428,Confession,Sat,2:30 PM,3:30 PM,Confession,saturday,English,St. John Vianney,,,,,
St. John Vianney,"503 N Walnut Rd, Spokane Valley, Washington 99206-3830",(509) 926-5428,Adoration,Wed,9:00 AM,5:00 PM,Adoration,specific_weekday,English,St. John Vianney,,,,,exposition
St. John Vianney,"503 N Walnut Rd, Spokane Valley, Washington 99206-3830",(509) 926-5428,Adoration,,9:00 AM,,SJV Adoration,special_event,English,St. John Vianney,,2026-02-18,,,SJV Adoration
St. Joseph,"504 Randolph St, Melba, Idaho 83641",(208) 870-7127,Mass,Mon,8:00 AM,,Mass,weekday,English,New Church,,,,,
St. Joseph,"504 Randolph St, Melba, Idaho 83641",(208) 870-7127,Mass,Tue,8:00 AM,,Mass,weekday,English,New Church,,,,,
St. Joseph,"32919 N Highway 41, Spirit Lake, Idaho 83869",(208) 773-4715,Mass,Tue,8:00 AM,,Holy Mass,specific_weekday,english,Church,,,,,Weekday
St. Joseph,"504 Randolph St, Melba, Idaho 83641",(208) 870-7127,Mass,Tue,8:15 AM,,Mass,specific_weekday,English,Old Church,,,,,
St. Joseph,"3720 E Colbert Rd, Colbert, Washington 99005",(509) 466-4991,Mass,Tue,8:30 AM,,Mass,specific_weekday,english,,,,,,
St. Joseph,"4521 N Arden Rd, Otis Orchards, Washington 99027-9358",(509) 926-7133,Mass,Tue,8:30 AM,,Mass,specific_weekday,english,Church,,,,,
St. Joseph,"1503 W Dean Ave, Spokane, Washington 99201",(509) 328-4841,Mass,Tue,9:00 AM,,Mass,specific_weekday,english,St. Joseph,,,,,
St. Joseph,"4521 N Arden Rd, Otis Orchards, Washington 99027-9358",(509) 926-7133,Mass,Wed,6:00 PM,,Mass,specific_weekday,english,Church,,,,,
St. Joseph,"504 Randolph St, Melba, Idaho 83641",(208) 870-7127,Mass,Wed,7:00 PM,,Mass,specific_weekday,spanish,New Church,,,,,
St. Joseph,"504 Randolph St, Melba, Idaho 83641",(208) 870-7127,Mass,Wed,8:00 AM,,Mass,weekday,English,New Church,,,,,
St. Joseph,"504 Randolph St, Melba, Idaho 83641",(208) 870-7127,Mass,Wed,8:15 AM,,Mass,specific_weekday,English,Old Church,,,,,
St. Joseph,"3720 E Colbert Rd, Colbert, Washington 99005",(509) 466-4991,Mass,Wed,8:30 AM,,Mass,specific_weekday,english,,,,,,
St. Joseph,"504 Randolph St, Melba, Idaho 83641",(208) 870-7127,Mass,Thu,8:00 AM,,Mass,weekday,English,New Church,,,,,
St. Joseph,"32919 N Highway 41, Spirit Lake, Idaho 83869",(208) 773-4715,Mass,Thu,8:00 AM,,Holy Mass,specific_weekday,english,Church,,,,,Weekday
St. Joseph,"504 Randolph St, Melba, Idaho 83641",(208) 870-7127,Mass,Thu,8:15 AM,,Mass,specific_weekday,English,Old Church,,,,,
St. Joseph,"4521 N Arden Rd, Otis Orchards, Washington 99027-9358",(509) 926-7133,Mass,Thu,8:30 AM,,Mass,specific_weekday,english,Church,,,,,
St. Joseph,"1503 W Dean Ave, Spokane, Washington 99201",(509) 328-4841,Mass,Thu,9:00 AM,,Mass,specific_weekday,english,St. Joseph,,,,,
St. Joseph,"504 Randolph St, Melba, Idaho 83641",(208) 870-7127,Mass,Fri,8:00 AM,,Mass,weekday,English,New Church,,,,,
St. Joseph,"4521 N Arden Rd, Otis Orchards, Washington 99027-9358",(509) 926-7133,Mass,Fri,8:30 AM,,Mass,specific_weekday,english,Church,,,,,
St. Joseph,"3720 E Colbert Rd, Colbert, Washington 99005",(509) 466-4991,Mass,Sat,4:00 PM,,Mass,saturday,english,,,,,,vigil
St. Joseph,"504 Randolph St, Melba, Idaho 83641",(208) 870-7127,Mass,Sat,5:00 PM,,Mass,saturday,english,,,,,,
St. Joseph,"4521 N Arden Rd, Otis Orchards, Washington 99027-9358",(509) 926-7133,Mass,Sat,5:30 PM,,Mass,saturday,english,Church,,,,,
St. Joseph,"504 Randolph St, Melba, Idaho 83641",(208) 870-7127,Mass,Sat,7:00 PM,,Mass,saturday,spanish,,,,,,
St. Joseph,"3720 E Colbert Rd, Colbert, Washington 99005",(509) 466-4991,Mass,Sun,10:00 AM,,Mass,sunday,english,,,,,,
St. Joseph,"504 Randolph St, Melba, Idaho 83641",(208) 870-7127,Mass,Sun,10:00 AM,,Mass,sunday,english,,,,,,
St. Joseph,"4521 N Arden Rd, Otis Orchards, Washington 99027-9358",(509) 926-7133,Mass,Sun,10:30 AM,,Mass,sunday,english,Church,,,,,
St. Joseph,"32919 N Highway 41, Spirit Lake, Idaho 83869",(208) 773-4715,Mass,Sun,11:00 AM,,Holy Mass,sunday,english,Church,,,,,
St. Joseph,"1503 W Dean Ave, Spokane, Washington 99201",(509) 328-4841,Mass,Sun,11:00 AM,,Mass,sunday,spanish,St. Joseph,,,,,
St. Joseph,"504 Randolph St, Melba, Idaho 83641",(208) 870-7127,Mass,Sun,12:30 PM,,Mass,sunday,spanish,,,,,,
St. Joseph,"504 Randolph St, Melba, Idaho 83641",(208) 870-7127,Mass,Sun,6:00 PM,,Mass,sunday,spanish,,,,,,
St. Joseph,"504 Randolph St, Melba, Idaho 83641",(208) 870-7127,Mass,Sun,8:00 AM,,Mass,sunday,english,,,,,,
St. Joseph,"4521 N Arden Rd, Otis Orchards, Washington 99027-9358",(509) 926-7133,Mass,Sun,8:00 AM,,Mass,sunday,english,Church,,,,,
St. Joseph,"1503 W Dean Ave, Spokane, Washington 99201",(509) 328-4841,Mass,Sun,8:00 AM,,Mass,sunday,english,St. Joseph,,,,,
St. Joseph,"601 S Lincoln, Sandpoint, Idaho 83864",208-263-3720,Mass,,10:00 AM,,Christmas Day Mass,special_event,English,Church,,2025-12-25,,,Christmas Day Mass
St. Joseph,"1503 W Dean Ave, Spokane, Washington 99201",(509) 328-4841,Mass,,7:00 PM,,Ash Wednesday Bilingual Mass,special_event,bilingual,St. Joseph,,2026-02-18,,,Ash Wednesday Bilingual Mass
St. Joseph,"3720 E Colbert Rd, Colbert, Washington 99005",(509) 466-4991,Mass,,8:30 AM,,Ash Wednesday Mass,special_event,English,,,2026-02-18,,,Ash Wednesday Mass
St. Joseph,"504 Randolph St, Melba, Idaho 83641",(208) 870-7127,Confession,Tue,12:00 PM,1:00 PM,Confession,specific_weekday,English,,,,,,
St. Joseph,"4521 N Arden Rd, Otis Orchards, Washington 99027-9358",(509) 926-7133,Confession,Tue,12:30 PM,1:30 PM,Confession,specific_weekday,English,,,,,,
St. Joseph,"32919 N Highway 41, Spirit Lake, Idaho 83869",(208) 773-4715,Confession,Tue,7:45 AM,8:00 AM,Confession,specific_weekday,English,,,,,,
St. Joseph,"504 Randolph St, Melba, Idaho 83641",(208) 870-7127,Confession,Wed,5:30 PM,6:30 PM,Confession,specific_weekday,English,,,,,,
St. Joseph,"4521 N Arden Rd, Otis Orchards, Washington 99027-9358",(509) 926-7133,Confession,Wed,6:30 PM,7:30 PM,Confession,specific_weekday,English,,,,,,
St. Joseph,"3720 E Colbert Rd, Colbert, Washington 99005",(509) 466-4991,Confession,Wed,9:00 AM,3:00 PM,Reconciliation,specific_weekday,English,,,,,,
St. Joseph,"504 Randolph St, Melba, Idaho 83641",(208) 870-7127,Confession,Thu,12:00 PM,1:00 PM,Confession,specific_weekday,English,,,,,,
St. Joseph,"1503 W Dean Ave, Spokane, Washington 99201",(509) 328-4841,Confession,Thu,6:00 PM,,Confession,specific_weekday,English,St. Joseph,,,,,note: Will resume February 19th
St. Joseph,"32919 N Highway 41, Spirit Lake, Idaho 83869",(208) 773-4715,Confession,Thu,7:45 AM,8:00 AM,Confession,specific_weekday,English,,,,,,
St. Joseph,"504 Randolph St, Melba, Idaho 83641",(208) 870-7127,Confession,Sat,3:00 PM,4:30 PM,Confession,saturday,English,,,,,,
St. Joseph,"4521 N Arden Rd, Otis Orchards, Washington 99027-9358",(509) 926-7133,Confession,Sat,4:00 PM,5:00 PM,Confession,saturday,English,,,,,,
St. Joseph,"32919 N Highway 41, Spirit Lake, Idaho 83869",(208) 773-4715,Confession,Sun,10:45 AM,,Confession,sunday,English,,,,,,
St. Joseph,"4521 N Arden Rd, Otis Orchards, Washington 99027-9358",(509) 926-7133,Adoration,Tue,12:30 PM,2:30 PM,Adoration,specific_weekday,English,Church,,,,,exposition
St. Joseph,"4521 N Arden Rd, Otis Orchards, Washington 99027-9358",(509) 926-7133,Adoration,Wed,5:00 PM,6:00 PM,Adoration,specific_weekday,English,,,,,,exposition
St. Joseph,"4521 N Arden Rd, Otis Orchards, Washington 99027-9358",(509) 926-7133,Adoration,Wed,6:00 AM,8:00 AM,Adoration,specific_weekday,English,Chapel,,,,,exposition
St. Joseph,"4521 N Arden Rd, Otis Orchards, Washington 99027-9358",(509) 926-7133,Adoration,Wed,6:30 PM,10:00 PM,Adoration,specific_weekday,English,Church,,,,,exposition
St. Joseph,"3720 E Colbert Rd, Colbert, Washington 99005",(509) 466-4991,Adoration,Wed,9:00 AM,2:00 PM,Adoration of the Blessed Sacrament,specific_weekday,English,,,,,,exposition; benediction
St. Joseph,"1503 W Dean Ave, Spokane, Washington 99201",(509) 328-4841,Adoration,Thu,6:00 PM,,Adoration,specific_weekday,spanish,St. Joseph,,,,,exposition
St. Joseph,"4521 N Arden Rd, Otis Orchards, Washington 99027-9358",(509) 926-7133,Adoration,,6:00 AM,,Adoration,monthly,English,,first_friday_(recurring),,,,TIME_TBD; exposition
St. Joseph,"32919 N Highway 41, Spirit Lake, Idaho 83869",(208) 773-4715,Adoration,,8:30 AM,,Adoration,monthly,English,,first_thursday,,,,Thursday (before First Friday); note: 1st Thursday AFTER Chaplet
St. Joseph,"4521 N Arden Rd, Otis Orchards, Washington 99027-9358",(509) 926-7133,Devotions,Wed,5:30 PM,,Benediction,specific_weekday,English,,,,,,
St. Joseph,"4521 N Arden Rd, Otis Orchards, Washington 99027-9358",(509) 926-7133,Devotions,Thu,8:00 AM,,Rosary,specific_weekday,English,,,,,,
St. Joseph,"4521 N Arden Rd, Otis Orchards, Washington 99027-9358",(509) 926-7133,Devotions,Fri,8:00 AM,,Rosary,specific_weekday,English,,,,,,
St. Joseph,"32919 N Highway 41, Spirit Lake, Idaho 83869",(208) 773-4715,Devotions,Sun,10:30 AM,,Rosary,sunday,English,Church,,,,,
St. Joseph,"3720 E Colbert Rd, Colbert, Washington 99005",(509) 466-4991,Devotions,,10:00 AM,12:00 PM,Prayer Shawl Ministry,parish_event,English,,,,,,recurring
St. Joseph,"32919 N Highway 41, Spirit Lake, Idaho 83869",(208) 773-4715,Devotions,,8:30 AM,,Divine Mercy Chaplet,monthly,English,,first_thursday,,,,Thursday (before First Friday); note: 1st Thursday AFTER 8:00 Mass
St. Joseph,"32919 N Highway 41, Spirit Lake, Idaho 83869",(208) 773-4715,Education,Wed,10:00 AM,,Bible Study,other,English,,,,,,
St. Joseph,"3720 E Colbert Rd, Colbert, Washington 99005",(509) 466-4991,Education,Sun,11:15 AM,,Religious Education Classes,sunday,English,,,,,,
St. Joseph,"3720 E Colbert Rd, Colbert, Washington 99005",(509) 466-4991,Education,Sun,11:15 AM,,OCIA Class,sunday,English,,,,,,note: Formerly referred to as RICA.
St. Joseph,"32919 N Highway 41, Spirit Lake, Idaho 83869",(208) 773-4715,Community,Wed,6:00 PM,7:00 PM,Knights COR Meeting,other,English,Hall,,,,,
St. Joseph,"3720 E Colbert Rd, Colbert, Washington 99005",(509) 466-4991,Community,Sun,11:00 AM,12:00 PM,Coffee & Donuts,sunday,English,dining room,,,,,note: Join us after the 10:00 AM Mass each Sunday for Coffee & Donuts in the dining room.
St. Joseph,"32919 N Highway 41, Spirit Lake, Idaho 83869",(208) 773-4715,Community,,12:00 PM,1:00 PM,Women of St Joseph Monthly Meeting,parish_event,English,,,2026-01-11,,,
St. Joseph,"3720 E Colbert Rd, Colbert, Washington 99005",(509) 466-4991,Community,,1:00 PM,2:00 PM,Finance Council Meeting,parish_event,English,,,,,,recurring
St. Joseph,"3720 E Colbert Rd, Colbert, Washington 99005",(509) 466-4991,Community,,6:00 PM,7:30 PM,Parish Council Meeting,special_event,English,,,2026-02-03,,,Parish Council Meeting
St. Joseph,"3720 E Colbert Rd, Colbert, Washington 99005",(509) 466-4991,Community,,6:30 PM,8:30 PM,Knights of Columbus Council Meeting,special_event,English,,,2026-02-05,,,Knights of Columbus Council Meeting
St. Joseph,"32919 N Highway 41, Spirit Lake, Idaho 83869",(208) 773-4715,Community,,6:30 PM,,Knights Monthly meetings,parish_event,English,,,2026-01-01,,,
St. Joseph,"32919 N Highway 41, Spirit Lake, Idaho 83869",(208) 773-4715,Other,Mon,6:00 PM,8:00 PM,Deacon Vince Classes,other,English,Hall,,,,,
St. Joseph,"32919 N Highway 41, Spirit Lake, Idaho 83869",(208) 773-4715,Other,Thu,9:30 AM,2:30 PM,God’s Gifted Hands Ministry,other,English,Hall,,,,,
St. Joseph,"3720 E Colbert Rd, Colbert, Washington 99005",(509) 466-4991,Other,Fri,9:00 AM,10:00 AM,Share the Word,specific_weekday,English,,,,,,note: Join us friday mornings for an hour of prayer and reflection on the readings for the coming Sunday. Call the office for information.
St. Joseph,"3720 E Colbert Rd, Colbert, Washington 99005",(509) 466-4991,Other,Sat,8:30 AM,,Health & Wellness Circle,saturday,English,classroom in the east wing,,,,,
St. Joseph,"3720 E Colbert Rd, Colbert, Washington 99005",(509) 466-4991,Other,Sun,9:00 AM,10:00 AM,Share the Word,specific_weekday,English,,,,,,note: Join us friday mornings for an hour of prayer and reflection on the readings for the coming Sunday. Call the office for information.
St. Joseph,"3720 E Colbert Rd, Colbert, Washington 99005",(509) 466-4991,Other,,10:00 AM,11:00 AM,Food Sunday,special_event,English,,,2026-02-01,,,Food Sunday
St. Joseph,"3720 E Colbert Rd, Colbert, Washington 99005",(509) 466-4991,Other,,12:00 PM,1:30 PM,Bingo & Potluck,special_event,English,,,2026-02-10,,,Bingo & Potluck
St. Joseph,"4521 N Arden Rd, Otis Orchards, Washington 99027-9358",(509) 926-7133,Other,,12:00 PM,,Ash Wednesday,special_event,english,Church,,2026-02-18,,,Ash Wednesday
St. Joseph,"32919 N Highway 41, Spirit Lake, Idaho 83869",(208) 773-4715,Other,,12:00 PM,,Parish Appreciation Luncheon hosted by the Women of St Joseph,parish_event,English,,,2026-01-25,,,
St. Joseph,"3720 E Colbert Rd, Colbert, Washington 99005",(509) 466-4991,Other,,1:30 PM,,Women's Guild Book Club,monthly,English,,second_monday,,,,second of each month; note: meets in St. Martin's Room
St. Joseph,"32919 N Highway 41, Spirit Lake, Idaho 83869",(208) 773-4715,Other,,5:00 PM,6:30 PM,Safety and Security Team,parish_event,English,,,2026-01-20,,,
St. Joseph,"3720 E Colbert Rd, Colbert, Washington 99005",(509) 466-4991,Other,,6:00 PM,,The Vine,parish_event,English,,,,,,recurring; social & faith sharing group
St. Joseph,"4521 N Arden Rd, Otis Orchards, Washington 99027-9358",(509) 926-7133,Other,,7:00 PM,,Ash Wednesday,special_event,english,Church,,2026-02-18,,,Ash Wednesday
St. Joseph,"32919 N Highway 41, Spirit Lake, Idaho 83869",(208) 773-4715,Other,,8:00 AM,,Jack Thompson Funeral,special_event,English,,,2026-01-10,,,Jack Thompson Funeral
St. Joseph,"4521 N Arden Rd, Otis Orchards, Washington 99027-9358",(509) 926-7133,Other,,8:30 AM,,Ash Wednesday,special_event,english,Church,,2026-02-18,,,Ash Wednesday
St. Joseph,"3720 E Colbert Rd, Colbert, Washington 99005",(509) 466-4991,Other,,9:00 AM,2:00 PM,Used Book Sale,special_event,English,,,2026-01-17,,,Used Book Sale; ends Jan 18 at 14:00; note: Saturday 9:00 AM - 2:00 PM Sunday 9:00 AM - 12:00 PM
St. Joseph,"3720 E Colbert Rd, Colbert, Washington 99005",(509) 466-4991,Other,,9:00 AM,2:00 PM,Used Book Sale,special_event,English,,,2026-01-24,,,Used Book Sale; ends Jan 25 at 14:00; note: Saturday 9:00 AM - 2:00 PM Sunday 9:00 AM - 12:00 PM
St. Joseph,"1503 W Dean Ave, Spokane, Washington 99201",(509) 328-4841,Other,,TBD,,Food Collection for Neighbors,monthly,English,St. Joseph,first_sunday,,,,First of the month; check bulletin; bring shelf stable foods to donation box at back of church
St. Joseph (Holy Spirit Catholic Community),"455 N Hayes, Pocatello, Idaho 83204",208-232-1196,Mass,Sun,8:00 AM,,Mass,sunday,english,St. Joseph's Chapel,,,,,
St. Joseph (Holy Spirit Catholic Community),"455 N Hayes, Pocatello, Idaho 83204",208-232-1196,Mass,Sun,9:30 AM,,Mass,sunday,english,St. Joseph’s Chapel,,,,,
St. Joseph (Holy Spirit Catholic Community),"455 N Hayes, Pocatello, Idaho 83204",208-232-1196,Mass,,6:00 PM,,Ash Wednesday Mass,special_event,english,St. Joseph's Chapel,,2026-02-18,,,Ash Wednesday Mass
St. Joseph (Holy Spirit Catholic Community),"455 N Hayes, Pocatello, Idaho 83204",208-232-1196,Mass,,7:00 AM,,Ash Wednesday Mass,special_event,english,St. Joseph's chapel,,2026-02-18,,,Ash Wednesday Mass
St. Joseph (Holy Spirit Catholic Community),"455 N Hayes, Pocatello, Idaho 83204",208-232-1196,Confession,,12:00 AM,,Confession,parish_event,English,Parish Office,,,,,By appointment –TIME_TBD; note: call 208-232-1196
St. Joseph Catholic Church,"209 3rd St, Leadore, Idaho 83464",208-756-2432,Confession,Sat,12:30 PM,,Adoration and Confession,saturday,English,"St Joseph Chapel, Leadore",,,,,
St. Joseph's Chapel (Our Lady of the Rosary Parish),"206 E Wallula St, Idaho City, Idaho 83631",208-343-9041,Mass,,10:30 AM,,Mass,monthly,English,St. Joseph's in Idaho City,second_sunday,,,,2nd; 4th
St. Joseph's Chapel (Our Lady of the Rosary Parish),"206 E Wallula St, Idaho City, Idaho 83631",208-343-9041,Mass,,12:00 PM,,Mass,monthly,English,St. Joseph's in Idaho City,first_sunday,,,,1st
St. Joseph's Chapel (Our Lady of the Rosary Parish),"206 E Wallula St, Idaho City, Idaho 83631",208-343-9041,Education,,6:30 PM,8:00 PM,OCIA classes,parish_event,English,,,,,,begins June 18
St. Joseph's Chapel (Our Lady of the Rosary Parish),"206 E Wallula St, Idaho City, Idaho 83631",208-343-9041,Sacraments,,10:30 AM,,Communion Service,monthly,English,St. Joseph's in Idaho City,third_sunday,,,,3rd
St. Jude,"River Rd, Usk, Washington 99180",(509) 447-4231,Mass,,5:00 PM,,Mass,special_event,English,Usk,,2025-05-22,,,Mass
St. Jude,"River Rd, Usk, Washington 99180",(509) 447-4231,Mass,,8:00 AM,,Mass,special_event,English,Usk,,2025-05-20,,,Mass
St. Jude the Apostle,"2054 US Hwy 95, Council, Idaho 83612",(208) 549-0088,Mass,Mon,12:10 PM,,Mass,specific_weekday,english,"St. Agnes, Weiser",,,,,
St. Jude the Apostle,"2054 US Hwy 95, Council, Idaho 83612",(208) 549-0088,Mass,,12:00 PM,,Mass,monthly,English,"St. Jude, Council",sunday,,,,Fri; Followed by Adoration; note: 1st & 3rd SUNDAY only
St. Jude the Apostle,"2054 US Hwy 95, Council, Idaho 83612",(208) 549-0088,Mass,,3:30 PM,,Mass,monthly,English,"St. Jude, Council",sunday,,,,note: 1st & 3rd SUNDAY only
St. Jude the Apostle,"2054 US Hwy 95, Council, Idaho 83612",(208) 549-0088,Confession,Tue,3:00 PM,6:00 PM,Confession,specific_weekday,English,,,,,,or by appointment / por una cita
St. Jude the Apostle,"2054 US Hwy 95, Council, Idaho 83612",(208) 549-0088,Adoration,Tue,3:00 PM,6:00 PM,Adoration,specific_weekday,English,,,,,,Followed by Benediction
St. Jude the Apostle,"2054 US Hwy 95, Council, Idaho 83612",(208) 549-0088,Adoration,,12:00 PM,,Adoration,monthly,English,"St. Jude, Council",sunday,,,,Fri; Follows Mass; note: 1st & 3rd SUNDAY only
St. Kateri Tekakwitha," D Ave and Sheepskin Rd, Fort Hall, Idaho 83202",208-785-1935,Mass,Mon,8:00 AM,,Mass/Misa Diaria,weekday,bilingual,Church,,,,,
St. Kateri Tekakwitha," D Ave and Sheepskin Rd, Fort Hall, Idaho 83202",208-785-1935,Mass,Tue,8:00 AM,,Mass/Misa Diaria,weekday,bilingual,Church,,,,,
St. Kateri Tekakwitha," D Ave and Sheepskin Rd, Fort Hall, Idaho 83202",208-785-1935,Mass,Wed,8:00 AM,,Mass/Misa Diaria,weekday,bilingual,Church,,,,,
St. Kateri Tekakwitha," D Ave and Sheepskin Rd, Fort Hall, Idaho 83202",208-785-1935,Mass,Thu,8:00 AM,,Mass/Misa Diaria,weekday,bilingual,Church,,,,,
St. Kateri Tekakwitha," D Ave and Sheepskin Rd, Fort Hall, Idaho 83202",208-785-1935,Mass,Fri,8:00 AM,,Mass/Misa Diaria,weekday,bilingual,Church,,,,,
St. Kateri Tekakwitha," D Ave and Sheepskin Rd, Fort Hall, Idaho 83202",208-785-1935,Mass,Sat,6:30 PM,,Mass,saturday,spanish,Church,,,,,
St. Kateri Tekakwitha," D Ave and Sheepskin Rd, Fort Hall, Idaho 83202",208-785-1935,Mass,Sun,10:00 AM,,Mass,sunday,english,Church,,,,,
St. Kateri Tekakwitha," D Ave and Sheepskin Rd, Fort Hall, Idaho 83202",208-785-1935,Mass,Sun,12:30 PM,,Mass,sunday,spanish,Church,,,,,
St. Kateri Tekakwitha," D Ave and Sheepskin Rd, Fort Hall, Idaho 83202",208-785-1935,Confession,Sat,5:00 PM,6:00 PM,Confession - Confesión,other,English,,,,,,or by appointment
St. Katherine Drexel,"101 Vista Point Blvd, Cascade, Idaho 83611",(208) 634-5474,Mass,Sun,11:00 AM,,Mass,sunday,English,St. Katharine Drexel in Cascade,,,,,
St. Katherine Drexel,"101 Vista Point Blvd, Cascade, Idaho 83611",(208) 634-5474,Adoration,Tue,12:00 PM,1:00 PM,Adoration,specific_weekday,English,,,,,,during Advent; exposition
St. Katherine Drexel,"101 Vista Point Blvd, Cascade, Idaho 83611",(208) 634-5474,Devotions,Sun,10:30 AM,,Recitation of the Rosary,sunday,English,St. Katharine Drexel in Cascade,,,,,
St. Mark,"7960 W Northview St, Boise, Idaho 83704",208-375-6651,Mass,Mon,8:00 AM,,Mass,specific_weekday,English,,,,,,
St. Mark,"7960 W Northview St, Boise, Idaho 83704",208-375-6651,Mass,Tue,8:00 AM,,Mass,specific_weekday,English,,,,,,
St. Mark,"7960 W Northview St, Boise, Idaho 83704",208-375-6651,Mass,Wed,8:30 AM,,Mass,specific_weekday,English,,,,,,
St. Mark,"7960 W Northview St, Boise, Idaho 83704",208-375-6651,Mass,Thu,8:00 AM,,Mass,specific_weekday,English,,,,,,
St. Mark,"7960 W Northview St, Boise, Idaho 83704",208-375-6651,Mass,Fri,8:00 AM,,Mass,specific_weekday,English,,,,,,
St. Mark,"7960 W Northview St, Boise, Idaho 83704",208-375-6651,Mass,Sat,5:00 PM,,Mass,saturday,English,,,,,,vigil
St. Mark,"7960 W Northview St, Boise, Idaho 83704",208-375-6651,Mass,Sat,8:00 AM,,Mass,saturday,English,,,,,,
St. Mark,"7960 W Northview St, Boise, Idaho 83704",208-375-6651,Mass,Sun,11:00 AM,,Mass,sunday,English,,,,,,
St. Mark,"7960 W Northview St, Boise, Idaho 83704",208-375-6651,Mass,Sun,5:00 PM,,Mass,sunday,English,,,,,,
St. Mark,"7960 W Northview St, Boise, Idaho 83704",208-375-6651,Mass,Sun,8:30 AM,,Mass,sunday,English,,,,,,
St. Mark,"7960 W Northview St, Boise, Idaho 83704",208-375-6651,Confession,Thu,6:00 PM,7:00 PM,Confession,specific_weekday,English,,,,,,
St. Mark,"7960 W Northview St, Boise, Idaho 83704",208-375-6651,Confession,Sat,9:00 AM,11:00 AM,Confession,saturday,English,,,,,,
St. Mark,"7960 W Northview St, Boise, Idaho 83704",208-375-6651,Adoration,,12:00 AM,11:59 PM,Adoration,daily,English,Adoration Chapel,,,,,exposition; chapel; note: Available 24/7; call office for code
St. Mark,"7960 W Northview St, Boise, Idaho 83704",208-375-6651,Community,,9:30 AM,,Knights of Columbus event,special_event,English,,,2026-07-20,,,Knights of Columbus event; ends July 24 at 12:30
St. Mark,"7960 W Northview St, Boise, Idaho 83704",208-375-6651,Community,,TBD,,Knights of Columbus event,parish_event,English,,,2026-07-20,,,to 2026-07- 09:30–12:30
St. Mary,"304 S Adams Rd, Spokane Valley, Washington 99216-2195",(509) 928-3210,Mass,Mon,5:30 PM,,Mass,specific_weekday,english,St- Mary Catholic Church,,,,,
St. Mary,"618 E 1st St, Moscow, Idaho 83843",208-882-4813,Mass,Mon,8:00 AM,,Mass,specific_weekday,English,"St. Mary’s, Moscow",,,,,
St. Mary,"304 S Adams Rd, Spokane Valley, Washington 99216-2195",(509) 928-3210,Mass,Tue,5:30 PM,,Mass,specific_weekday,english,St- Mary Catholic Church,,,,,
St. Mary,"352 Roosevelt St, American Falls, Idaho 83211",208-226-5217,Mass,Tue,6:00 PM,,Mass,specific_weekday,spanish,St Mary's,,,,,
St. Mary,"508 Church St, Cottonwood, Idaho 83522",208-962-3214,Mass,Tue,6:30 PM,,Mass,specific_weekday,English,"St Mary’s, Cottonwood",,,,,
St. Mary,"618 E 1st St, Moscow, Idaho 83843",208-882-4813,Mass,Tue,8:00 AM,,Mass,specific_weekday,English,"St. Mary’s, Moscow",,,,,
St. Mary,"2604 W State St, Boise, Idaho 83702",(208) 344-2597,Mass,Tue,8:30 AM,,Mass,specific_weekday,English,St. Mary's Catholic Community / Comunidad Católica De Santa María,,,,,
St. Mary,"138 Jackson St, Genesee, Idaho 83832",208-882-4813,Mass,Wed,6:30 PM,,Mass,specific_weekday,English,"St. Mary’s, Genesee",,,,,
St. Mary,"304 S Adams Rd, Spokane Valley, Washington 99216-2195",(509) 928-3210,Mass,Wed,7:00 AM,,Mass,specific_weekday,english,St- Mary Catholic Church,,,,,
St. Mary,"618 E 1st St, Moscow, Idaho 83843",208-882-4813,Mass,Wed,8:00 AM,,Mass,specific_weekday,English,"St. Mary’s, Moscow",,,,,
St. Mary,"2604 W State St, Boise, Idaho 83702",(208) 344-2597,Mass,Wed,8:30 AM,,Mass,specific_weekday,English,St. Mary's Catholic Community / Comunidad Católica De Santa María,,,,,
St. Mary,"304 S Adams Rd, Spokane Valley, Washington 99216-2195",(509) 928-3210,Mass,Thu,7:00 AM,,Mass,specific_weekday,english,St- Mary Catholic Church,,,,,
St. Mary,"508 Church St, Cottonwood, Idaho 83522",208-962-3214,Mass,Thu,8:00 AM,,Mass,specific_weekday,English,"St. Mary’s, Cottonwood",,,,,
St. Mary,"618 E 1st St, Moscow, Idaho 83843",208-882-4813,Mass,Thu,8:00 AM,,Mass,specific_weekday,English,"St. Mary’s, Moscow",,,,,
St. Mary,"2604 W State St, Boise, Idaho 83702",(208) 344-2597,Mass,Thu,8:30 AM,,Mass,specific_weekday,English,St. Mary's Catholic Community / Comunidad Católica De Santa María,,,,,
St. Mary,"618 E 1st St, Moscow, Idaho 83843",208-882-4813,Mass,Fri,10:30 AM,,Mass,specific_weekday,English,Paradise Creek of Olympus,,,,,
St. Mary,"304 S Adams Rd, Spokane Valley, Washington 99216-2195",(509) 928-3210,Mass,Fri,5:30 PM,,Mass,specific_weekday,english,St- Mary Catholic Church,,,,,
St. Mary,"618 E 1st St, Moscow, Idaho 83843",208-882-4813,Mass,Fri,8:00 AM,,Mass,specific_weekday,English,"St. Mary’s, Moscow",,,,,summer
St. Mary,"304 S Adams Rd, Spokane Valley, Washington 99216-2195",(509) 928-3210,Mass,Fri,8:15 AM,,Mass,specific_weekday,english,St- Mary Catholic Church,,,,,
St. Mary,"2604 W State St, Boise, Idaho 83702",(208) 344-2597,Mass,Fri,8:30 AM,,Mass,specific_weekday,English,St. Mary's Catholic Community / Comunidad Católica De Santa María,,,,,
St. Mary,"618 E 1st St, Moscow, Idaho 83843",208-882-4813,Mass,Fri,8:45 AM,,Mass,specific_weekday,English,"St. Mary’s, Moscow",,,,,Sept – June
St. Mary,"352 Roosevelt St, American Falls, Idaho 83211",208-226-5217,Mass,Fri,9:00 AM,,Mass,specific_weekday,english,St Mary's,,,,,
St. Mary,"2604 W State St, Boise, Idaho 83702",(208) 344-2597,Mass,Sat,5:00 PM,,Mass,saturday,English,St. Mary's Catholic Community / Comunidad Católica De Santa María,,,,,vigil
St. Mary,"618 E 1st St, Moscow, Idaho 83843",208-882-4813,Mass,Sat,5:00 PM,,Mass,saturday,English,"St. Mary’s, Moscow",,,,,
St. Mary,"304 S Adams Rd, Spokane Valley, Washington 99216-2195",(509) 928-3210,Mass,Sat,5:00 PM,,Mass,saturday,english,St- Mary Catholic Church,,,,,vigil
St. Mary,"352 Roosevelt St, American Falls, Idaho 83211",208-226-5217,Mass,Sat,7:00 PM,,Mass,saturday,spanish,St. Mary's,,,,,
St. Mary,"2604 W State St, Boise, Idaho 83702",(208) 344-2597,Mass,Sat,7:00 PM,,Mass,saturday,spanish,St. Mary's Catholic Community / Comunidad Católica De Santa María,,,,,vigil
St. Mary,"618 E 1st St, Moscow, Idaho 83843",208-882-4813,Mass,Sat,8:00 AM,,Mass,saturday,English,"St. Mary’s, Moscow",,,,,
St. Mary,"352 Roosevelt St, American Falls, Idaho 83211",208-226-5217,Mass,Sun,10:30 AM,,Mass,sunday,english,St. Mary's,,,,,
St. Mary,"2604 W State St, Boise, Idaho 83702",(208) 344-2597,Mass,Sun,10:45 AM,,Mass,sunday,English,St. Mary's Catholic Community / Comunidad Católica De Santa María,,,,,
St. Mary,"618 E 1st St, Moscow, Idaho 83843",208-882-4813,Mass,Sun,11:30 AM,,Mass,sunday,English,"St. Mary’s, Moscow",,,,,
St. Mary,"304 S Adams Rd, Spokane Valley, Washington 99216-2195",(509) 928-3210,Mass,Sun,11:30 AM,,Mass,sunday,english,St- Mary Catholic Church,,,,,
St. Mary,"2604 W State St, Boise, Idaho 83702",(208) 344-2597,Mass,Sun,12:45 PM,,Mass,sunday,spanish,St. Mary's Catholic Community / Comunidad Católica De Santa María,,,,,
St. Mary,"508 Church St, Cottonwood, Idaho 83522",208-962-3214,Mass,Sun,7:00 AM,,Mass,sunday,English,"St. Mary’s Church, Cottonwood",,,,,
St. Mary,"304 S Adams Rd, Spokane Valley, Washington 99216-2195",(509) 928-3210,Mass,Sun,7:30 AM,,Mass,sunday,english,St- Mary Catholic Church,,,,,
St. Mary,"618 E 1st St, Moscow, Idaho 83843",208-882-4813,Mass,Sun,8:00 AM,,Mass,sunday,English,"St. Mary’s, Moscow",,,,,
St. Mary,"508 Church St, Cottonwood, Idaho 83522",208-962-3214,Mass,Sun,8:15 AM,,Mass,sunday,English,"St. Mary’s Church, Cottonwood",,,,,
St. Mary,"2604 W State St, Boise, Idaho 83702",(208) 344-2597,Mass,Sun,8:30 AM,,Mass,sunday,English,St. Mary's Catholic Community / Comunidad Católica De Santa María,,,,,
St. Mary,"304 S Adams Rd, Spokane Valley, Washington 99216-2195",(509) 928-3210,Mass,Sun,9:00 AM,,Mass,sunday,english,St- Mary Catholic Church,,,,,
St. Mary,"138 Jackson St, Genesee, Idaho 83832",208-882-4813,Mass,Sun,9:45 AM,,Mass,sunday,English,"St. Mary’s, Genesee",,,,,
St. Mary,"508 Church St, Cottonwood, Idaho 83522",208-962-3214,Mass,,10:00 AM,,Christmas Day Mass,special_event,English,St. Mary’s,,2025-12-25,,,Christmas Day Mass
St. Mary,"508 Church St, Cottonwood, Idaho 83522",208-962-3214,Mass,,11:00 PM,,Christmas Eve Mass,special_event,English,St. Mary’s,,2025-12-24,,,Christmas Eve Mass
St. Mary,"508 Church St, Cottonwood, Idaho 83522",208-962-3214,Mass,,4:00 PM,,Christmas Eve Mass,special_event,English,St. Mary’s,,2025-12-24,,,Christmas Eve Mass
St. Mary,"508 Church St, Cottonwood, Idaho 83522",208-962-3214,Mass,,8:00 AM,,Solemnity of Mary Mass,special_event,English,St. Mary’s,,2026-01-01,,,Solemnity of Mary Mass
St. Mary,"508 Church St, Cottonwood, Idaho 83522",208-962-3214,Mass,,8:00 AM,,First Saturday Mass,special_event,English,,,2026-02-28,,,First Saturday Mass
St. Mary,"508 Church St, Cottonwood, Idaho 83522",208-962-3214,Mass,,8:00 AM,,Mass,monthly,English,St Mary’s Cottonwood,first_saturday_(recurring),,,,
St. Mary,"304 S Adams Rd, Spokane Valley, Washington 99216-2195",(509) 928-3210,Mass,,9:00 AM,,Mass,monthly,english,St- Mary Catholic Church,first_saturday_(recurring),,,,
St. Mary,"618 E 1st St, Moscow, Idaho 83843",208-882-4813,Confession,Tue,4:30 PM,5:30 PM,Reconciliation,specific_weekday,English,"St. Mary’s, Moscow",,,,,
St. Mary,"352 Roosevelt St, American Falls, Idaho 83211",208-226-5217,Confession,Tue,6:30 PM,7:30 PM,Confession,specific_weekday,English,St Mary's,,,,,
St. Mary,"304 S Adams Rd, Spokane Valley, Washington 99216-2195",(509) 928-3210,Confession,Wed,4:30 PM,5:30 PM,Confessions,specific_weekday,English,St- Mary Catholic Church,,,,,
St. Mary,"138 Jackson St, Genesee, Idaho 83832",208-882-4813,Confession,Wed,5:30 PM,,Reconciliation,specific_weekday,English,"St. Mary’s, Genesee",,,,,Available by Appointment
St. Mary,"304 S Adams Rd, Spokane Valley, Washington 99216-2195",(509) 928-3210,Confession,Fri,6:00 PM,7:00 PM,Confessions,specific_weekday,English,St- Mary Catholic Church,,,,,
St. Mary,"508 Church St, Cottonwood, Idaho 83522",208-962-3214,Confession,Sat,2:30 PM,4:00 PM,Confessions,specific_weekday,English,St. Mary’s,,,,,or by Appt
St. Mary,"304 S Adams Rd, Spokane Valley, Washington 99216-2195",(509) 928-3210,Confession,Sat,3:00 PM,4:00 PM,Confessions,saturday,English,St- Mary Catholic Church,,,,,
St. Mary,"2604 W State St, Boise, Idaho 83702",(208) 344-2597,Confession,Sat,3:30 PM,4:30 PM,Confession,saturday,English,St. Mary's Catholic Community / Comunidad Católica De Santa María,,,,,
St. Mary,"2604 W State St, Boise, Idaho 83702",(208) 344-2597,Confession,Sun,9:35 AM,10:35 AM,First Communion & First Reconciliation Class,other,English,,,,,,youth
St. Mary,"304 S Adams Rd, Spokane Valley, Washington 99216-2195",(509) 928-3210,Confession,,6:00 PM,,Holy Hour of Eucharist Adoration & Confessions,special_event,English,St- Mary Catholic Church,,2026-02-20,,,Holy Hour of Eucharist Adoration & Confessions
St. Mary,"304 S Adams Rd, Spokane Valley, Washington 99216-2195",(509) 928-3210,Confession,,6:00 PM,,Holy Hour of Eucharist Adoration & Confessions,special_event,English,St- Mary Catholic Church,,2026-02-27,,,Holy Hour of Eucharist Adoration & Confessions
St. Mary,"304 S Adams Rd, Spokane Valley, Washington 99216-2195",(509) 928-3210,Confession,,6:00 PM,,Holy Hour of Eucharist Adoration & Confessions,special_event,English,St- Mary Catholic Church,,2026-03-06,,,Holy Hour of Eucharist Adoration & Confessions
St. Mary,"618 E 1st St, Moscow, Idaho 83843",208-882-4813,Confession,,TBD,,Reconciliation,other,English,"St. Mary’s, Moscow",,,after,,following; or by appointment
St. Mary,"618 E 1st St, Moscow, Idaho 83843",208-882-4813,Adoration,Mon,7:00 AM,,Adoration,specific_weekday,English,"St. Mary’s, Moscow",,,,,
St. Mary,"618 E 1st St, Moscow, Idaho 83843",208-882-4813,Adoration,Tue,4:30 PM,5:30 PM,Adoration,specific_weekday,English,"St. Mary’s, Moscow",,,,,
St. Mary,"352 Roosevelt St, American Falls, Idaho 83211",208-226-5217,Adoration,Tue,6:30 PM,7:30 PM,Adoration,specific_weekday,spanish,St Mary's,,,,,exposition; benediction
St. Mary,"508 Church St, Cottonwood, Idaho 83522",208-962-3214,Adoration,Tue,7:00 AM,8:00 PM,Adoration,specific_weekday,English,St Mary’s,,,,,exposition
St. Mary,"508 Church St, Cottonwood, Idaho 83522",208-962-3214,Adoration,Tue,7:00 AM,6:30 PM,Adoration,specific_weekday,English,St Mary’s,,,,,exposition
St. Mary,"138 Jackson St, Genesee, Idaho 83832",208-882-4813,Adoration,Wed,5:30 PM,,Adoration,specific_weekday,English,"St. Mary’s, Genesee",,,,,exposition; benediction
St. Mary,"618 E 1st St, Moscow, Idaho 83843",208-882-4813,Adoration,Thu,7:00 AM,,Adoration,specific_weekday,English,"St. Mary’s, Moscow",,,,,
St. Mary,"304 S Adams Rd, Spokane Valley, Washington 99216-2195",(509) 928-3210,Adoration,Fri,6:00 PM,7:00 PM,Adoration,specific_weekday,English,St- Mary Catholic Church,,,,,exposition
St. Mary,"352 Roosevelt St, American Falls, Idaho 83211",208-226-5217,Adoration,Fri,9:40 AM,3:00 PM,Adoration,specific_weekday,English,St Mary's,,,,,tags: exposition; note: during Lent
St. Mary,"508 Church St, Cottonwood, Idaho 83522",208-962-3214,Adoration,,7:00 PM,,Third Thursday Adoration,special_event,English,,,2026-02-19,,,Third Thursday Adoration; ends Feb 20 at 07:00
St. Mary,"508 Church St, Cottonwood, Idaho 83522",208-962-3214,Adoration,,7:00 PM,,Adoration over First Friday,special_event,English,St Mary’s,,2026-02-27,,,Adoration over First Friday; ends Feb 28 at 08:00
St. Mary,"508 Church St, Cottonwood, Idaho 83522",208-962-3214,Adoration,,7:00 PM,,Third Thursday Adoration,special_event,English,,,2026-03-19,,,Third Thursday Adoration; ends March 20 at 07:00
St. Mary,"508 Church St, Cottonwood, Idaho 83522",208-962-3214,Adoration,,7:00 PM,7:50 AM,Adoration,monthly,English,St Mary’s,first_friday_(recurring),,,,Thu; exposition
St. Mary,"508 Church St, Cottonwood, Idaho 83522",208-962-3214,Adoration,,7:00 PM,7:00 AM,Adoration,monthly,English,,third_thursday,,,,Third; exposition
St. Mary,"618 E 1st St, Moscow, Idaho 83843",208-882-4813,Adoration,,8:00 AM,,Adoration,monthly,English,"St. Mary’s, Moscow",first_friday_(recurring),,,,Summer; ends Saturday 8:00
St. Mary,"618 E 1st St, Moscow, Idaho 83843",208-882-4813,Adoration,,9:00 AM,8:00 AM,Adoration,monthly,English,"St. Mary’s, Moscow",first_friday_(recurring),,,,Sept-June; ends Saturday 8:00
St. Mary,"304 S Adams Rd, Spokane Valley, Washington 99216-2195",(509) 928-3210,Adoration,,9:00 AM,,First Friday Adoration,special_event,English,St- Mary Catholic Church,,2026-03-06,,,First Friday Adoration
St. Mary,"304 S Adams Rd, Spokane Valley, Washington 99216-2195",(509) 928-3210,Adoration,,9:30 AM,10:30 AM,Adoration,monthly,English,St- Mary Catholic Church,first_saturday_(recurring),,,,exposition
St. Mary,"304 S Adams Rd, Spokane Valley, Washington 99216-2195",(509) 928-3210,Adoration,,9:30 AM,12:00 PM,Adoration,monthly,English,St- Mary Catholic Church,first_friday_(recurring),,,,exposition; note: after daily Mass
St. Mary,"618 E 1st St, Moscow, Idaho 83843",208-882-4813,Devotions,Mon,7:35 AM,,The Rosary,specific_weekday,English,"St. Mary’s, Moscow",,,,,
St. Mary,"618 E 1st St, Moscow, Idaho 83843",208-882-4813,Devotions,Tue,7:35 AM,,The Rosary,specific_weekday,English,"St. Mary’s, Moscow",,,,,
St. Mary,"618 E 1st St, Moscow, Idaho 83843",208-882-4813,Devotions,Wed,7:35 AM,,The Rosary,specific_weekday,English,"St. Mary’s, Moscow",,,,,
St. Mary,"618 E 1st St, Moscow, Idaho 83843",208-882-4813,Devotions,Thu,7:35 AM,,The Rosary,specific_weekday,English,"St. Mary’s, Moscow",,,,,
St. Mary,"618 E 1st St, Moscow, Idaho 83843",208-882-4813,Devotions,Fri,7:35 AM,,The Rosary,specific_weekday,English,"St. Mary’s, Moscow",,,,,Summer
St. Mary,"618 E 1st St, Moscow, Idaho 83843",208-882-4813,Devotions,Fri,8:55 AM,,The Rosary,specific_weekday,English,"St. Mary’s, Moscow",,,,,Sept – June
St. Mary,"138 Jackson St, Genesee, Idaho 83832",208-882-4813,Devotions,Sun,9:15 AM,,The Rosary,sunday,English,"St. Mary’s, Genesee",,,,,
St. Mary,"508 Church St, Cottonwood, Idaho 83522",208-962-3214,Devotions,,6:00 PM,,Stations of the Cross,special_event,English,,,2026-02-20,,,Stations of the Cross
St. Mary,"508 Church St, Cottonwood, Idaho 83522",208-962-3214,Devotions,,6:00 PM,,Stations of the Cross,special_event,English,,,2026-02-27,,,Stations of the Cross
St. Mary,"508 Church St, Cottonwood, Idaho 83522",208-962-3214,Devotions,,6:00 PM,,Stations of the Cross,special_event,English,,,2026-03-06,,,Stations of the Cross
St. Mary,"508 Church St, Cottonwood, Idaho 83522",208-962-3214,Devotions,,6:00 PM,,Stations of the Cross,special_event,English,,,2026-03-13,,,Stations of the Cross
St. Mary,"508 Church St, Cottonwood, Idaho 83522",208-962-3214,Devotions,,6:00 PM,,Stations of the Cross,parish_event,English,,,,,,check bulletin
St. Mary,"352 Roosevelt St, American Falls, Idaho 83211",208-226-5217,Other,,12:00 PM,,Ash Wednesday Services,special_event,bilingual,American Falls,,2026-02-18,,,Ash Wednesday Services; Liturgy of the Word
St. Mary,"352 Roosevelt St, American Falls, Idaho 83211",208-226-5217,Other,,6:00 PM,,Ash Wednesday Services,special_event,bilingual,American Falls,,2026-02-18,,,Ash Wednesday Services; Mass
St. Mary,"508 Church St, Cottonwood, Idaho 83522",208-962-3214,Other,,7:00 AM,10:00 AM,KC Breakfast,parish_event,English,,,,,,check bulletin
St. Mary,"304 S Adams Rd, Spokane Valley, Washington 99216-2195",(509) 928-3210,Other,,7:00 AM,,Ash Wednesday,special_event,English,St- Mary Catholic Church,,2026-02-18,,,Ash Wednesday
St. Mary,"304 S Adams Rd, Spokane Valley, Washington 99216-2195",(509) 928-3210,Other,,7:00 PM,,Ash Wednesday,special_event,English,St- Mary Catholic Church,,2026-02-18,,,Ash Wednesday
St. Mary,"304 S Adams Rd, Spokane Valley, Washington 99216-2195",(509) 928-3210,Other,,8:15 AM,,Ash Wednesday,special_event,English,St- Mary Catholic Church,,2026-02-18,,,Ash Wednesday; school
St. Mary,"508 Church St, Cottonwood, Idaho 83522",208-962-3214,Other,,TBD,,Ash Wednesday,special_event,English,,,2026-02-18,,,Ash Wednesday TIME_TBD; check bulletin; check bulletin
St. Mary (Good Shepherd),"99 W Center St, Soda Springs, Idaho 83276",208-547-3200,Mass,Wed,9:00 AM,,Mass,specific_weekday,english,"St. Mary, Soda Springs",,,,,
St. Mary (Good Shepherd),"99 W Center St, Soda Springs, Idaho 83276",208-547-3200,Mass,Thu,6:30 PM,,Mass,specific_weekday,english,"St. Mary, Soda Springs",,,,,
St. Mary (Good Shepherd),"99 W Center St, Soda Springs, Idaho 83276",208-547-3200,Mass,Fri,9:00 AM,,Mass,specific_weekday,english,"St. Mary, Soda Springs",,,,,
St. Mary (Good Shepherd),"99 W Center St, Soda Springs, Idaho 83276",208-547-3200,Mass,Sun,8:30 AM,,Mass,sunday,english,"St. Mary, Soda Springs",,,,,
St. Mary (Good Shepherd),"99 W Center St, Soda Springs, Idaho 83276",208-547-3200,Confession,Sun,TBD,,Confession,other,spanish,,,,,,before most Masses on and Weekdays
St. Mary (Good Shepherd),"99 W Center St, Soda Springs, Idaho 83276",208-547-3200,Devotions,Thu,7:30 PM,,Holy Hour,specific_weekday,English,"St. Mary, Soda Springs",,,,,exposition
St. Mary Station,"725 Spruce St, Potlatch, Idaho 83855",(208) 882-4613,Mass,Thu,6:30 PM,,Mass,specific_weekday,English,St. Mary's Mission in Potlatch,,,,,
St. Mary Station,"725 Spruce St, Potlatch, Idaho 83855",(208) 882-4613,Mass,Sun,8:00 AM,,Mass,sunday,English,St. Mary's Mission in Potlatch,,,,,
St. Mary Station,"725 Spruce St, Potlatch, Idaho 83855",(208) 882-4613,Confession,,TBD,,Reconciliation,other,English,,,,,,by appointment; Potlatch
St. Michael,"W 9284 I St, Worley, Idaho 83876",208-686-1023,Mass,Sun,8:30 AM,,Mass,specific_weekday,English,St. Michael,,,,,note: occurs Jan; March; May; July; Sept; Nov
St. Michael,"301 3rd St, Mullan, Idaho 83846",208-752-3551,Confession,,TBD,,Confessions,daily,English,,,,,,check bulletin; note: available throughout the state of Idaho
St. Michael,"301 3rd St, Mullan, Idaho 83846",208-752-3551,Other,,TBD,,"Mary, Mother of God",special_event,English,,,2026-01-01,,,"Mary, Mother of God; check bulletin"
St. Michael,"301 3rd St, Mullan, Idaho 83846",208-752-3551,Other,,TBD,,Assumption of the Blessed Virgin Mary,special_event,English,,,2026-08-15,,,Assumption of the Blessed Virgin Mary; check bulletin
St. Michael,"301 3rd St, Mullan, Idaho 83846",208-752-3551,Other,,TBD,,All Saints,special_event,English,,,2026-11-01,,,All Saints; check bulletin
St. Michael,"301 3rd St, Mullan, Idaho 83846",208-752-3551,Other,,TBD,,Immaculate Conception,special_event,English,,,2026-12-08,,,Immaculate Conception; check bulletin
St. Michael,"301 3rd St, Mullan, Idaho 83846",208-752-3551,Other,,TBD,,Christmas,special_event,English,,,2026-12-25,,,Christmas; Nativity of the Lord; check bulletin
St. Nicholas,"802 F Street, Rupert, Idaho 83350-1404",(208) 436-3781,Mass,Tue,8:00 AM,,Mass,specific_weekday,English,,,,,,
St. Nicholas,"802 F Street, Rupert, Idaho 83350-1404",(208) 436-3781,Mass,Wed,8:00 AM,,Mass,specific_weekday,English,,,,,,
St. Nicholas,"802 F Street, Rupert, Idaho 83350-1404",(208) 436-3781,Mass,Thu,6:00 PM,,Mass,specific_weekday,English,,,,,,
St. Nicholas,"802 F Street, Rupert, Idaho 83350-1404",(208) 436-3781,Mass,Thu,8:00 AM,,Mass,specific_weekday,English,,,,,,during the summer
St. Nicholas,"802 F Street, Rupert, Idaho 83350-1404",(208) 436-3781,Mass,Thu,8:30 AM,,Mass,specific_weekday,English,,,,,,w/School
St. Nicholas,"802 F Street, Rupert, Idaho 83350-1404",(208) 436-3781,Mass,Fri,8:00 AM,,Mass,specific_weekday,English,,,,,,
St. Nicholas,"802 F Street, Rupert, Idaho 83350-1404",(208) 436-3781,Mass,Sat,5:00 PM,,Mass,saturday,english,,,,,,vigil
St. Nicholas,"802 F Street, Rupert, Idaho 83350-1404",(208) 436-3781,Mass,Sat,7:00 PM,,Mass,saturday,spanish,,,,,,vigil
St. Nicholas,"802 F Street, Rupert, Idaho 83350-1404",(208) 436-3781,Mass,Sun,12:00 PM,,Mass,sunday,spanish,,,,,,
St. Nicholas,"802 F Street, Rupert, Idaho 83350-1404",(208) 436-3781,Mass,Sun,9:00 AM,,Mass,sunday,english,,,,,,
St. Nicholas,"802 F Street, Rupert, Idaho 83350-1404",(208) 436-3781,Mass,,8:00 AM,,Mass,monthly,English,,first_saturday_(recurring),,,,
St. Nicholas,"802 F Street, Rupert, Idaho 83350-1404",(208) 436-3781,Confession,Thu,5:00 PM,,Confession,other,English,,,,,,
St. Nicholas,"802 F Street, Rupert, Idaho 83350-1404",(208) 436-3781,Confession,Sat,3:30 PM,,Confession,saturday,English,,,,,,
St. Nicholas,"802 F Street, Rupert, Idaho 83350-1404",(208) 436-3781,Adoration,Tue,8:30 AM,9:30 AM,Adoration,other,English,,,,,,exposition
St. Nicholas,"802 F Street, Rupert, Idaho 83350-1404",(208) 436-3781,Adoration,Wed,8:30 AM,9:30 AM,Adoration,other,English,,,,,,exposition
St. Nicholas,"802 F Street, Rupert, Idaho 83350-1404",(208) 436-3781,Adoration,Thu,9:30 AM,5:45 PM,Adoration,other,English,,,,,,exposition
St. Nicholas,"802 F Street, Rupert, Idaho 83350-1404",(208) 436-3781,Adoration,Fri,8:30 AM,9:30 AM,Adoration,other,English,,,,,,exposition
St. Paschal,"2521 N Park Rd, Spokane Valley, Washington 99212",(509) 926-5428,Mass,Mon,8:15 AM,,Mass,weekday,english,At SJV,,,,,
St. Paschal,"2521 N Park Rd, Spokane Valley, Washington 99212",(509) 926-5428,Mass,Tue,8:15 AM,,Mass,weekday,english,At SJV,,,,,
St. Paschal,"2521 N Park Rd, Spokane Valley, Washington 99212",(509) 926-5428,Mass,Wed,8:15 AM,,Mass,weekday,english,At SJV,,,,,
St. Paschal,"2521 N Park Rd, Spokane Valley, Washington 99212",(509) 926-5428,Mass,Thu,8:15 AM,,Mass,weekday,english,At SJV,,,,,
St. Paschal,"2521 N Park Rd, Spokane Valley, Washington 99212",(509) 926-5428,Mass,Fri,8:15 AM,,Mass,weekday,english,At SJV,,,,,
St. Paschal,"2521 N Park Rd, Spokane Valley, Washington 99212",(509) 926-5428,Mass,Sun,8:00 AM,,Mass,sunday,english,at SP,,,,,
St. Paschal,"2521 N Park Rd, Spokane Valley, Washington 99212",(509) 926-5428,Mass,,8:00 AM,,Mass - SP,special_event,English,at SP,,2026-01-18,,,Mass - SP
St. Paschal,"2521 N Park Rd, Spokane Valley, Washington 99212",(509) 926-5428,Confession,Tue,5:00 PM,6:00 PM,Confession,specific_weekday,English,St. Paschal,,,,,
St. Paschal,"2521 N Park Rd, Spokane Valley, Washington 99212",(509) 926-5428,Adoration,Tue,5:00 PM,6:00 PM,Eucharistic Adoration,specific_weekday,English,St. Paschal,,,,,adoration
St. Patrick,"1018 S Main St, Colfax, Washington 99111",(509) 397-3921,Mass,Mon,8:00 AM,,Mass,weekday,English,,,,,,
St. Patrick,"1018 S Main St, Colfax, Washington 99111",(509) 397-3921,Mass,Tue,8:00 AM,,Mass,weekday,English,,,,,,
St. Patrick,"38 S 3rd W, Rexburg, Idaho 83440",208-624-7459,Mass,Wed,5:00 PM,,Mass,specific_weekday,English,GS,,,,,
St. Patrick,"1018 S Main St, Colfax, Washington 99111",(509) 397-3921,Mass,Wed,8:00 AM,,Mass,weekday,English,,,,,,
St. Patrick,"1018 S Main St, Colfax, Washington 99111",(509) 397-3921,Mass,Thu,8:00 AM,,Mass,weekday,English,,,,,,
St. Patrick,"38 S 3rd W, Rexburg, Idaho 83440",208-624-7459,Mass,Fri,6:00 PM,,Mass,specific_weekday,English,St.P,,,,,
St. Patrick,"1018 S Main St, Colfax, Washington 99111",(509) 397-3921,Mass,Fri,8:00 AM,,Mass,weekday,English,,,,,,
St. Patrick,"1018 S Main St, Colfax, Washington 99111",(509) 397-3921,Mass,Sat,5:00 PM,,Mass,saturday,English,,,,,,
St. Patrick,"5025 N Nelson St, Spokane, Washington 99217",(509) 466-7738,Mass,Sat,8:00 AM,,Daily Mass,specific_weekday,English,St. Patrick,,,,,
St. Patrick,"1018 S Main St, Colfax, Washington 99111",(509) 397-3921,Mass,Sun,10:00 AM,,Mass,sunday,English,"Our Lady of Perpetual Help, St. John, WA 99171",,,,,
St. Patrick,"38 S 3rd W, Rexburg, Idaho 83440",208-624-7459,Mass,Sun,2:00 PM,,Mass,sunday,bilingual,St.P,,,,,
St. Patrick,"1018 S Main St, Colfax, Washington 99111",(509) 397-3921,Mass,Sun,8:00 AM,,Mass,sunday,English,,,,,,
St. Patrick,"5025 N Nelson St, Spokane, Washington 99217",(509) 466-7738,Mass,Sun,9:00 AM,,Holy Mass,sunday,English,St. Patrick,,,,,
St. Patrick,"1018 S Main St, Colfax, Washington 99111",(509) 397-3921,Confession,Thu,5:00 PM,6:00 PM,Confessions,specific_weekday,English,,,,,,
St. Patrick,"1018 S Main St, Colfax, Washington 99111",(509) 397-3921,Confession,Thu,8:30 AM,,Confessions,specific_weekday,English,,,,,,
St. Patrick,"1018 S Main St, Colfax, Washington 99111",(509) 397-3921,Confession,Sat,4:30 PM,4:50 PM,Confessions,saturday,English,,,,,,
St. Patrick,"5025 N Nelson St, Spokane, Washington 99217",(509) 466-7738,Confession,Sat,8:00 AM,,Confessions,specific_weekday,English,St. Patrick,,,,,
St. Patrick,"1018 S Main St, Colfax, Washington 99111",(509) 397-3921,Confession,,TBD,,Confessions,other,English,,,,,,Followed by Mass and anytime by Appointment; at Our Lady of Perpetual Help; St. John; WA 99171
St. Patrick,"1018 S Main St, Colfax, Washington 99111",(509) 397-3921,Confession,,TBD,,Confessions,other,English,,,,,,anytime by appointment
St. Patrick,"1018 S Main St, Colfax, Washington 99111",(509) 397-3921,Adoration,Thu,8:30 AM,6:00 PM,Eucharistic Adoration,specific_weekday,English,,,,,,
St. Patrick,"1018 S Main St, Colfax, Washington 99111",(509) 397-3921,Community,,7:30 PM,,Knights of Columbus Meeting,parish_event,English,,,2026-01-08,,,
St. Paul,"510 W Roosevelt, Nampa, Idaho 83651",208-466-7031,Mass,Mon,8:00 AM,,Mass,weekday,English,New Church,,,,,
St. Paul,"510 W Roosevelt Ave, Nampa, Idaho 83686",,Mass,Mon,8:00 AM,,Mass,weekday,english,New Church,,,,,
St. Paul,"510 W Roosevelt, Nampa, Idaho 83651",208-466-7031,Mass,Tue,8:00 AM,,Mass,weekday,English,New Church,,,,,
St. Paul,"510 W Roosevelt Ave, Nampa, Idaho 83686",,Mass,Tue,8:00 AM,,Mass,weekday,english,New Church,,,,,
St. Paul,"510 W Roosevelt, Nampa, Idaho 83651",208-466-7031,Mass,Tue,8:15 AM,,Mass,specific_weekday,English,Old Church,,,,,
St. Paul,"510 W Roosevelt Ave, Nampa, Idaho 83686",,Mass,Tue,8:15 AM,,Mass,specific_weekday,english,Old Church,,,,,
St. Paul,"510 W Roosevelt, Nampa, Idaho 83651",208-466-7031,Mass,Wed,7:00 PM,,Mass,specific_weekday,spanish,New Church,,,,,
St. Paul,"510 W Roosevelt Ave, Nampa, Idaho 83686",,Mass,Wed,7:00 PM,,Mass,specific_weekday,spanish,New Church,,,,,
St. Paul,"510 W Roosevelt, Nampa, Idaho 83651",208-466-7031,Mass,Wed,8:00 AM,,Mass,weekday,English,New Church,,,,,
St. Paul,"510 W Roosevelt Ave, Nampa, Idaho 83686",,Mass,Wed,8:00 AM,,Mass,weekday,english,New Church,,,,,
St. Paul,"510 W Roosevelt, Nampa, Idaho 83651",208-466-7031,Mass,Wed,8:15 AM,,Mass,specific_weekday,English,Old Church,,,,,
St. Paul,"510 W Roosevelt Ave, Nampa, Idaho 83686",,Mass,Wed,8:15 AM,,Mass,specific_weekday,english,Old Church,,,,,
St. Paul,"510 W Roosevelt, Nampa, Idaho 83651",208-466-7031,Mass,Thu,8:00 AM,,Mass,weekday,English,New Church,,,,,
St. Paul,"510 W Roosevelt Ave, Nampa, Idaho 83686",,Mass,Thu,8:00 AM,,Mass,weekday,english,New Church,,,,,
St. Paul,"510 W Roosevelt, Nampa, Idaho 83651",208-466-7031,Mass,Thu,8:15 AM,,Mass,specific_weekday,English,Old Church,,,,,
St. Paul,"510 W Roosevelt Ave, Nampa, Idaho 83686",,Mass,Thu,8:15 AM,,Mass,specific_weekday,english,Old Church,,,,,
St. Paul,"510 W Roosevelt, Nampa, Idaho 83651",208-466-7031,Mass,Fri,8:00 AM,,Mass,weekday,English,New Church,,,,,
St. Paul,"510 W Roosevelt Ave, Nampa, Idaho 83686",,Mass,Fri,8:00 AM,,Mass,weekday,english,New Church,,,,,
St. Paul,"233 W Samaria Ln, Malad City, Idaho 83276",(208) 547-3200,Mass,Sat,3:00 PM,,Mass,saturday,english,"St. Paul, Malad",,,,,
St. Paul,"510 W Roosevelt, Nampa, Idaho 83651",208-466-7031,Mass,Sat,5:00 PM,,Mass,saturday,english,,,,,,
St. Paul,"510 W Roosevelt Ave, Nampa, Idaho 83686",,Mass,Sat,5:00 PM,,Mass,saturday,english,,,,,,
St. Paul,"510 W Roosevelt, Nampa, Idaho 83651",208-466-7031,Mass,Sat,7:00 PM,,Mass,saturday,spanish,,,,,,
St. Paul,"510 W Roosevelt Ave, Nampa, Idaho 83686",,Mass,Sat,7:00 PM,,Mass,saturday,spanish,,,,,,
St. Paul,"510 W Roosevelt, Nampa, Idaho 83651",208-466-7031,Mass,Sun,10:00 AM,,Mass,sunday,english,,,,,,
St. Paul,"510 W Roosevelt Ave, Nampa, Idaho 83686",,Mass,Sun,10:00 AM,,Mass,sunday,english,,,,,,
St. Paul,"510 W Roosevelt, Nampa, Idaho 83651",208-466-7031,Mass,Sun,12:30 PM,,Mass,sunday,spanish,,,,,,
St. Paul,"510 W Roosevelt Ave, Nampa, Idaho 83686",,Mass,Sun,12:30 PM,,Mass,sunday,spanish,,,,,,
St. Paul,"510 W Roosevelt, Nampa, Idaho 83651",208-466-7031,Mass,Sun,6:00 PM,,Mass,sunday,spanish,,,,,,
St. Paul,"510 W Roosevelt Ave, Nampa, Idaho 83686",,Mass,Sun,6:00 PM,,Mass,sunday,spanish,,,,,,
St. Paul,"510 W Roosevelt, Nampa, Idaho 83651",208-466-7031,Mass,Sun,8:00 AM,,Mass,sunday,english,,,,,,
St. Paul,"510 W Roosevelt Ave, Nampa, Idaho 83686",,Mass,Sun,8:00 AM,,Mass,sunday,english,,,,,,
St. Paul,"233 W Samaria Ln, Malad City, Idaho 83276",(208) 547-3200,Mass,,4:00 PM,,Ash Wednesday Mass,special_event,english,"St. Paul, Malad City",,2026-02-18,,,Ash Wednesday Mass
St. Paul,"510 W Roosevelt, Nampa, Idaho 83651",208-466-7031,Confession,Tue,12:00 PM,1:00 PM,Confession,specific_weekday,English,,,,,,
St. Paul,"510 W Roosevelt Ave, Nampa, Idaho 83686",,Confession,Tue,12:00 PM,1:00 PM,Confession,specific_weekday,english,,,,,,
St. Paul,"510 W Roosevelt, Nampa, Idaho 83651",208-466-7031,Confession,Wed,5:30 PM,6:30 PM,Confession,specific_weekday,English,,,,,,
St. Paul,"510 W Roosevelt Ave, Nampa, Idaho 83686",,Confession,Wed,5:30 PM,6:30 PM,Confession,specific_weekday,english,,,,,,
St. Paul,"510 W Roosevelt, Nampa, Idaho 83651",208-466-7031,Confession,Thu,12:00 PM,1:00 PM,Confession,specific_weekday,English,,,,,,
St. Paul,"510 W Roosevelt Ave, Nampa, Idaho 83686",,Confession,Thu,12:00 PM,1:00 PM,Confession,specific_weekday,english,,,,,,
St. Paul,"510 W Roosevelt, Nampa, Idaho 83651",208-466-7031,Confession,Sat,3:00 PM,4:30 PM,Confession,saturday,English,,,,,,
St. Paul,"510 W Roosevelt Ave, Nampa, Idaho 83686",,Confession,Sat,3:00 PM,4:30 PM,Confession,saturday,english,,,,,,
St. Paul,"233 W Samaria Ln, Malad City, Idaho 83276",(208) 547-3200,Confession,Sun,TBD,,Confessions,sunday,English,,,,,,before most Masses; note: ask priest at any time
St. Paul,"510 W Roosevelt, Nampa, Idaho 83651",208-466-7031,Other,,TBD,,Ash Wednesday,special_event,English,,,2026-02-18,,,Ash Wednesday; check bulletin; note: Lent begins
St. Paul Student Center,"1910 W University Dr, Boise, Idaho 83725",(208) 343-2128,Mass,Mon,5:15 PM,,Mass,specific_weekday,English,,,,,,
St. Paul Student Center,"1910 W University Dr, Boise, Idaho 83725",(208) 343-2128,Mass,Tue,5:15 PM,,Mass,specific_weekday,English,,,,,,
St. Paul Student Center,"1910 W University Dr, Boise, Idaho 83725",(208) 343-2128,Mass,Wed,8:15 PM,,Mass,specific_weekday,English,,,,,,note: candlelit mass
St. Paul Student Center,"1910 W University Dr, Boise, Idaho 83725",(208) 343-2128,Mass,Thu,5:15 PM,,Mass,specific_weekday,English,,,,,,
St. Paul Student Center,"1910 W University Dr, Boise, Idaho 83725",(208) 343-2128,Mass,Fri,12:15 PM,,Mass,specific_weekday,English,,,,,,
St. Paul Student Center,"1910 W University Dr, Boise, Idaho 83725",(208) 343-2128,Mass,Sun,11:00 AM,,Mass,sunday,English,,,,,,livestream
St. Paul Student Center,"1910 W University Dr, Boise, Idaho 83725",(208) 343-2128,Mass,Sun,8:30 AM,,Mass,sunday,English,,,,,,livestream
St. Paul Student Center,"1910 W University Dr, Boise, Idaho 83725",(208) 343-2128,Mass,,12:15 PM,,Mass,monthly,English,,first_friday_(recurring),,,,
St. Paul Student Center,"1910 W University Dr, Boise, Idaho 83725",(208) 343-2128,Confession,Tue,4:00 PM,5:15 PM,Adoration & Confession,specific_weekday,English,,,,,,exposition
St. Paul Student Center,"1910 W University Dr, Boise, Idaho 83725",(208) 343-2128,Confession,Wed,7:00 PM,8:15 PM,Adoration & Confession,specific_weekday,English,,,,,,exposition
St. Paul Student Center,"1910 W University Dr, Boise, Idaho 83725",(208) 343-2128,Confession,Thu,4:00 PM,5:15 PM,Adoration & Confession,specific_weekday,English,,,,,,exposition
St. Paul Student Center,"1910 W University Dr, Boise, Idaho 83725",(208) 343-2128,Confession,Fri,11:00 AM,12:15 PM,Adoration & Confession,specific_weekday,English,,,,,,exposition
St. Paul Student Center,"1910 W University Dr, Boise, Idaho 83725",(208) 343-2128,Adoration,Mon,4:00 PM,5:15 PM,Adoration,specific_weekday,English,,,,,,exposition
St. Paul Student Center,"1910 W University Dr, Boise, Idaho 83725",(208) 343-2128,Adoration,Sun,TBD,,Adoration,sunday,English,,,,,,check bulletin; livestream
St. Peter,"3520 E 18th Ave, Spokane, Washington 99223",(509) 534-2227,Mass,Mon,7:15 AM,,Holy Mass,weekday,english,,,,,,
St. Peter,"3520 E 18th Ave, Spokane, Washington 99223",(509) 534-2227,Mass,Tue,7:15 AM,,Holy Mass,weekday,english,,,,,,
St. Peter,"3520 E 18th Ave, Spokane, Washington 99223",(509) 534-2227,Mass,Wed,7:15 AM,,Holy Mass,weekday,english,,,,,,
St. Peter,"3520 E 18th Ave, Spokane, Washington 99223",(509) 534-2227,Mass,Wed,9:00 AM,,Holy Mass,specific_weekday,English,,,,,,School Year Only
St. Peter,"3520 E 18th Ave, Spokane, Washington 99223",(509) 534-2227,Mass,Thu,7:15 AM,,Holy Mass,weekday,english,,,,,,
St. Peter,"3520 E 18th Ave, Spokane, Washington 99223",(509) 534-2227,Mass,Fri,7:15 AM,,Holy Mass,weekday,english,,,,,,
St. Peter,"3520 E 18th Ave, Spokane, Washington 99223",(509) 534-2227,Mass,Sat,4:30 PM,,Holy Mass,saturday,english,,,,,,vigil
St. Peter,"3520 E 18th Ave, Spokane, Washington 99223",(509) 534-2227,Mass,Sun,10:30 AM,,Holy Mass,sunday,english,,,,,,
St. Peter,"302 E Oneida, Preston, Idaho 83263",(208) 547-3200,Mass,Sun,2:00 PM,,Mass,sunday,spanish,"St. Peter, Preston",,,,,
St. Peter,"3520 E 18th Ave, Spokane, Washington 99223",(509) 534-2227,Mass,Sun,8:00 AM,,Holy Mass,sunday,english,,,,,,
St. Peter,"3520 E 18th Ave, Spokane, Washington 99223",(509) 534-2227,Mass,,10:00 AM,11:00 AM,Mass at Rockwood Manor,special_event,English,,,2026-01-17,,,Mass at Rockwood Manor
St. Peter,"3520 E 18th Ave, Spokane, Washington 99223",(509) 534-2227,Mass,,7:15 AM,7:45 AM,Daily Mass,special_event,English,,,2026-01-16,,,Daily Mass
St. Peter,"302 E Oneida, Preston, Idaho 83263",(208) 547-3200,Confession,Fri,4:00 PM,7:00 PM,Confession,other,English,"St. Peter, Preston",,,,,
St. Peter,"3520 E 18th Ave, Spokane, Washington 99223",(509) 534-2227,Confession,Sat,3:00 PM,4:00 PM,Confession,saturday,English,,,,,,
St. Peter,"302 E Oneida, Preston, Idaho 83263",(208) 547-3200,Confession,Sun,TBD,,Confession,other,English,,,,,,before most Masses on and Weekdays
St. Peter,"3520 E 18th Ave, Spokane, Washington 99223",(509) 534-2227,Confession,,6:00 PM,7:00 PM,Confession,special_event,English,,,2026-01-16,,,Confession
St. Peter,"3520 E 18th Ave, Spokane, Washington 99223",(509) 534-2227,Confession,,6:00 PM,7:00 PM,Confession,parish_event,English,,,,,,
St. Peter,"3520 E 18th Ave, Spokane, Washington 99223",(509) 534-2227,Adoration,Tue,8:00 AM,6:00 PM,Adoration,specific_weekday,English,,,,,,Divine Mercy at 15:00 and Benediction w/the Rosary at 17:30; exposition; benediction; rosary
St. Peter,"3520 E 18th Ave, Spokane, Washington 99223",(509) 534-2227,Adoration,Fri,6:00 PM,7:00 PM,Adoration,specific_weekday,English,,,,,,Fridays outside of Lent; exposition
St. Peter,"3520 E 18th Ave, Spokane, Washington 99223",(509) 534-2227,Adoration,,6:00 PM,7:00 PM,Eucharistic Adoration ~ Holy Hour,special_event,English,,,2026-01-16,,,Eucharistic Adoration ~ Holy Hour; exposition
St. Peter,"3520 E 18th Ave, Spokane, Washington 99223",(509) 534-2227,Devotions,Fri,6:45 AM,7:00 AM,Rosary,specific_weekday,English,,,,,,rosary
St. Peter,"3520 E 18th Ave, Spokane, Washington 99223",(509) 534-2227,Devotions,,6:45 AM,7:00 AM,Rosary,special_event,English,,,2026-01-16,,,Rosary
St. Peter,"215 W B St, Shoshone, Idaho 83352",208-934-5634,Other,,TBD,,IMMACULATE CONCEPTION,special_event,English,"IMMACULATE CONCEPTION, Buhl",,2025-12-08,,,IMMACULATE CONCEPTION
St. Pius X,"625 E Haycraft Ave, Coeur d'Alene, Idaho 83815",208-765-5108,Mass,Mon,8:30 AM,,Mass,weekday,english,,,,,,
St. Pius X,"625 E Haycraft Ave, Coeur d'Alene, Idaho 83815",208-765-5108,Mass,Tue,8:30 AM,,Mass,weekday,english,,,,,,
St. Pius X,"625 E Haycraft Ave, Coeur d'Alene, Idaho 83815",208-765-5108,Mass,Wed,8:30 AM,,Mass,specific_weekday,english,,,,,,
St. Pius X,"625 E Haycraft Ave, Coeur d'Alene, Idaho 83815",208-765-5108,Mass,Wed,8:30 AM,,Mass,weekday,english,,,,,,
St. Pius X,"625 E Haycraft Ave, Coeur d'Alene, Idaho 83815",208-765-5108,Mass,Thu,8:30 AM,,Mass,weekday,english,,,,,,
St. Pius X,"625 E Haycraft Ave, Coeur d'Alene, Idaho 83815",208-765-5108,Mass,Fri,8:30 AM,,Mass,weekday,english,,,,,,
St. Pius X,"625 E Haycraft Ave, Coeur d'Alene, Idaho 83815",208-765-5108,Mass,Sat,5:00 PM,,Mass,saturday,english,,,,,,vigil
St. Pius X,"625 E Haycraft Ave, Coeur d'Alene, Idaho 83815",208-765-5108,Mass,Sun,10:00 AM,,Mass,sunday,english,,,,,,
St. Pius X,"625 E Haycraft Ave, Coeur d'Alene, Idaho 83815",208-765-5108,Mass,Sun,6:00 PM,,Mass,sunday,english,,,,,,
St. Pius X,"625 E Haycraft Ave, Coeur d'Alene, Idaho 83815",208-765-5108,Mass,Sun,8:00 AM,,Mass,sunday,english,,,,,,
St. Pius X,"625 E Haycraft Ave, Coeur d'Alene, Idaho 83815",208-765-5108,Confession,Sat,3:30 PM,4:30 PM,Confession,specific_weekday,English,,,,,,Confessions also available by appointment.
St. Pius X,"625 E Haycraft Ave, Coeur d'Alene, Idaho 83815",208-765-5108,Adoration,Thu,9:00 AM,12:30 PM,Eucharistic Adoration,specific_weekday,English,,,,,,
St. Pius X,"625 E Haycraft Ave, Coeur d'Alene, Idaho 83815",208-765-5108,Sacraments,Fri,12:00 PM,,Communion Service,specific_weekday,english,,,,,,
St. Rita,"27 Kellogg Ave, Kellogg, Idaho 83837",208-784-7361,Other,,TBD,,Immaculate Conception,special_event,English,"Immaculate Conception, Buhl",,2025-12-08,,,Immaculate Conception; check bulletin
St. Stanislaus,"8026 W 2nd St, Rathdrum, Idaho 83858-7801",(208) 773-4715,Mass,Wed,8:00 AM,,Mass,specific_weekday,english,St. Stanislaus,,,,,Rathdrum
St. Stanislaus,"8026 W 2nd St, Rathdrum, Idaho 83858-7801",(208) 773-4715,Mass,Fri,8:00 AM,,Mass,specific_weekday,english,St. Stanislaus,,,,,Rathdrum
St. Stanislaus,"8026 W 2nd St, Rathdrum, Idaho 83858-7801",(208) 773-4715,Mass,Sat,6:00 PM,,Mass,saturday,english,St. Stanislaus,,,,,Rathdrum; vigil
St. Stanislaus,"8026 W 2nd St, Rathdrum, Idaho 83858-7801",(208) 773-4715,Mass,Sun,9:00 AM,,Mass,sunday,english,St. Stanislaus,,,,,Rathdrum
St. Stanislaus,"8026 W 2nd St, Rathdrum, Idaho 83858-7801",(208) 773-4715,Mass,,8:00 AM,,Healing Mass,monthly,english,St. Stanislaus,first_friday_(recurring),,,,Rathdrum
St. Stanislaus,"8026 W 2nd St, Rathdrum, Idaho 83858-7801",(208) 773-4715,Confession,Sat,5:00 PM,5:45 PM,Confession,saturday,English,St. Stanislaus,,,,,Rathdrum
St. Stanislaus,"8026 W 2nd St, Rathdrum, Idaho 83858-7801",(208) 773-4715,Confession,Sun,8:00 AM,8:45 AM,Confession,specific_weekday,English,St. Stanislaus,,,,,Rathdrum
St. Stanislaus,"8026 W 2nd St, Rathdrum, Idaho 83858-7801",(208) 773-4715,Adoration,,7:00 PM,8:00 PM,Adoration,monthly,English,St. Stanislaus,first_friday_(recurring),,,,Rathdrum
St. Theresa,"237 C Street, Orofino, Idaho 83544",208-476-5121,Mass,Sun,10:30 AM,,Mass,sunday,English,,,,,,
St. Theresa,"237 C Street, Orofino, Idaho 83544",208-476-5121,Mass,,TBD,,Mass,special_event,English,,,2026-02-21,,,Mass TIME_TBD
St. Therese Little Flower,"1601 Oakley Ave, Burley, Idaho 83318",208-678-5453,Mass,Tue,9:00 AM,,Mass,specific_weekday,english,St. Thérèse the Little Flower,,,,,
St. Therese Little Flower,"1601 Oakley Ave, Burley, Idaho 83318",208-678-5453,Mass,Thu,6:00 PM,,Mass,specific_weekday,spanish,St. Thérèse the Little Flower,,,,,
St. Therese Little Flower,"1601 Oakley Ave, Burley, Idaho 83318",208-678-5453,Mass,Fri,9:00 AM,,Mass,specific_weekday,english,St. Thérèse the Little Flower,,,,,
St. Therese Little Flower,"1601 Oakley Ave, Burley, Idaho 83318",208-678-5453,Mass,Sat,5:00 PM,,Mass,saturday,english,St. Thérèse the Little Flower,,,,,
St. Therese Little Flower,"1601 Oakley Ave, Burley, Idaho 83318",208-678-5453,Mass,Sat,7:30 PM,,Mass,saturday,spanish,St. Thérèse the Little Flower,,,,,vigil
St. Therese Little Flower,"1601 Oakley Ave, Burley, Idaho 83318",208-678-5453,Mass,Sun,11:30 AM,,Mass,sunday,spanish,St. Thérèse the Little Flower,,,,,
St. Therese Little Flower,"1601 Oakley Ave, Burley, Idaho 83318",208-678-5453,Mass,Sun,1:30 PM,,Mass,sunday,spanish,St. Thérèse the Little Flower,,,,,
St. Therese Little Flower,"1601 Oakley Ave, Burley, Idaho 83318",208-678-5453,Mass,Sun,9:00 AM,,Mass,sunday,english,St. Thérèse the Little Flower,,,,,
St. Therese Little Flower,"1601 Oakley Ave, Burley, Idaho 83318",208-678-5453,Mass,,8:00 AM,,Mass,monthly,english,St. Thérèse the Little Flower,first_saturday_(recurring),,,,
St. Therese Little Flower,"1601 Oakley Ave, Burley, Idaho 83318",208-678-5453,Devotions,,3:00 PM,,Daily Live Rosary,special_event,English,St. Thérèse the Little Flower,,2026-02-21,,,Daily Live Rosary
St. Therese Little Flower,"1601 Oakley Ave, Burley, Idaho 83318",208-678-5453,Devotions,,3:00 PM,,Daily Live Rosary,special_event,English,St. Thérèse the Little Flower,,2026-02-28,,,Daily Live Rosary
St. Therese Little Flower,"1601 Oakley Ave, Burley, Idaho 83318",208-678-5453,Devotions,,3:00 PM,,Daily Live Rosary,special_event,English,St. Thérèse the Little Flower,,2026-03-07,,,Daily Live Rosary
St. Therese Little Flower,"1601 Oakley Ave, Burley, Idaho 83318",208-678-5453,Devotions,,3:00 PM,,Daily Live Rosary,special_event,English,St. Thérèse the Little Flower,,2026-03-14,,,Daily Live Rosary
St. Thomas Aquinas,"725 S 250 E, Hyde Park, Utah 84318",(435) 752-1478,Mass,Mon,9:00 AM,,Mass,specific_weekday,english,St. Thomas Aquinas,,,,,
St. Thomas Aquinas,"725 S 250 E, Hyde Park, Utah 84318",(435) 752-1478,Mass,Tue,12:00 PM,,Mass,specific_weekday,english,St. Thomas Aquinas,,,,,
St. Thomas Aquinas,"725 S 250 E, Hyde Park, Utah 84318",(435) 752-1478,Mass,Wed,7:00 PM,,Mass,specific_weekday,spanish,St. Thomas Aquinas,,,,,
St. Thomas Aquinas,"725 S 250 E, Hyde Park, Utah 84318",(435) 752-1478,Mass,Thu,12:00 PM,,Mass,specific_weekday,english,St. Thomas Aquinas,,,,,
St. Thomas Aquinas,"725 S 250 E, Hyde Park, Utah 84318",(435) 752-1478,Mass,Fri,12:00 PM,,Mass,specific_weekday,english,St. Thomas Aquinas,,,,,
St. Thomas Aquinas,"725 S 250 E, Hyde Park, Utah 84318",(435) 752-1478,Mass,Sat,5:00 PM,,Mass,saturday,english,St. Thomas Aquinas,,,,,
St. Thomas Aquinas,"725 S 250 E, Hyde Park, Utah 84318",(435) 752-1478,Mass,Sat,7:00 PM,,Mass,saturday,spanish,St. Thomas Aquinas,,,,,
St. Thomas Aquinas,"725 S 250 E, Hyde Park, Utah 84318",(435) 752-1478,Mass,Sun,10:00 AM,,Mass,sunday,english,St. Thomas Aquinas,,,,,
St. Thomas Aquinas,"725 S 250 E, Hyde Park, Utah 84318",(435) 752-1478,Mass,Sun,1:00 PM,,Mass,sunday,spanish,St. Thomas Aquinas,,,,,
St. Thomas Aquinas,"725 S 250 E, Hyde Park, Utah 84318",(435) 752-1478,Mass,,10:00 AM,,Palm Sunday Mass,special_event,english,St. Thomas Aquinas,,2026-03-29,,,Palm Sunday Mass
St. Thomas Aquinas,"725 S 250 E, Hyde Park, Utah 84318",(435) 752-1478,Mass,,10:00 AM,,Easter Sunday Mass,special_event,english,St. Thomas Aquinas,,2026-04-05,,,Easter Sunday Mass
St. Thomas Aquinas,"725 S 250 E, Hyde Park, Utah 84318",(435) 752-1478,Mass,,12:00 PM,,Ash Wednesday Mass,special_event,bilingual,St. Thomas Aquinas,,2026-02-18,,,Ash Wednesday Mass
St. Thomas Aquinas,"725 S 250 E, Hyde Park, Utah 84318",(435) 752-1478,Mass,,1:00 PM,,Palm Sunday Mass,special_event,spanish,St. Thomas Aquinas,,2026-03-29,,,Palm Sunday Mass
St. Thomas Aquinas,"725 S 250 E, Hyde Park, Utah 84318",(435) 752-1478,Mass,,1:00 PM,,Easter Sunday Mass,special_event,spanish,St. Thomas Aquinas,,2026-04-05,,,Easter Sunday Mass
St. Thomas Aquinas,"725 S 250 E, Hyde Park, Utah 84318",(435) 752-1478,Mass,,5:00 PM,,Ash Wednesday Mass,special_event,english,St. Thomas Aquinas,,2026-02-18,,,Ash Wednesday Mass
St. Thomas Aquinas,"725 S 250 E, Hyde Park, Utah 84318",(435) 752-1478,Mass,,5:00 PM,,Palm Sunday Vigil Mass,special_event,english,St. Thomas Aquinas,,2026-03-28,,,Palm Sunday Vigil Mass
St. Thomas Aquinas,"725 S 250 E, Hyde Park, Utah 84318",(435) 752-1478,Mass,,7:00 AM,,Ash Wednesday Mass,special_event,english,St. Thomas Aquinas,,2026-02-18,,,Ash Wednesday Mass
St. Thomas Aquinas,"725 S 250 E, Hyde Park, Utah 84318",(435) 752-1478,Mass,,7:00 PM,,Ash Wednesday Mass,special_event,spanish,St. Thomas Aquinas,,2026-02-18,,,Ash Wednesday Mass
St. Thomas Aquinas,"725 S 250 E, Hyde Park, Utah 84318",(435) 752-1478,Mass,,7:00 PM,,Palm Sunday Vigil Mass,special_event,spanish,St. Thomas Aquinas,,2026-03-28,,,Palm Sunday Vigil Mass
St. Thomas Aquinas,"725 S 250 E, Hyde Park, Utah 84318",(435) 752-1478,Mass,,7:00 PM,,Holy Thursday Mass of the Lord's Supper,special_event,bilingual,St. Thomas Aquinas,,2026-04-02,,,Holy Thursday Mass of the Lord's Supper
St. Thomas Aquinas,"725 S 250 E, Hyde Park, Utah 84318",(435) 752-1478,Mass,,8:30 PM,,Easter Vigil Mass,special_event,bilingual,St. Thomas Aquinas,,2026-04-04,,,Easter Vigil Mass
St. Thomas Aquinas,"725 S 250 E, Hyde Park, Utah 84318",(435) 752-1478,Confession,Sat,6:00 PM,6:45 PM,Confession,saturday,English,St. Thomas Aquinas,,,,,
St. Thomas Aquinas,"725 S 250 E, Hyde Park, Utah 84318",(435) 752-1478,Confession,,6:00 PM,7:00 PM,Reconciliation,parish_event,English,St. Thomas Aquinas,,2026-02-19,,,
St. Thomas Aquinas,"725 S 250 E, Hyde Park, Utah 84318",(435) 752-1478,Confession,,6:00 PM,7:00 PM,Reconciliation,parish_event,English,St. Thomas Aquinas,,2026-02-20,,,
St. Thomas Aquinas,"725 S 250 E, Hyde Park, Utah 84318",(435) 752-1478,Confession,,6:00 PM,7:00 PM,Reconciliation,parish_event,English,St. Thomas Aquinas,,2026-03-19,,,
St. Thomas Aquinas,"725 S 250 E, Hyde Park, Utah 84318",(435) 752-1478,Confession,,6:00 PM,7:00 PM,Reconciliation,parish_event,English,St. Thomas Aquinas,,2026-03-20,,,
St. Thomas Aquinas,"725 S 250 E, Hyde Park, Utah 84318",(435) 752-1478,Confession,,6:00 PM,8:00 PM,Reconciliation,parish_event,English,St. Thomas Aquinas,,2026-03-27,,,
St. Thomas Aquinas,"725 S 250 E, Hyde Park, Utah 84318",(435) 752-1478,Adoration,Thu,5:30 PM,6:30 PM,Adoration,specific_weekday,English,St. Thomas Aquinas,,,,,
St. Thomas Aquinas,"725 S 250 E, Hyde Park, Utah 84318",(435) 752-1478,Adoration,,7:00 PM,8:00 PM,Adoration,monthly,English,St. Thomas Aquinas,first_friday_(recurring),,,,exposition
St. Thomas Aquinas,"725 S 250 E, Hyde Park, Utah 84318",(435) 752-1478,Other,,7:00 PM,,Good Friday Celebration of the Lord's Passion,special_event,bilingual,St. Thomas Aquinas,,2026-04-03,,,Good Friday Celebration of the Lord's Passion
St. Thomas Aquinas,"725 S 250 E, Hyde Park, Utah 84318",(435) 752-1478,Other,,7:00 PM,,The Search Discussion Group,parish_event,English,,,,,,starting March 2
St. Thomas More,"505 W St Thomas More Way, Spokane, Washington 99208",(509) 466-3811,Mass,Mon,7:30 AM,,Mass,specific_weekday,english,,,,,,
St. Thomas More,"505 W St Thomas More Way, Spokane, Washington 99208",(509) 466-3811,Mass,Tue,7:30 AM,,Mass,specific_weekday,english,,,,,,
St. Thomas More,"505 W St Thomas More Way, Spokane, Washington 99208",(509) 466-3811,Mass,Wed,7:30 AM,,Mass,specific_weekday,english,,,,,,
St. Thomas More,"505 W St Thomas More Way, Spokane, Washington 99208",(509) 466-3811,Mass,Thu,7:30 AM,,Mass,specific_weekday,english,,,,,,
St. Thomas More,"505 W St Thomas More Way, Spokane, Washington 99208",(509) 466-3811,Mass,Fri,7:30 AM,,Mass,specific_weekday,english,,,,,,
St. Thomas More,"505 W St Thomas More Way, Spokane, Washington 99208",(509) 466-3811,Mass,Sat,4:30 PM,,Mass,saturday,english,,,,,,vigil
St. Thomas More,"505 W St Thomas More Way, Spokane, Washington 99208",(509) 466-3811,Mass,Sat,7:30 AM,,Mass,saturday,english,,,,,,
St. Thomas More,"505 W St Thomas More Way, Spokane, Washington 99208",(509) 466-3811,Mass,Sun,11:00 AM,,Mass,sunday,english,,,,,,
St. Thomas More,"505 W St Thomas More Way, Spokane, Washington 99208",(509) 466-3811,Mass,Sun,7:30 AM,,Mass,sunday,english,,,,,,
St. Thomas More,"505 W St Thomas More Way, Spokane, Washington 99208",(509) 466-3811,Mass,Sun,9:00 AM,,Mass,sunday,english,,,,,,
St. Thomas More,"505 W St Thomas More Way, Spokane, Washington 99208",(509) 466-3811,Confession,Tue,4:30 PM,5:15 PM,Confession,specific_weekday,English,,,,,,note: Confession will last until finished
St. Thomas More,"505 W St Thomas More Way, Spokane, Washington 99208",(509) 466-3811,Confession,Sat,8:00 AM,9:00 AM,Confession,saturday,English,,,,,,
St. Thomas More,"505 W St Thomas More Way, Spokane, Washington 99208",(509) 466-3811,Adoration,Mon,5:00 AM,9:00 PM,Adoration,specific_weekday,English,,,,,,exposition
St. Thomas More,"505 W St Thomas More Way, Spokane, Washington 99208",(509) 466-3811,Adoration,Tue,5:00 AM,9:00 PM,Adoration,specific_weekday,English,,,,,,exposition
St. Thomas More,"505 W St Thomas More Way, Spokane, Washington 99208",(509) 466-3811,Adoration,Wed,8:00 AM,10:00 PM,Adoration,specific_weekday,English,,,,,,exposition
St. Thomas More,"505 W St Thomas More Way, Spokane, Washington 99208",(509) 466-3811,Adoration,Thu,5:00 AM,10:00 PM,Adoration,specific_weekday,English,,,,,,exposition
St. Thomas More,"505 W St Thomas More Way, Spokane, Washington 99208",(509) 466-3811,Adoration,Fri,8:00 AM,10:00 PM,Adoration,specific_weekday,English,,,,,,exposition
St. Thomas More,"505 W St Thomas More Way, Spokane, Washington 99208",(509) 466-3811,Adoration,Sat,8:00 AM,4:00 PM,Adoration,saturday,English,,,,,,exposition
St. Thomas More Catholic Student Center,"820 N.E B Street, Pullman, Washington 99163",(509) 332-6311,Mass,Tue,5:10 PM,,Mass,specific_weekday,English,,,,,,
St. Thomas More Catholic Student Center,"820 N.E B Street, Pullman, Washington 99163",(509) 332-6311,Mass,Wed,5:10 PM,,Mass,specific_weekday,English,,,,,,
St. Thomas More Catholic Student Center,"820 N.E B Street, Pullman, Washington 99163",(509) 332-6311,Mass,Thu,5:10 PM,,Mass,specific_weekday,English,,,,,,
St. Thomas More Catholic Student Center,"820 N.E B Street, Pullman, Washington 99163",(509) 332-6311,Mass,Fri,5:10 PM,,Mass,specific_weekday,English,,,,,,
St. Thomas More Catholic Student Center,"820 N.E B Street, Pullman, Washington 99163",(509) 332-6311,Mass,Sun,10:30 AM,,Mass,sunday,English,,,,,,
St. Thomas More Catholic Student Center,"820 N.E B Street, Pullman, Washington 99163",(509) 332-6311,Mass,Sun,5:30 PM,,Mass,sunday,English,,,,,,
St. Thomas More Catholic Student Center,"820 N.E B Street, Pullman, Washington 99163",(509) 332-6311,Confession,Tue,4:30 PM,,Confession,specific_weekday,English,,,,,,or by appointment
St. Thomas More Catholic Student Center,"820 N.E B Street, Pullman, Washington 99163",(509) 332-6311,Confession,Wed,4:30 PM,,Confession,specific_weekday,English,,,,,,or by appointment
St. Thomas More Catholic Student Center,"820 N.E B Street, Pullman, Washington 99163",(509) 332-6311,Confession,Thu,4:30 PM,,Confession,specific_weekday,English,,,,,,or by appointment
St. Thomas More Catholic Student Center,"820 N.E B Street, Pullman, Washington 99163",(509) 332-6311,Confession,Fri,4:30 PM,,Confession,specific_weekday,English,,,,,,or by appointment
St. Thomas More Catholic Student Center,"820 N.E B Street, Pullman, Washington 99163",(509) 332-6311,Confession,Sun,10:00 AM,,Confession,sunday,English,,,,,,
St. Thomas More Catholic Student Center,"820 N.E B Street, Pullman, Washington 99163",(509) 332-6311,Confession,Sun,5:00 PM,,Confession,sunday,English,,,,,,
St. Thomas More Catholic Student Center,"820 N.E B Street, Pullman, Washington 99163",(509) 332-6311,Adoration,Tue,4:00 PM,,Adoration,specific_weekday,English,,,,,,exposition
St. Thomas More Catholic Student Center,"820 N.E B Street, Pullman, Washington 99163",(509) 332-6311,Adoration,Wed,4:00 PM,,Adoration,specific_weekday,English,,,,,,exposition
St. Thomas More Catholic Student Center,"820 N.E B Street, Pullman, Washington 99163",(509) 332-6311,Adoration,Thu,4:00 PM,,Adoration,specific_weekday,English,,,,,,exposition
St. Thomas More Catholic Student Center,"820 N.E B Street, Pullman, Washington 99163",(509) 332-6311,Adoration,Fri,4:00 PM,,Adoration,specific_weekday,English,,,,,,exposition
St. Thomas More Catholic Student Center,"820 N.E B Street, Pullman, Washington 99163",(509) 332-6311,Other,,12:10 PM,,Ash Wednesday,special_event,English,St. Thomas More,,2026-02-18,,,Ash Wednesday; ends 20:00
St. Thomas More Catholic Student Center,"820 N.E B Street, Pullman, Washington 99163",(509) 332-6311,Other,,7:30 PM,,Mardi Gras Party,special_event,English,St. Thomas More,,2026-02-17,,,Mardi Gras Party
St. Thomas More Catholic Student Center,"820 N.E B Street, Pullman, Washington 99163",(509) 332-6311,Other,,7:30 PM,9:00 PM,Women's Night,parish_event,English,St. Thomas More,,,,,Library Upstairs
St. Thomas More Catholic Student Center,"820 N.E B Street, Pullman, Washington 99163",(509) 332-6311,Other,,7:30 PM,9:30 PM,Damascus Night,parish_event,English,,,,,,
St. Thomas the Apostle,"919 E Indiana Ave, Coeur d'Alene, Idaho 83814",208-664-9259,Mass,Tue,8:00 AM,,Mass,specific_weekday,english,,,,,,
St. Thomas the Apostle,"919 E Indiana Ave, Coeur d'Alene, Idaho 83814",208-664-9259,Mass,Wed,8:00 AM,,Mass,specific_weekday,english,,,,,,
St. Thomas the Apostle,"919 E Indiana Ave, Coeur d'Alene, Idaho 83814",208-664-9259,Mass,Thu,8:00 AM,,Mass,specific_weekday,english,,,,,,
St. Thomas the Apostle,"919 E Indiana Ave, Coeur d'Alene, Idaho 83814",208-664-9259,Mass,Fri,8:00 AM,,Mass,specific_weekday,english,,,,,,
St. Thomas the Apostle,"919 E Indiana Ave, Coeur d'Alene, Idaho 83814",208-664-9259,Mass,Sat,5:00 PM,,Mass,saturday,english,,,,,,vigil
St. Thomas the Apostle,"919 E Indiana Ave, Coeur d'Alene, Idaho 83814",208-664-9259,Mass,Sun,10:00 AM,,Mass,sunday,english,,,,,,
St. Thomas the Apostle,"919 E Indiana Ave, Coeur d'Alene, Idaho 83814",208-664-9259,Mass,Sun,8:00 AM,,Mass,sunday,english,,,,,,
St. Thomas the Apostle,"919 E Indiana Ave, Coeur d'Alene, Idaho 83814",208-664-9259,Mass,,8:00 AM,,Mass,monthly,english,,first_saturday_(recurring),,,,
St. Thomas the Apostle,"919 E Indiana Ave, Coeur d'Alene, Idaho 83814",208-664-9259,Confession,Thu,6:00 PM,7:00 PM,Confession,other,English,,,,,,during exposition
St. Thomas the Apostle,"919 E Indiana Ave, Coeur d'Alene, Idaho 83814",208-664-9259,Confession,Fri,8:00 AM,,Confession,specific_weekday,English,,,,,,following Mass
St. Thomas the Apostle,"919 E Indiana Ave, Coeur d'Alene, Idaho 83814",208-664-9259,Confession,Fri,9:00 AM,10:00 AM,Confession,other,English,,,,,,during exposition
St. Thomas the Apostle,"919 E Indiana Ave, Coeur d'Alene, Idaho 83814",208-664-9259,Confession,Sat,3:00 PM,4:30 PM,Confession,saturday,English,,,,,,also available by appointment
St. Thomas the Apostle,"919 E Indiana Ave, Coeur d'Alene, Idaho 83814",208-664-9259,Adoration,Tue,6:00 PM,7:00 PM,Adoration,specific_weekday,English,,,,,,silent exposition
St. Thomas the Apostle,"919 E Indiana Ave, Coeur d'Alene, Idaho 83814",208-664-9259,Adoration,Thu,6:00 PM,7:00 PM,Adoration,specific_weekday,English,,,,,,exposition; benediction
St. Thomas the Apostle,"919 E Indiana Ave, Coeur d'Alene, Idaho 83814",208-664-9259,Adoration,Fri,8:00 AM,,Adoration,specific_weekday,English,,,,,,following Mass
St. Thomas the Apostle,"919 E Indiana Ave, Coeur d'Alene, Idaho 83814",208-664-9259,Adoration,Fri,8:45 AM,12:00 PM,Adoration,specific_weekday,English,exposition,,,,,
St. Thomas the Apostle,"919 E Indiana Ave, Coeur d'Alene, Idaho 83814",208-664-9259,Other,Tue,8:00 AM,,Devotion to Our Mother of Perpetual Help,specific_weekday,English,,,,,,following Mass
Sts. Cyril and Methodius (Ruthenian),"4315 N Evergreen Rd, Spokane Valley, Washington 99216-1276",(509) 922-4527,Other,,TBD,,St. Cyril Feast Day,special_event,English,,,2026-02-14,,,St. Cyril Feast Day; Eastern Church remembers and honors St. Cyril
Sts. Cyril and Methodius (Ruthenian),"4315 N Evergreen Rd, Spokane Valley, Washington 99216-1276",(509) 922-4527,Other,,TBD,,St. Methodius Feast Day,special_event,English,,,2026-04-06,,,St. Methodius Feast Day; Eastern Church remembers and honors St. Methodius
Sts. Cyril and Methodius (Ruthenian),"4315 N Evergreen Rd, Spokane Valley, Washington 99216-1276",(509) 922-4527,Other,,TBD,,SS. Cyril and Methodius Feast Day,special_event,English,,,2026-05-11,,,SS. Cyril and Methodius Feast Day; Eastern Church remembers and honors both SS. Cyril and Methodius
Sts. Peter and Paul,"318 S B St, Grangeville, Idaho 83530",208-983-0403,Mass,Tue,6:00 PM,,Mass,specific_weekday,English,Sts. Peter and Paul Church,,,,,
Sts. Peter and Paul,"318 S B St, Grangeville, Idaho 83530",208-983-0403,Mass,Wed,8:30 AM,,Mass,specific_weekday,English,Sts. Peter and Paul Church,,,,,
Sts. Peter and Paul,"318 S B St, Grangeville, Idaho 83530",208-983-0403,Mass,Thu,7:15 AM,,Mass,specific_weekday,English,Sts. Peter and Paul Church,,,,,
Sts. Peter and Paul,"318 S B St, Grangeville, Idaho 83530",208-983-0403,Mass,Fri,8:30 AM,,Mass,specific_weekday,English,Sts. Peter and Paul Church,,,,,
Sts. Peter and Paul,"318 S B St, Grangeville, Idaho 83530",208-983-0403,Mass,Sat,5:30 PM,,Mass,saturday,English,Sts. Peter and Paul Church,,,,,vigil
Sts. Peter and Paul,"318 S B St, Grangeville, Idaho 83530",208-983-0403,Mass,Sun,8:00 AM,,Mass,sunday,English,Sts. Peter and Paul Church,,,,,
Sts. Peter and Paul,"318 S B St, Grangeville, Idaho 83530",208-983-0403,Mass,,7:00 AM,,Mass,monthly,English,Sts. Peter and Paul Church,first_saturday_(recurring),,,,
Sts. Peter and Paul,"318 S B St, Grangeville, Idaho 83530",208-983-0403,Confession,Sat,4:00 PM,5:00 PM,Reconciliation,other,English,,,,,,
Sts. Peter and Paul,"318 S B St, Grangeville, Idaho 83530",208-983-0403,Confession,,9:45 AM,,Reconciliation,monthly,English,Sts. Peter and Paul Church,first_friday_(recurring),,,,
Sts. Peter and Paul,"318 S B St, Grangeville, Idaho 83530",208-983-0403,Adoration,Tue,2:30 PM,,Adoration,other,English,,,,,,
Sts. Peter and Paul,"318 S B St, Grangeville, Idaho 83530",208-983-0403,Adoration,Thu,2:30 PM,,Adoration,other,English,,,,,,
Sts. Peter and Paul,"318 S B St, Grangeville, Idaho 83530",208-983-0403,Adoration,Sat,4:00 PM,,Adoration,other,English,,,,,,
Sts. Peter and Paul,"318 S B St, Grangeville, Idaho 83530",208-983-0403,Adoration,,9:00 AM,8:00 PM,Adoration,monthly,English,Sts. Peter and Paul Church,first_friday_(recurring),,,,
Sts. Peter and Paul,"318 S B St, Grangeville, Idaho 83530",208-983-0403,Devotions,,3:00 PM,,Divine Mercy,other,English,,,,,,daily
