slug,name,street_number,pre_direction,street_name,street_suffix,post_direction,unit_type,unit_number,full_street,city,state_code,zip5,zip4,latitude,longitude,phone
us-oh-ada-our-lady-of-lourdes-7728ad72,Our Lady of Lourdes,300,E,Highland,Ave,,,,300 E Highland Ave,Ada,OH,45810,1122,40.77245252,-83.81983261,(419) 675-1162
us-oh-adena-st-casimir-9717ff0b,St. Casimir,221,,Hanna,Ave,,,,221 Hanna Ave,Adena,OH,43901,7953,40.21598789,-80.87669187,(740) 546-3463
us-mi-adrian-holy-family-parish-st-mary-campus-bf327368,Holy Family Parish (St. Mary Campus),305,N,Division,St,,,,305 N Division St,Adrian,MI,49221,,41.89492,-84.03351,517-263-4681
us-mi-adrian-holy-family-parish-st-mary-campus-7455f6dc,Holy Family Parish St. Mary Campus,305,,Division,St,,,,305 Division St,Adrian,MI,49221,,41.8949127,-84.0334803,+1-517-263-4681
us-mi-adrian-holy-family-parish-st-joseph-75ec773e,St. Joseph,305,,Division,St,,,,305 Division St,Adrian,MI,49221,,41.89964009,-84.02636055,517-263-4681
us-oh-akron-holy-ghost-ukrainian-61d2478f,Holy Ghost (Ukrainian),1866,,Brown,St,,,,1866 Brown St,Akron,OH,44301,,41.03078638,-81.51092192,(330) 724-8277
us-oh-akron-immaculate-conception-9bd24e78,Immaculate Conception,2101,,17th,St,SW,,,2101 17th St SW,Akron,OH,44314,,41.04659159,-81.56088163,(330) 753-8429
us-oh-akron-nativity-of-the-lord-jesus-ce4c296f,Nativity of the Lord Jesus,2425,,Myersville,Rd,,,,2425 Myersville Rd,Akron,OH,44312,,40.99740902,-81.4357731,(330) 699-5086
us-oh-akron-st-matthew-parish-6c888320,St Matthew Parish,2603,,Benton,Ave,,,,2603 Benton Ave,Akron,OH,44312,,41.0533451,-81.436282,+1-330-733-9944
us-oh-akron-st-anthony-of-padua-fa9bb01e,St. Anthony of Padua,83,,Mosser,Pl,,,,83 Mosser Pl,Akron,OH,44310,,41.09883357,-81.51238503,(330) 762-7277
us-oh-akron-st-bernard-parish-25d54f5a,St. Bernard,44,,University,Ave,,,,44 University Ave,Akron,OH,44308,1609,41.07843339,-81.51857878,330-253-5161
us-oh-akron-st-francis-de-sales-cc5510b2,St. Francis de Sales,4019,,Manchester,Rd,,,,4019 Manchester Rd,Akron,OH,44319,,40.99323131,-81.55752394,(330) 644-2225
us-oh-akron-st-john-the-baptist-63a76968,St. John the Baptist,1044,,Brown,St,,,,1044 Brown St,Akron,OH,44301,,41.05333744,-81.510214,330-535-4502
us-oh-akron-st-joseph-melkite-a4ed06dd,St. Joseph  (Melkite),927,N,Portage,Path,,,,927 N Portage Path,Akron,OH,44303,,41.086772,-81.539453,(330) 400-4882
us-oh-akron-blessed-trinity-ba53dc2f,St. Martha,300,E,Tallmadge,Ave,,,,300 E Tallmadge Ave,Akron,OH,44310,,41.10172977,-81.50405691,330-376-5144
us-oh-akron-st-mary-9cf7e20c,St. Mary,750,S,Main,St,,,,750 S Main St,Akron,OH,44311,,41.06635569,-81.52710875,(330) 253-5161
us-oh-akron-st-matthew-8a4ba59a,St. Matthew,2580,,Benton,Ave,,,,2580 Benton Ave,Akron,OH,44312,,41.05339509,-81.43726468,(330) 733-9944
us-oh-akron-st-paul-bbd17150,St. Paul,1580,,Brown,St,,,,1580 Brown St,Akron,OH,44301,,41.03797547,-81.51102947,(330) 724-1263
us-oh-akron-st-sebastian-parish-6aaced0c,St. Sebastian,476,,Mull,Ave,,,,476 Mull Ave,Akron,OH,44320,,41.09924079,-81.56634517,(330) 836-2233
us-oh-akron-st-sebastian-catholic-church-0aa35bde,St. Sebastian Catholic Church,476,,Mull,Ave,,,,476 Mull Ave,Akron,OH,44320,,41.0992099,-81.5665717,+1-330-836-2233
us-oh-akron-st-vincent-547b4d7e,St. Vincent,164,W,Market,St,,,,164 W Market St,Akron,OH,44303,2395,41.08762508,-81.52289711,(330) 535-3135
us-oh-akron-visitation-of-mary-9ee20469,Visitation of Mary,55,,Broad,St,,,,55 Broad St,Akron,OH,44305,,41.07246338,-81.48859006,(330) 535-4141
us-pa-albion-st-lawrence-the-martyr-ec52e62e,St. Lawrence the Martyr,180,E,State,St,,,,180 E State St,Albion,PA,16401,,41.89119171,-80.36011919,(814) 756-3623
us-ky-alexandria-st-mary-of-the-assumption-9012223a,St. Mary of the Assumption Parish,8246,E,Main,St,,,,8246 E Main St,Alexandria,KY,41001,1394,38.95506521,-84.389159,859-635-4188
us-pa-aliquippa-church-of-our-lady-of-fatima-d1525a9e,Our Lady of Fatima,2270,,Brodhead,Rd,,,,2270 Brodhead Rd,Aliquippa,PA,15001,,40.5849375,-80.2578125,17243757626
us-pa-aliquippa-our-lady-of-fatima-mary-queen-of-saint-parish-3dd214e9,"Our Lady of Fatima- Mary, Queen of St. Parish",2270,,Brodhead,Rd,,,,2270 Brodhead Rd,Aliquippa,PA,15001,,40.5848421,-80.25869455,(724) 775-6363
us-pa-aliquippa-ss-peter-paul-ukrainian-9998cbdd,Ss. Peter & Paul (Ukrainian),2001,,Main,St,,,,2001 Main St,Aliquippa,PA,15001,,40.60504339,-80.27548052,+17242662262
us-pa-aliquippa-st-titus-mary-queen-of-saints-parish-feed5bd0,"St Titus Church - Mary, Queen of Saints Parish",952,,Franklin,Ave,,,,952 Franklin Ave,Aliquippa,PA,15001,,40.61285424,-80.25572344,(724) 378-8561
us-pa-aliquippa-st-frances-cabrini-mary-queen-of-saints-parish-7fe0c59f,St. Frances Cabrini,115,,Trinity,Dr,,,,115 Trinity Dr,Aliquippa,PA,15001,,40.6468019,-80.29434023,(724) 775-6363
us-pa-aliquippa-st-george-ruthenian-4c0ae9ec,St. George (Ruthenian),1001,,Clinton,St,,,,1001 Clinton St,Aliquippa,PA,15001,,40.6057942,-80.25783081,(724) 375-2742
us-oh-alliance-regina-coeli-10544d1c,Regina Coeli,663,,Fernwood,Blvd,,,,663 Fernwood Blvd,Alliance,OH,44601,2728,40.91544369,-81.12421251,(330) 821-5880
us-oh-alliance-st-joseph-507a703e,St. Joseph,427,E,Broadway,,,,,427 E Broadway,Alliance,OH,44601,,40.9188538,-81.09956,(330) 821-5760
us-oh-alliance-st-theodore-romanian-a14a02dd,St. Theodore (Romanian),820,,Linden,Ave,,,,820 Linden Ave,Alliance,OH,44601,,40.913563,-81.099859,(330) 493-9355
us-oh-alvada-church-of-st-peter-dd452ac5,St. Peter,11125,,St Peter,Rd,,,,11125 St Peter Rd,Alvada,OH,11125,,41.0651875,-83.3851875,
us-pa-ambridge-good-samaritan-st-luke-the-evangelist-parish-d1d399f0,Good Samaritan - St. Luke the Evangelist Parish,725,,Glenwood,Ave,,,,725 Glenwood Ave,Ambridge,PA,15005,,40.58884922,-80.22702639,(724) 266-6565
us-pa-ambridge-st-mary-ruthenian-caca5099,St Mary's Byzantine Catholic (Ruthenian),624,,Park,Rd,,,,624 Park Rd,Ambridge,PA,15003,,40.58669246,-80.22952346,(724) 266-2030
us-pa-ambridge-sts-peter-and-paul-ukrainian-54ed27e5,Sts. Peter and Paul (Ukrainian),404,,6th,St,,,,404 6th St,Ambridge,PA,15003,,40.58695379,-80.22613724,(412) 266-2262
us-oh-amelia-st-bernadette-cba55249,St. Bernadette,1479,,Locust Lake,Rd,,,,1479 Locust Lake Rd,Amelia,OH,45102,,39.02812676,-84.22669598,(513)753-5566
us-oh-amherst-st-joseph-5b52bfe2,St. Joseph,200,,St Joseph,Dr,,,,200 St Joseph Dr,Amherst,OH,44001,,41.40475576,-82.21848021,(440) 988-2848
us-oh-amsterdam-st-joseph-a4579dd7,St. Joseph,333,N,Main,St,,,,333 N Main St,Amsterdam,OH,43903,,40.47538674,-80.92391299,(740) 765-4142
us-oh-andover-our-lady-of-victory-b4bd2b15,Our Lady of Victory,481,S,Main,St,,,,481 S Main St,Andover,OH,44003,0669,41.6003212,-80.57136157,(440) 293-6218
us-in-angola-saint-anthony-of-padua-47011a8c,St. Anthony de Padua,700,W,Maumee,St,,,,700 W Maumee St,Angola,IN,46703,,41.63551762,-85.00837347,(260) 665-2259
us-oh-anna-sacred-heart-of-jesus-aa821178,Sacred Heart of Jesus,9333,,State Rt 119,,W,,,9333 State Rt 119 W [McCartyville],Anna,OH,45302,,40.39490208,-84.25378752,(937) 394-3823
us-oh-antwerp-divine-mercy-92ced5a4,Divine Mercy,303,S,Monroe,St,,,,303 S Monroe St,Antwerp,OH,45813,1560,41.17886344,-84.74196732,(419) 399-2576
us-oh-archbold-st-peter-22040da1,St. Peter,614,N,Defiance,St,,,,614 N Defiance St,Archbold,OH,43502,,41.52712734,-84.30584322,(419) 446-2150
us-oh-arnheim-st-mary-d1195703,St. Mary,6647,,Van Buren,St,,,,6647 Van Buren St,Arnheim,OH,45121,,38.93396539,-83.8261382,(937) 392-1116
us-oh-ashland-ashland-university-newman-campus-ministry-da41a478,Ashland University- Newman Campus Ministry,456,,College,Ave,,,,456 College Ave,Ashland,OH,44805,,40.86209873,-82.32174141,(419) 289-5906
us-ky-ashland-holy-family-972af572,Holy Family,900,,Winchester,Ave,,,,900 Winchester Ave,Ashland,KY,41101,7497,38.48213137,-82.64717542,(606) 329-1607
us-oh-ashland-st-edward-1c1e4c18,St. Edward,501,,Cottage,St,,,,501 Cottage St,Ashland,OH,44805,,40.87228,-82.31799,(419) 289-7224
us-oh-ashtabula-church-of-the-mother-of-sorrows-4a2850b5,Mother of Sorrows,3312,,Lake,Ave,,,,3312 Lake Ave,Ashtabula,OH,44004,,41.8755625,-80.7893125,14409920330
us-oh-ashtabula-our-lady-of-peace-parish-mother-of-sorrows-church-41ef2982,Our Lady of Peace Parish - Mother of Sorrows Church,1464,W,6th,St,,,,1464 W 6th St,Ashtabula,OH,44004,,41.8963504,-80.8031748,(440) 992-0330
us-oh-ashtabula-our-lady-of-peace-parish-our-lady-of-mt-carmel-church-f083ce6f,Our Lady of Peace Parish - Our Lady of Mt Carmel Church,1200,E,21st,St,,,,1200 E 21st St,Ashtabula,OH,44004,,41.88767661,-80.78511077,(440) 992-0330
us-oh-ashtabula-our-lady-of-peace-parish-st-joseph-church-8b7a2d2e,Our Lady of Peace Parish- St. Joseph Church,1200,E,21st,St,,,,1200 E 21st St,Ashtabula,OH,44004,,41.87618,-80.78961,(440) 992-0330
us-oh-athens-st-paul-f884fd28,St. Paul,38,N,College,St,,,,38 N College St,Athens,OH,45701,,39.33055453,-82.09930932,(740) 592-2711
us-oh-athens-christ-the-king-e0c2da8a,University Parish of Christ the King,141,,Mill,St,,,,141 Mill St,Athens,OH,45701,2925,39.32924733,-82.09479552,(740) 592-2711
us-oh-attica-chapel-of-st-stephen-95585aff,Chapel of St. Stephen,11130,E,County,Rd,,,,11130 E County Rd 6,Attica,OH,11130,,41.0228125,-82.9559375,14194263043
us-oh-attica-our-lady-of-hope-c58a98e0,Our Lady of Hope,320,,Stump,Pike,,,,320 Stump Pike Rd,Attica,OH,44807,,41.06585796,-82.896038,(419) 426-3043
us-in-auburn-immaculate-conception-5aa94611,Immaculate Conception,500,E,7th,St,,,,500 E 7th St,Auburn,IN,46706,,41.36775838,-85.04925668,(260) 925-3930
us-ky-augusta-st-augustine-4388d23f,St. Augustine,215,E,4th,St,,,,215 E 4th St,Augusta,KY,41002,1117,38.77169464,-84.00419103,(606) 756-3229
us-oh-aurora-our-lady-of-perpetual-help-5284ea13,Our Lady of Perpetual Help,342,S,Chillicothe,,,,,342 S Chillicothe,Aurora,OH,44202,,41.30740369,-81.34726576,(330) 562-8519
us-in-aurora-st-mary-of-the-immaculate-conception-272c3c36,St. Mary of the Immaculate Conception,203,,4th,St,,,,203 4th St,Aurora,IN,47001,,39.05399762,-84.8999205,(812) 537-3992
us-oh-austintown-immaculate-heart-of-mary-89601308,Immaculate Heart of Mary,4490,,Norquest,Blvd,,,,4490 Norquest Blvd,Austintown,OH,44515,,41.10469197,-80.73613457,(330) 793-9988
us-oh-austintown-st-blaise-parish-ae96bfc6,St. Joseph,4545,,New,Rd,,,,4545 New Rd,Austintown,OH,44515,,41.08172823,-80.73832885,(330) 792-1919
us-pa-avella-saint-john-the-baptist-byzantine-catholic-church-866d1ca9,Saint John the Baptist Byzantine Catholic Church,176,,Cross Creek,Rd,,,,176 Cross Creek Rd,Avella,PA,15312,,40.2857446,-80.4515067,+1-817-271-0968
us-pa-avella-st-john-the-baptist-ruthenian-2b8a22aa,St. John the Baptist (Ruthenian),176,,Cross Creek,Rd,,,,176 Cross Creek Rd,Avella,PA,15312,,40.28570505,-80.45162236,(814) 948-8242
us-pa-avella-st-isidore-the-farmer-parish-st-michael-60926e4d,St. Michael,97,,Highland,Ave,,,,97 Highland Ave,Avella,PA,15312,,40.27640862,-80.46276622,(724) 695-7325
us-oh-avon-holy-trinity-ce478e0a,Holy Trinity,33601,,Detroit,Rd,,,,33601 Detroit Rd,Avon,OH,44011,,41.45269203,-81.98966051,(440) 937-5363
us-oh-avon-st-mary-of-the-immaculate-conception-3f400eef,St. Mary of the Immaculate Conception,2640,,Stoney Ridge,Rd,,,,2640 Stoney Ridge Rd,Avon,OH,44011,,41.44966284,-82.03386249,(440) 934-4212
us-oh-avon-lake-holy-spirit-475a2e1e,Holy Spirit,410,,Lear,Rd,,,,410 Lear Rd,Avon Lake,OH,44012,,41.49414105,-81.99097038,(440) 933-3777
us-oh-avon-lake-st-joseph-parish-b279cfb3,St. Joseph,32929,,Lake,Rd,,,,32929 Lake Rd,Avon Lake,OH,44012,,41.5107241,-82.02549216,(440) 933-3152
us-pa-baden-saint-teresa-of-calcutta-catholic-church-maronite-34fb1d3b,St Teresa of Calcutta Roman Catholic Church,375,,Linmore,Ave,,,,375 Linmore Ave,Baden,PA,15005,,40.63479568,-80.22898912,
us-oh-barberton-prince-of-peace-68fb4c19,Prince of Peace,1263,,Shannon,Ave,,,,1263 Shannon Ave,Barberton,OH,44203,,41.01566643,-81.63629426,(330) 825-9543
us-oh-barberton-st-augustine-867ff726,St. Augustine,204,,Sixth,St,NW,,,204 Sixth St NW,Barberton,OH,44203,,41.01628698,-81.61252424,(330) 745-0011
us-oh-barberton-saint-nicholas-ruthenian-76ac677e,St. Nicholas (Ruthenian),1051,,Robinson,Ave,,,,1051 Robinson Ave,Barberton,OH,44203,3852,41.01110861,-81.56100144,(330) 753-2031
us-oh-barnesville-assumption-of-the-bvm-caea1431,Assumption of the Blessed Virgin Mary Catholic Church,306,W,Main,St,,,,306 W Main St,Barnesville,OH,43713,,39.98835827,-81.18054271,(740) 425-2181
us-oh-barnesville-st-mary-2cfcbd46,St. Mary,55699,,Marietta,St,,,,55699 Marietta St,Barnesville,OH,43713,,39.90661124,-81.22977049,(740) 425-2181
us-oh-bascom-church-of-st-patrick-fec5fe11,St. Patrick,6230,W,Tiffin,St,,,,6230 W Tiffin St,Bascom,OH,44809,,41.1328125,-83.2899375,14199372715
us-oh-batavia-holy-trinity-0e80da90,Holy Trinity,140,N,Sixth,St,,,,140 N Sixth St,Batavia,OH,45103,3134,39.07529129,-84.17177976,(513) 732-2218
us-in-batesville-st-louis-a39b42ad,St. Louis,13,,St Louis,Pl,,,,13 St Louis Pl,Batesville,IN,47006,,39.29649185,-85.2246238,(812) 934-3204
us-oh-bay-village-st-raphael-091fa04d,St. Raphael,525,,Dover Center,Rd,,,,525 Dover Center Rd,Bay Village,OH,44140,,41.48090123,-81.92057275,(440) 871-1100
us-pa-beaver-saints-peter-and-paul-our-lady-of-the-valley-parish-a90c5e16,Saints Peter and Paul Church - Our Lady of the Valley Parish,255,,3rd,St,,,,255 3rd St {PA-68},Beaver,PA,15009,,40.69813818,-80.29838174,(724) 775-4111
us-pa-beaver-st-nicholas-ruthenian-cbad9bec,St. Nicholas (Ruthenian),5400,,Tuscarawas,Rd,,,,5400 Tuscarawas Rd,Beaver,PA,15009,9513,40.70581353,-80.41402317,(724) 321-7550
us-pa-beaver-falls-saint-monica-saint-augustine-parish-5dfea6d4,St. Monica,116,,Thorndale,Dr,,,,116 Thorndale Dr,Beaver Falls,PA,15010,,40.76609446,-80.35594822,(724) 846-7540
us-oh-beavercreek-st-luke-fa9fa09c,St. Luke,1440,N,Fairfield,Rd,,,,1440 N Fairfield Rd,Beavercreek,OH,45432,,39.73186202,-84.05651295,(937) 426-1733
us-oh-bedford-our-lady-of-hope-5c3e4f8e,Our Lady of Hope,400,,Center,Rd,,,,400 Center Rd,Bedford,OH,44146,,41.4048885,-81.5371357,+1-440-232-8166
us-oh-bedford-our-lady-of-hope-roman-catholic-parish-closed-cf5526b8,Our Lady of Hope Roman Catholic Parish - CLOSED,400,,Center,Rd,,,,400 Center Rd,Bedford,OH,44146,2296,41.40476387,-81.53599424,(440) 232-8166
us-oh-bedford-st-mary-of-the-immaculate-conception-7c333f9e,St. Mary,340,,Union,St,,,,340 Union St,Bedford,OH,44146,,41.38039251,-81.52494134,440-359-8205
us-oh-bedford-church-of-st-pius-x-3a0dd5ab,St. Pius X,400,,Center,Rd,,,,400 Center Rd,Bedford,OH,44146,,41.4039375,-81.5375625,14402328166
us-wv-beech-bottom-mission-of-the-holy-family-5b417fdc,Mission of the Holy Family,2,,Church,St,,,,2 Church St,Beech Bottom,WV,26030,,40.2299375,-80.6518125,13043945929
us-oh-bellaire-st-john-e8acae69,St. John the Evangelist,415,,37th,St,,,,415 37th St,Bellaire,OH,43906,,40.01963619,-80.74196038,(740) 676-0051
us-oh-belle-valley-corpus-christi-fc6bce88,Corpus Christi,223,,Main,St,,,,223 Main St,Belle Valley,OH,43724,,39.79151881,-81.557767,740-732-4129
us-oh-bellefontaine-st-patrick-eed10834,St. Patrick,316,E,Patterson,Ave,,,,316 E Patterson Ave,Bellefontaine,OH,43311,,40.35664334,-83.75513096,(937) 592-1656
us-ky-bellevue-divine-mercy-parish-sacred-heart-9fd79cf6,Divine Mercy Parish - Sacred Heart,318,,Division,St,,,,318 Division St,Bellevue,KY,41073,,39.10354742,-84.48115008,(859) 261-6172
us-oh-bellevue-immaculate-conception-0009e5cf,Immaculate Conception,231,E,Center,St,,,,231 E Center St,Bellevue,OH,44811,,41.2723515,-82.83819299,(419) 483-3417
us-oh-bellevue-immaculate-conception-parish-b8c31818,Immaculate Conception Parish,231,E,Center,St,,,,231 E Center St,Bellevue,OH,44811,,41.2724976,-82.838104,+1-419-483-3417
us-oh-bellevue-sorrowful-mother-shrine-a21fd327,Sorrowful Mother Shrine,4106,,State Rte 269,,,,,4106 State Rte 269,Bellevue,OH,44811,,41.18399394,-82.84225243,(419) 483-3435
us-oh-bellevue-st-gaspar-del-bufalo-fbfd687e,St. Gaspar del Bufalo,16209,E,County,Rd,,,,16209 E County Rd 46,Bellevue,OH,44811,,41.19013926,-82.8563391,(419) 483-3231
us-wv-benwood-st-john-f4fa3dff,St. John,622,,Main,St,,,,622 Main St,Benwood,WV,26031,,40.01640707,-80.73465922,(304) 232-6455
us-oh-berea-st-adalbert-a98eb040,St. Adalbert,66,,Adalbert,St,,,,66 Adalbert St,Berea,OH,44017,,41.37498933,-81.85539137,(440) 234-6830
us-oh-berea-st-mary-d8373828,St. Mary,250,,Kraft,St,,,,250 Kraft St,Berea,OH,44017,,41.36603065,-81.86549364,(440) 243-3877
us-oh-bethel-st-mary-351e6fda,St. Mary,3398,,State Rt 125,,,,,3398 State Rt 125,Bethel,OH,45106,9701,38.96282457,-84.06700941,(513) 734-4041
us-oh-beverly-st-bernard-f77dd5a1,St. Bernard,309,,Seventh,St,,,,309 Seventh St,Beverly,OH,45715,8902,39.54974327,-81.63578222,(740) 984-2555
us-oh-blakeslee-st-joseph-a9179e79,Chapel of St. Joseph,625,,Washington,St,,,,625 Washington St,Blakeslee,OH,43505,0196,41.52727429,-84.73010632,(419)298-2540
us-oh-blanchester-holy-name-chapel-st-columbkille-d0f2bb74,Holy Name Chapel /St. Columbkille ,740,S,State Rt 133,,,,,740 S State Rt 133,Blanchester,OH,45107,,39.28652693,-83.99431562,(937) 382-2236
us-mi-blissfield-light-of-christ-st-peter-the-apostle-53430e72,Light of Christ (St. Peter the Apostle),309,,S,Ln,,,,309 S Lane St,Blissfield,MI,49228,,41.82927088,-83.8640574,517-447-3500
us-oh-bluffton-st-mary-7698e2b5,St. Mary,160,N,Spring,St,,,,160 N Spring St,Bluffton,OH,45817,,40.89644761,-83.89339205,(419) 358-8631
us-oh-boardman-infant-jesus-of-prague-ruthenian-7eb7c424,Infant Jesus of Prague (Ruthenian),7754,,S,Ave,,,,7754 S Ave Extension,Boardman,OH,44512,,41.00522672,-80.6341386,(330) 758-6019
us-oh-boardman-st-charles-borromeo-parish-08543cb8,St. Charles Borromeo,7345,,Westview,Dr,,,,7345 Westview Dr,Boardman,OH,44512,,41.02385734,-80.66591954,(330) 758-2325
us-oh-boardman-st-luke-0ff310e3,St. Luke,5235,,S,Ave,,,,5235 S Ave,Boardman,OH,44512,,41.04534866,-80.6341388,(330) 782-9783
us-oh-bolivar-holy-trinity-283df274,Holy Trinity,1835,,Dover Zoar,Rd,NE,,,1835 Dover Zoar Rd NE,Bolivar,OH,44612,,40.62150148,-81.41905733,(330) 874-4716
us-oh-botkins-immaculate-conception-1f770ef4,Immaculate Conception,116,N,Mill,St,,,,116 N Mill St,Botkins,OH,45306,,40.46935974,-84.18272054,(419)-738-2115
us-oh-botkins-st-lawrence-9bf50f37,St. Lawrence,16053,,Botkins,Rd,,,,16053 Botkins Rd,Botkins,OH,45306,,40.46853111,-84.12463188,(419)-738-2115
us-oh-bowling-green-st-aloysius-df680230,St. Aloysius,150,S,Enterprise,St,,,,150 S Enterprise St,Bowling Green,OH,43402,,41.37342834,-83.64702606,(419) 352-4195
us-oh-bowling-green-st-thomas-more-7e2a093c,St. Thomas More University Parish,425,,Thurstin,St,,,,425 Thurstin St,Bowling Green,OH,43402,,41.37924,-83.64358,(419) 352-7555
us-oh-bradford-immaculate-conception-761b1ca4,Immaculate Conception,200,,Clay,St,,,,200 Clay St,Bradford,OH,45308,9427,40.13319836,-84.42902703,(937) 526-4945
us-oh-brecksville-st-basil-the-great-08d08627,St. Basil the Great,8700,,Brecksville,Rd,,,,8700 Brecksville Rd,Brecksville,OH,44141,,41.32541189,-81.62751072,(440) 526-1686
us-oh-brecksville-saint-joseph-byzantine-catholic-church-e1375611,St. Joseph Byzantine Catholic Church,8111,,Brecksville,Rd,,,,8111 Brecksville Rd,Brecksville,OH,44141,1204,41.34182956,-81.62856848,(440) 526-1818
us-oh-bremen-church-of-st-mary-6b959e13,St. Mary,602,,Marietta,St,,,,602 Marietta St,Bremen,OH,43107,1131,39.7023125,-82.4335625,17405697929
us-oh-brewster-st-therese-holy-family-parish-42697e65,St. Therese Catholic Church of Holy Family Parish,512,,Wabash,Ave,S,,,512 Wabash Ave S,Brewster,OH,44613,,40.70816808,-81.59771054,330-879-5900
us-oh-bridgeport-st-anthony-of-padua-b4ffb00b,St. Anthony of Padua,630,,Main,St,,,,630 Main St Bridgeport,Bridgeport,OH,43912,,40.07271737,-80.75048432, (740) 635-0408
us-oh-bridgeport-st-joseph-ea5ea54b,St. Joseph,68210,,Neola,Ave,,,,68210 Neola Ave,Bridgeport,OH,43912,,40.06967226,-80.78441706,(740) 635-0408
us-oh-bridgetown-st-jude-e56f8284,St. Jude,5924,,Bridgetown,Rd,,,,5924 Bridgetown Rd,Bridgetown,OH,45248,3108,39.15997096,-84.64409157,(513) 574-1230
us-oh-broadview-heights-church-of-the-assumption-73fd6224,Assumption,9183,,Broadview,Rd,,,,9183 Broadview Rd,Broadview Heights,OH,44147,,41.31625905,-81.68392656,440-526-1177
us-oh-brook-park-mary-queen-of-the-apostles-parish-5a4bbf52,St. Peter the Apostle,6455,,Engle,Rd,,,,6455 Engle Rd,Brook Park,OH,44142,,41.39199128,-81.82293773,(216) 433-1440
us-oh-brooklyn-st-elias-melkite-864b49fc,St. Elias [Melkite],8023,,Memphis,Ave,,,,8023 Memphis Ave,Brooklyn,OH,44144,,41.439028,-81.741178,(216) 661-1155
us-oh-brooklyn-st-thomas-more-56a87acb,St. Thomas More,4170,N,Amber,Dr,,,,4170 N Amber Dr,Brooklyn,OH,44144,,41.44249734,-81.73980719,(216) 749-0414
us-ky-brooksville-st-james-2ecce9af,St. James,122,,Garrett,Ave,,,,122 Garrett Ave,Brooksville,KY,41004,0027,38.68109511,-84.06378984,(606) 756-3229
us-in-brookville-st-michael-the-archangel-c8cdb372,St. Michael,267,,High,St,,,,267 High St,Brookville,IN,47012,,39.41656395,-85.01030411,(765) 647-5462
us-in-brookville-st-peter-7a7dacb4,St. Peter,1207,,E,Rd,,,,1207 E Rd,Brookville,IN,47012,,39.32109415,-85.03149395,(765) 647-5462 or (812) 569-8101
us-in-brookville-ss-philomena-and-cecilia-oratory-latin-39f75cab,Sts. Philomena and Cecilia (Latin),16194,,St Marys,Rd,,,,16194 St Marys Rd (Oak Forest),Brookville,IN,47012,,39.38508578,-85.08527557,(765) 647-0310
us-oh-brunswick-st-ambrose-c9c23877,St. Ambrose,929,,Pearl,Rd,,,,929 Pearl Rd (US Rte 42),Brunswick,OH,44212,,41.24997663,-81.84076571,(330) 460-7300
us-oh-brunswick-st-colette-catholic-church-f752ed47,St. Colette,330,W,130th,St,,,,330 W 130th St,Brunswick,OH,44212,,41.26686061,-81.78566658,(330) 273-5500
us-oh-brunswick-st-emilian-ruthenian-d37eb863,St. Emilian (Ruthenian),1231,,Substation,Rd,,,,1231 Substation Rd,Brunswick,OH,44212,,41.241057,-81.859703,(330) 225-9857
us-oh-bryan-st-patrick-7018fef4,St. Patrick,610,S,Portland,St,,,,610 S Portland St,Bryan,OH,43506,,41.46782614,-84.5566268,(419) 636-1044
us-in-bryant-holy-trinity-d7fe099f,Holy Trinity,7321,E,State,Rd,,,,7321 E State Rd 67,Bryant,IN,47326,,40.54200728,-84.84279234,(260) 997-6450
us-oh-buckeye-lake-our-lady-of-mount-carmel-616610f9,Our Lady of Mount Carmel,5133,,Walnut,Rd,SE,,,5133 Walnut Rd SE,Buckeye Lake,OH,43008,,39.93050111,-82.48284223,(740) 928-3266
us-oh-bucyrus-holy-trinity-bb34161f,Holy Trinity,760,,Tiffin,St,,,,760 Tiffin St,Bucyrus,OH,44820,,40.81742207,-82.9800079,(419) 562-1346
us-pa-bulger-st-isidore-the-farmer-parish-st-ann-77e5de3e,St. Ann,967,,Grant,St,,,,967 Grant St,Bulger,PA,15019,,40.37664469,-80.32449393,(724) 695-7325
us-pa-burgettstown-st-isidore-the-farmer-parish-our-lady-of-lourdes-5a4d367b,Our Lady of Lourdes,1112,,Main,St,,,,1112 Main St,Burgettstown,PA,15021,,40.37313061,-80.39052096,(724) 695-7325
us-oh-burkettsville-st-bernard-33108ed7,St. Bernard,71,W,Main,St,,,,71 W Main St,Burkettsville,OH,45310,,40.35227587,-84.64600971,(419) 678-4118
us-ky-burlington-immaculate-heart-of-mary-16ef708a,Immaculate Heart of Mary,5876,,Veterans,Way,,,,5876 Veterans Way,Burlington,KY,41005,,39.02368432,-84.705537,859-689-5010
us-oh-burton-shrine-of-mariapoch-ruthenian-d49eeee6,Shrine of Mariapoch (Ruthenian),17486,,Mumford,Rd,,,,17486 Mumford Rd,Burton,OH,44021,,41.39475463,-81.10882497,(216) 272-6790
us-oh-cadiz-st-teresa-of-avila-f5e526cc,St. Teresa of Avila,143,E,S,St,,,,143 E S St,Cadiz,OH,43907,1154,40.27037002,-80.99844404,(740) 942-2211
us-oh-caldwell-st-mary-of-the-immaculate-conception-ecd78223,Immaculate Conception,43700,,Fulda,Rd,,,,43700 Fulda Rd,Caldwell,OH,43724,,39.72401809,-81.41542676,740-732-4129
us-oh-caldwell-st-michael-7218b6f1,St. Michael,44935,,Carlisle,Rd,,,,44935 Carlisle Rd,Caldwell,OH,43724,,39.7454127,-81.36671277,(740) 732-4129
us-oh-caldwell-st-stephen-f44a0fce,St. Stephen,1036,,Belford,St,,,,1036 Belford St,Caldwell,OH,43724,,39.74957599,-81.52656137,(740) 732-4129
us-ky-california-sts-peter-and-paul-cc06a83d,Sts. Peter and Paul,2162,,California Crossroads,,,,,2162 California Crossroads,California,KY,41007,9713,38.8762387,-84.31601714,(859) 635-2924
us-oh-cambridge-st-benedict-church-christ-our-light-parish-269ccada,St. Benedict Church (Christ our Light Parish) ,714,,Gomber,Ave,,,,714 Gomber Ave,Cambridge,OH,43725,,40.02750515,-81.59127998,(740) 432-7609
us-in-cambridge-city-st-elizabeth-of-hungary-dd7a40c0,St. Elizabeth of Hungary,333,W,Maple,St,,,,333 W Maple St,Cambridge City,IN,47327,,39.81427426,-85.17676195,(765) 529-0933
us-oh-camden-st-mary-9cd1ce2b,St. Mary,7721,N,Main,St,,,,7721 N Main St,Camden,OH,45311,1124,39.63583326,-84.6443157,(937) 452-3352
us-wv-cameron-st-martin-of-tours-chapel-bd4e5b14,St. Martin of Tours,1,,Fitzgerald,Ave,,,,1 Fitzgerald Ave,Cameron,WV,26033,,39.82526283,-80.56497501,(304) 845-1593 
us-ky-camp-springs-st-joseph-catholic-church-b4b99267,St Joseph Church,6833,,Four Mile,Rd,,,,6833 Four Mile Rd,Camp Springs,KY,41059,9746,38.99408703,-84.3616495,859-635-2491
us-oh-campbell-christ-the-good-shepherd-parish-74ce4882,Christ the Good Shepherd Parish,159,,Reed,Ave,,,,159 Reed Ave,Campbell,OH,44405,,41.07104595,-80.59148594,(330) 743-2955
us-oh-campbell-church-of-santa-rosa-de-lima-6cf44896,Santa Rosa de Lima,394,,Tenney,Ave,,,,394 Tenney Ave,Campbell,OH,44405,,41.0756875,-80.5934375,13307554141
us-oh-campbell-church-of-st-joseph-the-provider-6a5cb650,St. Joseph the Provider,633,,Porter,Ave,,,,633 Porter Ave,Campbell,OH,44405,,41.0809375,-80.5844375,13307554141
us-oh-campbell-church-of-st-lucy-df85c65e,St. Lucy,394,,Tenney,Ave,,,,394 Tenney Ave,Campbell,OH,44405,,41.0756875,-80.5934375,13307554141
us-oh-campbell-st-michael-byzantine-catholic-church-ruthenian-790c6325,St. Michael Byzantine Catholic Church (Ruthenian),463,,Robinson,Rd,,,,463 Robinson Rd,Campbell,OH,44405,,41.06994647,-80.58128325,(330) 755-4831
us-oh-canal-fulton-ss-philip-james-catholic-church-d21a6850,Saints Philip & James Church,412,,High,St,NE,,,412 High St NE,Canal Fulton,OH,44614,,40.8929558,-81.5990448,(330) 854-2332
us-oh-canal-winchester-immaculate-heart-7a84d6db,St. John XXIII,5170,,Winchester Southern,Rd,NW,,,5170 Winchester Southern Rd NW,Canal Winchester,OH,43110,7917,39.81228015,-82.82036975,(614) 920-1563
us-oh-canfield-st-michael-9b4b4faf,St. Michael,300,N,Broad,St,,,,300 N Broad St,Canfield,OH,44406,,41.0337448,-80.76219,(330) 533-6839
us-pa-canonsburg-st-michael-ruthenian-b58eeec9,St. Michael (Ruthenian),166,E,College,St,,,,166 E College St,Canonsburg,PA,15317,,40.26096598,-80.18193925,(724) 745-7117
us-pa-canonsburg-saint-patrick-st-oscar-romero-parish-b2449d59,St. Patrick,317,,W,Pike,,,,317 W Pike St,Canonsburg,PA,15317,,40.25792204,-80.19448527,(724) 745-6560
us-oh-canton-basilica-of-st-john-the-baptist-2bf9b9e2,Basilica of St. John the Baptist,627,,McKinley,Ave,NW,,,627 McKinley Ave N.W,Canton,OH,44703,,40.80321218,-81.37740629,(330) 454-8044
us-oh-canton-christ-the-servant-parish-at-our-lady-of-peace-church-11976a7d,Christ the Servant Parish at Our Lady of Peace Church,833,,39th,St,NW,,,833 39th St N.W,Canton,OH,44709,,40.842679,-81.380644,(330) 492-0757
us-oh-canton-little-flower-bf8e43ae,Little Flower,2040,,Diamond,St,NE,,,2040 Diamond St NE,Canton,OH,44721,,40.895092,-81.34181,(330) 494-2759
us-oh-canton-poor-clares-of-perpetual-adoration-d9ac817e,Sancta Clara Monastery,4200,,Market,Ave,N,,,4200 Market Ave N,Canton,OH,44714,,40.84441477,-81.36394342,330-492-1171
us-oh-canton-st-anthony-st-francis-of-assisi-parish-92e81dd8,St. Anthony Church (St. Francis of Assisi Parish),1530,,11th,St,SE,,,1530 11th St S.E,Canton,OH,44707,,40.78785139,-81.36182218,(330) 452-9539
us-oh-canton-st-benedict-st-francis-of-assisi-parish-1e6c6f84,St. Benedict Church (St. Francis of Assisi Parish),2207,,3rd,St,SE,,,2207 3rd St SE,Canton,OH,44707,,40.79213054,-81.34675894,(330) 452-9539
us-oh-canton-st-george-romanian-9ca9297f,St. George Cathedral,1121,,44th,St,NE,,,1121 44th St NE,Canton,OH,44714,,40.84613834,-81.35998095,(330) 492-8413
us-oh-canton-st-joan-of-arc-30be1649,St. Joan of Arc,4940,,Tuscarawas,St,W,,,4940 Tuscarawas St W,Canton,OH,44708,,40.792932,-81.440596,(330) 477-6796
us-oh-canton-st-joseph-81cd1117,St. Joseph,2427,W,Tuscarawas,St,,,,2427 W Tuscarawas St,Canton,OH,44708,,40.799631,-81.402313,(330) 453-2526
us-oh-canton-church-of-st-mary-5f99da20,St. Mary,1602,,Market,Ave,S,,,1602 Market Ave S,Canton,OH,44707,,40.7809375,-81.3836875,13304532110
us-oh-canton-st-michael-the-archangel-1183fa6a,St. Michael the Archangel,3430,,St Michael,Dr,NW,,,3430 St Michael Dr NW,Canton,OH,44718,,40.83660493,-81.42157457,330-492-3119
us-oh-canton-st-peter-45b141d5,St. Peter,726,,Cleveland,Ave,NW,,,726 Cleveland Ave N.W,Canton,OH,44702,,40.8036842,-81.37436,(330) 453-8493
us-oh-cardington-sacred-hearts-7561f857,Sacred Hearts,4680,,US Rt 42,,,,,4680 US Rt 42,Cardington,OH,43315,,40.51667966,-82.84899729,(419) 946-3611
us-oh-carey-basilica-national-shrine-of-our-lady-of-consolation-47f5c7bd,Basilica and National Shrine of Our Lady of Consolation,315,,Clay,St,,,,315 Clay St,Carey,OH,43316,,40.95101443,-83.38713663,(419) 396-7107 
us-oh-carey-formerly-st-nicholas-359ad5fa,St. Nicholas,,,Former site cemetery is still there 8981 W Co Rd 6,,,,,Former site cemetery is still there 8981 W Co Rd 6,Carey,OH,43316,,41.02925667,-83.34331322,
us-oh-carrollton-monastery-of-st-gabriel-58466562,Monastery of St. Gabriel,,,Carrollton Ohio 44615,,,,,Carrollton Ohio 44615,Carrollton,OH,44615,,40.5659375,-80.9655625,
us-oh-carrollton-our-lady-of-mercy-aed3ec20,Our Lady of Mercy ,748,,Roswell,Rd,SW,,,748 Roswell Rd SW,Carrollton,OH,44615,,40.57766532,-81.10277728,(330) 627-4664
us-oh-carrollton-our-lady-of-mercy-catholic-church-97f8f435,Our Lady of Mercy Catholic Church,748,,Roswell,Rd,SW,,,748 Roswell Rd SW,Carrollton,OH,44615,,40.5774929,-81.1028225,+1-330-627-4664
us-pa-cecil-saint-mary-corpus-christi-parish-c32a790f,St. Mary-Corpus Christi Parish,10,,St Mary's,Ln,,,,10 St Mary's Ln,Cecil,PA,15321,,40.32828583,-80.18435581,(412) 221-1560
us-in-cedar-grove-holy-guardian-angels-oratory-brookville-parishes-4ba2fdca,Holy Guardian Angels Oratory [Brookville Parishes],405,,US-52,,,,,405 US-52,Cedar Grove,IN,47016,,39.3575551,-84.9382432,+1-765-647-6981
us-oh-celina-immaculate-conception-baf7c09d,Immaculate Conception,229,W,Anthony,St,,,,229 W Anthony St,Celina,OH,45822,,40.55222072,-84.57297362,(419) 586-6648
us-oh-celina-st-aloysius-8c164a87,St. Aloysius,6036,,State Rt 274,,,,,6036 State Rt 274,Celina,OH,45822,,40.43642236,-84.57001213,(419) 678-4118
us-oh-celina-st-sebastian-37a3e8f5,St. Sebastian,3280,,Mercer Cty,Rd,,,,3280 Mercer Cty Rd 716A,Celina,OH,45822,,40.44490122,-84.51703322,(419) 925-4775
us-oh-centerville-incarnation-424bce6f,Incarnation,55,,Williamsburg,Ln,,,,55 Williamsburg Ln,Centerville,OH,45459,,39.63692856,-84.15922546,(937) 345-0101
us-oh-centerville-st-francis-of-assisi-catholic-church-53c072c1,St. Francis of Assisi Roman Catholic Church,6245,,Wilmington,Pike,,,,6245 Wilmington Pike,Centerville,OH,45459,,39.64781756,-84.11190891,(937) 345-0101
us-oh-centerville-saint-ignatius-of-antioch-maronite-85cd048c,St. Ignatius of Antioch (Maronite),50,,Nutt,Rd,,,,50 Nutt Rd,Centerville,OH,45458,,39.59800207,-84.16088317,(937) 428-0372
us-oh-centerville-st-leonard-20072c8a,St. Leonard Faith Community,8100,,Clyo,Rd,,,,8100 Clyo Rd,Centerville,OH,45458,,39.62498667,-84.13654089,(937) 435-3626
us-oh-chagrin-falls-holy-angels-4f552151,Holy Angels,18205,,Chillicothe,Rd,,,,18205 Chillicothe Rd,Chagrin Falls,OH,44023,,41.37320264,-81.33510236,440-708-0000
us-oh-chagrin-falls-st-joan-of-arc-d31dfdb1,St. Joan of Arc,496,E,Washington,St,,,,496 E Washington St,Chagrin Falls,OH,44022,2999,41.42708009,-81.37491923,(440) 247-7183
us-oh-chardon-st-mary-436fa746,St. Mary,401,,N,St,,,,401 N St,Chardon,OH,44024,,41.58948768,-81.20548919,(440) 285-7051
us-oh-chesapeake-st-ann-c51de900,St. Ann,310,,3rd,Ave,,,,310 3rd Ave,Chesapeake,OH,45619,1145,38.42832801,-82.45425668,(740) 867-4434
us-wv-chester-sacred-heart-d384a826,Sacred Heart,418,,4th,St,,,,418 4th St,Chester,WV,26034,1109,40.6114653,-80.56362451,304-387-0198
us-oh-chesterland-most-holy-trinity-romanian-30a922c2,Most Holy Trinity (Romanian),8549,,Mayfield,Rd,,,,8549 Mayfield Rd,Chesterland,OH,44026,,41.521781,-81.336643,(440) 729-7636
us-oh-chesterland-st-anselm-52157aec,St. Anselm,12969,,Chillicothe,Rd,,,,12969 Chillicothe Rd,Chesterland,OH,44026,,41.51506211,-81.33787995,(440) 729-9575
us-oh-chickasaw-precious-blood-37bc79bb,Precious Blood,35,S,Maple,St,,,,35 S Maple St,Chickasaw,OH,45826,,40.43593153,-84.49287822,(419) 925-4775
us-oh-chillicothe-saint-mary-acf5b650,St. Mary,61,S,Paint,St,,,,61 S Paint St,Chillicothe,OH,45601,,39.33144717,-82.98127112,(740) 772-2061
us-oh-chillicothe-st-peter-a3e9b237,St. Peter,118,,Church,St,,,,118 Church St,Chillicothe,OH,45601,,39.33481728,-82.99093373,(740) 774-1407
us-oh-cincinnati-all-saints-81cd36ba,All Saints,8939,,Montgomery,Rd,,,,8939 Montgomery Rd,Cincinnati,OH,45236,2129,39.21878092,-84.35856497,(513) 792-4600
us-oh-cincinnati-annunciation-of-the-blessed-virgin-mary-e1288778,Annunciation of the Blessed Virgin Mary Catholic Church,3547,,Clifton,Ave,,,,3547 Clifton Ave,Cincinnati,OH,45220,,39.1471553,-84.51943159,(513) 381-6400
us-oh-cincinnati-bellarmine-chapel-xavier-university-0403c35b,Bellarmine Chapel -Xavier University,3801,,St Francis Xavier,Way,,,,3801 St Francis Xavier Way,Cincinnati,OH,45207,,39.14902496,-84.47447968,(513) 745-3398
us-oh-cincinnati-cathedral-basilica-of-st-peter-in-chains-e3238fa2,Cathedral Basilica of St. Peter in Chains,325,W,Eighth,St,,,,325 W Eighth St,Cincinnati,OH,45202,1977,39.10354094,-84.51952624,(513) 421-5354
us-oh-cincinnati-christ-hospital-88693ef9,Christ Hospital,2139,,Auburn,Ave,,,,2139 Auburn Ave,Cincinnati,OH,45219,,39.12114,-84.51035,(513) 585-2265
us-oh-cincinnati-cincinnati-oratory-of-st-philip-neri-4f907458,Cincinnati Oratory of St. Philip Neri,118,E,12th,St,,,,118 E 12th St,Cincinnati,OH,45202,,39.1088125,-84.5121875,
us-oh-cincinnati-corpus-christi-e3b10ca9,Corpus Christi,2014,,Springdale,Rd,,,,2014 Springdale Rd,Cincinnati,OH,45231,,39.26117411,-84.55859901,(513) 825-0618
us-oh-cincinnati-franciscan-monastery-of-st-clare-ecdca741,Franciscan Monastery of St. Clare,1505,,Miles,Rd,,,,1505 Miles Rd,Cincinnati,OH,45231,,39.2553125,-84.5418125,15138257177
us-oh-cincinnati-good-samaritan-hospital-d704275b,Good Samaritan Hospital,375,,Dixmyth,Ave,,,,375 Dixmyth Ave,Cincinnati,OH,45220,,39.1400795,-84.52181244,513-862-2281
us-oh-cincinnati-guardian-angels-7ebf715d,Guardian Angels,6531,,Beechmont,Ave,,,,6531 Beechmont Ave,Cincinnati,OH,45230,,39.08505665,-84.37735915,(513) 231-7440
us-oh-cincinnati-holy-cross-immaculata-8547c9b1,Holy Cross–Immaculata,30,,Guido,St,,,,30 Guido St,Cincinnati,OH,45202,1716,39.10700234,-84.49656219,(513) 721-6544
us-oh-cincinnati-holy-family-1a86a14f,Holy Family,814,,Hawthorne,Ave,,,,814 Hawthorne Ave,Cincinnati,OH,45205,,39.10600494,-84.56199938,(513) 921-7527
us-oh-cincinnati-holy-name-9f0725ae,Holy Name,2422,,Auburn,Ave,,,,2422 Auburn Ave,Cincinnati,OH,45219,,39.12638647,-84.50798547,(513) 381-6400
us-oh-cincinnati-immaculate-heart-of-mary-ea612c9d,Immaculate Heart of Mary Church,7820,,Beechmont,Ave,,,,7820 Beechmont Ave Anderson Township,Cincinnati,OH,45255,,39.0733244,-84.34025152,(513) 388-4466
us-oh-cincinnati-church-of-mother-of-christ-51db4af0,Mother of Christ,5301,,Winneste,Ave,,,,5301 Winneste Ave,Cincinnati,OH,45232,,39.1865625,-84.5149375,15132420164
us-oh-cincinnati-mount-st-marys-seminary-45f9b50e,Mount St. Mary’s Seminary,6616,,Beechmont,Ave,,,,6616 Beechmont Ave,Cincinnati,OH,45230,,39.0828125,-84.3721875,15132312223
us-oh-cincinnati-mt-st-joseph-university-b521ff46,Mt. St. Joseph University,5701,,Delhi,Rd,,,,5701 Delhi Rd,Cincinnati,OH,45233,,39.0954769,-84.63797908,(513) 244-4844
us-oh-cincinnati-nativity-of-our-lord-b1eb53d4,Nativity of Our Lord,5935,,Pandora,Ave,,,,5935 Pandora Ave,Cincinnati,OH,45213,,39.18050042,-84.42643522,(513) 531-3164
us-oh-cincinnati-old-st-mary-a72c3b6f,Old St. Mary Church,123,E,Thirteenth,St,,,,123 E Thirteenth St,Cincinnati,OH,45202,,39.10975722,-84.51242138,(513) 721-2988
us-oh-cincinnati-our-lady-of-lavang-vietnamese-church-10295a26,Our Lady of Lavang Vietnamese Church,314,,Township,Ave,,,,314 Township Ave,Cincinnati,OH,45216,,39.184546,-84.490448,+1-513-242-2933
us-oh-cincinnati-our-lady-of-lourdes-f3761cd0,Our Lady of Lourdes,3450,,Lumardo,Ave,,,,3450 Lumardo Ave,Cincinnati,OH,45238,,39.13769166,-84.61725716,513-494-4678
us-oh-cincinnati-our-lady-of-lourdes-catholic-church-57e022bd,Our Lady of Lourdes Catholic Church,3450,,Lumardo,Ave,,,,3450 Lumardo Ave,Cincinnati,OH,45238,,39.1376466,-84.6173453,+1-513-922-0715
us-oh-cincinnati-our-lady-of-victory-6e847baa,Our Lady of Victory,810,,Neeb,Rd,,,,810 Neeb Rd,Cincinnati,OH,45233,4695,39.10891303,-84.6351948,(513) 922-4460
us-oh-cincinnati-our-lady-of-the-visitation-4838f640,Our Lady of Visitation Church,3172,,S,Rd,,,,3172 S Rd,Cincinnati,OH,45248,2998,39.14633,-84.66806,(513) 922-2056
us-oh-cincinnati-our-lord-christ-the-king-7ab9d1cc,Our Lord Christ the King,3223,,Linwood,Ave,,,,3223 Linwood Ave,Cincinnati,OH,45226,1288,39.12754074,-84.43001913,(513) 321-4121
us-oh-cincinnati-church-of-the-resurrection-7bd2c0e1,Resurrection,1619,,California,Ave,,,,1619 California Ave,Cincinnati,OH,45237,,39.17573496,-84.46996813,(513) 242-0400
us-oh-cincinnati-resurrection-of-our-lord-a0eca4d3,Resurrection of Our Lord,1750,,First,Ave,,,,1750 First Ave,Cincinnati,OH,45205,,39.12172,-84.57815,(513) 921-9200
us-oh-cincinnati-sacred-heart-77c2837f,Sacred Heart,2733,,Massachusetts,Ave,,,,2733 Massachusetts Ave,Cincinnati,OH,45225,,39.13183629,-84.53346962,(513) 541-4654
us-oh-cincinnati-st-aloysius-gonzaga-3e27d35f,St Aloysius Gonzaga Parish,4366,,Bridgetown,Rd,,,,4366 Bridgetown Rd,Cincinnati,OH,45211,,39.15826546,-84.62368563,(513) 494-4678
us-oh-cincinnati-st-aloysius-on-the-ohio-44fcd22d,St Aloysius On the Ohio,825,,Pontius,Rd,,,,825 Pontius Rd,Cincinnati,OH,45233,,39.10534735,-84.68347771,(513) 941-3656
us-oh-cincinnati-st-ann-church-of-groesbeck-6078cb57,St Ann Church of Groesbeck,2900,W,Galbraith,Rd,,,,2900 W Galbraith Rd,Cincinnati,OH,45239,,39.2207298,-84.5826071,+1-513-521-8440
us-oh-cincinnati-st-bernard-of-clairvaux-church-taylor-creek-c2bef34f,St Bernard of Clairvaux Church,7130,,Harrison,Ave,,,,7130 Harrison Ave,Cincinnati,OH,45247,,39.213726,-84.67524,(513) 353-4207
us-oh-cincinnati-st-vincent-ferrer-catholic-school-3ff0c52e,St Vincent Ferrer Catholic School,7754,,Montgomery,Rd,,,,7754 Montgomery Rd,Cincinnati,OH,45236,,39.1969151,-84.3832841,+1-513-791-9030
us-oh-cincinnati-st-ann-b9f80aad,St. Ann,2900,W,Galbraith,Rd,,,,2900 W Galbraith Rd,Cincinnati,OH,45239,,39.22082927,-84.58255315,(513) 521-8440
us-oh-cincinnati-oratory-of-st-john-vianney-at-st-anthony-581e2ad8,St. Anthony Parish,6104,,Desmond,St,,,,6104 Desmond St,Cincinnati,OH,45227,,39.16269826,-84.38968086,(513) 871-5757
us-oh-cincinnati-st-anthony-shrine-12b6b4cf,St. Anthony Shrine,5000,,Colerain,Ave,,,,5000 Colerain Ave,Cincinnati,OH,45223,,39.17719329,-84.56140373,513-721-4700
us-oh-cincinnati-saint-anthony-of-padua-maronite-4313d286,St. Anthony of Padua (Maronite),2530,,Victory,Pkwy,,,,2530 Victory Pkwy,Cincinnati,OH,45206,,39.126398,-84.483809,(513) 961-0120
us-oh-cincinnati-st-antoninus-c4d457de,St. Antoninus,1500,,Linneman,Rd,,,,1500 Linneman Rd,Cincinnati,OH,45238,,39.12262199,-84.62440262,(513) 494-4678
us-oh-cincinnati-st-bartholomew-ddeedb47,St. Bartholomew,9375,,Winton,Rd,,,,9375 Winton Rd,Cincinnati,OH,45231,,39.23698593,-84.51002595,(513) 522-3680
us-oh-cincinnati-st-bernard-04416aaa,St. Bernard,735,,Derby,Ave,,,,735 Derby Ave,Cincinnati,OH,45232,,39.17102955,-84.51822748,(513) 541-3732
us-oh-cincinnati-st-boniface-b162b2c8,St. Boniface,1750,,Chase,Ave,,,,1750 Chase Ave,Cincinnati,OH,45223,2098,39.16464394,-84.54549274,(513) 541-1563
us-oh-cincinnati-st-catharine-of-siena-7afab99c,St. Catharine of Siena,2848,,Fischer,Pl,,,,2848 Fischer Pl,Cincinnati,OH,45211,,39.14652096,-84.59195995,(513) 494-4678
us-oh-cincinnati-st-cecilia-d6257a2b,St. Cecilia,3105,,Madison,Rd,,,,3105 Madison Rd,Cincinnati,OH,45209,,39.1529218,-84.42971834,(513) 871-5757
us-oh-cincinnati-st-clare-church-6e07b419,St. Clare,1443,,Cedar,Ave,,,,1443 Cedar Ave,Cincinnati,OH,45224,,39.19808122,-84.54420949,(513) 541-2100
us-oh-cincinnati-st-clare-chapel-7f488895,St. Clare Chapel,60,,Compton,Rd,,,,60 Compton Rd,Cincinnati,OH,45215,,39.21817298,-84.47780513,513-761-9040
us-oh-cincinnati-st-francis-seraph-ab93887b,St. Francis Seraph,1615,,Vine,St,,,,1615 Vine St,Cincinnati,OH,45202,,39.11348891,-84.51645088,(513) 535-2719
us-oh-cincinnati-st-xavier-47fd4e96,St. Francis Xavier,611,,Sycamore,St,,,,611 Sycamore St,Cincinnati,OH,45202,,39.10361266,-84.5089109,(513) 721-4045
us-oh-cincinnati-st-francis-de-sales-66558491,St. Francis de Sales,1600,,Madison,Rd,,,,1600 Madison Rd,Cincinnati,OH,45206,,39.1299553,-84.47647,(513) 961-1945
us-oh-cincinnati-st-gertrude-1bc84c37,St. Gertrude,6543,,Miami,Ave,,,,6543 Miami Ave,Cincinnati,OH,45243,,39.18112876,-84.3645187,(513) 561-5954
us-oh-cincinnati-st-ignatius-of-loyola-8bf918fb,St. Ignatius Loyola,5222,N,Bend,Rd,,,,5222 N Bend Rd,Cincinnati,OH,45247,,39.1824679,-84.60326719,(513) 661-6565
us-oh-cincinnati-st-james-the-greater-32bcad8a,St. James the Greater,3565,,Hubble,Rd,,,,3565 Hubble Rd,Cincinnati,OH,45247,,39.20360843,-84.60045177,(513) 741-5300
us-oh-cincinnati-st-jerome-cf8b8271,St. Jerome,131,,Rohde,Ave,,,,131 Rohde Ave,Cincinnati,OH,45230,,39.06633961,-84.42587852,(513) 231-7042
us-oh-cincinnati-st-john-neumann-5c218157,St. John Neumann,12191,,Mill,Rd,,,,12191 Mill Rd,Cincinnati,OH,45240,1199,39.3053741,-84.54329,(513) 742-0953
us-oh-cincinnati-st-john-the-baptist-e7a020f2,St. John the Baptist,5361,,Dry Ridge,Rd,,,,5361 Dry Ridge Rd,Cincinnati,OH,45252,1898,39.260203,-84.61991096,(513) 385-8010
us-oh-cincinnati-st-joseph-2f7984ec,St. Joseph,745,,Ezzard Charles,Dr,,,,745 Ezzard Charles Dr,Cincinnati,OH,45203,,39.10893327,-84.52738372,(513) 381-4526
us-oh-cincinnati-st-lawrence-94c849c8,St. Lawrence,3680,,Warsaw,Ave,,,,3680 Warsaw Ave,Cincinnati,OH,45205,,39.11141953,-84.5729252,(513) 921-0328
us-oh-cincinnati-st-leo-the-great-cdc49222,St. Leo the Great,2573,,St Leo,Pl,,,,2573 St Leo Pl,Cincinnati,OH,45225,,39.13423715,-84.5572163,513-921-1044
us-oh-cincinnati-church-of-st-louis-52d9c39c,St. Louis,,,8th St & Walnut,St,,,,8th St & Walnut St,Cincinnati,OH,45202,2086,39.1045625,-84.5121875,15132636621
us-oh-cincinnati-st-margaret-mary-1ff1d14e,St. Margaret Mary,1830,W,Galbraith,Rd,,,,1830 W Galbraith Rd,Cincinnati,OH,45239,,39.21847434,-84.55543512,(513) 521-7387
us-oh-cincinnati-church-of-st-margaretst-john-b2627fad,St. Margaret–St. John,,,Murray Ave & Simpson,Ave,,,,Murray Ave & Simpson Ave,Cincinnati,OH,45227,,39.1489375,-84.3905625,15132710856
us-oh-cincinnati-st-martin-of-tours-39ad70e4,St. Martin of Tours,3720,,St Martin's,Pl,,,,3720 St Martin's Pl,Cincinnati,OH,45211,,39.15393241,-84.61267245,(513) 4944678
us-oh-cincinnati-church-of-st-matthias-the-apostle-11cc0c76,St. Matthias the Apostle,1050,W,Kemper,Rd,,,,1050 W Kemper Rd,Cincinnati,OH,45240,1706,39.2904375,-84.5181875,15138511930
us-oh-cincinnati-st-monica-st-george-parish-newman-center-univ-of-cincinnati-6bc2ff20,St. Monica - St. George Parish Newman Center (Univ. of Cincinnati),328,W,McMillan,St,,,,328 W McMillan St,Cincinnati,OH,45219,,39.12846866,-84.52441536,(513) 381-6400
us-oh-cincinnati-st-rose-4b8b034a,St. Rose,2501,,Riverside,Dr,,,,2501 Riverside Dr,Cincinnati,OH,45202,,39.1237266,-84.46167693,(513) 871-1162
us-oh-cincinnati-st-saviour-df34de83,St. Saviour,4136,,Myrtle,Ave,,,,4136 Myrtle Ave,Cincinnati,OH,45236,,39.21070561,-84.3975271,(513) 791-9004
us-oh-cincinnati-st-simon-the-apostle-5a0a2cd8,St. Simon the Apostle,825,,Pontius,Rd,,,,825 Pontius Rd,Cincinnati,OH,45233,,39.11086684,-84.66381696,(513) 941-3656
us-oh-cincinnati-st-stephen-f5380cf6,St. Stephen,3804,,Eastern,Ave,,,,3804 Eastern Ave,Cincinnati,OH,45226,,39.11182083,-84.43522751,(513) 871-3373
us-oh-cincinnati-st-teresa-of-avila-c549db7e,St. Teresa of Avila,1175,,Overlook,Ave,,,,1175 Overlook Ave,Cincinnati,OH,45238,,39.11723665,-84.59886781,(513) 921-9200
us-oh-cincinnati-st-therese-little-flower-b1e37a27,St. Therese Little Flower,5560,,Kirby,Ave,,,,5560 Kirby Ave,Cincinnati,OH,45239,,39.19387492,-84.57171909,(513) 541-5560
us-oh-cincinnati-st-thomas-more-ac83173e,St. Thomas More,800,,Ohio,Pike,,,,800 Ohio Pike,Cincinnati,OH,45245,2299,39.06562443,-84.29303132,(513) 752-2080
us-oh-cincinnati-st-veronica-b53555f2,St. Veronica,4475,,Mt Carmel-Tobasco,Rd,,,,4475 Mt Carmel-Tobasco Rd,Cincinnati,OH,45244,,39.1015221,-84.30059166,(513) 528-1622
us-oh-cincinnati-st-vincent-de-paul-91bfaf74,St. Vincent de Paul,4026,,River,Rd,,,,4026 River Rd,Cincinnati,OH,45204,,39.07708555,-84.60928728,(513) 451-5714
us-oh-cincinnati-st-vivian-6d12c352,St. Vivian,7600,,Winton,Rd,,,,7600 Winton Rd,Cincinnati,OH,45224,1335,39.21114587,-84.51761212,(513) 728-4331
us-oh-cincinnati-st-william-01f6fdfc,St. William,4108,W,Eighth,St,,,,4108 W Eighth St,Cincinnati,OH,45205,,39.10747675,-84.58609912,(513) 921-0247
us-oh-cincinnati-the-community-of-the-good-shepherd-f5f2a477,The Community of the Good Shepherd,8815,E,Kemper,Rd,,,,8815 E Kemper Rd,Cincinnati,OH,45249,,39.26596782,-84.31990673,(513) 489-8815
us-oh-circleville-saint-joseph-4ab2c554,St. Joseph,134,W,Mound,St,,,,134 W Mound St,Circleville,OH,43113,,39.60054,-82.9473953,(740) 477-2549
us-pa-claysville-sacred-heart-st-james-parish-3f4fbb37,Sacred Heart - St. James Parish,1280,,Main,St,,,,1280 Main St,Claysville,PA,15323,,40.11592461,-80.41555047,(724)-225-1425
us-oh-cleveland-abbey-of-st-andrew-be35312c,Abbey of St. Andrew,10510,,Buckeye,Rd,,,,10510 Buckeye Rd,Cleveland,OH,10510,,41.4806875,-81.6110625,12167215300
us-oh-cleveland-blessed-trinity-2c646114,Ascension,14040,,Puritas,Ave,,,,14040 Puritas Ave,Cleveland,OH,44135,,41.43438991,-81.79173709,216-671-5890
us-oh-cleveland-st-john-the-evangelist-b2768c6a,Cathedral of St. John the Evangelist,1007,,Superior,Ave,E,,,1007 Superior Ave E,Cleveland,OH,44114,2582,41.50278216,-81.68851708,(216) 771-6666
us-oh-cleveland-cleveland-clinic-gallagher-family-chapel-3eb63bef,"Cleveland Clinic, Gallagher Family Chapel",9500,,Euclid,Ave,,,,9500 Euclid Ave,Cleveland,OH,44195,,41.50152,-81.6208038,216-444-2518
us-oh-cleveland-dormition-of-the-mother-of-god-ruthenian-daeca02c,Dormition of the Mother of God (Ruthenian),4600,,State,Rd,,,,4600 State Rd,Cleveland,OH,44109,5243,41.429573,-81.708667,(440) 884-8452
us-oh-cleveland-gesu-4ebd5e65,Gesu,2470,,Miramar,Blvd,,,,2470 Miramar Blvd,Cleveland,OH,44118,,41.49211489,-81.53185379,(216) 932-0617
us-oh-cleveland-holy-name-36b4533b,Holy Name,8328,,Broadway Ave.SE,,,,,8328 Broadway Ave.SE,Cleveland,OH,44105,,41.44979612,-81.62942628,(216) 271-4242
us-oh-cleveland-holy-redeemer-d8d288e0,Holy Redeemer,15712,,Kipling,Ave,,,,15712 Kipling Ave,Cleveland,OH,44110,,41.55497018,-81.56819125,(216) 531-3313
us-oh-cleveland-holy-rosary-cdccc55f,Holy Rosary,12021,,Mayfield,Rd,,,,12021 Mayfield Rd,Cleveland,OH,44106,,41.50870558,-81.5988249,(216) 421-2995
us-oh-cleveland-immaculate-conception-eeab76f2,Immaculate Conception,4129,,Superior,Ave,,,,4129 Superior Ave,Cleveland,OH,44103,,41.51456945,-81.66078228,(216) 431-5900
us-oh-cleveland-immaculate-heart-of-mary-da65d907,Immaculate Heart of Mary,6700,,Lansing,Ave,,,,6700 Lansing Ave,Cleveland,OH,44105,,41.45238789,-81.64257374,(216) 341-2734
us-oh-cleveland-mary-queen-of-peace-20bdaef6,Mary Queen of Peace Catholic Church,4423,,Pearl,Rd,,,,4423 Pearl Rd,Cleveland,OH,44109,,41.43538335,-81.70962029,(216) 749-2323
us-oh-cleveland-monastery-of-the-poor-clares-d0d45c82,Monastery of the Poor Clares,3501,,Rocky River,Dr,,,,3501 Rocky River Dr,Cleveland,OH,44111,2998,41.45797659,-81.81432478,216-941-2820
us-oh-cleveland-our-lady-of-angels-f3f83022,Our Lady of Angels,3644,,Rocky River,Dr,,,,3644 Rocky River Dr,Cleveland,OH,44111,,41.4548178,-81.81616842,(216) 252-2332
us-oh-cleveland-our-lady-of-lourdes-0857fdd4,Our Lady of Lourdes,3395,E,53rd,St,,,,3395 E 53rd St,Cleveland,OH,44127,,41.46605884,-81.65222345,(216) 641-2829
us-oh-cleveland-our-lady-of-lourdes-parish-03c36124,Our Lady of Lourdes Parish,3395,E,53rd,St,,,,3395 E 53rd St,Cleveland,OH,44127,,41.4660346,-81.6521188,+1-216-641-2829
us-oh-cleveland-our-lady-of-mt-carmel-west-39f73c91,Our Lady of Mt. Carmel (West),6928,,Detroit,Ave,,,,6928 Detroit Ave,Cleveland,OH,44102,3093,41.48342944,-81.73317565,(216) 651-5043
us-oh-cleveland-our-lady-of-peace-4348740c,Our Lady of Peace,12601,,Shaker,Blvd,,,,12601 Shaker Blvd,Cleveland,OH,44120,,41.4844412,-81.5951012,+1-216-421-4211
us-oh-cleveland-our-lady-of-peace-1b747c00,Our Lady of Peace,12601,,Shaker,Blvd,,,,12601 Shaker Blvd,Cleveland,OH,44120,,41.48441858,-81.59518672,(216) 421-4211
us-oh-cleveland-st-casimir-a853f888,Our Lady of Perpetual Help,18022,,Neff,Rd,,,,18022 Neff Rd,Cleveland,OH,44119,2644,41.58434586,-81.55323382,(216) 481-3157
us-oh-cleveland-poor-clares-of-perpetual-adoration-at-st-pauls-shrine-85ed9ad7,Poor Clares of Perpetual Adoration at St. Paul's Shrine,4120,,Euclid,Ave,,,,4120 Euclid Ave,Cleveland,OH,44103,,41.50335978,-81.65704075,216-361-0783
us-oh-cleveland-sagrada-familia-304acd03,Sagrada Familia,7719,,Detroit,Ave,,,,7719 Detroit Ave,Cleveland,OH,44102,2811,41.48176478,-81.73821756,216-631-2888
us-oh-cleveland-st-boniface-catholic-church-caf04a8d,St Boniface Catholic Church,3545,W,54th,St,,,,3545 W 54th St,Cleveland,OH,44102,,41.45772,-81.72463,216-961-2713
us-oh-cleveland-st-adalbert-d307a3a3,St. Adalbert,2347,E,83rd,St,,,,2347 E 83rd St,Cleveland,OH,44104,,41.49503379,-81.62946074,(216) 881-7647
us-oh-cleveland-st-agnes-our-lady-of-fatima-22b60c1d,St. Agnes–Our Lady of Fatima,6800,,Lexington,Ave,,,,6800 Lexington Ave,Cleveland,OH,44103,,41.51082269,-81.6424625,(216) 391-1655
us-oh-cleveland-st-aloysius-st-agatha-263df504,St. Aloysius–St. Agatha,10932,,St Clair,Ave,,,,10932 St Clair Ave,Cleveland,OH,44108,,41.53991575,-81.60925172,(216) 451-3262
us-oh-cleveland-st-andrew-abbey-6e909a6a,St. Andrew Abbey,10510,,Buckeye,Rd,,,,10510 Buckeye Rd,Cleveland,OH,44104,,41.48084851,-81.61150695,216-721-5300
us-oh-cleveland-st-andrew-kim-acec101a,St. Andrew Kim,2310,W,14th,St,,,,2310 W 14th St,Cleveland,OH,44113,,41.480679,-81.6916349,(216) 861-4630
us-oh-cleveland-communion-of-saints-parish-st-ann-28c53eb3,St. Ann,2175,,Coventry,Rd,,,,2175 Coventry Rd,Cleveland,OH,44118,,41.50049783,-81.57964319,216-321-0024
us-oh-cleveland-st-augustine-0187b2f6,St. Augustine,2486,W,14th,St,,,,2486 W 14th St,Cleveland,OH,44113,,41.47869233,-81.6917493,(216) 781-5530
us-oh-cleveland-st-barbara-1b3ef407,St. Barbara,1505,,Denison,Ave,,,,1505 Denison Ave,Cleveland,OH,44109,,41.45149773,-81.69139517,216-661-1191
us-oh-cleveland-st-casimir-69160737,St. Casimir,8223,,Sowinski,Ave,,,,8223 Sowinski Ave,Cleveland,OH,44103,,41.52418664,-81.63019426,(440) 749-7415
us-oh-cleveland-st-colman-d7265f10,St. Colman,2027,W,65th,St,,,,2027 W 65th St,Cleveland,OH,44102,,41.47608506,-81.73001683,(216) 651-0550
us-oh-cleveland-st-elizabeth-of-hungary-shrine-d5ea9947,St. Elizabeth of Hungary,9016,,Buckeye,Rd,,,,9016 Buckeye Rd,Cleveland,OH,44104,,41.48529034,-81.62325031,(216) 231-0325
us-oh-cleveland-st-emeric-d26041da,St. Emeric,1860,W,22nd,St,,,,1860 W 22nd St,Cleveland,OH,44113,,41.48656214,-81.70202779,216-965-0061
us-oh-cleveland-st-helena-romanian-4bc0c586,St. Helena (Romanian),1367,W,65th,St,,,,1367 W 65th St,Cleveland,OH,44102,2109,41.4848,-81.729857,(216) 651-0965
us-oh-cleveland-st-ignatius-of-antioch-8c670174,St. Ignatius of Antioch,10205,,Lorain,Ave,,,,10205 Lorain Ave,Cleveland,OH,44111,5470,41.46585248,-81.75542749,(216) 251-0300
us-oh-cleveland-st-jerome-af6a60fe,St. Jerome,15000,,Lake Shore,Blvd,,,,15000 Lake Shore Blvd,Cleveland,OH,44110,,41.57316388,-81.57657742,(216) 481-8200
us-oh-cleveland-st-john-cantius-ba48870d,St. John Cantius ,906,,College,Ave,,,,906 College Ave,Cleveland,OH,44113,,41.48060392,-81.68592581,(216) 781-9095
us-oh-cleveland-st-john-nepomucene-a31639a8,St. John Nepomucene,3785,,Independence,Rd,,,,3785 Independence Rd,Cleveland,OH,44105,,41.45497749,-81.65617821,(216) 641-8444
us-oh-cleveland-st-leo-the-great-ff99f52d,St. Leo the Great,4940,,Broadview,Rd,,,,4940 Broadview Rd,Cleveland,OH,44109,,41.4220489,-81.6967444,(216) 661-1006
us-oh-cleveland-st-malachi-b7fcc8d6,St. Malachi,2459,,Washington,Ave,,,,2459 Washington Ave,Cleveland,OH,44113,2380,41.49244866,-81.70725058,(216) 631-6872
us-oh-cleveland-st-mark-catholic-church-63243ba1,St. Mark Catholic Church,15800,,Montrose,Ave,,,,15800 Montrose Ave,Cleveland,OH,44111,,41.4675504,-81.80805551,(216) 226-7577
us-oh-cleveland-saint-maron-maronite-90f9c045,St. Maron (Maronite),1245,,Carnegie,Ave,,,,1245 Carnegie Ave,Cleveland,OH,44115,,41.49729895,-81.68028215,(216) 520-5081
us-oh-cleveland-st-mary-of-the-assumption-0388d017,St. Mary,15519,,Holmes,Ave,,,,15519 Holmes Ave,Cleveland,OH,44110,,41.56039745,-81.573232,(216) 761-7740
us-oh-cleveland-saint-mary-ruthenian-b015add8,St. Mary (Ruthenian),4600,,State,Rd,,,,4600 State Rd,Cleveland,OH,44109,,41.42953891,-81.70853624,(216) 741-7979
us-oh-cleveland-st-mel-c851bcf1,St. Mel,14436,,Triskett,Rd,,,,14436 Triskett Rd,Cleveland,OH,44111,,41.46146612,-81.79533738,(216) 941-4313
us-oh-cleveland-st-michael-the-archangel-church-iglesia-san-miguel-arcángel-f53e7900,St. Michael the Archangel,3114,,Scranton,Rd,,,,3114 Scranton Rd,Cleveland,OH,44109,,41.46972,-81.69723,216-621-3847 
us-oh-cleveland-st-patrick-964ac48a,St. Patrick,3602,,Bridge,Ave,,,,3602 Bridge Ave,Cleveland,OH,44113,3314,41.48318037,-81.71113492,(216) 631-6872
us-oh-cleveland-st-patrick-west-park-8ab0db87,St. Patrick (West Park),4427,,Rocky River,Rd,,,,4427 Rocky River Rd,Cleveland,OH,44135,,41.43440295,-81.82207049,216-251-1200
us-oh-cleveland-st-paul-1c708af3,St. Paul,1369,E,40th,St,,,,1369 E 40th St,Cleveland,OH,44103,,41.51590749,-81.6636409,(216) 431-1895
us-oh-cleveland-st-peter-06a93aa7,St. Peter,1533,E,17th,St,,,,1533 E 17th St,Cleveland,OH,44114,,41.50569069,-81.6813877,(216) 344-2999
us-oh-cleveland-st-rocco-5b9f6bdc,St. Rocco,3205,,Fulton,Rd,,,,3205 Fulton Rd,Cleveland,OH,44109,,41.4671069,-81.707333,(216) 961-8331
us-oh-cleveland-st-stanislaus-b4b9a315,St. Stanislaus,3649,E,65th,St,,,,3649 E 65th St,Cleveland,OH,44105,,41.45921577,-81.64472427,(216) 341-9091
us-oh-cleveland-st-stephen-9da41e86,St. Stephen,1930,W,54th,St,,,,1930 W 54th St,Cleveland,OH,44102,,41.47890858,-81.72394968,(216) 631-5633
us-oh-cleveland-st-vincent-de-paul-745b85d4,St. Vincent de Paul,13400,,Lorain,Ave,,,,13400 Lorain Ave,Cleveland,OH,44111,,41.45715615,-81.78411406,(216) 252-2626
us-oh-cleveland-st-vitus-134d540c,St. Vitus,6019,,Lausche,Ave,,,,6019 Lausche Ave,Cleveland,OH,44103,,41.5225551,-81.64866167,(216) 361-1444
us-oh-cleveland-st-wendelin-7287058b,St. Wendelin,2282,,Columbus,Rd,,,,2282 Columbus Rd,Cleveland,OH,44113,,41.48198964,-81.70031526,216-696-1926
us-oh-cleveland-sts-peter-and-paul-169b839b,Sts. Peter & Paul Ukrainian Catholic Church,2280,W,7th,St,,,,2280 W 7th St,Cleveland,OH,44113,,41.48150388,-81.68474436,(216) 861-2176 
us-oh-clinton-loyola-retreat-house-9ba14937,Loyola Retreat House,700,,Killinger,Rd,,,,700 Killinger Rd,Clinton,OH,44216,,40.92610763,-81.50974722,330-896-2315
us-oh-cloverdale-st-barbara-90a69268,St. Barbara,160,,Main,St,,,,160 Main St,Cloverdale,OH,45827,,41.01722485,-84.30594073,(419) 488-2391
us-oh-clyde-st-mary-b9d4ceb0,St. Mary,609,,Vine,St,,,,609 Vine St,Clyde,OH,43410,1537,41.30538384,-82.97986427,(419) 547-9687
us-ky-cold-spring-st-joseph-4281b8f4,St. Joseph,4011,,Alexandria,Pike,,,,4011 Alexandria Pike,Cold Spring,KY,41076,,39.02333552,-84.44073948,(859) 441-1604
us-oh-coldwater-holy-trinity-33c5b95a,Holy Trinity,116,E,Main,St,,,,116 E Main St,Coldwater,OH,45828,,40.48013547,-84.62828775,(419) 678-4802
us-oh-coldwater-st-mary-cdd5135b,St. Mary,3821,,Philothea,Rd,,,,3821 Philothea Rd,Coldwater,OH,45828,,40.45099442,-84.65502246,(419) 678-4802
us-oh-colerain-st-frances-cabrini-c50f4bb6,St. Frances Cabrini,72581,,US Rt 250 Colerain Rd,,,,,72581 US Rt 250 Colerain Rd,Colerain,OH,43912,,40.13821925,-80.82371426,(740) 695-9993
us-oh-columbia-station-st-elizabeth-ann-seton-0234b81b,St Elizabeth Ann Seton Church,25801,,Royalton,Rd,,,,25801 Royalton Rd,Columbia Station,OH,44028,,41.31217515,-81.93180679,(440) 236-5095
us-oh-columbiana-saint-jude-parish-f682e1ef,St. Jude,180,,Seventh,St,,,,180 Seventh St,Columbiana,OH,44408,,40.89844658,-80.69068366,(330) 482-2351
us-oh-columbus-christ-the-king-chapel-ohio-dominican-university-c3eb2870,Christ The King Chapel--Ohio Dominican University,1216,,Sunbury,Rd,,,,1216 Sunbury Rd (Sansbury Hall),Columbus,OH,43219,,39.99442944,-82.94085848,(614) 251-4567
us-oh-columbus-christ-the-king-e5551e51,Christ the King,2777,E,Livingston,Ave,,,,2777 E Livingston Ave,Columbus,OH,43209,3039,39.94685885,-82.92258001,(614) 237-0401
us-oh-columbus-community-of-the-holy-rosary-and-st-john-c48247ba,Community of the Holy Rosary and St. John,648,,S,Ave,,,,648 S Ave,Columbus,OH,43205,2799,39.9516875,-82.9713125,16142525926
us-oh-columbus-church-of-corpus-christi-30c3847e,Corpus Christi,1111,E,Stewart,Ave,,,,1111 E Stewart Ave,Columbus,OH,43206,3296,39.9404375,-82.9663125,16144432828
us-oh-columbus-holy-cross-d7421322,Holy Cross,204,S,Fifth,St,,,,204 S Fifth St,Columbus,OH,43215,5294,39.95861554,-82.99332422,(614)224-1295
us-oh-columbus-holy-family-9acc7962,Holy Family,584,W,Broad,St,,,,584 W Broad St,Columbus,OH,43215,2710,39.9606323,-83.01658,(614) 221-4323
us-oh-columbus-holy-resurrection-melkite-b33cf626,Holy Resurrection (Melkite) ,4611,,Glenmawr,Ave,,,,4611 Glenmawr Ave,Columbus,OH,43224,,40.059638,-82.997285,(614) 654-1064
us-oh-columbus-immaculate-conception-4380aabe,Immaculate Conception Church,414,E,N Broadway,,,,,414 E N Broadway,Columbus,OH,43214,,40.03189991,-83.00461007,(614) 267-9241
us-oh-columbus-museum-of-catholic-art-and-history-79653d5d,Museum of Catholic Art and History,57,S,Grubb,St,,,,57 S Grubb St,Columbus,OH,43215,,39.9628125,-82.9936875,16146000054
us-oh-columbus-st-leo-oratory-a361d18f,Oratory of St. Leo,221,,Hanford,St,,,,221 Hanford St,Columbus,OH,43206,,39.93644334,-82.98903823,614-443-7685
us-oh-columbus-our-lady-of-guadalupe-star-of-the-new-evangelization-parish-508bc23a,"Our Lady of Guadalupe, Star of the New Evangelization",154,E,Patterson,Ave,,,,154 E Patterson Ave,Columbus,OH,43202,,40.01005858,-83.00610858,(614) 262-0390
us-oh-columbus-our-lady-of-peace-d9c1f88e,Our Lady of Peace,20,E,Dominion,Blvd,,,,20 E Dominion Blvd,Columbus,OH,43214,,40.05402429,-83.0195361,(614) 263-8824
us-oh-columbus-our-lady-of-victory-16ae774d,Our Lady of Victory,1559,,Roxbury,Rd,,,,1559 Roxbury Rd,Columbus,OH,43212,2723,39.9870148,-83.06172,(614) 488-2428
us-oh-columbus-our-lady-of-the-miraculous-medal-e2705436,Our Lady of the Miraculous Medal,5225,,Refugee,Rd,,,,5225 Refugee Rd,Columbus,OH,43232,,39.9204435,-82.85043903,(614) 861-1242
us-oh-columbus-pontifical-college-josephinum-8336366f,Pontifical College Josephinum,7625,N,High,St,,,,7625 N High St,Columbus,OH,43235,,40.1200625,-83.0184375,16148855585
us-oh-columbus-sacred-heart-church-f7faa08d,Sacred Heart Church,893,,Hamlet,St,,,,893 Hamlet St,Columbus,OH,43201,,39.98092297,-82.99984446,(614) 294-5319
us-oh-columbus-st-agnes-527e1a71,St. Agnes,2364,W,Mound,St,,,,2364 W Mound St,Columbus,OH,43204,2997,39.93935717,-83.06070285,(614) 276-5413
us-oh-columbus-saint-aloysius-ca20c757,St. Aloysius,2165,W,Broad,St,,,,2165 W Broad St,Columbus,OH,43223,,39.95542476,-83.05823,(614) 276-6587
us-oh-columbus-st-andrew-catholic-church-parish-office-8657340b,St. Andrew Catholic Church Parish Office,1899,,McCoy,Rd,,,,1899 McCoy Rd,Columbus,OH,43220,,40.0404121,-83.0680598,+1-614-451-4290
us-oh-columbus-saint-andrew-roman-catholic-church-9a991d45,St. Andrew Catholic Church Parish Office,1899,,McCoy,Rd,,,,1899 McCoy Rd,Columbus,OH,43220,,40.04043754,-83.06819534,(614) 451-4290
us-oh-columbus-church-of-st-anthony-3b22b061,St. Anthony,1300,,Urban,Dr,,,,1300 Urban Dr,Columbus,OH,43229,5132,40.0676875,-82.9835625,16148854857
us-oh-columbus-st-catharine-of-siena-4b493a4f,St. Catharine,500,S,Gould,Rd,,,,500 S Gould Rd,Columbus,OH,43209,,39.96075868,-82.92349035,(614) 231-4509
us-oh-columbus-saint-cecilia-3e50952b,St. Cecilia,434,,Norton,Rd,,,,434 Norton Rd,Columbus,OH,43228,2698,39.94233321,-83.14154768,(614) 878-5353
us-oh-columbus-saint-christopher-fa038fd1,St. Christopher,1420,,Grandview,Ave,,,,1420 Grandview Ave,Columbus,OH,43212,,39.98690834,-83.04402758,614-754-8888
us-oh-columbus-st-dominic-catholic-church-8a6c4e13,St. Dominic,451,N,20th,St,,,,451 N 20th St,Columbus,OH,43203,0572,39.97479377,-82.97348227,(614) 252-5926
us-oh-columbus-saint-francis-of-assisi-e905cd6e,St. Francis of Assisi,386,,Buttles,Ave,,,,386 Buttles Ave,Columbus,OH,43215,,39.97790885,-83.0142864,(614) 299-5781
us-oh-columbus-st-james-the-less-1c5ee569,St. James the Less,1652,,Oakland Park,Ave,,,,1652 Oakland Park Ave,Columbus,OH,43224,3552,40.03193614,-82.96947136,(614) 262-1179
us-oh-columbus-saint-john-chrysostom-ruthenian-8bc80350,St. John Chrysostom (Ruthenian),5858,,Cleveland,Ave,,,,5858 Cleveland Ave,Columbus,OH,43231,2863,40.09090477,-82.9506196,(614) 882-7578
us-oh-columbus-saint-john-the-baptist-00e8efb2,St. John the Baptist,720,,Hamlet,St,,,,720 Hamlet St,Columbus,OH,43215,1534,39.97747339,-82.99904968,(614) 294-5319
us-oh-columbus-saint-joseph-cathedral-5ab6bb17,St. Joseph Cathedral,212,E,Broad,St,,,,212 E Broad St,Columbus,OH,43215,3767,39.96324492,-82.99466251,(614) 224-1295
us-oh-columbus-st-josephine-bakhita-parish-db5b0b75,St. Josephine Bakhita Parish,6077,,Sharon Woods,Blvd,,,,6077 Sharon Woods Blvd,Columbus,OH,43229,,40.0919,-82.9725342,(614) 891-0150
us-oh-columbus-church-of-st-ladislas-fa52bd1e,St. Ladislas,277,,Reeb,Ave,,,,277 Reeb Ave,Columbus,OH,43207,1988,39.9248125,-82.9880625,16144432828
us-oh-columbus-saint-margaret-of-cortona-82376170,St. Margaret of Cortona,1600,N,Hague,Ave,,,,1600 N Hague Ave,Columbus,OH,43204,,39.987461,-83.088295,(614) 279-1690
us-oh-columbus-saint-mary-magdalene-32c4a553,St. Mary Magdalene,473,S,Roys,Ave,,,,473 S Roys Ave,Columbus,OH,43204,2598,39.9453099,-83.07735612,(614) 274-1121
us-oh-columbus-saint-mary-44634f7c,St. Mary of the Assumption,684,S,3rd,St,,,,684 S 3rd St,Columbus,OH,43206,1094,39.94875057,-82.99480048,(614) 445-9668
us-oh-columbus-st-marys-syro-malabar-catholic-mission-acb02b69,St. Mary’s Syro Malabar Catholic Mission,893,,Hamlet,St,,,,893 Hamlet St,Columbus,OH,43201,,39.9809074,-82.99987557,614 956 9116
us-oh-columbus-church-of-st-matthias-a3620f4d,St. Matthias,1582,,Ferris,Rd,,,,1582 Ferris Rd,Columbus,OH,43224,2115,40.0510625,-82.9749375,16142673406
us-oh-columbus-saint-patrick-97db0cb5,St. Patrick,280,N,Grant,Ave,,,,280 N Grant Ave,Columbus,OH,43215,2652,39.96886933,-82.99197676,(614) 240-5910
us-oh-columbus-church-of-st-peter-2ad289be,St. Peter,6899,,Smoky Row,Rd,,,,6899 Smoky Row Rd,Columbus,OH,43235,1998,40.1059375,-83.0658125,16148892221
us-oh-columbus-st-peter-campus-saint-peter-saint-joan-of-arc-parish-770aaf06,St. Peter,6899,,Smoky Row,Rd,,,,6899 Smoky Row Rd,Columbus,OH,43235,,40.10611807,-83.06545226,(614) 761-0905
us-oh-columbus-church-of-st-philip-the-apostle-a6d7292e,St. Philip the Apostle,1573,,Elaine,Rd,,,,1573 Elaine Rd,Columbus,OH,43227,2347,39.9421875,-82.8860625,16142371671
us-oh-columbus-st-stephen-the-martyr-03ceb9a2,St. Stephen the Martyr,4131,,Clime,Rd,,,,4131 Clime Rd,Columbus,OH,43228,3535,39.93005467,-83.10610051,(614) 272-5206
us-oh-columbus-st-thomas-more-newman-center-ohio-st-univ-16089797,St. Thomas More Newman Center (Ohio St. Univ.),64,,W,Ln,,,,64 W Lane Ave,Columbus,OH,43201,,40.00628425,-83.01103222,(614) 291-4674
us-oh-columbus-st-thomas-the-apostle-47b3d6fe,St. Thomas the Apostle,2692,E,Fifth,Ave,,,,2692 E Fifth Ave,Columbus,OH,43219,,39.98575123,-82.93167795,(614) 252-0976
us-oh-columbus-saint-timothy-133480c5,St. Timothy,1088,,Thomas,Ln,,,,1088 Thomas Ln,Columbus,OH,43220,7401,40.0340674,-83.04556684,(614) 451-2671
us-oh-columbus-saints-augustine-and-gabriel-a836c4d8,Sts. Augustine and Gabriel,1550,E,Hudson,St,,,,1550 E Hudson St,Columbus,OH,43211,,40.01415435,-82.96831489,(614) 268-3123
us-oh-columbus-grove-st-anthony-of-padua-b30c0199,St. Anthony of Padua,512,W,Sycamore,St,,,,512 W Sycamore St,Columbus Grove,OH,45830,,40.92144268,-84.06366884,(419) 659-2263
us-oh-concord-township-st-gabriel-eb3ccbd6,St. Gabriel,9925,,Johnnycake Ridge,Rd,,,,9925 Johnnycake Ridge Rd,Concord Township,OH,44060,6294,41.6776303,-81.28350784,440-352-8282
us-oh-conneaut-st-frances-cabrini-8d454f81,St. Frances Cabrini,744,,Mill,St,,,,744 Mill St,Conneaut,OH,44030,,41.95620199,-80.55792676,(440) 599-8570
us-oh-conneaut-st-mary-93a345fa,St. Mary,480,,State,St,,,,480 State St,Conneaut,OH,44030,,41.94362848,-80.56411951,(440) 599-8570
us-pa-conneaut-lake-our-lady-queen-of-the-americas-0a978080,"Our Lady, Queen of the Americas",155,S,9th,St,,,,155 S 9th St,Conneaut Lake,PA,16316,,41.60302491,-80.31376964,(814) 382-7252
us-pa-conneautville-st-peter-af9fa142,St. Peter,501,,Washington,St,,,,501 Washington St,Conneautville,PA,16406,,41.76179194,-80.37246888,(814) 683-5313
us-in-connersville-st-gabriel-43da6e63,St. Gabriel,232,W,9th,St,,,,232 W 9th St,Connersville,IN,47331,,39.64645037,-85.13853039,(765) 825-8578
us-oh-continental-church-of-st-john-the-baptist-9c8b9dca,St. John the Baptist,4893,,State Rt 634,,N,,,4893 State Rt 634 N,Continental,OH,45831,,41.1004375,-84.2654375,14195323474
us-oh-continental-st-john-the-baptist-c934ef8b,St. John the Baptist,4893,,State Rt 634,,,,,4893 State Rt 634,Continental,OH,45831,,41.1099473,-84.26534939,(419) 596-4319
us-pa-conway-church-of-our-lady-of-peace-53438456,Our Lady of Peace,1000,,3rd,Ave,,,,1000 3rd Ave,Conway,PA,15027,,40.6601875,-80.2366875,17248694723
us-oh-copley-guardian-angels-6fe0bd3a,Guardian Angels,1686,,Cleveland-Massillon,Rd,,,,1686 Cleveland-Massillon Rd,Copley,OH,44321,,41.09152099,-81.64515601,(330) 666-1373
us-pa-coraopolis-st-joseph-most-sacred-heart-of-jesus-parish-c0d7ddb8,St. Joseph- Most Sacred Heart of Jesus Parish,1304,,Fourth,Ave,,,,1304 Fourth Ave,Coraopolis,PA,15108,,40.51583286,-80.15937634,(412) 264-2573
us-oh-cortland-st-robert-bellarmine-076a5a79,St. Robert Bellarmine,4659,,OH-46,,,,,4659 OH-46,Cortland,OH,44410,,41.34495652,-80.73330393,(330) 637-4886
us-oh-coshocton-sacred-heart-022b5229,Sacred Heart,805,,Main,St,,,,805 Main St,Coshocton,OH,43812,,40.27363503,-81.85801388,(740) 622-8817
us-ky-covington-cathedral-basilica-of-the-assumption-7b8c1519,Cathedral Basilica of the Assumption,1101,,Madison,Ave,,,,1101 Madison Ave,Covington,KY,41011,3116,39.0782679,-84.50856542,(859) 431-2060
us-ky-covington-holy-cross-94ff3c0e,Holy Cross,3612,,Church,St,,,,3612 Church St,Covington,KY,41015,1431,39.04844662,-84.50150162,(859) 431-0636
us-ky-covington-mother-of-god-926e2cbc,Mother of God,119,W,6th,St,,,,119 W 6th St,Covington,KY,41011,1409,39.08399277,-84.51258378,(859) 291-2288
us-ky-covington-our-savior-d9e0578a,Our Savior,246,E,Tenth,St,,,,246 E Tenth St,Covington,KY,41011,3206,39.0816037,-84.50433192,(859) 491-5872
us-ky-covington-st-ann-38d45c7b,St. Ann,1274,,,Pkwy,,,,1274 Pkwy Ave,Covington,KY,41011,,39.08991953,-84.53506032,(859) 261-9548
us-ky-covington-st-augustine-2b39e263,St. Augustine,413,W,19th,St,,,,413 W 19th St,Covington,KY,41014,1162,39.06603218,-84.51219469,(859) 431-3943
us-ky-covington-st-benedict-a09cfe6e,St. Benedict,338,E,17th,St,,,,338 E 17th St,Covington,KY,41014,1397,39.07174925,-84.50067726,(859) 431-5607
us-ky-covington-st-john-the-evangelist-9a1f02ed,St. John the Evangelist,627,,W,Pike,,,,627 W Pike St,Covington,KY,41011,2148,39.07648577,-84.52187917,(859) 431-5314
us-oh-covington-st-teresa-of-the-infant-jesus-81244265,St. Teresa of the Infant Jesus,6925,W,U.S Rt 36,,,,,6925 W U.S Rt 36,Covington,OH,45318,9600,40.13874243,-84.33653124,(937) 473-2970
us-oh-covington-church-of-st-teresa-of-the-infant-jesus-651b895a,St. Teresa of the Infant Jesus,6925,W,US Rt 36,,,,,6925 W US Rt 36,Covington,OH,45318,9600,40.1253125,-84.3353125,19374732970
us-pa-cranberry-saint-ferdinand-divine-grace-parish-522b2e76,St Ferdinand Church - Divine Grace Parish,2535,,Rochester,Rd,,,,2535 Rochester Rd,Cranberry,PA,16066,,40.69808988,-80.11031054,(724) 776-2888
us-pa-crescent-church-of-st-catherine-of-siena-9a21c2f9,St. Catherine of Siena,199,,McGovern,Blvd,,,,199 McGovern Blvd,Crescent,PA,15046,,40.5691875,-80.2331875,17244571679
us-pa-crescent-saint-catherine-of-siena-most-sacred-heart-of-jesus-parish-d1cf654e,St. Catherine of Siena - Most Sacred Heart of Jesus Parish,199,,McGovern,Blvd,,,,199 McGovern Blvd,Crescent,PA,15046,,40.55609894,-80.23100281,(412) 264-2573
us-ky-crescent-springs-st-joseph-37977249,St. Joseph,2470,,Lorraine,Ct,,,,2470 Lorraine Ct,Crescent Springs,KY,41017,1406,39.0532455,-84.5807648,(859) 341-6609
us-oh-crestline-st-joseph-c9cc99ee,St. Joseph,331,N,Thoman,St,,,,331 N Thoman St,Crestline,OH,44827,,40.78778297,-82.73774625,(419) 683-2015
us-ky-crestview-hills-mary-seat-of-wisdom-chapel-thomas-more-university-9a4ddba4,"Mary, Seat of Wisdom Chapel (Thomas More University)",333,,Thomas More,Pkwy,,,,333 Thomas More Pkwy & Villa Madonna Dr,Crestview Hills,KY,41017,3495,39.02190242,-84.56898373,(859) 344-3683
us-oh-crooksville-church-of-the-atonement-7dfa80b3,Church of the Atonement,300,,Winter,St,,,,300 Winter St,Crooksville,OH,43731,,39.7673834,-82.0927804,+1-740-342-1348
us-oh-custar-st-louis-0258b6ce,St. Louis,22792,,Defiance,Pike,,,,22792 Defiance Pike,Custar,OH,43511,,41.2848663,-83.8392639,(419) 669-1864
us-oh-cuyahoga-falls-immaculate-heart-of-mary-bf728848,Immaculate Heart of Mary Church,1905,,Portage,Trl,,,,1905 Portage Trail,Cuyahoga Falls,OH,44223,,41.14856496,-81.50529471,(330) 929-8361
us-oh-cuyahoga-falls-st-eugene-church-5fcc550b,St. Eugene,1821,,Munroe Falls,Ave,,,,1821 Munroe Falls Ave,Cuyahoga Falls,OH,44221,,41.14084209,-81.45790869,(330) 923-5244
us-oh-cuyahoga-falls-church-of-st-joseph-ca859e46,St. Joseph,215,,Falls,Ave,,,,215 Falls Ave,Cuyahoga Falls,OH,44221,,41.1328125,-81.4849375,13309282173
us-oh-cuyahoga-falls-st-joseph-parish-b56c3fba,St. Joseph Parish ,1761,,Second,St,,,,1761 Second St,Cuyahoga Falls,OH,44221,,41.12974776,-81.48557158,(330) 928-2173
us-oh-danville-saint-luke-94f6696e,St. Luke,307,S,Market,St,,,,307 S Market St,Danville,OH,43014,,40.44790201,-82.26064482,(740) 599-6362
us-oh-dayton-chapel-of-the-immaculate-conception-fb33edf1,Chapel of the Immaculate Conception,300,,College Park,,,,,300 College Park,Dayton,OH,45409,,39.7392296,-84.1777204,+1-937-229-3339
us-oh-dayton-university-of-dayton-campus-ministry-9d471f31,Chapel of the Immaculate Conception (University of Dayton Campus Ministry),300,,College Park,,,,,300 College Park ,Dayton,OH,45469,0408,39.74059565,-84.18009261,(937) 229-3339
us-oh-dayton-corpus-christi-church-our-lady-of-grace-parish-c22e269f,Corpus Christi Church / Our Lady of Grace Parish,527,,Forest,Ave,,,,527 Forest Ave,Dayton,OH,45405,,39.77391212,-84.20258306,(937) 274-2107
us-oh-dayton-emmanuel-st-gaspar-family-of-parishes-65f6fe3c,Emmanuel  (St. Gaspar Family of Parishes),149,,Franklin,St,,,,149 Franklin St,Dayton,OH,45402,,39.7533534,-84.19348796,(937) 228-2013
us-oh-dayton-holy-angels-bread-of-life-parish-dca7d7da,Holy Angels (Bread of Life Parish),1322,,Brown,St,,,,1322 Brown St,Dayton,OH,45409,,39.73939875,-84.18142417,(937) 229-5911
us-oh-dayton-holy-cross-62bba92e,Holy Cross,1924,,Leo,St,,,,1924 Leo St,Dayton,OH,45404,,39.78164831,-84.16743426,(937) 228-8802
us-oh-dayton-holy-family-catholic-church-50b84b01,Holy Family,140,S,Findlay,,,,,140 S Findlay,Dayton,OH,45403,,39.762082,-84.155995,(937) 938-6098
us-oh-dayton-church-of-the-holy-family-21bf8de1,Holy Family,140,S,Findlay,St,,,,140 S Findlay St,Dayton,OH,45403,,39.7615625,-84.1559375,19379386098
us-oh-dayton-holy-trinity-st-gaspar-family-of-parishes-7c795538,Holy Trinity Church (St. Gaspar Family of Parishes),272,,Bainbridge,St,,,,272 Bainbridge St,Dayton,OH,45402,,39.75773493,-84.18001123,(937) 228-1223
us-oh-dayton-our-lady-of-mercy-our-lady-of-grace-parish-51aa8695,Our Lady of Mercy Church-Our Lady of Grace Parish,533,,Odlin,Ave,,,,533 Odlin Ave,Dayton,OH,45405,,39.79750826,-84.21990712,(937) 274-2107
us-oh-dayton-our-lady-of-the-immaculate-conception-bread-of-life-parish-748c9c15,Our Lady of the Immaculate Conception,2300,S,Smithville,Rd,,,,2300 S Smithville Rd,Dayton,OH,45420,,39.73313094,-84.13990784,(937) 252-9919
us-oh-dayton-our-lady-of-the-rosary-91782e05,Our Lady of the Rosary,22,,Notre Dame,Blvd,,,,22 Notre Dame Blvd,Dayton,OH,45404,1924,39.77580068,-84.17184973,(937) 228-8802
us-oh-dayton-church-of-the-precious-blood-5d880305,Precious Blood,4961,,Salem,Ave,,,,4961 Salem Ave,Dayton,OH,45416,1799,39.8160625,-84.2721875,19372765954
us-oh-dayton-precious-blood-st-gaspar-family-of-parishes-7bf8d18c,Precious Blood,4961,,Salem,Ave,,,,4961 Salem Ave,Dayton,OH,45416,1799,39.81576261,-84.27254033,(937) 276-5954
us-oh-dayton-church-of-the-queen-of-apostles-8bda0743,Queen of Apostles,,,George Hall,Rd,,,,George Hall Rd,Dayton,OH,45430,1057,39.7103125,-84.0855625,19374290510
us-oh-dayton-queen-of-martyrs-5e6bef54,Queen of Martyrs,4134,,Cedar Ridge,Rd,,,,4134 Cedar Ridge Rd,Dayton,OH,45414,,39.80572579,-84.19826055,(937) 274-2107
us-oh-dayton-sacred-heart-6ad523d3,Sacred Heart,217,W,4th,St,,,,217 W 4th St,Dayton,OH,45402,,39.75774761,-84.19518469,+19372243904
us-oh-dayton-church-of-st-adalbert-993af375,St. Adalbert,1511,,Valley,St,,,,1511 Valley St,Dayton,OH,45404,,39.7834375,-84.1560625,19372288802
us-oh-dayton-st-anthony-bread-of-life-parish-1d2d7336,St. Anthony (Bread of Life Parish),820,,Bowen,St,,,,820 Bowen St,Dayton,OH,45410,2514,39.74857303,-84.15422683,(937) 253-9132
us-oh-dayton-st-benedict-the-moor-5e10115d,St. Benedict the Moor,519,,Liscum,Dr,,,,519 Liscum Dr,Dayton,OH,45417,,39.73681335,-84.26923043,(937) 268-6697
us-ky-dayton-st-bernard-2487bcdd,St. Bernard,401,,Berry,St,,,,401 Berry St,Dayton,KY,41074,,39.11485675,-84.47195124,(859) 261-8506
us-oh-dayton-st-henry-c08f0071,St. Henry,6696,,Springboro,Rd,,,,6696 Springboro Rd,Dayton,OH,45449,3499,39.65491975,-84.22192287,(937) 434-9231
us-oh-dayton-st-joseph-st-gaspar-family-of-parishes-6e129eee,St. Joseph (St. Gaspar Family of Parishes),411,E,Second,St,,,,411 E Second St,Dayton,OH,45402,,39.7624961,-84.18493569,(937) 228-9272
us-oh-dayton-st-mary-bread-of-life-parish-bb4ca014,St. Mary,310,,Allen,St,,,,310 Allen St,Dayton,OH,45410,1895,39.75318499,-84.16803802,(937) 256-5633
us-oh-dayton-church-of-st-mary-b417d9b3,St. Mary,310,,Allen,St,,,,310 Allen St,Dayton,OH,45410,1895,39.7528125,-84.1679375,19372565633
us-oh-dayton-church-of-st-rita-ecb608ce,St. Rita,5401,N,Main,St,,,,5401 N Main St,Dayton,OH,45415,3499,39.8168125,-84.2316875,19372785815
us-oh-dayton-st-rita-st-gaspar-family-of-parishes-faaaca33,St. Rita (St. Gaspar Family of Parishes),5401,N,Main,St,,,,5401 N Main St,Dayton,OH,45415,,39.81639735,-84.23242736,(937) 278-5815
us-oh-dayton-church-of-st-stephen-f8fe7fe7,St. Stephen,1114,,Troy,St,,,,1114 Troy St,Dayton,OH,45404,2719,39.7834375,-84.1734375,19372238306
us-oh-dayton-st-vincent-de-paul-chapel-1eb6eaa7,St. Vincent de Paul Chapel,120,W,Apple,St,,,,120 W Apple St,Dayton,OH,45402,,39.74584548,-84.19129459,937.222.5555
us-ky-de-mossville-st-john-mission-a4052199,St. John Mission,834,,Center Ridge,Rd,,,,834 Center Ridge Rd (Hwy 3184),De Mossville,KY,41033,,38.74207456,-84.46745529,859.824.5381
us-in-decatur-saint-mary-of-the-assumption-82146903,St. Mary of the Assumption,414,W,Madison,St,,,,414 W Madison St,Decatur,IN,46733,,40.8300247,-84.92689,(260) 724-9159
us-oh-deer-park-st-john-the-evangelist-c25d2fae,St. John the Evangelist,7121,,Plainfield,Rd,,,,7121 Plainfield Rd,Deer Park,OH,45236,3431,39.19807053,-84.40040588,(513) 791-9004
us-mi-deerfield-light-of-christ-st-alphonsus-5d6fa899,Light of Christ,222,,Carey,St,,,,222 Carey St,Deerfield,MI,49238,,41.89083259,-83.78003262,517-447-3500
us-oh-defiance-st-isidore-67a2fea0,St. Isidore Parish – Marysdale,06324,,State Rt 15,,,,,06324 State Rt 15,Defiance,OH,43512,,41.35062666,-84.45775617,(419) 497-2161
us-oh-defiance-st-john-the-evangelist-8c63d372,St. John the Evangelist,510,,Jackson,Ave,,,,510 Jackson Ave,Defiance,OH,43512,,41.28564,-84.3663559,(419) 782-7121
us-oh-defiance-st-mary-8a545290,St. Mary,715,,Jefferson,Ave,,,,715 Jefferson Ave,Defiance,OH,43512,,41.28070134,-84.36258942,(419) 782-2776
us-oh-defiance-st-michaels-ridge-7b4552f1,St. Michael,05480,,Moser,Rd,,,,05480 Moser Rd,Defiance,OH,43512,,41.362914,-84.3046013,(419) 576-0727
us-oh-delaware-st-mary-parish-6c66e014,St. Mary,82,E,William,St,,,,82 E William St,Delaware,OH,43015,2385,40.298317,-83.0647049,(740) 363-4641
us-oh-delhi-st-dominic-4ec12fbd,St. Dominic,4551,,Delhi,Rd,,,,4551 Delhi Rd,Delhi,OH,45238,,39.09401491,-84.60037639,(513) 471-7741
us-oh-delphos-st-john-the-baptist-ec8c6bbe,St. John the Baptist,14755,,Landeck,Rd,,,,14755 Landeck Rd,Delphos,OH,45833,,40.80080056,-84.38700443,(419) 692-0636
us-oh-delphos-st-john-the-evangelist-a84594d0,St. John the Evangelist,331,E,2nd,St,,,,331 E 2nd St,Delphos,OH,45833,,40.84323,-84.33642,(419) 695-4050
us-oh-dennison-immaculate-conception-e62127bb,Immaculate Conception,206,N,First,St,,,,206 N First St,Dennison,OH,44621,1230,40.39466345,-81.33596756,(740) 922-3533
us-oh-deshler-immaculate-conception-945070a5,Immaculate Conception,230,,Allendale,Ave,,,,230 Allendale Ave,Deshler,OH,43516,,41.21429445,-83.89919778,(419) 278-3686
us-oh-dillonvale-st-adalbert-ae4b7034,St. Adalbert,39,,Smithfield,St,,,,39 Smithfield St,Dillonvale,OH,43917,0577,40.20283992,-80.77246071,(740) 769-2186
us-ky-dover-st-james-catholic-church-6b9b0085,St. James Catholic Church,3221,,Dover Minerva,Rd,,,,3221 Dover Minerva Rd,Dover,KY,41034,,38.7058812,-83.9187229,+1-606-564-9015
us-oh-dover-saint-joseph-620a7a2c,St. Joseph,613,N,Tuscarawas,Ave,,,,613 N Tuscarawas Ave,Dover,OH,44622,2898,40.52347445,-81.48315253,(330) 364-6661
us-oh-doylestown-ss-peter-and-paul-3bb29502,Sts. Peter and Paul,161,W,Clinton,St,,,,161 W Clinton St,Doylestown,OH,44230,,40.97018737,-81.70025227,(330) 658-2145
us-oh-dresden-saint-ann-2a049401,St. Ann,405,,Chestnut,St,,,,405 Chestnut St,Dresden,OH,43821,9407,40.1244238,-82.01425473,(740) 754-2221
us-oh-dublin-saint-brigid-of-kildare-6cfd6e43,St. Brigid of Kildare,7179,,Avery,Rd,,,,7179 Avery Rd,Dublin,OH,43017,,40.11802262,-83.15839186,(614) 761-3734
us-mi-dundee-st-irene-church-st-gabriel-parish-7c75967f,St. Irene (St. Gabriel Parish),576,E,Main,St,,,,576 E Main St,Dundee,MI,48131,,41.95701455,-83.64967483,734-269-3895
us-oh-dungannon-church-of-st-philip-neri-52247051,St. Philip Neri,11328,,Gavers,Rd,,,,11328 Gavers Rd,Dungannon,OH,11328,,40.73625,-80.88375,13304247648
us-in-dunkirk-st-mary-b96315da,St. Mary,346,S,Broad,St,,,,346 S Broad St,Dunkirk,IN,47336,,40.37023853,-85.20712264,(765) 768-1283
us-oh-east-cleveland-communion-of-saints-parish-st-philomena-20faab45,St. Philomena,13824,,Euclid,Ave,,,,13824 Euclid Ave,East Cleveland,OH,44112,,41.52578331,-81.5864083,216-321-0024
us-oh-east-liverpool-holy-trinity-f7c6637d,Holy Trinity,235,W,5th,St,,,,235 W 5th St,East Liverpool,OH,43920,,40.6205343,-80.58317356,(330) 385-7131
us-oh-east-palestine-our-lady-of-lourdes-parish-5cd6268d,Our Lady of Lourdes,210,E,Main,St,,,,210 E Main St,East Palestine,OH,44413,,40.83285007,-80.5359959,(330) 482-2351
us-oh-eastlake-st-justin-martyr-bc8715bb,St. Justin Martyr,35781,,Stevens,Blvd,,,,35781 Stevens Blvd,Eastlake,OH,44095,,41.6489888,-81.43287554,(440) 946-1177
us-oh-eaton-visitation-of-the-bvm-1867ebdc,Visitation,407,E,Main,St,,,,407 E Main St,Eaton,OH,45320,1895,39.74365787,-84.63167448,(937) 456-3395
us-oh-edgerton-st-mary-a0906403,St. Mary,300,S,Michigan,Ave,,,,300 S Michigan Ave,Edgerton,OH,43517,0355,41.44590632,-84.74912783,(419) 298-2540
us-ky-edgewood-st-pius-x-school-0be51657,St Pius X School,348,,Dudley,Rd,,,,348 Dudley Rd,Edgewood,KY,41017,,39.0099923,-84.5679605,+1-859-341-4900
us-ky-edgewood-st-pius-x-f7221067,St. Pius X,340,,Dudley,Rd,,,,340 Dudley Rd,Edgewood,KY,41017,2609,39.01044149,-84.56872598,(859) 341-4900
us-pa-edinboro-our-lady-of-the-lake-8f155d34,Our Lady of the Lake,128,,Sunset,Dr,,,,128 Sunset Dr,Edinboro,PA,16412,,41.8757039,-80.13716248,(814) 734-3113
us-pa-edinboro-st-philip-mission-2f8a6cab,St. Philip,25797,,State Hwy 98,,,,,25797 State Hwy 98,Edinboro,PA,16412,,41.83127891,-80.23747005,(814) 756-3623
us-wv-elizabeth-st-elizabeth-of-hungary-bdc6c852,St. Elizabeth of Hungary Mission,24,,Butternut,St,,,,24 Butternut St,Elizabeth,WV,26143,,39.05462058,-81.40013246,(681) 236-2700
us-pa-ellwood-city-holy-redeemer-church-divine-grace-parish-7d63d4ff,Holy Redeemer Church - Divine Grace Parish,415,,4th,St,,,,415 4th St,Ellwood City,PA,16117,,40.8567063,-80.2850984,+1-724-758-4411
us-pa-ellwood-city-holy-redeemer-divine-grace-parish-2e24678c,Holy Redeemer Church - Divine Grace Parish,415,,4th,St,,,,415 4th St,Ellwood City,PA,16117,,40.85662152,-80.28509689,(724) 758-7587
us-ky-elsmere-st-henry-catholic-church-71374966,St. Henry Roman Catholic Church,3813,,Dixie,Hwy,,,,3813 Dixie Hwy,Elsmere,KY,41018,1809,39.01390053,-84.60434417,(859) 342-2540
us-oh-elyria-st-agnes-2e49037a,St. Agnes,611,,Lake,Ave,,,,611 Lake Ave,Elyria,OH,44035,3541,41.37708503,-82.1203501,(440) 322-5622
us-oh-elyria-st-jude-1104ff9b,St. Jude,590,,Poplar,St,,,,590 Poplar St,Elyria,OH,44035,,41.38166844,-82.08614758,(440) 366-5711
us-oh-elyria-st-mary-d04a5a0e,St. Mary,320,,Middle,Ave,,,,320 Middle Ave,Elyria,OH,44035,,41.3644256,-82.1068923,(440) 323-5539
us-oh-elyria-st-vincent-de-paul-047dd100,St. Vincent de Paul,41295,N,Ridge,Rd,,,,41295 N Ridge Rd,Elyria,OH,44035,,41.4174486,-82.12111286,(440) 324-4212
us-oh-elyria-st-vincent-de-paul-church-52d8ba6d,St. Vincent de Paul Church,41295,N,Ridge,Rd,,,,41295 N Ridge Rd,Elyria,OH,44035,,41.4175675,-82.1210982,+1-440-324-4212
us-oh-englewood-st-paul-st-gaspar-family-of-parishes-9bde09dc,St. Paul,1000,W,Wenger,Rd,,,,1000 W Wenger Rd,Englewood,OH,45322,,39.8612906,-84.31959563,(937) 836-7535
us-oh-englewood-church-of-st-paul-78f42f45,St. Paul,1000,W,Wenger,Rd,,,,1000 W Wenger Rd,Englewood,OH,45322,,39.8610625,-84.3191875,19378367535
us-pa-erie-our-lady-of-peace-4f3ee366,Our Lady of Peace,2401,W,38th,St,,,,2401 W 38th St,Erie,PA,16506,,42.08155375,-80.12127359,(814) 833-7701
us-mi-erie-st-joseph-0807bf49,St. Joseph,2214,,Manhattan,St,,,,2214 Manhattan St,Erie,MI,48133,,41.792403,-83.49517427,(734) 848-6125
us-pa-erie-st-jude-the-apostle-fe9b4d6c,St. Jude the Apostle,2801,W,6th,St,,,,2801 W 6th St,Erie,PA,16505,,42.10604121,-80.14686291,(814) 833-0927
us-pa-erie-st-julia-119143e3,St. Julia,3750,W,Lake,Rd,,,,3750 W Lake Rd,Erie,PA,16505,,42.09720858,-80.16998067,(814) 833-4347
us-ky-erlanger-church-of-cristo-rey-c6e05bbb,Cristo Rey,,,Donaldson,Rd,,,,Donaldson Rd,Erlanger,KY,41018,,39.0289375,-84.6265625,18595381175
us-ky-erlanger-mary-queen-of-heaven-e7942b5c,"Mary, Queen of Heaven",1150,,Donaldson,Hwy,,,,1150 Donaldson Hwy,Erlanger,KY,41018,,39.03667052,-84.62793213,(859) 525-6909
us-ky-erlanger-st-barbara-63a66d17,St. Barbara,4042,,Turkeyfoot,Rd,,,,4042 Turkeyfoot Rd,Erlanger,KY,41018,2921,38.97275087,-84.59675354,(859) 371-3100
us-oh-euclid-our-lady-of-the-lake-7f6a9934,Holy Cross,19951,,Lake Shore,Blvd,,,,19951 Lake Shore Blvd,Euclid,OH,44119,,41.60104697,-81.54105988,(216) 486-0850
us-oh-euclid-holy-resurrection-byzantine-f899a0f4,Holy Resurrection Byzantine,532,,Lloyd,Rd,,,,532 Lloyd Rd,Euclid,OH,44132,,41.61841256,-81.48975496,216-606-5313
us-oh-euclid-national-shrine-of-our-lady-of-lourdes-2dd2b862,National Shrine of Our Lady of Lourdes,21281,,Chardon,Rd,,,,21281 Chardon Rd,Euclid,OH,44117,,41.56978817,-81.52986879,(216) 481-8232
us-oh-euclid-st-john-of-the-cross-03773be7,St. John of the Cross,140,,Richmond,Rd,,,,140 Richmond Rd,Euclid,OH,44143,,41.58366396,-81.49980846,(216) 289-0770
us-oh-euclid-ss-robert-william-a18e135d,St. William,367,E,260th,St,,,,367 E 260th St,Euclid,OH,44132,,41.61566194,-81.50283368,(216) 731-1515
us-oh-fairborn-mary-help-of-christians-6e47813b,Mary Help of Christians,954,N,Maple,Ave,,,,954 N Maple Ave,Fairborn,OH,45324,,39.83262655,-84.01653656,9378781736
us-oh-fairborn-saint-barbara-the-great-martyr-byzantine-catholic-church-df746168,St. Barbara the Great Martyr Byzantine Catholic Church,3650,,Colonel Glenn,Hwy,,,,3650 Colonel Glenn Hwy,Fairborn,OH,45324,,39.78475767,-84.06491866,(602) 622-6310
us-oh-fairborn-st-john-bosco-chapel-wright-state-university-c00d455d,St. John Bosco Chapel -Wright State University,3650,,Colonel Glenn,Hwy,,,,3650 Colonel Glenn Hwy,Fairborn,OH,45324,,39.78478972,-84.06494375,(937) 426-1836
us-oh-fairfield-sacred-heart-0bf26a2c,Sacred Heart,400,,Nilles,Rd,,,,400 Nilles Rd,Fairfield,OH,45014,2695,39.33845885,-84.56747655,(513) 858.4210
us-oh-fairlawn-our-lady-of-cedars-maronite-55406479,Our Lady of Cedars (Maronite),507,S,Cleveland-Massillon,Rd,,,,507 S Cleveland-Massillon Rd,Fairlawn,OH,44333,3019,41.123015,-81.63598,(330) 666-3598
us-oh-fairlawn-st-hilary-d2815d8c,St. Hilary,2750,W,Market,St,,,,2750 W Market St,Fairlawn,OH,44333,,41.12406774,-81.60259494,(330) 867-1055
us-oh-fairport-harbor-st-anthony-of-padua-church-4c9078d4,St. Anthony of Padua,521,,Plum,St,,,,521 Plum St,Fairport Harbor,OH,44077,,41.75171372,-81.27425078,(440)354-4525
us-pa-fairview-holy-cross-419f7e97,Holy Cross,7100,W,Ridge,Rd,,,,7100 W Ridge Rd,Fairview,PA,16415,,42.03934543,-80.24536779,(814) 474-2605
us-oh-fairview-park-st-angela-merici-e393fb47,St. Angela Merici,20970,,Lorain,Rd,,,,20970 Lorain Rd,Fairview Park,OH,44126,,41.4471145,-81.85186814,(440) 333-2133
us-oh-fairview-park-st-mary-magdalene-byzantine-c78bfadf,St. Mary Magdalene (Byzantine),5390,W,220th,St,,,,5390 W 220th St,Fairview Park,OH,44126,,41.42906028,-81.86564225,(440) 734-4644
us-ky-falmouth-st-francis-xavier-church-dbe3f927,St. Francis Xavier Church,202,W,Second,St,,,,202 W Second St,Falmouth,KY,41040,1118,38.67859166,-84.33060708,(859) 654-8241
us-pa-farrell-our-lady-of-fatima-1c1c0fb1,Our Lady of Fatima–St. Ann,601,,Roemer,Blvd,,,,601 Roemer Blvd,Farrell,PA,16121,,41.21173323,-80.50130833,(724) 346-3359
us-pa-farrell-church-of-st-adalbert-82b2a735,St. Adalbert,1035,,Fruit,Ave,,,,1035 Fruit Ave,Farrell,PA,16121,,41.2176875,-80.5003125,17243427391
us-oh-fayette-our-lady-of-mercy-4ee46b38,Our Lady of Mercy,409,E,Main,St,,,,409 E Main St,Fayette,OH,43521,,41.67393245,-84.32262288,(419) 237-2441
us-oh-fayette-church-of-our-lady-of-mercy-f58d2688,Our Lady of Mercy,409,E,Main,St,,,,409 E Main St,Fayette,OH,43521,,41.6659375,-84.4340625,14192372441
us-oh-fayetteville-st-patrick-b049b072,Chapel of St. Patrick,130,,Stone Alley,,,,,130 Stone Alley,Fayetteville,OH,45118,,39.18568965,-83.93479797,(513) 875-5020
us-oh-findlay-st-michael-the-archangel-parish-church-f967a985,St. Michael the Archangel,750,,Bright,Rd,,,,750 Bright Rd,Findlay,OH,45840,,41.04976533,-83.60745359,(419) 422-2646
us-oh-findlay-st-michael-the-archangel-downtown-chapel-a3529f28,St. Michael the Archangel Parish – Downtown Church (downtown chapel),750,,Bright,Rd,,,,750 Bright Rd,Findlay,OH,45840,,41.03959126,-83.65961134,(419) 422-2646
us-ky-flemingsburg-st-charles-borromeo-cb58b9bd,St. Charles,211,,Mount Carmel,Ave,,,,211 Mount Carmel Ave,Flemingsburg,KY,41041,1315,38.4238169,-83.73233423,(606) 849-9415
us-ky-florence-cristo-rey-88a8e418,Cristo Rey,25,,Cavalier,Blvd,,,,25 Cavalier Blvd,Florence,KY,41042,,39.00871328,-84.6313886,859-538-1175
us-ky-florence-st-paul-6da7cad0,St. Paul,7301,,Dixie,Hwy,,,,7301 Dixie Hwy,Florence,KY,41042,2126,38.99791952,-84.62521101,(859) 371-8051
us-wv-follansbee-st-anthony-ec6e2622,St. Anthony,1017,,Jefferson,St,,,,1017 Jefferson St,Follansbee,WV,26037,,40.329917,-80.59446212,(304) 527-2286
us-oh-fort-jennings-st-joseph-4edeb6bc,St. Joseph,135,N,Water,St,,,,135 N Water St,Fort Jennings,OH,45844,0068,40.90433626,-84.298917,(419) 286-2132
us-oh-fort-loramie-st-michael-d44f6b47,St. Michael,33,,Elm,St,,,,33 Elm St,Fort Loramie,OH,45845,,40.35129864,-84.37163495,(937) 295-2891
us-ky-fort-mitchell-blessed-sacrament-e299004d,Blessed Sacrament,2409,,Dixie,Hwy,,,,2409 Dixie Hwy,Fort Mitchell,KY,41017,,39.03858613,-84.55652379,(859) 331-4302
us-oh-fort-recovery-mary-help-of-christians-8663c7b4,Mary Help of Christians,403,,Sharpsburg,Rd,,,,403 Sharpsburg Rd,Fort Recovery,OH,45846,,40.40834268,-84.77399825,(419) 375-4153
us-oh-fort-recovery-st-anthony-8a545fbe,St. Anthony,471,,St Anthony,Rd,,,,471 St Anthony Rd,Fort Recovery,OH,45846,,40.50895231,-84.78515577,419-678-4802
us-oh-fort-recovery-st-joseph-75f781c6,St. Joseph,1689,,St Joe,Rd,,,,1689 St Joe Rd,Fort Recovery,OH,45846,,40.42820291,-84.73854158,(419) 375-4153
us-oh-fort-recovery-st-paul-06decb0f,St. Paul,517,,Meiring,Rd,,,,517 Meiring Rd,Fort Recovery,OH,45846,,40.36736819,-84.71188081,(419) 375-4153
us-oh-fort-recovery-st-peter-5c108610,St. Peter,1477,,Philothea,Rd,,,,1477 Philothea Rd,Fort Recovery,OH,45846,,40.45074341,-84.7466557,(419) 375-4153
us-ky-fort-thomas-st-catherine-of-siena-92c4aab4,St. Catherine of Siena Church,1803,N,Ft Thomas,Ave,,,,1803 N Ft Thomas Ave,Fort Thomas,KY,41075,,39.09780556,-84.45051632,(859) 441-1352
us-ky-fort-thomas-st-thomas-20f3f6f5,St. Thomas,26,E,Villa,Pl,,,,26 E Villa Pl,Fort Thomas,KY,41075,,39.0727578,-84.44570455,(859) 441-1282
us-in-fort-wayne-cathedral-of-the-immaculate-conception-fc8ba57d,Cathedral of the Immaculate Conception,1105,S,Calhoun,St,,,,1105 S Calhoun St,Fort Wayne,IN,46802,,41.07582746,-85.13791976,(260) 424-1485
us-in-fort-wayne-most-precious-blood-2139dcbd,Most Precious Blood,1515,,Barthold,St,,,,1515 Barthold St,Fort Wayne,IN,46808,,41.08801376,-85.15133688,(260) 424-5535
us-in-fort-wayne-oratory-of-st-francis-of-assisi-9215ffea,Oratory of St. Francis of Assisi,2701,,Spring,St,,,,2701 Spring St,Fort Wayne,IN,46808,,41.08702774,-85.17378248,+1 260 399 7700
us-in-fort-wayne-our-lady-of-good-hope-98f1d5c4,Our Lady of Good Hope,7215,,Saint Joe,Rd,,,,7215 Saint Joe Rd,Fort Wayne,IN,46835,,41.15100706,-85.08430364,(260) 485-9615
us-in-fort-wayne-queen-of-angels-a73b2bc1,Queen of Angels,1500,W,State,Blvd,,,,1500 W State Blvd,Fort Wayne,IN,46808,,41.09656065,-85.16321418,(260) 482-9411
us-in-fort-wayne-sacred-heart-f38849d4,Sacred Heart,4643,,Gaywood,Dr,,,,4643 Gaywood Dr,Fort Wayne,IN,46806,,41.0415535,-85.12195,(260) 744-2519
us-in-fort-wayne-st-andrew-the-apostle-eastern-catholic-church-8f07c73b,St. Andrew the Apostle Eastern Catholic Church,,,Bishop Luers High School Chapel 333 E Paulding,Rd,,,,Bishop Luers High School Chapel 333 E Paulding Rd,Fort Wayne,IN,46816,,41.031626,-85.134281,(260)440-1642
us-in-fort-wayne-saint-charles-borromeo-1e4d9ff0,St. Charles Borromeo,4916,,Trier,Rd,,,,4916 Trier Rd,Fort Wayne,IN,46815,,41.11103544,-85.07960994,(260) 482-2186
us-in-fort-wayne-saint-henry-catholic-church-58c88309,St. Henry Catholic Church ,3029,E,Paulding,Rd,,,,3029 E Paulding Rd,Fort Wayne,IN,46816,,41.03282442,-85.09769268,(260) 447 4100
us-in-fort-wayne-saint-john-the-baptist-88b1369d,St. John the Baptist,4500,,Fairfield,Ave,,,,4500 Fairfield Ave,Fort Wayne,IN,46807,,41.04249869,-85.14471548,(260) 744-4393
us-in-fort-wayne-saint-joseph-807de44b,St. Joseph,2213,,Brooklyn,Ave,,,,2213 Brooklyn Ave,Fort Wayne,IN,46802,,41.06462163,-85.16469899,(260) 432-5113
us-in-fort-wayne-saint-joseph-hessen-cassel-def4a687,St. Joseph - Hessen Cassel,11337,,Old U.S 27,,S,,,11337 Old U.S 27 S,Fort Wayne,IN,46816,,40.97938616,-85.08259702,(260) 639-3058
us-in-fort-wayne-saint-jude-e057c858,St. Jude,2130,,Pemberton,,,,,2130 Pemberton ,Fort Wayne,IN,46805,,41.09594371,-85.11236517,(260) 484-6609
us-in-fort-wayne-saint-mary-a4e7e55d,St. Mary,1101,S,Lafayette,St,,,,1101 S Lafayette St,Fort Wayne,IN,46802,,41.07675018,-85.13346553,(260) 424-8231
us-in-fort-wayne-st-mary-mother-of-god-31b65bcf,St. Mary Mother of God,1101,S,Lafayette,St,,,,1101 S Lafayette St,Fort Wayne,IN,46802,,41.07665852,-85.13334095,(260) 424-8231
us-in-fort-wayne-saint-patrick-26791428,St. Patrick,2120,,Harrison,St,,,,2120 Harrison St,Fort Wayne,IN,46802,,41.06562088,-85.13969801,(260) 744-1450
us-in-fort-wayne-saint-peter-400ec4fa,St. Peter,518,E,DeWald,St,,,,518 E DeWald St,Fort Wayne,IN,46803,,41.06570757,-85.1303936,(260) 744-2765
us-in-fort-wayne-saint-therese-ce684fa6,St. Therese,2304,,Lower Huntington,Rd,,,,2304 Lower Huntington Rd,Fort Wayne,IN,46819,,41.02078442,-85.16697457,(260) 747-9139
us-in-fort-wayne-saint-vincent-de-paul-00745205,St. Vincent de Paul,1502,E,Wallen,Rd,,,,1502 E Wallen Rd,Fort Wayne,IN,46825,,41.16128492,-85.12250947,(260) 489-3537
us-ky-fort-wright-st-agnes-c33156ae,St. Agnes,1680,,Dixie,Hwy,,,,1680 Dixie Hwy,Fort Wright,KY,41011,2779,39.06369494,-84.53767685,(859) 431-1802
us-oh-fostoria-st-wendelin-44e7ad61,St. Wendelin,323,N,Wood,St,,,,323 N Wood St,Fostoria,OH,44830,,41.15995469,-83.41677757,(419) 435-6692
us-pa-freedom-saint-felix-our-lady-of-the-valley-parish-4da95707,St. Felix Church - Our Lady of the Valley Parish,450,,13th,St,,,,450 13th St,Freedom,PA,15042,,40.681323,-80.24970428,(724) 775-1476
us-oh-freeport-st-matthias-3404b508,Mission of St. Matthias,113,W,Main,St,,,,113 W Main St,Freeport,OH,43973,,40.20989772,-81.26755596,(740) 942-2211
us-in-fremont-saint-paul-d44a0d57,Chapel of St. Paul,8780,E,700,,N,,,8780 E 700 N,Fremont,IN,46737,,41.74774577,-84.82586908,(260) 665-2259
us-oh-fremont-sacred-heart-4b707b40,Sacred Heart,550,,Smith,Rd,,,,550 Smith Rd,Fremont,OH,43420,,41.3382889,-83.09254895,(419) 332-7339
us-oh-fremont-saint-ann-catholic-church-9d889393,Saint Ann Catholic Church,1021,W,State,St,,,,1021 W State St,Fremont,OH,43420,,41.3504039,-83.1218368,+1-419-332-7472
us-oh-fremont-st-ann-3ba45849,St. Ann,1021,W,State,St,,,,1021 W State St,Fremont,OH,43420,,41.35047064,-83.12181983,(419) 332-7472
us-oh-fremont-st-joseph-baaf0155,St. Joseph,709,,Croghan,St,,,,709 Croghan St,Fremont,OH,43420,,41.34614525,-83.11944359,(419) 334-2638
us-oh-gahanna-saint-matthew-the-apostle-ac5c4277,St. Matthew the Apostle,807,,Havens Corners,Rd,,,,807 Havens Corners Rd,Gahanna,OH,43230,,40.01718131,-82.85387217,(614) 471-0212
us-oh-galion-st-joseph-ef26e161,St. Joseph,135,N,Liberty,St,,,,135 N Liberty St,Galion,OH,44833,,40.73464497,-82.78619955,(419) 468-2884
us-oh-gallipolis-st-louis-51e07c0a,St. Louis,85,,State,St,,,,85 State St,Gallipolis,OH,45631,1147,38.8094473,-82.20694872,(740) 446-0669
us-oh-garfield-heights-holy-spirit-catholic-church-2f26439a,Holy Spirit,4341,E,131st,St,,,,4341 E 131st St,Garfield Heights,OH,44105,,41.44117358,-81.59085055,(216) 581-0981
us-oh-garfield-heights-st-monica-ff6a4b4d,St. Monica,13623,,Rockside,Rd,,,,13623 Rockside Rd,Garfield Heights,OH,44125,,41.40216748,-81.58841309,(216) 662-8685
us-oh-garfield-heights-st-therese-parish-6baa1084,St. Therese,5276,E,105th,St,,,,5276 E 105th St,Garfield Heights,OH,44125,,41.41739707,-81.61153926,(216) 581-2852
us-oh-garfield-heights-sts-peter-and-paul-525f98f5,Sts. Peter and Paul,4750,,Turney,Rd,,,,4750 Turney Rd,Garfield Heights,OH,44125,,41.43029984,-81.61647514,(216) 429-1515
us-in-garrett-saint-joseph-4829b05e,St. Joseph,300,W,Houston,St,,,,300 W Houston St,Garrett,IN,46738,,41.34818765,-85.13908369,(260) 357-3122
us-oh-garrettsville-st-ambrose-91e1758f,St. Ambrose,10692,,Freedom,St,,,,10692 Freedom St,Garrettsville,OH,44231,,41.2830915,-81.09693153,(330) 527-4105
us-oh-gates-mills-our-lady-chapel-at-gilmour-academy-32403841,Our Lady Chapel at Gilmour Academy,34001,,Cedar,Rd,,,,34001 Cedar Rd,Gates Mills,OH,44040,,41.50248636,-81.43696592,(440) 473-3560
us-oh-gates-mills-st-francis-of-assisi-d41599c1,St. Francis of Assisi,6850,,Mayfield,Rd,,,,6850 Mayfield Rd,Gates Mills,OH,44040,,41.51967969,-81.4302559,(440) 461-0066
us-oh-geneva-assumption-of-the-blessed-virgin-mary-8f3f93fc,Assumption of the Blessed Virgin Mary,30,,Lockwood,St,,,,30 Lockwood St,Geneva,OH,44041,,41.80136211,-80.95712554,(440) 466-3427
us-in-geneva-st-mary-of-the-presentation-8ece0d44,St. Mary of the Presentation,5790,E,1100,,S,,,5790 E 1100 S,Geneva,IN,46740,,40.58619322,-84.82467345,(260) 997-6558
us-oh-genoa-our-lady-of-lourdes-2658f5a1,Our Lady of Lourdes,204,,Main,St,,,,204 Main St,Genoa,OH,43430,,41.51246383,-83.35915138,(419) 855-8501
us-oh-georgetown-st-george-a126d6e1,St. George,509,E,State,St,,,,509 E State St,Georgetown,OH,45121,,38.86445785,-83.89859504,(937) 378-6453
us-oh-germantown-st-augustine-3f623206,St. Augustine,6931,,Weaver,Rd,,,,6931 Weaver Rd,Germantown,OH,45327,,39.63411731,-84.35709435,(937) 855-2289
us-oh-gibsonburg-st-michael-the-archangel-ac9155ef,St. Michael,317,E,Madison,St,,,,317 E Madison St,Gibsonburg,OH,43431,,41.38451772,-83.31707932,(419) 637-2255
us-pa-girard-church-of-st-john-the-evangelist-099b3a29,St. John the Evangelist,101,,Olin,Ave,,,,101 Olin Ave,Girard,PA,16417,,42.0023125,-80.3165625,18147744108
us-pa-girard-st-john-the-evangelist-19f4ff8e,St. John the Evangelist,1001,,Main,St,E,,,1001 Main St E,Girard,PA,16417,,42.00704239,-80.30535496,(814) 774-4108
us-oh-girard-st-rose-d46dbbd0,St. Rose,48,E,Main,St,,,,48 E Main St,Girard,OH,44420,2601,41.1550395,-80.6999266,(330) 545-4351
us-pa-girard-sts-cyril-and-methodius-ruthenian-78d843dd,Sts. Cyril and Methodius (Ruthenian),1022,,Tilden,Ave,,,,1022 Tilden Ave,Girard,PA,16417,,42.0098053,-80.30640201,(814) 774-3281
us-oh-glandorf-st-john-the-baptist-9dd23b26,St. John the Baptist,109,,Main,St,,,,109 Main St,Glandorf,OH,45848,0048,41.03029383,-84.07951866,(419) 538-6928
us-wv-glen-dale-st-jude-afdad993,St. Jude,826,,Jefferson,Ave,,,,826 Jefferson Ave,Glen Dale,WV,26038,,39.94691232,-80.75106651,304-845-2646
us-oh-glendale-st-gabriel-dae34459,St. Gabriel,48,W,Sharon,Ave,,,,48 W Sharon Ave,Glendale,OH,45246,4398,39.27356467,-84.46986744,(513) 771-4700
us-oh-glenmont-church-of-sts-peter-and-paul-49cf9a15,Sts. Peter and Paul,520,,,,,,,520,Glenmont,OH,44628,,40.5201875,-82.0949375,13306741671
us-oh-glouster-holy-cross-9d356ca7,Holy Cross,31,,Republic,Ave,,,,31 Republic Ave,Glouster,OH,45732,1214,39.50105276,-82.08218142,(740) 592-2711
us-oh-grafton-our-lady-queen-of-peace-80d22a22,Our Lady Queen of Peace,708,,Erie,St,,,,708 Erie St,Grafton,OH,44044,,41.27774498,-82.05988952,440-926-2364
us-oh-grand-rapids-st-patrick-2fff0ac4,St. Patrick,14010,S,River,Rd,,,,14010 S River Rd,Grand Rapids,OH,43522,,41.41944603,-83.87321616,(419) 832-5215
us-oh-granville-saint-edward-the-confessor-8d73104e,St Edward the Confessor,785,,Newark-Granville,Rd,,,,785 Newark-Granville Rd,Granville,OH,43023,,40.06805546,-82.50704908,(740) 587-3254
us-ky-grayson-saints-john-and-elizabeth-01224764,Sts. John and Elizabeth,799,,State Hwy 1947,,,,,799 State Hwy 1947,Grayson,KY,41143,9334,38.34382854,-82.95414501,(606) 474-9979
us-oh-greenfield-st-benignus-39fab7c7,St. Benignus,204,S,Second,St,,,,204 S Second St,Greenfield,OH,45123,1655,39.35071504,-83.38074166,(937) 981-2785
us-oh-greenhills-our-lady-of-the-rosary-d05b7c62,Our Lady of the Rosary,17,,Farragut,Rd,,,,17 Farragut Rd,Greenhills,OH,45218,,39.2668905,-84.52274475,(513) 825-8626
us-ky-greenup-st-lawrence-b2ce740a,St. Lawrence,500,,Laurel,St,,,,500 Laurel St,Greenup,KY,41144,,38.5753862,-82.83770045,606-329-1607
us-oh-greenville-st-marys-catholic-church-a8407e12,St. Mary's Catholic Church,233,W,Third,St,,,,233 W Third St,Greenville,OH,45331,,40.09986438,-84.63457537,(937) 548-1616
us-pa-greenville-st-michael-21c7f949,St. Michael,85,N,High,St,,,,85 N High St,Greenville,PA,16125,,41.40624648,-80.39662268,(724) 588-9800
us-pa-grove-city-beloved-disciple-parish-8dc4b729,Beloved Disciple,1310,S,Center St,Ext,,,,1310 S Center St Ext,Grove City,PA,16127,,41.1554451,-80.10959,(724) 748-6700 or (724) 867-2422
us-oh-grove-city-our-lady-of-perpetual-help-7815f1cf,Our Lady of Perpetual Help Church,3730,,Broadway,,,,,3730 Broadway,Grove City,OH,43123,,39.88751302,-83.08795897,(614) 875-3322
us-oh-groveport-church-of-st-mary-67cb7df0,St. Mary,5684,,,Rd,,,,5684 Rd,Groveport,OH,43125,1003,39.8584375,-82.9056875,16144971324
us-in-guilford-all-saints-parish-st-john-the-baptist-church-3a8886ae,All Saints Parish -St. John the Baptist Church,25743,,State Rt 1,,,,,25743 State Rt 1 (Dover),Guilford,IN,47022,,39.24452651,-84.94811609,(812) 576-4302
us-in-guilford-all-saints-parish-st-martin-church-101557e5,All Saints Parish -St. Martin Church ,8044,,Yorkridge,Rd,,,,8044 Yorkridge Rd (Yorkville),Guilford,IN,47022,,39.20573108,-84.96763618,(812) 576-4302
us-in-guilford-st-paul-catholic-church-7a01aca6,St Paul Catholic Church,9788,N,Dearborn,Rd,,,,9788 N Dearborn Rd,Guilford,IN,47022,,39.2343624,-84.9994709,+1-812-576-4302
us-in-guilford-st-paul-church-a7947292,St. Paul,9788,N,Dearborn,Rd,,,,9788 N Dearborn Rd (New Alsace),Guilford,IN,47022,,39.2343629,-84.99954022,(812) 576-4302
us-oh-hamilton-queen-of-peace-afe78dd7,Queen of Peace,2550,,Millville,Ave,,,,2550 Millville Ave,Hamilton,OH,45013,,39.39464364,-84.64497594,(513) 863-4344
us-oh-hamilton-st-ann-402a24d9,St. Ann,3000,,Pleasant,Ave,,,,3000 Pleasant Ave,Hamilton,OH,45015,,39.36693428,-84.55715843,(513) 863-4963
us-oh-hamilton-st-joseph-c15baec7,St. Joseph,171,,Washington,St,,,,171 Washington St,Hamilton,OH,45011,,39.39109018,-84.56561125,(513) 863-1424
us-oh-hamilton-st-julie-billiart-4e7c9a83,St. Julie Billiart Parish,224,,Dayton,St,,,,224 Dayton St,Hamilton,OH,45011,1634,39.40202554,-84.56024937,(513) 863-1040
us-oh-hamilton-st-peter-in-chains-95788948,St. Peter in Chains,382,,Liberty,Ave,,,,382 Liberty Ave,Hamilton,OH,45013,,39.40732954,-84.56716173,(513) 863-3938
us-oh-hamler-chapel-of-st-paul-840b2a1d,Chapel of St. Paul,109,,& Cowen,St,,,,109 & Cowen St,Hamler,OH,43524,,41.2284375,-84.0359375,14192643321
us-oh-hanoverton-st-philip-neri-7864b140,St. Philip Neri,11328,,Gavers,Rd,,,,11328 Gavers Rd,Hanoverton,OH,44423,,40.7417817,-80.89412854,(330) 223-1871
us-oh-harrison-st-john-the-baptist-bfd80b44,St. John the Baptist,10010,,Carolina Trace,Rd,,,,10010 Carolina Trace Rd,Harrison,OH,45030,,39.26051977,-84.78691289,(513) 367-9086
us-oh-harrison-church-of-st-john-the-baptist-57ed9ef4,St. John the Baptist,509,,,Ave,,,,509 Ave,Harrison,OH,45030,,39.2610625,-84.8163125,15133679086
us-oh-heath-church-of-st-leonard-d919f762,St. Leonard,57,,Dorsey Mill,Rd,,,,57 Dorsey Mill Rd,Heath,OH,43056,1198,40.0194375,-82.4429375,17405225270
us-oh-helena-st-mary-f33577a5,St. Mary,865,,State Rt 635,,,,,865 State Rt 635,Helena,OH,43435,,41.31845191,-83.27254709,(419) 638-3042
us-pa-hermitage-notre-dame-2fef9ad9,Notre Dame,2325,,Highland,Rd,,,,2325 Highland Rd,Hermitage,PA,16148,,41.2400601,-80.4674061,(724) 981-5566
us-pa-hermitage-st-michael-byzantine-catholic-church-ruthenian-9f17f256,St. Michael Byzantine Catholic Church (Ruthenian),2230,,Highland,Rd,,,,2230 Highland Rd,Hermitage,PA,16148,2821,41.2384296,-80.46838453,(724) 981-6680
us-oh-hicksville-st-michael-00d6717c,St. Michael,100,,Antwerp,Dr,,,,100 Antwerp Dr,Hicksville,OH,43526,,41.28954894,-84.76673008,(419) 542-8202
us-oh-highland-heights-st-ann-shrine-b93ea3dd,St. Ann Shrine,5384,,Wilson MIlls,Rd,,,,5384 Wilson MIlls Rd,Highland Heights,OH,44143,,41.53841738,-81.4855181,440-449-2700
us-oh-highland-heights-st-paschal-baylon-4f6220ce,St. Paschal Baylon,5384,,Wilson Mills,Rd,,,,5384 Wilson Mills Rd,Highland Heights,OH,44143,,41.53842165,-81.48569425,(440) 442-3410
us-oh-hilliard-saint-brendan-8255a0ad,St. Brendan the Navigator,4475,,Dublin,Rd,,,,4475 Dublin Rd,Hilliard,OH,43026,,40.05359641,-83.1070915,(614) 876-1272
us-oh-hillsboro-st-mary-89719179,St. Mary,212,S,High,St,,,,212 S High St,Hillsboro,OH,45133,,39.20032478,-83.61160578,(937) 393-1742
us-mi-hillsdale-st-anthony-of-padua-1e2b879c,St. Anthony of Padua,11,N,Broad,St,,,,11 N Broad St,Hillsdale,MI,49242,1800,41.92059916,-84.6306995,517-437-3305
us-pa-hillsville-church-of-st-lawrence-89377c55,St. Lawrence,175,,Martin Kelly Spear,Rd,,,,175 Martin Kelly Spear Rd,Hillsville,PA,16132,,41.0126875,-80.4934375,17246677721
us-oh-hinckley-our-lady-of-grace-db8bbb5f,Our Lady of Grace,1088,,Ridge,Rd,,,,1088 Ridge Rd,Hinckley,OH,44233,,41.24734466,-81.74554789,(330) 278-4121
us-oh-holgate-st-mary-937d3d39,St. Mary,316,,Chicago,Ave,,,,316 Chicago Ave,Holgate,OH,43527,0487,41.2506873,-84.12978719,(419) 264-3321
us-oh-hopedale-sacred-heart-8ecd81a9,Sacred Heart,209,,Cross,St,,,,209 Cross St,Hopedale,OH,43976,,40.32450943,-80.89639344,(740) 942-2211
us-oh-hopedale-sacred-heart-catholic-church-9327718a,Sacred Heart Catholic Church,209,,Cross,St,,,,209 Cross St,Hopedale,OH,43976,,40.324638,-80.8964529,+1-740-942-2211
us-oh-hubbard-saint-patrick-c3e9e3dc,St. Patrick,357,N,Main,St,,,,357 N Main St,Hubbard,OH,44425,,41.1608672,-80.56835248,(330) 534-1928
us-oh-huber-heights-st-peter-2b6d0195,St. Peter,6161,,Chambersburg,Rd,,,,6161 Chambersburg Rd,Huber Heights,OH,45424,3897,39.8475227,-84.11779,(937) 233-1503
us-mi-hudson-sacred-heart-f8d68199,Sacred Heart,207,S,Market,St,,,,207 S Market St,Hudson,MI,49247,,41.85333777,-84.35353825,(517) 448-3811
us-oh-hudson-st-mary-20ed9719,St. Mary,340,N,Main,St,,,,340 N Main St,Hudson,OH,44236,,41.24707161,-81.44162635,(330) 653-8118
us-wv-huntington-catholic-newman-center-01b2e904,Catholic Newman Center,1609,,5th,Ave,,,,1609 5th Ave,Huntington,WV,25703,,38.42114873,-82.43110227,(304) 525-4618
us-wv-huntington-our-lady-of-fatima-3589b3ff,Our Lady of Fatima,545,,Norway,Ave,,,,545 Norway Ave,Huntington,WV,25705,1599,38.40420163,-82.40097297,(304) 525-0866
us-wv-huntington-sacred-heart-db46b52e,Sacred Heart,2015,,Adams,Ave,,,,2015 Adams Ave,Huntington,WV,25704,1419,38.40912561,-82.4897485,(304) 429-4318
us-wv-huntington-st-joseph-bcf3eb53,St. Joseph,1304,,Sixth,Ave,,,,1304 Sixth Ave,Huntington,WV,25701,,38.41972878,-82.43616636,(304) 525-5202
us-wv-huntington-st-peter-claver-e8c1aec3,St. Peter Claver,828,,15th,St,,,,828 15th St,Huntington,WV,25701,2940,38.4158589,-82.43168174,(304) 523-7311
us-oh-huron-st-peter-c5fcf178,St. Peter,430,,Main,St,,,,430 Main St,Huron,OH,44839,,41.3914221,-82.55684661,(419) 433-5725
us-wv-hurricane-ascension-0d792ebf,Ascension,905,,Hickory Mills,Rd,,,,905 Hickory Mills Rd,Hurricane,WV,25526,,38.44044433,-81.99652996,(304) 562-5816
us-oh-hyde-park-st-mary-43662c3c,St. Mary,2853,,Erie,Ave,,,,2853 Erie Ave,Hyde Park,OH,45208,2397,39.1387894,-84.43807248,(513) 321-1207
us-mi-ida-st-gabriel-catholic-parish-ida-church-0d7d80cd,St. Joseph,8295,,Van Aiken,St,,,,8295 Van Aiken St,Ida,MI,48140,,41.90930001,-83.57596062,(734) 269-3895
us-pa-imperial-st-isidore-the-farmer-parish-st-columbkille-f4e2fe80,St. Columbkille,103,,Church,Rd,,,,103 Church Rd,Imperial,PA,15126,,40.44806782,-80.24417495,(724) 695-7325
us-oh-independence-st-michael-catholic-church-e1896011,St Michael Catholic Church,6912,,Chestnut,Rd,,,,6912 Chestnut Rd,Independence,OH,44131,,41.3846761,-81.6419136,+1-216-524-1394
us-ky-independence-st-cecilia-202ce378,St. Cecilia,5313,,Madison,Pike,,,,5313 Madison Pike,Independence,KY,41051,0186,38.94080094,-84.5452008,(859) 363-4311
us-oh-independence-saint-maron-independence-chapel-maronite-5bcbe29c,St. Maron- Independence Chapel (Maronite),7800,,Brookside,Rd,,,,7800 Brookside Rd,Independence,OH,44131,,41.357124,-81.628113,(216) 520-5081
us-oh-independence-st-michael-a20e4188,St. Michael,6912,,Chestnut,Rd,,,,6912 Chestnut Rd,Independence,OH,44131,,41.38474581,-81.64164021,(216) 524-1394
us-oh-ironton-st-joseph-de965af6,St. Joseph,501,,Chestnut,St,,,,501 Chestnut St,Ironton,OH,45638,0499,38.5297905,-82.67744286,(740) 532-0712
us-oh-ironton-st-lawrence-otoole-0afafa5a,St. Lawrence O’Toole,611,,Center,St,,,,611 Center St,Ironton,OH,45638,,38.53749649,-82.68241889,(740) 532-0712
us-oh-jackson-holy-trinity-d52bd5c9,Holy Trinity,215,,Columbia,St,,,,215 Columbia St,Jackson,OH,45640,,39.05100289,-82.63411488,(740) 384-2359
us-oh-jamestown-st-augustine-af4834cc,St. Augustine,44,E,Washington,St,,,,44 E Washington St,Jamestown,OH,45335,,39.65768332,-83.7306224,(937) 372-3193
us-pa-jamestown-st-margaret-mission-f9d7444b,St. Margaret,701,,Denver,St,,,,701 Denver St,Jamestown,PA,16134,,41.4910675,-80.44211197,(724) 588-9800
us-oh-jefferson-st-joseph-calasanctius-church-c514d9a7,St. Joseph Calasanctius,32,E,Jefferson,St,,,,32 E Jefferson St,Jefferson,OH,44047,,41.7380229,-80.76756244,(440) 576-3651
us-oh-johnstown-church-of-the-ascension-ab6bf6d6,Ascension,555,S,Main,St,,,,555 S Main St,Johnstown,OH,43031,1231,40.1453793,-82.67780197,(740) 967-7871
us-oh-junction-city-saint-patrick-56714ba5,St. Patrick,1170,S,State Rte 668,,,,,1170 S State Rte 668,Junction City,OH,43748,,39.70652399,-82.29190204,(740) 342-1348
us-oh-kalida-st-michael-627df776,St Michael's,312,N,Broad,St,,,,312 N Broad St,Kalida,OH,45853,0387,40.98270392,-84.19774759,(419) 532-3474
us-oh-kellys-island-church-of-st-michael-e91a5a3e,St. Michael,,,Chappel St & Addison,Rd,,,,Chappel St & Addison Rd,Kelly’s Island,OH,43438,,41.5961875,-82.7046875,14192852741
us-oh-kent-university-parish-newman-center-de49ecf4,Newman Center of Kent State University,1424,,Horning,Rd,,,,1424 Horning Rd,Kent,OH,44240,,41.15217082,-81.33864192,(330) 678-0240
us-oh-kent-st-patrick-a61273e5,St. Patrick,313,N,DePeyster,St,,,,313 N DePeyster St,Kent,OH,44240,,41.1563148,-81.3554,(330) 673-5849
us-oh-kenton-immaculate-conception-7d83a65f,Immaculate Conception,215,E,N,St,,,,215 E N St,Kenton,OH,43326,1570,40.65051212,-83.60579527,(419) 675-1162
us-oh-kenwood-st-vincent-ferrer-cab1de69,St. Vincent Ferrer,7754,,Montgomery,Rd,,,,7754 Montgomery Rd,Kenwood,OH,45236,4202,39.194996,-84.383643,(513) 791-9030
us-oh-kettering-church-of-the-ascension-0c54a649,Ascension,2025,,Woodman,Dr,,,,2025 Woodman Dr,Kettering,OH,45420,,39.71829817,-84.12511251,(937) 253-5171
us-oh-kettering-st-albert-the-great-8be375c5,St. Albert the Great,3033,,Far Hills,Ave,,,,3033 Far Hills Ave,Kettering,OH,45429,,39.70376968,-84.17102051,(937) 293-1191
us-oh-kettering-st-charles-borromeo-4d2dd827,St. Charles Borromeo,4500,,Ackerman,Blvd,,,,4500 Ackerman Blvd,Kettering,OH,45429,,39.68023059,-84.15435958,(937) 434-6081
us-oh-kingsville-st-andrew-bobola-382a8fa0,St. Andrew,3700,,State Rt 193,,,,,3700 State Rt 193,Kingsville,OH,44048,,41.8268505,-80.66384061,(440) 224-0987
us-oh-kinsman-st-patricks-catholic-church-3ceb6517,St Patrick's Catholic Church,6397,,OH-87,,,,,6397 OH-87,Kinsman,OH,44428,,41.4550208,-80.5902536,+1-440-293-6218
us-oh-kinsman-st-patrick-ed7d4686,St. Patrick,6367,,State Rt 87,,,,,6367 State Rt 87,Kinsman,OH,44428,,41.45505323,-80.59029579,(440) 293-6218
us-oh-kirtland-divine-word-4efd55c6,Divine Word,8100,,Eagle,Rd,,,,8100 Eagle Rd,Kirtland,OH,44094,,41.60436117,-81.35418937,(440) 256-1412
us-oh-lake-milton-st-catherine-89ebdc67,St. Catherine,1254,,Grandview,Rd,,,,1254 Grandview Rd,Lake Milton,OH,44429,,41.10793372,-80.99222354,330-872-5742
us-oh-lakewood-st-clement-fe7e9af6,St. Clement,2022,,Lincoln,Ave,,,,2022 Lincoln Ave,Lakewood,OH,44107,6099,41.47666144,-81.79506916,(216) 226-5116
us-oh-lakewood-st-james-329dbdab,St. James,17514,,Detroit,Ave,,,,17514 Detroit Ave,Lakewood,OH,44107,,41.48595063,-81.81716615,216-712-6755
us-oh-lakewood-st-luke-6d61a3ea,St. Luke,1212,,Bunts,Rd,,,,1212 Bunts Rd,Lakewood,OH,44107,,41.49053995,-81.78991377,(216) 521-0184
us-oh-lakewood-transfiguration-parish-34961bf3,Transfiguration Parish,12608,,Madison,Ave,,,,12608 Madison Ave,Lakewood,OH,44107,4997,41.47709132,-81.77686446,(216) 521-7288
us-oh-lancaster-saint-bernadette-5600400e,St. Bernadette,1343,,Wheeling,Rd,,,,1343 Wheeling Rd,Lancaster,OH,43130,,39.7266475,-82.55975117,(740) 654-1893
us-oh-lancaster-church-of-st-mark-721f0617,St. Mark,324,,Gay,St,,,,324 Gay St,Lancaster,OH,43130,4199,39.7119375,-82.6299375,17406531229
us-oh-lancaster-st-mark-catholic-church-5cf338f7,St. Mark Catholic Church,324,,Gay,St,,,,324 Gay St,Lancaster,OH,43130,,39.7129009,-82.6319187,+1-740-653-1229
us-oh-lancaster-the-basilica-of-saint-mary-of-the-assumption-b1fa6271,The Basilica of St. Mary of the Assumption,132,S,High,St,,,,132 S High St,Lancaster,OH,43130,,39.71286586,-82.59896544,(740) 653-0997
us-in-lawrenceburg-st-lawrence-18c94d02,St. Lawrence,542,,Walnut,St,,,,542 Walnut St,Lawrenceburg,IN,47025,,39.09699053,-84.85297284,(812) 537-3992
us-in-lawrenceburg-st-teresa-benedicta-of-the-cross-09006546,St. Teresa Benedicta of the Cross,23455,,Gavin,Ln,,,,23455 Gavin Ln (Bright),Lawrenceburg,IN,47025,,39.21108615,-84.86106455,(812) 537-3992
us-oh-lebanon-st-francis-de-sales-f4d10fde,St. Francis De Sales,20,,Desales,Ave,,,,20 Desales Ave,Lebanon,OH,45036,,39.44908531,-84.20579,5139322601
us-oh-leetonia-st-patrick-7899570e,St. Patrick,167,W,Main,St,,,,167 W Main St,Leetonia,OH,44413,,40.8769455,-80.76019,(330) 482-2351
us-oh-leipsic-st-mary-751483c7,St. Mary,320,,State,St,,,,320 State St,Leipsic,OH,45856,,41.09724155,-83.98989159,(419) 943-2952
us-oh-lexington-resurrection-c087eb3b,Resurrection,2600,,Lexington,Ave,,,,2600 Lexington Ave,Lexington,OH,44904,1426,40.69111516,-82.56499233,(419) 884-0060
us-oh-lexington-resurrection-parish-7cfa4cfc,Resurrection Parish,2600,,Lexington,Ave,,,,2600 Lexington Ave,Lexington,OH,44904,,40.6910786,-82.5652632,+1-419-884-0060
us-oh-liberty-church-of-st-andrew-bd275dce,St. Andrew,3761,N,State Rt 635,,,,,3761 N State Rt 635,Liberty,OH,44809,,41.1776875,-83.2844375,14199372715
us-in-liberty-st-bridget-of-ireland-78bc8328,St. Bridget of Ireland,404,E,Vine,St,,,,404 E Vine St,Liberty,IN,47353,,39.63340395,-84.92433111,(765) 825-8578
us-oh-liberty-township-st-maximilian-kolbe-b4d3d3db,St. Maximilian Kolbe Parish,5720,,Hamilton Mason,Rd,,,,5720 Hamilton Mason Rd,Liberty Township,OH,45011,9211,39.37365,-84.43029,513-777-4322
us-oh-lima-st-charles-borromeo-7ec51c92,St. Charles Borromeo,2200,W,Elm,St,,,,2200 W Elm St,Lima,OH,45805,,40.736393,-84.14623,(419) 228-7635
us-oh-lima-st-gerard-6092c339,St. Gerard,240,W,Robb,Ave,,,,240 W Robb Ave,Lima,OH,45801,,40.75958523,-84.10702756,(419) 224-3080
us-oh-lima-st-john-the-evangelist-59266c7e,St. John the Evangelist,777,S,Main,St,,,,777 S Main St,Lima,OH,45801,,40.72829832,-84.10484184,(419) 222-5521
us-oh-lima-st-rose-508414b6,St. Rose,,,N W & McKibben Sts,,,,,N W & McKibben Sts,Lima,OH,45801,4294,40.74675475,-84.10901166,(419) 222-5521
us-pa-linesville-st-philip-b96d6853,St. Philip,401,S,Mercer,St,,,,401 S Mercer St,Linesville,PA,16424,,41.65145972,-80.42541504,(814) 683-5313
us-oh-lisbon-st-agatha-44b903fa,St. Agatha,13523,,Washington,St,,,,13523 Washington St,Lisbon,OH,44432,,40.70588011,-80.70612924,(330) 424-7648
us-oh-lisbon-church-of-st-george-b6569a81,St. George,271,W,Chestnut,St,,,,271 W Chestnut St,Lisbon,OH,44432,,40.7734375,-80.7721875,13304247648
us-oh-lisbon-st-george-9a7a79da,St. George,271,W,Chesnut,St,,,,271 W Chesnut St,Lisbon,OH,44432,,40.7666,-80.767,(330) 424-7648
us-oh-litchfield-our-lady-help-of-christians-786b46b5,Our Lady Help of Christians,9608,,Norwalk,Rd,,,,9608 Norwalk Rd,Litchfield,OH,44253,9598,41.16596758,-82.0337447,(330) 722-1180
us-oh-litchfield-our-lady-help-of-christians-jesus-the-christ-child-57159a79,Our Lady Help of Christians - Jesus the Christ Child,9608,,Norwalk,Rd,,,,9608 Norwalk Rd,Litchfield,OH,44253,,41.16592316,-82.03377688,(330) 722-1180
us-oh-little-hocking-st-ambrose-116fd08e,St. Ambrose,5080,,School House,Rd,,,,5080 School House Rd,Little Hocking,OH,45742,5250,39.28741269,-81.66639805,(740) 423-7422
us-oh-lodi-our-lady-help-of-christians-jesus-our-teacher-af7e9712,Our Lady Help of Christians - Jesus Our Teacher,8240,,Buffham,Rd,,,,8240 Buffham Rd,Lodi,OH,44254,,41.03991618,-81.98718365,(330) 722-1180
us-oh-logan-saint-john-the-evangelist-483b73ce,St. John the Evangelist,351,N,Market,St,,,,351 N Market St,Logan,OH,43138,,39.5432269,-82.40902977,(740) 385-2549
us-oh-london-saint-patrick-14a9ea1f,St. Patrick,61,S,Union,St,,,,61 S Union St,London,OH,43140,1281,39.88577681,-83.44632741,(740) 852-0942
us-oh-lorain-sacred-heart-chapel-c166ec90,Chapel of the Sacred Heart,4301,,Pearl,Ave,,,,4301 Pearl Ave,Lorain,OH,44055,,41.42995262,-82.13569953,(440) 277-7231
us-oh-lorain-nativity-of-blessed-virgin-mary-935e3bac,Nativity of the Blessed Virgin Mary,418,W,15th,St,,,,418 W 15th St,Lorain,OH,44052,3541,41.45591752,-82.17235642,(440) 244-9090
us-oh-lorain-st-anthony-of-padua-826947d5,St. Anthony of Padua,1305,E,Erie,Ave,,,,1305 E Erie Ave,Lorain,OH,44052,,41.47510479,-82.16045394,(440) 288-0106
us-oh-lorain-st-frances-xavier-cabrini-parish-cf4bb6b4,St. John the Baptist,2143,,Homewood,Dr,,,,2143 Homewood Dr,Lorain,OH,44055,2799,41.43621435,-82.12189557,(440) 277-7266
us-oh-lorain-st-john-the-baptist-ukrainian-d131ee66,St. John the Baptist (Ukrainian),2445,E,31st,St,,,,2445 E 31st St,Lorain,OH,44055,2164,41.44295568,-82.11291204,(440) 277-7114
us-oh-lorain-st-mary-7e7811e5,St. Mary,,,8th and Reid,,,,,8th and Reid,Lorain,OH,44052,,41.46325252,-82.17571418,(440) 245-5283
us-oh-lorain-saint-nicholas-ruthenian-94fb084c,St. Nicholas (Ruthenian),2711,W,40th,St,,,,2711 W 40th St,Lorain,OH,44053,,41.4337636,-82.20978167,(440) 282-7525
us-oh-lorain-st-peter-630f8f05,St. Peter,3655,,Oberlin,Ave,,,,3655 Oberlin Ave,Lorain,OH,44053,,41.43865824,-82.18501262,(440) 282-9103
us-oh-lorain-st-peter-parish-a03d6b98,St. Peter Parish,3655,,Oberlin,Ave,,,,3655 Oberlin Ave,Lorain,OH,44053,,41.4386741,-82.1845462,+1-440-282-9103
us-oh-lore-city-sts-peter-and-paul-oratory-christ-our-light-parish-dbc78179,Sts. Peter and Paul Oratory (Christ Our Light Parish) ,136,E,High,Ave,,,,136 E High Ave,Lore City,OH,43755,,39.9825488,-81.4553684,740-432-7609
us-oh-loudonville-st-peter-493f4b06,St. Peter,220,E,Butler,St,,,,220 E Butler St,Loudonville,OH,44842,,40.63661803,-82.2308993,(419) 994-4396
us-ky-louisa-st-jude-6fe1fcc6,St. Jude,1121,,Meadowbrook,Ln,,,,1121 Meadowbrook Ln,Louisa,KY,41230,,38.0937746,-82.60171055,(606) 638-3409
us-oh-louisville-sacred-heart-of-mary-3ae4eff0,Sacred Heart of Mary,8277,N,NickelPlate,St,,,,8277 N NickelPlate St,Louisville,OH,44641,,40.89158985,-81.22845578,(330) 875-2827
us-oh-louisville-st-louis-c7ca2106,St. Louis,300,N,Chapel,St,,,,300 N Chapel St,Louisville,OH,44641,,40.83887955,-81.25931912,(330) 875-1658
us-oh-loveland-st-columban-575732ab,St. Columban,894,,Oakland,Rd,,,,894 Oakland Rd,Loveland,OH,45140,,39.2592163,-84.24683,(513) 683-0105
us-oh-loveland-st-margaret-of-york-5af75b15,St. Margaret of York Church,9499,,Columbia,Rd,,,,9499 Columbia Rd,Loveland,OH,45140,,39.29682636,-84.28173223,(513) 697-3100
us-oh-lowell-our-lady-of-mercy-8f4f09ff,Our Lady of Mercy,5001,,Lowell Hill,Rd,,,,5001 Lowell Hill Rd,Lowell,OH,45744,,39.52402225,-81.52599851,(740) 896-2207
us-oh-lowell-our-lady-of-mercy-fd0cdbf9,Our Lady of Mercy,5001,,Lowell Hill,Rd,,,,5001 Lowell Hill Rd,Lowell,OH,45744,,39.5239247,-81.5259666,+1-740-896-2207
us-oh-lowellville-our-lady-of-the-holy-rosary-87085765,Our Lady of the Holy Rosary,131,E,Wood,St,,,,131 E Wood St,Lowellville,OH,44436,,41.03784789,-80.53467779,(330) 536-6436
us-oh-lower-salem-st-henry-6c142576,St. Henry,36575,,Church,St,,,,36575 Church St C.R 47,Lower Salem,OH,45745,,39.62970211,-81.33810038,(740) 585-2383
us-wv-lubeck-st-monica-a4521cbf,St. Monica,1942,,Harris,Hwy,,,,1942 Harris Hwy,Lubeck,WV,26181,,39.23273802,-81.63487773,(304) 422-6786
us-ky-ludlow-sts-boniface-and-james-00e0126e,Sts. Boniface and James,304,,Oak,St,,,,304 Oak St,Ludlow,KY,41016,1417,39.09288001,-84.54859483,(859)  261-0478
us-oh-lyndhurst-st-clare-da7215e4,St. Clare,5659,,Mayfield,Rd,,,,5659 Mayfield Rd,Lyndhurst,OH,44124,,41.52062304,-81.47502323,(440) 449-4242
us-oh-macedonia-our-lady-of-guadalupe-7e9e2f57,Our Lady of Guadalupe,9080,,Shepard,Rd,,,,9080 Shepard Rd,Macedonia,OH,44056,,41.32130067,-81.49054069,(330) 468-2194
us-oh-macedonia-our-lady-of-guadalupe-church-acb9e030,Our Lady of Guadalupe Church,9080,,Shepard,Rd,,,,9080 Shepard Rd,Macedonia,OH,44056,,41.3214958,-81.4906368,+1-330-468-2194
us-oh-madison-immaculate-conception-706c42c7,Immaculate Conception Church,2846,,Hubbard,Rd,,,,2846 Hubbard Rd,Madison,OH,44057,,41.79829693,-81.04903052,(440) 428-5164
us-oh-malvern-st-francis-xavier-8aa3251a,St. Francis Xavier,125,,Carrollton,St,,,,125 Carrollton St,Malvern,OH,44644,,40.68832814,-81.1730977,(330) 868-4498
us-mi-manitou-beach-st-mary-on-the-lake-0a3bf2f5,St. Mary on the Lake,450,,Manitou,Rd,,,,450 Manitou Rd,Manitou Beach,MI,49253,,41.96544483,-84.30426,(517)547-7496
us-oh-mansfield-st-mary-of-the-snows-72546777,St. Mary of the Snows,1630,,Ashland,Rd,,,,1630 Ashland Rd,Mansfield,OH,44905,,40.78702296,-82.45322939,(419) 589-2114
us-oh-mansfield-st-peter-d6e1916d,St. Peter,104,W,1st,St,,,,104 W 1st St,Mansfield,OH,44902,2199,40.75684341,-82.51803763,(419) 524-2572
us-oh-mantua-st-joseph-catholic-church-fc38a779,St Joseph Catholic Church,11045,,St Joseph,Blvd,,,,11045 St Joseph Blvd,Mantua,OH,44255,,41.2923957,-81.2298122,+1-330-274-2253
us-oh-mantua-st-joseph-ed13864e,St. Joseph,11045,,St Joseph,Blvd,,,,11045 St Joseph Blvd,Mantua,OH,44255,,41.29237617,-81.22951984,(330) 274-2253
us-oh-maple-heights-st-martin-of-tours-b692fcae,St. Martin of Tours,14600,,Turney,Rd,,,,14600 Turney Rd,Maple Heights,OH,44137,,41.39296536,-81.58071533,(216) 475-4300
us-oh-marble-cliff-our-lady-of-lebanon-maronite-e3cfe390,Our Lady of Lebanon [Maronite],1559,,Roxbury,Rd,,,,1559 Roxbury Rd,Marble Cliff,OH,43212,,39.987461,-83.088295,
us-oh-marblehead-st-joseph-f69d4de3,St. Joseph,822,,Barclay,St,,,,822 Barclay St,Marblehead,OH,43440,,41.54140693,-82.73515747,(419) 798-4177
us-oh-marblehead-st-mary-byzantine-catholic-church-c863ba3a,St. Mary Byzantine Catholic Church,506,E,Main,St,,,,506 E Main St,Marblehead,OH,43440,,41.53651036,-82.71452729,419 967 7398
us-oh-maria-stein-shrine-of-the-holy-relics-9a5e1fa3,National Shrine of the Holy Relics,2291,,St Johns,Rd,,,,2291 St Johns Rd,Maria Stein,OH,45860,,40.41602,-84.475857,(419) 925-4532
us-oh-maria-stein-nativity-bvm-fa4297aa,Nativity of the Blessed Virgin Mary,6524,,State Rt 119,,,,,6524 State Rt 119,Maria Stein,OH,45860,,40.40692036,-84.5505131,(419) 925-4775
us-oh-maria-stein-st-john-the-baptist-cb37c82a,St. John the Baptist,8533,,OH-119,,,,,8533 OH-119,Maria Stein,OH,45860,,40.40813351,-84.47342709,(419) 925-4775
us-oh-maria-stein-st-rose-144d537d,St. Rose,7428,,State Rt 119,,,,,7428 State Rt 119,Maria Stein,OH,45860,,40.40729309,-84.51505595,(419) 925-4775
us-oh-marietta-basilica-of-st-mary-of-the-assumption-c7309399,Basilica of St. Mary of the Assumption,506,,Fourth,St,,,,506 Fourth St,Marietta,OH,45750,,39.42134514,-81.45580239,(740) 373-3643
us-oh-marietta-st-john-the-baptist-roman-catholic-church-c51315c0,St. John Catholic Church,17784,,State Rt 676,,,,,17784 State Rt 676,Marietta,OH,45750,6529,39.46631521,-81.54494762,(740) 896-3566 
us-oh-marion-st-mary-7339873a,St. Mary,251,N,Main,St,,,,251 N Main St,Marion,OH,43302,3031,40.59193,-83.1295,(740) 382-2118
us-oh-martin-our-lady-of-mount-carmel-8e67d18e,Our Lady of Mount Carmel,1105,,Elliston,Rd,,,,1105 Elliston Rd,Martin,OH,43445,9601,41.63394219,-83.27851643,(419) 836-7681
us-oh-martins-ferry-st-mary-6ae75047,St. Mary,20,N,4th,St,,,,20 N 4th St,Martins Ferry,OH,43935,1524,40.09665575,-80.72272471,(740) 633-1416
us-oh-marysville-our-lady-of-lourdes-fa1ac021,Our Lady of Lourdes,1033,W,Fifth,St,,,,1033 W Fifth St,Marysville,OH,43040,9282,40.23907882,-83.38501437,(937) 644-6020
us-oh-mason-st-susanna-0d2f8f6f,St. Susanna,616,,Reading,Rd,,,,616 Reading Rd,Mason,OH,45103,,39.35339456,-84.317214,(513) 398-3821
us-oh-massillon-national-shrine-of-st-dymphna-e7ab759c,National Shrine of St. Dymphna,3000,,Erie,St,S,,,3000 Erie St S,Massillon,OH,44648,0004,40.7683125,-81.5045625,13308338478
us-oh-massillon-st-barbara-divine-mercy-parish-46fa90c7,St. Barbara - Divine Mercy Parish,2813,,Lincoln,Way,W,,,2813 Lincoln Way W,Massillon,OH,44647,5201,40.79546049,-81.56085495,(330) 833-6898
us-oh-massillon-st-joseph-divine-mercy-parish-12093fe6,St. Joseph,322,,3rd,St,SE,,,322 3rd St S.E,Massillon,OH,44646,,40.79414137,-81.51729941,(330) 833-6898
us-oh-massillon-st-mary-divine-mercy-parish-2540f2f9,St. Mary - Divine Mercy Parish,206,,Cherry,Rd,NE,,,206 Cherry Rd N.E,Massillon,OH,44646,,40.80224333,-81.52285652,(330) 833-6898
us-oh-maumee-st-joseph-1b5ea762,St. Joseph,104,W,Broadway,St,,,,104 W Broadway St,Maumee,OH,43537,,41.5604553,-83.65376,(419) 893-4848
us-oh-maximo-st-joseph-9277fd21,St. Joseph,12055,,Easton,St,NE,,,12055 Easton St NE [PO Box 219],Maximo,OH,44650,0219,40.8769,-81.17164,(330)823-7809
us-mi-maybee-divine-grace-parish-maybee-62aed10f,Divine Grace Parish - Maybee,9207,,Joseph,St,,,,9207 Joseph St,Maybee,MI,48159,,42.00655408,-83.51721297,(734)654-2500
us-ky-mays-lick-st-rose-of-lima-46dec562,St. Rose of Lima,5011,,Raymond,Rd,,,,5011 Raymond Rd,Mays Lick,KY,41055,,38.51787804,-83.84029066,(606) 849-9415
us-ky-maysville-st-patrick-church-8c00b12f,St. Patrick Church,110,E,3rd,St,,,,110 E 3rd St,Maysville,KY,41056,0248,38.64521728,-83.76359721,(606)564-9015
us-oh-mc-donald-our-lady-of-perpetual-help-8ec112b9,Our Lady of Perpetual Help,618,,Ohio,Ave,,,,618 Ohio Ave,Mc Donald,OH,44437,,41.16099603,-80.72474901,3305301111
us-pa-mc-donald-st-isidore-the-farmer-parish-st-alphonsus-a1fd3b50,St. Alphonsus,219,W,Lincoln,Ave,,,,219 W Lincoln Ave,Mc Donald,PA,15057,,40.36801669,-80.23695219,(724) 695-7325
us-pa-mc-kean-st-francis-xavier-8843585c,St. Francis Xavier,8880,W,Main,St,,,,8880 W Main St,Mc Kean,PA,16426,,42.00016737,-80.14297968,(814) 476-7657
us-wv-mc-mechen-st-james-d0d52fe4,St. James,326,,Logan,St,,,,326 Logan St,Mc Mechen,WV,26040,1096,39.99242122,-80.73036132,(304) 232-1227
us-oh-mcconnelsville-st-james-ea548c9b,St. James,257,E,Bell,Ave,,,,257 E Bell Ave,McConnelsville,OH,43756,,39.64687251,-81.85019975,(740) 962-2856
us-pa-meadow-lands-our-lady-of-the-miraculous-medal-st-oscar-romero-parish-b7a84435,Our Lady of the Miraculous Medal Church - St. Oscar Romero Parish,300,,,Pike,,,,300 Pike St,Meadow Lands,PA,15347,,40.21922878,-80.22062944,724-745-6560
us-pa-meadville-allegheny-college-b1c1130f,Allegheny College,520,N,Main,St,,,,520 N Main St,Meadville,PA,16335,,41.64802647,-80.14644176,(814) 332-4792
us-pa-meadville-st-agatha-the-epiphany-of-the-lord-parish-0c7f0fad,St. Agatha,353,,Pine,St,,,,353 Pine St,Meadville,PA,16335,,41.6351451,-80.15077257,(814) 336-1112
us-pa-meadville-st-brigid-epiphany-of-the-lord-parish-335c2412,St. Brigid,383,,Arch,St,,,,383 Arch St,Meadville,PA,16335,,41.6361485,-80.14881632,(814) 336-1112
us-pa-meadville-st-mary-of-grace-epiphany-of-the-lord-parish-ead7b2f0,St. Mary of Grace,1085,,Water,St,,,,1085 Water St,Meadville,PA,16335,,41.63411679,-80.15635418,(814) 336-1112  
us-oh-mechanicsburg-st-michael-e9b4f888,St. Michael,40,,Walnut,St,,,,40 Walnut St,Mechanicsburg,OH,43044,1148,40.07235453,-83.55818425,(937) 653-1375
us-oh-medina-holy-martyrs-bd89c55d,Holy Martyrs,3100,,Old Weymouth,Rd,,,,3100 Old Weymouth Rd,Medina,OH,44256,,41.19019216,-81.79333128,(330) 722-6633
us-oh-medina-st-francis-xavier-parish-99c01e41,St. Francis Xavier,606,E,Washington,St,,,,606 E Washington St,Medina,OH,44256,,41.13758637,-81.85424912,330-725-4968
us-ky-melbourne-st-philip-46ca6fc3,St. Philip,1402,,Mary Ingles,Hwy,,,,1402 Mary Ingles Hwy,Melbourne,KY,41059,9701,39.02924579,-84.36148562,(859) 441-8949
us-oh-mentor-st-bede-the-venerable-d3821df7,St. Bede the Venerable,9114,,Lake Shore,Blvd,,,,9114 Lake Shore Blvd,Mentor,OH,44060,,41.72060215,-81.31195971,(440) 257-5544
us-oh-mentor-st-john-vianney-d3145eec,St. John Vianney,7575,,Bellflower,Rd,,,,7575 Bellflower Rd,Mentor,OH,44060,3997,41.68700861,-81.37016508,(440) 255-0600
us-oh-mentor-st-mary-of-the-assumption-e3888ba3,St. Mary of the Assumption,8560,,Mentor,Ave,,,,8560 Mentor Ave,Mentor,OH,44060,5853,41.66831274,-81.33447232,440-255-3404
us-oh-mentor-on-the-lake-holy-transfiguration-ruthenian-4280d8b2,Holy Transfiguration (Ruthenian),5768,,Andrews,Rd,,,,5768 Andrews Rd,Mentor-on-the-Lake,OH,44060,,41.7149734,-81.3624954,(440) 257-3620
us-pa-mercer-immaculate-heart-of-mary-253b2cd2,Immaculate Heart of Mary,100,,Penn,Ave,,,,100 Penn Ave,Mercer,PA,16137,,41.2320328,-80.24022589,(724) 662-2999
us-oh-miamisburg-our-lady-of-good-hope-546dc566,Our Lady of Good Hope,6,S,Third,St,,,,6 S Third St,Miamisburg,OH,45342,2839,39.6414114,-84.28533898,(937) 866-1432
us-oh-middleburg-heights-st-bartholomew-14c954b5,St. Bartholomew,14865,E,Bagley,Rd,,,,14865 E Bagley Rd,Middleburg Heights,OH,44130,,41.36685675,-81.80256451,(440) 842-5400
us-oh-middlefield-st-lucy-33d8e9dc,Mission of St. Lucy,16280,E,High,St,,,,16280 E High St,Middlefield,OH,44062,9405,41.46187457,-81.06070274,(440) 548-3812
us-oh-middletown-church-of-the-holy-trinity-b729e1a9,Holy Trinity,201,,Clark,St,,,,201 Clark St,Middletown,OH,45042,2038,39.5165625,-84.3971875,15134220602
us-oh-middletown-holy-trinity-holy-family-parish-2cad1245,Holy Trinity (Holy Family Parish),201,,Clark,St,,,,201 Clark St,Middletown,OH,45042,2038,39.51686391,-84.39790353,(513) 422-0602
us-oh-middletown-church-of-st-john-6018deb4,St. John,1405,,1st,Ave,,,,1405 1st Ave,Middletown,OH,45044,,39.5136875,-84.3995625,15134220602
us-pa-midland-st-blaise-saint-augustine-parish-5a7725d8,St. Blaise,772,,Ohio,Ave,,,,772 Ohio Ave,Midland,PA,15059,,40.63827716,-80.45128363,(724) 643-4050
us-oh-milan-st-anthony-of-padua-261c98b4,St. Anthony of Padua,130,,Main,St,,,,130 Main St,Milan,OH,44846,,41.29332269,-82.60191114,(419) 499-4274
us-in-milan-st-charles-borromeo-3fe36477,St. Charles Borromeo,213,,Ripley,St,,,,213 Ripley St,Milan,IN,47031,,39.12560453,-85.1328415,(812) 654-7051 
us-oh-milford-st-andrew-9e369894,St. Andrew,552,,Main,St,,,,552 Main St,Milford,OH,45150,1181,39.17666853,-84.2903356,(513) 831-3353
us-oh-milford-st-elizabeth-ann-seton-2ccdf74b,St. Elizabeth Ann Seton,5890,,Buckwheat,Rd,,,,5890 Buckwheat Rd,Milford,OH,45150,,39.1917649,-84.21851412,(513) 575-0119
us-oh-miller-city-st-nicholas-95a99ef6,St. Nicholas,110,,Main Cross,St,,,,110 Main Cross St,Miller City,OH,45864,,41.10284417,-84.13010544,(419) 876-3481
us-oh-millersburg-st-peter-46da6251,St. Peter,379,S,Crawford,St,,,,379 S Crawford St,Millersburg,OH,44654,,40.55062936,-81.91511361,(330) 275-3661
us-oh-mineral-ridge-st-mary-cabd321e,St. Mary,3504,,Main,St,,,,3504 Main St,Mineral Ridge,OH,44440,,41.147429,-80.768505,(330) 652-7761
us-oh-minerva-st-gabriel-0ec7edd1,St. Gabriel,400,W,High,St,,,,400 W High St,Minerva,OH,44657,,40.72882089,-81.10674073,(330) 868-4498
us-ky-minerva-st-james-mission-c3723219,St. James Mission,3221,,Dover Minerva,Rd,,,,3221 Dover Minerva Rd,Minerva,KY,41034,,38.7058131,-83.9183611,(606) 564-9015
us-oh-mingo-junction-st-agnes-church-cc5da6a5,St. Agnes Church,204,,St Clair,Ave,,,,204 St Clair Ave,Mingo Junction,OH,43938,,40.31939589,-80.60985085,740-535-1491
us-oh-mingo-junction-st-john-the-baptist-ruthenian-e9be3a31,St. John the Baptist (Ruthenian),207,,Standard,St,,,,207 Standard St,Mingo Junction,OH,43938,,40.32118347,-80.60806146,(740) 537 1026
us-oh-minster-st-augustine-bce15df3,St. Augustine,48,N,Hanover,St,,,,48 N Hanover St,Minster,OH,45865,,40.39445726,-84.37988318,(419) 628-2614
us-oh-minster-st-joseph-999c6ef1,St. Joseph,02441,,State Rt 364,,,,,02441 State Rt 364,Minster,OH,45865,,40.38496462,-84.43452358,419-628-2614
us-oh-mogadore-st-joseph-67691a3c,St. Joseph,2643,,Waterloo,Rd,,,,2643 Waterloo Rd,Mogadore,OH,44260,,41.02825809,-81.29717573,(330) 628-9941
us-pa-monaca-st-john-the-baptist-mary-queen-of-saints-parish-808838e8,St. John the Baptist Church - Mary Queen of Saints Parish,1409,,Pennsylvania,Ave,,,,1409 Pennsylvania Ave,Monaca,PA,15061,,40.68891379,-80.27417813,(724) 775-3940
us-oh-monroe-our-lady-of-sorrows-c7d80ad6,Our Lady of Sorrows,330,,Lebanon,St,,,,330 Lebanon St,Monroe,OH,45050,,39.44049727,-84.35763317,(513) 539-8061
us-mi-monroe-st-anne-f2a21d79,St. Anne,2420,N,Dixie,Hwy,,,,2420 N Dixie Hwy,Monroe,MI,48162,,41.93401404,-83.3341374,(734) 289-2910
us-mi-monroe-st-john-the-baptist-c4dc34db,St. John the Baptist,511,S,Monroe,St,,,,511 S Monroe St,Monroe,MI,48161,,41.91199897,-83.40106102,(734) 241-8910
us-mi-monroe-church-of-st-joseph-2d50ba38,St. Joseph,924,E,2nd,St,,,,924 E 2nd St,Monroe,MI,48161,1950,41.9093125,-83.3879375,17342419590
us-mi-monroe-st-mary-17630cbb,St. Mary,127,N,Monroe,St,,,,127 N Monroe St,Monroe,MI,48162,,41.91869473,-83.39651942,734-241-1644
us-mi-monroe-st-michael-3c240682,St. Michael,502,W,Front,,,,,502 W Front,Monroe,MI,48161,,41.91776099,-83.40453078,(734) 241-8645
us-oh-monroeville-st-joseph-b9a985e4,St. Joseph,66,,Chapel,St,,,,66 Chapel St,Monroeville,OH,44847,,41.2457384,-82.69744673,(419) 465-4142
us-in-monroeville-saint-rose-of-lima-aa1691b4,St. Rose of Lima,209,,Mulberry,St,,,,209 Mulberry St,Monroeville,IN,46773,,40.97224193,-84.86786462,(260) 623-6439
us-oh-montezuma-our-lady-of-guadalupe-6c210ecf,Our Lady of Guadalupe,6701,,,St,,,,6701 St Rt 219,Montezuma,OH,45866,0069,40.48936921,-84.5429043,(419) 268-2312
us-oh-montpelier-sacred-heart-58143a8c,Sacred Heart,220,,SE,Ave,,,,220 S.E Ave,Montpelier,OH,43543,1504,41.58482699,-84.60319991,(419) 485-5914
us-pa-moon-township-st-margaret-mary-most-sacred-heart-of-jesus-parish-281bd8d9,St Margaret Mary Church - Most Sacred Heart of Jesus Parish,,,One Parish,Pl,,,,One Parish Pl,Moon Township,PA,15108,,40.515377,-80.2175446,(412) 264-2573
us-ky-morning-view-st-matthew-584c51b2,St. Matthew,13782,,Decoursey,Pike,,,,13782 Decoursey Pike,Morning View,KY,41063,0082,38.87591114,-84.45322526,(859) 356-6530
us-in-morris-st-anthony-of-padua-7a48a088,St. Anthony of Padua,4773,E,Morris Church,St,,,,4773 E Morris Church St,Morris,IN,47033,,39.280173,-85.17400479,(812) 934-6218
us-oh-morrow-st-philip-the-apostle-a8dec734,St. Philip the Apostle,944,,US Hwy 22 and 3,,,,,944 US Hwy 22 and 3,Morrow,OH,45152,9690,39.35022734,-84.19880819,(513) 899-3601
us-wv-moundsville-st-francis-xavier-5a69ef4d,St. Francis Xavier,912-7th,,,St,,,,912-7th St,Moundsville,WV,26041,2106,39.91875188,-80.74280151,(304) 845-1593
us-oh-mount-healthy-church-of-the-assumption-aa8cdb14,Assumption,7711,,Joseph,St,,,,7711 Joseph St,Mount Healthy,OH,45231,,39.23403571,-84.54357684,(513) 521-7274
us-oh-mount-orab-st-michael-04809135,St. Michael,220,S,High,St,,,,220 S High St,Mount Orab,OH,45154,,39.02460216,-83.92251892,(513) 875-5020
us-oh-mount-st-joseph-motherhouse-of-sisters-of-charity-of-cincinnati-4482ed85,Motherhouse of Sisters of Charity of Cincinnati,5900,,Delhi,Ave,,,,5900 Delhi Ave,Mount St. Joseph,OH,45051,,39.0971875,-84.6456875,15133475200
us-oh-mount-vernon-st-john-the-baptist-parish-st-vincent-de-paul-and-st-luke-churches-b222353e,St. Vincent de Paul,303,E,High,St,,,,303 E High St,Mount Vernon,OH,43050,,40.3939692,-82.48093666,740-392-4711
us-oh-mount-vernon-church-of-st-vincent-de-paul-b3c47509,St. Vincent de Paul,303,E,High,St,,,,303 E High St,Mount Vernon,OH,43050,3419,40.3936875,-82.4809375,17403924711
us-pa-muse-church-of-the-holy-rosary-12120647,Holy Rosary,1,,Orchard,St,,,,1 Orchard St,Muse,PA,15350,,40.2944375,-80.2019375,17247453531
us-pa-muse-holy-rosary-st-oscar-romero-parish-9c1a11af,Holy Rosary (St. Oscar Romero Parish),246,,Muse-Bishop,Rd,,,,246 Muse-Bishop Rd,Muse,PA,15350,,40.29507276,-80.20108198,(724) 745-3531
us-oh-n-lewisburg-immaculate-conception-0139a0ae,Immaculate Conception,164,W,Elm,St,,,,164 W Elm St,N Lewisburg,OH,43060,,40.22813489,-83.55914495,937-653-1375
us-oh-napoleon-st-augustine-4d3cc5f2,St. Augustine,210,E,Clinton,St,,,,210 E Clinton St,Napoleon,OH,43545,,41.39237973,-84.12357637,(419) 592-7656
us-oh-nashport-st-mary-mattingly-settlement-3fc8287f,St. Mary,6280,,St Mary's,Rd,,,,6280 St Mary's Rd,Nashport,OH,43830,,40.04048927,-82.06944502,740-754-2221
us-oh-navarre-st-clement-holy-family-parish-958c9eb3,St.Clement Catholic Church of Holy Family Parish,216,,Wooster,St,NE,,,216 Wooster St NE,Navarre,OH,44662,,40.72439801,-81.51728427,(330) 879-5900
us-oh-new-albany-church-of-the-resurrection-177b2bb8,Resurrection,6300,E,Dublin - Granville,Rd,,,,6300 E Dublin - Granville Rd,New Albany,OH,43054,8592,40.08417614,-82.81970353,(614) 855-1400
us-oh-new-bavaria-sacred-heart-of-jesus-f82efa01,Sacred Heart of Jesus,13-779,,,Rd,,,,13-779 Rd Y,New Bavaria,OH,43548,,41.19135754,-84.12786818,(419) 653-4157
us-oh-new-boston-church-of-st-monica-7b2e9aae,St. Monica,4252,,Pine,St,,,,4252 Pine St,New Boston,OH,45662,5199,38.7563125,-82.9318125,17404565154
us-oh-new-bremen-holy-redeemer-8f228a60,Holy Redeemer,120,S,Eastmoor,Dr,,,,120 S Eastmoor Dr,New Bremen,OH,45869,,40.43433986,-84.37293936,(419) 629-2543
us-pa-new-brighton-holy-family-our-lady-of-the-valley-parish-04ce8dde,St. Joseph,521,,7th,Ave,,,,521 7th Ave,New Brighton,PA,15066,,40.73898221,-80.31398267,(724) 775-4111
us-oh-new-carlisle-sacred-heart-9a1f84cc,Sacred Heart,209,W,Lake,Ave,,,,209 W Lake Ave,New Carlisle,OH,45344,,39.94136784,-84.02770892,(937) 845-3121
us-pa-new-castle-saint-camillus-de-lellis-holy-spirit-parish-552e6c92,St Camillus Church - Holy Spirit Parish,314,W,Englewood,Ave,,,,314 W Englewood Ave,New Castle,PA,16105,,41.02716073,-80.35573879,(724) 652-3422
us-pa-new-castle-saint-john-the-baptist-maronite-ac0e9600,St. John the Baptist (Maronite),2,W,Reynolds,St,,,,2 W Reynolds St,New Castle,PA,16101,,40.98697812,-80.34689722,(724) 658-0787
us-pa-new-castle-church-of-st-joseph-the-worker-6616c61b,St. Joseph the Worker,1111,S,Cascade,St,,,,1111 S Cascade St,New Castle,PA,16101,,40.9821875,-80.3188125,17246581683
us-pa-new-castle-saint-mary-holy-spirit-parish-92bbfae3,St. Mary Church - Holy Spirit Parish,124,N,Beaver,St,,,,124 N Beaver St,New Castle,PA,16101,,41.00161663,-80.34852023,(724) 652-3422
us-pa-new-castle-church-of-st-vincent-de-paul-0119b1ad,St. Vincent de Paul,1,,Lucymont,Dr,,,,1 Lucymont Dr,New Castle,PA,16102,,40.9791875,-80.3769375,17246525829
us-pa-new-castle-saint-vitus-holy-spirit-parish-bbc4e984,St. Vitus-Holy Spirit Parish,910,S,Mercer,St,,,,910 S Mercer St,New Castle,PA,16101,,40.98997109,-80.34549542,(724) 652-3422
us-wv-new-cumberland-immaculate-conception-e5157698,Immaculate Conception,1016,,Ridge,Ave,,,,1016 Ridge Ave,New Cumberland,WV,26047,9501,40.49027039,-80.6005753,(304) 564-5068
us-in-new-haven-st-john-the-baptist-67ca18d9,St. John the Baptist,943,,Powers,St,,,,943 Powers St,New Haven,IN,46774,,41.07644524,-85.01609504,(260) 493-4553
us-in-new-haven-st-louis-besancon-aae240a4,St. Louis Besancon,15535,,Lincoln,Hwy,E,,,15535 Lincoln Hwy E ,New Haven,IN,46797,,41.05073089,-84.93766971,2607494525
us-oh-new-lexington-saint-rose-25275fd8,St. Rose,309,N,Main,St,,,,309 N Main St,New Lexington,OH,43764,,39.7157255,-82.20975359,(740) 342-1348
us-oh-new-london-our-lady-of-lourdes-d30f5e24,Our Lady of Lourdes,18,,Park,Ave,,,,18 Park Ave,New London,OH,44851,,41.08441072,-82.39785802,(419) 929-4402
us-wv-new-martinsville-st-vincent-de-paul-29242e53,St Vincent DE Paul Church,21,,Rosary,Rd,,,,21 Rosary Rd,New Martinsville,WV,26155,,39.67243517,-80.85843623,(304) 455-4615
us-oh-new-middletown-st-paul-the-apostle-9cb8d82a,St. Paul the Apostle,10143,,Main,St,,,,10143 Main St,New Middletown,OH,44442,,40.97140332,-80.56544289,(330) 542-3466
us-oh-new-paris-st-john-77eda946,St. John the Evangelist,400,N,Spring,,S,,,400 N Spring S,New Paris,OH,45347,,39.86185547,-84.78975321,(937) 456-3380
us-oh-new-philadelphia-sacred-heart-8266c5fd,Sacred Heart,139,,Third,St,NE,,,139 Third St NE,New Philadelphia,OH,44663,,40.4900092,-81.44038074,(330) 343-6976
us-oh-new-richmond-st-peter-5a615e38,St. Peter,1192,,Bethel-New Richmond,Rd,,,,1192 Bethel-New Richmond Rd,New Richmond,OH,45157,,38.95603382,-84.26182145,(513) 553-3267
us-oh-new-riegel-all-saints-9711992c,St. Boniface,39,N,Perry,St,,,,39 N Perry St,New Riegel,OH,44853,,41.0543528,-83.321381,(419) 595-2567
us-oh-new-washington-st-bernard-c89e8b2f,St. Bernard,422,W,Mansfield,St,,,,422 W Mansfield St,New Washington,OH,44854,,40.96256359,-82.85719461,(419) 492-2295
us-oh-newark-church-of-the-blessed-sacrament-d9bf8383,Blessed Sacrament,394,E,Main,St,,,,394 E Main St,Newark,OH,43055,,40.05976324,-82.38566828,(740) 345-4290
us-oh-newark-saint-francis-de-sales-6e889e79,St. Francis de Sales,40,,Granville,St,,,,40 Granville St,Newark,OH,43055,,40.06030263,-82.40909225,(740) 345-9874
us-oh-newbury-st-helen-4a993fc6,St. Helen,12060,,Kinsman,Rd,,,,12060 Kinsman Rd,Newbury,OH,44065,,41.46634643,-81.20669907,(440) 564-5805
us-oh-newcomerstown-church-of-st-francis-de-sales-4ebdc447,St. Francis de Sales,440,S,River,St,,,,440 S River St,Newcomerstown,OH,43832,,40.2694375,-81.6094375,17404987368
us-ky-newport-holy-spirit-3912b36f,Holy Spirit,825,,Washington,Ave,,,,825 Washington Ave,Newport,KY,41071,,39.09029245,-84.48798143,859-431-2533
us-mi-newport-st-charles-borromeo-05e27d5c,St. Charles Borromeo,8033,N,Dixie,Hwy,,,,8033 N Dixie Hwy,Newport,MI,48166,,41.99549443,-83.2875723,(734) 586-2531
us-oh-newport-sts-peter-and-paul-d58edc2b,Sts. Peter and Paul,6788,,State Rte 66,,,,,6788 State Rte 66,Newport,OH,45845,,40.29673016,-84.36832666,(937) 295-2891
us-oh-newton-falls-st-mary-and-st-joseph-878fbc88,St. Mary and St. Joseph,131,W,Quarry,St,,,,131 W Quarry St,Newton Falls,OH,44444,,41.18645053,-80.98175994,(330) 872-5742
us-oh-newtown-st-john-fisher-1af040c2,St. John Fisher,3227,,Church,St,,,,3227 Church St,Newtown,OH,45244,3405,39.11925204,-84.36636437,(513) 561-9431
us-oh-niles-our-lady-of-mt-carmel-a612dc16,Our Lady of Mount Carmel,381,,Robbins,Ave,,,,381 Robbins Ave,Niles,OH,44446,,41.1824396,-80.75621998,(330) 652-5825
us-oh-niles-st-stephen-6d8162e6,St. Stephen,129,W,Park,Ave,,,,129 W Park Ave,Niles,OH,44446,,41.18028389,-80.76701651,(330) 652-4396
us-oh-north-baltimore-holy-family-f8daeecf,Holy Family,115,E,Cherry,St,,,,115 E Cherry St,North Baltimore,OH,45872,,41.18661864,-83.67735356,(419) 257-2319
us-oh-north-bend-st-joseph-da908d77,St. Joseph,25,E,Harrison,Ave,,,,25 E Harrison Ave,North Bend,OH,45052,,39.15280346,-84.74624167,(513) 941-3661
us-oh-north-canton-our-lady-of-perpetual-help-08d4ed46,Our Lady of Perpetual Help,2020,E,Maple,St,,,,2020 E Maple St,North Canton,OH,44720,,40.8739128,-81.36688,(330) 490-7051
us-oh-north-canton-st-paul-7cf4ccd9,St. Paul,241,S,Main,St,,,,241 S Main St,North Canton,OH,44720,,40.874841,-81.402355,(330) 499-2201
us-oh-north-jackson-basilica-and-national-shrine-of-our-lady-of-lebanon-maronite-961898fc,Basilica and National Shrine of Our Lady of Lebanon,2759,N,Lipkey,Rd,,,,2759 N Lipkey Rd,North Jackson,OH,44451,,41.130496,-80.821385,(330) 538-3351
us-oh-north-jackson-st-james-28a1982b,St. James,50,,Rosemont,Rd,,,,50 Rosemont Rd,North Jackson,OH,44451,,41.0989719,-80.8749507,(330) 538-2602
us-oh-north-olmsted-st-brendan-c42e129d,St. Brendan,4242,,Brendan,Ln,,,,4242 Brendan Ln,North Olmsted,OH,44070,2999,41.42697673,-81.88248042,(440) 777-7222
us-oh-north-olmsted-st-clarence-ce37b6e8,St. Clarence,30106,,Lorain,Rd,,,,30106 Lorain Rd,North Olmsted,OH,44070,,41.40136435,-81.95450598,(440) 734-2414
us-oh-north-olmsted-st-richard-91f7f706,St. Richard,26855,,Lorain,Rd,,,,26855 Lorain Rd,North Olmsted,OH,44070,,41.41709484,-81.91884801,(440) 777-5050
us-oh-north-ridgeville-st-julie-billiart-24d3bfdf,St. Julie Billiart,5500,,Lear Nagle,Rd,,,,5500 Lear Nagle Rd,North Ridgeville,OH,44039,,41.41008303,-81.9914204,(440) 327-1978
us-oh-north-ridgeville-st-julie-billiart-catholic-church-4553681b,St. Julie Billiart Catholic Church,5500,,Lear Nagle,Rd,,,,5500 Lear Nagle Rd,North Ridgeville,OH,44039,,41.4099568,-81.9917424,+1-440-327-1978
us-oh-north-ridgeville-st-julie-billiart-catholic-church-e0ee4383,St. Julie Billiart Catholic Church,5500,,Lear Nagle,Rd,,,,5500 Lear Nagle Rd,North Ridgeville,OH,44039,,41.4099568,-81.9917424,+1-440-327-1978
us-oh-north-ridgeville-st-peter-966cf3ea,St. Peter,35777,,Center Ridge,Rd,,,,35777 Center Ridge Rd,North Ridgeville,OH,44039,,41.39061805,-82.01581449,(440) 327-2201
us-oh-north-royalton-st-albert-the-great-2cbea02e,St. Albert the Great,6667,,Wallings,Rd,,,,6667 Wallings Rd,North Royalton,OH,44133,,41.32551863,-81.73349494,(440) 237-6760
us-oh-north-star-st-louis-c7a5f66a,St. Louis,15,,Star,Rd,,,,15 Star Rd,North Star,OH,45350,,40.3247452,-84.57036,(419) 582-2531
us-oh-northfield-st-barnabas-roman-catholic-parish-c7df858f,St. Barnabas Catholic Parish,9451,,Brandywine,Rd,,,,9451 Brandywine Rd,Northfield,OH,44067,,41.31099041,-81.5377344,(330) 467-7959
us-oh-norton-st-andrew-the-apostle-cf116979,St. Andrew the Apostle,4022,,Johnson,Rd,,,,4022 Johnson Rd,Norton,OH,44203,,41.00372337,-81.66669631,(330) 825-2617
us-oh-norwalk-st-alphonsus-liguori-peru-e2082f4e,St. Alphonsus Liguori,1322,,Settlement,Rd,,,,1322 Settlement Rd,Norwalk,OH,44857,,41.20252093,-82.637744,(419) 465-4142
us-oh-norwalk-st-mary-mother-of-the-redeemer-4f4d943b,"St. Mary, Mother of the Redeemer",38,W,League,St,,,,38 W League St,Norwalk,OH,44857,,41.2460442,-82.62281,(419) 668-2005
us-oh-norwalk-st-paul-the-apostle-b1ecfa37,St. Paul the Apostle,91,E,Main,St,,,,91 E Main St,Norwalk,OH,44857,,41.2444718,-82.61181403,(419) 668-6044
us-oh-norwood-holy-trinity-f499ff73,Holy Trinity,2420,,Drex,Ave,,,,2420 Drex Ave,Norwood,OH,45212,,39.17133,-84.4471359,(513) 366-4400
us-oh-norwood-our-lady-of-the-holy-spirit-center-e55ecf41,Our Lady of the Holy Spirit Center,5440,,Moeller,Ave,,,,5440 Moeller Ave,Norwood,OH,45212,,39.17310029,-84.44658239,(513) 351-9800
us-oh-oak-harbor-st-boniface-670e3677,St. Boniface,215,,Church,St,,,,215 Church St,Oak Harbor,OH,43449,,41.51061767,-83.14771909,(419) 898-1389
us-pa-oakdale-st-isidore-the-farmer-parish-st-patrick-8cf04316,St. Patrick,7322,,Noblestown,Rd,,,,7322 Noblestown Rd,Oakdale,PA,15071,,40.391145,-80.1987863,(724) 695-7325
us-oh-oberlin-sacred-heart-e70777be,Sacred Heart,410,W,Lorain,St,,,,410 W Lorain St,Oberlin,OH,44074,,41.29505854,-82.23245211,(440) 707-6707
us-in-oldenburg-holy-family-e2de6c29,Holy Family,3027,,Pearl,St,,,,3027 Pearl St,Oldenburg,IN,47036,,39.34024776,-85.20369889,812-934-3013
us-oh-olmsted-falls-st-mary-of-the-falls-3cd7c985,St. Mary of the Falls,25615,,Bagley,Rd,,,,25615 Bagley Rd,Olmsted Falls,OH,44138,,41.37245791,-81.90314696,(440) 235-2222
us-wv-ona-st-stephen-f6ef12bc,St. Stephen,2491,,James River Turnpike,,,,,2491 James River Turnpike,Ona,WV,25545,,38.43050607,-82.19095421,(304) 743-3234
us-oh-oregon-st-ignatius-9d3b1cb7,St. Ignatius,212,N,Stadium,Rd,,,,212 N Stadium Rd,Oregon,OH,43616,,41.65646783,-83.40907393,(419) 693-1150
us-oh-oregon-saint-michael-the-archangel-ruthenian-131ceb02,St. Michael the Archangel (Ruthenian),4001,,Navarre,Ave,,,,4001 Navarre Ave,Oregon,OH,43616,,41.63840068,-83.45209455,(419) 691-5656
us-oh-orrville-st-agnes-328d2066,St. Agnes,541,,Spring,St,,,,541 Spring St,Orrville,OH,44667,,40.83510787,-81.75920057,(330) 682-3606
us-oh-orwell-st-mary-c494138c,St. Mary,103,N,Maple,St,,,,103 N Maple St,Orwell,OH,44076,,41.53750077,-80.86785727,(440) 437-6262
us-oh-osgood-st-nicholas-b17dbef3,St. Nicholas,128,,Church,St,,,,128 Church St,Osgood,OH,45351,,40.34026457,-84.49255866,(419) 582-2531
us-oh-ottawa-holy-family-2f01833b,Holy Family,7359,,SR 109,,,,,7359 SR 109,Ottawa,OH,45875,,41.07362599,-84.0381341,(419) 876-3481
us-oh-ottawa-sts-peter-and-paul-afe7e880,Sts. Peter and Paul,307,N,Locust,St,,,,307 N Locust St,Ottawa,OH,45875,,41.02178885,-84.04445647,(419) 523-5216
us-oh-ottoville-immaculate-conception-606ef325,Immaculate Conception Church,189,,Church,St,,,,189 Church St,Ottoville,OH,45876,,40.93369675,-84.34038591,(419) 453-3513
us-oh-otway-our-lady-of-lourdes-213074c9,Our Lady of Lourdes,16,W,Main,St,,,,16 W Main St,Otway,OH,45657,,38.86667787,-83.18977825,740-354-4551
us-oh-owensville-holy-family-parishes-44072fc1,St Louis Church,210,N,Broadway,,,,,210 N Broadway,Owensville,OH,45160,,39.1242828,-84.13505,(513) 732-2218
us-oh-oxford-miami-university-newman-center-85f672dc,Miami University Newman Center,5,S,Poplar,St,,,,5 S Poplar St,Oxford,OH,45056,,39.50981144,-84.74073367,
us-oh-oxford-st-mary-church-a6e21760,St. Mary Church,111,E,High,St,,,,111 E High St,Oxford,OH,45056,,39.5101493,-84.74015367,(513) 523-2153
us-wv-paden-city-mater-dolorosa-911f4ed9,Mater Dolorosa,302,E,Main,St,,,,302 E Main St,Paden City,WV,26159,,39.60222927,-80.93293943,(304) 455-4615 .(New Martinsville Parish number)
us-oh-painesville-st-mary-a5493436,St. Mary,242,N,State,St,,,,242 N State St,Painesville,OH,44077,,41.73030141,-81.24391446,(440) 354-6200
us-ky-park-hills-our-lady-of-lourdes-d34f8325,Our Lady of Lourdes,1101,,Amsterdam,Rd,,,,1101 Amsterdam Rd,Park Hills,KY,41011,,39.07139207,-84.53233866,859-291-1854
us-wv-parkersburg-st-francis-xavier-0357133d,St. Francis Xavier,532,,Market,St,,,,532 Market St,Parkersburg,WV,26101,5144,39.26610833,-81.55961274,(304) 422-6786
us-wv-parkersburg-st-margaret-mary-db10d352,St. Margaret Mary,2500,,Dudley,Ave,,,,2500 Dudley Ave,Parkersburg,WV,26101,,39.28055177,-81.5407629,(304) 428-1262
us-oh-parkman-st-edward-2750cf15,St. Edward,16150,,Center,Rd,,,,16150 Center Rd,Parkman,OH,44080,,41.37230066,-81.06574607,(440) 548-3812
us-oh-parma-cathedral-of-st-john-the-baptist-c47671fc,Cathedral of St. John the Baptist,1900,,Carlton,Rd,,,,1900 Carlton Rd,Parma,OH,44134,3129,41.4039375,-81.6933125,14406618658
us-oh-parma-cathedral-of-st-john-the-baptist-formerly-holy-spirit-7efaef43,Cathedral of St. John the Baptist (Formerly Holy Spirit),5500,W,54th,St,,,,5500 W 54th St,Parma,OH,44129,,41.41225509,-81.72366319,(440) 884-8452
us-oh-parma-cathedral-of-saint-josaphat-ukrainian-468010d3,Cathedral of St. Josaphat (Ukrainian),5720,,State,Rd,,,,5720 State Rd,Parma,OH,44134,2574,41.40652392,-81.71106535,(440) 886-2108
us-oh-parma-former-cathedral-of-saint-john-baptist-ruthenian-closed-2e0b7de2,Former Cathedral of St. John Baptist [Ruthenian] (Closed),1900,,Carlton,Rd,,,,1900 Carlton Rd,Parma,OH,44134,3129,41.40353378,-81.69310275,
us-oh-parma-holy-family-6d7b3cf4,Holy Family,7367,,York,Rd,,,,7367 York Rd,Parma,OH,44130,,41.36491752,-81.75904912,(440) 842-5533
us-oh-parma-jesuit-retreat-center-90e613fb,Jesuit Retreat Center,5629,,State,Rd,,,,5629 State Rd,Parma,OH,44134,,41.40884265,-81.7072492,440-884-9300
us-oh-parma-pokrova-ukrainian-7ed59e69,Pokrova (Ukrainian),6810,,Broadview,Rd,,,,6810 Broadview Rd,Parma,OH,44134,4804,41.38051099,-81.68890309,(216) 524-0918
us-oh-parma-st-francis-de-sales-c08f866f,St Francis De Sales Church,3434,,George,Ave,,,,3434 George Ave,Parma,OH,44134,,41.40371295,-81.70975662,(440) 884-2319
us-oh-parma-st-andrew-ukrainian-0d8b3ead,St. Andrew (Ukrainian),7700,,Hoertz,Rd,,,,7700 Hoertz Rd,Parma,OH,44134,,41.35584443,-81.70433074,(440) 843-9149
us-oh-parma-st-anthony-of-padua-234ce64b,St. Anthony of Padua,6750,,State,Rd,,,,6750 State Rd,Parma,OH,44134,,41.38131785,-81.71301513,(440) 842-2666
us-oh-parma-st-bridget-a906fd8e,St. Bridget of Kildare,5620,,Hauserman,Rd,,,,5620 Hauserman Rd,Parma,OH,44130,,41.40852008,-81.75923439,(440) 886-4434
us-oh-parma-st-charles-borromeo-0b827e6e,St. Charles Borromeo Church,5891,,Ridge,Rd,,,,5891 Ridge Rd,Parma,OH,44129,,41.40279758,-81.73418991,(440) 884-3030
us-oh-parma-st-columbkille-5a10159a,St. Columbkille,6740,,Broadview,Rd,,,,6740 Broadview Rd,Parma,OH,44134,,41.38248325,-81.68593262,(216) 524-1987
us-oh-parma-st-matthias-the-apostle-be542719,St. Matthias,1200,W,Sprague,Rd,,,,1200 W Sprague Rd,Parma,OH,44134,,41.35172077,-81.68713069,(440) 888-8220
us-oh-parma-heights-st-john-bosco-d0b5a1a5,St. John Bosco,6480,,Pearl,Rd,,,,6480 Pearl Rd,Parma Heights,OH,44130,,41.38702392,-81.77209359,(440) 886-3500
us-oh-paulding-divine-mercy-paulding-location-a46ed9f0,Divine Mercy Parish - Paulding,417,N,Main,St,,,,417 N Main St,Paulding,OH,45879,,41.14000731,-84.57927697,(419) 399-2576
us-oh-payne-divine-mercy-ceeee7dc,Divine Mercy Parish - Payne,203,W,Townline,St,,,,203 W Townline St,Payne,OH,45880,,41.07724248,-84.7278215,(419) 399-2576
us-oh-peebles-st-mary-queen-of-heaven-bfeb9028,St. Mary Queen of Heaven,205,,Wendell,Ave,,,,205 Wendell Ave,Peebles,OH,45660,,38.95261573,-83.40701039,(937) 544-2757
us-oh-peninsula-mother-of-sorrows-71fb38e5,Mother of Sorrows,6034,S,Locust,St,,,,6034 S Locust St,Peninsula,OH,44264,,41.24043833,-81.54824954,(330) 657-2631
us-oh-perry-st-cyprian-8d40c373,St. Cyprian,4223,,Middle Ridge,Rd,,,,4223 Middle Ridge Rd,Perry,OH,44081,,41.77848593,-81.13541338,(440) 259-2344
us-oh-perrysburg-saint-john-xxiii-9807c424,Saint John XXIII,24250,N,Dixie,Hwy,,,,24250 N Dixie Hwy,Perrysburg,OH,43551,,41.5032763,-83.6402464,+1-419-874-6502
us-oh-perrysburg-st-john-xxiii-24363f32,St. John XXIII,24250,,Dixie,Hwy,,,,24250 Dixie Hwy,Perrysburg,OH,43551,,41.50343,-83.64025,(419) 874-6502
us-oh-perrysburg-st-rose-of-lima-cfa5062c,St. Rose of Lima,215,E,Front,St,,,,215 E Front St,Perrysburg,OH,43551,,41.56168537,-83.6277445,(419) 874-4559
us-oh-pickerington-seton-parish-0d0b5f2e,Seton Parish,600,,Hill,Rd,N,,,600 Hill Rd N,Pickerington,OH,43147,,39.89817081,-82.76377934,(614) 833-0482
us-oh-pine-grove-mission-of-st-mary-0130cd82,Mission of St. Mary,114,,Private,Rd,,,,114 Private Rd 1059,Pine Grove,OH,45638,,38.60875,-82.70125,17405322420
us-oh-pine-grove-st-mary-ca7a5b07,St. Mary,57,,Private,Rd,,,,57 Private Rd 1059,Pine Grove,OH,45638,,38.61175053,-82.6836401,(740) 532-0712
us-oh-piqua-st-bonifacestclare-eucharistic-chapel-6fd9398e,St. Boniface,310,S,Downing,St,,,,310 S Downing St,Piqua,OH,45356,,40.14407065,-84.24239344,(937) 773-1656
us-oh-piqua-st-mary-c1e6b1ec,St. Mary,528,,Broadway,St,,,,528 Broadway St,Piqua,OH,45356,,40.1513709,-84.24584164,(937) 773-1327
us-oh-plain-city-saint-joseph-45a71e8d,St. Joseph,140,,W,Ave,,,,140 W Ave,Plain City,OH,43064,,40.10378253,-83.26677757,(614) 873-8850
us-oh-pleasant-city-st-michael-byzantine-9cf82f54,St. Michael (Byzantine),408,,Walnut,St,,,,408 Walnut St,Pleasant City,OH,43772,,39.90202595,-81.54214725,(910) 916-1116
us-oh-plymouth-st-joseph-13d7a519,St. Joseph,119,,Sandusky,St,,,,119 Sandusky St,Plymouth,OH,44865,,40.9989624,-82.66782,(419) 687-4611
us-wv-point-pleasant-sacred-heart-mission-87dd73cd,Sacred Heart,2222,,Jackson,Ave,,,,2222 Jackson Ave,Point Pleasant,WV,25550,,38.86448642,-82.12634005,(304) 273-2175
us-oh-poland-holy-family-ad37ddc0,Holy Family,2729,,Center,Rd,,,,2729 Center Rd,Poland,OH,44514,,41.02296269,-80.60067393,(330) 757-1545
us-oh-pomeroy-sacred-heart-4030facd,Sacred Heart,161,,Mulberry,Ave,,,,161 Mulberry Ave,Pomeroy,OH,45769,,39.02973447,-82.03715888,(740) 592-2711
us-oh-pond-creek-church-of-the-holy-trinity-89d158de,Holy Trinity,,,Pond Creek Ohio 45663,,,,,Pond Creek Ohio 45663,Pond Creek,OH,45663,,38.7373125,-83.0679375,
us-oh-port-clinton-immaculate-conception-a0db8668,Immaculate Conception,414,,Madison,St,,,,414 Madison St,Port Clinton,OH,43452,1922,41.5085258,-82.94165,(419) 734-4004
us-in-portland-immaculate-conception-82c19dcc,Immaculate Conception,506,E,Walnut,St,,,,506 E Walnut St,Portland,IN,47371,,40.43470086,-84.97119106,(260) 726-7341
us-oh-portsmouth-scioto-catholic-holy-redeemer-ca7cd676,Scioto Catholic - Holy Redeemer,1325,,Gallia,St,,,,1325 Gallia St,Portsmouth,OH,45662,4298,38.73596619,-82.98634791,740-354-4551
us-oh-portsmouth-scioto-catholic-st-mary-of-the-annunciation-98c567b3,St. Mary of the Annunciation,514,,Market,St,,,,514 Market St,Portsmouth,OH,45662,,38.73434412,-83.00239793,(740) 354-4551
us-oh-powell-st-joan-of-arc-0f433fde,St. Joan of Arc,10700,,Liberty,Rd,S,,,10700 Liberty Rd S,Powell,OH,43065,,40.1392549,-83.07370267,(614) 761-0905
us-wv-proctor-st-joseph-mission-4785a3c9,St. Joseph,64,,Frohnapfel,Ln,,,,64 Frohnapfel Ln,Proctor,WV,26055,,39.73232652,-80.71650288,(304)455-4615
us-pa-pulaski-church-of-st-james-the-apostle-dddc29ff,St. James the Apostle,4019,,US 422,,,,,4019 US 422,Pulaski,PA,16143,,41.0811875,-80.4914375,17249648276
us-oh-put-in-bay-mother-of-sorrows-74b3cdf9,Mother of Sorrows,632,,Catawba,Ave,,,,632 Catawba Ave,Put-In- Bay,OH,43456,,41.64978014,-82.82219174,(419) 285-2741
us-oh-ravenna-immaculate-conception-b1e84da8,Immaculate Conception Parish,409,W,Main,St,,,,409 W Main St,Ravenna,OH,44266,,41.15753459,-81.24667247,(330) 296-6434
us-wv-ravenswood-st-matthew-683c08af,St. Matthew,400,,Kaiser,Ave,,,,400 Kaiser Ave,Ravenswood,WV,26164,,38.95432953,-81.7586271,(304) 273-2175
us-oh-reading-church-of-our-lady-of-the-sacred-heart-1c465dfd,Our Lady of the Sacred Heart,177,,Siebenthaler,Ave,,,,177 Siebenthaler Ave,Reading,OH,45215,3715,39.2321875,-84.4194375,15137334950
us-oh-reading-our-lady-of-the-valley-parish-9483fe0b,Our Lady of the Valley Parish,1109,,Church,St,,,,1109 Church St,Reading,OH,45215,,39.22599787,-84.44592566,(513) 554-1010
us-oh-reynoldsburg-saint-pius-x-206b1010,St. Pius X,1051,,Waggoner,Rd,,,,1051 Waggoner Rd,Reynoldsburg,OH,43068,,39.96301452,-82.79456426,(614) 866-2859
us-oh-richfield-regina-health-center-1d8cef85,Regina Health Center,5232,,Broadview,Rd,,,,5232 Broadview Rd,Richfield,OH,44286,,41.2667479,-81.68424653,(330) 659-5136
us-oh-richfield-st-victor-da4a9bf7,St. Victor,3435,,Everett,Rd,,,,3435 Everett Rd,Richfield,OH,44286,,41.20313896,-81.61733586,(330) 659-6591
us-in-richmond-holy-family-church-586fdac1,Holy Family,815,W,Main,St,,,,815 W Main St,Richmond,IN,47374,,39.82881141,-84.91375174,(765) 962-3902
us-in-richmond-st-andrew-church-16a8503e,St. Andrew,235,S,5th,St,,,,235 S 5th St,Richmond,IN,47374,,39.82459483,-84.89546799,(765) 962-3902
us-oh-richmond-st-john-fisher-9f1bd0a8,St. John Fisher,7457,,State Hwy 152,,,,,7457 State Hwy 152,Richmond,OH,43944,,40.42559631,-80.77976709,(740) 765-4142
us-in-richmond-st-mary-church-2f5457b3,St. Mary,720,N,A,St,,,,720 N A St,Richmond,IN,47374,,39.8307415,-84.89218292,(765) 962-3902
us-oh-ripley-st-michael-97c5d313,St. Michael,16,N,Fourth,St,,,,16 N Fourth St,Ripley,OH,45167,,38.74763469,-83.84374933,(937) 392-1116
us-oh-rittman-st-anne-2bb25f47,St. Anne,139,S,First,St,,,,139 S First St,Rittman,OH,44270,,40.97263803,-81.78400926,(330) 927-2941
us-oh-riverside-st-helen-e4e772ca,St. Helen,605,,Granville,Pl,,,,605 Granville Pl,Riverside,OH,45431,,39.75867564,-84.11765969,(937) 254-6233
us-pa-rochester-saint-cecilia-our-lady-of-the-valley-parish-ffa07c25,St. Cecilia Church - Our Lady of the Valley Parish,628,,Virginia,Ave,,,,628 Virginia Ave,Rochester,PA,15074,,40.71440297,-80.2850354,(724) 775-4111
us-oh-rock-creek-sacred-heart-catholic-church-bb9fed02,Sacred Heart Church,3049,,State Rt 45,,,,,3049 State Rt 45,Rock Creek,OH,44084,,41.66690203,-80.85868645,(440) 563-3010
us-oh-rockford-st-teresa-bc98a276,St. Teresa,4227,,State Rt 707,,,,,4227 State Rt 707,Rockford,OH,45882,,40.65554772,-84.63875927,(419) 363-2633
us-oh-rocky-river-st-christopher-b570e744,St. Christopher,20141,,Detroit,Rd,,,,20141 Detroit Rd,Rocky River,OH,44116,2420,41.47745722,-81.84467173,(440) 331-4255
us-oh-rootstown-st-peter-of-the-fields-edcd89d6,St. Peter of the Fields,3487,,Old Forge,Rd,,,,3487 Old Forge Rd,Rootstown,OH,44272,,41.07044057,-81.2669873,(330) 325-7543
us-oh-rossford-all-saints-catholic-church-16ca4230,All Saints,628,,Lime City,Rd,,,,628 Lime City Rd,Rossford,OH,43460,,41.595829,-83.56819564,4196661393
us-oh-rossford-st-michael-ukrainian-a29cf463,St. Michael (Ukrainian),133,,Walnut,St,,,,133 Walnut St,Rossford,OH,43460,1248,41.61023819,-83.55642444,(419) 666-5627
us-oh-russells-point-st-mary-of-the-woods-882797d1,St. Mary of the Woods,464,,Madison,Ave,,,,464 Madison Ave,Russells Point,OH,43348,0329,40.46746802,-83.89085758,(937) 843-3127
us-oh-russia-st-remy-2ed4c924,St. Remy,108,E,Main,St,,,,108 E Main St,Russia,OH,45363,,40.23377525,-84.40828937,(937) 526-3437
us-pa-saegertown-st-bernadette-ac5fecf4,St. Bernadette,222,,Renner Alley,,,,,222 Renner Alley,Saegertown,PA,16433,,41.71975438,-80.14985485,(814) 734-3113
us-oh-saint-bernard-st-clement-4f1c5dd8,St. Clement,4536,,Vine,St,,,,4536 Vine St,Saint Bernard,OH,45217,,39.16562114,-84.50013112,(513) 641-3176
us-oh-saint-clairsville-saint-mary-974d787f,St. Mary,212,W,Main,St,,,,212 W Main St,Saint Clairsville,OH,43950,,40.07907379,-80.90630732,740-695-9993
us-oh-saint-henry-st-francis-f125f88b,St. Francis,1509,,Cranberry,Rd,,,,1509 Cranberry Rd,Saint Henry,OH,45883,,40.39302476,-84.58173331,(419) 678-4118
us-oh-saint-henry-st-henry-bee94b05,St. Henry,272,E,Main,St,,,,272 E Main St,Saint Henry,OH,45883,,40.41730441,-84.6374917,(419) 678-4118
us-in-saint-leon-st-joseph-church-all-saints-parish-81010f2c,St. Joseph (All Saints Parish),7536,,Church,Ln,,,,7536 Church Ln,Saint Leon,IN,47060,,39.29227398,-84.95730208,(812) 576-4302 
us-oh-saint-martin-st-angela-mericist-martin-88c354b4,St. Angela Merici,20864,,State Rt 251,,N,,,20864 State Rt 251 N,Saint Martin,OH,45118,9705,39.21107743,-83.89387409,(513) 875-5020
us-oh-saint-marys-holy-rosary-06315c0e,Holy Rosary,511,E,Spring,St,,,,511 E Spring St,Saint Marys,OH,45885,2388,40.54485317,-84.38243253,(419) 394-5050
us-wv-saint-marys-st-john-42a12319,St. John,310,,Washington,St,,,,310 Washington St,Saint Marys,WV,26170,,39.38960937,-81.20410163,(304) 684-7669
us-oh-saint-marys-st-patrick-d23bb8dc,St. Patrick,6959,,Glynwood,Rd,,,,6959 Glynwood Rd,Saint Marys,OH,45885,,40.58315543,-84.31780166,(419) 394-5050
us-oh-saint-paris-sacred-heart-e36c1ba2,Sacred Heart,121,E,Walnut,St,,,,121 E Walnut St,Saint Paris,OH,43072,,40.12619108,-83.95831771,(937) 653-1375
us-oh-salem-st-paul-76be8969,St. Paul,935,E,State,St,,,,935 E State St,Salem,OH,44460,,40.9006233,-80.84776,(330) 332-0336
us-oh-sandusky-holy-angels-9968181d,Holy Angels,428,,Tiffin,Ave,,,,428 Tiffin Ave,Sandusky,OH,44870,,41.44951457,-82.72289984,(419) 625-3698
us-oh-sandusky-st-mary-8f2293e7,St. Mary,429,,Central,Ave,,,,429 Central Ave,Sandusky,OH,44870,,41.45143567,-82.7138258,(419) 625-7465
us-oh-sandusky-sts-peter-and-paul-a3a1a829,Sts. Peter and Paul,510,,Columbus,Ave,,,,510 Columbus Ave,Sandusky,OH,44870,,41.45225509,-82.70904398,(419) 625-7500
us-oh-sebring-st-ann-b3425198,St. Ann,323,S,15th,St,,,,323 S 15th St,Sebring,OH,44672,,40.91689185,-81.01862523,(330) 938-2033
us-oh-seville-our-lady-help-of-christians-jesus-emmanuel-0cc9f5e3,Our Lady Help of Christians - Jesus Emmanuel,60,,High,St,,,,60 High St,Seville,OH,44273,,41.01352931,-81.86856463,(330) 722-1180
us-pa-sewickley-church-of-st-james-5758d25e,St. James,200,,Walnut,St,,,,200 Walnut St,Sewickley,PA,15143,,40.5376875,-80.1850625,14127416650
us-pa-sewickley-saint-james-divine-redeemer-parish-73cf0e81,St. James,200,,Walnut,St,,,,200 Walnut St,Sewickley,PA,15143,,40.53799508,-80.18493814,(412) 741-6650
us-pa-sewickley-saint-mary-divine-redeemer-parish-f00ddaae,St. Mary- Divine Redeemer Parish,444,,Glenfield,Rd,,,,444 Glenfield Rd,Sewickley,PA,15143,,40.5328865,-80.12778,(412) 741-6650
us-oh-shadyside-st-mary-295377d4,St. Mary,240,E,40th,St,,,,240 E 40th St,Shadyside,OH,43947,,39.96904865,-80.74774684,(740) 671-0051
us-oh-shaker-heights-st-dominic-a3105e40,St. Dominic,19000,,Van Aken,Blvd,,,,19000 Van Aken Blvd,Shaker Heights,OH,44122,,41.46614838,-81.54545549,(216) 991-1444
us-oh-shandon-st-aloysius-f0f9459a,St. Aloysius,3350,,Chapel,Rd,,,,3350 Chapel Rd,Shandon,OH,45013,,39.33533575,-84.7384577,(513) 738-1014
us-pa-sharon-church-of-the-sacred-heart-6a10ce54,Sacred Heart,40,S,Irvine,Ave,,,,40 S Irvine Ave,Sharon,PA,16146,,41.2326875,-80.5144375,17243463567
us-pa-sharon-st-anthony-of-padua-d7f0bdaf,St. Anthony of Padua Church,804,,Idaho,St,,,,804 Idaho St,Sharon,PA,16146,,41.2163538,-80.49421416,(724) 981-3232
us-pa-sharon-st-joseph-a446c34d,St. Joseph,79,,Case,Ave,,,,79 Case Ave,Sharon,PA,16146,,41.2335296,-80.49114168,(724) 981-3232
us-pa-sharon-church-of-st-stanislaus-kostkaholy-trinity-a387f0fc,St. Stanislaus Kostka–Holy Trinity,370,,Spruce,Ave,,,,370 Spruce Ave,Sharon,PA,16146,,41.2279375,-80.4984375,17243477526
us-oh-sharonville-st-michael-9e8f9681,St. Michael,11144,,Spinner,Ave,,,,11144 Spinner Ave,Sharonville,OH,45241,2699,39.27088331,-84.41022817,(513) 563-6377
us-pa-sharpsville-st-bartholomew-258500be,St. Bartholomew,311,W,Ridge,Ave,,,,311 W Ridge Ave,Sharpsville,PA,16150,,41.2610572,-80.47867839,(724) 962-7130
us-oh-sheffield-lake-lorain-st-thomas-the-apostle-parish-27eaf9a9,Lorain St. Thomas the Apostle Parish,715,,Harris,Rd,,,,715 Harris Rd,Sheffield Lake,OH,44054,,41.4880487,-82.0938245,+1-440-949-7744
us-oh-sheffield-lake-st-thomas-the-apostle-595320dc,St. Thomas the Apostle,715,,Harris,Rd,,,,715 Harris Rd,Sheffield Lake,OH,44054,,41.48798442,-82.09409764,(440) 949-7744
us-oh-sheffield-village-st-teresa-of-avila-29faf186,St. Teresa of Avila,1878,,Abbe,Rd,,,,1878 Abbe Rd,Sheffield Village,OH,44054,,41.46601082,-82.07644496,440-934-4227
us-oh-shelby-most-pure-heart-of-mary-9077817b,Most Pure Heart of Mary,29,,W,St,,,,29 W St,Shelby,OH,44875,,40.88291542,-82.66738688,(419) 347-2381
us-oh-shelby-sacred-heart-of-jesus-246dbd17,Sacred Heart of Jesus,5741,,State Rt 61,,,,,5741 State Rt 61,Shelby,OH,44875,9080,40.837458,-82.72378402,(419) 342-2256
us-oh-sherwood-st-isidore-7cf79862,St. Isidore Parish – Delaware Bend,16428,,Speaker,Rd,,,,16428 Speaker Rd,Sherwood,OH,43556,,41.2819939,-84.51569,(419) 497-2161
us-oh-sidney-holy-angels-a173fe9b,Holy Angels,119,E,Water,St,,,,119 E Water St,Sidney,OH,45365,,40.28234134,-84.15531441,(937) 498-2307
us-wv-sistersville-church-of-the-holy-rosary-e86a521d,Holy Rosary,519,,Main,St,,,,519 Main St,Sistersville,WV,26175,,39.5653125,-80.9940625,13046526381
us-wv-sistersville-holy-rosary-mission-b0ef17c6,Holy Rosary Mission,519,,Main,St,,,,519 Main St,Sistersville,WV,26175,1405,39.56540235,-80.99512315,(304) 652-6381 or (304) 445-4615 ( St Vincent de Paul Parish)
us-oh-solon-protection-blessed-virgin-mary-ukrainian-b3fd50cc,Protection Blessed Virgin Mary (Ukrainian),27275,,Aurora,Rd,,,,27275 Aurora Rd,Solon,OH,44139,,41.40555256,-81.48634783, (330) 689-9072
us-oh-solon-church-of-the-resurrection-8f59d559,Resurrection,32001,,Cannon,Rd,,,,32001 Cannon Rd,Solon,OH,44139,,41.40993993,-81.4522107,(440) 248-0980
us-oh-solon-saint-john-ruthenian-97e7384f,St. John (Ruthenian),36125,,Aurora,Rd,,,,36125 Aurora Rd,Solon,OH,44139,3841,41.37649525,-81.42149997,(440) 248-0417
us-oh-solon-st-rita-3749695a,St. Rita,32820,,Baldwin,Rd,,,,32820 Baldwin Rd,Solon,OH,44139,4098,41.38445745,-81.4447143,(440) 248-1350
us-oh-somerset-holy-trinity-b333bb79,Holy Trinity,228,S,Columbus,St,,,,228 S Columbus St,Somerset,OH,43783,,39.80431635,-82.29613154,(740) 743-1317
us-oh-somerset-saint-joseph-5c7c313e,St. Joseph,5757,,OH-383,,,,,5757 OH-383,Somerset,OH,43783,0190,39.77740213,-82.27685957,(740) 743-1317
us-oh-south-amherst-nativity-of-the-blessed-virgin-mary-380b9931,Nativity of the Blessed Virgin Mary,333,S,Lake,St,,,,333 S Lake St,South Amherst,OH,44001,3013,41.3503997,-82.23994112,440-320-3508 
us-oh-south-charleston-st-charles-borromeo-dc9e9afb,St. Charles Borromeo,31,S,Chillicothe,St,,,,31 S Chillicothe St,South Charleston,OH,45368,0806,39.82481908,-83.6349746,(937) 462-8971
us-oh-south-euclid-sacred-heart-of-jesus-f48ed34e,Sacred Heart of Jesus Parish,1545,S,Green,Rd,,,,1545 S Green Rd,South Euclid,OH,44121,,41.51791355,-81.51908112,(216) 382-7601
us-ky-southgate-st-therese-catholic-church-bb22b069,St. Therese Catholic Church,11,,Temple,Pl,,,,11 Temple Pl,Southgate,KY,41071,,39.07139245,-84.47115592,859-441-1654
us-oh-spencerville-st-patrick-3e2a9a67,St. Patrick,500,S,Canal,St,,,,500 S Canal St,Spencerville,OH,45887,,40.70273181,-84.35786768,(419) 647-6202
us-oh-springboro-st-mary-of-the-assumption-d77ec6c0,St Mary of the Assumption Catholic Parish,9579,,Yankee,Rd,,,,9579 Yankee Rd,Springboro,OH,45066,,39.57925106,-84.20284602,937-557-1711
us-oh-springfield-st-bernard-church-ee9394f0,St. Bernard,910,,Lagonda,Ave,,,,910 Lagonda Ave,Springfield,OH,45503,4318,39.92530486,-83.79550795,(937) 322-5243
us-oh-springfield-st-joseph-b311e306,St. Joseph,802,,Kenton,St,,,,802 Kenton St,Springfield,OH,45505,2126,39.91601639,-83.79769998,(937) 323-7523
us-oh-springfield-st-raphael-68aab79f,St. Raphael,225,E,High,St,,,,225 E High St,Springfield,OH,45505,,39.92280587,-83.80615716,(937) 323-7523
us-oh-springfield-st-teresa-of-the-child-jesus-a27b5835,St. Teresa of the Child Jesus,1827,N,Limestone,St,,,,1827 N Limestone St,Springfield,OH,45503,,39.9481773,-83.80487,(937) 342-8861
us-oh-st-clairsville-church-of-st-joseph-c21551fc,St. Joseph,46982,,Columbia,St,,,,46982 Columbia St,St. Clairsville,OH,46982,,40.1246875,-80.9415625,17406950840
us-oh-steubenville-christ-the-king-chapel-at-franciscan-university-of-steubenville-61f2dc75,Chapel of Christ the King,1235,,University,Blvd,,,,1235 University Blvd,Steubenville,OH,43952,,40.37621319,-80.6204145,(740) 283-6276
us-oh-steubenville-holy-family-31097274,Holy Family,2655,,Alexander,St,,,,2655 Alexander St ,Steubenville,OH,43952,,40.37617935,-80.64685224,(740) 264-2825
us-oh-steubenville-st-peter-5564f3e2,St. Peter,425,N,4th,St,,,,425 N 4th St,Steubenville,OH,43952,,40.36567531,-80.61285678,(740) 282-7612
us-oh-steubenville-triumph-of-the-cross-01c9686e,Triumph of the Cross,204,,Rosemont,Ave,,,,204 Rosemont Ave,Steubenville,OH,43952,,40.37435515,-80.66255236,740-264-6177
us-oh-stonelick-st-philomena-00a5671d,St. Philomena,5236,,Stonelick Williams Corner,Rd,,,,5236 Stonelick Williams Corner Rd,Stonelick,OH,45103,,39.12793142,-84.18540192,(513) 732-2218
us-oh-stow-holy-family-944b0066,Holy Family,3179,,Kent,Rd,,,,3179 Kent Rd,Stow,OH,44224,,41.15810243,-81.44503262,(330) 688-6411
us-oh-streetsboro-st-joan-of-arc-063f7bc1,St. Joan of Arc,8894,,State Rte 14,,,,,8894 State Rte 14,Streetsboro,OH,44241,,41.23216648,-81.3254973,(330) 626-3424
us-oh-strongsville-st-john-neumann-892e227c,St. John Neumann,16271,,Pearl,Rd,,,,16271 Pearl Rd,Strongsville,OH,44136,,41.29875292,-81.8340883,(440) 238-1770
us-oh-strongsville-st-joseph-f7a709e7,St. Joseph,12700,,Pearl,Rd,,,,12700 Pearl Rd,Strongsville,OH,44136,3484,41.32074149,-81.83713666,(440) 238-5555
us-oh-struthers-holy-trinity-8fb75c49,Holy Trinity,250,N,Bridge,St,,,,250 N Bridge St,Struthers,OH,44471,,41.065258,-80.578929,(330) 755-9819
us-oh-struthers-st-nicholas-19719489,St. Nicholas,764,,5th,St,,,,764 5th St,Struthers,OH,44471,,41.0499268,-80.60327,(330) 755-9819
us-oh-sugar-grove-saint-joseph-2fc6113f,St. Joseph,308,,Elm,St,,,,308 Elm St,Sugar Grove,OH,43155,,39.62713722,-82.54941258,(740) 654-1893
us-oh-summitville-st-john-the-evangelist-09c243e3,St. John the Evangelist,16017,,Smith,Rd,,,,16017 Smith Rd,Summitville,OH,43962,,40.67937834,-80.88829341,(330) 223-1871
us-oh-summitville-st-john-the-evangelist-roman-catholic-parish-81b0ce82,St. John the Evangelist Roman Catholic Parish,16017,,Smith,Rd,,,,16017 Smith Rd,Summitville,OH,43962,,40.6721058,-80.8980209,
us-oh-sunbury-saint-john-neumann-901af492,St. John Neumann,9633,E,State Rt 37,,,,,9633 E State Rt 37,Sunbury,OH,43074,9536,40.26171359,-82.88968369,(740) 965-1358
us-in-sunman-saint-pius-church-e1acd3bd,Saint Pius Church,7924,N,County,Rd,,,,7924 N County Rd 500 E,Sunman,IN,47041,,39.191525,-85.169383,
us-in-sunman-st-nicholas-662b700b,St. Nicholas,6461,E,St Nicholas,Dr,,,,6461 E St Nicholas Dr,Sunman,IN,47041,,39.22566227,-85.14222125,(812) 623-2964
us-oh-swanton-holy-trinity-c43760d4,Holy Trinity,2649,,US Hwy 20,,,,,2649 US Hwy 20,Swanton,OH,43558,,41.67188629,-83.91155617,(419) 644-4014
us-oh-swanton-st-richard-22a2dabe,St. Richard,333,,Brookside,Dr,,,,333 Brookside Dr,Swanton,OH,43558,,41.59689837,-83.89127313,(419) 826-2791
us-oh-sycamore-st-pius-x-04ae5640,St. Pius X,405,W,Saffell,St,,,,405 W Saffell St,Sycamore,OH,44882,,40.95003702,-83.17517403,(419) 447-2087
us-oh-sylvania-st-joseph-ce77f235,St. Joseph,5411,,Main,St,,,,5411 Main St,Sylvania,OH,43560,,41.711956,-83.70356,(419) 885-5791
us-oh-tallmadge-our-lady-of-victory-19f71f19,Our Lady of Victory,73,,N,Ave,,,,73 N Ave,Tallmadge,OH,44278,,41.10478282,-81.44135738,(330) 633-3637
us-ky-taylor-mill-st-anthony-8b8b780e,St. Anthony,485,,Grand,Ave,,,,485 Grand Ave,Taylor Mill,KY,41015,,39.03432125,-84.50507423,(859) 431-1773
us-ky-taylor-mill-st-patrick-46ea78b0,St. Patrick,3280,,Mills,Rd,,,,3280 Mills Rd,Taylor Mill,KY,41015,2480,38.94842618,-84.50032682,(859)356-5151
us-mi-tecumseh-st-elizabeth-89b360a9,St. Elizabeth,512,N,Union,St,,,,512 N Union St,Tecumseh,MI,49286,,42.0120384,-83.9497516,517-423-2447
us-mi-temperance-our-lady-of-mount-carmel-catholic-church-bc09a710,Our Lady of Mount Carmel,8330,,Lewis,Ave,,,,8330 Lewis Ave,Temperance,MI,48182,9285,41.76765527,-83.56710402,(734) 847-2805
us-mi-temperance-st-anthony-27ce795b,St. Anthony,4605,,St Anthony,Rd,,,,4605 St Anthony Rd,Temperance,MI,48182,,41.79922906,-83.65513652,(734) 854-1143
us-oh-thompson-st-patrick-church-9a9a2735,St. Patrick,16550,,Rock Creek,Rd,,,,16550 Rock Creek Rd,Thompson,OH,44086,8753,41.66465511,-81.05291816,(440) 298-1327
us-oh-tiffin-st-joseph-d452ace3,St. Joseph,36,,Melmore,St,,,,36 Melmore St,Tiffin,OH,44883,,41.10873949,-83.17525783,(419) 447-5848
us-oh-tiffin-st-mary-5fcfa031,St. Mary,85,S,Sandusky,St,,,,85 S Sandusky St,Tiffin,OH,44883,,41.11727328,-83.18396244,(419) 447-2087
us-oh-tiltonsville-st-joseph-church-05a62c1b,St. Joseph,204,,Mound,St,,,,204 Mound St,Tiltonsville,OH,43963,,40.16868819,-80.69899593,(740) 859-4018
us-oh-tipp-city-st-john-the-baptist-21b512ac,St. John the Baptist,753,S,Hyatt,St,,,,753 S Hyatt St,Tipp City,OH,45371,1255,39.9511833,-84.1762,(937) 667-3419
us-oh-toledo-st-francis-de-sales-052e7cfa,Chapel of St. Francis de Sales,501,,Cherry,St,,,,501 Cherry St,Toledo,OH,43604,,41.655905,-83.531583,
us-oh-toledo-christ-the-king-6287c703,Christ the King,4100,,Harvest,Ln,,,,4100 Harvest Ln,Toledo,OH,43623,,41.69266745,-83.63227284,(419) 475-4348
us-oh-toledo-corpus-christi-university-parish-8bc4e4cc,Corpus Christi,2955,,Dorr,St,,,,2955 Dorr St,Toledo,OH,43607,,41.65253816,-83.61423626,(419) 531-4992
us-oh-toledo-gesu-20b81c8a,Gesu,2049,,Parkside,Blvd,,,,2049 Parkside Blvd,Toledo,OH,43607,,41.66134255,-83.59561458,(419) 531-1421
us-oh-toledo-church-of-the-good-shepherd-389803d0,Good Shepherd,550,,Clark,St,,,,550 Clark St,Toledo,OH,43605,2273,41.6399375,-83.5264375,14196915815
us-oh-toledo-the-historic-church-of-st-patrick-3736ae17,Historic Church of St. Patrick,130,,Avondale,Ave,,,,130 Avondale Ave,Toledo,OH,43604,,41.64872346,-83.54605436,(419) 243-6452
us-oh-toledo-immaculate-conception-cbbe9937,Immaculate Conception,434,,Western,Ave,,,,434 Western Ave,Toledo,OH,43609,,41.63501921,-83.54993285,(419) 243-1829
us-oh-toledo-immaculate-conception-chapel-st-vincent-hospital-792f3104,Immaculate Conception Chapel (St. Vincent Hospital),2213,,Cherry,St,,,,2213 Cherry St,Toledo,OH,43606,,41.66781168,-83.54236159,
us-oh-toledo-little-flower-ae948e67,Little Flower,5522,,Dorr,St,,,,5522 Dorr St,Toledo,OH,43615,,41.65478567,-83.67403285,(419) 537-6655
us-oh-toledo-little-flower-catholic-church-73cd581d,Little Flower Catholic Church,5522,,Dorr,St,,,,5522 Dorr St,Toledo,OH,43615,,41.6548467,-83.6739436,+1-419-537-6655
us-oh-toledo-monastery-of-the-visitation-ede76904,Monastery of the Visitation,1745,,Parkside,Blvd,,,,1745 Parkside Blvd,Toledo,OH,43607,1599,41.6581875,-83.5953125,14195361343
us-oh-toledo-most-blessed-sacrament-81fc861b,Most Blessed Sacrament,2240,,Castlewood,Dr,,,,2240 Castlewood Dr,Toledo,OH,43613,,41.695214,-83.59618822,(419) 472-2288
us-oh-toledo-our-lady-of-lourdes-09f944bc,Our Lady of Lourdes,6149,,Hill,Ave,,,,6149 Hill Ave,Toledo,OH,43615,,41.63838881,-83.6885923,(419) 865-2345
us-oh-toledo-our-lady-of-lourdes-church-7b8c550a,Our Lady of Lourdes Church,6149,,Hill,Ave,,,,6149 Hill Ave,Toledo,OH,43615,,41.6383001,-83.6871638,+1-419-865-2345
us-oh-toledo-our-lady-of-perpetual-help-1d4d3414,Our Lady of Perpetual Help,2255,,Central Grove,,,,,2255 Central Grove,Toledo,OH,43614,,41.6024893,-83.59969282,(419) 382-5511
us-oh-toledo-our-lady-queen-of-the-most-holy-rosary-8f7a425a,"Our Lady, Queen of the Most Holy Rosary Cathedral",2535,,Collingwood,Blvd,,,,2535 Collingwood Blvd,Toledo,OH,43610,,41.67216427,-83.55553013,(419) 244-9575
us-oh-toledo-regina-coeli-8cd4127c,Regina Coeli,530,,Regina,Pkwy,,,,530 Regina Pkwy,Toledo,OH,43612,,41.71606093,-83.55796926,(419) 476-0922
us-oh-toledo-regina-coeli-parish-362a9290,Regina Coeli Parish,530,,Regina,Pkwy,,,,530 Regina Pkwy,Toledo,OH,43612,,41.7161383,-83.5579633,+1-419-476-0922
us-oh-toledo-church-of-the-sacred-heart-of-jesus-211bcda3,Sacred Heart of Jesus,509,,Oswald,St,,,,509 Oswald St,Toledo,OH,43605,,41.6461875,-83.5175625,14196981519
us-oh-toledo-st-martin-de-porres-a049478f,St Martin de Porres Church,1119,W,Bancroft,,,,,1119 W Bancroft,Toledo,OH,43606,,41.6631737,-83.57047,(419) 241-4544
us-oh-toledo-st-catherine-of-siena-4f963c20,St. Catherine of Siena,4555,N,Haven,,,,,4555 N Haven,Toledo,OH,43612,,41.70106052,-83.56985532,(419) 478-9558
us-oh-toledo-st-charles-borromeo-e38f751b,St. Charles Borromeo,1842,,Airport,Hwy,,,,1842 Airport Hwy,Toledo,OH,43609,2069,41.63410325,-83.58946387,(419) 535-7077
us-oh-toledo-st-clement-a0c82689,St. Clement,3030,,Tremainsville,Rd,,,,3030 Tremainsville Rd,Toledo,OH,43613,,41.71849082,-83.61680115,(419) 472-2111
us-oh-toledo-st-hyacinth-b69776ac,St. Hyacinth,719,,Evesham,Ave,,,,719 Evesham Ave,Toledo,OH,43607,3806,41.64760362,-83.59463187,(419) 535-7077
us-oh-toledo-st-joan-of-arc-f0da16b7,St. Joan of Arc,5856,,Heatherdowns,Blvd,,,,5856 Heatherdowns Blvd,Toledo,OH,43614,4570,41.59523865,-83.68126392,(419) 866-6181
us-oh-toledo-st-john-the-baptist-706248ba,St. John the Baptist,5153,,Summit,St,,,,5153 Summit St,Toledo,OH,43611,,41.71610472,-83.47984698,(419) 726-2034
us-oh-toledo-st-joseph-latin-mass-parish-54cfc907,St. Joseph (Latin Mass Parish),628,,Locust,St,,,,628 Locust St,Toledo,OH,43604,,41.65916031,-83.52933834,(419) 261-3928
us-oh-toledo-st-michael-the-archangel-55891e8d,St. Michael the Archangel,420,,Sandusky,St,,,,420 Sandusky St,Toledo,OH,43611,3535,41.67697356,-83.5019258,(419) 726-1947
us-oh-toledo-saint-michael-the-archangel-byzantine-catholic-471b156d,St. Michael the Archangel Byzantine Catholic,4001,,Navarre,Ave,,,,4001 Navarre Ave,Toledo,OH,43616,,41.63844077,-83.45214819,630-725-8559
us-oh-toledo-st-patrick-of-heatherdowns-f9f0da84,St. Patrick of Heatherdowns Church,4201,,Heatherdowns,Blvd,,,,4201 Heatherdowns Blvd,Toledo,OH,43614,3099,41.59404346,-83.64218436,(419) 381-1540
us-oh-toledo-st-pius-x-f6e39dbf,St. Pius X,3011,,Carskaddon,Ave,,,,3011 Carskaddon Ave,Toledo,OH,43606,,41.6836782,-83.61622627,(419) 535-7672
us-oh-toledo-st-stephen-epiphany-of-the-lord-parish-fb9fd84d,St. Stephen (Epiphany of the Lord Parish),1880,,Genesee,St,,,,1880 Genesee St,Toledo,OH,43605,1440,41.65923435,-83.50100798,(419) 698-1519
us-oh-toledo-st-thomas-aquinas-epiphany-of-the-lord-parish-0cfb8e02,St. Thomas Aquinas (Epiphany of the Lord Parish),729,,White,St,,,,729 White St,Toledo,OH,43605,2719,41.63793894,-83.51066719,(419) 698-1519
us-oh-toledo-sts-adalbert-hedwig-d8b3001c,Sts. Adalbert and Hedwig,3233,,Lagrange,St,,,,3233 Lagrange St,Toledo,OH,43608,,41.68178199,-83.54236531,(419) 241-4179
us-oh-toledo-sts-peter-and-paul-3fc54ded,Sts. Peter and Paul,738,S,St Clair,St,,,,738 S St Clair St,Toledo,OH,43609,,41.63891592,-83.54939942,(419) 241-5822
us-oh-toronto-franciscan-sisters-tor-of-penance-of-the-sorrowful-mother-ab0f6b19,Motherhouse of Franciscan Sisters Third Order Regular of Penance of the Sorrowful Mother,369,,Little Church,Rd,,,,369 Little Church Rd,Toronto,OH,43964,,40.46310804,-80.64265437,(740) 544-5542
us-oh-toronto-st-francis-of-assisi-eb92bb53,St. Francis of Assisi,601,,Loretta,Ave,,,,601 Loretta Ave,Toronto,OH,43964,,40.46158392,-80.60444622,(740) 537-4433
us-oh-toronto-st-joseph-da8e8f3f,St. Joseph,1225,N,River,Ave,,,,1225 N River Ave,Toronto,OH,43964,,40.47879267,-80.60155723,(740) 537-4433
us-oh-toronto-st-joseph-melkite-83a21436,St. Joseph (Melkite),814,N,5th,St,,,,814 N 5th St,Toronto,OH,43964,,40.47375738,-80.60140123,(740)-804-9610
us-oh-toronto-st-joseph-ruthenian-050b5f31,St. Joseph (Ruthenian),814,N,5th,St,,,,814 N 5th St,Toronto,OH,43964,,40.47375511,-80.60142866,(740) 537-1026
us-oh-trenton-holy-name-of-jesus-4c1cfafa,Holy Name,222,,Hamilton,Ave,,,,222 Hamilton Ave,Trenton,OH,45067,,39.47920977,-84.46086378,(513) 988-6335
us-wv-triadelphia-our-lady-of-seven-dolors-mission-6935393f,Our Lady of Seven Dolors Mission,,,Chapel Hill,Rd,,,,Chapel Hill Rd,Triadelphia,WV,26059,,40.05397233,-80.62806514,(304) 547-5342
us-oh-troy-st-patrick-f4cb0dc8,St. Patrick,409,E,Main,St,,,,409 E Main St,Troy,OH,45373,,40.03824896,-84.19907304,(937) 335-2833
us-oh-twinsburg-ss-cosmas-damian-b5c5c16b,Sts. Cosmas and Damian,10419,,Ravenna,Rd,,,,10419 Ravenna Rd,Twinsburg,OH,44087,,41.32542716,-81.45746902,(330) 425-8141
us-ky-union-st-timothy-5da5d619,St. Timothy,10272,,US 42,,,,,10272 US 42,Union,KY,41091,0120,38.93657753,-84.67475563,(859) 384-1100
us-in-union-city-st-mary-9b151683,St. Mary,425,W,Hickory,St,,,,425 W Hickory St,Union City,IN,47390,,40.20062426,-84.81183473,(765) 964-4202
us-oh-uniontown-holy-spirit-599e5864,Holy Spirit,2952,,Edison,St,NW,,,2952 Edison St NW,Uniontown,OH,44685,,40.97563882,-81.39619862,(330) 699-4500
us-oh-uniontown-queen-of-heaven-168d14e1,Queen of Heaven,1800,,Steese,Rd,,,,1800 Steese Rd,Uniontown,OH,44685,,40.94691619,-81.46916132,(330) 896-2345
us-oh-upper-arlington-st-agatha-a89b5b93,St. Agatha,1860,,Northam,Rd,,,,1860 Northam Rd,Upper Arlington,OH,43221,3299,40.01232224,-83.06127707,(614) 488-6149
us-oh-upper-sandusky-transfiguration-of-the-lord-bcac6c7e,Transfiguration of the Lord,225,N,8th,St,,,,225 N 8th St,Upper Sandusky,OH,43351,,40.82924539,-83.28424923,(419) 294-1268
us-oh-urbana-st-mary-church-73449a56,St. Mary,228,,Washington,Ave,,,,228 Washington Ave,Urbana,OH,43078,,40.11201114,-83.74922935,937-653-1375
us-oh-utica-church-of-the-nativity-6dc913aa,Nativity,126,N,Main,St,,,,126 N Main St,Utica,OH,43080,0506,40.2365625,-82.4523125,17408922321
us-oh-valley-city-st-martin-of-tours-6f82cf27,St. Martin of Tours,1800,,Station,Rd,,,,1800 Station Rd,Valley City,OH,44280,,41.22580054,-81.95481522,(330) 483-3808
us-oh-van-wert-st-mary-of-the-assumption-a0d1b1d3,St. Mary of the Assumption,601,,Jennings,Rd,,,,601 Jennings Rd,Van Wert,OH,45891,,40.86173701,-84.56598624,(419) 238-3979
us-ky-vanceburg-holy-redeemer-415a5f66,Holy Redeemer,239,,KY 59,,,,,239 KY 59,Vanceburg,KY,41179,0008,38.5973932,-83.3195443,(606) 796-3052
us-ky-vanceburg-church-of-the-holy-redeemer-8c293ffd,Holy Redeemer,59,S,,,,,,59 S,Vanceburg,KY,41179,,38.5821875,-83.3275625,16067963052
us-oh-vandalia-st-christopher-f81161cd,St. Christopher,435,E,National,Rd,,,,435 E National Rd,Vandalia,OH,45377,,39.8922424,-84.1911,(937) 898-3542
us-oh-vermilion-st-mary-b37566a2,St. Mary,731,,Exchange,St,,,,731 Exchange St,Vermilion,OH,44089,,41.42033044,-82.36328274,(440) 967-8711
us-oh-versailles-holy-family-cd3e68f5,Holy Family,11239,,SR 185,,,,,11239 SR 185 ,Versailles,OH,45380,1440,40.24632083,-84.52371508,(937) 526-4945
us-oh-versailles-st-denis-nw5-parish-of-families-9f94d048,St. Denis - NW5 Parish of Families,14,E,Wood,St,,,,14 E Wood St,Versailles,OH,45380,1440,40.22146875,-84.48376703,(937) 526-4945
us-oh-vienna-queen-of-the-holy-rosary-0e7ccaaf,Queen of the Holy Rosary,291,,Scoville,Dr,,,,291 Scoville Dr,Vienna,OH,44473,,41.23661962,-80.70754183,(330) 856-4204
us-wv-vienna-st-michael-f2721ae6,St. Michael,,,55th St and Grand Central,Ave,,,,55th St and Grand Central Ave,Vienna,WV,26105,2007,39.34405523,-81.53840142,(304) 295-6109
us-oh-vienna-st-thomas-the-apostle-9040ea05,St. Thomas the Apostle,4453,,Warren Sharon,Rd,,,,4453 Warren Sharon Rd,Vienna,OH,44473,,41.23828595,-80.65875992,(330) 394-2461
us-oh-wadsworth-sacred-heart-of-jesus-76656d85,Sacred Heart of Jesus,260,,Broad,St,,,,260 Broad St,Wadsworth,OH,44281,,41.02568973,-81.72305099,(330) 336-3049
us-oh-wakeman-st-mary-2e7f27a0,St. Mary,46,E,Main,St,,,,46 E Main St,Wakeman,OH,44889,,41.25420564,-82.39444952,(440) 839-2023
us-oh-walbridge-st-jerome-8d86fa39,St. Jerome,300,,Warner,St,,,,300 Warner St,Walbridge,OH,43465,1142,41.5930541,-83.48769624,(419) 666-2857
us-ky-walton-all-saints-catholic-church-df14bd3d,All Saints Roman Catholic Church,62,,Needmore,St,,,,62 Needmore St,Walton,KY,41094,,38.85932935,-84.61647437,(859) 485-4476
us-oh-wapakoneta-st-john-24b839f0,St. John,11319,,Van Buren,St,,,,11319 Van Buren St (Fryburg),Wapakoneta,OH,45895,,40.51591607,-84.1483916,(419) 738-2115
us-oh-wapakoneta-st-joseph-e23edc1f,St. Joseph,101,W,Pearl,St,,,,101 W Pearl St,Wapakoneta,OH,45895,,40.56755093,-84.19521668,(419) 738-2115
us-oh-warren-church-of-the-blessed-sacrament-da810355,Blessed Sacrament,3020,,Reeves,Rd,NE,,,3020 Reeves Rd NE,Warren,OH,44483,,41.2528125,-80.7756875,13303722215
us-oh-warren-church-of-st-james-5158a9ca,St. James,2532,,Burton,St,SE,,,2532 Burton St SE,Warren,OH,44484,,41.2200625,-80.7878125,13303939766
us-oh-warren-church-of-st-john-paul-ii-711eead5,St. John Paul II,420,,N,St,NW,,,420 N St NW,Warren,OH,44483,,41.2481875,-80.8239375,13303998881
us-oh-warren-st-teresa-of-calcutta-parish-st-mary-church-48056cb2,St. Mary,232,,Seneca,,NE,,,232 Seneca N.E,Warren,OH,44481,,41.23792576,-80.81540355,(330) 393-8721
us-oh-warren-church-of-st-mary-24d8bb17,St. Mary,232,,Seneca,Ave,NE,,,232 Seneca Ave NE,Warren,OH,44481,,41.2376875,-80.8151875,13303938721
us-oh-warren-st-teresa-of-calcutta-parish-blessed-sacrament-church-76db1a50,St. Teresa of Calcutta Parish Blessed Sacrament Church,3020,,Reeves,Rd,NE,,,3020 Reeves Rd N.E,Warren,OH,44483,,41.25348559,-80.7792362,(330) 372-2215
us-oh-warren-st-teresa-of-calcutta-parish-st-james-church-9ae5cf0f,"St. Teresa of Calcutta Parish, St. James Church",2532,,Burton,St,SE,,,2532 Burton St S.E,Warren,OH,44484,,41.21965082,-80.78896829,(330) 393-9766
us-oh-warren-st-william-da9e5302,St. William,5411,,Mahoning,Ave,NW,,,5411 Mahoning Ave N.W,Warren,OH,44483,,41.30254373,-80.85086623,(330) 847-8677
us-oh-warren-church-of-sts-cyril-and-methodius-53a70124,Sts. Cyril and Methodius,1234,,High,St,NE,,,1234 High St NE,Warren,OH,44483,,41.2376875,-80.8016875,13303939766
us-oh-warren-sts-peter-and-paul-ruthenian-54587b5e,Sts. Peter and Paul (Ruthenian),180,,Belvedere,Ave,NE,,,180 Belvedere Ave NE,Warren,OH,44483,,41.2369079,-80.78961463,(330) 372-1875
us-pa-washington-immaculate-conception-st-james-parish-6d0346ad,Immaculate Conception,119,W,Chestnut,St,,,,119 W Chestnut St,Washington,PA,15301,,40.17234064,-80.24889467,(724) 225-1425
us-pa-washington-saint-hilary-st-james-parish-c237682b,St. Hilary,320,,Henderson,Ave,,,,320 Henderson Ave,Washington,PA,15301,,40.18924947,-80.26697609,(724) 225-1425
us-oh-washington-court-house-saint-colman-of-cloyne-43049c26,St Colman of Cloyne,219,S,N,St,,,,219 S N St,Washington Court House,OH,43160,2250,39.5363169,-83.436642,(740) 335-5000
us-in-waterloo-saint-michael-the-archangel-b834b805,St. Michael the Archangel,1098,,County Rd 39,,,,,1098 County Rd 39,Waterloo,IN,46793,,41.49164684,-85.01115829,(260) 837-7115
us-oh-wauseon-st-caspar-adcfdd9f,St. Caspar,1205,N,Shoop,Ave,,,,1205 N Shoop Ave,Wauseon,OH,43567,,41.56425623,-84.13603065,(419) 337-2322
us-oh-waverly-saint-mary-queen-of-missions-d9ab22e4,St Mary's Church,407,S,Market,St,,,,407 S Market St,Waverly,OH,45690,,39.12374841,-82.98127701,(740) 947-2436
us-wv-wayne-church-of-the-nativity-of-our-lord-3c205d50,Nativity of Our Lord,40,,Bridge,St,,,,40 Bridge St,Wayne,WV,25570,,38.2159375,-82.4494375,13042725832
us-oh-waynesburg-st-james-9d16736e,St. James,400,W,Lisbon,St,,,,400 W Lisbon St,Waynesburg,OH,44688,,40.66594173,-81.26672671,(330) 866-9449
us-oh-waynesburg-st-mary-of-the-immaculate-conception-b5c46dfb,St. Mary of the Immaculate Conception,8012,,Bachelor,Rd,NW,,,8012 Bachelor Rd N.W,Waynesburg,OH,44688,9404,40.63467305,-81.24252369,(330) 627-4664
us-oh-waynesville-st-augustine-parish-7980fe2b,St. Augustine,5715,,Lytle,Rd,,,,5715 Lytle Rd,Waynesville,OH,45068,,39.544384,-84.09162,5138970545
us-wv-weirton-assumption-of-the-mother-of-god-byzantine-catholic-church-ruthenian-3f19c622,Assumption of the Mother of God Byzantine Catholic Church (Ruthenian),3116,,Elm,St,,,,3116 Elm St,Weirton,WV,26062,,40.4068069,-80.5916443,(304) 748-2780
us-wv-weirton-sacred-heart-of-mary-80812681,Sacred Heart of Mary,200,,Preston,Ave,,,,200 Preston Ave,Weirton,WV,26062,,40.40661954,-80.53298756,(304) 723-7175
us-wv-weirton-st-joseph-the-worker-56c7f1e5,St. Joseph the Worker,229,,California,Ave,,,,229 California Ave,Weirton,WV,26062,3790,40.40961,-80.55027203,(304) 723-2054
us-wv-weirton-st-paul-e37c2f2f,St. Paul,140,,Walnut,St,,,,140 Walnut St,Weirton,WV,26062,,40.40011544,-80.58964043,(304) 748-6710
us-oh-wellington-st-patrick-625dfd9c,St. Patrick,512,N,Main,St,,,,512 N Main St,Wellington,OH,44090,,41.17496241,-82.21700767,(440) 647-4375
us-wv-wellsburg-st-john-the-evangelist-31915b00,St. John the Evangelist,1300,,Charles,St,,,,1300 Charles St,Wellsburg,WV,26070,,40.27537773,-80.61023161,(304) 737-0429
us-oh-wellston-sts-peter-and-paul-33ae66c3,Sts. Peter and Paul,227,S,New York,Ave,,,,227 S New York Ave,Wellston,OH,45692,1839,39.12063056,-82.53222914,(740) 384-2359
us-oh-wendelin-st-wendelin-df82cf34,St. Wendelin,2980,,Ft Recovery-Minster,Rd,,,,2980 Ft Recovery-Minster Rd,Wendelin,OH,45883,,40.39891929,-84.69011591,(419) 678-4118
us-oh-west-chester-st-john-the-evangelist-541a17c5,St. John the Evangelist,9080,,Cincinnati-Dayton,Rd,,,,9080 Cincinnati-Dayton Rd,West Chester,OH,45069,3129,39.32830079,-84.40753342,(513) 777-6433
us-oh-west-jefferson-saints-simon-and-jude-4637f232,Sts. Simon and Jude,9350,,High Free,Pike,,,,9350 High Free Pike,West Jefferson,OH,43162,,39.97677644,-83.25641967,(614) 879-8562
us-pa-west-middlesex-good-shepherd-95a97f24,Good Shepherd,3613,,Sharon,Rd,,,,3613 Sharon Rd,West Middlesex,PA,16159,,41.17162323,-80.44910777,(724) 528-3539
us-oh-west-milton-church-of-the-transfiguration-aa2f500e,Transfiguration,972,S,Miami,St,,,,972 S Miami St,West Milton,OH,45383,,39.94928654,-84.32179408,(937) 698-4520
us-oh-west-point-mission-of-st-agatha-fc57dfab,Mission of St. Agatha,13523,,Washington,St,,,,13523 Washington St & State Rt 518,West Point,OH,13523,,40.70875,-80.70125,13304247648
us-oh-west-portsmouth-church-of-our-lady-of-sorrows-e6df1f74,Our Lady of Sorrows,2215,,Galena Pk,,,,,2215 Galena Pk,West Portsmouth,OH,45663,,38.7624375,-83.0209375,17408584600
us-oh-west-portsmouth-scioto-catholic-holy-trinity-4fe491f5,Scioto Catholic - Holy Trinity,9493,,Carey's Run,Rd,,,,9493 Carey's Run Rd,West Portsmouth,OH,45663,,38.80884908,-83.06005335,740-354-4551
us-oh-west-salem-st-stephen-a57b475e,St. Stephen,44,,Britton,St,,,,44 Britton St,West Salem,OH,44287,9318,40.97361798,-82.10577762,(419) 853-4946
us-oh-west-union-holy-trinity-57374be6,Holy Trinity,612,E,Mulberry,St,,,,612 E Mulberry St,West Union,OH,45693,,38.79571482,-83.53866538,(937) 544-2757
us-oh-westerville-saint-paul-the-apostle-89302b83,St. Paul the Apostle,313,N,State,St,,,,313 N State St,Westerville,OH,43082,8825,40.13447763,-82.93423901,(614) 882-2109
us-oh-westlake-st-bernadette-9e5e29e4,St. Bernadette,2256,,Clague,Rd,,,,2256 Clague Rd,Westlake,OH,44145,,41.45438334,-81.88626521,(440) 734-1300
us-oh-westlake-st-ladislas-d32fb555,St. Ladislas,2345,,Bassett,Rd,,,,2345 Bassett Rd,Westlake,OH,44145,2999,41.45421149,-81.94533056,(440) 835-2300
us-oh-wheelersburg-scioto-catholic-st-peter-in-chains-c986d0e9,Scioto Catholic - St. Peter in Chains,2167,,Lick Run Lyra,Rd,,,,2167 Lick Run Lyra Rd,Wheelersburg,OH,45694,9787,38.72583436,-82.83927085,(740) 354-4551
us-oh-wheelersburg-church-of-st-peter-in-chains-379b76b0,St. Peter in Chains,2167,,Lick Run Lyra,Rd,,,,2167 Lick Run Lyra Rd,Wheelersburg,OH,45694,8882,38.7254375,-82.8386875,17405745486
us-wv-wheeling-corpus-christi-f9dbfe36,Corpus Christi,1508,,Warwood,Ave,,,,1508 Warwood Ave,Wheeling,WV,26003,,40.11685958,-80.69812425,(304) 277-2911
us-wv-wheeling-our-lady-of-lebanon-maronite-20a35e0b,Our Lady of Lebanon (Maronite),2216,,Eoff,St,,,,2216 Eoff St,Wheeling,WV,26003,,40.058666,-80.721773,(304) 233-1688
us-wv-wheeling-our-lady-of-peace-5e866c57,Our Lady of Peace,690,,Old Fairmont,Pike,,,,690 Old Fairmont Pike,Wheeling,WV,26003,,40.02146329,-80.69681302,304-242-6579 
us-wv-wheeling-our-lady-of-perpetual-help-ukrainian-f5ae915a,Our Lady of Perpetual Help (Ukrainian),4136,,Jacob,St,,,,4136 Jacob St,Wheeling,WV,26003,4346,40.03902978,-80.72552994,(304) 232-2168
us-wv-wheeling-st-alphonsus-church-23d747da,St. Alphonsus Church,2111,,Market,St,,,,2111 Market St,Wheeling,WV,26003,,40.06101242,-80.72368723,(304) 232-4353
us-wv-wheeling-st-joseph-cathedral-7279c039,St. Joseph Cathedral,1300,,Eoff,St,,,,1300 Eoff St,Wheeling,WV,26003,,40.06658166,-80.71961003,(304) 233-4121
us-wv-wheeling-st-michael-61f66fcf,St. Michael,1225,,National,Rd,,,,1225 National Rd,Wheeling,WV,26003,,40.07288859,-80.68257727,(304) 242-1560
us-wv-wheeling-st-vincent-de-paul-872078eb,St. Vincent de Paul,2244,,Marshall,Ave,,,,2244 Marshall Ave,Wheeling,WV,26003,,40.04053616,-80.65486399,(304) 242-0406
us-oh-whitehall-holy-spirit-1c2b21be,Holy Spirit,4383,E,Broad,St,,,,4383 E Broad St,Whitehall,OH,43213,,39.97473099,-82.8843124,(614) 861-1521
us-oh-wickliffe-our-lady-of-mount-carmel-7c3a3a3b,Our Lady of Mount Carmel,29850,,Euclid,Ave,,,,29850 Euclid Ave,Wickliffe,OH,44092,,41.61197768,-81.46599659,(440) 585-0700
us-oh-wickliffe-st-mary-seminary-e0d3dcab,St. Mary Seminary,28700,,Euclid,Ave,,,,28700 Euclid Ave,Wickliffe,OH,28700,,41.5984375,-81.4838125,14409437600
us-ky-wilder-st-john-the-baptist-ef055191,St. John the Baptist,1309,,Johns Hill,Rd,,,,1309 Johns Hill Rd,Wilder,KY,41076,9706,39.04669431,-84.48518399,(859) 781-2117
us-oh-willard-st-francis-xavier-37a31421,St. Francis Xavier,25,W,Perry,St,,,,25 W Perry St,Willard,OH,44890,,41.04616485,-82.72732166,(419) 935-1149
us-oh-williamsburg-st-ann-12e207b1,St. Ann,370,S,Fifth,St,,,,370 S Fifth St,Williamsburg,OH,45176,,39.05295013,-84.06149427,(513) 732-2218
us-oh-willoughby-immaculate-conception-17e53601,Immaculate Conception Church,37932,,Euclid,Ave,,,,37932 Euclid Ave,Willoughby,OH,44094,,41.63533107,-81.40953496,(440) 942-4500
us-oh-willoughby-hills-st-noel-1dea3713,St. Noel,35200,,Chardon,Rd,,,,35200 Chardon Rd,Willoughby Hills,OH,44094,,41.58638237,-81.43545305,(440) 946-0887
us-oh-willowick-st-mary-magdalene-32823997,St. Mary Magdalene,32114,,Vine,St,,,,32114 Vine St,Willowick,OH,44095,,41.64232154,-81.4595642,(440) 943-2133
us-oh-wilmington-st-columbkille-8a3fe3f8,St. Columbkille,73,N,Mulberry,St,,,,73 N Mulberry St,Wilmington,OH,45177,2277,39.44626152,-83.83047494,(937) 382-2236
us-in-winchester-st-joseph-778ab194,St. Joseph,514,W,Washington,St,,,,514 W Washington St,Winchester,IN,47394,,40.17277815,-84.98622031,(765) 964-4202
us-oh-windham-church-of-st-michael-f7f5026c,St. Michael,9736,E,Center,St,,,,9736 E Center St,Windham,OH,44288,,41.2346875,-81.0395625,13305274105
us-oh-wintersville-blessed-sacrament-12dfdeb7,Blessed Sacrament,852,,Main,St,,,,852 Main St,Wintersville,OH,43953,,40.37469037,-80.70214478,(740) 264-0868
us-oh-wintersville-our-lady-of-lourdes-b4df0f63,Our Lady of Lourdes,1521,,Bantam Ridge,Rd,,,,1521 Bantam Ridge Rd,Wintersville,OH,43953,,40.35432304,-80.7286944,(740) 264-0868
us-oh-withamsville-church-of-st-thomas-more-22a676cb,St. Thomas More,800,,Pk,,,,,800 Pk,Withamsville,OH,45245,2299,39.0650625,-84.2816875,15137522080
us-oh-woodsfield-st-john-the-baptist-67d8f107,St. John the Baptist,35560,,Miltonsburg-Calais,Rd,,,,35560 Miltonsburg-Calais Rd,Woodsfield,OH,43793,,39.83759799,-81.17562502,(740) 472-1019
us-oh-woodsfield-st-sylvester-e8362388,St. Sylvester,334,S,Main,St,,,,334 S Main St,Woodsfield,OH,43793,,39.7567529,-81.11865101,(740) 472-0187
us-oh-wooster-st-mary-of-the-immaculate-conception-1b5c5493,St. Mary of the Immaculate Conception,527,,Beall,Ave,,,,527 Beall Ave,Wooster,OH,44691,,40.80462236,-81.93381691,(330) 264-8824
us-oh-worthington-st-michael-the-archangel-8b61a971,St. Michael the Archangel,5750,N,High,St,,,,5750 N High St,Worthington,OH,43085,,40.07785562,-83.0180801,614-885-7814
us-oh-wyoming-st-james-of-the-valley-faf2281c,St. James of the Valley,411,,Springfield,Pike,,,,411 Springfield Pike,Wyoming,OH,45215,,39.22553953,-84.47360992,(513) 948-1218
us-oh-xenia-st-brigid-4fb1efcb,St. Brigid,312,,Fairground,Rd,,,,312 Fairground Rd,Xenia,OH,45385,,39.70389685,-83.94632455,(937) 372-3193
us-oh-yellow-springs-st-paul-13b7b673,St. Paul,308,,Phillips,,,,,308 Phillips,Yellow Springs,OH,45387,,39.80582579,-83.8932237,(937) 372-3193
us-in-yoder-saint-aloysius-1e4d77c1,St. Aloysius,14623,,Bluffton,Rd,,,,14623 Bluffton Rd,Yoder,IN,46798,,40.9481908,-85.16717034,(260) 622-4491
us-oh-youngstown-basilica-of-our-lady-of-mount-carmel-d6378a60,Basilica of Our Lady of Mount Carmel,343,,Via Mount Carmel,Ave,,,,343 Via Mount Carmel Ave,Youngstown,OH,44505,,41.0998125,-80.6418125,13307434144
us-oh-youngstown-holy-name-of-jesus-our-lady-of-sorrows-parish-06f877ec,Holy Name of Jesus,613,N,Lakeview,Ave,,,,613 N Lakeview Ave,Youngstown,OH,44509,,41.10956548,-80.68485639,(330) 788-5082
us-oh-youngstown-holy-trinity-ukrainian-5b2145a1,Holy Trinity (Ukrainian),526,W,Rayen,Ave,,,,526 W Rayen Ave,Youngstown,OH,44502,1124,41.10692175,-80.65784546,(330) 744-5820
us-oh-youngstown-infant-jesus-of-prague-byzantine-catholic-church-2350b873,Infant Jesus of Prague Byzantine Catholic Church,7754,,South,Ave,,,,7754 South Ave,Youngstown,OH,44512,,41.0122725,-80.6370071,+1-330-758-6019
us-oh-youngstown-st-john-henry-newman-center-0f924b53,Newman Center,254,,Madison,Ave,,,,254 Madison Ave,Youngstown,OH,44504,,41.11147687,-80.64729955,(330) 747-9202
us-oh-youngstown-our-lady-comforter-of-the-afflicted-ef80042d,Our Lady Comforter of the Afflicted,517,S,Belle Vista,Ave,,,,517 S Belle Vista Ave,Youngstown,OH,44509,,41.09403919,-80.68818962,(330) 799-1888
us-oh-youngstown-our-lady-of-hungary-4bc94b40,Our Lady of Hungary ,545,N,Belle Vista,Ave,,,,545 N Belle Vista Ave,Youngstown,OH,44509,,41.11128169,-80.68897929,(330) 799-6829
us-oh-youngstown-our-lady-of-mount-carmel-basilica-e8c84d2b,Our Lady of Mount Carmel Basilica,343,,Via Mt Carmel,,,,,343 Via Mt Carmel,Youngstown,OH,44505,,41.09970202,-80.64102331,(330) 743-4144
us-oh-youngstown-ss-peter-paul-croatian-catholic-church-holy-apostles-parish-82f44cf1,SS Peter / Paul Croatian Catholic Church (Holy Apostles Parish),421,,Covington,St,,,,421 Covington St,Youngstown,OH,44510,,41.10836,-80.66006,(330) 747-6762
us-oh-youngstown-st-angela-merici-8f4dce92,St. Angela Merici,397,S,Jackson,St,,,,397 S Jackson St,Youngstown,OH,44506,,41.087387,-80.62153,+1-330-747-6080
us-oh-youngstown-st-angela-merici-0369c796,St. Angela Merici,397,S,Jackson Str,,,,,397 S Jackson Str,Youngstown,OH,44506,,41.08933696,-80.62147762,(330) 747-6080
us-oh-youngstown-st-anne-ukrainian-fa3c6af8,St. Anne (Ukrainian),4310,,Kirk,Rd,,,,4310 Kirk Rd,Youngstown,OH,44511,,41.0700732,-80.73091993,(330) 792-8555
us-oh-youngstown-st-anthony-of-padua-d5b5bd39,St. Anthony,1125,,Turin,Ave,,,,1125 Turin Ave,Youngstown,OH,44510,,41.12336928,-80.67168288,(330) 744-5091
us-oh-youngstown-st-brendan-8a144c06,St. Brendan,2800,,Oakwood,Ave,,,,2800 Oakwood Ave,Youngstown,OH,44509,,41.10511795,-80.70083831,(330) 792-3875
us-oh-youngstown-st-christine-bafcf493,St. Christine,3165,S,Schenley,Ave,,,,3165 S Schenley Ave,Youngstown,OH,44511,,41.065253,-80.699027,330-792-3829
us-oh-youngstown-st-columba-75d8b76e,St. Columba Cathedral,154,W,Wood,St,,,,154 W Wood St,Youngstown,OH,44503,,41.1028824,-80.65053,(330) 744-5233
us-oh-youngstown-st-dominic-85059122,St. Dominic,77,E,Lucius,Ave,,,,77 E Lucius Ave,Youngstown,OH,44507,1898,41.0657158,-80.65691,(330) 783-1900
us-oh-youngstown-st-edward-parish-family-7ba03db5,St. Edward,240,,Tod,Ln,,,,240 Tod Ln,Youngstown,OH,44504,,41.12595125,-80.64714374,(330) 743-2308
us-oh-youngstown-saint-maron-maronite-c01bf3a9,St. Maron (Maronite),1555,S,Meridian,Rd,,,,1555 S Meridian Rd,Youngstown,OH,44511,,41.078317,-80.7079,(330) 792-2371
us-oh-youngstown-st-mary-ruthenian-0563bc71,St. Mary (Ruthenian),356,S,Belle Vista,Ave,,,,356 S Belle Vista Ave,Youngstown,OH,44509,,41.09556493,-80.689297,(330) 799-8163
us-oh-youngstown-saint-matthias-of-our-lady-of-sorrows-slovak-greek-catholic-31c810ba,St. Matthias of Our Lady of Sorrows [Slovak Greek Catholic],915,,Cornell,St,,,,915 Cornell St,Youngstown,OH,44502,2765,41.07168662,-80.6364243,(330) 788-5082
us-oh-youngstown-st-nicholas-ruthenian-05b00bf8,St. Nicholas (Ruthenian),1898,,Wilson,Ave,,,,1898 Wilson Ave,Youngstown,OH,44506,,41.08340537,-80.6162394,(330) 743-0419
us-oh-youngstown-st-patrick-e36f07a9,St. Patrick,1420,,Oak Hill,Ave,,,,1420 Oak Hill Ave,Youngstown,OH,44507,,41.08668438,-80.65977084,(330) 743-1109
us-oh-youngstown-saint-stanislaus-kostka-d8adbe31,St. Stanislaus Kostka,430,,Williamson,Ave,,,,430 Williamson Ave,Youngstown,OH,44507,,41.086712,-80.646998,(330) 747-8503
us-oh-youngstown-church-of-st-stephen-of-hungary-2d524f2a,St. Stephen of Hungary,854,,Wilson,Ave,,,,854 Wilson Ave,Youngstown,OH,44506,,41.0920625,-80.6328125,13307431905
us-oh-youngstown-saints-cyril-and-methodius-our-lady-of-sorrows-parish-14e2795b,Sts. Cyril and Methodius (Our Lady of Sorrows Parish),252,E,Wood,St,,,,252 E Wood St,Youngstown,OH,44503,,41.10005341,-80.6438385,(330) 788-5082
us-oh-zaleski-saint-sylvester-4f2708e5,St. Sylvester,119,N,Second,St,,,,119 N Second St,Zaleski,OH,45698,,39.283878,-82.394066,(740) 596-5474
us-oh-zanesville-saint-nicholas-church-94011cdf,St. Nicholas,925,E,Main,St,,,,925 E Main St,Zanesville,OH,43701,4499,39.94012796,-82.00117191,(740) 453-0597
us-oh-zanesville-saint-thomas-aquinas-10aad4ad,St. Thomas Aquinas,144,N,5th,St,,,,144 N 5th St,Zanesville,OH,43701,,39.94281165,-82.00602493,(740) 453-3301
us-pa-zelienople-saint-gregory-of-divine-grace-parish-st-gregory-53068bd6,St. Gregory of Divine Grace Parish-St. Gregory,2,W,Beaver,St,,,,2 W Beaver St,Zelienople,PA,16063,,40.78920154,-80.14341202,(724) 452-7245
