slug,name,street,city,state_region,latitude,longitude,phone,website,mass_count,confession_count,adoration_count,has_perpetual_adoration,source_url,last_scraped
us-nm-abeytas-san-antonio-mission-86d90246,San Antonio,11 Calle De San Antonio,Abeytas,New Mexico,34.4680481,-106.81270253,(505) 864-4461 or (505) 864-4170 (Emergencies),http://olslajoyanm.org/,1,0,0,False,https://catholicindex.org/mass-times/belen-new-mexico,2026-02-22T04:53:24.543916+00:00
us-nm-abiquiu-monastery-of-christ-in-the-desert-86fe8296,Monastery of Christ in the Desert,Abiquiu New Mexico 87510,Abiquiu,New Mexico,36.3781875,-106.6805625,15756134231,https://christdesert.org/,14,0,0,False,https://catholicindex.org/mass-times/abiquiu-new-mexico,2026-02-22T04:52:51.843234+00:00
us-nm-abiquiu-st-thomas-the-apostle-4ab9b993,St. Thomas the Apostle,1 Church Plaza,Abiquiu,New Mexico,36.20749204,-106.31900074,(505) 685-4462,http://www.stthomasabiquiu.com,0,0,0,False,https://catholicindex.org/mass-times/abiquiu-new-mexico,2026-02-22T04:52:51.843234+00:00
us-nm-abo-san-lorenzo-mission-27a44429,San Lorenzo,56 San Lorenzo Rd,Abo,New Mexico,34.45647565,-106.32809402,(505) 847-2291 or (505) 226-2786 (Emergencies),http://www.stalicenm.com/,0,0,0,False,https://catholicindex.org/mass-times/mountainair-new-mexico,2026-02-22T04:58:02.256761+00:00
us-nm-acoma-village-san-esteban-del-rey-ce100265,San Esteban del Ray,266 Pueblo Rd,Acoma Village,New Mexico,34.895297,-107.582504,(505) 552-6403,https://dioceseofgallup.org/parishes/new-mexico-parishes/san-esteban-del-rey-church-acoma/,0,0,0,False,https://catholicindex.org/mass-times/cubero-new-mexico,2026-02-22T04:54:53.145046+00:00
us-nm-acomita-st-anne-d8f9ec27,Mission of St. Anne,Indian Service Rt 30,Acomita,New Mexico,35.05448535,-107.5727903,(505) 552-6403 ,http://dioceseofgallup.org/parishes/new-mexico-parishes/st-anne-acomita/,3,0,0,False,https://catholicindex.org/mass-times/cubero-new-mexico,2026-02-22T04:54:53.145046+00:00
us-nm-alamogordo-immaculate-conception-b8c19e4d,Immaculate Conception,705 Delaware Ave,Alamogordo,New Mexico,32.89691381,-105.95832815,(575) 437-3291,http://www.iccalamogordo.org/,8,0,0,False,https://catholicindex.org/mass-times/alamogordo-new-mexico,2026-02-22T04:52:53.268041+00:00
us-nm-alamogordo-st-jude-6801b4e3,St. Jude,1404 College Ave,Alamogordo,New Mexico,32.90549961,-105.93688035,(575) 437-0238,http://stjudealamo.org,11,0,0,False,https://catholicindex.org/mass-times/alamogordo-new-mexico,2026-02-22T04:52:53.268041+00:00
us-nm-albuquerque-church-of-the-ascension-43f9c240,Ascension,2150 Raymac Rd SW,Albuquerque,New Mexico,34.97834067,-106.701374,(505) 877-8550,http://sites.google.com/view/church-of-the-ascension,6,0,0,False,https://catholicindex.org/mass-times/albuquerque-new-mexico,2026-02-22T04:52:54.784204+00:00
us-nm-albuquerque-chapel-of-the-holy-innocents-f4e7b706,Chapel of the Holy Innocents,625 San Mateo Blvd NE,Albuquerque,New Mexico,35.0835625,-106.5864375,$undefined,https://defendinglife.org/holy-innocents-chapel,0,0,0,False,https://catholicindex.org/mass-times/albuquerque-new-mexico,2026-02-22T04:52:54.784204+00:00
us-nm-albuquerque-holy-family-6a1a6706,Holy Family,562 Atrisco Rd SW,Albuquerque,New Mexico,35.07453661,-106.68665293,(505) 842-5426,http://holyfamilynm.org,11,0,0,False,https://catholicindex.org/mass-times/albuquerque-new-mexico,2026-02-22T04:52:54.784204+00:00
us-nm-albuquerque-holy-ghost-c188c743,Holy Ghost,927 Arizona St SE,Albuquerque,New Mexico,35.06265757,-106.57726349,(505) 265-5957,http://www.holyghostchurchabq.org/,14,0,0,False,https://catholicindex.org/mass-times/albuquerque-new-mexico,2026-02-22T04:52:54.784204+00:00
us-nm-albuquerque-sangre-de-cristo-3574e771,Iglesia Sangre de Cristo,8901 Candelaria Rd NE,Albuquerque,New Mexico,35.116714,-106.544151,(505) 292-6477,http://sangredecristoabq.com/,10,0,0,False,https://catholicindex.org/mass-times/albuquerque-new-mexico,2026-02-22T04:52:54.784204+00:00
us-nm-albuquerque-immaculate-conception-9b968486,Immaculate Conception,619 Copper Ave NW,Albuquerque,New Mexico,35.08619752,-106.65415146,(505) 247-4271,http://www.iccabq.org/,12,0,0,False,https://catholicindex.org/mass-times/albuquerque-new-mexico,2026-02-22T04:52:54.784204+00:00
us-nm-albuquerque-kirtland-air-force-base-our-lady-of-the-sandias-9e4f9f63,Kirtland Air Force Base (Our Lady of the Sandias),1950 2nd St SE Kirtland Air Force Base,Albuquerque,New Mexico,35.05845093,-106.55266041,505-853-5000,http://www.kirtland.af.mil/About-Us/Chapel/,4,0,0,False,https://catholicindex.org/mass-times/albuquerque-new-mexico,2026-02-22T04:52:54.784204+00:00
us-nm-albuquerque-nativity-of-the-blessed-virgin-mary-c5a724d7,Nativity of the Blessed Virgin Mary,9502 4th St NW,Albuquerque,New Mexico,35.18849061,-106.61685302,(505) 898-5253,http://www.n-bvm.org,11,0,0,False,https://catholicindex.org/mass-times/albuquerque-new-mexico,2026-02-22T04:52:54.784204+00:00
us-nm-albuquerque-our-lady-of-fatima-e43b0acc,Our Lady of Fatima,4020 Lomas Blvd NE,Albuquerque,New Mexico,35.08704422,-106.59947895,(505) 265-5868,http://fatimachurchabq.org,14,0,0,False,https://catholicindex.org/mass-times/albuquerque-new-mexico,2026-02-22T04:52:54.784204+00:00
us-nm-albuquerque-our-lady-of-guadalupe-91300ceb,Our Lady of Guadalupe,1860 Griegos Rd NW,Albuquerque,New Mexico,35.13309762,-106.6662368,(505) 345-4596,http://www.guadalupeabq.com/,8,0,0,False,https://catholicindex.org/mass-times/albuquerque-new-mexico,2026-02-22T04:52:54.784204+00:00
us-nm-albuquerque-our-lady-of-lavang-7a7c662f,Our Lady of Lavang,1015 Chelwood Park Blvd NE,Albuquerque,New Mexico,35.08816486,-106.50657373,505-508-2841,http://www.lavangabq.org/,8,0,0,False,https://catholicindex.org/mass-times/albuquerque-new-mexico,2026-02-22T04:52:54.784204+00:00
us-nm-albuquerque-our-lady-of-mount-carmel-mission-historic-church-efcb83a7,Our Lady of Mount Carmel (Historic Church),7805 Edith Blvd NE,Albuquerque,New Mexico,35.16883023,-106.61810604,(505) 898-5253,http://www.n-bvm.org,11,0,0,False,https://catholicindex.org/mass-times/albuquerque-new-mexico,2026-02-22T04:52:54.784204+00:00
us-nm-albuquerque-our-lady-of-perpetual-help-ruthenian-18374714,Our Lady of Perpetual Help (Ruthenian),1837 Alvarado Dr NE,Albuquerque,New Mexico,35.096406,-106.58222,(505) 256-1539,http://www.olphnm.org/,2,0,0,False,https://catholicindex.org/mass-times/albuquerque-new-mexico,2026-02-22T04:52:54.784204+00:00
us-nm-albuquerque-our-lady-of-the-annunciation-2bbb32d6,Our Lady of the Annunciation,2621 Vermont St NE,Albuquerque,New Mexico,35.11254197,-106.55502999,(505) 298-7553,http://www.annunciationparishabq.org/,18,0,0,False,https://catholicindex.org/mass-times/albuquerque-new-mexico,2026-02-22T04:52:54.784204+00:00
us-nm-albuquerque-our-lady-of-the-assumption-90e4b7fa,Our Lady of the Assumption,811 Guaymas Pl NE,Albuquerque,New Mexico,35.08664422,-106.55755198,(505) 256-9818,http://olacs.org/church/,13,0,0,False,https://catholicindex.org/mass-times/albuquerque-new-mexico,2026-02-22T04:52:54.784204+00:00
us-nm-albuquerque-our-lady-of-the-most-holy-rosary-a6ecf100,Our Lady of the Most Holy Rosary,5415 Fortuna Rd NW,Albuquerque,New Mexico,35.09520413,-106.70208135,(505) 836-5011,http://www.holyrosaryabq.org/,7,0,0,False,https://catholicindex.org/mass-times/albuquerque-new-mexico,2026-02-22T04:52:54.784204+00:00
us-nm-albuquerque-prince-of-peace-09f2e94f,Prince of Peace Catholic Community,12500 Carmel Ave NE,Albuquerque,New Mexico,35.17659404,-106.49924918,(505) 856-7657,http://www.popabq.org/,9,0,0,False,https://catholicindex.org/mass-times/albuquerque-new-mexico,2026-02-22T04:52:54.784204+00:00
us-nm-albuquerque-queen-of-heaven-b0708918,Queen of Heaven,5300 Claremont Ave NE,Albuquerque,New Mexico,35.112523,-106.584704,(505) 881-1772,http://qofhabq.com/,17,0,0,False,https://catholicindex.org/mass-times/albuquerque-new-mexico,2026-02-22T04:52:54.784204+00:00
us-nm-albuquerque-risen-savior-299ae009,Risen Savior Catholic Community,7701 Wyoming Blvd NE,Albuquerque,New Mexico,35.16877458,-106.56062251,(505) 821-1571,http://www.risensaviorcc.org/,7,0,0,False,https://catholicindex.org/mass-times/albuquerque-new-mexico,2026-02-22T04:52:54.784204+00:00
us-nm-albuquerque-sacred-heart-sagrado-corazón-74257109,Sacred Heart /Sagrado Corazón,309 Stover Ave SW,Albuquerque,New Mexico,35.07887612,-106.65240968,(505) 242-0561,https://www.sacredheartabq.com/,11,0,0,False,https://catholicindex.org/mass-times/albuquerque-new-mexico,2026-02-22T04:52:54.784204+00:00
us-nm-albuquerque-san-felipe-de-neri-historic-church-d4747c58,San Felipe de Neri Catholic Church (Historic Church),2005 N Plaza St NW,Albuquerque,New Mexico,35.09662364,-106.67007929,(505) 243-4628,http://www.sanfelipedeneri.org,12,0,0,False,https://catholicindex.org/mass-times/albuquerque-new-mexico,2026-02-22T04:52:54.784204+00:00
us-nm-albuquerque-san-ignacio-de-loyola-historic-church-b472163f,San Ignacio de Loyola (Historic Church),1300 Walter St NE,Albuquerque,New Mexico,35.09531555,-106.63798604,(505) 243-4287,http://www.sanignacioabq.org,6,0,0,False,https://catholicindex.org/mass-times/albuquerque-new-mexico,2026-02-22T04:52:54.784204+00:00
us-nm-albuquerque-san-jose-de-los-duranes-mission-5a48319c,San Jose de los Duranes,2110 Los Luceros Rd NW (Los Duranes),Albuquerque,New Mexico,35.114275,-106.676685,(505) 243-4628,http://www.sanfelipedeneri.org/san-jose-de-los-duranes-mission,10,0,0,False,https://catholicindex.org/mass-times/albuquerque-new-mexico,2026-02-22T04:52:54.784204+00:00
us-nm-albuquerque-san-jose-77f7f04a,San José,2401 Broadway Blvd SE,Albuquerque,New Mexico,35.05771684,-106.64581441,(505) 242-3658,http://www.sanjoseabq.org/,7,0,0,False,https://catholicindex.org/mass-times/albuquerque-new-mexico,2026-02-22T04:52:54.784204+00:00
us-nm-albuquerque-santa-maria-de-la-vid-abbey-741b75fc,Santa Maria de La Vid Abbey,5825 Coors Blvd SW,Albuquerque,New Mexico,34.9843125,-106.7254375,15058734399,https://www.norbertinecommunity.org/,0,0,0,False,https://catholicindex.org/mass-times/albuquerque-new-mexico,2026-02-22T04:52:54.784204+00:00
us-nm-albuquerque-santuario-de-san-martin-de-porres-858d479e,Santuario de San Martin de Porres,8301 Camino San Martin SW,Albuquerque,New Mexico,35.04604043,-106.72669518,(505) 836-4676,http://santuariosanmartin.org/,13,0,0,False,https://catholicindex.org/mass-times/albuquerque-new-mexico,2026-02-22T04:52:54.784204+00:00
us-nm-albuquerque-shrine-of-saint-bernadette-90f8d47d,Shrine of St. Bernadette,11401 Indian School Rd NE,Albuquerque,New Mexico,35.10181572,-106.52049864,(505) 298-7557,http://ssbnm.org/,10,0,0,False,https://catholicindex.org/mass-times/albuquerque-new-mexico,2026-02-22T04:52:54.784204+00:00
us-nm-albuquerque-st-charles-borromeo-9dd81e9c,St Charles Borromeo Church,1818 Coal Pl SE,Albuquerque,New Mexico,35.07710215,-106.62720618,(505) 242-3462,http://stcharlesnm.org/,9,0,0,False,https://catholicindex.org/mass-times/albuquerque-new-mexico,2026-02-22T04:52:54.784204+00:00
us-nm-albuquerque-st-anne-a8e0bc19,St. Anne,1400 Arenal Rd SW,Albuquerque,New Mexico,35.05236752,-106.67583039,(505) 877-3121,http://stannechurchabq.com,8,0,0,False,https://catholicindex.org/mass-times/albuquerque-new-mexico,2026-02-22T04:52:54.784204+00:00
us-nm-albuquerque-st-edwin-990e50c4,St. Edwin,2105 Barcelona Rd SW,Albuquerque,New Mexico,35.03128411,-106.69052027,(505) 877-2967,http://www.stedwinabq.com/,12,0,0,False,https://catholicindex.org/mass-times/albuquerque-new-mexico,2026-02-22T04:52:54.784204+00:00
us-nm-albuquerque-st-francis-xavier-9484f9ed,St. Francis Xavier,820 Broadway Blvd SE,Albuquerque,New Mexico,35.07481692,-106.64546087,(505) 243-5201,http://www.stfrancisxavierparishabq.org/,9,0,0,False,https://catholicindex.org/mass-times/albuquerque-new-mexico,2026-02-22T04:52:54.784204+00:00
us-nm-albuquerque-st-john-xxiii-catholic-community-9123979b,St. John XXIII Catholic Community,4831 Tramway Ridge Dr NE,Albuquerque,New Mexico,35.13533081,-106.50021336,(505) 293-0088,http://www.johnxxiiicc.org/,15,0,0,False,https://catholicindex.org/mass-times/albuquerque-new-mexico,2026-02-22T04:52:54.784204+00:00
us-nm-albuquerque-st-joseph-on-the-rio-grande-78e59801,St. Joseph on the Río Grande,5901 St Joseph Dr NW,Albuquerque,New Mexico,35.129394,-106.705698,(505) 839-7952,http://sjrgcc.org/,9,0,0,False,https://catholicindex.org/mass-times/albuquerque-new-mexico,2026-02-22T04:52:54.784204+00:00
us-nm-albuquerque-st-jude-thaddeus-ba509ba6,St. Jude Thaddeus,5712 Paradise Blvd NW,Albuquerque,New Mexico,35.1949388,-106.70764115,(505) 898-0826,http://www.stjudenm.org/,23,0,0,False,https://catholicindex.org/mass-times/albuquerque-new-mexico,2026-02-22T04:52:54.784204+00:00
us-nm-albuquerque-st-therese-of-the-infant-jesus-the-shrine-of-the-little-flower-72dd518a,"St. Therese of the Infant Jesus, The Shrine of the Little Flower",3424 4th St NW,Albuquerque,New Mexico,35.11727195,-106.64493015,(505) 344-8050,http://www.littleflowerabq.org/,9,0,0,False,https://catholicindex.org/mass-times/albuquerque-new-mexico,2026-02-22T04:52:54.784204+00:00
us-nm-albuquerque-st-thomas-aquinas-university-parish-760ce2da,University of New Mexico,1815 Las Lomas Rd NE,Albuquerque,New Mexico,35.08702405,-106.62319856,505-247-1094,http://lobocatholic.org/,13,0,0,False,https://catholicindex.org/mass-times/albuquerque-new-mexico,2026-02-22T04:52:54.784204+00:00
us-nm-algodones-san-jose-mission-8fd75906,San Jose Mission,1415 NM-313,Algodones,New Mexico,35.38011204,-106.48044301,(505) 867-5252,http://olosbernalillo.com,0,0,0,False,https://catholicindex.org/mass-times/albuquerque-new-mexico,2026-02-22T04:52:54.784204+00:00
us-az-alpine-st-helena-54a2b482,St. Helena,42909 US Hwy 180,Alpine,Arizona,33.82821608,-109.11213639,(928) 339-4363,http://stpeterchurchaz.com/,10,0,0,False,https://catholicindex.org/mass-times/reserve-new-mexico,2026-02-22T04:59:11.138579+00:00
us-nm-amalia-santo-niño-mission-aaefb6b2,Santo Niño,546 NM-196,Amalia,New Mexico,36.94331118,-105.45674006,(575) 586-0470,$undefined,0,0,0,False,https://catholicindex.org/mass-times/amalia-new-mexico,2026-02-22T04:53:00.805465+00:00
us-nm-angel-fire-holy-angels-mission-163baaa1,Holy Angels,34 W Ridge Rd,Angel Fire,New Mexico,36.41053981,-105.29767843,(575) 376-2553 or (714) 383-0381 (Emergencies only),http://www.angelfirecatholic.com/,10,0,0,False,https://catholicindex.org/mass-times/angel-fire-new-mexico,2026-02-22T04:53:03.829843+00:00
us-nm-animas-st-jude-catholic-mission-church-2f749a4e,St. Jude Catholic Mission Church,1035 NM-338,Animas,NM,32.1303854,-108.8797738,$undefined,https://www.oldrcdlc.org/parishfinder,0,0,0,False,https://catholicindex.org/mass-times/lordsburg-new-mexico,2026-02-22T04:57:11.127086+00:00
us-nm-anthony-st-anthony-edfb08be,St. Anthony,324 Lincoln St,Anthony,New Mexico,32.00195919,-106.60378914,(575) 882-2239,http://www.stanthonysnm.org,9,0,0,False,https://catholicindex.org/mass-times/anthony-new-mexico,2026-02-22T04:53:06.908864+00:00
us-nm-anton-chico-san-jose-f8c5545c,San José,1081 Iglesia Rd,Anton Chico,New Mexico,35.2014083,-105.14228856,(575) 427-1164,http://www.facebook.com/SanJoseAntonChico/,0,0,0,False,https://catholicindex.org/mass-times/anton-chico-new-mexico,2026-02-22T04:53:10.347670+00:00
us-nm-aragon-santo-niño-de-atocha-58b792b0,Santo Niño de Atocha,2598 Hwy 12,Aragon,New Mexico,33.88209614,-108.53584161,(575) 533-6719,http://dioceseofgallup.org/parishes/new-mexico-parishes/aragon-santo-nino-de-atocha/,1,0,0,False,https://catholicindex.org/mass-times/aragon-new-mexico,2026-02-22T04:53:11.114502+00:00
us-co-arboles-st-peter-st-rosa-mission-437725eb,St. Peter - St. Rosa Mission,18851 CO Hwy 151,Arboles,Colorado,37.02548484,-107.44008491,(970) 563-4241,http://stignatiuschurchignacio.com,1,0,0,False,https://catholicindex.org/mass-times/blanco-new-mexico,2026-02-22T04:53:30.475526+00:00
us-nm-arrey-san-jose-mission-c2779d88,Mission of San José,54060 Arrey Rd,Arrey,New Mexico,32.84875553,-107.3172659,$undefined,http://www.oldrcdlc.org/parishfinder,1,0,0,False,https://catholicindex.org/mass-times/arrey-new-mexico,2026-02-22T04:53:14.033502+00:00
us-nm-arroyo-seco-iglesia-la-santísima-trinidad-576a6994,Iglesia La Santísima Trinidad,498 Hwy 150,Arroyo Seco,New Mexico,36.5169375,-105.5701875,15757762273,$undefined,0,0,0,False,https://catholicindex.org/mass-times/angel-fire-new-mexico,2026-02-22T04:53:03.829843+00:00
us-nm-arroyo-seco-la-santísima-trinidad-historic-church-1121082a,La Santísima Trinidad (Historic Church),498 NM-150,Arroyo Seco,New Mexico,36.51750924,-105.5695979,(575) 776-2273,http://archdiosf.org/parishfinder,8,0,0,False,https://catholicindex.org/mass-times/angel-fire-new-mexico,2026-02-22T04:53:03.829843+00:00
us-nm-artesia-our-lady-of-grace-b8b8151b,Our Lady of Grace,1111 N Roselawn Ave,Artesia,New Mexico,32.85268494,-104.40024101,(575) 748-1356 or (520)236-1792,http://ourladyofgraceartesia.org,9,0,0,False,https://catholicindex.org/mass-times/artesia-new-mexico,2026-02-22T04:53:18.545223+00:00
us-nm-artesia-st-anthony-0b9fe5e3,St. Anthony,502 S 9th St,Artesia,New Mexico,32.83712971,-104.40810955,(575) 746-4471,https://oldrcdlc.org/st-anthony-artesia,11,0,0,False,https://catholicindex.org/mass-times/artesia-new-mexico,2026-02-22T04:53:18.545223+00:00
us-nm-aztec-st-joseph-7944a5c2,St. Joseph,424 N Mesa Verde Ave,Aztec,New Mexico,36.82617086,-107.99011953,(505) 334-6535 ,http://www.stjosephaztec.org/,8,0,0,False,https://catholicindex.org/mass-times/aztec-new-mexico,2026-02-22T04:53:20.086223+00:00
us-nm-bayard-our-lady-of-fatima-3d21cc71,Our Lady of Fatima,340 Mayo St,Bayard,New Mexico,32.7602746,-108.13537397,(575) 537-2421,http://www.facebook.com/ourladyoffatimabayard/,0,0,0,False,https://catholicindex.org/mass-times/bayard-new-mexico,2026-02-22T04:53:23.076784+00:00
us-nm-bayard-our-lady-of-fatima-church-0b7784db,Our Lady of Fatima Church,340 Mayo St,Bayard,NM,32.7603087,-108.1351439,+1-575-537-2421,https://www.facebook.com/ourladyoffatimabayard/,0,0,0,False,https://catholicindex.org/mass-times/bayard-new-mexico,2026-02-22T04:53:23.076784+00:00
us-nm-belen-our-lady-of-belen-6cc69b32,Our Lady of Belen,101 A N 10th St,Belen,New Mexico,34.66192416,-106.78066708,(505) 864-8043,http://www.ourladyofbelen.org/,13,0,0,False,https://catholicindex.org/mass-times/belen-new-mexico,2026-02-22T04:53:24.543916+00:00
us-nm-bent-our-lady-of-guadalupe-mission-7731abfc,Mission of Our Lady of Guadalupe,23982 US Hwy 70,Bent,New Mexico,33.1592516,-105.85387442,(575) 464-4473,http://stjosephapachemission.org/,7,0,0,False,https://catholicindex.org/mass-times/alamogordo-new-mexico,2026-02-22T04:52:53.268041+00:00
us-nm-berino-immaculate-conception-33c4bb46,Immaculate Conception,205 Concepcion St,Berino,New Mexico,32.06964729,-106.62187543,(575) 882-2239,http://www.stanthonysnm.org,9,0,0,False,https://catholicindex.org/mass-times/anthony-new-mexico,2026-02-22T04:53:06.908864+00:00
us-nm-bernal-santa-rita-mission-chapel-historic-church-c1391fdb,Santa Rita (Historic Church),433 Co Rd B26A,Bernal,New Mexico,35.39286164,-105.31804528,(575) 421-2780,http://www.facebook.com/groups/910669986052166,0,0,0,False,https://catholicindex.org/mass-times/anton-chico-new-mexico,2026-02-22T04:53:10.347670+00:00
us-nm-bernalillo-our-lady-of-sorrows-b0a69fbd,Our Lady of Sorrows ,301 S Camino del Pueblo,Bernalillo,New Mexico,35.31505687,-106.54707099,(505) 867-5252,http://olosbernalillo.org,9,0,0,False,https://catholicindex.org/mass-times/albuquerque-new-mexico,2026-02-22T04:52:54.784204+00:00
us-nm-bernalillo-santuario-de-san-lorenzo-shrine-of-st-lawrence-historic-church-57d585ca,Santuario de San Lorenzo [Shrine of St. Lawrence] (Historic Church),301 S Camino del Pueblo,Bernalillo,New Mexico,35.31526031,-106.54717448,(505) 867-5252,http://www.olosbernalillo.com/location,0,0,0,False,https://catholicindex.org/mass-times/albuquerque-new-mexico,2026-02-22T04:52:54.784204+00:00
us-nm-blanco-monastery-of-our-lady-of-the-desert-2210d449,Monastery of Our Lady of the Desert,10258 US Hwy 64 Mile Marker #104,Blanco,New Mexico,36.6991875,-107.3524375,15054192938,https://www.ourladyofthedesert.org/,12,0,0,False,https://catholicindex.org/mass-times/blanco-new-mexico,2026-02-22T04:53:30.475526+00:00
us-nm-blanco-st-rose-of-lima-72be1780,St. Rose of Lima,7378 Hwy 64 ,Blanco,New Mexico,36.72429232,-107.82692928,(505) 632-2014,http://www.stmarybloomfield.com/,1,0,0,False,https://catholicindex.org/mass-times/aztec-new-mexico,2026-02-22T04:53:20.086223+00:00
us-nm-bloomfield-st-mary-6eaf7356,St. Mary,307 N Church St,Bloomfield,New Mexico,36.71386533,-107.99281186,(505) 632-2014,http://www.stmarybloomfield.com,1,0,0,False,https://catholicindex.org/mass-times/aztec-new-mexico,2026-02-22T04:53:20.086223+00:00
us-nm-bluewater-acres-risen-savior-42c577b8,Risen Savior,1228 St Hwy 612,Bluewater Acres,New Mexico,35.27821221,-108.12575063,(505) 786-5376,http://dioceseofgallup.org/parishes/new-mexico-parishes/bluewater-risen-savior/,1,0,0,False,https://catholicindex.org/mass-times/grants-new-mexico,2026-02-22T04:56:00.637999+00:00
us-nm-bosque-cristo-rey-mission-35497a7c,Cristo Rey,814 NM-116 (Old US-85),Bosque,New Mexico,34.56060667,-106.78951506,(505) 864-8043,http://www.ourladyofbelen.org,13,0,0,False,https://catholicindex.org/mass-times/belen-new-mexico,2026-02-22T04:53:24.543916+00:00
us-tx-bovina-st-ann-ae45894d,St. Ann,409 S 3rd St,Bovina,Texas,34.51682077,-102.88577605,(806) 251-5111,http://stannbovina.com/,4,0,0,False,https://catholicindex.org/mass-times/clovis-new-mexico,2026-02-22T04:54:30.654366+00:00
us-nm-bueyeros-sacred-heart-mission-7cda356e,Sacred Heart,NM-102 (Bueyeros Hwy),Bueyeros,New Mexico,35.97861662,-103.683549,(505) 485-9633 or (505) 485-9559,http://archdiosf.org/parishfinder,0,0,0,False,https://catholicindex.org/mass-times/mosquero-new-mexico,2026-02-22T04:58:00.534091+00:00
us-nm-canjilon-san-juan-nepomuceno-mission-786b9139,San Juan Nepomuceno,10 Co Rd 295,Canjilon,New Mexico,36.480127,-106.437344,(575) 756-2926,http://nuestrasenoradelvalle.org,1,0,0,False,https://catholicindex.org/mass-times/abiquiu-new-mexico,2026-02-22T04:52:51.843234+00:00
us-nm-cannon-air-force-base-cannon-air-force-base-saint-francis-of-assisi-eb20d399,Cannon Air Force Base (St. Francis of Assisi),104 W Albright Ave,Cannon Air Force Base,New Mexico,34.3935253,-103.32930688,(575) 784-2507,http://www.cannon.af.mil/Home/AF-Connect/,4,0,0,False,https://catholicindex.org/mass-times/clovis-new-mexico,2026-02-22T04:54:30.654366+00:00
us-tx-canutillo-saint-patrick-e438a1b4,St. Patrick,7065 2nd Ave,Canutillo,Texas,31.91486801,-106.59874206,(915) 877-3997,http://stpatrickcanutillo.weebly.com/,8,0,0,False,https://catholicindex.org/mass-times/anthony-new-mexico,2026-02-22T04:53:06.908864+00:00
us-nm-capitan-sacred-heart-mission-8979a921,Mission of the Sacred Heart,299 3rd St,Capitan,New Mexico,33.54355395,-105.57579008,(575) 648-2853 or (575) 231-9374 (Emergencies),http://www.oldrcdlc.org/parishfinder,2,0,0,False,https://catholicindex.org/mass-times/capitan-new-mexico,2026-02-22T04:53:50.060693+00:00
us-nm-carlsbad-san-jose-ae0d0502,San José,1002 Debaca St,Carlsbad,New Mexico,32.40930096,-104.23134796,(575) 885-5792,http://www.sanjoseparish.org,7,0,0,False,https://catholicindex.org/mass-times/carlsbad-new-mexico,2026-02-22T04:53:54.685658+00:00
us-nm-carlsbad-st-edward-catholic-church-c6c83059,St Edward Catholic Church,205 N Guadalupe St,Carlsbad,NM,32.4217441,-104.2331142,+1-575-885-6600,https://saint-edward.net/,11,0,0,False,https://catholicindex.org/mass-times/carlsbad-new-mexico,2026-02-22T04:53:54.685658+00:00
us-nm-carlsbad-st-edward-87037432,St. Edward,205 N Guadalupe St,Carlsbad,New Mexico,32.42174205,-104.23309544,(575) 885-6600 or (575) 706-5077 (Emergencies),http://www.saint-edward.net,10,0,0,False,https://catholicindex.org/mass-times/carlsbad-new-mexico,2026-02-22T04:53:54.685658+00:00
us-nm-carnuel-holy-child-santo-niño-mission-4d609ff4,Holy Child (Santo Niño),16926 Frontage Rd,Carnuel,New Mexico,35.0613038,-106.46816067,(505) 281-2297,http://www.holychildparishnm.org,3,0,0,False,https://catholicindex.org/mass-times/albuquerque-new-mexico,2026-02-22T04:52:54.784204+00:00
us-nm-carrizozo-santa-rita-e7845db8,Santa Rita,213 Birch St,Carrizozo,New Mexico,33.64033496,-105.8705155,(575) 648-2853 or (575) 231-9374 (Emergencies),http://www.oldrcdlc.org/parishfinder,6,0,0,False,https://catholicindex.org/mass-times/capitan-new-mexico,2026-02-22T04:53:50.060693+00:00
us-nm-casa-colorada-immaculate-conception-mission-50d4139b,Immaculate Conception,1743-1747 NM-304 (Belen) ,Casa Colorada,New Mexico,34.57279483,-106.74819985,(505) 865-7497,http://www.olic-tome.org,9,0,0,False,https://catholicindex.org/mass-times/belen-new-mexico,2026-02-22T04:53:24.543916+00:00
us-nm-cañada-de-los-alamos-our-lady-of-guadalupe-mission-39b5e31f,Our Lady of Guadalupe,46 Cañada Village Rd,Cañada de Los Alamos,New Mexico,35.59397421,-105.863208,(505) 983-8528,http://www.cristoreyparish.org/,2,0,0,False,https://catholicindex.org/mass-times/cerrillos-new-mexico,2026-02-22T04:54:06.653848+00:00
us-nm-cañon-chapel-of-nuestra-señora-de-los-dolores-58f54079,Chapel of Nuestra Señora de los Dolores,830 Witt Rd,Cañon,New Mexico,36.3881875,-105.5630625,$undefined,https://archdiosf.org/parishfinder,1,0,0,False,https://catholicindex.org/mass-times/angel-fire-new-mexico,2026-02-22T04:53:03.829843+00:00
us-nm-cañon-our-lady-of-guadalupe-mission-e196c874,Our Lady of Guadalupe,219 Los Luceros Rd (Jemez Pueblo),Cañon,New Mexico,35.66289455,-106.74352473,(575) 834-7300,http://www.facebook.com/SanDiegoMissionJemezPueblo/,0,0,0,False,https://catholicindex.org/mass-times/algodones-new-mexico,2026-02-22T04:52:57.872463+00:00
us-nm-cañon-plaza-our-lady-of-mount-carmel-mission-00ccd5f3,Our Lady of Mount Carmel,1875 NM-111,Cañon Plaza,New Mexico,36.54804837,-106.14583168,(575) 581-4714 or (505) 900-5986 Emergency Only,http://archdiosf.org/parishfinder,0,0,0,False,https://catholicindex.org/mass-times/canjilon-new-mexico,2026-02-22T04:53:45.597932+00:00
us-nm-cañones-st-michael-the-archangel-mission-ec749bf2,San Miguel Archangel,5 Rio Arriba County Rd 198,Cañones,New Mexico,36.18676539,-106.43976321,(505) 685-4462,http://www.stthomasabiquiu.com/,0,0,0,False,https://catholicindex.org/mass-times/abiquiu-new-mexico,2026-02-22T04:52:51.843234+00:00
us-nm-cebolla-santo-niño-de-atocha-mission-1fe28f8a,Santo Niño de Atocha,US-84 E and Co Rd 310,Cebolla,New Mexico,36.53911613,-106.48613867,(575) 756-2926,https://nuestrasenoradelvalle.org/,10,0,0,False,https://catholicindex.org/mass-times/abiquiu-new-mexico,2026-02-22T04:52:51.843234+00:00
us-nm-cebolleta-church-of-our-lady-of-sorrows-7c3ff362,Our Lady of Sorrows,279,Cebolleta,New Mexico,35.11375,-107.36875,15055526301,$undefined,0,0,0,False,https://catholicindex.org/mass-times/cubero-new-mexico,2026-02-22T04:54:53.145046+00:00
us-nm-cerrillos-st-joseph-be63b270,St. Joseph,7 1st St,Cerrillos,New Mexico,35.435851,-106.124992,(505) 451 - 4896,http://sjcerrillos.org,6,0,0,False,https://catholicindex.org/mass-times/algodones-new-mexico,2026-02-22T04:52:57.872463+00:00
us-nm-cerro-nuestra-señora-de-guadalupe-mission-historic-church-265f3812,Nuestra Señora de Guadalupe Mission (Historic Church),NM-387/378,Cerro,New Mexico,36.75235291,-105.60828209,(575) 586-0470,https://archdiosf.org/parishfinder,6,0,0,False,https://catholicindex.org/mass-times/amalia-new-mexico,2026-02-22T04:53:00.805465+00:00
us-co-chama-immaculate-conception-mission-7da70d06,Chapel of Immaculate Conception,21529 Co Rd P-6,Chama,Colorado,37.16332714,-105.38190765,(719) 992-0122    ,http://sdcparish.org,8,0,0,False,https://catholicindex.org/mass-times/amalia-new-mexico,2026-02-22T04:53:00.805465+00:00
us-nm-chama-st-patrick-f08e5fda,St. Patrick,352 N Pine Ave,Chama,New Mexico,36.91079155,-106.57814036,(575) 756-2926,http://nuestrasenoradelvalle.org,4,0,0,False,https://catholicindex.org/mass-times/chama-new-mexico,2026-02-22T04:54:11.070179+00:00
us-nm-chamberino-san-luis-rey-902391bd,San Luis Rey,206 San Luis Ave,Chamberino,New Mexico,32.03687109,-106.68551122,(575) 215-3176,http://www.oldrcdlc.org/parishfinder,1,0,0,False,https://catholicindex.org/mass-times/anthony-new-mexico,2026-02-22T04:53:06.908864+00:00
us-nm-chamisal-santa-cruz-mission-7d31093a,Santa Cruz,40 La Plaza Rd,Chamisal,New Mexico,36.168488,-105.737317,(575) 587-2111 or (575) 587-0399 (Emergencies),http://www.dixonpenascocc.org,29,0,0,False,https://catholicindex.org/mass-times/chamisal-new-mexico,2026-02-22T04:54:14.121356+00:00
us-nm-chaparral-st-thomas-more-c5ad8618,St. Thomas More,568 E Lisa Dr,Chaparral,New Mexico,32.03872211,-106.3867146,(575) 824-4433,http://stm-church.com/,20,0,0,False,https://catholicindex.org/mass-times/anthony-new-mexico,2026-02-22T04:53:06.908864+00:00
us-nm-chichiltah-church-of-st-patrick-bc510343,St. Patrick,549 Cousins Rd,Chichiltah,New Mexico,35.2484375,-108.9021875,15057785410,$undefined,0,0,0,False,https://catholicindex.org/mass-times/gallup-new-mexico,2026-02-22T04:55:45.562866+00:00
us-nm-chilili-san-juan-nepomuceno-mission-28a2238c,San Juan Nepomuceno,9894 NM-337,Chilili,New Mexico,34.88946477,-106.23295522,(505) 281-2297,http://www.holychildparishnm.org,12,0,0,False,https://catholicindex.org/mass-times/edgewood-new-mexico,2026-02-22T04:55:11.058069+00:00
us-nm-chimayo-chapel-of-santo-niño-de-atocha-d0892d9f,Chapel of Santo Niño de Atocha,Chimayo New Mexico 87522,Chimayo,New Mexico,35.9895625,-105.9328125,$undefined,https://www.holychimayo.us/santo-nino-chapel,3,0,0,False,https://catholicindex.org/mass-times/chamisal-new-mexico,2026-02-22T04:54:14.121356+00:00
us-nm-chimayo-santuario-de-chimayo-historic-site-5a67a5e0,El Santuario de Chimayo (Historic Site),15 Santuario Dr,Chimayo,New Mexico,35.98919125,-105.93170867,(505) 351-4360,http://www.holychimayo.us/,5,0,0,False,https://catholicindex.org/mass-times/chamisal-new-mexico,2026-02-22T04:54:14.121356+00:00
us-nm-chimayo-holy-family-2e201317,Holy Family,1440 Private Dr NM-76 #10,Chimayo,New Mexico,36.00521125,-105.95408636,(505) 351-4360 or (505) 351-4477 (Emergency only),http://www.prayatalltimes.com ,0,0,0,False,https://catholicindex.org/mass-times/chamisal-new-mexico,2026-02-22T04:54:14.121356+00:00
us-co-chromo-chromo-station-62be098b,Chromo Station,Chromo Colorado 81147,Chromo,Colorado,37.03625,-106.84375,$undefined,https://ihmjp2.org/,11,0,0,False,https://catholicindex.org/mass-times/chama-new-mexico,2026-02-22T04:54:11.070179+00:00
us-co-chromo-chromo-station-mission-chapel-279c5af1,Chromo Station Mission Chapel,On US Hwy 84 E of crossroad with County Rd 391,Chromo,Colorado,37.03661,-106.841651,(970) 731-5744 or (970) 264-5959 (Mayordomo),https://ihmjp2.org/,11,0,0,False,https://catholicindex.org/mass-times/chama-new-mexico,2026-02-22T04:54:11.070179+00:00
us-nm-cimarron-immaculate-conception-f57857f8,Immaculate Conception,440 W 18th St,Cimarron,New Mexico,36.5043751,-104.92454505,(575) 376-2553 or (714) 383-0381 (Emergencies only),$undefined,0,0,0,False,https://catholicindex.org/mass-times/angel-fire-new-mexico,2026-02-22T04:53:03.829843+00:00
us-nm-clayton-st-francis-xavier-34cb74bc,St. Francis Xavier,115 N 1st St,Clayton,New Mexico,36.45308314,-103.18537658,(575) 374-8894 or (575) 374-8900 (Emergencies),http://sfxclayton.org/,11,0,0,False,https://catholicindex.org/mass-times/clayton-new-mexico,2026-02-22T04:54:23.076305+00:00
us-tx-clint-san-lorenzo-c9835cb0,San Lorenzo,611 San Lorenzo Ave,Clint,Texas,31.59159259,-106.22588848,(915) 851-2255,http://www.sanlorenzocatholicchurch.com/,13,0,0,False,https://catholicindex.org/mass-times/sunland-park-new-mexico,2026-02-22T05:00:18.900972+00:00
us-nm-cloudcroft-sacred-heart-mission-d5809bea,Sacred Heart Mission Catholic Church,205 James Canyon Hwy,Cloudcroft,New Mexico,32.95729435,-105.74336109,(575) 434-9460,http://www.iccalamogordo.org,8,0,0,False,https://catholicindex.org/mass-times/alamogordo-new-mexico,2026-02-22T04:52:53.268041+00:00
us-nm-clovis-our-lady-of-guadalupe-8e696bae,Our Lady of Guadalupe,108 N Davis St,Clovis,New Mexico,34.39948036,-103.21643826,(575) 763-4445,http://www.ologsj.org/,8,0,0,False,https://catholicindex.org/mass-times/clovis-new-mexico,2026-02-22T04:54:30.654366+00:00
us-nm-clovis-sacred-heart-30e38b4f,Sacred Heart Catholic Community,921 N Merriwether St,Clovis,New Mexico,34.40714236,-103.21011615,(575) 763-6947,http://sacredheartclovis.com/,10,0,0,False,https://catholicindex.org/mass-times/clovis-new-mexico,2026-02-22T04:54:30.654366+00:00
us-nm-cochiti-pueblo-st-bonaventure-mission-1a39591f,St. Bonaventure,2-40 Bald Eagle Rd,Cochiti Pueblo,New Mexico,35.60811481,-106.3460096,(505) 465-2226 or (505) 382-6819 (Emergency),http://olgpb.org ,2,0,0,False,https://catholicindex.org/mass-times/algodones-new-mexico,2026-02-22T04:52:57.872463+00:00
us-nm-columbus-holy-family-mission-79659036,Holy Family,300 Jesus Carreon Rd,Columbus,New Mexico,31.8317924,-107.64197738,(575) 546-3343,http://www.facebook.com/SantaAnaDeming,0,0,0,False,https://catholicindex.org/mass-times/columbus-new-mexico,2026-02-22T04:54:35.027961+00:00
us-nm-columbus-holy-family-mission-church-0665701c,Holy Family Mission Church,300 J Carreon St,Columbus,NM,31.8317852,-107.641994,+1-575-537-2403,$undefined,0,0,0,False,https://catholicindex.org/mass-times/columbus-new-mexico,2026-02-22T04:54:35.027961+00:00
us-nm-contreras-san-jose-mission-817c29f6,San José de Picacho Mission,16 Calle Alegre,Contreras,New Mexico,34.381346,-106.813954,(505) 864-4461 or (505) 864-4170 (Emergencies),http://olslajoyanm.org/,5,0,0,False,https://catholicindex.org/mass-times/belen-new-mexico,2026-02-22T04:53:24.543916+00:00
us-nm-cordova-church-of-san-antonio-3457cbd4,San Antonio,Cordova New Mexico 87523,Cordova,New Mexico,36.0073125,-105.8601875,$undefined,https://www.mgrosshistoricalchurches.net/san-antonio-de-padua-cordova-new-mexico,2,0,0,False,https://catholicindex.org/mass-times/chamisal-new-mexico,2026-02-22T04:54:14.121356+00:00
us-nm-corona-st-therese-of-the-little-flower-mission-5b9da7de,St. Therese of the Little Flower,740 Old Crown St,Corona,New Mexico,34.25201116,-105.59799652,(575) 648-2853 or (575) 231-9374 (Emergencies),http://www.oldrcdlc.org/parishfinder,1,0,0,False,https://catholicindex.org/mass-times/corona-new-mexico,2026-02-22T04:54:41.089853+00:00
us-nm-corrales-san-ysidro-37773176,San Ysidro,5015 Corrales Rd,Corrales,New Mexico,35.23200408,-106.61212378,(505) 898-1779 or (505) 898-2770 Emergencies only,http://sanysidroparish.org/,1,0,0,False,https://catholicindex.org/mass-times/albuquerque-new-mexico,2026-02-22T04:52:54.784204+00:00
us-nm-costilla-sagrado-corazon-mission-chapel-historic-church-db90322a,Sagrado Corazon Mission Chapel (Historic Church),Church Plz Rd (B-055),Costilla,New Mexico,36.98810007,-105.53446468,(575) 586-0470,http://archdiosf.org/parishfinder,0,0,0,False,https://catholicindex.org/mass-times/amalia-new-mexico,2026-02-22T04:53:00.805465+00:00
us-nm-cotton-city-st-jude-mission-e5e75ad9,St. Jude Mission,1035 Hwy 338,Cotton City,New Mexico,32.13038264,-108.87970721,(575) 542-3268,http://www.facebook.com/St-Joseph-Catholic-Church-112854343712283/,0,0,0,False,https://catholicindex.org/mass-times/lordsburg-new-mexico,2026-02-22T04:57:11.127086+00:00
us-nm-coyote-san-juan-bautista-mission-ad5d0ad3,San Juan Bautista,54 Rio Arriba Co Rd 212,Coyote,New Mexico,36.16734939,-106.61565832,(505) 685-4462,http://www.stthomasabiquiu.com/,0,0,0,False,https://catholicindex.org/mass-times/abiquiu-new-mexico,2026-02-22T04:52:51.843234+00:00
us-nm-crownpoint-st-paul-d0e893c7,St. Paul,268 Crownpoint Dr,Crownpoint,New Mexico,35.68440237,-108.16398584,(505) 786-5376,http://dioceseofgallup.org/parishes/new-mexico-parishes/crownpoint-st-paul/,4,0,0,False,https://catholicindex.org/mass-times/crownpoint-new-mexico,2026-02-22T04:54:50.099752+00:00
us-nm-cuarteles-church-of-la-sangre-de-cristo-ee9220da,La Sangre de Cristo,Cuarteles New Mexico 87567,Cuarteles,New Mexico,35.9886875,-106.0236875,$undefined,https://www.hcccsantacruz.org/newpagecd2eb279,25,0,0,False,https://catholicindex.org/mass-times/chamisal-new-mexico,2026-02-22T04:54:14.121356+00:00
us-nm-cuba-immaculate-conception-16746b49,Immaculate Conception,6440 Main St,Cuba,New Mexico,36.02147504,-106.95813873,(575) 289-3803,http://dioceseofgallup.org/parishes/new-mexico-parishes/cuba-immaculate-conception/,2,0,0,False,https://catholicindex.org/mass-times/coyote-new-mexico,2026-02-22T04:54:47.167110+00:00
us-nm-cubero-our-lady-of-light-457389ac,Our Lady of Light,17 Water Canyon Rd,Cubero,New Mexico,35.08467122,-107.52239625,(505) 552-6301,https://dioceseofgallup.org/parishes/new-mexico-parishes/cubero-our-lady-of-light/,1,0,0,False,https://catholicindex.org/mass-times/cubero-new-mexico,2026-02-22T04:54:53.145046+00:00
us-nm-datil-nativity-of-the-blessed-virgin-mary-55d75572,Nativity of the Blessed Virgin Mary,53 Old-Hwy 60,Datil,New Mexico,34.14414471,-107.83423162,575-773-4631,http://dioceseofgallup.org/parishes/new-mexico-parishes/datil-nativity-of-the-blessed-virgin-mary/,2,0,0,False,https://catholicindex.org/mass-times/datil-new-mexico,2026-02-22T04:54:56.100241+00:00
us-nm-del-cerro-san-pedro-mission-a85a55d6,San Pedro,137 Lomas Ave (Mesquite),Del Cerro,New Mexico,32.13695231,-106.64908259,(575) 215-3176,http://www.facebook.com/sanjosecatholicchurch/,0,0,0,False,https://catholicindex.org/mass-times/anthony-new-mexico,2026-02-22T04:53:06.908864+00:00
us-nm-deming-holy-family-24bfa363,Holy Family,622 S Copper St,Deming,New Mexico,32.26259067,-107.75925039,(575) 546-9783 or (575) 644-5140 (Emergencies),$undefined,0,0,0,False,https://catholicindex.org/mass-times/deming-new-mexico,2026-02-22T04:54:57.520679+00:00
us-nm-deming-st-ann-312ea30d,St. Ann,400 S Ruby St,Deming,New Mexico,32.26598164,-107.75335516,(575) 546-3343,http://www.facebook.com/SantaAnaDeming,0,0,0,False,https://catholicindex.org/mass-times/deming-new-mexico,2026-02-22T04:54:57.520679+00:00
us-tx-denver-city-st-william-c79a1952,St. William,401 Mustang Ave,Denver City,Texas,32.96803021,-102.83682261,806.592.2063  ,https://www.catholiclubbock.org/Parishes/DenverCitySaintWilliam.html,7,0,0,False,https://catholicindex.org/mass-times/hobbs-new-mexico,2026-02-22T04:56:15.642241+00:00
us-nm-des-moines-our-lady-of-guadalupe-mission-2e3fef40,Our Lady of Guadalupe,816 Broadway Ave,Des Moines,New Mexico,36.76213557,-103.83698131,(575) 374-8894 or (575) 374-8900 (Emergencies),http://sfxclayton.org,4,0,0,False,https://catholicindex.org/mass-times/des-moines-new-mexico,2026-02-22T04:55:00.543708+00:00
us-nm-dexter-immaculate-conception-208ce806,Immaculate Conception,400 6th St,Dexter,New Mexico,33.19150306,-104.3758242,(575) 734-5478,https://oldrcdlc.org/immaculate-conception-dexter,7,0,0,False,https://catholicindex.org/mass-times/artesia-new-mexico,2026-02-22T04:53:18.545223+00:00
us-nm-dexter-church-of-the-immaculate-conception-8b7b6f8b,Immaculate Conception,400 W 6th St,Dexter,New Mexico,33.1944375,-104.3711875,15757345478,$undefined,0,0,0,False,https://catholicindex.org/mass-times/artesia-new-mexico,2026-02-22T04:53:18.545223+00:00
us-nm-dexter-immaculate-conception-catholic-church-73cf3e6e,Immaculate Conception Catholic Church,400 6th St,Dexter,NM,33.1914285,-104.3758243,+1-575-734-5478,https://www.facebook.com/ImmaculateConceptionMissionDexterNM/,0,0,0,False,https://catholicindex.org/mass-times/artesia-new-mexico,2026-02-22T04:53:18.545223+00:00
us-nm-dixon-st-anthony-of-padua-3d7535bc,St. Anthony de Padua,5 Private Dr 1114 NM-75,Dixon,New Mexico,36.1988795,-105.88785064,(505) 579-4389 or (575) 587-0399 (Emergencies),http://www.dixonpenascocc.org,3,0,0,False,https://catholicindex.org/mass-times/chamisal-new-mexico,2026-02-22T04:54:14.121356+00:00
us-nm-doña-ana-our-lady-of-purification-historic-church-6e3d8841,Our Lady of Purification (Historic Church),5525 Cristo Rey St,Doña Ana,New Mexico,32.38746999,-106.81736497,(575) 526-2114,http://www.ourladyofpurification.org,7,0,0,False,https://catholicindex.org/mass-times/berino-new-mexico,2026-02-22T04:53:27.679985+00:00
us-nm-dulce-mission-of-st-anthony-e526e967,Mission of St. Anthony,Dulce New Mexico 87528,Dulce,New Mexico,36.9356875,-106.9961875,15757591307,$undefined,0,0,0,False,https://catholicindex.org/mass-times/chama-new-mexico,2026-02-22T04:54:11.070179+00:00
us-nm-dulce-st-anthony-5d9099bf,St. Anthony ,3760 Sandhill Dr,Dulce,New Mexico,36.94143034,-106.9941622,(575) 759-1307,http://dioceseofgallup.org/parishes/new-mexico-parishes/dulce-st-anthony/,1,0,0,False,https://catholicindex.org/mass-times/chama-new-mexico,2026-02-22T04:54:11.070179+00:00
us-nm-duran-st-john-the-baptist-mission-historic-church-44dee5cb,St. John the Baptist (Historic Church),12 Church St,Duran,New Mexico,34.46754751,-105.39314937,(575) 584-2954,https://archdiosf.org/parishfinder,1,0,0,False,https://catholicindex.org/mass-times/corona-new-mexico,2026-02-22T04:54:41.089853+00:00
us-nm-eagle-nest-st-mel-mission-87099742,St. Mel,200 Willow Creek Dr,Eagle Nest,New Mexico,36.55600185,-105.2644868,(575) 376-2553 or (714) 383-0381 (Emergencies only),$undefined,0,0,0,False,https://catholicindex.org/mass-times/angel-fire-new-mexico,2026-02-22T04:53:03.829843+00:00
us-nm-edgewood-st-elizabeth-ann-seton-b3a1a77f,St. Elizabeth Ann Seton,85 Hwy 344,Edgewood,New Mexico,35.07366443,-106.19299978,(505) 832-6655,http://www.estanciavalleycatholicch.org/,0,0,0,False,https://catholicindex.org/mass-times/albuquerque-new-mexico,2026-02-22T04:52:54.784204+00:00
us-nm-el-duende-church-of-san-francisco-64952649,San Francisco,El Duende New Mexico 87537,El Duende,New Mexico,36.0726875,-106.1214375,$undefined,http://sacredheartjesus.com,0,0,0,False,https://catholicindex.org/mass-times/canones-new-mexico,2026-02-22T04:53:48.605534+00:00
us-nm-el-guacho-church-of-san-antonio-a6cb052f,San Antonio,El Guacho New Mexico 87532,El Guacho,New Mexico,36.00875,-106.08625,$undefined,http://sacredheartjesus.com,0,0,0,False,https://catholicindex.org/mass-times/canones-new-mexico,2026-02-22T04:53:48.605534+00:00
us-tx-el-paso-all-saints-c8a916e6,All Saints,1415 N Dakota St,El Paso,Texas,31.78851709,-106.46913599,(915) 566-9711,http://www.allsaintselpaso.org/,3,0,0,False,https://catholicindex.org/mass-times/anthony-new-mexico,2026-02-22T04:53:06.908864+00:00
us-tx-el-paso-blessed-sacrament-4bfdbd3d,Blessed Sacrament,9025 Diana Dr,El Paso,Texas,31.86914207,-106.42367151,(915) 755-7658,http://www.epblessedsacrament.org/,9,0,0,False,https://catholicindex.org/mass-times/anthony-new-mexico,2026-02-22T04:53:06.908864+00:00
us-tx-el-paso-capilla-del-sagrado-corazón-de-jesús-414fe14b,Capilla del Sagrado Corazón de Jesús,2400 Marr St,El Paso,Texas,31.79822923,-106.43806349,(915) 565-2921,http://sites.google.com/view/rogerbaconcollege/home,9,0,0,False,https://catholicindex.org/mass-times/anthony-new-mexico,2026-02-22T04:53:06.908864+00:00
us-tx-el-paso-catholic-campus-ministry-university-of-texas-b391d597,Catholic Campus Ministry (University of Texas),2230 N Oregon St,El Paso,Texas,31.77349775,-106.50108721,(915) 838-0300,http://minetracker.utep.edu/organization/catholiccampusministry,0,0,0,False,https://catholicindex.org/mass-times/anthony-new-mexico,2026-02-22T04:53:06.908864+00:00
us-tx-el-paso-christ-the-savior-27f239bb,Christ the Savior,5301 Wadsworth Ave,El Paso,Texas,31.9213103,-106.41774868,(915) 821-3766,http://elpaso.church/,8,0,0,False,https://catholicindex.org/mass-times/anthony-new-mexico,2026-02-22T04:53:06.908864+00:00
us-tx-el-paso-corpus-christi-fc0c2d4e,Corpus Christi,9205 N Loop Dr,El Paso,Texas,31.69775139,-106.31245771,(915) 858-0488,http://www.corpuschristicc.com/,10,0,0,False,https://catholicindex.org/mass-times/chaparral-new-mexico,2026-02-22T04:54:15.999539+00:00
us-tx-el-paso-cristo-rey-catholic-church-4c460315,Cristo Rey Catholic Church,8011 Williamette Ave,El Paso,Texas,31.739547,-106.34060872,(915) 591-0688,http://www.facebook.com/cristoreyparish/,0,0,0,False,https://catholicindex.org/mass-times/anthony-new-mexico,2026-02-22T04:53:06.908864+00:00
us-tx-el-paso-el-buen-pastor-19816b33,El Buen Pastor Mission,311 Peyton Rd,El Paso,Texas,31.67578757,-106.24269298,(915) 852-4010,http://www.facebook.com/elbuenpastorcatholicmission/,0,0,0,False,https://catholicindex.org/mass-times/sunland-park-new-mexico,2026-02-22T05:00:18.900972+00:00
us-tx-el-paso-guardian-angel-30af7c6a,Guardian Angel,3021 Frutas Ave,El Paso,Texas,31.77471319,-106.458948,(915) 533-2077,http://www.elpasodiocese.org/parishes.html,69,0,0,False,https://catholicindex.org/mass-times/anthony-new-mexico,2026-02-22T04:53:06.908864+00:00
us-tx-el-paso-holy-family-e8430a60,Holy Family,900 W Missouri Ave,El Paso,Texas,31.76025081,-106.50026022,(915) 532-8462,http://www.elpasodiocese.org/parishes.html,6,0,0,False,https://catholicindex.org/mass-times/anthony-new-mexico,2026-02-22T04:53:06.908864+00:00
us-tx-el-paso-san-antonio-de-padua-f768e0b6,Iglesia San Antonio de Padua,503 Hunter Dr,El Paso,Texas,31.7476312,-106.36695494,(915) 598-1457,$undefined,0,0,0,False,https://catholicindex.org/mass-times/anthony-new-mexico,2026-02-22T04:53:06.908864+00:00
us-tx-el-paso-immaculate-conception-dcb38844,Immaculate Conception,118 N Campbell St,El Paso,Texas,31.75983218,-106.4835538,?(915) 533-3427,http://www.fsspelpaso.com/,12,0,0,False,https://catholicindex.org/mass-times/anthony-new-mexico,2026-02-22T04:53:06.908864+00:00
us-tx-el-paso-little-flower-3bdc6cf5,Little Flower,171 Polo Inn Rd,El Paso,Texas,31.74554672,-106.39136187,(915) 772-1285,http://www.elpasodiocese.org/parishes.html,52,0,0,False,https://catholicindex.org/mass-times/anthony-new-mexico,2026-02-22T04:53:06.908864+00:00
us-tx-el-paso-most-holy-trinity-60990570,Most Holy Trinity,10000 Pheasant Rd,El Paso,Texas,31.90087804,-106.40581676,(915) 751-6416,http://mostholytrinity.org/,9,0,0,False,https://catholicindex.org/mass-times/anthony-new-mexico,2026-02-22T04:53:06.908864+00:00
us-tx-el-paso-most-holy-trinity-catholic-church-8cdf68a1,Most Holy Trinity Catholic Church,10000 Pheasant Rd,El Paso,TX,31.9008057,-106.4056992,+1-915-751-6416,https://www.mhtcrusaders.org/apps/pages/index.jsp?uREC_ID=653537&type=d&pREC_ID=1108825,14,0,0,False,https://catholicindex.org/mass-times/anthony-new-mexico,2026-02-22T04:53:06.908864+00:00
us-tx-el-paso-our-lady-of-assumption-8413ba04,Our Lady of Assumption,4800 Byron St,El Paso,Texas,31.81939243,-106.45274875,(915) 566-4040,http://olaep.org/,25,0,0,False,https://catholicindex.org/mass-times/anthony-new-mexico,2026-02-22T04:53:06.908864+00:00
us-tx-el-paso-our-lady-of-guadalupe-46960dca,Our Lady of Guadalupe,2709 Alabama St,El Paso,Texas,31.80060196,-106.46608433,(915) 562-4304,https://www.elpasodiocese.org/parishes.html,0,0,0,False,https://catholicindex.org/mass-times/anthony-new-mexico,2026-02-22T04:53:06.908864+00:00
us-tx-el-paso-our-lady-of-light-0aecf374,Our Lady of Light,4700 Delta Dr,El Paso,Texas,31.76102638,-106.43403397,(915) 532-1757,http://ourladyofthelight.wixsite.com/website,6,0,0,False,https://catholicindex.org/mass-times/anthony-new-mexico,2026-02-22T04:53:06.908864+00:00
us-tx-el-paso-our-lady-of-mt-carmel-catholic-church-5bec0bb3,Our Lady of Mt Carmel Catholic Church,9101 Socorro Rd,El Paso,TX,31.6895642,-106.3273466,+1-915-859-9848,http://www.ysletamission.org/,12,0,0,False,https://catholicindex.org/mass-times/chaparral-new-mexico,2026-02-22T04:54:15.999539+00:00
us-tx-el-paso-our-lady-of-sorrows-770bec65,Our Lady of Sorrows,7700 S Rosedale St,El Paso,Texas,31.73731541,-106.36388106,(915) 433-8694,http://www.elpasodiocese.org/parishes.html,5,0,0,False,https://catholicindex.org/mass-times/anthony-new-mexico,2026-02-22T04:53:06.908864+00:00
us-tx-el-paso-our-lady-of-valley-1a29acb1,Our Lady of the Valley,8600 Winchester Rd,El Paso,Texas,31.70314588,-106.33664855,(915) 859-7939,http://www.olvchurcheptx.org/,10,0,0,False,https://catholicindex.org/mass-times/chaparral-new-mexico,2026-02-22T04:54:15.999539+00:00
us-tx-el-paso-our-lady-of-mount-carmel-historic-misión-de-san-antonio-de-ysleta-del-sur-c6459ba3,Parish of Our Lady of Mount Carmel,131 S Zaragoza Rd,El Paso,Texas,31.69108457,-106.32768177,(915) 859-9848,http://ysletamission.org/,9,0,0,False,https://catholicindex.org/mass-times/chaparral-new-mexico,2026-02-22T04:54:15.999539+00:00
us-tx-el-paso-queen-of-peace-11ea7ed7,Queen of Peace,1551 Belvidere St,El Paso,Texas,31.85611067,-106.5232641,(915) 584-5817,http://queenofpeaceparishep.org,15,0,0,False,https://catholicindex.org/mass-times/anthony-new-mexico,2026-02-22T04:53:06.908864+00:00
us-tx-el-paso-sacred-heart-026b2505,Sacred Heart,602 S Oregon St,El Paso,Texas,31.75350789,-106.48639875,(915) 532-5447,http://www.sacredheartelpaso.org/,14,0,0,False,https://catholicindex.org/mass-times/anthony-new-mexico,2026-02-22T04:53:06.908864+00:00
us-tx-el-paso-church-of-san-jose-e1e19150,San Jose,8100 San Jose Rd,El Paso,Texas,31.7221875,-106.3509375,19155986285,$undefined,0,0,0,False,https://catholicindex.org/mass-times/anthony-new-mexico,2026-02-22T04:53:06.908864+00:00
us-tx-el-paso-san-juan-bautista-d5362830,San Juan Bautista,5649 Dailey Ave,El Paso,Texas,31.77460145,-106.42086697,(915) 779-1583,http://www.elpasodiocese.org/parishes.html,0,0,0,False,https://catholicindex.org/mass-times/anthony-new-mexico,2026-02-22T04:53:06.908864+00:00
us-tx-el-paso-san-juan-diego-dc4465e1,San Juan Diego,14520 E Montana Ave,El Paso,Texas,31.81800447,-106.17642079,(915) 855-2217,http://sanjuandiegochurch.com/,0,0,0,False,https://catholicindex.org/mass-times/chaparral-new-mexico,2026-02-22T04:54:15.999539+00:00
us-tx-el-paso-san-judas-tadeo-1740e8c4,San Judas Tadeo,4006 Hidden Way,El Paso,Texas,31.81927006,-106.55941689,(915) 584-1095,https://www.sanjudaselpaso.com/,0,0,0,False,https://catholicindex.org/mass-times/anthony-new-mexico,2026-02-22T04:53:06.908864+00:00
us-tx-el-paso-san-pedro-de-jesus-maldonado-85c210cc,San Pedro Maldonado,3000 Tim Foster St,El Paso,Texas,31.78463081,-106.22488918,(915) 271-8060,http://www.elpasodiocese.org/parishes.html,58,0,0,False,https://catholicindex.org/mass-times/chaparral-new-mexico,2026-02-22T04:54:15.999539+00:00
us-tx-el-paso-saint-john-paul-ii-fa4aabe2,Santa Lucia,518 Gallagher St,El Paso,Texas,31.73705021,-106.35200167,(915) 592-5245,$undefined,0,0,0,False,https://catholicindex.org/mass-times/anthony-new-mexico,2026-02-22T04:53:06.908864+00:00
us-tx-el-paso-church-of-santa-teresita-buena-vista-433eef55,Santa Teresita - Buena Vista,El Paso Texas 79922,El Paso,Texas,31.80875,-106.53875,$undefined,http://www.santuariosanjudastadeo.com,0,0,0,False,https://catholicindex.org/mass-times/anthony-new-mexico,2026-02-22T04:53:06.908864+00:00
us-tx-el-paso-santo-niño-de-atocha-8678c4c9,Santo Niño de Atocha,210 S Clark Dr,El Paso,Texas,31.76313002,-106.41399162,(915) 779-3164,http://www.elpasodiocese.org/parishes.html,53,0,0,False,https://catholicindex.org/mass-times/anthony-new-mexico,2026-02-22T04:53:06.908864+00:00
us-tx-el-paso-shrine-chapel-of-our-lady-of-light-de4992e5,Shrine Chapel of Our Lady of Light,361 Dolan St,El Paso,Texas,31.76408178,-106.43417534,(915) 532-1757,http://ourladyofthelight.wixsite.com/website/mass-times,6,0,0,False,https://catholicindex.org/mass-times/anthony-new-mexico,2026-02-22T04:53:06.908864+00:00
us-tx-el-paso-st-anthonys-seminary-fa137f0a,St. Anthony Seminary,4601 Hastings Dr,El Paso,Texas,31.79354224,-106.43478566,+19155662261,http://stanthonysseminary.org/,0,0,0,False,https://catholicindex.org/mass-times/anthony-new-mexico,2026-02-22T04:53:06.908864+00:00
us-tx-el-paso-st-charles-seminary-5ea716cf,St. Charles Seminary,8330 Park Haven Ave,El Paso,Texas,31.7204375,-106.3399375,19158728403,http://elpasovocation.com/st-charles-seminary/,0,0,0,False,https://catholicindex.org/mass-times/anthony-new-mexico,2026-02-22T04:53:06.908864+00:00
us-tx-el-paso-saint-frances-xavier-cabrini-54ee3bed,St. Frances Xavier Cabrini,12200 Vista del Sol Dr,El Paso,Texas,31.73862657,-106.27497509,(915) 857-1263,http://www.stfrancesxaviercabrini.org/,10,0,0,False,https://catholicindex.org/mass-times/chaparral-new-mexico,2026-02-22T04:54:15.999539+00:00
us-tx-el-paso-saint-francis-xavier-ad821cff,St. Francis Xavier,519 S Latta St,El Paso,Texas,31.76888461,-106.44846836,(915) 532-2761,http://www.stfrancisxaviercatholicchurch.com/,9,0,0,False,https://catholicindex.org/mass-times/anthony-new-mexico,2026-02-22T04:53:06.908864+00:00
us-tx-el-paso-saint-francis-of-assisi-9b98a7a0,St. Francis of Assisi,5750 Doniphan Dr,El Paso,Texas,31.86549122,-106.5882477,(915) 584-7130,http://www.sanfranciscoelpaso.com,15,0,0,False,https://catholicindex.org/mass-times/anthony-new-mexico,2026-02-22T04:53:06.908864+00:00
us-tx-el-paso-saint-ignatius-5e4fd435,St. Ignatius,408 Park St,El Paso,Texas,31.75793112,-106.47567425,(915) 532-9534,http://www.elpasodiocese.org/parishes.html,1,0,0,False,https://catholicindex.org/mass-times/anthony-new-mexico,2026-02-22T04:53:06.908864+00:00
us-tx-el-paso-saint-joseph-b079d394,St. Joseph,3729 Hueco Ave,El Paso,Texas,31.78722687,-106.44831725,(915) 566-9396,http://www.elpasodiocese.org/parishes.html,51,0,0,False,https://catholicindex.org/mass-times/anthony-new-mexico,2026-02-22T04:53:06.908864+00:00
us-tx-el-paso-saint-luke-cca4057f,St. Luke,930 E Redd Rd,El Paso,Texas,31.86315838,-106.54811799,(915) 585-0255,http://www.stlukeelpaso.org/,10,0,0,False,https://catholicindex.org/mass-times/anthony-new-mexico,2026-02-22T04:53:06.908864+00:00
us-tx-el-paso-saint-mark-182a2593,St. Mark,11700 Pebble Hills Blvd,El Paso,Texas,31.7818869,-106.2846691,(915) 300-2800,http://www.smccep.org/,13,0,0,False,https://catholicindex.org/mass-times/anthony-new-mexico,2026-02-22T04:53:06.908864+00:00
us-tx-el-paso-saint-matthew-a8424f62,St. Matthew,400 W Sunset Rd,El Paso,Texas,31.83044677,-106.58203121,(915) 584-3461,http://www.stmatthewcatholicchurch.org/,9,0,0,False,https://catholicindex.org/mass-times/anthony-new-mexico,2026-02-22T04:53:06.908864+00:00
us-tx-el-paso-cathedral-of-saint-patrick-d8228a4c,St. Patrick Cathedral,1118 N Mesa St,El Paso,Texas,31.76569291,-106.49294861,(915) 533-4451,http://saintpatrickcathedral.org/,19,0,0,False,https://catholicindex.org/mass-times/anthony-new-mexico,2026-02-22T04:53:06.908864+00:00
us-tx-el-paso-saint-paul-the-apostle-06c5f8b3,St. Paul the Apostle,7424 Mimosa Ave,El Paso,Texas,31.73621878,-106.37890904,(915) 778-5304,http://www.elpasodiocese.org/parishes.html,41,0,0,False,https://catholicindex.org/mass-times/anthony-new-mexico,2026-02-22T04:53:06.908864+00:00
us-tx-el-paso-saint-pius-x-bfab5487,St. Pius X,1050 N Clark Dr,El Paso,Texas,31.7800483,-106.40722341,(915) 772-3226,http://www.stpiusxelpaso.org/,12,0,0,False,https://catholicindex.org/mass-times/anthony-new-mexico,2026-02-22T04:53:06.908864+00:00
us-tx-el-paso-saint-raphael-7d027fa5,St. Raphael,2301 Zanzibar Rd,El Paso,Texas,31.77424203,-106.34356887,(915) 598-3431,http://www.straphaelelpaso.com/,11,0,0,False,https://catholicindex.org/mass-times/anthony-new-mexico,2026-02-22T04:53:06.908864+00:00
us-tx-el-paso-st-sharbel-catholic-mission-maronite-de08b3b3,St. Sharbel Catholic Mission (Maronite),851 Thorn Ave,El Paso,Texas,31.85922152,-106.56609697,(915)234-2303,http://stsharbelelpaso.org/,7,0,0,False,https://catholicindex.org/mass-times/anthony-new-mexico,2026-02-22T04:53:06.908864+00:00
us-tx-el-paso-st-stephen-deacon-and-martyr-3fe8e70f,St. Stephen Deacon and Martyr,1700 George Dieter Dr,El Paso,Texas,31.75787249,-106.30120757,(915) 855-1661,http://www.ststephendeaconandmartyr.org/,9,0,0,False,https://catholicindex.org/mass-times/anthony-new-mexico,2026-02-22T04:53:06.908864+00:00
us-tx-el-paso-st-thomas-aquinas-2f2359b2,St. Thomas Aquinas,10970 Bywood Dr,El Paso,Texas,31.7809941,-106.31940882,(915) 592-1313,http://www.stthomas-elpaso.com,8,0,0,False,https://catholicindex.org/mass-times/anthony-new-mexico,2026-02-22T04:53:06.908864+00:00
us-nm-el-prado-church-of-santa-teresita-de-jesús-6fc2793a,Santa Teresita de Jesús,El Prado New Mexico 87529,El Prado,New Mexico,36.4289375,-105.5751875,$undefined,https://ologtaos.com/,2,0,0,False,https://catholicindex.org/mass-times/angel-fire-new-mexico,2026-02-22T04:53:03.829843+00:00
us-nm-el-prado-santo-niño-mission-0329100c,Santo Niño de Atocha,12 Santo Niño Rd (El Prado/Los Colonias),El Prado,New Mexico,36.46104746,-105.60361401,(575) 776-2273,http://www.nmmountaincatholic.org/capillas-mission-churches,0,0,0,False,https://catholicindex.org/mass-times/angel-fire-new-mexico,2026-02-22T04:53:03.829843+00:00
us-nm-el-rancho-san-antonio-de-padua-mission-4cf35bbc,San Antonio de Padua,84 Co Rd 84,El Rancho,New Mexico,35.89180529,-106.09193013,(505) 455-2472,http://pojoaquecatholics.com/OurChurches/ElRancho,1,0,0,False,https://catholicindex.org/mass-times/chimayo-new-mexico,2026-02-22T04:54:17.146748+00:00
us-nm-el-rito-san-juan-nepomuceno-historic-church-b61c3673,San Juan Nepomuceno (Historic Church),1191 Main St (NM-554),El Rito,New Mexico,36.34429096,-106.18850577,(575) 581-4714,https://www.facebook.com/SJNParish/,0,0,0,False,https://catholicindex.org/mass-times/abiquiu-new-mexico,2026-02-22T04:52:51.843234+00:00
us-nm-encinal-nativity-of-the-blessed-virgin-mary-0b986fde,Mission of the Nativity of the Blessed Virgin Mary,16 Village Rd,Encinal,New Mexico,35.1175042,-107.46495154,(505) 552-9330,https://dioceseofgallup.org/parishes/new-mexico-parishes/encinal-nativity-of-the-blessed-virgin-mary/,1,0,0,False,https://catholicindex.org/mass-times/cubero-new-mexico,2026-02-22T04:54:53.145046+00:00
us-nm-encino-our-lady-of-guadalupe-mission-610a09ae,Our Lady of Guadalupe,210 Main St (Corner of Rosewood Ave.),Encino,New Mexico,34.65293822,-105.46319798,(575) 584-2954,http://archdiosf.org/parishfinder,8,0,0,False,https://catholicindex.org/mass-times/encino-new-mexico,2026-02-22T04:55:20.040279+00:00
us-nm-escobosa-san-isidro-mission-59c3272c,San Isidro,10353 NM-337,Escobosa,New Mexico,34.92498866,-106.29086236,(505) 281-2297 ,http://www.holychildparishnm.org,1,0,0,False,https://catholicindex.org/mass-times/albuquerque-new-mexico,2026-02-22T04:52:54.784204+00:00
us-nm-española-sacred-heart-of-jesus-f921a98a,Sacred Heart of Jesus Church,908 W Calle Rosario,Española,New Mexico,35.99267066,-106.08657591,(505) 753-4225 or (505) 750-7014 (Emergencies),http://sacredheartofjesus.church,0,0,0,False,https://catholicindex.org/mass-times/canones-new-mexico,2026-02-22T04:53:48.605534+00:00
us-nm-estancia-ss-peter-and-paul-94836d7c,Sts. Peter and Paul,101 S 9th St,Estancia,New Mexico,34.7607339,-106.06168985,(505) 832-6655,http://www.estanciavalleycatholicch.org,0,0,0,False,https://catholicindex.org/mass-times/edgewood-new-mexico,2026-02-22T04:55:11.058069+00:00
us-nm-eunice-st-clare-mission-0e68842c,St. Clare Mission,3000 N Main St,Eunice,New Mexico,32.45280277,-103.1600028,(575) 395-2431,https://oldrcdlc.org/st-clare-eunice,8,0,0,False,https://catholicindex.org/mass-times/eunice-new-mexico,2026-02-22T04:55:24.762977+00:00
us-nm-eunice-st-clare-mission-2cee3c77,St. Clare Mission,3000 N Main St,Eunice,NM,32.4492397,-103.158471,+1-575-394-2198,$undefined,0,0,0,False,https://catholicindex.org/mass-times/eunice-new-mexico,2026-02-22T04:55:24.762977+00:00
us-nm-fairacres-san-jose-mission-6c419b5b,Mission of St. Joseph,3135 Old Picacho Rd,Fairacres,New Mexico,32.32529495,-106.85065432,(575) 312-4215 or (575) 526-9349,http://oldrcdlc.org/san-jose-mission-fairacres,2,0,0,False,https://catholicindex.org/mass-times/berino-new-mexico,2026-02-22T04:53:27.679985+00:00
us-nm-farmington-sacred-heart-45bc9dda,Sacred Heart,414 N Allen Ave,Farmington,New Mexico,36.7334153,-108.20661531,(505) 325-9743,http://www.sacredheartfarmington.com,8,0,0,False,https://catholicindex.org/mass-times/aztec-new-mexico,2026-02-22T04:53:20.086223+00:00
us-nm-farmington-st-mary-61e1e8de,St. Mary,2100 E 20th St,Farmington,New Mexico,36.75010455,-108.17944405,(505) 325-0287,http://www.stmarysfmt.org/,10,0,0,False,https://catholicindex.org/mass-times/aztec-new-mexico,2026-02-22T04:53:20.086223+00:00
us-nm-faywood-san-jose-mission-c5f47290,Mission of San Jose,1106 NM-61,Faywood,New Mexico,32.62057455,-107.87690039,(575) 537-3691,http://oldrcdlc.org/infant-jesus-shrine-hurley,3,0,0,False,https://catholicindex.org/mass-times/bayard-new-mexico,2026-02-22T04:53:23.076784+00:00
us-nm-flora-vista-holy-trinity-eca5cf37,Holy Trinity,42 Rd 3520,Flora Vista,New Mexico,36.79515245,-108.08883778,(505) 334-6535,http://www.stjosephaztec.org,2,0,0,False,https://catholicindex.org/mass-times/aztec-new-mexico,2026-02-22T04:53:20.086223+00:00
us-nm-folsom-st-joseph-mission-cdb92e60,St. Joseph,626 Dodge St,Folsom,New Mexico,36.851332,-103.915838,(575) 374-8894 or (575) 374-8900 (Emergencies),http://sfxclayton.org,1,0,0,False,https://catholicindex.org/mass-times/des-moines-new-mexico,2026-02-22T04:55:00.543708+00:00
us-tx-fort-bliss-saint-michael-fort-bliss-150c3496,St. Michael (Fort Bliss),Center Chapel Two 1542 Sheridan Rd,Fort Bliss,Texas,31.81820365,-106.43750379,(915) 568-0362,http://blisscatholic.com/,0,0,0,False,https://catholicindex.org/mass-times/anthony-new-mexico,2026-02-22T04:53:06.908864+00:00
us-az-fort-defiance-our-lady-of-the-blessed-sacrament-05d4d865,Our Lady of the Blessed Sacrament,173 Main St,Fort Defiance,Arizona,35.74942937,-109.08216959,(928) 729-5068,http://dioceseofgallup.org/parishes/arizona-parishes/ft-defiance-our-lady-of-the-blessed-sacrament/,4,0,0,False,https://catholicindex.org/mass-times/navajo-new-mexico,2026-02-22T04:58:08.205416+00:00
us-nm-fort-sumner-st-anthony-of-padua-6ad30529,St. Anthony of Padua,443 Richards St,Fort Sumner,New Mexico,34.475162,-104.250092,(575) 355-2320 or (575) 472-3724 (Santa Rosa de Lima Parish),$undefined,0,0,0,False,https://catholicindex.org/mass-times/fort-sumner-new-mexico,2026-02-22T04:55:39.548942+00:00
us-co-frances-st-frances-mission-974b9dc9,St. Frances Mission,Frances Colorado 81147,Frances,Colorado,37.2746875,-107.0793125,$undefined,https://ihmjp2.org/,0,0,0,False,https://catholicindex.org/mass-times/dulce-new-mexico,2026-02-22T04:55:08.194293+00:00
us-co-frances-st-francis-mission-chapel-247c1705,St. Francis Mission Chapel,8329 CO Hwy 151 (Old Gallegos Rd.),Frances,Colorado,37.141508,-107.354586,(970) 731-5744 or (970) 883-2448 (Mayordomo),https://ihmjp2.org/,11,0,0,False,https://catholicindex.org/mass-times/dulce-new-mexico,2026-02-22T04:55:08.194293+00:00
us-nm-galisteo-nuestra-señora-de-los-remedios-8a0d4385,Nuestra Señora de Los Remedios,5633 State Hwy 41,Galisteo,New Mexico,35.39538163,-105.94715381,(505) 451-4896,http://sjcerrillos.org,1,0,0,False,https://catholicindex.org/mass-times/cerrillos-new-mexico,2026-02-22T04:54:06.653848+00:00
us-nm-gallegos-immaculate-conception-mission-73807e8c,Immaculate Conception,Co Rd N-3-S (NM-39) and Rd C,Gallegos,New Mexico,35.61279624,-103.71850053,(575) 485-9633 or (575) 485-9559,http://www.facebook.com/people/Holy-FamilySt-Joseph-Catholic-Church-Roy-NM/100064434352745/,0,0,0,False,https://catholicindex.org/mass-times/logan-new-mexico,2026-02-22T04:57:09.627055+00:00
us-nm-gallina-nuestra-señora-de-guadalupe-mission-dbed37e9,Nuestra Señora de Guadalupe,1793 NM-96,Gallina,New Mexico,36.23684685,-106.84987292,(505) 685-4462,http://www.stthomasabiquiu.com,0,0,0,False,https://catholicindex.org/mass-times/abiquiu-new-mexico,2026-02-22T04:52:51.843234+00:00
us-nm-gallup-sacred-heart-07433395,Sacred Heart Cathedral,415 E Green Ave,Gallup,New Mexico,35.52524561,-108.73591077,(505) 722-6644,http://sacredheartgallup.org/,9,0,0,False,https://catholicindex.org/mass-times/gallup-new-mexico,2026-02-22T04:55:45.562866+00:00
us-nm-gallup-st-francis-of-assisi-1ee35665,St. Francis of Assisi,214 W Wilson,Gallup,New Mexico,35.53185156,-108.74585659,(505) 863-3033,http://dioceseofgallup.org/parishes/new-mexico-parishes/gallup-st-francis/,8,0,0,False,https://catholicindex.org/mass-times/gallup-new-mexico,2026-02-22T04:55:45.562866+00:00
us-nm-gallup-st-john-vianney-77b5d6a1,St. John Vianney,3408 Zia Dr,Gallup,New Mexico,35.52600662,-108.68054223,(505) 722-3361,http://dioceseofgallup.org/parishes/new-mexico-parishes/gallup-st-john-vianney/,8,0,0,False,https://catholicindex.org/mass-times/gallup-new-mexico,2026-02-22T04:55:45.562866+00:00
us-co-garcia-sacred-heart-mission-1c74306f,Sacred Heart Mission,12945 Co Rd B,Garcia,Colorado,37.008756,-105.538806,(719) 992-0122,http://sdcparish.org,1,0,0,False,https://catholicindex.org/mass-times/amalia-new-mexico,2026-02-22T04:53:00.805465+00:00
us-nm-garfield-san-isidro-926b3ae4,San Isidro,2003 Loma Parda Rd,Garfield,New Mexico,32.76729574,-107.2817787,(575) 267-5111 (575) 894-7804 or (575) 894-7804 (Emergency),https://oldrcdlc.org/san-isidro-garfield,1,0,0,False,https://catholicindex.org/mass-times/arrey-new-mexico,2026-02-22T04:53:14.033502+00:00
us-nm-gila-san-isidro-mission-0902fbd5,Mission of St. Isidore,9 Turkey Creek Rd,Gila,New Mexico,32.96585672,-108.57795366,(575) 538-9373,http://svdpsc.org/,7,0,0,False,https://catholicindex.org/mass-times/gila-new-mexico,2026-02-22T04:55:51.614013+00:00
us-nm-glenwood-church-of-santo-niño-6b8039f9,Santo Niño,Glenwood New Mexico 88039,Glenwood,New Mexico,33.31625,-108.88375,19283394363,$undefined,0,0,0,False,https://catholicindex.org/mass-times/glenwood-new-mexico,2026-02-22T04:55:56.171211+00:00
us-nm-glenwood-santo-niño-de-praga-eaa8d4fc,Santo Niño de Praga ,Cat Walk Rd,Glenwood,New Mexico,33.325741,-108.87560441,(575) 533-6719,http://dioceseofgallup.org/parishes/new-mexico-parishes/glenwood-santo-nino/,1,0,0,False,https://catholicindex.org/mass-times/glenwood-new-mexico,2026-02-22T04:55:56.171211+00:00
us-nm-glorieta-nuestra-señora-de-guadalupe-mission-090d0357,Nuestra Señora de Guadalupe,Cll Lomita,Glorieta,New Mexico,35.58294604,-105.77251464,(505) 757-6345,http://www.facebook.com/SanAntoniodePecos/?ref=page_internal,0,0,0,False,https://catholicindex.org/mass-times/cerrillos-new-mexico,2026-02-22T04:54:06.653848+00:00
us-nm-golden-san-francisco-de-asis-mission-87695b42,San Francisco de Asís,1732 State Hwy 14 (Turquoise Trail),Golden,New Mexico,35.26958592,-106.21317513,(505) 451-4896 or (505) 336-0058 (Emergencies),http://sjcerrillos.org,1,0,0,False,https://catholicindex.org/mass-times/algodones-new-mexico,2026-02-22T04:52:57.872463+00:00
us-nm-grants-st-teresa-of-avila-a23da1cf,St. Teresa of Avila,213 Smith St,Grants,New Mexico,35.14869503,-107.84323086,(505) 285-6645,http://dioceseofgallup.org/parishes/new-mexico-parishes/grants-st-teresa-of-avila/,7,0,0,False,https://catholicindex.org/mass-times/cubero-new-mexico,2026-02-22T04:54:53.145046+00:00
us-nm-guachupangue-church-of-our-lady-of-guadalupe-d1418605,Our Lady of Guadalupe,Guachupangue New Mexico 87532,Guachupangue,New Mexico,35.9828125,-106.0844375,$undefined,http://sacredheartjesus.com,0,0,0,False,https://catholicindex.org/mass-times/canones-new-mexico,2026-02-22T04:53:48.605534+00:00
us-nm-hagerman-st-catherine-mission-de30edb0,Mission of St. Catherine,206 W Texas Ave,Hagerman,New Mexico,33.11296468,-104.33089396,(575) 734-5478,http://dexterimmaculate.org/,0,0,0,False,https://catholicindex.org/mass-times/artesia-new-mexico,2026-02-22T04:53:18.545223+00:00
us-nm-hatch-our-lord-of-mercy-1f37c040,Our Lord of Mercy,117 Hartman St,Hatch,New Mexico,32.66616399,-107.15983579,(575) 267-4983,http://hatchvalleycatholic.com,9,0,0,False,https://catholicindex.org/mass-times/arrey-new-mexico,2026-02-22T04:53:14.033502+00:00
us-nm-hernandez-church-of-san-jose-de-chama-bab49910,San Jose de Chama,Hernandez New Mexico 87537,Hernandez,New Mexico,36.0568125,-106.1196875,$undefined,http://sacredheartjesus.com,0,0,0,False,https://catholicindex.org/mass-times/canones-new-mexico,2026-02-22T04:53:48.605534+00:00
us-nm-hillsboro-our-lady-of-guadalupe-mission-046d41f1,Mission of Our Lady of Guadalupe,10690 Hwy 152,Hillsboro,New Mexico,32.92016198,-107.5704222,$undefined,http://www.oldrcdlc.org/parishfinder,2,0,0,False,https://catholicindex.org/mass-times/arrey-new-mexico,2026-02-22T04:53:14.033502+00:00
us-nm-hobbs-our-lady-of-guadalupe-d3309cf1,Our Lady of Guadalupe,914 S Selman St,Hobbs,New Mexico,32.69212103,-103.12945155,(575) 393-4991,http://www.olgparishhobbs.com/,8,0,0,False,https://catholicindex.org/mass-times/eunice-new-mexico,2026-02-22T04:55:24.762977+00:00
us-nm-hobbs-st-helena-25e80b58,St. Helena,100 E Bender Blvd,Hobbs,New Mexico,32.72623098,-103.13509667,(575) 392-7551,http://www.sthelenaparish.org,9,0,0,False,https://catholicindex.org/mass-times/eunice-new-mexico,2026-02-22T04:55:24.762977+00:00
us-nm-holloman-afb-chapel-of-st-joseph-381e55f2,Chapel of St. Joseph,661 Ave,Holloman AFB,New Mexico,32.8391875,-106.0803125,15755727211,https://www.holloman.af.mil/About/Units/Holloman-Chapel/,5,0,0,False,https://catholicindex.org/mass-times/alamogordo-new-mexico,2026-02-22T04:52:53.268041+00:00
us-tx-horizon-mission-of-the-holy-spirit-08bdbf01,Mission of the Holy Spirit,14132 McMahon Ave,Horizon,Texas,31.6821875,-106.1921875,19158523582,$undefined,0,0,0,False,https://catholicindex.org/mass-times/sunland-park-new-mexico,2026-02-22T05:00:18.900972+00:00
us-tx-horizon-city-holy-spirit-ef5ccda8,Holy Spirit,14600 Horizon Blvd,Horizon City,Texas,31.68216711,-106.17046009,(915) 852-3582,http://www.hscc4u.org/,0,0,0,False,https://catholicindex.org/mass-times/sunland-park-new-mexico,2026-02-22T05:00:18.900972+00:00
us-tx-horizon-city-holy-spirit-catholic-church-e503c927,Holy Spirit Catholic Church,14600 Horizon Blvd,Horizon City,TX,31.6821002,-106.1703491,+1-915-852-3582,https://www.hscc4u.org/,0,0,0,False,https://catholicindex.org/mass-times/sunland-park-new-mexico,2026-02-22T05:00:18.900972+00:00
us-nm-horse-springs-church-of-st-anne-c4a6d4e5,St. Anne,Mission Rd,Horse Springs,New Mexico,33.9268125,-108.2291875,15755336240,$undefined,0,0,0,False,https://catholicindex.org/mass-times/aragon-new-mexico,2026-02-22T04:53:11.114502+00:00
us-az-houck-church-of-st-john-the-evangelist-5c4269e7,St. John the Evangelist,St Anselm Rd,Houck,Arizona,35.28875,-109.15875,19288714171,$undefined,0,0,0,False,https://catholicindex.org/mass-times/vanderwagen-new-mexico,2026-02-22T05:01:05.223307+00:00
us-az-houck-st-john-the-evangelist-020ebb95,St. John the Evangelist,21 St Anselm Rd,Houck,Arizona,35.2772448,-109.21673792,(928) 688-4925 ,http://dioceseofgallup.org/parishes/arizona-parishes/houck-st-john-the-evangelist/,1,0,0,False,https://catholicindex.org/mass-times/vanderwagen-new-mexico,2026-02-22T05:01:05.223307+00:00
us-nm-hurley-infant-jesus-shrine-c62117c4,Infant Jesus Shrine,204 Cortez Ave,Hurley,New Mexico,32.69925437,-108.12946286,(575) 537-3691,http://oldrcdlc.org/infant-jesus-shrine-hurley,8,0,0,False,https://catholicindex.org/mass-times/bayard-new-mexico,2026-02-22T04:53:23.076784+00:00
us-nm-isleta-pueblo-st-augustine-parish-shrine-of-st-kateri-tekakwitha-2da10e1a,St. Augustine Parish -Shrine of St. Kateri Tekakwitha,71 Tribal Rd 35,Isleta Pueblo,New Mexico,34.90906437,-106.69333209,(505) 869-3398,http://www.isletachurch.org/bulletin,7,0,0,False,https://catholicindex.org/mass-times/albuquerque-new-mexico,2026-02-22T04:52:54.784204+00:00
us-nm-jal-st-cecilia-078a1e88,St. Cecilia,501 S 5th St,Jal,New Mexico,32.10840785,-103.19607153,(575) 395-2431,https://oldrcdlc.org/st-cecilia-jal,5,0,0,False,https://catholicindex.org/mass-times/eunice-new-mexico,2026-02-22T04:55:24.762977+00:00
us-nm-jarales-san-francisco-xavier-mission-263260e3,St. Francis Xavier,407 Jarales Rd (NM-109),Jarales,New Mexico,34.611904,-106.761145,(505) 864-8043,http://www.ourladyofbelen.org,14,0,0,False,https://catholicindex.org/mass-times/belen-new-mexico,2026-02-22T04:53:24.543916+00:00
us-nm-jemez-pueblo-mission-of-san-diego-parish-8b3469ef,Mission of San Diego,475 Mission Rd,Jemez Pueblo,New Mexico,35.61299868,-106.72737373,(575) 834-7300,http://www.facebook.com/SanDiegoMissionJemezPueblo/,0,0,0,False,https://catholicindex.org/mass-times/algodones-new-mexico,2026-02-22T04:52:57.872463+00:00
us-nm-jemez-pueblo-san-diego-indian-mission-23bed566,San Diego Indian Mission,475 Mission Rd,Jemez Pueblo,NM,35.6144716,-106.7319762,+1-575-834-7300,https://www.facebook.com/SanDiegoMissionJemezPueblo/,0,0,0,False,https://catholicindex.org/mass-times/algodones-new-mexico,2026-02-22T04:52:57.872463+00:00
us-nm-jemez-springs-our-lady-of-the-assumption-cf69b586,Our Lady of the Assumption,17350 NM-4,Jemez Springs,New Mexico,35.76799291,-106.6923842,(505) 231-2452,http://archdiosf.org/parishfinder,1,0,0,False,https://catholicindex.org/mass-times/cochiti-pueblo-new-mexico,2026-02-22T04:54:33.629039+00:00
us-tx-kermit-st-thomas-8be563d0,Parish of St. Thomas–St. Joseph,838 Bellaire St,Kermit,Texas,31.84869532,-103.09159018,(432) 586-3922,http://www.facebook.com/ststhomasjosephkermit/,0,0,0,False,https://catholicindex.org/mass-times/jal-new-mexico,2026-02-22T04:56:29.279746+00:00
us-tx-kermit-saint-joseph-d4302e4c,St. Joseph,401 S Sycamore St,Kermit,Texas,31.85265522,-103.10166771,(432) 586-3922,http://www.elpasodiocese.org/parishes.html,50,0,0,False,https://catholicindex.org/mass-times/jal-new-mexico,2026-02-22T04:56:29.279746+00:00
us-nm-kewa-pueblo-santo-domingo-mission-6f7ed538,Santo Domingo,134 Tesuque St,Kewa Pueblo,New Mexico,35.51337518,-106.36186503,(505) 465-2226 or (505) 382-6819 (Emergency),http://olgpb.org ,2,0,0,False,https://catholicindex.org/mass-times/algodones-new-mexico,2026-02-22T04:52:57.872463+00:00
us-nm-kirtland-san-juan-catholic-center-42311b3a,San Juan Catholic Center,11 Rd 6446,Kirtland,New Mexico,36.7524375,-108.3576875,15055985454,https://dioceseofgallup.org/parishes/new-mexico-parishes/kirtland-san-juan-catholic-center/,1,0,0,False,https://catholicindex.org/mass-times/aztec-new-mexico,2026-02-22T04:53:20.086223+00:00
us-nm-kirtland-san-juan-catholic-center-45f7d22f,San Juan Catholic Center ,11 Rd 6446,Kirtland,New Mexico,36.75469456,-108.35021496,(505) 598-5454,http://dioceseofgallup.org/parishes/new-mexico-parishes/kirtland-san-juan-catholic-center/,1,0,0,False,https://catholicindex.org/mass-times/aztec-new-mexico,2026-02-22T04:53:20.086223+00:00
us-nm-la-cienega-san-jose-mission-95c01436,Mission of San José,116 Camino San Jose (Co Rd 50A),La Cienega,New Mexico,35.56397657,-106.12279347,(505) 471-0710 or (505) 629-2599 (Emergency),https://archdiosf.org/parishfinder,6,0,0,False,https://catholicindex.org/mass-times/algodones-new-mexico,2026-02-22T04:52:57.872463+00:00
us-nm-la-jara-santo-niño-de-atocha-5ba521fe,Mission of Santo Niño de Atocha,Rd 496,La Jara,New Mexico,36.09637863,-106.95677931,(505) 289-3803,https://dioceseofgallup.org/parishes/new-mexico-parishes/la-jara-santo-nino-de-atocha/,1,0,0,False,https://catholicindex.org/mass-times/coyote-new-mexico,2026-02-22T04:54:47.167110+00:00
us-nm-la-joya-our-lady-of-sorrows-3e34607a,Our Lady of Sorrows,19 Calle de la Iglesia,La Joya,New Mexico,34.3483313,-106.84860788,(505) 864-4461,http://olslajoyanm.org/,9,0,0,False,https://catholicindex.org/mass-times/belen-new-mexico,2026-02-22T04:53:24.543916+00:00
us-nm-la-loma-chapel-of-san-antonio-de-padua-e78bbc9a,Chapel of San Antonio de Padua,San Antonio St,La Loma,New Mexico,36.4068125,-105.5814375,$undefined,https://ologtaos.com/,2,0,0,False,https://catholicindex.org/mass-times/angel-fire-new-mexico,2026-02-22T04:53:03.829843+00:00
us-nm-la-luz-our-lady-of-the-light-7f9b9204,Iglesia Nuestra Señora de La Luz,4 La Luz Rd,La Luz,New Mexico,32.977723,-105.94282779,(575) 434-9460,http://www.ourladyofthelight.org,5,0,0,False,https://catholicindex.org/mass-times/alamogordo-new-mexico,2026-02-22T04:52:53.268041+00:00
us-nm-la-madera-our-lady-of-guadalupe-mission-d31f0888,Our Lady of Guadalupe,501 NM-111,La Madera,New Mexico,36.38425743,-106.0415068,(575) 581-4714,$undefined,0,0,0,False,https://catholicindex.org/mass-times/canjilon-new-mexico,2026-02-22T04:53:45.597932+00:00
us-nm-la-mesa-san-jose-historic-church-d71cdd35,San José (Historic Church),353 Josephine St,La Mesa,New Mexico,32.12303185,-106.70496027,(575) 215-3176,http://www.facebook.com/sanjosecatholicchurch/,0,0,0,False,https://catholicindex.org/mass-times/anthony-new-mexico,2026-02-22T04:53:06.908864+00:00
us-nm-la-mesilla-san-isidro-mission-chapel-a71f8258,San Isidro Mission Chapel & Gazebo,267 NM-399 (Española) ,La Mesilla,New Mexico,35.94896953,-106.07080406,(505) 753-3345,http://www.hcccsantacruz.org,23,0,0,False,https://catholicindex.org/mass-times/chamisal-new-mexico,2026-02-22T04:54:14.121356+00:00
us-nm-la-puebla-church-of-naciemento-de-santo-niño-jesús-82357d88,Naciemento de Santo Niño Jesús,La Puebla New Mexico 87532,La Puebla,New Mexico,35.9915625,-105.9953125,$undefined,https://www.hcccsantacruz.org/newpage69a62ee9,12,0,0,False,https://catholicindex.org/mass-times/chamisal-new-mexico,2026-02-22T04:54:14.121356+00:00
us-nm-la-union-our-lady-of-refuge-mission-7f230d23,Mission of Our Lady of Refuge,1320 Mercantil Ave,La Union,New Mexico,31.94996327,-106.66394063,(575) 882-2239,http://www.stanthonysnm.org,9,0,0,False,https://catholicindex.org/mass-times/anthony-new-mexico,2026-02-22T04:53:06.908864+00:00
us-nm-laguna-st-joseph-5de3be8d,St. Joseph,1 Friar Rd,Laguna,New Mexico,35.03471214,-107.38841715,(505) 552-9330,http://dioceseofgallup.org/parishes/new-mexico-parishes/laguna-st-joseph/,4,0,0,False,https://catholicindex.org/mass-times/cubero-new-mexico,2026-02-22T04:54:53.145046+00:00
us-nm-lagunita-our-lady-of-the-rosary-mission-c3ce089e,Our Lady of the Rosary Mission Church,County Rd B27,Lagunita,New Mexico,35.3661479,-105.24626144,(575) 421-2780,http://archdiosf.org/parishfinder,8,0,0,False,https://catholicindex.org/mass-times/anton-chico-new-mexico,2026-02-22T04:53:10.347670+00:00
us-nm-lake-arthur-our-lady-of-guadalupe-mission-4ee6fa5e,Our Lady of Guadalupe,210 Broadway St,Lake Arthur,New Mexico,32.99792691,-104.36745442,(575) 734-5478,http://dexterimmaculate.org/,0,0,0,False,https://catholicindex.org/mass-times/artesia-new-mexico,2026-02-22T04:53:18.545223+00:00
us-nm-las-cruces-holy-cross-0fa373f8,Holy Cross,1327 N Miranda St,Las Cruces,New Mexico,32.31999391,-106.78986973,(575) 523-0167,http://www.holycrosslascruces.org,14,0,0,False,https://catholicindex.org/mass-times/anthony-new-mexico,2026-02-22T04:53:06.908864+00:00
us-nm-las-cruces-immaculate-heart-of-mary-cathedral-43f71938,Immaculate Heart of Mary Cathedral,1240 S Espina St,Las Cruces,New Mexico,32.29951405,-106.76634294,(575) 524-8563,http://ihmcathedral.org/,10,0,0,False,https://catholicindex.org/mass-times/anthony-new-mexico,2026-02-22T04:53:06.908864+00:00
us-nm-las-cruces-san-isidro-mission-ca1ff0e9,Mission of San Isidro,3875 San Ysidro Rd (San Ysidro NM),Las Cruces,New Mexico,32.35186227,-106.81082634,(575) 526-2114,http://www.ourladyofpurification.org/hours,0,0,0,False,https://catholicindex.org/mass-times/berino-new-mexico,2026-02-22T04:53:27.679985+00:00
us-nm-las-cruces-our-lady-of-health-9c822488,Our Lady of Health,1178 N Mesquite St,Las Cruces,New Mexico,32.31975893,-106.77603318,(575) 526-9545,http://www.ourladyofhealthchurch.org,16,0,0,False,https://catholicindex.org/mass-times/anthony-new-mexico,2026-02-22T04:53:06.908864+00:00
us-nm-las-cruces-santa-rosa-de-lima-catholic-church-d2a13f86,Santa Rosa De Lima Catholic Church,5035 Holsome Rd,Las Cruces,NM,32.4003266,-106.6617227,+1-575-382-8123,https://www.facebook.com/pages/Santa-Rosa-De-Lima-Church/1893198600942662,0,0,0,False,https://catholicindex.org/mass-times/berino-new-mexico,2026-02-22T04:53:27.679985+00:00
us-nm-las-cruces-santa-rosa-de-lima-392bc8df,Santa Rosa de Lima,5035 Holsome Rd,Las Cruces,New Mexico,32.4003258,-106.66172,(575) 382-8123,http://santarosadelimalc.org,7,0,0,False,https://catholicindex.org/mass-times/berino-new-mexico,2026-02-22T04:53:27.679985+00:00
us-nm-las-cruces-st-albert-the-great-newman-catholic-center-new-mexico-state-university-29fd5889,St. Albert the Great Newman Catholic Center (New Mexico State University),2615 S Solano Dr,Las Cruces,New Mexico,32.28570981,-106.75272193,(575) 522-6202,http://www.stalbertnewmancenter.org,13,0,0,False,https://catholicindex.org/mass-times/anthony-new-mexico,2026-02-22T04:53:06.908864+00:00
us-nm-las-cruces-st-genevieve-da5f0e7d,St. Genevieve,100 S Espina St,Las Cruces,New Mexico,32.31118931,-106.76979858,(575) 524-9649,http://stgen.info/wp/,11,0,0,False,https://catholicindex.org/mass-times/anthony-new-mexico,2026-02-22T04:53:06.908864+00:00
us-nm-las-nutrias-san-isidro-mission-cd683795,San Isidro Mission,1010 NM-304,Las Nutrias,New Mexico,34.46662871,-106.77136052,(505) 864-4461 or (505) 864-4170 (Emergencies),http://olslajoyanm.org/,2,0,0,False,https://catholicindex.org/mass-times/belen-new-mexico,2026-02-22T04:53:24.543916+00:00
us-nm-las-placitas-st-anthony-mission-2c238ce1,St. Anthony,181 NM-571 (El Rito),Las Placitas,New Mexico,36.323444,-106.163016,(575) 581-4714,$undefined,0,0,0,False,https://catholicindex.org/mass-times/abiquiu-new-mexico,2026-02-22T04:52:51.843234+00:00
us-nm-las-tablas-san-luis-gonzaga-mission-23ce49ca,San Luis Gonzaga,11 Rio Arriba Co Rd 271,Las Tablas,New Mexico,36.55516189,-106.03051931,(575) 581-4714,$undefined,0,0,0,False,https://catholicindex.org/mass-times/canjilon-new-mexico,2026-02-22T04:53:45.597932+00:00
us-nm-las-trampas-church-of-san-josé-de-gracia-91b6df92,San José de Gracia,Las Trampas New Mexico 87521,Las Trampas,New Mexico,36.1311875,-105.7583125,$undefined,https://www.nps.gov/places/san-josé-de-gracia-church-las-trampas-new-mexico.htm,0,0,0,False,https://catholicindex.org/mass-times/chamisal-new-mexico,2026-02-22T04:54:14.121356+00:00
us-nm-las-vegas-immaculate-conception-bd509c3d,Immaculate Conception,811 6th St,Las Vegas,New Mexico,35.59709162,-105.2168869,(505) 425-7791,http://www.icparishlvnm.org/,12,0,0,False,https://catholicindex.org/mass-times/las-vegas-new-mexico,2026-02-22T04:56:59.205782+00:00
us-nm-las-vegas-our-lady-of-sorrows-historic-church-2cac459b,Our Lady of Sorrows Church,450 W National St,Las Vegas,New Mexico,35.59209248,-105.22936827,(505) 454-1469,http://oloslasvegas.org,13,0,0,False,https://catholicindex.org/mass-times/las-vegas-new-mexico,2026-02-22T04:56:59.205782+00:00
us-nm-las-vegas-st-paul-chapel-new-mexico-highlands-university-f82ee904,St Paul's Peace Episcopal Church,901 8th St,Las Vegas,New Mexico,35.597037,-105.219805,(505) 425-7791,http://www.newmanconnection.com/locations/detail/new-mexico-highlands-university/nmhu-newman-center,0,0,0,False,https://catholicindex.org/mass-times/las-vegas-new-mexico,2026-02-22T04:56:59.205782+00:00
us-nm-lemitar-la-sagrada-familia-mission-840b83bd,Sagrada Familia,57 Olive Ln,Lemitar,New Mexico,34.16061022,-106.90768454,(575) 835-2891,http://www.sdc.org/~smiguel/index.php,3,0,0,False,https://catholicindex.org/mass-times/la-joya-new-mexico,2026-02-22T04:56:42.657796+00:00
us-nm-llano-largo-san-juan-nepomuceno-mission-d74bac6d,San Juan Nepomuceno,6 Upper Llano Rd (La Plaza Rd.),Llano Largo,New Mexico,36.14034,-105.681285,(575) 587-2111 or (575) 587-0399 (Emergencies),http://www.dixonpenascocc.org,3,0,0,False,https://catholicindex.org/mass-times/chamisal-new-mexico,2026-02-22T04:54:14.121356+00:00
us-nm-llano-quemado-nuestra-señora-del-carmen-mission-chapel-ccba9568,Nuestra Señora del Carmen,29 Co Rd 382,Llano Quemado,New Mexico,36.35149553,-105.61308826,(575) 758-2754,http://sfranchos.org,7,0,0,False,https://catholicindex.org/mass-times/angel-fire-new-mexico,2026-02-22T04:53:03.829843+00:00
us-co-lobatos-sagrada-familia-mission-b2e608dc,Sagrada Familia Mission,Co Rd G,Lobatos,Colorado,37.07896339,-105.94034368,(719) 376-5985,http://www.ologp.com,9,0,0,False,https://catholicindex.org/mass-times/costilla-new-mexico,2026-02-22T04:54:44.120910+00:00
us-nm-logan-st-anthony-mission-1ef923e3,St. Anthony,907 Armijo St,Logan,New Mexico,35.36469718,-103.41274581,(575) 461-2515,http://www.facebook.com/St-Annes-Catholic-Church-Tucumcari-NM-179279158852991/,0,0,0,False,https://catholicindex.org/mass-times/logan-new-mexico,2026-02-22T04:57:09.627055+00:00
us-nm-lordsburg-st-joseph-b5728302,St. Joseph,416 E 2nd St,Lordsburg,New Mexico,32.34821905,-108.70482416,(575) 542-3268,http://www.facebook.com/St-Joseph-Catholic-Church-112854343712283/,0,0,0,False,https://catholicindex.org/mass-times/lordsburg-new-mexico,2026-02-22T04:57:11.127086+00:00
us-nm-los-alamos-immaculate-heart-of-mary-80ded0fc,Immaculate Heart of Mary,3700 Canyon Rd,Los Alamos,New Mexico,35.88451374,-106.31565739,(505) 662-6193 or (505) 662-6921 (Emergencies) ,http://ihmcc.org,31,0,0,False,https://catholicindex.org/mass-times/canones-new-mexico,2026-02-22T04:53:48.605534+00:00
us-nm-los-chavez-our-lady-of-guadalupe-mission-4f177d0b,Our Lady of Guadalupe Mission Church,4 Guadalupe Rd,Los Chavez,New Mexico,34.72708897,-106.75417871,(505) 864-8043,http://www.ourladyofbelen.org,15,0,0,False,https://catholicindex.org/mass-times/belen-new-mexico,2026-02-22T04:53:24.543916+00:00
us-nm-los-cordovas-san-ysidro-mission-chapel-cf536501,San Ysidro,221 Ranchitos Rd./NM-240 W,Los Cordovas,New Mexico,36.38648225,-105.62845378,(575) 758-2754,http://sfranchos.org,6,0,0,False,https://catholicindex.org/mass-times/angel-fire-new-mexico,2026-02-22T04:53:03.829843+00:00
us-co-los-fuertes-san-isidro-mission-chapel-49073563,San Isidro Mission Chapel,21801 Rd K 5 (San Luis),Los Fuertes,Colorado,37.13476113,-105.3802495,(719) 992-0122,http://sdcparish.org,8,0,0,False,https://catholicindex.org/mass-times/amalia-new-mexico,2026-02-22T04:53:00.805465+00:00
us-nm-los-lunas-san-antonio-mission-1f9cf9bf,San Antonio,1531 Los Lentes Rd NE (Los Lentes),Los Lunas,New Mexico,34.82301699,-106.72493076,(505) 865-7385,http://sanclementeparish.org,12,0,0,False,https://catholicindex.org/mass-times/albuquerque-new-mexico,2026-02-22T04:52:54.784204+00:00
us-nm-los-lunas-san-clemente-7e6e48e9,San Clemente,244 Luna Rd NE,Los Lunas,New Mexico,34.80780293,-106.73187213,(505) 865-7385,http://www.sanclementeparish.org,1,0,0,False,https://catholicindex.org/mass-times/albuquerque-new-mexico,2026-02-22T04:52:54.784204+00:00
us-nm-los-ojos-san-jose-0c1357f2,San José,101 Main St,Los Ojos,New Mexico,36.73014081,-106.57238153,(575) 588-7473 or (575) 756-1880 (Emergency),http://nuestrasenoradelvalle.org,2,0,0,False,https://catholicindex.org/mass-times/canjilon-new-mexico,2026-02-22T04:53:45.597932+00:00
us-co-los-sauces-st-anthony-of-padua-mission-54d4ede3,St. Anthony Mission,18900 Co Rd 28,Los Sauces,Colorado,37.2658709,-105.74660433,(719) 274-5304,http://stjosephparishcapulin.com,4,0,0,False,https://catholicindex.org/mass-times/costilla-new-mexico,2026-02-22T04:54:44.120910+00:00
us-nm-loving-our-lady-of-grace-d8ee9fd5,Our Lady of Grace,302 S 4th St,Loving,New Mexico,32.28316266,-104.09560577,(575) 745-3341 or (575) 885-6000 (Emergencies) ,http://www.saint-edward.net/olog,23,0,0,False,https://catholicindex.org/mass-times/carlsbad-new-mexico,2026-02-22T04:53:54.685658+00:00
us-nm-lovington-st-thomas-aquinas-ea52e0a9,St. Thomas Aquinas,1301 N 9th St,Lovington,New Mexico,32.9613988,-103.36053832,(575) 396-4206,http://27823.sites.ecatholic.com/bulletins,10,0,0,False,https://catholicindex.org/mass-times/hobbs-new-mexico,2026-02-22T04:56:15.642241+00:00
us-nm-lower-rociada-santo-niño-mission-807631f9,Santo Niño,2 Vista Bonita Dr,Lower Rociada,New Mexico,35.83264273,-105.42195013,(505) 454-1469,http://oloslasvegas.org,13,0,0,False,https://catholicindex.org/mass-times/las-vegas-new-mexico,2026-02-22T04:56:59.205782+00:00
us-nm-lower-san-francisco-church-of-san-isidro-ba17ce56,San Isidro,Lower San Francisco New Mexico 87830,Lower San Francisco,New Mexico,33.6644375,-108.7875625,15755336240,$undefined,0,0,0,False,https://catholicindex.org/mass-times/aragon-new-mexico,2026-02-22T04:53:11.114502+00:00
us-nm-luis-lopez-san-jose-mission-d1ccc787,San Jose Mission Church,2335 NM-1 (Socorro),Luis Lopez,New Mexico,33.99154434,-106.88686929,(575) 835-2891,http://www.sdc.org/~smiguel/index.php,2,0,0,False,https://catholicindex.org/mass-times/la-joya-new-mexico,2026-02-22T04:56:42.657796+00:00
us-nm-lumberton-st-francis-of-assisi-806eddc7,St. Francis of Assisi,21 Co Rd 356,Lumberton,New Mexico,36.9306842,-106.93235826,(575) 759-1307,http://dioceseofgallup.org/parishes/new-mexico-parishes/lumberton-st-francis-of-assisi/,1,0,0,False,https://catholicindex.org/mass-times/chama-new-mexico,2026-02-22T04:54:11.070179+00:00
us-nm-lyden-san-jose-mission-41e19d49,San Jose,28 Co Rd 59,Lyden,New Mexico,36.1490755,-105.9989375,(505) 579-4389 or (575) 587-0399 (Emergency),http://www.dixonpenascocc.org/,3,0,0,False,https://catholicindex.org/mass-times/canones-new-mexico,2026-02-22T04:53:48.605534+00:00
us-nm-magdalena-st-mary-magdalene-mission-1a53802e,St. Mary Magdalene,204 Elm St,Magdalena,New Mexico,34.11490668,-107.24380767,(575) 835-2891,http://www.sdc.org/~smiguel/,1,0,0,False,https://catholicindex.org/mass-times/lemitar-new-mexico,2026-02-22T04:57:00.742966+00:00
us-nm-malaga-cristo-rey-mission-52144c14,Cristo Rey Mission Church,23 Duarte Rd,Malaga,New Mexico,32.2251454,-104.0679289,(575) 745-3341 or (575) 885-6000 (Emergencies) ,http://www.saint-edward.net/olog,16,0,0,False,https://catholicindex.org/mass-times/carlsbad-new-mexico,2026-02-22T04:53:54.685658+00:00
us-nm-manzano-nuestra-señora-de-dolores-mission-b2a18c11,Nuestra Señora de Dolores,7501 NM-55,Manzano,New Mexico,34.64721779,-106.34477851,(505) 847-2291 or (505) 226-2786 (Emergencies),http://www.stalicenm.com,3,0,0,False,https://catholicindex.org/mass-times/belen-new-mexico,2026-02-22T04:53:24.543916+00:00
us-nm-mccartys-church-of-santa-maria-de-acoma-6443d4c6,Santa Maria de Acoma,Main Rd,McCartys,New Mexico,35.06375,-107.67125,15055529330,https://dioceseofgallup.org/parishes/new-mexico-parishes/mccartys-santa-maria-de-acoma/,1,0,0,False,https://catholicindex.org/mass-times/cubero-new-mexico,2026-02-22T04:54:53.145046+00:00
us-nm-mccartys-santa-maria-de-acoma-841f0f5f,Santa Maria de Acoma ,Main Rd,Mccartys,New Mexico,35.06530975,-107.67726681,(505) 552-6403,http://dioceseofgallup.org/parishes/new-mexico-parishes/mccartys-santa-maria-de-acoma/,1,0,0,False,https://catholicindex.org/mass-times/cubero-new-mexico,2026-02-22T04:54:53.145046+00:00
us-nm-meadow-lake-san-juan-diego-mission-71fea1ec,Misión San Juan Diego,621 Meadowlake Rd (Los Lunas),Meadow Lake,New Mexico,34.8044042,-106.56675824,(505) 866-0443,http://www.facebook.com/p/Mission-San-Juan-Diego-Meadowlake-Los-Lunas-New-MexicoUSA-100069382230799/,0,0,0,False,https://catholicindex.org/mass-times/albuquerque-new-mexico,2026-02-22T04:52:54.784204+00:00
us-nm-medanales-san-antonio-de-padua-mission-cefd7a76,San Antonio de Padua Mission,310 Rio Arriba Co Rd 142,Medanales,New Mexico,36.17752105,-106.18524096,(505) 685-4462,http://archdiosf.org/parishfinder,4,0,0,False,https://catholicindex.org/mass-times/abiquiu-new-mexico,2026-02-22T04:52:51.843234+00:00
us-nm-melrose-st-catherine-mission-2f6ab348,St. Catherine,379 Brownhorn St,Melrose,New Mexico,34.427302,-103.633414,(575) 763-6947,http://sacredheartclovis.com,11,0,0,False,https://catholicindex.org/mass-times/clovis-new-mexico,2026-02-22T04:54:30.654366+00:00
us-nm-mescalero-st-joseph-apache-mission-0424fa2e,St Joseph Apache Mission,636 Mission Rd,Mescalero,NM,33.1550078,-105.7674931,$undefined,https://oldrcdlc.org/parish-directory-pdf,1,0,0,False,https://catholicindex.org/mass-times/alamogordo-new-mexico,2026-02-22T04:52:53.268041+00:00
us-nm-mescalero-st-joseph-apache-mission-parish-historic-church-ae7e2a6c,St. Joseph Apache Mission Parish (Historic Church),636 Mission Rd,Mescalero,New Mexico,33.15495036,-105.76757401,(575) 464-4473,http://sites.google.com/stjosephapachemission.org/stjosephapachemission/home,3,0,0,False,https://catholicindex.org/mass-times/alamogordo-new-mexico,2026-02-22T04:52:53.268041+00:00
us-nm-mesilla-basilica-of-san-albino-b338d4e3,Basilica of San Albino,2270 Calle de Santiago,Mesilla,New Mexico,32.27490241,-106.79592372,(575) 526-9349,http://www.sanalbino.org,10,0,0,False,https://catholicindex.org/mass-times/anthony-new-mexico,2026-02-22T04:53:06.908864+00:00
us-nm-mesilla-park-our-lady-of-guadalupe-shrine-parish-122c8cfb,Our Lady of Guadalupe Shrine & Parish,3600 Paroquia St (Tortugas),Mesilla Park,New Mexico,32.268882,-106.75516551,(575) 526-8171,http://www.olgtortugas.com,10,0,0,False,https://catholicindex.org/mass-times/anthony-new-mexico,2026-02-22T04:53:06.908864+00:00
us-nm-mesita-mission-of-the-sacred-heart-of-jesus-4986f7e3,Mission of the Sacred Heart of Jesus,Mesita New Mexico 87026,Mesita,New Mexico,35.01625,-107.31375,15055529330,$undefined,0,0,0,False,https://catholicindex.org/mass-times/cubero-new-mexico,2026-02-22T04:54:53.145046+00:00
us-nm-mesita-sacred-heart-of-jesus-c83e749f,Sacred Heart of Jesus ,Indian Service Rte 53 and Church Rd (Village of Mesita),Mesita,New Mexico,35.01861877,-107.31498789,(505) 552-9330,https://dioceseofgallup.org/parishes/new-mexico-parishes/mesita-sacred-heart-of-jesus/,1,0,0,False,https://catholicindex.org/mass-times/cubero-new-mexico,2026-02-22T04:54:53.145046+00:00
us-nm-mesquite-our-lady-of-perpetual-help-mission-97ece829,Our Lady of Perpetual Help,481 Gallaner St,Mesquite,New Mexico,32.1636095,-106.69764039,(575) 215-3176,http://www.oldrcdlc.org/parishfinder,1,0,0,False,https://catholicindex.org/mass-times/anthony-new-mexico,2026-02-22T04:53:06.908864+00:00
us-nm-milan-st-vivian-5ab2e137,St. Vivian,501 Sand St,Milan,New Mexico,35.17515276,-107.89838617,(505) 287-9327,http://dioceseofgallup.org/parishes/new-mexico-parishes/milan-st-vivian/,2,0,0,False,https://catholicindex.org/mass-times/cubero-new-mexico,2026-02-22T04:54:53.145046+00:00
us-nm-mimbres-san-lorenzo-mission-e06f5553,Mission of San Lorenzo,3 E St,Mimbres,New Mexico,32.81174068,-107.921504,(575) 537-2421,http://www.oldrcdlc.org/parishfinder,1,0,0,False,https://catholicindex.org/mass-times/bayard-new-mexico,2026-02-22T04:53:23.076784+00:00
us-nm-monticello-saint-ignatius-church-0705043f,Saint Ignatius Church,3 Calle del Sur Rd,Monticello,NM,33.3962054,-107.4495476,$undefined,$undefined,0,0,0,False,https://catholicindex.org/mass-times/truth-or-consequences-new-mexico,2026-02-22T05:00:50.231028+00:00
us-nm-mora-st-gertrude-the-great-3fe03212,St. Gertrude the Great,1 Church Plaza (Co Rd A033),Mora,New Mexico,35.97307933,-105.33008797,(575) 387-2336,http://stgertrudesmora.org/,10,0,0,False,https://catholicindex.org/mass-times/mora-new-mexico,2026-02-22T04:57:57.675573+00:00
us-nm-moriarty-our-lady-of-mt-carmel-bbd74e08,Our Lady of Mount Carmel,1400 3rd St S,Moriarty,New Mexico,34.99090028,-106.04771018,(505) 832-6655,http://www.estanciavalleycatholic.church/,5,0,0,False,https://catholicindex.org/mass-times/edgewood-new-mexico,2026-02-22T04:55:11.058069+00:00
us-nm-mosquero-church-of-st-joseph-68e928c8,St. Joseph,Mosquero New Mexico 87733,Mosquero,New Mexico,35.7778125,-103.9591875,15754859633,$undefined,0,0,0,False,https://catholicindex.org/mass-times/mosquero-new-mexico,2026-02-22T04:58:00.534091+00:00
us-nm-mosquero-st-joseph-mission-c886493b,St. Joseph Mission,45 Cedar St,Mosquero,New Mexico,35.77606337,-103.95685177,(505) 485-9633 or (505) 485-9559,http://www.facebook.com/profile.php?id=100064434352745,0,0,0,False,https://catholicindex.org/mass-times/mosquero-new-mexico,2026-02-22T04:58:00.534091+00:00
us-nm-mountainair-san-lorenzo-catholic-mission-d32cde82,San Lorenzo Catholic Mission,56 San Lorenzo Rd,Mountainair,NM,34.4563935,-106.3279298,$undefined,https://www.facebook.com/ourladyoffatimabayard/,0,0,0,False,https://catholicindex.org/mass-times/mountainair-new-mexico,2026-02-22T04:58:02.256761+00:00
us-nm-mountainair-st-alice-2fa66584,St. Alice,304 S Roosevelt Ave,Mountainair,New Mexico,34.51808819,-106.24355292,(505) 847-2291 or (505) 226-2786 (Emergencies),http://www.stalicenm.com/,5,0,0,False,https://catholicindex.org/mass-times/estancia-new-mexico,2026-02-22T04:55:23.216745+00:00
us-tx-muleshoe-immaculate-conception-6787ca3c,Immaculate Conception,805 E Hickory St,Muleshoe,Texas,34.22546512,-102.71134602,806.272.4167,http://www.facebook.com/icccmuleshoe/,0,0,0,False,https://catholicindex.org/mass-times/texico-new-mexico,2026-02-22T05:00:30.739193+00:00
us-nm-nambe-sagrado-corazon-de-jesus-mission-2024dee2,Iglesia Sagrado Corazón de Jesús,8 Summer Rd,Nambe,New Mexico,35.89659405,-105.98915029,(505) 455-2472, http://pojoaquecatholics.com,0,0,0,False,https://catholicindex.org/mass-times/chamisal-new-mexico,2026-02-22T04:54:14.121356+00:00
us-nm-nambe-pueblo-st-francis-of-assisi-mission-aea0f901,San Francisco de Asís,Off Santa Fe County Rd 84F/Aveh Poe,Nambe Pueblo,New Mexico,35.88632825,-105.96531282,(505) 455-2267,http://pojoaquecatholics.com,0,0,0,False,https://catholicindex.org/mass-times/chamisal-new-mexico,2026-02-22T04:54:14.121356+00:00
us-nm-nara-visa-sacred-heart-mission-169a8532,Sacred Heart,Railroad Ave N Loop (N 6th St.),Nara Visa,New Mexico,35.61069695,-103.10107372,(575) 461-2515,http://stannetucnm.org/,2,0,0,False,https://catholicindex.org/mass-times/logan-new-mexico,2026-02-22T04:57:09.627055+00:00
us-nm-naschitti-mission-of-st-anthony-49c59f46,Mission of St. Anthony,Naschitti New Mexico 87364,Naschitti,New Mexico,36.06375,-108.68875,15057332657,$undefined,0,0,0,False,https://catholicindex.org/mass-times/navajo-new-mexico,2026-02-22T04:58:08.205416+00:00
us-nm-naschitti-st-anthony-c31d32b5,St. Anthony ,Hwy 491 N of Tohatchi,Naschitti,New Mexico,36.0671517,-108.68520407,(505) 733-2243,https://dioceseofgallup.org/parishes/new-mexico-parishes/naschitti-st-anthony/,1,0,0,False,https://catholicindex.org/mass-times/navajo-new-mexico,2026-02-22T04:58:08.205416+00:00
us-nm-navajo-st-berard-83c58a9d,St. Berard,101 Cedar Ave,Navajo,New Mexico,35.90252099,-109.02967735,(505) 777-2251,http://dioceseofgallup.org/parishes/new-mexico-parishes/navajo-st-berard/,1,0,0,False,https://catholicindex.org/mass-times/navajo-new-mexico,2026-02-22T04:58:08.205416+00:00
us-nm-ocate-nuestra-señora-de-guadalupe-mission-df991c32,Nuestra Señora de Guadalupe,NM-120 NW of NM-442,Ocate,New Mexico,36.17620375,-105.05085242,(575) 666-2478,$undefined,0,0,0,False,https://catholicindex.org/mass-times/angel-fire-new-mexico,2026-02-22T04:53:03.829843+00:00
us-nm-ohkay-owingeh-san-juan-bautista-shrine-of-our-lady-of-lourdes-historic-church-5e1a044d,San Juan Bautista -Shrine of Our Lady of Lourdes (Historic Church),185 Po'Pay Ave (San Juan Pueblo),Ohkay Owingeh,New Mexico,36.05417148,-106.07155324,(505) 852-4179 or (505) 231-0724 (Emergencies),http://www.sanjuanandtewa.com,8,0,0,False,https://catholicindex.org/mass-times/canones-new-mexico,2026-02-22T04:53:48.605534+00:00
us-nm-ojo-caliente-st-mary-mission-historic-church-a130a5d7,St. Mary,14 Los Baños Dr,Ojo Caliente,New Mexico,36.302742,-106.047262,(575) 581-4714 ,$undefined,0,0,0,False,https://catholicindex.org/mass-times/canjilon-new-mexico,2026-02-22T04:53:45.597932+00:00
us-co-pagosa-junction-st-john-the-baptist-mission-aa4a4848,St. John the Baptist Mission,Archuleta Co Rd 500,Pagosa Junction,Colorado,37.03910339,-107.20224582,(970) 731-5744 or (970) 946-3138 (Mayordomo),https://ihmjp2.org/,11,0,0,False,https://catholicindex.org/mass-times/dulce-new-mexico,2026-02-22T04:55:08.194293+00:00
us-co-pagosa-springs-immaculate-heart-of-mary-145ffc0b,Immaculate Heart of Mary,455 Lewis St,Pagosa Springs,Colorado,37.26742798,-107.01184779,(970) 731-5744 or (970) 731-7337 (Emergency only),http://www.ihmjp2.org/,2,0,0,False,https://catholicindex.org/mass-times/dulce-new-mexico,2026-02-22T04:55:08.194293+00:00
us-co-pagosa-springs-pope-john-paul-ii-373c70a6,St. John Paul II,353 S Pagosa Blvd,Pagosa Springs,Colorado,37.24862138,-107.07849258,(970) 731-5744 or (970) 731-7337 (Emergency only),http://www.ihmjp2.org/,7,0,0,False,https://catholicindex.org/mass-times/dulce-new-mexico,2026-02-22T04:55:08.194293+00:00
us-nm-paguate-st-elizabeth-of-hungary-81f2462e,St. Elizabeth of Hungary Mission,23 St Elizabeth Rd,Paguate,New Mexico,35.13944223,-107.37566195,(505) 552-9330,https://dioceseofgallup.org/parishes/new-mexico-parishes/paguate-st-elizabeth-of-hungary/,1,0,0,False,https://catholicindex.org/mass-times/cubero-new-mexico,2026-02-22T04:54:53.145046+00:00
us-nm-paraje-st-margaret-mary-2cacf4ae,Mission of St. Margaret Mary,N end of Paraje Rd,Paraje,New Mexico,35.05752887,-107.47724346,(505) 552-9330,https://dioceseofgallup.org/parishes/new-mexico-parishes/paraje-st-margaret-mary/,1,0,0,False,https://catholicindex.org/mass-times/cubero-new-mexico,2026-02-22T04:54:53.145046+00:00
us-nm-pecos-abbey-of-our-lady-of-guadalupe-e000ae73,Abbey of Our Lady of Guadalupe,16 Guadalupe Ln,Pecos,New Mexico,35.5924375,-105.6818125,15057576415,https://pecosmonastery.org/,8,0,0,False,https://catholicindex.org/mass-times/glorieta-new-mexico,2026-02-22T04:55:57.690980+00:00
us-nm-pecos-st-anthony-of-padua-historic-church-70932e1c,St. Anthony of Padua (Historic Church),11 St Anthony's Loop,Pecos,New Mexico,35.58298654,-105.67577088,(505) 757-6345,http://www.facebook.com/SanAntoniodePecos/?ref=page_internal,0,0,0,False,https://catholicindex.org/mass-times/glorieta-new-mexico,2026-02-22T04:55:57.690980+00:00
us-nm-peralta-our-lady-of-guadalupe-1d9e77de,Our Lady of Guadalupe,3674 Hwy 47 (Bosque Farms Blvd.),Peralta,New Mexico,34.83751512,-106.69179572,(505) 869-2189,http://www.ologperalta.org,7,0,0,False,https://catholicindex.org/mass-times/albuquerque-new-mexico,2026-02-22T04:52:54.784204+00:00
us-nm-peña-blanca-nuestra-señora-de-guadalupe-0a9dd57a,Our Lady of Guadalupe,816 State Hwy 22,Peña Blanca,New Mexico,35.5725038,-106.33651309,(505) 465-2226 or (505) 382-6819 (Emergency),http://olgpb.org ,5,0,0,False,https://catholicindex.org/mass-times/algodones-new-mexico,2026-02-22T04:52:57.872463+00:00
us-nm-peñasco-san-antonio-de-padua-817e1a0c,Iglesia San Antonio de Padua,14079 N NM-75,Peñasco,New Mexico,36.17858507,-105.7000869,(505) 587-2111 or (575) 587-0399 (Emergencies),http://www.dixonpenascocc.org,5,0,0,False,https://catholicindex.org/mass-times/arroyo-seco-new-mexico,2026-02-22T04:53:17.037326+00:00
us-nm-picuris-pueblo-san-lorenzo-mission-chapel-historic-church-21a523d7,San Lorenzo Mission Chapel (Historic Church),Indian Service Rte 201,Picuris Pueblo,New Mexico,36.200566,-105.709365,(575) 587-2111 or (575) 587-0399 (Emergencies),http://www.dixonpenascocc.org,3,0,0,False,https://catholicindex.org/mass-times/arroyo-seco-new-mexico,2026-02-22T04:53:17.037326+00:00
us-nm-pilar-nuestra-señora-de-los-dolores-mission-chapel-historic-church-4fe284db,Chapel of Nuestra Señora de los Dolores (Historic Church),11 Dolores Rd,Pilar,New Mexico,36.27373655,-105.78624959,(505) 579-4389 or (575) 587-0399 (Emergencies) ,http://www.dixonpenascocc.org,4,0,0,False,https://catholicindex.org/mass-times/arroyo-seco-new-mexico,2026-02-22T04:53:17.037326+00:00
us-nm-pinehaven-good-shepherd-cc4581ff,Good Shepherd,Pinehaven Rd,Pinehaven,New Mexico,35.35464955,-108.65220894,(505) 778-5658 ,https://dioceseofgallup.org/parishes/new-mexico-parishes/pinehaven-good-shepherd/,1,0,0,False,https://catholicindex.org/mass-times/gallup-new-mexico,2026-02-22T04:55:45.562866+00:00
us-nm-pinos-altos-holy-cross-mission-68b99586,Mission of the Holy Cross,4814 NM-15 (Church St.),Pinos Altos,New Mexico,32.86667242,-108.21756983,(575) 538-9373,http://svdpsc.org/,7,0,0,False,https://catholicindex.org/mass-times/bayard-new-mexico,2026-02-22T04:53:23.076784+00:00
us-nm-placitas-san-antonio-mission-64093a8b,San Antonio,43 Paseo de San Antonio Rd,Placitas,New Mexico,35.30748792,-106.42393682,(505) 867-5252,http://archdiosf.org/parishfinder,4,0,0,False,https://catholicindex.org/mass-times/albuquerque-new-mexico,2026-02-22T04:52:54.784204+00:00
us-nm-pojoaque-nuestra-señora-de-guadalupe-020aab3a,Nuestra Señora de Guadalupe del Valle de Pojoaque,9 Grazing Elk Dr,Pojoaque,New Mexico,35.8949751,-106.02541824,(505) 455-2472,http://pojoaquecatholics.com,0,0,0,False,https://catholicindex.org/mass-times/chamisal-new-mexico,2026-02-22T04:54:14.121356+00:00
us-nm-polvadera-san-lorenzo-mission-6d5bb72a,San Lorenzo,127 Polvadera Rd,Polvadera,New Mexico,34.20731832,-106.92143515,(575) 835-2891,http://www.sdc.org/~smiguel/index.php,2,0,0,False,https://catholicindex.org/mass-times/la-joya-new-mexico,2026-02-22T04:56:42.657796+00:00
us-nm-ponderosa-santo-toribio-mission-e986b206,Santo Toribio,NM Hwy 290,Ponderosa,New Mexico,35.658152,-106.668209,(575) 834-7300,http://www.facebook.com/SanDiegoMissionJemezPueblo/,0,0,0,False,https://catholicindex.org/mass-times/algodones-new-mexico,2026-02-22T04:52:57.872463+00:00
us-nm-portales-st-helen-6f97e673,St. Helen Catholic Community,1600 S Ave O,Portales,New Mexico,34.17423281,-103.35295189,(575) 356-4241,http://www.sthelenportales.org,7,0,0,False,https://catholicindex.org/mass-times/clovis-new-mexico,2026-02-22T04:54:30.654366+00:00
us-nm-pueblitos-san-isidro-labrador-mission-5275a33e,San Isidro,1411 NM Hwy 116,Pueblitos,New Mexico,34.62991049,-106.77774906,(505) 864-8043 ,http://www.ourladyofbelen.org,14,0,0,False,https://catholicindex.org/mass-times/belen-new-mexico,2026-02-22T04:53:24.543916+00:00
us-nm-punta-de-agua-st-vincent-de-paul-mission-cdd5266e,St. Vincent de Paul,2 Punta De Agua Rd,Punta de Agua,New Mexico,34.59995344,-106.28201618,(505) 847-2291 or (505) 226-2786 (Emergencies),http://www.stalicenm.com/,1,0,0,False,https://catholicindex.org/mass-times/estancia-new-mexico,2026-02-22T04:55:23.216745+00:00
us-nm-quemado-sacred-heart-2e8bc775,Sacred Heart,3 Parish Ln,Quemado,New Mexico,34.34238887,-108.49274031,(575) 773-4631,http://dioceseofgallup.org/parishes/new-mexico-parishes/quemado-sacred-heart/,7,0,0,False,https://catholicindex.org/mass-times/quemado-new-mexico,2026-02-22T04:58:54.661800+00:00
us-nm-questa-st-anthony-de-padua-historic-church-65034fd0,St. Anthony De Padua (Historic Church),10 Church Plaza,Questa,New Mexico,36.70608896,-105.59392154,(575) 586-0470,$undefined,0,0,0,False,https://catholicindex.org/mass-times/amalia-new-mexico,2026-02-22T04:53:00.805465+00:00
us-nm-ramah-san-lorenzo-a39b2a6f,San Lorenzo ,3928 Ice Cave Rd,Ramah,New Mexico,35.04366544,-108.30582452,(505) 783-4301,http://dioceseofgallup.org/parishes/new-mexico-parishes/tinaja-ramah-san-lorenzo/,1,0,0,False,https://catholicindex.org/mass-times/milan-new-mexico,2026-02-22T04:57:47.225022+00:00
us-nm-ranchitos-church-of-imaculada-concepcion-d0edad8e,Imaculada Concepcion,Ranchitos New Mexico 87571,Ranchitos,New Mexico,36.4076875,-105.5940625,$undefined,https://ologtaos.com/,2,0,0,False,https://catholicindex.org/mass-times/angel-fire-new-mexico,2026-02-22T04:53:03.829843+00:00
us-nm-ranchos-de-taos-san-francisco-de-asis-world-heritage-site-e7b27ef4,San Francisco de Asís Catholic Mission Church (World Heritage Site),60 Saint Francis Plaza ,Ranchos De Taos,New Mexico,36.35837569,-105.60831906,(575) 758-2754,http://sfranchos.org,7,0,0,False,https://catholicindex.org/mass-times/angel-fire-new-mexico,2026-02-22T04:53:03.829843+00:00
us-nm-raton-st-patrick-st-joseph-d17c2d9e,St. Patrick–St. Joseph,105 Buena Vista St,Raton,New Mexico,36.90292708,-104.42941249,(575) 445-9763,http://stpatrickstjoseph.weconnect.com/,8,0,0,False,https://catholicindex.org/mass-times/raton-new-mexico,2026-02-22T04:59:03.725044+00:00
us-nm-red-river-st-edwin-mission-c3a35e96,St. Edwin,N end of Silver Bell Trail,Red River,New Mexico,36.71272737,-105.40951661,(575) 586-0470,$undefined,0,0,0,False,https://catholicindex.org/mass-times/amalia-new-mexico,2026-02-22T04:53:00.805465+00:00
us-nm-reserve-church-of-st-francis-3fa4edc1,St. Francis,Reserve New Mexico 87830,Reserve,New Mexico,33.71125,-108.75875,15755336240,$undefined,0,0,0,False,https://catholicindex.org/mass-times/aragon-new-mexico,2026-02-22T04:53:11.114502+00:00
us-nm-reserve-st-francis-8f7d100e,St. Francis ,5 Romero St,Reserve,New Mexico,33.69205459,-108.76797981,(575) 533-6719,https://dioceseofgallup.org/parishes/new-mexico-parishes/reserve-st-francis/,1,0,0,False,https://catholicindex.org/mass-times/aragon-new-mexico,2026-02-22T04:53:11.114502+00:00
us-nm-ribera-san-miguel-del-vado-3814828e,San Miguel del Vado,7 Sagebrush Way,Ribera,New Mexico,35.36458399,-105.45080938,(575) 421-2780,http://www.facebook.com/groups/910669986052166,0,0,0,False,https://catholicindex.org/mass-times/anton-chico-new-mexico,2026-02-22T04:53:10.347670+00:00
us-nm-rincon-our-lady-of-all-nations-mission-edab76ad,Mission of Our Lady of All Nations,1993 Rincon Rd (NM-140),Rincon,New Mexico,32.67103469,-107.06859008,(575) 267-4983,http://hatchvalleycatholic.com,2,0,0,False,https://catholicindex.org/mass-times/arrey-new-mexico,2026-02-22T04:53:14.033502+00:00
us-nm-rio-en-medio-our-lady-of-sorrows-mission-c77283e6,Our Lady of Sorrows,517 NM-592,Rio En Medio,New Mexico,35.82607925,-105.90405126,(505) 983-8868,http://santuariodeguadalupesantafe.com,6,0,0,False,https://catholicindex.org/mass-times/chimayo-new-mexico,2026-02-22T04:54:17.146748+00:00
us-nm-rio-lucio-sagrado-corazón-mission-chapel-historic-church-2e42d1f7,Chapel of Sagrado Corazón de Jesús (Historic Church),1274 NM-75,Rio Lucio,New Mexico,36.19359802,-105.71846775,(575) 587-2111 or (575) 587-0399 (Emergencies),http://www.dixonpenascocc.org,2,0,0,False,https://catholicindex.org/mass-times/arroyo-seco-new-mexico,2026-02-22T04:53:17.037326+00:00
us-nm-rio-rancho-church-of-the-incarnation-f05473c5,Incarnation,2309 Monterrey Rd NE,Rio Rancho,New Mexico,35.29656629,-106.5980292,(505) 771-8331,http://incarnation.church,10,0,0,False,https://catholicindex.org/mass-times/albuquerque-new-mexico,2026-02-22T04:52:54.784204+00:00
us-nm-rio-rancho-st-john-vianney-38f5f0ac,St. John Vianney,1001 Meteor Ave NE,Rio Rancho,New Mexico,35.30093766,-106.71615889,(505) 892-4449,http://sjvnm.org,10,0,0,False,https://catholicindex.org/mass-times/albuquerque-new-mexico,2026-02-22T04:52:54.784204+00:00
us-nm-rio-rancho-st-thomas-aquinas-84b391f2,St. Thomas Aquinas,1502 Sara Rd S.E,Rio Rancho,New Mexico,35.23236598,-106.66140229,(505) 892-1511,http://www.stanm.org,18,0,0,False,https://catholicindex.org/mass-times/albuquerque-new-mexico,2026-02-22T04:52:54.784204+00:00
us-nm-rodarte-santa-barbara-mission-f6bcb127,Santa Barbara,7 Capilla Rd,Rodarte,New Mexico,36.151706,-105.671924,(575) 587-2111 or (575) 587-0399 (Emergencies),http://www.dixonpenascocc.org,3,0,0,False,https://catholicindex.org/mass-times/chamisal-new-mexico,2026-02-22T04:54:14.121356+00:00
us-nm-rodeo-san-felipe-de-neri-mission-cef0e9f0,Mission of San Felipe de Neri,71 2nd St,Rodeo,New Mexico,31.83626112,-109.02975458,(575) 542-3268,http://www.facebook.com/St-Joseph-Catholic-Church-112854343712283/,0,0,0,False,https://catholicindex.org/mass-times/rodeo-new-mexico,2026-02-22T04:59:18.715458+00:00
us-nm-roswell-assumption-of-the-blessed-virgin-mary-2266b82a,Assumption of the Blessed Virgin Mary,2808 N Kentucky Ave,Roswell,New Mexico,33.43024512,-104.52803681,(575) 622-9895 or (575) 416-2460 (Emergencies),http://www.assumption-roswell.org,11,0,0,False,https://catholicindex.org/mass-times/dexter-new-mexico,2026-02-22T04:55:02.248193+00:00
us-nm-roswell-san-juan-bautista-st-john-the-baptist-24742c07,St. John the Baptist,506 S Lincoln Ave,Roswell,New Mexico,33.38866102,-104.5182978,(575) 622-3531,http://sanjuannm.org,9,0,0,False,https://catholicindex.org/mass-times/dexter-new-mexico,2026-02-22T04:55:02.248193+00:00
us-nm-roswell-st-peter-b92f55c4,St. Peter,805 S Main St,Roswell,New Mexico,33.38547312,-104.52242838,(575) 622-5092,http://stpeterchurchroswell.org/,8,0,0,False,https://catholicindex.org/mass-times/dexter-new-mexico,2026-02-22T04:55:02.248193+00:00
us-nm-rowe-sagrada-familia-mission-76136db8,Sagrada Família,Sagrada Familia Ln & Co Rd B62 (Ilfeld Frontage Rd..),Rowe,New Mexico,35.49179298,-105.67401755,(505) 757-6345,http://www.facebook.com/SanAntoniodePecos/?ref=page_internal,0,0,0,False,https://catholicindex.org/mass-times/glorieta-new-mexico,2026-02-22T04:55:57.690980+00:00
us-nm-roy-holy-family-st-joseph-7810d14a,Holy Family & St Joseph's,515 St George Ln,Roy,New Mexico,35.94847416,-104.19087182,1(505)398-3090,http://www.facebook.com/profile.php?id=100064434352745,0,0,0,False,https://catholicindex.org/mass-times/mosquero-new-mexico,2026-02-22T04:58:00.534091+00:00
us-nm-ruidoso-st-eleanor-f4b4171b,St. Eleanor,140 Junction Rd,Ruidoso,New Mexico,33.32117084,-105.6356031,(575) 652-5950 or (575) 649-9303 (Emergencies),http://www.steleanorparish.org,9,0,0,False,https://catholicindex.org/mass-times/bent-new-mexico,2026-02-22T04:53:26.120955+00:00
us-nm-sabinal-san-antonio-mission-59183a19,San Antonio,799 NM Hwy 116 (Old US 85),Sabinal,New Mexico,34.52885258,-106.7969479,(505) 864-4461 or (505) 864-4170 (Emergencies),http://olslajoyanm.org/,1,0,0,False,https://catholicindex.org/mass-times/belen-new-mexico,2026-02-22T04:53:24.543916+00:00
us-az-saint-michaels-st-michaels-3e728ca1,St. Michael,24 Mission Rd,Saint Michaels,Arizona,35.65275464,-109.10550948,928-270-3450,http://www.saintmichaelsmission.com/,7,0,0,False,https://catholicindex.org/mass-times/gallup-new-mexico,2026-02-22T04:55:45.562866+00:00
us-co-san-acacio-san-acacio-mission-8aa65a5d,San Acacio Mission,14152 Co Rd 15,San Acacio,Colorado,37.201828,-105.508587,(719) 992-0122,http://sdcparish.org,1,0,0,False,https://catholicindex.org/mass-times/amalia-new-mexico,2026-02-22T04:53:00.805465+00:00
us-nm-san-antonito-nuestro-señor-de-mapimi-mission-san-antonio-historic-church-74db7bf9,Nuestro Señor de Mapimi (San Antonio) (Historic Church),12493 NM-14 (Sandia Park),San Antonito,New Mexico,35.16392875,-106.34736069,(505) 281-2297,http://www.holychildparishnm.org,4,0,0,False,https://catholicindex.org/mass-times/albuquerque-new-mexico,2026-02-22T04:52:54.784204+00:00
us-tx-san-elizario-san-elceario-historic-mission-5c2286a6,Parish of San Elceario (historic mission),1556 San Elizario Rd,San Elizario,Texas,31.58505124,-106.27291707,(915) 851-2333,http://www.elpasodiocese.org/parishes.html,5,0,0,False,https://catholicindex.org/mass-times/sunland-park-new-mexico,2026-02-22T05:00:18.900972+00:00
us-nm-san-felipe-pueblo-san-felipe-mission-ee9d4cca,San Felipe,ChurchHill Rd and Rainwater,San Felipe Pueblo,New Mexico,35.43319819,-106.44680701,(505) 465-2226,http://olgpb.org,2,0,0,False,https://catholicindex.org/mass-times/algodones-new-mexico,2026-02-22T04:52:57.872463+00:00
us-co-san-francisco-san-francisco-de-assisi-mission-national-historic-church-3e08eb4a,Iglesia San Francisco de Asís (National Historic Church),23531 Co Rd J-2,San Francisco,Colorado,37.10233778,-105.34934123,(719) 992-0122  ,http://sdcparish.org/mission-churches/,8,0,0,False,https://catholicindex.org/mass-times/amalia-new-mexico,2026-02-22T04:53:00.805465+00:00
us-nm-san-jon-our-lady-of-guadalupe-mission-7a5360a7,Our Lady of Guadalupe,S Ave and S 8th St,San Jon,New Mexico,35.10375499,-103.32581118,(575) 461-2515,http://stannetucnm.org/,6,0,0,False,https://catholicindex.org/mass-times/logan-new-mexico,2026-02-22T04:57:09.627055+00:00
us-nm-san-jose-san-jose-mission-6b34772d,San Jose,44 Co Rd B41D,San Jose,New Mexico,35.39733824,-105.47609451,(575) 421-2780,http://www.facebook.com/groups/910669986052166,0,0,0,False,https://catholicindex.org/mass-times/anton-chico-new-mexico,2026-02-22T04:53:10.347670+00:00
us-nm-san-juan-mission-of-san-juan-51dbc018,Mission of San Juan,San Juan New Mexico 88034,San Juan,New Mexico,32.7611875,-107.9054375,$undefined,https://oldrcdlc.org/infant-jesus-shrine-hurley,1,0,0,False,https://catholicindex.org/mass-times/bayard-new-mexico,2026-02-22T04:53:23.076784+00:00
us-nm-san-juan-san-juan-nepomuceno-mission-ef5424be,San Juan Nepomuceno,130 Co Rd B41A ,San Juan,New Mexico,35.41579821,-105.495334,(575) 421-2780,http://www.facebook.com/groups/910669986052166,0,0,0,False,https://catholicindex.org/mass-times/anton-chico-new-mexico,2026-02-22T04:53:10.347670+00:00
us-co-san-luis-sangre-de-cristo-blood-of-christ-db2383e4,Iglesia Sangre de Cristo (Blood of Christ),512 Church Pl,San Luis,Colorado,37.20021558,-105.42498983,(719) 992-0122,http://sdcparish.org/,6,0,0,False,https://catholicindex.org/mass-times/amalia-new-mexico,2026-02-22T04:53:00.805465+00:00
us-nm-san-mateo-cibola-catholic-community-7c9e404d,Cibola Catholic Community,San Mateo New Mexico 87020,San Mateo,New Mexico,35.33125,-107.64375,15052879327,https://cibolacatholiccommunity.com/,0,0,0,False,https://catholicindex.org/mass-times/cubero-new-mexico,2026-02-22T04:54:53.145046+00:00
us-nm-san-mateo-san-mateo-74641388,San Mateo,31 Main St,San Mateo,New Mexico,35.33258426,-107.64950707,(505) 287-9327 or (505) 285-6645 ,http://dioceseofgallup.org/parishes/new-mexico-parishes/san-mateo-san-mateo/,1,0,0,False,https://catholicindex.org/mass-times/cubero-new-mexico,2026-02-22T04:54:53.145046+00:00
us-nm-san-miguel-san-miguel-392bc08b,San Miguel,19217 NM-28 (Lou Henson Hwy.) ,San Miguel,New Mexico,32.15594529,-106.73570933,(575) 215-3176,http://www.facebook.com/SanMiguelCatholicChurch/,0,0,0,False,https://catholicindex.org/mass-times/anthony-new-mexico,2026-02-22T04:53:06.908864+00:00
us-nm-san-miguel-san-miguel-arcangel-mission-e65bdea7,San Miguel Arcangel Mission,Los Pinos River Access Rd./Rio Arriba Co Rd 443,San Miguel,New Mexico,36.96373285,-106.15636964,(719) 376-5985 ,http://www.ologp.com,9,0,0,False,https://catholicindex.org/mass-times/chama-new-mexico,2026-02-22T04:54:11.070179+00:00
us-co-san-pablo-st-peter-st-paul-mission-fe60ff01,Iglesia San Pedro y San Pablo,11423 Co Rd 21,San Pablo,Colorado,37.16127315,-105.4017756,(719) 992-0122,http://sdcparish.org/mission-churches/,8,0,0,False,https://catholicindex.org/mass-times/amalia-new-mexico,2026-02-22T04:53:00.805465+00:00
us-nm-san-patricio-st-jude-mission-1afd233e,Mission of St. Jude,28104 Peter Hurd Loop,San Patricio,New Mexico,33.41039584,-105.33124303,(575) 652-5950,http://www.steleanorparish.org,1,0,0,False,https://catholicindex.org/mass-times/capitan-new-mexico,2026-02-22T04:53:50.060693+00:00
us-nm-san-pedro-san-pedro-mission-chapel-ab928a09,San Pedro Mission,412 Lower San Pedro Rd (Española),San Pedro,New Mexico,35.98443587,-106.06993951,(505) 753-3345,http://www.hcccsantacruz.org,28,0,0,False,https://catholicindex.org/mass-times/canones-new-mexico,2026-02-22T04:53:48.605534+00:00
us-nm-san-rafael-san-rafael-30f32aa8,Cibola Catholic Community,100 Guadalupe Plaza,San Rafael,New Mexico,35.11232834,-107.88218453,(505) 287-9327,http://cibolacatholiccommunity.com/,0,0,0,False,https://catholicindex.org/mass-times/cubero-new-mexico,2026-02-22T04:54:53.145046+00:00
us-nm-san-ysidro-san-ysidro-mission-2e0fde6c,San Ysidro,1100 NM-4,San Ysidro,New Mexico,35.566593,-106.767439,(575) 834-7300,http://www.facebook.com/SanDiegoMissionJemezPueblo/,0,0,0,False,https://catholicindex.org/mass-times/algodones-new-mexico,2026-02-22T04:52:57.872463+00:00
us-nm-sandia-pueblo-st-anthony-mission-794c1633,St. Anthony,308 Parrot Blvd,Sandia Pueblo,New Mexico,35.25417655,-106.57109362,(505) 867-5252,http://olosbernalillo.com,0,0,0,False,https://catholicindex.org/mass-times/albuquerque-new-mexico,2026-02-22T04:52:54.784204+00:00
us-nm-santa-ana-pueblo-santa-ana-mission-c19ee42a,Santa Ana Mission,Indian Service Rte 1,Santa Ana Pueblo,New Mexico,35.428549,-106.617813,(575) 834-7300,http://www.facebook.com/SanDiegoMissionJemezPueblo/,0,0,0,False,https://catholicindex.org/mass-times/albuquerque-new-mexico,2026-02-22T04:52:54.784204+00:00
us-nm-santa-clara-santa-clara-c49a2d4a,Santa Clara,707 Fort Bayard St,Santa Clara,New Mexico,32.77442239,-108.15264361,(575) 537-3713,http://www.facebook.com/SantaClaraCatholicChurch,0,0,0,False,https://catholicindex.org/mass-times/bayard-new-mexico,2026-02-22T04:53:23.076784+00:00
us-nm-santa-clara-pueblo-santa-clara-mission-3726f872,Santa Clara,Kee St S of Wild Rose Rd,Santa Clara Pueblo,New Mexico,35.96788628,-106.08805165,(505) 852-4179 or (505) 747-9443,http://www.sanjuanandtewa.com,9,0,0,False,https://catholicindex.org/mass-times/canones-new-mexico,2026-02-22T04:53:48.605534+00:00
us-nm-santa-cruz-santa-cruz-de-la-cañada-historic-church-8283a956,Santa Cruz de la Cañada (Historic Church),126 S McCurdy Rd,Santa Cruz,New Mexico,35.99108877,-106.04811137,(505) 753-3345,http://www.hcccsantacruz.org,19,0,0,False,https://catholicindex.org/mass-times/chamisal-new-mexico,2026-02-22T04:54:14.121356+00:00
us-nm-santa-fe-cathedral-basilica-of-st-francis-of-assisi-historic-church-cb50367d,Cathedral Basilica of St. Francis of Assisi,131 Cathedral Pl,Santa Fe,New Mexico,35.6865207,-105.93616192,(505) 982-5619,http://www.cbsfa.org,8,0,0,False,https://catholicindex.org/mass-times/cerrillos-new-mexico,2026-02-22T04:54:06.653848+00:00
us-nm-santa-fe-cristo-rey-historic-church-28fc5001,Cristo Rey Catholic Church,1107 Cristo Rey St,Santa Fe,New Mexico,35.67892044,-105.91738834,(505) 983-8528,http://www.cristoreyparish.org/,7,0,0,False,https://catholicindex.org/mass-times/cerrillos-new-mexico,2026-02-22T04:54:06.653848+00:00
us-nm-santa-fe-san-isidro-5f4ad708,San Isidro,2148 San Ysidro Crossing,Santa Fe,New Mexico,35.65334,-106.010936,(505) 471-0710 or (505) 629-2599 (Emergency),http://www.sanisidroparish.com,5,0,0,False,https://catholicindex.org/mass-times/cerrillos-new-mexico,2026-02-22T04:54:06.653848+00:00
us-nm-santa-fe-san-isidro-historic-church-e58abd66,San Isidro (Historic Church),3694 Agua Fria St,Santa Fe,New Mexico,35.65837528,-106.01411855,(505) 471-0710,http://sanisidroparish.com/,8,0,0,False,https://catholicindex.org/mass-times/cerrillos-new-mexico,2026-02-22T04:54:06.653848+00:00
us-nm-santa-fe-san-miguel-chapel-a3d339ca,San Miguel Chapel,401 Old Santa Fe Trail,Santa Fe,NM,35.6835081,-105.9376984,+1-505-983-3974,http://sanmiguelchapel.org/,0,0,0,False,https://catholicindex.org/mass-times/cerrillos-new-mexico,2026-02-22T04:54:06.653848+00:00
us-nm-santa-fe-san-miguel-mission-c496bab4,San Miguel Mission,401 Old Trail,Santa Fe,New Mexico,35.6834375,-105.9376875,$undefined,http://sanmiguelchapel.org/,0,0,0,False,https://catholicindex.org/mass-times/cerrillos-new-mexico,2026-02-22T04:54:06.653848+00:00
us-nm-santa-fe-santa-maria-de-la-paz-260cf6c3,Santa María de la Paz,11 College Ave,Santa Fe,New Mexico,35.60779991,-106.00163502,(505) 473-4200,http://www.smdlp.org/,18,0,0,False,https://catholicindex.org/mass-times/cerrillos-new-mexico,2026-02-22T04:54:06.653848+00:00
us-nm-santa-fe-shrine-of-our-lady-of-guadalupe-3c977dcf,Shrine of Our Lady of Guadalupe,417 Agua Fria St,Santa Fe,New Mexico,35.68696077,-105.9458652,(505) 983-8868,http://santuariodeguadalupesantafe.com/,8,0,0,False,https://catholicindex.org/mass-times/cerrillos-new-mexico,2026-02-22T04:54:06.653848+00:00
us-nm-santa-fe-st-anne-6c6cbcab,St. Anne,511 Alicia St,Santa Fe,New Mexico,35.680983,-105.960788,(505) 983-4430 or (505) 901-7658 (Emergencies),http://stannesantafe.com/,11,0,0,False,https://catholicindex.org/mass-times/cerrillos-new-mexico,2026-02-22T04:54:06.653848+00:00
us-nm-santa-fe-st-john-the-baptist-8d81796f,St. John the Baptist,1301 Osage Ave,Santa Fe,New Mexico,35.66472827,-105.9775229,(505) 983-5034,http://stjohnsantafe.weconnect.com,8,0,0,False,https://catholicindex.org/mass-times/cerrillos-new-mexico,2026-02-22T04:54:06.653848+00:00
us-nm-santa-rosa-santa-rosa-de-lima-f2681101,St. Rose of Lima,439 S 3rd St,Santa Rosa,New Mexico,34.93772145,-104.68431811,(575) 472-3724,http://santarosadelima.org,2,0,0,False,https://catholicindex.org/mass-times/santa-rosa-new-mexico,2026-02-22T04:59:57.630656+00:00
us-nm-santa-teresa-st-john-paul-ii-edaa21cf,St. John Paul II,6100 McNutt Rd,Santa Teresa,New Mexico,31.88290569,-106.64936946,(575) 332-4496 or (575) 502-4723,http://www.saintjpiiparish.org/,8,0,0,False,https://catholicindex.org/mass-times/anthony-new-mexico,2026-02-22T04:53:06.908864+00:00
us-nm-santa-teresa-st-john-paul-ii-parish-03b55177,St. John Paul II Parish,6100 McNutt Rd,Santa Teresa,NM,31.8828957,-106.6494474,+1-575-332-4496,https://www.saintjpiiparish.org/,10,0,0,False,https://catholicindex.org/mass-times/anthony-new-mexico,2026-02-22T04:53:06.908864+00:00
us-nm-santo-niño-santo-niño-mission-chapel-8ba79d5a,Santo Niño Mission Chapel,710 NM-76 (Española),Santo Niño,New Mexico,35.99592882,-106.0604831,(505) 753-3345,http://www.hcccsantacruz.org,24,0,0,False,https://catholicindex.org/mass-times/canones-new-mexico,2026-02-22T04:53:48.605534+00:00
us-nm-sapello-nuestra-señora-de-guadalupe-mission-83c10574,Nuestra Señora de Guadalupe,A dirt Rd E of the crossroad of NM-518 & NM-94,Sapello,New Mexico,35.77231859,-105.24833103,(505) 454-1469,http://oloslasvegas.org,9,0,0,False,https://catholicindex.org/mass-times/las-vegas-new-mexico,2026-02-22T04:56:59.205782+00:00
us-nm-sawmill-mission-of-st-francis-1fb53e7f,Mission of St. Francis,Sawmill New Mexico 86504,Sawmill,New Mexico,35.8991875,-109.1643125,15057772251,$undefined,0,0,0,False,https://catholicindex.org/mass-times/navajo-new-mexico,2026-02-22T04:58:08.205416+00:00
us-az-sawmill-st-francis-143988a7,St. Francis ,Indian Rte 7 1 mile after the junction with 9703,Sawmill,Arizona,35.89961611,-109.16367307,(505) 777-2251,http://dioceseofgallup.org/parishes/arizona-parishes/sawmill-st-francis/,1,0,0,False,https://catholicindex.org/mass-times/navajo-new-mexico,2026-02-22T04:58:08.205416+00:00
us-nm-seama-st-anne-84a55b9b,Mission of St. Anne,7 Hunters Rd,Seama,New Mexico,35.03917,-107.524873,(505) 552-9330,http://dioceseofgallup.org/parishes/new-mexico-parishes/seama-st-anne/,1,0,0,False,https://catholicindex.org/mass-times/cubero-new-mexico,2026-02-22T04:54:53.145046+00:00
us-nm-seboyeta-our-lady-of-sorrows-bf06da9a,Our Lady of Sorrows,State Hwy 279,Seboyeta,New Mexico,35.20278535,-107.3894233,(505) 552-6301,https://dioceseofgallup.org/parishes/new-mexico-parishes/seboyeta-our-lady-of-sorrows/,1,0,0,False,https://catholicindex.org/mass-times/cubero-new-mexico,2026-02-22T04:54:53.145046+00:00
us-co-segundo-st-ignatius-mission-980a0ae8,St. Ignatius Mission,9073 Co Rd 45.4,Segundo,Colorado,37.12233802,-104.73175319,(719) 846-3369,http://trinidadcatholic.org,1,0,0,False,https://catholicindex.org/mass-times/raton-new-mexico,2026-02-22T04:59:03.725044+00:00
us-nm-servilleta-plaza-st-anthony-mission-27e3635b,St. Anthony,252 State Hwy 341 (La Madera),Servilleta Plaza,New Mexico,36.42972613,-105.98086652,(575) 581-4714,$undefined,0,0,0,False,https://catholicindex.org/mass-times/arroyo-seco-new-mexico,2026-02-22T04:53:17.037326+00:00
us-nm-shiprock-christ-the-king-a6036167,Christ the King,Hwy 64 E of the Hwy 491 junction,Shiprock,New Mexico,36.78457222,-108.67949905,(505) 368-4532,http://dioceseofgallup.org/parishes/new-mexico-parishes/shiprock-christ-the-king/,2,0,0,False,https://catholicindex.org/mass-times/kirtland-new-mexico,2026-02-22T04:56:38.257972+00:00
us-nm-sile-santa-barbara-mission-3aa12ea7,Santa Barbara,Sile Rd /Indian Service Rte 85,Sile,New Mexico,35.56585507,-106.37079321,(505) 465-2226 or (505) 382-6819 (Emergency),http://olgpb.org,2,0,0,False,https://catholicindex.org/mass-times/algodones-new-mexico,2026-02-22T04:52:57.872463+00:00
us-nm-silver-city-st-francis-newman-center-parish-04cfa921,St. Francis Newman Center,914 W 13th St,Silver City,New Mexico,32.77932385,-108.28531822,(575) 538-3662,http://stfrancisnewman.wixsite.com/saint-francis-newman/home,8,0,0,False,https://catholicindex.org/mass-times/bayard-new-mexico,2026-02-22T04:53:23.076784+00:00
us-nm-silver-city-st-vincent-de-paul-a7df7604,St. Vincent de Paul,420 W Market St,Silver City,New Mexico,32.77159029,-108.27907081,(575) 538-9373,http://svdpsc.org/,7,0,0,False,https://catholicindex.org/mass-times/bayard-new-mexico,2026-02-22T04:53:23.076784+00:00
us-tx-socorro-purísima-81c78cd3,Purísima,328 S Nevarez Rd,Socorro,Texas,31.65937532,-106.30359381,(915) 859-7718,http://www.nps.gov/places/socorro-mission.htm,0,0,0,False,https://catholicindex.org/mass-times/sunland-park-new-mexico,2026-02-22T05:00:18.900972+00:00
us-tx-socorro-san-felipe-de-jesus-4e2440f8,San Felipe de Jesus,401 Passmore Rd,Socorro,Texas,31.62120239,-106.27957566,(915) 851-3039,http://www.elpasodiocese.org/parishes.html,5,0,0,False,https://catholicindex.org/mass-times/sunland-park-new-mexico,2026-02-22T05:00:18.900972+00:00
us-nm-socorro-san-miguel-jubilee-shrine-67eaeff0,San Miguel (Jubilee Shrine),403 El Camino Real St,Socorro,New Mexico,34.06045395,-106.89363675,(575) 835-2891,http://www.sdc.org/~smiguel/index.php,4,0,0,False,https://catholicindex.org/mass-times/la-joya-new-mexico,2026-02-22T04:56:42.657796+00:00
us-tx-socorro-sts-peter-and-paul-9f770587,Sts. Peter and Paul,673 Old Hueco Tanks Rd,Socorro,Texas,31.67412837,-106.28452215,(915) 859-3758,http://www.facebook.com/Sts-Peter-And-Paul-Catholic-Church-107259154238411/,0,0,0,False,https://catholicindex.org/mass-times/sunland-park-new-mexico,2026-02-22T05:00:18.900972+00:00
us-nm-south-san-ysidro-nuestra-señora-de-guadalupe-mission-60907993,Nuestra Señora de Guadalupe,229 Co Rd B438 (San Isidro Sur),South San Ysidro,New Mexico,35.44953967,-105.57885812,(575) 421-2780,http://www.facebook.com/groups/910669986052166,0,0,0,False,https://catholicindex.org/mass-times/glorieta-new-mexico,2026-02-22T04:55:57.690980+00:00
us-nm-springer-st-joseph-55c3ec1a,St. Joseph,605 5th St,Springer,New Mexico,36.36237909,-104.59557018,(575) 483-2775 or (714) 383-0381 (Emergencies only),$undefined,0,0,0,False,https://catholicindex.org/mass-times/cimarron-new-mexico,2026-02-22T04:54:20.091033+00:00
us-nm-sunland-park-san-martin-de-porres-016ee7ef,Iglesia San Martín de Porres,1885 McNutt Rd,Sunland Park,New Mexico,31.79673042,-106.57073892,(575) 589-2106,http://www.facebook.com/San-Martin-de-Porres-Catholic-Church-187993147903819/,0,0,0,False,https://catholicindex.org/mass-times/anthony-new-mexico,2026-02-22T04:53:06.908864+00:00
us-nm-tajique-san-antonio-8f64e20c,San Antonio,8566 Hwy 55,Tajique,New Mexico,34.75149018,-106.2883411,(505) 832-6655,http://www.estanciavalleycatholic.church/san-antonio,11,0,0,False,https://catholicindex.org/mass-times/edgewood-new-mexico,2026-02-22T04:55:11.058069+00:00
us-nm-talpa-nuestra-señora-de-san-juan-de-los-lagos-mission-chapel-historic-church-e41058e7,Chapel of Nuestra Señora de San Juan de los Lagos (Historic Church),NM-518 & Torres Rd,Talpa,New Mexico,36.3383375,-105.59500995,(575) 758-2754,http://sfranchos.org,7,0,0,False,https://catholicindex.org/mass-times/angel-fire-new-mexico,2026-02-22T04:53:03.829843+00:00
us-nm-taos-our-lady-of-guadalupe-historic-church-397e31e0,Our Lady of Guadalupe (Historic Church),205 Don Fernando St,Taos,New Mexico,36.40805072,-105.57574266,(575) 758-9208,http://ologtaos.com/,2,0,0,False,https://catholicindex.org/mass-times/angel-fire-new-mexico,2026-02-22T04:53:03.829843+00:00
us-nm-taos-pueblo-san-geronimo-mission-world-heritage-site-c50b7178,San Geronimo Mission (World Heritage Site),Pueblo St,Taos Pueblo,New Mexico,36.4388822,-105.54384842,(575) 758-9208 or (575) 751-3994 (Emergencies),http://ologtaos.com,2,0,0,False,https://catholicindex.org/mass-times/angel-fire-new-mexico,2026-02-22T04:53:03.829843+00:00
us-nm-tatum-our-lady-of-the-holy-rosary-mission-1df395c9,Our Lady of the Holy Rosary Mission,610 W 2nd St,Tatum,New Mexico,33.25508566,-103.32440278,(575) 396-4206,http://27823.sites.ecatholic.com/bulletins,10,0,0,False,https://catholicindex.org/mass-times/lovington-new-mexico,2026-02-22T04:57:18.715283+00:00
us-nm-tatum-our-lady-of-the-rosary-mission-church-833d5e35,Our Lady of the Rosary Mission Church,610 W 2nd St,Tatum,NM,33.2551143,-103.3243938,$undefined,https://www.expiredwixdomain.com/?redirectedFor=stalovington.org,18,0,0,False,https://catholicindex.org/mass-times/lovington-new-mexico,2026-02-22T04:57:18.715283+00:00
us-nm-tesuque-san-ysidro-labrador-mission-8934ae73,San Ysidro Labrador Mission,18 Camino Miguel (Co Rd 72B),Tesuque,New Mexico,35.758107,-105.924164,(505) 983-8868,http://santuariodeguadalupesantafe.com/,6,0,0,False,https://catholicindex.org/mass-times/cerrillos-new-mexico,2026-02-22T04:54:06.653848+00:00
us-nm-texico-san-jose-mission-0dbb44c5,San Jose,112 Anderson St,Texico,New Mexico,34.39052,-103.048359,(575) 763-4445,http://www.ologsj.org/,8,0,0,False,https://catholicindex.org/mass-times/clovis-new-mexico,2026-02-22T04:54:30.654366+00:00
us-tx-texline-st-mary-mission-6fe292ff,St. Mary,305 E Pine,Texline,Texas,36.37669572,-103.01907775,(806) 244-4128,http://stmarystexline.org/,2,0,0,False,https://catholicindex.org/mass-times/clayton-new-mexico,2026-02-22T04:54:23.076305+00:00
us-nm-tierra-amarilla-santo-niño-611799a8,Santo Niño,Rio Arriba Co Rd 323,Tierra Amarilla,New Mexico,36.70082865,-106.55164852,(575) 588-7473 or (575) 756-1533 Emergency Only,http://nuestrasenoradelvalle.org,2,0,0,False,https://catholicindex.org/mass-times/canjilon-new-mexico,2026-02-22T04:53:45.597932+00:00
us-nm-tijeras-holy-child-historic-church-04c7a7d3,Holy Child,19 Camino del Santo Niño,Tijeras,New Mexico,35.08229007,-106.38120914,(505) 281-2297,http://www.holychildparishnm.org,7,0,0,False,https://catholicindex.org/mass-times/albuquerque-new-mexico,2026-02-22T04:52:54.784204+00:00
us-nm-tinaja-church-of-san-lorenzo-00ddeb68,San Lorenzo,3928 Ice Cave Rd,Tinaja,New Mexico,34.94375,-107.98875,15057834301,$undefined,0,0,0,False,https://catholicindex.org/mass-times/grants-new-mexico,2026-02-22T04:56:00.637999+00:00
us-nm-tohatchi-st-mary-fa907e93,St. Mary,1 St Mary Dr,Tohatchi,New Mexico,35.85717347,-108.76555769,(505) 733-2243,http://dioceseofgallup.org/parishes/new-mexico-parishes/tohatchi-st-mary/,5,0,0,False,https://catholicindex.org/mass-times/gallup-new-mexico,2026-02-22T04:55:45.562866+00:00
us-nm-tome-immaculate-conception-13adb7ab,Immaculate Conception,7 Church Loop Rd,Tome,New Mexico,34.74151911,-106.72976547,(505) 865-7497,http://www.olic-tome.org,8,0,0,False,https://catholicindex.org/mass-times/belen-new-mexico,2026-02-22T04:53:24.543916+00:00
us-nm-torreon-st-anthony-mission-87d59f3c,St. Anthony Mission,4 Church Rd,Torreon,New Mexico,34.72122979,-106.29961979,(505) 847-2291 or (505) 226-2786 (Emergencies),http://www.stalicenm.com/,2,0,0,False,https://catholicindex.org/mass-times/estancia-new-mexico,2026-02-22T04:55:23.216745+00:00
us-co-trinidad-ave-maria-shrine-and-chapel-a5d69883,Ave Maria Shrine and Chapel,412 Benedicta Ave,Trinidad,Colorado,37.171114,-104.486688,(719) 846-3369 or (719) 480-0033 (Emergency only),http://trinidadcatholic.org,0,0,0,False,https://catholicindex.org/mass-times/raton-new-mexico,2026-02-22T04:59:03.725044+00:00
us-co-trinidad-most-holy-trinity-4bac81ca,Most Holy Trinity,135 Church St,Trinidad,Colorado,37.16901178,-104.50688387,(719) 846-3369 or (719) 480-0033 (Emergency only),http://trinidadcatholic.org,12,0,0,False,https://catholicindex.org/mass-times/raton-new-mexico,2026-02-22T04:59:03.725044+00:00
us-nm-truchas-iglesia-nuestra-señora-del-sagrado-rosario-df7b890d,Iglesia Nuestra Señora del Sagrado Rosario,Truchas New Mexico 87578,Truchas,New Mexico,36.0430625,-105.8101875,$undefined,https://www.holychimayo.us/,0,0,0,False,https://catholicindex.org/mass-times/chamisal-new-mexico,2026-02-22T04:54:14.121356+00:00
us-co-trujillo-st-james-the-apostle-mission-60eea267,St. James the Apostle Mission,14642 CR 500,Trujillo,Colorado,37.10022756,-107.04756461,(970) 731-5744 or (970) 264-2319 (Mayordomo),http://www.popejohnpauliichurch.org,0,0,0,False,https://catholicindex.org/mass-times/dulce-new-mexico,2026-02-22T04:55:08.194293+00:00
us-nm-truth-or-consequences-our-lady-of-perpetual-help-831e5086,Our Lady of Perpetual Help,515 N Date St,Truth Or Consequences,New Mexico,33.13593955,-107.25024517,(575) 894-7804 or (575) 740-9425 (Emergencies),$undefined,0,0,0,False,https://catholicindex.org/mass-times/arrey-new-mexico,2026-02-22T04:53:14.033502+00:00
us-nm-tucumcari-st-anne-471d3876,St. Anne,306 W High St,Tucumcari,New Mexico,35.1757786,-103.72893056,(575) 461-2515,http://www.facebook.com/St-Annes-Catholic-Church-Tucumcari-NM-179279158852991/,0,0,0,False,https://catholicindex.org/mass-times/logan-new-mexico,2026-02-22T04:57:09.627055+00:00
us-nm-tularosa-st-francis-de-paula-662c1b48,St. Francis de Paula,704 St Francis Dr,Tularosa,New Mexico,33.07397135,-106.01803804,(575) 585-2793 or (575) 642-6934 (Emergencies),http://stfrancisdepaulachurch.org,4,0,0,False,https://catholicindex.org/mass-times/alamogordo-new-mexico,2026-02-22T04:52:53.268041+00:00
us-nm-upper-rociada-san-jose-mission-9ae1de28,San Jose,6 Silver Rd,Upper Rociada,New Mexico,35.85586861,-105.42759564,(505) 454-1469,http://oloslasvegas.org,13,0,0,False,https://catholicindex.org/mass-times/las-vegas-new-mexico,2026-02-22T04:56:59.205782+00:00
us-nm-vadito-nuestra-señora-de-dolores-mission-6ded59f7,Nuestra Señora de Dolores,1753 NM-75,Vadito,New Mexico,36.1914145,-105.66981444,(575) 587-2111 or (575) 587-0399 (Emergencies),http://www.dixonpenascocc.org,4,0,0,False,https://catholicindex.org/mass-times/arroyo-seco-new-mexico,2026-02-22T04:53:17.037326+00:00
us-nm-valencia-sangre-de-cristo-mission-732f3acb,Sangre de Cristo,3466 Main St NE,Valencia,New Mexico,34.80983777,-106.70003124,(505) 869-2189,http://www.ologperalta.org,1,0,0,False,https://catholicindex.org/mass-times/albuquerque-new-mexico,2026-02-22T04:52:54.784204+00:00
us-nm-vallecitos-our-lady-of-sorrows-mission-chapel-5e67d3ff,Our Lady of Sorrows,27 NM-576,Vallecitos,New Mexico,36.49460247,-106.11449394,(575) 581-4714,http://archdiosf.org/parishfinder,2,0,0,False,https://catholicindex.org/mass-times/canjilon-new-mexico,2026-02-22T04:53:45.597932+00:00
us-nm-vanderwagen-st-patrick-5306f1e6,St. Patrick ,549 Cousins Rd,Vanderwagen,New Mexico,35.2486983,-108.85637389,(505) 778-5410,http://dioceseofgallup.org/parishes/new-mexico-parishes/chichiltah-st-patrick/,1,0,0,False,https://catholicindex.org/mass-times/gallup-new-mexico,2026-02-22T04:55:45.562866+00:00
us-nm-vanderwagen-st-patrick-catholic-church-7721ac4d,St. Patrick Catholic Church,549 Cousins Rd,Vanderwagen,NM,35.2486142,-108.8563242,+1-505-778-5410,https://dioceseofgallup.org/parishes/new-mexico-parishes/chichiltah-st-patrick/,1,0,0,False,https://catholicindex.org/mass-times/gallup-new-mexico,2026-02-22T04:55:45.562866+00:00
us-nm-vaughn-st-mary-a342c747,St. Mary,376 8th St,Vaughn,New Mexico,34.60153145,-105.20800379,(575) 584-2954,http://archdiosf.org/parishfinder,5,0,0,False,https://catholicindex.org/mass-times/encino-new-mexico,2026-02-22T04:55:20.040279+00:00
us-nm-veguita-san-juan-mission-45c54797,San Juan,1317 NM-304,Veguita,New Mexico,34.511199,-106.768462,(505) 864-4461 or (505) 864-4170 (Emergencies),http://olslajoyanm.org/,2,0,0,False,https://catholicindex.org/mass-times/belen-new-mexico,2026-02-22T04:53:24.543916+00:00
us-nm-velarde-nuestra-señora-de-guadalupe-mission-chapel-historic-church-2e674ef2,Chapel of Nuestra Señora de Guadalupe (Historic Church),14 Private Rd 1043,Velarde,New Mexico,36.14937867,-105.9891925,(505) 579-4389 or (575) 587-0399 (Emergencies),http://www.dixonpenascocc.org,3,0,0,False,https://catholicindex.org/mass-times/chamisal-new-mexico,2026-02-22T04:54:14.121356+00:00
us-nm-villanueva-nuestra-señora-de-guadalupe-34d39b35,Nuestra Señora de Guadalupe,1228 NM-3,Villanueva,New Mexico,35.2658304,-105.36174926,575.421.2548,http://archdiosf.org/parishfinder,2,0,0,False,https://catholicindex.org/mass-times/anton-chico-new-mexico,2026-02-22T04:53:10.347670+00:00
us-nm-wagon-mound-santa-clara-fbf171d6,Santa Clara,501 Nolan St,Wagon Mound,New Mexico,36.00779775,-104.70515002,(575) 666-2478 or (575) 485-9633,http://www.facebook.com/profile.php?id=100064434352745,0,0,0,False,https://catholicindex.org/mass-times/ocate-new-mexico,2026-02-22T04:58:17.112632+00:00
us-nm-waterflow-sacred-heart-bbda86e3,Sacred Heart,9 Rd 6820,Waterflow,New Mexico,36.75284785,-108.4543237,(505) 598-5454 ,http://dioceseofgallup.org/parishes/new-mexico-parishes/waterflow-sacred-heart/,1,0,0,False,https://catholicindex.org/mass-times/farmington-new-mexico,2026-02-22T04:55:27.695675+00:00
us-tx-westway-immaculate-heart-of-mary-ac5f1690,Immaculate Heart of Mary,8300 De Alva Rd,Westway,Texas,31.95958804,-106.57561453,(915) 886-3539,http://www.elpasodiocese.org/parishes.html,62,0,0,False,https://catholicindex.org/mass-times/anthony-new-mexico,2026-02-22T04:53:06.908864+00:00
us-az-wheatfields-mission-of-our-lady-of-the-lake-55a4a12c,Mission of Our Lady of the Lake,Wheatfields Arizona 86507,Wheatfields,Arizona,36.23875,-109.12625,19287872322,$undefined,0,0,0,False,https://catholicindex.org/mass-times/navajo-new-mexico,2026-02-22T04:58:08.205416+00:00
us-nm-white-rock-st-joseph-mission-fcf02b53,St. Joseph,196 Meadow Ln,White Rock,New Mexico,35.8288406,-106.20056725,(505) 662-6921 or (505) 672-1270,http://ihmcc.org,3,0,0,False,https://catholicindex.org/mass-times/chimayo-new-mexico,2026-02-22T04:54:17.146748+00:00
us-nm-white-sands-missile-range-sierra-chapel-catholic-community-483341ed,Sierra Chapel Catholic Community,265,White Sands Missile Range,New Mexico,33.25375,-106.34625,15756782740,$undefined,0,0,0,False,https://catholicindex.org/mass-times/tularosa-new-mexico,2026-02-22T05:00:53.360105+00:00
us-nm-willard-our-lady-of-sorrows-mission-fb587e78,Our Lady of Sorrows,909 Becker Ave,Willard,New Mexico,34.59781944,-106.03412368,(505) 847-2291 or (505) 226-2786 (Emergencies),http://www.stalicenm.com/,2,0,0,False,https://catholicindex.org/mass-times/estancia-new-mexico,2026-02-22T04:55:23.216745+00:00
us-nm-youngsville-san-pedro-mission-7d4b9fc7,San Pedro,19 Co Rd 201,Youngsville,New Mexico,36.18901528,-106.55660756,(505) 685-4462,http://www.stthomasabiquiu.com/,0,0,0,False,https://catholicindex.org/mass-times/abiquiu-new-mexico,2026-02-22T04:52:51.843234+00:00
us-nm-zia-pueblo-our-lady-of-the-assumption-mission-4898aee3,Our Lady of the Assumption,Zia Blvd,Zia Pueblo,New Mexico,35.50654665,-106.72197641,(575) 834-7300,http://www.facebook.com/SanDiegoMissionJemezPueblo/,0,0,0,False,https://catholicindex.org/mass-times/algodones-new-mexico,2026-02-22T04:52:57.872463+00:00
us-nm-zuni-st-anthony-b88904d1,St. Anthony,11 St Anthony Dr,Zuni,New Mexico,35.07112373,-108.85222313,(505) 782-2014,http://stanthonyzuni.org/,8,0,0,False,https://catholicindex.org/mass-times/vanderwagen-new-mexico,2026-02-22T05:01:05.223307+00:00
