Date,Date Sort,Day,Church,Address,Phone,Category,Time,End Time,Service Name,Language,Location,Notes
"Sat, Feb 21, 2026",2026-02-21,Saturday,Assumption of the Blessed Virgin Mary,"711 W Hickory Ave, Duncan",(580) 255-0590,Mass,4:00 PM,,Mass,english,Duncan,
"Sat, Feb 21, 2026",2026-02-21,Saturday,Assumption of the Blessed Virgin Mary,"711 W Hickory Ave, Duncan",(580) 255-0590,Mass,6:00 PM,,Mass,spanish,Duncan,
"Sat, Feb 21, 2026",2026-02-21,Saturday,Blessed Sacrament,"12 SW 7th St, Lawton",(580) 355-2054,Mass,5:00 PM,,Mass,English,,vigil
"Sat, Feb 21, 2026",2026-02-21,Saturday,Blessed Sacrament,"520 N St, Thomas",15807723209,Mass,5:00 PM,,Mass,english,"St. Eugene, Weatherford",
"Sat, Feb 21, 2026",2026-02-21,Saturday,Blessed Stanley Rother Shrine,"700 SE 89th St, Oklahoma City",(405) 421-9800,Mass,12:15 PM,,Mass,english,Blessed Stanley Rother Shrine,
"Sat, Feb 21, 2026",2026-02-21,Saturday,Blessed Stanley Rother Shrine,"700 SE 89th St, Oklahoma City",(405) 421-9800,Mass,5:00 PM,,Mass,english,Blessed Stanley Rother Shrine,vigil
"Sat, Feb 21, 2026",2026-02-21,Saturday,Cathedral of Our Lady of Perpetual Help,"3214 N Lake Ave, Oklahoma City",(405) 525-2349,Mass,5:00 PM,,Mass,english,,vigil
"Sat, Feb 21, 2026",2026-02-21,Saturday,Cathedral of Our Lady of Perpetual Help,"3214 N Lake Ave, Oklahoma City",(405) 525-2349,Mass,8:30 AM,,Mass,English,,
"Sat, Feb 21, 2026",2026-02-21,Saturday,Chapel of St. Joseph,"7th and Seminole, Wewoka",(405) 382-3602,Mass,5:30 PM,,Mass,English,,vigil
"Sat, Feb 21, 2026",2026-02-21,Saturday,Chapel of St. Joseph,"7th and Seminole, Wewoka",(405) 382-3602,Mass,8:00 AM,,Mass,english,,
"Sat, Feb 21, 2026",2026-02-21,Saturday,Christ the King,"8005 Dorset Dr, Oklahoma City",(405) 842-1481,Mass,5:00 PM,,Vigil Mass,english,,vigil
"Sat, Feb 21, 2026",2026-02-21,Saturday,Christ the King,"1520 S Rockford Ave, Tulsa",(918) 584-4788,Mass,5:00 PM,,Mass,english,,vigil
"Sat, Feb 21, 2026",2026-02-21,Saturday,Christ the King,"2112 S Greenwood Ave, Fort Smith",(479) 783-7745,Mass,6:00 PM,,Mass,English,Main Church,
"Sat, Feb 21, 2026",2026-02-21,Saturday,Church of Saint Benedict,"2200 W Ithica St, Broken Arrow",+1-918-455-4451,Mass,5:00 PM,,Mass,English,,vigil
"Sat, Feb 21, 2026",2026-02-21,Saturday,Epiphany of the Lord,"7336 W Britton Rd, Oklahoma City",(405) 722-2110,Mass,5:30 PM,,Mass,English,,
"Sat, Feb 21, 2026",2026-02-21,Saturday,Holy Cross,"708 SW 15th St, Wagoner",539-209-9988,Mass,8:30 AM,,Mass,English,"Holy Cross Catholic Church, Wagoner, OK",
"Sat, Feb 21, 2026",2026-02-21,Saturday,Holy Family,"1010 NW 82nd St, Lawton",(580) 536-6351,Mass,4:30 PM,,Mass,English,Church,vigil
"Sat, Feb 21, 2026",2026-02-21,Saturday,Holy Family Cathedral,"820 S Boulder Ave, Tulsa",918-582-6247,Mass,5:00 PM,,Mass,English,Holy Family Cathedral,vigil
"Sat, Feb 21, 2026",2026-02-21,Saturday,Holy Family Cathedral,"820 S Boulder Ave, Tulsa",918-582-6247,Mass,8:00 AM,,Mass,English,Holy Family Cathedral,
"Sat, Feb 21, 2026",2026-02-21,Saturday,Holy Innocents,"6114 N.W 63rd, Warr Acres",(580) 255-0590,Mass,5:00 PM,,Mass,English,,vigil
"Sat, Feb 21, 2026",2026-02-21,Saturday,Holy Innocents,"6114 N.W 63rd, Warr Acres",(580) 255-0590,Mass,8:00 AM,,Mass,english,Chapel,
"Sat, Feb 21, 2026",2026-02-21,Saturday,Holy Name,"408 Willow St, Coffeyville",(620) 251-0475,Mass,4:30 PM,,Mass,English,Holy Name Catholic Church,
"Sat, Feb 21, 2026",2026-02-21,Saturday,Holy Rosary,"912 Cherokee Ave, Hartshorne",(918) 308-3312,Mass,7:00 PM,,Mass,spanish,Holy Rosary Parish,Hartshorne; vigil
"Sat, Feb 21, 2026",2026-02-21,Saturday,Holy Spirit,"1100 N Sara Rd, Mustang",(405) 376-9435,Mass,5:00 PM,,Mass,english,Holy Spirit Catholic Church,vigil
"Sat, Feb 21, 2026",2026-02-21,Saturday,Holy Trinity,"211 W Missouri Ave, Okarche",(405) 263-7930,Mass,4:30 PM,,Mass,English,,vigil
"Sat, Feb 21, 2026",2026-02-21,Saturday,Immaculate Conception,"22 N 13th St, Fort Smith",(479) 783-7963,Mass,5:00 PM,,Mass,English,,vigil
"Sat, Feb 21, 2026",2026-02-21,Saturday,Immaculate Conception,"502 N Bagwell St, Poteau",(918) 647-3475,Mass,5:00 PM,,Vigil Mass,English,Immaculate Conception Church,
"Sat, Feb 21, 2026",2026-02-21,Saturday,Immaculate Conception,"22 N 13th St, Fort Smith",(479) 783-7963,Mass,7:00 AM,,Mass,english,,
"Sat, Feb 21, 2026",2026-02-21,Saturday,Immaculate Conception Catholic Church,"196 Bearden Springs Rd, Hugo",(580) 326-7300,Mass,5:00 PM,,Mass,English,Immaculate Conception Catholic Church,vigil
"Sat, Feb 21, 2026",2026-02-21,Saturday,Immaculate Heart of Mary,"239 N Freehome Ave, Calumet",(405) 263-7930,Mass,4:30 PM,,Mass,English,,vigil
"Sat, Feb 21, 2026",2026-02-21,Saturday,Korean Martyrs,"2600 SW 74th St, Oklahoma City",(405) 681-6464,Mass,8:15 AM,,Mass,english,Korean Martyrs Church,
"Sat, Feb 21, 2026",2026-02-21,Saturday,Korean Martyrs,"2600 SW 74th St, Oklahoma City",(405) 681-6464,Mass,8:15 AM,,Mass,english,Korean Martyrs Church,
"Sat, Feb 21, 2026",2026-02-21,Saturday,Little Flower Church (Our Lady of Mount Carmel and St. Thérèse of Lisieux),"1125 S Walker Ave, Oklahoma City",(405) 235-2037,Mass,5:00 PM,,Mass,english,,
"Sat, Feb 21, 2026",2026-02-21,Saturday,Little Flower Church (Our Lady of Mount Carmel and St. Thérèse of Lisieux),"1125 S Walker Ave, Oklahoma City",(405) 235-2037,Mass,6:30 PM,,Mass,spanish,,
"Sat, Feb 21, 2026",2026-02-21,Saturday,Mercy hospital,"4300 W Memorial Rd, Oklahoma City",(405) 752-3315,Mass,5:00 PM,,Mass,English,Mercy Chapel,
"Sat, Feb 21, 2026",2026-02-21,Saturday,Most Precious Blood,"3029 S 57th W Ave, Tulsa",918-615-8404,Mass,9:00 AM,,Holy Mass,English,,
"Sat, Feb 21, 2026",2026-02-21,Saturday,Mother of God,"1105 4th St, Oswego",(620) 795-2262,Mass,4:00 PM,,Vigil Mass,English,Oswego - Mary Mother of God,vigil
"Sat, Feb 21, 2026",2026-02-21,Saturday,Mother of Sorrows,"521 E Wallace Ave, Apache",(580) 492-5914,Mass,5:00 PM,,Mass,English,Mother of Sorrows,
"Sat, Feb 21, 2026",2026-02-21,Saturday,National Shrine of the Infant Jesus of Prague,"304 Jim Thorpe Blvd, Prague",(405) 567-3080,Mass,5:00 PM,,Mass,bilingual,National Shrine of the Infant Jesus,vigil
"Sat, Feb 21, 2026",2026-02-21,Saturday,Our Lady of Clear Creek Abbey,"5804 W Monastery Rd, Hulbert",(918) 772-2454,Mass,6:50 AM,,Low Mass,English,,
"Sat, Feb 21, 2026",2026-02-21,Saturday,Our Lady of Clear Creek Abbey,"5804 W Monastery Rd, Hulbert",(918) 772-2454,Mass,6:55 AM,,Low Mass,English,,Low Mass
"Sat, Feb 21, 2026",2026-02-21,Saturday,Our Lady of Lebanon (Maronite),"500 Alameda St, Norman",(405) 321-3097,Mass,4:30 PM,,Mass,English,,
"Sat, Feb 21, 2026",2026-02-21,Saturday,Our Lady of Lebanon (Maronite),"500 Alameda St, Norman",(405) 321-3097,Mass,4:30 PM,,Mass,English,,"Mon, Tue, Wed, Thu, Fri, Sat; see also Saturday"
"Sat, Feb 21, 2026",2026-02-21,Saturday,Our Lady of Victory,"307 W Jefferson St, Purcell",(405) 527-3077,Mass,5:00 PM,,Mass,english,,vigil
"Sat, Feb 21, 2026",2026-02-21,Saturday,Our Lady of Victory,"3300 Clarksville St, Paris",(903) 784-1000,Mass,5:30 PM,,Mass,english,,vigil
"Sat, Feb 21, 2026",2026-02-21,Saturday,Our Lady of the Lake,"450 E Cimarron Dr, Mannford",918-245-5840,Mass,10:00 AM,,SATURDAY VIGIL MASS,English,,
"Sat, Feb 21, 2026",2026-02-21,Saturday,Our Lady of the Lake,"450 E Cimarron Dr, Mannford",918-245-5840,Mass,5:00 AM,,SATURDAY VIGIL MASS,English,,
"Sat, Feb 21, 2026",2026-02-21,Saturday,Our Mother of Mercy,"1325 Main St, Waynoka",(580) 327-0339,Mass,4:00 PM,,Mass,English,Waynoka,Winter
"Sat, Feb 21, 2026",2026-02-21,Saturday,Our Mother of Mercy,"1325 Main St, Waynoka",(580) 327-0339,Mass,5:00 PM,,Mass,English,Waynoka,
"Sat, Feb 21, 2026",2026-02-21,Saturday,Parish of Christ the King,"1520 S Rockford Ave, Tulsa",+1-918-584-4788,Mass,5:00 PM,,Mass,english,,vigil
"Sat, Feb 21, 2026",2026-02-21,Saturday,Prince of Peace,"1500 Falcon Rd, Altus",(580) 482-3363,Mass,5:00 PM,,Mass,English,,
"Sat, Feb 21, 2026",2026-02-21,Saturday,Resurrection,"4804 S Fulton Ave, Tulsa",(918) 663-1907,Mass,5:00 PM,,Mass,english,,vigil
"Sat, Feb 21, 2026",2026-02-21,Saturday,ST MARK CATHOLIC CHURCH,"1507 S Vann St, Pryor",+1-918-825-4186,Mass,4:30 PM,,Mass,English,,
"Sat, Feb 21, 2026",2026-02-21,Saturday,Sacred Heart,"208 S Evans Ave, El Reno",(405) 262-1405,Mass,4:00 PM,,Vigil Mass,English,Sacred Heart,vigil
"Sat, Feb 21, 2026",2026-02-21,Saturday,Sacred Heart,"301 N Main St, Mooreland",(580) 256-5305,Mass,4:00 PM,,Vigil Mass,english,Sacred Heart in Mooreland,vigil
"Sat, Feb 21, 2026",2026-02-21,Saturday,Sacred Heart,"2515 N Main St, Miami",(918) 542-5281,Mass,5:00 PM,,Mass,english,Sacred Heart Catholic Church,
"Sat, Feb 21, 2026",2026-02-21,Saturday,Sacred Heart,"2515 N Main St, Miami",(918) 542-5281,Mass,5:00 PM,,Mass,english,Sacred Heart Catholic Church,Mass
"Sat, Feb 21, 2026",2026-02-21,Saturday,Sacred Heart,"714 N Main St, Muenster",(940) 759-2500,Mass,5:00 PM,,Mass,English,,vigil; livestream; Vigil
"Sat, Feb 21, 2026",2026-02-21,Saturday,Sacred Heart,"109 W 5th St, Skiatook",(918) 396-1179,Mass,5:00 PM,,Mass,English,Sacred Heart Church,
"Sat, Feb 21, 2026",2026-02-21,Saturday,Sacred Heart,"1777 E Grayson Ave, Sapulpa",(918) 224-0944,Mass,5:30 PM,,Vigil Mass,english,,vigil
"Sat, Feb 21, 2026",2026-02-21,Saturday,Sacred Heart,"320 S B Street, Arkansas City",(620) 442-0566,Mass,6:00 PM,,Mass,english,Sacred Heart Catholic Church,vigil
"Sat, Feb 21, 2026",2026-02-21,Saturday,Sacred Heart,"2515 N Main St, Miami",(918) 542-5281,Mass,7:00 PM,,Mass,spanish,Sacred Heart Catholic Church,
"Sat, Feb 21, 2026",2026-02-21,Saturday,Sacred Heart,"2515 N Main St, Miami",(918) 542-5281,Mass,7:00 PM,,Mass,spanish,Sacred Heart Catholic Church,Mass
"Sat, Feb 21, 2026",2026-02-21,Saturday,Sacred Heart,"2706 S Shartel Ave, Oklahoma City",(405) 634-2458,Mass,7:00 PM,,Mass,spanish,,vigil
"Sat, Feb 21, 2026",2026-02-21,Saturday,Sacred Heart,"2706 S Shartel Ave, Oklahoma City",(405) 634-2458,Mass,8:30 AM,,Mass,spanish,,
"Sat, Feb 21, 2026",2026-02-21,Saturday,Sacred Heart of Mary,"1301 Frank St, Barling",(479) 452-1795 or (479) 522-4245 (Fr. Tuyen),Mass,6:00 PM,,Mass,english,"Sacred Heart of Mary, Barling",
"Sat, Feb 21, 2026",2026-02-21,Saturday,Saint Patrick Catholic Church,"202 E Ohio Ave, Walters",+1-580-255-0590,Mass,4:00 PM,,Mass,English,,
"Sat, Feb 21, 2026",2026-02-21,Saturday,Saint Patrick Catholic Church,"202 E Ohio Ave, Walters",+1-580-255-0590,Mass,6:00 PM,,Mass,spanish,,
"Sat, Feb 21, 2026",2026-02-21,Saturday,San Jose,"12th St and Lincoln St, Ryan",(580) 255-0590,Mass,4:00 PM,,Mass,English,,
"Sat, Feb 21, 2026",2026-02-21,Saturday,San Jose,"12th St and Lincoln St, Ryan",(580) 255-0590,Mass,6:00 PM,,Mass,spanish,,
"Sat, Feb 21, 2026",2026-02-21,Saturday,St Catherine of Alexandria Catholic Church,"4532 S 25th W Ave, Tulsa",(918) 446-8124,Mass,5:00 PM,,Mass,english,,vigil
"Sat, Feb 21, 2026",2026-02-21,Saturday,St Catherine of Alexandria Catholic Church,"4532 S 25th W Ave, Tulsa",(918) 446-8124,Mass,8:15 AM,,Mass,English,,does not fulfill Sunday obligation
"Sat, Feb 21, 2026",2026-02-21,Saturday,St Elizabeth Catholic Church,"1653 113th St NW, Grove",+1-918-786-9312,Mass,5:30 PM,,Mass,English,St. Elizabeth Catholic Church,vigil
"Sat, Feb 21, 2026",2026-02-21,Saturday,St Matthew's Catholic Church-Elk City,"3001 E State Hwy 66, Elk City",+1-580-225-0066,Mass,5:00 PM,6:00 PM,Mass: Elk City,English,Elk City,Mass: Elk City
"Sat, Feb 21, 2026",2026-02-21,Saturday,St Thomas More University Parish and Student Center,"100 Stinson St, Norman",(405) 321-0990,Mass,5:00 PM,,Mass Vigil,English,,There is no Vigil Mass on OU Football home games; vigil
"Sat, Feb 21, 2026",2026-02-21,Saturday,St. Andrew,"800 NW 5th St, Moore",(405) 799-3334,Mass,5:00 PM,,Mass,English,St. Andrew the Apostle Catholic Church,Check Bulletin for Possible Changes in Mass Times
"Sat, Feb 21, 2026",2026-02-21,Saturday,St. Andrew Dung-Lac,"3115 SW 59th St, Oklahoma City",(405) 681-2665,Mass,6:00 PM,,Mass,vietnamese,3115 S. W. 59th St Oklahoma City,
"Sat, Feb 21, 2026",2026-02-21,Saturday,St. Ann,"536 S Gypsy, Shidler",(918) 287-1414,Mass,5:30 PM,,Mass,english,St. Ann Parish,Shidler
"Sat, Feb 21, 2026",2026-02-21,Saturday,St. Anne,"301 S 9th St, Broken Arrow",(918) 251-4000,Mass,5:00 PM,,Mass,English,,vigil
"Sat, Feb 21, 2026",2026-02-21,Saturday,St. Anne,"301 S 9th St, Broken Arrow",(918) 251-4000,Mass,8:00 AM,,Mass,English,,
"Sat, Feb 21, 2026",2026-02-21,Saturday,St. Anthony,"515 S Morton Ave, Okmulgee",(918) 756-4385,Mass,5:00 PM,,Mass Vigil,English,St. Anthony,vigil
"Sat, Feb 21, 2026",2026-02-21,Saturday,St. Anthony of Padua,"1510 N Calhoun Ave , Liberal",(620) 624-4135,Mass,5:30 PM,,Mass,english,,
"Sat, Feb 21, 2026",2026-02-21,Saturday,St. Anthony of Padua,"1510 N Calhoun Ave , Liberal",(620) 624-4135,Mass,7:00 PM,,Mass,spanish,,
"Sat, Feb 21, 2026",2026-02-21,Saturday,St. Benedict,"2200 W Ithica St, Broken Arrow",(918) 455-4451,Mass,5:00 PM,,Vigil Mass,English,,
"Sat, Feb 21, 2026",2026-02-21,Saturday,St. Benedict,"632 N Kickapoo Ave, Shawnee",(405) 275-0001,Mass,5:30 PM,,Mass,English,,vigil; Sunday anticipated
"Sat, Feb 21, 2026",2026-02-21,Saturday,St. Benedict,"632 N Kickapoo Ave, Shawnee",(405) 275-0001,Mass,8:00 AM,,Mass,english,,
"Sat, Feb 21, 2026",2026-02-21,Saturday,St. Bernard of Clairvaux,"4001 E 101st St, Tulsa",(918) 299-9406,Mass,5:00 PM,,Mass,English,,vigil
"Sat, Feb 21, 2026",2026-02-21,Saturday,St. Bernard of Clairvaux,"4001 E 101st St, Tulsa",(918) 299-9406,Mass,8:30 AM,,Mass,English,main church,
"Sat, Feb 21, 2026",2026-02-21,Saturday,St. Boniface,"204 N 18th St, Fort Smith",(479) 783-6711,Mass,4:00 PM,,Mass,english,St. Boniface,vigil
"Sat, Feb 21, 2026",2026-02-21,Saturday,St. Brigid,"807 Crafton St, Tahlequah",(918) 456-8388,Mass,5:00 PM,,Mass,English,,vigil; Vigil
"Sat, Feb 21, 2026",2026-02-21,Saturday,St. Brigid,"807 Crafton St, Tahlequah",(918) 456-8388,Mass,9:00 AM,,Mass of Reparation to the Immaculate Heart of Mary,English,,followed by recitation of the Rosary at 9:30am
"Sat, Feb 21, 2026",2026-02-21,Saturday,St. Catherine of Siena,"205 W Bert St, Pauls Valley",(405) 238-3741,Mass,7:00 PM,,Mass,spanish,,vigil
"Sat, Feb 21, 2026",2026-02-21,Saturday,St. Cecilia,"1304 N Dorothy Ave, Claremore",(918) 341-2343,Mass,5:00 PM,,Mass,English,,vigil
"Sat, Feb 21, 2026",2026-02-21,Saturday,St. Charles Borromeo,"5024 N Grove, Warr Acres",(405) 789-2595,Mass,5:00 PM,,Mass,english,,
"Sat, Feb 21, 2026",2026-02-21,Saturday,St. Clement,"15501 S Memorial Dr, Bixby",(918) 366-3166,Mass,5:00 PM,,Mass,English,St. Clement Catholic Church,
"Sat, Feb 21, 2026",2026-02-21,Saturday,St. Clement,"15501 S Memorial Dr, Bixby",(918) 366-3166,Mass,7:00 PM,,Mass,spanish,St. Clement Catholic Church,
"Sat, Feb 21, 2026",2026-02-21,Saturday,St. Damien of Molokai,"8455 NW 234th St, Edmond",(405) 330-9968,Mass,6:00 AM,,Low Mass,English,,note: cancelled if only one priest available
"Sat, Feb 21, 2026",2026-02-21,Saturday,St. Damien of Molokai,"8455 NW 234th St, Edmond",(405) 330-9968,Mass,6:00 PM,,High Mass,English,,
"Sat, Feb 21, 2026",2026-02-21,Saturday,St. Damien of Molokai,"8455 NW 234th St, Edmond",(405) 330-9968,Mass,8:00 AM,,Low Mass,English,,
"Sat, Feb 21, 2026",2026-02-21,Saturday,St. Elizabeth,"1653 113th St NW, Grove",(918) 786-9312,Mass,5:30 PM,,Mass,English,St. Elizabeth Catholic Church,vigil
"Sat, Feb 21, 2026",2026-02-21,Saturday,St. Eugene,"2400 W Hefner Rd, Oklahoma City",(405) 751-7115,Mass,5:00 PM,,Mass,english,Church,vigil
"Sat, Feb 21, 2026",2026-02-21,Saturday,St. Eugene,"704 N Bryan St, Weatherford",(580) 772-3209,Mass,5:00 PM,,Mass,english,"St. Eugene, Weatherford",vigil
"Sat, Feb 21, 2026",2026-02-21,Saturday,St. Frances of Rome,"13286 Oklahoma 28, Langley",(918) 782-2248,Mass,6:30 PM,,Vigil Mass,English,,
"Sat, Feb 21, 2026",2026-02-21,Saturday,St. Francis Hospital Chapel,"6161 S Yale Ave, Tulsa",,Mass,9:00 AM,,Mass,English,Saint Francis Hospital Chapel,livestream; note: Televised in patient rooms on Channel 15
"Sat, Feb 21, 2026",2026-02-21,Saturday,St. Francis Xavier,"110 N Madison St, Enid",(580) 237-0812,Mass,5:00 PM,,Mass,English,St. Francis Xavier,vigil
"Sat, Feb 21, 2026",2026-02-21,Saturday,St. Francis Xavier,"711 N Country Club Rd, Stillwater",(405) 372-6886,Mass,5:00 PM,,Mass,English,,vigil
"Sat, Feb 21, 2026",2026-02-21,Saturday,St. Francis Xavier,"711 N Country Club Rd, Stillwater",(405) 372-6886,Mass,9:00 AM,,Mass,english,,
"Sat, Feb 21, 2026",2026-02-21,Saturday,St. Francis of Assisi,"1901 NW 18th St, Oklahoma City",(405) 528-0485,Mass,5:00 PM,,Mass,english,,vigil
"Sat, Feb 21, 2026",2026-02-21,Saturday,St. Francis of Assisi,"1901 NW 18th St, Oklahoma City",(405) 528-0485,Mass,8:30 AM,,Mass,english,,
"Sat, Feb 21, 2026",2026-02-21,Saturday,St. Gregory's Abbey,"1900 W MacArthur St, Shawnee",(405) 878-5491,Mass,5:30 AM,,Vigils,English,,
"Sat, Feb 21, 2026",2026-02-21,Saturday,St. James,"5500 Douglas Ln, Bartlesville",(918) 335-0844,Mass,4:30 PM,,Vigil Mass,English,St. James Parish - Bartlesville,vigil
"Sat, Feb 21, 2026",2026-02-21,Saturday,St. James,"5500 Douglas Ln, Bartlesville",(918) 335-0844,Mass,8:30 AM,,Mass,English,St. James Parish - Bartlesville,
"Sat, Feb 21, 2026",2026-02-21,Saturday,St. James the Greater,"4201 S McKinley Ave, Oklahoma City",(405) 636-6800,Mass,4:00 PM,,Mass,English,,vigil
"Sat, Feb 21, 2026",2026-02-21,Saturday,St. James the Greater,"4201 S McKinley Ave, Oklahoma City",(405) 636-6800,Mass,7:00 PM,,Mass,spanish,,vigil
"Sat, Feb 21, 2026",2026-02-21,Saturday,St. John,"300 E Washington Ave, Mcalester",(918) 423-0810,Mass,5:00 PM,,Mass,English,Church,vigil
"Sat, Feb 21, 2026",2026-02-21,Saturday,St. John Nepomuk,"600 S Garth Brooks Blvd, Yukon",(405) 354-2743,Mass,5:00 PM,,Mass,English,,vigil
"Sat, Feb 21, 2026",2026-02-21,Saturday,St. John the Baptist,"900 S Littler Ave, Edmond",(405) 340-0691,Mass,4:30 PM,,Mass,English,St. John the Baptist Catholic Church,vigil
"Sat, Feb 21, 2026",2026-02-21,Saturday,St. John the Baptist,"900 S Littler Ave, Edmond",(405) 340-0691,Mass,7:30 AM,,Mass,English,St. John the Baptist Catholic Church,
"Sat, Feb 21, 2026",2026-02-21,Saturday,St. John the Evangelist,"8th St and Oak St, Pawnee",(918) 225-0644,Mass,5:00 PM,,SUNDAY MASS,English,,vigil
"Sat, Feb 21, 2026",2026-02-21,Saturday,St. John the Evangelist,"32136 Hwy 82, Cookson",(918) 775-6217,Mass,6:00 PM,,Mass,english,St. John the Evangelist Parish,Cookson
"Sat, Feb 21, 2026",2026-02-21,Saturday,St. Joseph,"1300 E Beverly St, Ada",(580) 332-4811,Mass,5:00 PM,,Mass,english,"St. Joseph, Ada",vigil
"Sat, Feb 21, 2026",2026-02-21,Saturday,St. Joseph,"109 Denison, Nocona",(940) 538-4214,Mass,5:00 PM,,Mass,English,,Mass
"Sat, Feb 21, 2026",2026-02-21,Saturday,St. Joseph,"211 N Porter, Norman",(405) 321-8080,Mass,5:00 PM,,Mass,english,Main Church,vigil
"Sat, Feb 21, 2026",2026-02-21,Saturday,St. Joseph,"290 NW Church St, Krebs",(918) 423-6695,Mass,5:30 PM,,Mass,english,,
"Sat, Feb 21, 2026",2026-02-21,Saturday,St. Joseph,"324 SW 2nd St, Buffalo",(580) 256-5305,Mass,6:30 PM,,Vigil Mass,bilingual,St. Joseph in Buffalo,vigil
"Sat, Feb 21, 2026",2026-02-21,Saturday,St. Joseph,"211 N Porter, Norman",(405) 321-8080,Mass,8:00 AM,,Mass,english,Chapel,
"Sat, Feb 21, 2026",2026-02-21,Saturday,St. Joseph Old Cathedral,"307 NW 4th St, Oklahoma City",(405) 235-4565,Mass,4:00 PM,,Mass,English,,vigil
"Sat, Feb 21, 2026",2026-02-21,Saturday,St. Joseph [Thánh Giuse],"14905 E 21st St S, Tulsa",(918) 438-1380,Mass,5:00 PM,,Mass,English,,vigil
"Sat, Feb 21, 2026",2026-02-21,Saturday,St. Joseph's Catholic Church,"211 N Porter Ave, Norman",+1-405-321-8080,Mass,5:00 PM,,Mass,english,Main Church,vigil
"Sat, Feb 21, 2026",2026-02-21,Saturday,St. Joseph's Catholic Church,"211 N Porter Ave, Norman",+1-405-321-8080,Mass,8:00 AM,,Mass,english,Chapel,
"Sat, Feb 21, 2026",2026-02-21,Saturday,St. Jude Thaddeus,"600 Davey Dr, Burkburnett",(940) 569-1222,Mass,5:00 PM,,Mass,english,St. Jude Thaddeus,Burkburnett; vigil
"Sat, Feb 21, 2026",2026-02-21,Saturday,St. Kateri Tekakwitha,"110841 S 4760 Rd, Roland",(918) 775-6217,Mass,7:30 PM,,Mass,english,St. Kateri Tekakwitha,Roland
"Sat, Feb 21, 2026",2026-02-21,Saturday,St. Margaret Mary,"700 N Grand, Crescent",(405) 282-4239,Mass,4:30 PM,,Vigil Mass,English,,vigil
"Sat, Feb 21, 2026",2026-02-21,Saturday,St. Mark,"1507 S Vann St, Pryor",(918) 825-4186,Mass,4:30 PM,,Mass,English,St. Mark Catholic Church,
"Sat, Feb 21, 2026",2026-02-21,Saturday,St. Mark the Evangelist,"3939 W Tecumseh Rd, Norman",(405) 366-7676,Mass,5:00 PM,,Mass,English,,
"Sat, Feb 21, 2026",2026-02-21,Saturday,St. Mary,"411 N Elm St, Guthrie",(405) 282-4239,Mass,4:30 PM,,Mass,English,,vigil
"Sat, Feb 21, 2026",2026-02-21,Saturday,St. Mary,"1230 E 7th St, Joplin",14176233333,Mass,4:30 PM,,Mass,English,St. Mary’s Catholic Church,vigil; livestream
"Sat, Feb 21, 2026",2026-02-21,Saturday,St. Mary,"1218 Knox Ave, Clinton",(580) 323-0345,Mass,5:00 PM,,Mass,english,"St. Mary's Clinton, Ok",vigil
"Sat, Feb 21, 2026",2026-02-21,Saturday,St. Mary,"825 N Weaver St, Gainesville",(940) 665-5395,Mass,5:00 PM,,Mass,english,,vigil
"Sat, Feb 21, 2026",2026-02-21,Saturday,St. Mary,"707 E Ponca Ave, Ponca City",(580) 765-7794,Mass,5:00 PM,,Vigil Mass,english,St. Mary's,vigil
"Sat, Feb 21, 2026",2026-02-21,Saturday,St. Mary,"1347 E 49th Pl, Tulsa",(918) 749-1423,Mass,5:00 PM,,Mass,English,Church of Saint Mary,vigil
"Sat, Feb 21, 2026",2026-02-21,Saturday,St. Mary,"101 E Street SW, Ardmore",(580) 223-0231,Mass,5:30 PM,,Vigil Mass,English,,vigil
"Sat, Feb 21, 2026",2026-02-21,Saturday,St. Mary,"1347 E 49th Pl, Tulsa",(918) 749-1423,Mass,8:00 AM,,Mass,English,Church of Saint Mary,
"Sat, Feb 21, 2026",2026-02-21,Saturday,St. Mary ,"3035 S Central City Rd, Joplin",(417) 623-3333,Mass,4:30 PM,,Mass,English,,vigil; livestream
"Sat, Feb 21, 2026",2026-02-21,Saturday,St. Matthew,"3001 E Hwy 66, Elk City",(580) 225-0066,Mass,5:00 PM,,Mass,English,Elk City,vigil
"Sat, Feb 21, 2026",2026-02-21,Saturday,St. Michael,"1025 E Pointer Trail , Van Buren",(479) 471-1211,Mass,4:00 PM,,Mass,English,,
"Sat, Feb 21, 2026",2026-02-21,Saturday,St. Michael,"1025 E Pointer Trail , Van Buren",(479) 471-1211,Mass,8:00 AM,,Mass,English,,
"Sat, Feb 21, 2026",2026-02-21,Saturday,St. Michael and All Angels ,"101 E Texas St, Denison",(903) 821-7511,Mass,6:00 PM,,Mass,english,"101 East Texas St, Denison TX",vigil
"Sat, Feb 21, 2026",2026-02-21,Saturday,St. Monica,"2001 N Western Ave, Edmond",(405) 359-2700,Mass,5:00 PM,,Mass,English,Church,vigil
"Sat, Feb 21, 2026",2026-02-21,Saturday,St. Patrick,"2103 S Mississippi Ave (US Hwy 69/75), Atoka",(580) 924-1989,Mass,4:00 PM,,Mass,English,"St. Patrick, Atoka",
"Sat, Feb 21, 2026",2026-02-21,Saturday,St. Patrick,"314 N Rusk Ave, Denison",(903) 463-3275,Mass,5:00 PM,,Vigil Mass,English,,vigil
"Sat, Feb 21, 2026",2026-02-21,Saturday,St. Patrick,"2121 N Portland Ave, Oklahoma City",(405) 946-4441,Mass,5:00 PM,,Mass,english,,
"Sat, Feb 21, 2026",2026-02-21,Saturday,St. Patrick,"204 E 4th St, Sand Springs",(918) 245-5840,Mass,5:00 PM,,Mass,english,St. Patrick,
"Sat, Feb 21, 2026",2026-02-21,Saturday,St. Paul the Apostle,"3901 S Sunnylane Rd, Del City",(405) 677-4873,Mass,5:00 PM,,Mass,English,,Vigil
"Sat, Feb 21, 2026",2026-02-21,Saturday,St. Peter,"424 W Main St, Lindsay",(940) 668-7609,Mass,5:30 PM,,Mass,english,St. Peter's,vigil
"Sat, Feb 21, 2026",2026-02-21,Saturday,St. Peter Catholic Church,"East 2 and Quapaw, Lindsay",+1-405-527-3077,Mass,5:30 PM,,Mass,english,St. Peter's,vigil
"Sat, Feb 21, 2026",2026-02-21,Saturday,St. Peter the Apostle,"812 Pearl Ave, Joplin",(417) 623-8643,Mass,5:15 PM,,Mass,English,,
"Sat, Feb 21, 2026",2026-02-21,Saturday,St. Philip Neri,"1107 Felix Pl, Midwest City",(405) 737-4476,Mass,5:00 PM,,Mass,English,,
"Sat, Feb 21, 2026",2026-02-21,Saturday,St. Pius X,"1727 S 75th E Ave, Tulsa",(918) 622-4488,Mass,5:00 PM,,Mass,english,,
"Sat, Feb 21, 2026",2026-02-21,Saturday,St. Pius X,"1727 S 75th E Ave, Tulsa",(918) 622-4488,Mass,7:00 PM,,Mass,spanish,,
"Sat, Feb 21, 2026",2026-02-21,Saturday,St. Robert Bellarmine,"121 NW 1st St, Jones",(405) 399-1727,Mass,5:00 PM,,Mass,spanish,,
"Sat, Feb 21, 2026",2026-02-21,Saturday,St. Rose of Lima,"421 N 9th St, Perry",(580) 336-9300,Mass,4:00 PM,,Mass,English,,
"Sat, Feb 21, 2026",2026-02-21,Saturday,St. Rose of Lima,"900 N Clarence Nash Blvd, Watonga",(580) 623-7740,Mass,5:00 PM,,Mass,english,,vigil
"Sat, Feb 21, 2026",2026-02-21,Saturday,St. Teresa,"716 W Broadway St, Okemah",(918) 652-3445,Mass,5:00 PM,,Mass,english,St. Teresa,vigil
"Sat, Feb 21, 2026",2026-02-21,Saturday,St. Teresa of Avila,"1576 Tim Holt Dr, Harrah",(405) 454-2819,Mass,5:30 PM,,Vigil Mass,English,,
"Sat, Feb 21, 2026",2026-02-21,Saturday,St. Therese,"1007 N 19th St, Collinsville",(918) 371-2704,Mass,5:00 PM,,Mass,english,,vigil
"Sat, Feb 21, 2026",2026-02-21,Saturday,St. Thomas More,"2720 S 129th E Ave, Tulsa",(918) 437-0168,Mass,5:00 PM,,Mass,english,St. Thomas More Parish,vigil
"Sat, Feb 21, 2026",2026-02-21,Saturday,St. Thomas More,"2720 S 129th E Ave, Tulsa",(918) 437-0168,Mass,7:00 PM,,Mass,spanish,St. Thomas More Parish,vigil
"Sat, Feb 21, 2026",2026-02-21,Saturday,St. Thomas More,"2720 S 129th E Ave, Tulsa",(918) 437-0168,Mass,8:30 PM,,Mass,spanish,St. Thomas More Parish,vigil
"Sat, Feb 21, 2026",2026-02-21,Saturday,St. Vincent de Paul,"123 S 9th St, McLoud",(405) 964-5606,Mass,4:00 PM,,Mass,English,St. Vincent de Paul in Mcloud,vigil
"Sat, Feb 21, 2026",2026-02-21,Saturday,St. William,"802 W University Blvd, Durant",580-924-1989,Mass,9:00 AM,,Mass,English,"St. William, Durant",
"Sat, Feb 21, 2026",2026-02-21,Saturday,Sts. Peter and Paul,"309 S Main St, Kingfisher",(405) 375-4616 ,Mass,5:00 PM,,Mass,english,,
"Sat, Feb 21, 2026",2026-02-21,Saturday,Sts. Peter and Paul,"1419 N 67th E Ave, Tulsa",(918) 836-2596,Mass,5:00 PM,,Mass,english,,vigil
"Sat, Feb 21, 2026",2026-02-21,Saturday,Sts. Peter and Paul,"1419 N 67th E Ave, Tulsa",(918) 836-2596,Mass,7:00 PM,,Mass,spanish,,vigil
"Sat, Feb 21, 2026",2026-02-21,Saturday,Sts. Peter and Paul,"1419 N 67th E Ave, Tulsa",(918) 836-2596,Mass,8:00 AM,,Mass,english,,
"Sat, Feb 21, 2026",2026-02-21,Saturday,Sts. Sabina and Mary,"14304 Old Jenny Lind Loop, Jenny Lind",(479) 452-1795 ,Mass,4:00 PM,,Mass,English,"STS. SABINA & MARY, JENNY LIND",
"Sat, Feb 21, 2026",2026-02-21,Saturday,Assumption of the Blessed Virgin Mary,"711 W Hickory Ave, Duncan",(580) 255-0590,Confession,3:00 PM,3:45 PM,Confessions,English,Duncan,
"Sat, Feb 21, 2026",2026-02-21,Saturday,Blessed Sacrament,"12 SW 7th St, Lawton",(580) 355-2054,Confession,3:00 PM,4:30 PM,Confession,English,,
"Sat, Feb 21, 2026",2026-02-21,Saturday,Blessed Sacrament,"520 N St, Thomas",15807723209,Confession,4:30 PM,,Confession,spanish,"St. Eugene, Weatherford",
"Sat, Feb 21, 2026",2026-02-21,Saturday,Blessed Stanley Rother Shrine,"700 SE 89th St, Oklahoma City",(405) 421-9800,Confession,11:30 AM,12:00 PM,Confession,English,Blessed Stanley Rother Shrine,
"Sat, Feb 21, 2026",2026-02-21,Saturday,Cathedral of Our Lady of Perpetual Help,"3214 N Lake Ave, Oklahoma City",(405) 525-2349,Confession,3:00 PM,4:00 PM,Confession,English,,
"Sat, Feb 21, 2026",2026-02-21,Saturday,Cathedral of Our Lady of Perpetual Help,"3214 N Lake Ave, Oklahoma City",(405) 525-2349,Confession,3:00 PM,4:00 PM,Confession,English,,Every
"Sat, Feb 21, 2026",2026-02-21,Saturday,Chapel of St. Joseph,"7th and Seminole, Wewoka",(405) 382-3602,Confession,4:15 PM,5:00 PM,Sacrament of Reconciliation,English,,by appointment
"Sat, Feb 21, 2026",2026-02-21,Saturday,Christ the King,"8005 Dorset Dr, Oklahoma City",(405) 842-1481,Confession,3:30 PM,4:15 PM,Confession,English,,
"Sat, Feb 21, 2026",2026-02-21,Saturday,Christ the King,"8005 Dorset Dr, Oklahoma City",(405) 842-1481,Confession,3:30 PM,4:15 PM,Reconciliation,English,,by appointment; At the Penance Rite during Advent/Lent
"Sat, Feb 21, 2026",2026-02-21,Saturday,Christ the King,"2112 S Greenwood Ave, Fort Smith",(479) 783-7745,Confession,5:00 PM,,Confessions,English,Main Church,
"Sat, Feb 21, 2026",2026-02-21,Saturday,Church of Saint Benedict,"2200 W Ithica St, Broken Arrow",+1-918-455-4451,Confession,3:30 PM,4:45 PM,Confessions,English,,
"Sat, Feb 21, 2026",2026-02-21,Saturday,Epiphany of the Lord,"7336 W Britton Rd, Oklahoma City",(405) 722-2110,Confession,6:30 PM,,Reconciliation,English,Chapel,
"Sat, Feb 21, 2026",2026-02-21,Saturday,Holy Family,"1010 NW 82nd St, Lawton",(580) 536-6351,Confession,2:30 PM,4:00 PM,Confession,English,Church,note: or by appointment
"Sat, Feb 21, 2026",2026-02-21,Saturday,Holy Family Cathedral,"820 S Boulder Ave, Tulsa",918-582-6247,Confession,3:30 PM,,Confessions,English,Holy Family Cathedral,
"Sat, Feb 21, 2026",2026-02-21,Saturday,Holy Family Cathedral,"820 S Boulder Ave, Tulsa",918-582-6247,Confession,4:30 PM,,Confessions,English,Holy Family Cathedral,
"Sat, Feb 21, 2026",2026-02-21,Saturday,Holy Family Cathedral,"820 S Boulder Ave, Tulsa",918-582-6247,Confession,7:30 AM,,Confessions,English,Holy Family Cathedral,
"Sat, Feb 21, 2026",2026-02-21,Saturday,Holy Family of Nazareth,"2200 Roberts, Vernon",(940) 552-2895,Confession,4:30 PM,,Reconciliation,English,Vernon,
"Sat, Feb 21, 2026",2026-02-21,Saturday,Holy Name,"408 Willow St, Coffeyville",(620) 251-0475,Confession,3:30 PM,4:20 PM,Confessions,English,Holy Name Catholic Church,
"Sat, Feb 21, 2026",2026-02-21,Saturday,Holy Name of Jesus,"210 S 7th St, Chickasha",(405) 224-6068,Confession,5:30 PM,7:30 PM,Confession,English,,
"Sat, Feb 21, 2026",2026-02-21,Saturday,Holy Spirit,"1100 N Sara Rd, Mustang",(405) 376-9435,Confession,3:30 PM,4:30 PM,Confessions,English,Holy Spirit Catholic Church,also by appointment
"Sat, Feb 21, 2026",2026-02-21,Saturday,Holy Trinity,"211 W Missouri Ave, Okarche",(405) 263-7930,Confession,3:30 PM,,Confession,English,,
"Sat, Feb 21, 2026",2026-02-21,Saturday,Immaculate Conception,"22 N 13th St, Fort Smith",(479) 783-7963,Confession,3:30 PM,,Confessions,English,Church,note: through screen only; Or by appointment
"Sat, Feb 21, 2026",2026-02-21,Saturday,Immaculate Conception Catholic Church,"196 Bearden Springs Rd, Hugo",(580) 326-7300,Confession,4:00 PM,,Sacrament of Reconciliation,English,Immaculate Conception Catholic Church,
"Sat, Feb 21, 2026",2026-02-21,Saturday,Immaculate Heart of Mary,"239 N Freehome Ave, Calumet",(405) 263-7930,Confession,3:30 PM,,Confession,English,,
"Sat, Feb 21, 2026",2026-02-21,Saturday,Little Flower Church (Our Lady of Mount Carmel and St. Thérèse of Lisieux),"1125 S Walker Ave, Oklahoma City",(405) 235-2037,Confession,3:30 PM,,Confession,English,Church,
"Sat, Feb 21, 2026",2026-02-21,Saturday,Mother of Sorrows,"521 E Wallace Ave, Apache",(580) 492-5914,Confession,4:30 PM,,Confession,English,Mother of Sorrows,
"Sat, Feb 21, 2026",2026-02-21,Saturday,National Shrine of the Infant Jesus of Prague,"304 Jim Thorpe Blvd, Prague",(405) 567-3080,Confession,4:00 PM,6:00 PM,Confessions,English,National Shrine of the Infant Jesus,or by appointment
"Sat, Feb 21, 2026",2026-02-21,Saturday,National Shrine of the Infant Jesus of Prague,"304 Jim Thorpe Blvd, Prague",(405) 567-3080,Confession,5:45 PM,,Confessions,English,National Shrine of the Infant Jesus,immediately following Mass
"Sat, Feb 21, 2026",2026-02-21,Saturday,Our Lady of Victory,"3300 Clarksville St, Paris",(903) 784-1000,Confession,3:00 PM,5:00 PM,Confession,English,,
"Sat, Feb 21, 2026",2026-02-21,Saturday,Our Lady of the Lake,"450 E Cimarron Dr, Mannford",918-245-5840,Confession,4:00 AM,4:30 AM,Confessions,English,,
"Sat, Feb 21, 2026",2026-02-21,Saturday,Our Mother of Mercy,"1325 Main St, Waynoka",(580) 327-0339,Confession,3:30 PM,3:55 PM,Confession,English,Waynoka,Winter
"Sat, Feb 21, 2026",2026-02-21,Saturday,Our Mother of Mercy,"1325 Main St, Waynoka",(580) 327-0339,Confession,4:30 PM,5:00 PM,Confession,English,Waynoka,
"Sat, Feb 21, 2026",2026-02-21,Saturday,Our Mother of Mercy,"1325 Main St, Waynoka",(580) 327-0339,Confession,4:30 PM,4:55 PM,Confession,English,Waynoka,
"Sat, Feb 21, 2026",2026-02-21,Saturday,Parish of Christ the King,"1520 S Rockford Ave, Tulsa",+1-918-584-4788,Confession,3:30 PM,4:30 PM,Confession,English,Fletcher Hall Confessionals,
"Sat, Feb 21, 2026",2026-02-21,Saturday,Prince of Peace,"1500 Falcon Rd, Altus",(580) 482-3363,Confession,4:00 PM,4:45 PM,Confessions,English,,
"Sat, Feb 21, 2026",2026-02-21,Saturday,Queen of All Saints,"914 N 5th St, Sayre",(580) 225-0066,Confession,3:30 PM,4:30 PM,Confession,English,,
"Sat, Feb 21, 2026",2026-02-21,Saturday,Resurrection,"4804 S Fulton Ave, Tulsa",(918) 663-1907,Confession,4:00 PM,4:45 PM,Confession,English,,
"Sat, Feb 21, 2026",2026-02-21,Saturday,Sacred Heart,"208 S Evans Ave, El Reno",(405) 262-1405,Confession,3:00 PM,3:55 PM,Confession,English,Sacred Heart,
"Sat, Feb 21, 2026",2026-02-21,Saturday,Sacred Heart,"714 N Main St, Muenster",(940) 759-2500,Confession,3:30 PM,4:30 PM,Confession,English,Church,
"Sat, Feb 21, 2026",2026-02-21,Saturday,Sacred Heart,"2515 N Main St, Miami",(918) 542-5281,Confession,4:00 PM,4:45 PM,Confession,English,Sacred Heart Catholic Church,
"Sat, Feb 21, 2026",2026-02-21,Saturday,Sacred Heart,"Broadway St and W Lowe St, Billings",(580) 336-9300,Confession,4:30 PM,5:00 PM,Confession,English,church,
"Sat, Feb 21, 2026",2026-02-21,Saturday,Sacred Heart,"1777 E Grayson Ave, Sapulpa",(918) 224-0944,Confession,4:30 PM,5:15 PM,Confession,English,,and by appointment
"Sat, Feb 21, 2026",2026-02-21,Saturday,Sacred Heart,"320 S B Street, Arkansas City",(620) 442-0566,Confession,5:00 PM,5:50 PM,Confession,English,Sacred Heart Catholic Church,
"Sat, Feb 21, 2026",2026-02-21,Saturday,Sacred Heart Catholic Church,"Broadway and Lowe, Billings",+1-580-336-9300,Confession,4:30 PM,5:00 PM,Confession,English,,and by appointment with Fr Bala
"Sat, Feb 21, 2026",2026-02-21,Saturday,Sacred Heart of Mary,"1301 Frank St, Barling",(479) 452-1795 or (479) 522-4245 (Fr. Tuyen),Confession,5:30 PM,5:55 PM,Confessions,english,"Sacred Heart of Mary, Barling",
"Sat, Feb 21, 2026",2026-02-21,Saturday,St Catherine of Alexandria Catholic Church,"4532 S 25th W Ave, Tulsa",(918) 446-8124,Confession,3:30 PM,4:45 PM,Confession,English,,
"Sat, Feb 21, 2026",2026-02-21,Saturday,St Elizabeth Catholic Church,"1653 113th St NW, Grove",+1-918-786-9312,Confession,4:45 PM,5:15 PM,Confession,English,St. Elizabeth Catholic Church,
"Sat, Feb 21, 2026",2026-02-21,Saturday,St Joseph Catholic Church,"321 N Virginia St, Muskogee",+1-918-687-1351,Confession,4:00 PM,4:45 PM,Confession,English,St. Joseph Catholic Church,
"Sat, Feb 21, 2026",2026-02-21,Saturday,St Joseph Catholic Church,"321 N Virginia St, Muskogee",+1-918-687-1351,Confession,4:15 PM,,Confession,English,St. Joseph Catholic Church,
"Sat, Feb 21, 2026",2026-02-21,Saturday,St Joseph Catholic Church,"321 N Virginia St, Muskogee",+1-918-687-1351,Confession,TBD,,Confessions,English,,before every Mass; note: Wednesdays at 6PM; Saturday 4:15 p.m.; Sundays at 11AM; or by appointment
"Sat, Feb 21, 2026",2026-02-21,Saturday,St Matthew's Catholic Church-Elk City,"3001 E State Hwy 66, Elk City",+1-580-225-0066,Confession,3:30 PM,4:30 PM,Confession,English,,confession
"Sat, Feb 21, 2026",2026-02-21,Saturday,St Thomas More University Parish and Student Center,"100 Stinson St, Norman",(405) 321-0990,Confession,3:30 PM,4:30 PM,Reconciliation,English,,
"Sat, Feb 21, 2026",2026-02-21,Saturday,St. Anne,"301 S 9th St, Broken Arrow",(918) 251-4000,Confession,4:00 PM,4:45 PM,Confession,English,,
"Sat, Feb 21, 2026",2026-02-21,Saturday,St. Anthony,"515 S Morton Ave, Okmulgee",(918) 756-4385,Confession,4:00 PM,,Sacrament of Reconciliation,English,St. Anthony,
"Sat, Feb 21, 2026",2026-02-21,Saturday,St. Anthony of Padua,"1510 N Calhoun Ave , Liberal",(620) 624-4135,Confession,4:00 PM,5:00 PM,Confessions,English,,
"Sat, Feb 21, 2026",2026-02-21,Saturday,St. Benedict,"2200 W Ithica St, Broken Arrow",(918) 455-4451,Confession,3:30 PM,4:45 PM,Reconciliation,English,,
"Sat, Feb 21, 2026",2026-02-21,Saturday,St. Benedict,"632 N Kickapoo Ave, Shawnee",(405) 275-0001,Confession,3:45 PM,5:15 PM,Confession,english,,
"Sat, Feb 21, 2026",2026-02-21,Saturday,St. Bernard of Clairvaux,"4001 E 101st St, Tulsa",(918) 299-9406,Confession,3:30 PM,4:45 PM,Confessions,English,,
"Sat, Feb 21, 2026",2026-02-21,Saturday,St. Boniface,"204 N 18th St, Fort Smith",(479) 783-6711,Confession,3:00 PM,,Confession,English,St. Boniface,
"Sat, Feb 21, 2026",2026-02-21,Saturday,St. Brigid,"807 Crafton St, Tahlequah",(918) 456-8388,Confession,4:00 PM,4:30 PM,Sacrament of Reconciliation,English,,
"Sat, Feb 21, 2026",2026-02-21,Saturday,St. Catherine of Siena,"205 W Bert St, Pauls Valley",(405) 238-3741,Confession,6:00 PM,6:45 PM,Confession,English,,
"Sat, Feb 21, 2026",2026-02-21,Saturday,St. Cecilia,"1304 N Dorothy Ave, Claremore",(918) 341-2343,Confession,4:00 PM,4:50 PM,Reconciliation,English,,
"Sat, Feb 21, 2026",2026-02-21,Saturday,St. Charles Borromeo,"5024 N Grove, Warr Acres",(405) 789-2595,Confession,3:00 PM,4:00 PM,Confession,English,,
"Sat, Feb 21, 2026",2026-02-21,Saturday,St. Clement,"15501 S Memorial Dr, Bixby",(918) 366-3166,Confession,4:00 PM,4:45 PM,Reconciliation,English,St. Clement Catholic Church,
"Sat, Feb 21, 2026",2026-02-21,Saturday,St. Elizabeth,"1653 113th St NW, Grove",(918) 786-9312,Confession,4:45 PM,5:15 PM,Confession,English,St. Elizabeth Catholic Church,
"Sat, Feb 21, 2026",2026-02-21,Saturday,St. Eugene,"2400 W Hefner Rd, Oklahoma City",(405) 751-7115,Confession,3:30 PM,4:30 PM,Confession,English,Church,
"Sat, Feb 21, 2026",2026-02-21,Saturday,St. Eugene,"704 N Bryan St, Weatherford",(580) 772-3209,Confession,4:30 PM,,Confession,spanish,"St. Eugene, Weatherford",
"Sat, Feb 21, 2026",2026-02-21,Saturday,St. Frances of Rome,"13286 Oklahoma 28, Langley",(918) 782-2248,Confession,6:00 PM,,Confession,English,,
"Sat, Feb 21, 2026",2026-02-21,Saturday,St. Francis Xavier,"110 N Madison St, Enid",(580) 237-0812,Confession,3:45 PM,4:45 PM,Reconciliation,English,St. Francis Xavier,
"Sat, Feb 21, 2026",2026-02-21,Saturday,St. Francis Xavier,"711 N Country Club Rd, Stillwater",(405) 372-6886,Confession,9:45 AM,11:00 AM,Confession,english,,
"Sat, Feb 21, 2026",2026-02-21,Saturday,St. Francis of Assisi,"1901 NW 18th St, Oklahoma City",(405) 528-0485,Confession,4:15 PM,,Confession,English,,if needed; through the homily of Mass.
"Sat, Feb 21, 2026",2026-02-21,Saturday,St. Francis of Assisi,"1901 NW 18th St, Oklahoma City",(405) 528-0485,Confession,8:00 AM,8:20 AM,Confession,English,,
"Sat, Feb 21, 2026",2026-02-21,Saturday,St. Henry,"8500 N Owasso Expressway, Owasso",(918) 272-3710,Confession,3:00 PM,4:30 PM,Confessions,English,,or by appointment
"Sat, Feb 21, 2026",2026-02-21,Saturday,St. James,"5500 Douglas Ln, Bartlesville",(918) 335-0844,Confession,3:30 PM,,Sacrament of Reconciliation,English,St. James Parish - Bartlesville,or by appointment
"Sat, Feb 21, 2026",2026-02-21,Saturday,St. James the Greater,"4201 S McKinley Ave, Oklahoma City",(405) 636-6800,Confession,5:15 PM,6:00 PM,Confessions,bilingual,,
"Sat, Feb 21, 2026",2026-02-21,Saturday,St. John,"300 E Washington Ave, Mcalester",(918) 423-0810,Confession,4:00 PM,4:55 PM,Reconciliation,English,Church,
"Sat, Feb 21, 2026",2026-02-21,Saturday,St. John Nepomuk,"600 S Garth Brooks Blvd, Yukon",(405) 354-2743,Confession,4:00 PM,5:00 PM,Sacrament of Reconciliation,English,,chapel
"Sat, Feb 21, 2026",2026-02-21,Saturday,St. John the Baptist,"900 S Littler Ave, Edmond",(405) 340-0691,Confession,3:00 PM,4:00 PM,Reconciliation,English,St. John the Baptist Catholic Church,
"Sat, Feb 21, 2026",2026-02-21,Saturday,St. Joseph,"211 N Porter, Norman",(405) 321-8080,Confession,3:00 PM,4:30 PM,Confession,English,Main Church,
"Sat, Feb 21, 2026",2026-02-21,Saturday,St. Joseph,"321 N Virginia St, Muskogee",(918) 687-1351,Confession,4:00 PM,4:45 PM,Confessions,English,,
"Sat, Feb 21, 2026",2026-02-21,Saturday,St. Joseph,"290 NW Church St, Krebs",(918) 423-6695,Confession,4:30 PM,5:00 PM,Confession,English,,or by appointment
"Sat, Feb 21, 2026",2026-02-21,Saturday,St. Joseph Old Cathedral,"307 NW 4th St, Oklahoma City",(405) 235-4565,Confession,3:00 PM,,Reconciliation,English,,
"Sat, Feb 21, 2026",2026-02-21,Saturday,St. Joseph's Catholic Church,"211 N Porter Ave, Norman",+1-405-321-8080,Confession,3:00 PM,4:30 PM,Confession,English,Main Church,
"Sat, Feb 21, 2026",2026-02-21,Saturday,St. Jude Thaddeus,"600 Davey Dr, Burkburnett",(940) 569-1222,Confession,4:00 PM,4:45 PM,Confession,English,St. Jude Thaddeus,Burkburnett
"Sat, Feb 21, 2026",2026-02-21,Saturday,St. Margaret Mary,"700 N Grand, Crescent",(405) 282-4239,Confession,3:00 PM,4:15 PM,Confession,English,,
"Sat, Feb 21, 2026",2026-02-21,Saturday,St. Mark the Evangelist,"3939 W Tecumseh Rd, Norman",(405) 366-7676,Confession,3:30 PM,4:30 PM,Reconciliation,English,,or by appointment
"Sat, Feb 21, 2026",2026-02-21,Saturday,St. Mary,"411 N Elm St, Guthrie",(405) 282-4239,Confession,3:00 PM,4:15 PM,Confessions,English,,
"Sat, Feb 21, 2026",2026-02-21,Saturday,St. Mary,"1230 E 7th St, Joplin",14176233333,Confession,3:00 PM,4:00 PM,Reconciliation,English,St. Mary’s Catholic Church,or by appointment by calling the church office
"Sat, Feb 21, 2026",2026-02-21,Saturday,St. Mary,"825 N Weaver St, Gainesville",(940) 665-5395,Confession,3:30 PM,4:45 PM,Confession,English,In the Church,
"Sat, Feb 21, 2026",2026-02-21,Saturday,St. Mary,"707 E Ponca Ave, Ponca City",(580) 765-7794,Confession,3:30 PM,,Confession,English,Church,
"Sat, Feb 21, 2026",2026-02-21,Saturday,St. Mary,"1347 E 49th Pl, Tulsa",(918) 749-1423,Confession,4:00 PM,4:45 PM,Confessions,English,Church of Saint Mary,note: next to the chapel; always available by appointment
"Sat, Feb 21, 2026",2026-02-21,Saturday,St. Mary,"101 E Street SW, Ardmore",(580) 223-0231,Confession,4:30 PM,5:00 PM,Confession,English,,
"Sat, Feb 21, 2026",2026-02-21,Saturday,St. Mary,"1218 Knox Ave, Clinton",(580) 323-0345,Confession,4:30 PM,5:00 PM,Confession,English,"St. Mary's in Clinton, OK",
"Sat, Feb 21, 2026",2026-02-21,Saturday,St. Mary,"105 S Barrett St, Henrietta",(940) 538-4214,Confession,5:00 PM,,Confession,English,,
"Sat, Feb 21, 2026",2026-02-21,Saturday,St. Mary ,"3035 S Central City Rd, Joplin",(417) 623-3333,Confession,3:00 PM,4:00 PM,Reconciliation,English,,
"Sat, Feb 21, 2026",2026-02-21,Saturday,St. Mary ,"3035 S Central City Rd, Joplin",(417) 623-3333,Confession,TBD,,Reconciliation,English,,by appointment
"Sat, Feb 21, 2026",2026-02-21,Saturday,St. Matthew,"3001 E Hwy 66, Elk City",(580) 225-0066,Confession,3:30 PM,,Confession,English,Elk City,
"Sat, Feb 21, 2026",2026-02-21,Saturday,St. Michael,"1025 E Pointer Trail , Van Buren",(479) 471-1211,Confession,2:30 PM,3:45 PM,Reconciliation,bilingual,,
"Sat, Feb 21, 2026",2026-02-21,Saturday,St. Michael and All Angels ,"101 E Texas St, Denison",(903) 821-7511,Confession,10:00 AM,11:00 AM,Confession,English,"101 East Texas St, Denison TX",note: For alternate times please call Father Randall at: 903.821.7511
"Sat, Feb 21, 2026",2026-02-21,Saturday,St. Monica,"2001 N Western Ave, Edmond",(405) 359-2700,Confession,3:00 PM,,Confession,English,Confessional,
"Sat, Feb 21, 2026",2026-02-21,Saturday,St. Patrick,"1101 W Petree Rd, Anadarko",(405) 247-5255,Confession,3:00 PM,4:00 PM,Confession,English,"St. Patrick, Anadarko",
"Sat, Feb 21, 2026",2026-02-21,Saturday,St. Patrick,"2121 N Portland Ave, Oklahoma City",(405) 946-4441,Confession,3:30 PM,4:45 PM,Confession,English,,
"Sat, Feb 21, 2026",2026-02-21,Saturday,St. Patrick,"314 N Rusk Ave, Denison",(903) 463-3275,Confession,4:00 PM,4:30 PM,Confession,English,,
"Sat, Feb 21, 2026",2026-02-21,Saturday,St. Patrick,"204 E 4th St, Sand Springs",(918) 245-5840,Confession,4:00 PM,,Confession,English,St. Patrick,
"Sat, Feb 21, 2026",2026-02-21,Saturday,St. Paul the Apostle,"3901 S Sunnylane Rd, Del City",(405) 677-4873,Confession,3:30 PM,4:30 PM,Confession,English,,or by appointment
"Sat, Feb 21, 2026",2026-02-21,Saturday,St. Peter,"424 W Main St, Lindsay",(940) 668-7609,Confession,3:30 PM,4:30 PM,Confession,English,,
"Sat, Feb 21, 2026",2026-02-21,Saturday,St. Peter,"E 2 and Quapaw, Lindsay",(405) 527-3077,Confession,5:30 PM,7:30 PM,Confession,English,,
"Sat, Feb 21, 2026",2026-02-21,Saturday,St. Peter Catholic Church,"East 2 and Quapaw, Lindsay",+1-405-527-3077,Confession,3:30 PM,4:30 PM,Confession,English,,
"Sat, Feb 21, 2026",2026-02-21,Saturday,St. Peter the Apostle,"812 Pearl Ave, Joplin",(417) 623-8643,Confession,4:00 PM,4:45 PM,Confessions,English,,
"Sat, Feb 21, 2026",2026-02-21,Saturday,St. Philip Neri,"1107 Felix Pl, Midwest City",(405) 737-4476,Confession,3:00 PM,4:00 PM,Reconciliation,English,,Any other time by appointment
"Sat, Feb 21, 2026",2026-02-21,Saturday,St. Pius X,"1727 S 75th E Ave, Tulsa",(918) 622-4488,Confession,4:00 PM,,Reconciliation,English,,
"Sat, Feb 21, 2026",2026-02-21,Saturday,St. Pius X,"1727 S 75th E Ave, Tulsa",(918) 622-4488,Confession,6:30 PM,,Reconciliation,English,,
"Sat, Feb 21, 2026",2026-02-21,Saturday,St. Robert Bellarmine,"121 NW 1st St, Jones",(405) 399-1727,Confession,4:00 PM,4:50 PM,Confession,English,,
"Sat, Feb 21, 2026",2026-02-21,Saturday,St. Rose of Lima,"900 N Clarence Nash Blvd, Watonga",(580) 623-7740,Confession,4:00 PM,,Confession,English,,
"Sat, Feb 21, 2026",2026-02-21,Saturday,St. Teresa of Avila,"1576 Tim Holt Dr, Harrah",(405) 454-2819,Confession,2:30 PM,3:00 PM,Confession,English,St. Teresa of Avila,
"Sat, Feb 21, 2026",2026-02-21,Saturday,St. Therese,"1007 N 19th St, Collinsville",(918) 371-2704,Confession,4:00 PM,4:45 PM,Confession,English,,
"Sat, Feb 21, 2026",2026-02-21,Saturday,St. Thomas More,"2720 S 129th E Ave, Tulsa",(918) 437-0168,Confession,4:00 PM,5:00 PM,Confession,English,St. Thomas More Parish,
"Sat, Feb 21, 2026",2026-02-21,Saturday,St. Vincent de Paul,"123 S 9th St, McLoud",(405) 964-5606,Confession,3:30 PM,3:50 PM,Confession,English,St. Vincent de Paul in Mcloud,
"Sat, Feb 21, 2026",2026-02-21,Saturday,Sts. Peter and Paul,"1419 N 67th E Ave, Tulsa",(918) 836-2596,Confession,3:30 PM,4:30 PM,Confessions,English,,
"Sat, Feb 21, 2026",2026-02-21,Saturday,Sts. Peter and Paul,"309 S Main St, Kingfisher",(405) 375-4616 ,Confession,4:00 PM,,Confession,English,,
"Sat, Feb 21, 2026",2026-02-21,Saturday,Sts. Sabina and Mary,"14304 Old Jenny Lind Loop, Jenny Lind",(479) 452-1795 ,Confession,3:00 PM,3:55 PM,Confessions,English,Sts. Sabina & Mary,
"Sat, Feb 21, 2026",2026-02-21,Saturday,Blessed Stanley Rother Shrine,"700 SE 89th St, Oklahoma City",(405) 421-9800,Adoration,1:00 PM,2:00 PM,Adoration,English,Blessed Stanley Rother Shrine,exposition
"Sat, Feb 21, 2026",2026-02-21,Saturday,St Catherine of Alexandria Catholic Church,"4532 S 25th W Ave, Tulsa",(918) 446-8124,Adoration,3:30 PM,4:30 PM,Eucharistic Adoration,English,,exposition
"Sat, Feb 21, 2026",2026-02-21,Saturday,St. Anthony of Padua,"1510 N Calhoun Ave , Liberal",(620) 624-4135,Adoration,5:30 PM,,Adoration,english,,
"Sat, Feb 21, 2026",2026-02-21,Saturday,St. Anthony of Padua,"1510 N Calhoun Ave , Liberal",(620) 624-4135,Adoration,7:00 PM,,Adoration,spanish,,
"Sat, Feb 21, 2026",2026-02-21,Saturday,St. Clement,"15501 S Memorial Dr, Bixby",(918) 366-3166,Adoration,8:00 AM,,Adoration,English,St. Clement Catholic Church,
"Sat, Feb 21, 2026",2026-02-21,Saturday,Prince of Peace,"1500 Falcon Rd, Altus",(580) 482-3363,Devotions,4:30 PM,,Stations of the Cross,English,,
"Sat, Feb 21, 2026",2026-02-21,Saturday,Sacred Heart,"109 W 5th St, Skiatook",(918) 396-1179,Devotions,4:30 PM,,Rosary,English,Sacred Heart Church,
"Sat, Feb 21, 2026",2026-02-21,Saturday,St. Gregory's Abbey,"1900 W MacArthur St, Shawnee",(405) 878-5491,Devotions,5:00 PM,,Vespers,English,,
"Sat, Feb 21, 2026",2026-02-21,Saturday,St. Gregory's Abbey,"1900 W MacArthur St, Shawnee",(405) 878-5491,Devotions,7:15 AM,,Lauds,English,,
"Sat, Feb 21, 2026",2026-02-21,Saturday,St. Gregory's Abbey,"1900 W MacArthur St, Shawnee",(405) 878-5491,Devotions,7:15 PM,,Compline,English,,
"Sat, Feb 21, 2026",2026-02-21,Saturday,St. James,"5500 Douglas Ln, Bartlesville",(918) 335-0844,Devotions,9:00 AM,10:00 AM,Holy Hour,English,St. James Parish - Bartlesville,
"Sat, Feb 21, 2026",2026-02-21,Saturday,St. Robert Bellarmine,"121 NW 1st St, Jones",(405) 399-1727,Devotions,4:30 PM,,Rosary,spanish,,
"Sat, Feb 21, 2026",2026-02-21,Saturday,St. Gregory's Abbey,"1900 W MacArthur St, Shawnee",(405) 878-5491,Other,12:00 PM,,Sext,English,,
"Sat, Feb 21, 2026",2026-02-21,Saturday,St. Gregory's Abbey,"1900 W MacArthur St, Shawnee",(405) 878-5491,Other,12:50 PM,,None,English,,
"Sat, Feb 21, 2026",2026-02-21,Saturday,St. Gregory's Abbey,"1900 W MacArthur St, Shawnee",(405) 878-5491,Other,8:15 AM,,Eucharist,English,,
"Sat, Feb 21, 2026",2026-02-21,Saturday,St. Leo,"101 Locust St, Hartford",(479) 252-2443 or (479) 652-6454 (Fr. Chan's cell),Other,TBD,,2026 Arkansas Catholic Subscription Drive,English,101 Locust St.,2026 Arkansas Catholic Subscription Drive; check bulletin
"Sat, Feb 21, 2026",2026-02-21,Saturday,St. Scholastica Monastery,"1315 S Albert Pike Ave, Fort Smith",(479) 783-4147,Other,11:30 AM,,Morning Praise,English,St. Scholastica Monastery,
"Sat, Feb 21, 2026",2026-02-21,Saturday,St. Scholastica Monastery,"1315 S Albert Pike Ave, Fort Smith",(479) 783-4147,Other,5:00 PM,,Evening Praise,English,St. Scholastica Monastery,
"Sat, Feb 21, 2026",2026-02-21,Saturday,Tinker AFB Chapel,"Bldg 5701 6170 Arnold St, Oklahoma City",(405) 734-2111,Other,12:00 AM,,Latté Lounge,English,,TIME_TBD; note: afternoons and evenings; for dormitory residents E-4 and below
"Sat, Feb 21, 2026",2026-02-21,Saturday,St. Mark the Evangelist,"3939 W Tecumseh Rd, Norman",(405) 366-7676,Sacraments,TBD,,Sacrament of Anointing of the Sick,English,,last weekend of every month following each weekend Mass
"Sat, Feb 21, 2026",2026-02-21,Saturday,St. Michael,"1025 E Pointer Trail , Van Buren",(479) 471-1211,Sacraments,9:00 AM,,Baptism,English,,by appointment
"Sun, Feb 22, 2026",2026-02-22,Sunday,Assumption of the Blessed Virgin Mary,"711 W Hickory Ave, Duncan",(580) 255-0590,Mass,10:00 AM,,Mass,english,Duncan,
"Sun, Feb 22, 2026",2026-02-22,Sunday,Blessed Sacrament,"520 N St, Thomas",15807723209,Mass,11:00 AM,,Mass,bilingual,"St. Eugene, Weatherford",
"Sun, Feb 22, 2026",2026-02-22,Sunday,Blessed Sacrament,"12 SW 7th St, Lawton",(580) 355-2054,Mass,11:30 AM,,Mass,English,,
"Sun, Feb 22, 2026",2026-02-22,Sunday,Blessed Sacrament,"12 SW 7th St, Lawton",(580) 355-2054,Mass,8:00 AM,,Mass,English,,
"Sun, Feb 22, 2026",2026-02-22,Sunday,Blessed Sacrament,"520 N St, Thomas",15807723209,Mass,8:30 AM,,Mass,english,"Sacred Heart, Hinton",
"Sun, Feb 22, 2026",2026-02-22,Sunday,Blessed Sacrament,"12 SW 7th St, Lawton",(580) 355-2054,Mass,9:45 AM,,Mass,English,"St. Patrick, Walters",
"Sun, Feb 22, 2026",2026-02-22,Sunday,Blessed Stanley Rother Shrine,"700 SE 89th St, Oklahoma City",(405) 421-9800,Mass,11:00 AM,,Mass,spanish,Blessed Stanley Rother Shrine,
"Sun, Feb 22, 2026",2026-02-22,Sunday,Blessed Stanley Rother Shrine,"700 SE 89th St, Oklahoma City",(405) 421-9800,Mass,1:00 PM,,Mass,spanish,Blessed Stanley Rother Shrine,
"Sun, Feb 22, 2026",2026-02-22,Sunday,Blessed Stanley Rother Shrine,"700 SE 89th St, Oklahoma City",(405) 421-9800,Mass,6:00 PM,,Mass,spanish,Blessed Stanley Rother Shrine,
"Sun, Feb 22, 2026",2026-02-22,Sunday,Blessed Stanley Rother Shrine,"700 SE 89th St, Oklahoma City",(405) 421-9800,Mass,9:00 AM,,Mass,english,Blessed Stanley Rother Shrine,
"Sun, Feb 22, 2026",2026-02-22,Sunday,Cathedral of Our Lady of Perpetual Help,"3214 N Lake Ave, Oklahoma City",(405) 525-2349,Mass,10:00 AM,,Mass,english,,livestream
"Sun, Feb 22, 2026",2026-02-22,Sunday,Cathedral of Our Lady of Perpetual Help,"3214 N Lake Ave, Oklahoma City",(405) 525-2349,Mass,11:45 AM,,Mass,vietnamese,,
"Sun, Feb 22, 2026",2026-02-22,Sunday,Cathedral of Our Lady of Perpetual Help,"3214 N Lake Ave, Oklahoma City",(405) 525-2349,Mass,8:00 AM,,Mass,english,,
"Sun, Feb 22, 2026",2026-02-22,Sunday,Chapel of St. Joseph,"7th and Seminole, Wewoka",(405) 382-3602,Mass,10:00 AM,,Mass,english,,
"Sun, Feb 22, 2026",2026-02-22,Sunday,Chapel of St. Joseph,"7th and Seminole, Wewoka",(405) 382-3602,Mass,12:30 PM,,Mass,spanish,,
"Sun, Feb 22, 2026",2026-02-22,Sunday,Chapel of St. Joseph,"7th and Seminole, Wewoka",(405) 382-3602,Mass,8:00 AM,,Mass,english,,
"Sun, Feb 22, 2026",2026-02-22,Sunday,Christ the King,"8005 Dorset Dr, Oklahoma City",(405) 842-1481,Mass,10:00 AM,,Mass,english,,livestream
"Sun, Feb 22, 2026",2026-02-22,Sunday,Christ the King,"1520 S Rockford Ave, Tulsa",(918) 584-4788,Mass,11:15 AM,,Mass,english,,family
"Sun, Feb 22, 2026",2026-02-22,Sunday,Christ the King,"2112 S Greenwood Ave, Fort Smith",(479) 783-7745,Mass,11:30 AM,,Mass,English,Main Church,
"Sun, Feb 22, 2026",2026-02-22,Sunday,Christ the King,"8005 Dorset Dr, Oklahoma City",(405) 842-1481,Mass,12:15 PM,,Mass,english,,
"Sun, Feb 22, 2026",2026-02-22,Sunday,Christ the King,"2112 S Greenwood Ave, Fort Smith",(479) 783-7745,Mass,1:30 PM,,Mass,spanish,Main Church,
"Sun, Feb 22, 2026",2026-02-22,Sunday,Christ the King,"1520 S Rockford Ave, Tulsa",(918) 584-4788,Mass,5:00 PM,,Mass,english,,
"Sun, Feb 22, 2026",2026-02-22,Sunday,Christ the King,"8005 Dorset Dr, Oklahoma City",(405) 842-1481,Mass,8:00 AM,,Mass,english,,
"Sun, Feb 22, 2026",2026-02-22,Sunday,Christ the King,"1520 S Rockford Ave, Tulsa",(918) 584-4788,Mass,8:00 AM,,Mass,english,,
"Sun, Feb 22, 2026",2026-02-22,Sunday,Christ the King,"2112 S Greenwood Ave, Fort Smith",(479) 783-7745,Mass,9:00 AM,,Mass,English,Main Church,
"Sun, Feb 22, 2026",2026-02-22,Sunday,Christ the King,"1520 S Rockford Ave, Tulsa",(918) 584-4788,Mass,9:15 AM,,Mass,english,,family
"Sun, Feb 22, 2026",2026-02-22,Sunday,Church of Saint Benedict,"2200 W Ithica St, Broken Arrow",+1-918-455-4451,Mass,12:00 PM,,Mass,English,,
"Sun, Feb 22, 2026",2026-02-22,Sunday,Church of Saint Benedict,"2200 W Ithica St, Broken Arrow",+1-918-455-4451,Mass,5:00 PM,,Mass,English,,
"Sun, Feb 22, 2026",2026-02-22,Sunday,Church of Saint Benedict,"2200 W Ithica St, Broken Arrow",+1-918-455-4451,Mass,9:00 AM,,Mass,English,,
"Sun, Feb 22, 2026",2026-02-22,Sunday,Corpus Christi,"1616 N Kelley Ave, Oklahoma City",(405) 236-4301,Mass,11:00 AM,,Mass,english,Corpus Christi,
"Sun, Feb 22, 2026",2026-02-22,Sunday,Epiphany of the Lord,"7336 W Britton Rd, Oklahoma City",(405) 722-2110,Mass,10:00 AM,,Mass,English,,livestream
"Sun, Feb 22, 2026",2026-02-22,Sunday,Epiphany of the Lord,"7336 W Britton Rd, Oklahoma City",(405) 722-2110,Mass,12:30 PM,,Mass,English,,
"Sun, Feb 22, 2026",2026-02-22,Sunday,Epiphany of the Lord,"7336 W Britton Rd, Oklahoma City",(405) 722-2110,Mass,8:00 AM,,Mass,English,,
"Sun, Feb 22, 2026",2026-02-22,Sunday,Holy Cross,"1010 S Fifth Ave, Madill",(580) 795-3721,Mass,10:00 AM,,Mass,spanish,,
"Sun, Feb 22, 2026",2026-02-22,Sunday,Holy Cross,"708 SW 15th St, Wagoner",539-209-9988,Mass,11:00 AM,,Mass,latin,"Holy Cross Catholic Church, Wagoner, OK",livestream
"Sun, Feb 22, 2026",2026-02-22,Sunday,Holy Cross,"1010 S Fifth Ave, Madill",(580) 795-3721,Mass,8:00 AM,,Mass,english,,
"Sun, Feb 22, 2026",2026-02-22,Sunday,Holy Cross,"708 SW 15th St, Wagoner",539-209-9988,Mass,8:30 AM,,Mass,english,"Holy Cross Catholic Church, Wagoner, OK",livestream
"Sun, Feb 22, 2026",2026-02-22,Sunday,Holy Family,"1010 NW 82nd St, Lawton",(580) 536-6351,Mass,12:00 PM,,Mass,English,Church,
"Sun, Feb 22, 2026",2026-02-22,Sunday,Holy Family,"1010 NW 82nd St, Lawton",(580) 536-6351,Mass,9:00 AM,,Mass,bilingual,Church,
"Sun, Feb 22, 2026",2026-02-22,Sunday,Holy Family Cathedral,"820 S Boulder Ave, Tulsa",918-582-6247,Mass,10:00 AM,,Mass,English,Holy Family Cathedral,
"Sun, Feb 22, 2026",2026-02-22,Sunday,Holy Family Cathedral,"820 S Boulder Ave, Tulsa",918-582-6247,Mass,12:00 PM,,Mass,English,Holy Family Cathedral,
"Sun, Feb 22, 2026",2026-02-22,Sunday,Holy Family Cathedral,"820 S Boulder Ave, Tulsa",918-582-6247,Mass,5:00 PM,,Mass,English,Holy Family Cathedral,
"Sun, Feb 22, 2026",2026-02-22,Sunday,Holy Family Cathedral,"820 S Boulder Ave, Tulsa",918-582-6247,Mass,8:00 AM,,Mass,English,Holy Family Cathedral,
"Sun, Feb 22, 2026",2026-02-22,Sunday,Holy Ghost,"120 W Sequoyah Ave, Vinita",(918) 256-2281,Mass,10:00 AM,,Mass,English,Holy Ghost Catholic Church,note: Check the calendar page under Calendar & Parish News for variations from our regular schedule.
"Sun, Feb 22, 2026",2026-02-22,Sunday,Holy Innocents,"6114 N.W 63rd, Warr Acres",(580) 255-0590,Mass,11:00 AM,,Mass,spanish,,
"Sun, Feb 22, 2026",2026-02-22,Sunday,Holy Innocents,"6114 N.W 63rd, Warr Acres",(580) 255-0590,Mass,1:00 PM,,Mass,bilingual,,
"Sun, Feb 22, 2026",2026-02-22,Sunday,Holy Innocents,"6114 N.W 63rd, Warr Acres",(580) 255-0590,Mass,7:00 AM,,Mass,english,,
"Sun, Feb 22, 2026",2026-02-22,Sunday,Holy Innocents,"6114 N.W 63rd, Warr Acres",(580) 255-0590,Mass,9:00 AM,,Mass,english,,
"Sun, Feb 22, 2026",2026-02-22,Sunday,Holy Name,"408 Willow St, Coffeyville",(620) 251-0475,Mass,10:00 AM,,Mass,English,Holy Name Catholic Church,
"Sun, Feb 22, 2026",2026-02-22,Sunday,Holy Name,"408 Willow St, Coffeyville",(620) 251-0475,Mass,8:00 AM,,Mass,English,Holy Name Catholic Church,
"Sun, Feb 22, 2026",2026-02-22,Sunday,Holy Name,"600 S Main St, Shattuck",(580) 256-5305,Mass,8:30 AM,,Mass,english,Holy Name in Shattuck,
"Sun, Feb 22, 2026",2026-02-22,Sunday,Holy Name of Jesus,"210 S 7th St, Chickasha",(405) 224-6068,Mass,11:30 AM,,Mass,spanish,,
"Sun, Feb 22, 2026",2026-02-22,Sunday,Holy Name of Jesus,"210 S 7th St, Chickasha",(405) 224-6068,Mass,9:00 AM,,Mass,english,,
"Sun, Feb 22, 2026",2026-02-22,Sunday,Holy Rosary,"912 Cherokee Ave, Hartshorne",(918) 308-3312,Mass,9:00 AM,,Mass,english,Holy Rosary Parish,Hartshorne
"Sun, Feb 22, 2026",2026-02-22,Sunday,Holy Spirit,"1100 N Sara Rd, Mustang",(405) 376-9435,Mass,12:30 PM,,Mass,spanish,Holy Spirit Catholic Church,starting 11/02/2025
"Sun, Feb 22, 2026",2026-02-22,Sunday,Holy Spirit,"1100 N Sara Rd, Mustang",(405) 376-9435,Mass,9:30 AM,,Mass,english,Holy Spirit Catholic Church,
"Sun, Feb 22, 2026",2026-02-22,Sunday,Holy Trinity,"211 W Missouri Ave, Okarche",(405) 263-7930,Mass,10:30 AM,,Mass,English,,
"Sun, Feb 22, 2026",2026-02-22,Sunday,Immaculate Conception,"22 N 13th St, Fort Smith",(479) 783-7963,Mass,10:00 AM,,Mass,english,,
"Sun, Feb 22, 2026",2026-02-22,Sunday,Immaculate Conception,"502 N Bagwell St, Poteau",(918) 647-3475,Mass,11:00 AM,,Mass,spanish,Immaculate Conception Church,
"Sun, Feb 22, 2026",2026-02-22,Sunday,Immaculate Conception,"22 N 13th St, Fort Smith",(479) 783-7963,Mass,12:00 PM,,Mass,spanish,,
"Sun, Feb 22, 2026",2026-02-22,Sunday,Immaculate Conception,"22 N 13th St, Fort Smith",(479) 783-7963,Mass,2:00 PM,,Mass,spanish,,
"Sun, Feb 22, 2026",2026-02-22,Sunday,Immaculate Conception,"22 N 13th St, Fort Smith",(479) 783-7963,Mass,5:00 PM,,Mass,English,,youth
"Sun, Feb 22, 2026",2026-02-22,Sunday,Immaculate Conception,"22 N 13th St, Fort Smith",(479) 783-7963,Mass,7:30 AM,,Mass,english,,
"Sun, Feb 22, 2026",2026-02-22,Sunday,Immaculate Conception,"1314 Lynn Ave, Pawhuska",(918) 287-1414,Mass,9:00 AM,,Mass,English,Pawhuska,
"Sun, Feb 22, 2026",2026-02-22,Sunday,Immaculate Conception,"502 N Bagwell St, Poteau",(918) 647-3475,Mass,9:00 AM,,Mass,english,Immaculate Conception Church,
"Sun, Feb 22, 2026",2026-02-22,Sunday,Immaculate Conception Catholic Church,"196 Bearden Springs Rd, Hugo",(580) 326-7300,Mass,9:00 AM,,Mass,English,Immaculate Conception Catholic Church,
"Sun, Feb 22, 2026",2026-02-22,Sunday,Immaculate Conception Church,"4th & Comanche St, Marlow",(580) 255-0590,Mass,8:00 AM,,Mass,english,Marlow,
"Sun, Feb 22, 2026",2026-02-22,Sunday,Immaculate Heart of Mary,"239 N Freehome Ave, Calumet",(405) 263-7930,Mass,10:30 AM,,Mass,English,,
"Sun, Feb 22, 2026",2026-02-22,Sunday,Korean Martyrs,"2600 SW 74th St, Oklahoma City",(405) 681-6464,Mass,11:00 AM,,Mass,english,Korean Martyrs Church,
"Sun, Feb 22, 2026",2026-02-22,Sunday,Korean Martyrs,"2600 SW 74th St, Oklahoma City",(405) 681-6464,Mass,3:00 PM,,Mass,english,Korean Martyrs Church,
"Sun, Feb 22, 2026",2026-02-22,Sunday,Little Flower Church (Our Lady of Mount Carmel and St. Thérèse of Lisieux),"1125 S Walker Ave, Oklahoma City",(405) 235-2037,Mass,10:00 AM,,Mass,spanish,,
"Sun, Feb 22, 2026",2026-02-22,Sunday,Little Flower Church (Our Lady of Mount Carmel and St. Thérèse of Lisieux),"1125 S Walker Ave, Oklahoma City",(405) 235-2037,Mass,12:00 PM,,Mass,english,,
"Sun, Feb 22, 2026",2026-02-22,Sunday,Little Flower Church (Our Lady of Mount Carmel and St. Thérèse of Lisieux),"1125 S Walker Ave, Oklahoma City",(405) 235-2037,Mass,1:30 PM,,Mass,spanish,,
"Sun, Feb 22, 2026",2026-02-22,Sunday,Little Flower Church (Our Lady of Mount Carmel and St. Thérèse of Lisieux),"1125 S Walker Ave, Oklahoma City",(405) 235-2037,Mass,3:15 PM,,Mass,spanish,,
"Sun, Feb 22, 2026",2026-02-22,Sunday,Little Flower Church (Our Lady of Mount Carmel and St. Thérèse of Lisieux),"1125 S Walker Ave, Oklahoma City",(405) 235-2037,Mass,7:30 AM,,Mass,spanish,,
"Sun, Feb 22, 2026",2026-02-22,Sunday,Most Precious Blood,"3029 S 57th W Ave, Tulsa",918-615-8404,Mass,10:30 AM,,Holy Mass,English,,High Mass
"Sun, Feb 22, 2026",2026-02-22,Sunday,Most Precious Blood,"3029 S 57th W Ave, Tulsa",918-615-8404,Mass,1:00 PM,,Holy Mass,English,,Low Mass
"Sun, Feb 22, 2026",2026-02-22,Sunday,Most Precious Blood,"3029 S 57th W Ave, Tulsa",918-615-8404,Mass,8:30 AM,,Holy Mass,English,,Low Mass
"Sun, Feb 22, 2026",2026-02-22,Sunday,Mother of God,"1105 4th St, Oswego",(620) 795-2262,Mass,9:00 AM,,Mass,English,Oswego - Mary Mother of God,
"Sun, Feb 22, 2026",2026-02-22,Sunday,National Shrine of the Infant Jesus of Prague,"304 Jim Thorpe Blvd, Prague",(405) 567-3080,Mass,11:00 AM,,Mass,bilingual,National Shrine of the Infant Jesus,
"Sun, Feb 22, 2026",2026-02-22,Sunday,Nativity of Our Lord,"227 Sulphur St, Noel",(417) 475-3144,Mass,10:30 AM,,Mass,English,,
"Sun, Feb 22, 2026",2026-02-22,Sunday,Nativity of Our Lord,"227 Sulphur St, Noel",(417) 475-3144,Mass,1:00 PM,,Mass,spanish,,
"Sun, Feb 22, 2026",2026-02-22,Sunday,Our Lady Of Perpetual Help Catholic Church,"115 S A Ave, Elgin",+1-580-492-5914,Mass,10:30 AM,,Mass,English,Our Lady,
"Sun, Feb 22, 2026",2026-02-22,Sunday,Our Lady of Clear Creek Abbey,"5804 W Monastery Rd, Hulbert",(918) 772-2454,Mass,6:50 AM,,Low Mass,English,,
"Sun, Feb 22, 2026",2026-02-22,Sunday,Our Lady of Clear Creek Abbey,"5804 W Monastery Rd, Hulbert",(918) 772-2454,Mass,7:05 AM,,Low Mass,English,,Low Mass
"Sun, Feb 22, 2026",2026-02-22,Sunday,Our Lady of Guadalupe,"400 W 9th St, Dewey",(918) 534-3420,Mass,11:00 AM,,Mass,English,"400 W. 9th St. Dewey, OK 74029",
"Sun, Feb 22, 2026",2026-02-22,Sunday,Our Lady of Guadalupe,"523 E Chestnut St, Hollis",(580) 688-2233,Mass,1:30 PM,,Mass,bilingual,Our Lady of Guadalupe Church,
"Sun, Feb 22, 2026",2026-02-22,Sunday,Our Lady of Lebanon (Maronite),"500 Alameda St, Norman",(405) 321-3097,Mass,11:00 AM,,Mass,English,,
"Sun, Feb 22, 2026",2026-02-22,Sunday,Our Lady of Perpetual Help,"220 N A Street, Sterling",(580) 492-5914,Mass,10:30 AM,,Mass,English,Our Lady,
"Sun, Feb 22, 2026",2026-02-22,Sunday,Our Lady of Sorrows,"409 S Price Ave, Chandler",(405) 258-1239,Mass,11:00 AM,,Mass,English,Our Lady of Sorrows,
"Sun, Feb 22, 2026",2026-02-22,Sunday,Our Lady of Victory,"307 W Jefferson St, Purcell",(405) 527-3077,Mass,11:30 AM,,Mass,spanish,,
"Sun, Feb 22, 2026",2026-02-22,Sunday,Our Lady of Victory,"3300 Clarksville St, Paris",(903) 784-1000,Mass,12:00 PM,,Mass,spanish,,
"Sun, Feb 22, 2026",2026-02-22,Sunday,Our Lady of Victory,"3300 Clarksville St, Paris",(903) 784-1000,Mass,5:30 PM,,Mass,bilingual,,
"Sun, Feb 22, 2026",2026-02-22,Sunday,Our Lady of Victory,"3300 Clarksville St, Paris",(903) 784-1000,Mass,9:00 AM,,Mass,english,,
"Sun, Feb 22, 2026",2026-02-22,Sunday,Our Lady of Victory,"307 W Jefferson St, Purcell",(405) 527-3077,Mass,9:00 AM,,Mass,english,,
"Sun, Feb 22, 2026",2026-02-22,Sunday,Our Lady of the Lake,"450 E Cimarron Dr, Mannford",918-245-5840,Mass,8:00 AM,,Mass,English,Our Lady of the Lake,
"Sun, Feb 22, 2026",2026-02-22,Sunday,Parish of Christ the King,"1520 S Rockford Ave, Tulsa",+1-918-584-4788,Mass,11:15 AM,,Mass,english,. The nursery is located in the Early Childhood Development Center.),Nursery available at this Mass (ages 18 months up to kindergarten
"Sun, Feb 22, 2026",2026-02-22,Sunday,Parish of Christ the King,"1520 S Rockford Ave, Tulsa",+1-918-584-4788,Mass,5:00 PM,,Mass,english,,
"Sun, Feb 22, 2026",2026-02-22,Sunday,Parish of Christ the King,"1520 S Rockford Ave, Tulsa",+1-918-584-4788,Mass,8:00 AM,,Mass,english,,
"Sun, Feb 22, 2026",2026-02-22,Sunday,Parish of Christ the King,"1520 S Rockford Ave, Tulsa",+1-918-584-4788,Mass,9:15 AM,,Mass,english,. The nursery is located in the Early Childhood Development Center.),Nursery available at this Mass (ages 18 months up to kindergarten
"Sun, Feb 22, 2026",2026-02-22,Sunday,Prince of Peace,"1500 Falcon Rd, Altus",(580) 482-3363,Mass,12:30 PM,,Misa,spanish,,
"Sun, Feb 22, 2026",2026-02-22,Sunday,Prince of Peace,"1500 Falcon Rd, Altus",(580) 482-3363,Mass,8:30 AM,,Mass,English,,
"Sun, Feb 22, 2026",2026-02-22,Sunday,Queen of All Saints,"914 N 5th St, Sayre",(580) 225-0066,Mass,8:00 AM,,Mass,English,Sayre,
"Sun, Feb 22, 2026",2026-02-22,Sunday,Resurrection,"4804 S Fulton Ave, Tulsa",(918) 663-1907,Mass,12:00 PM,,Mass,spanish,,
"Sun, Feb 22, 2026",2026-02-22,Sunday,Resurrection,"4804 S Fulton Ave, Tulsa",(918) 663-1907,Mass,5:00 PM,,Mass,spanish,,
"Sun, Feb 22, 2026",2026-02-22,Sunday,Resurrection,"4804 S Fulton Ave, Tulsa",(918) 663-1907,Mass,9:30 AM,,Mass,english,,
"Sun, Feb 22, 2026",2026-02-22,Sunday,ST MARK CATHOLIC CHURCH,"1507 S Vann St, Pryor",+1-918-825-4186,Mass,10:00 AM,,Mass,english,,
"Sun, Feb 22, 2026",2026-02-22,Sunday,ST MARK CATHOLIC CHURCH,"1507 S Vann St, Pryor",+1-918-825-4186,Mass,1:00 PM,,Mass,spanish,,
"Sun, Feb 22, 2026",2026-02-22,Sunday,Sacred Heart,"714 N Main St, Muenster",(940) 759-2500,Mass,10:30 AM,,Mass,English,,livestream
"Sun, Feb 22, 2026",2026-02-22,Sunday,Sacred Heart,"1777 E Grayson Ave, Sapulpa",(918) 224-0944,Mass,10:30 AM,,Mass,english,,
"Sun, Feb 22, 2026",2026-02-22,Sunday,Sacred Heart,"208 S Evans Ave, El Reno",(405) 262-1405,Mass,10:45 AM,,Mass,english,Sacred Heart,
"Sun, Feb 22, 2026",2026-02-22,Sunday,Sacred Heart,"320 S B Street, Arkansas City",(620) 442-0566,Mass,11:00 AM,,Mass,spanish,Sacred Heart Catholic Church,
"Sun, Feb 22, 2026",2026-02-22,Sunday,Sacred Heart,"409 N Byers Ave, Mangum",(580) 782-2657,Mass,11:00 AM,,Mass,english,Sacred Heart Church,
"Sun, Feb 22, 2026",2026-02-22,Sunday,Sacred Heart,"2515 N Main St, Miami",(918) 542-5281,Mass,12:00 PM,,Mass,spanish,Sacred Heart Catholic Church,
"Sun, Feb 22, 2026",2026-02-22,Sunday,Sacred Heart,"2515 N Main St, Miami",(918) 542-5281,Mass,12:00 PM,,Mass,spanish,Sacred Heart Catholic Church,Mass
"Sun, Feb 22, 2026",2026-02-22,Sunday,Sacred Heart,"208 S Evans Ave, El Reno",(405) 262-1405,Mass,12:30 PM,,Mass,spanish,Sacred Heart,
"Sun, Feb 22, 2026",2026-02-22,Sunday,Sacred Heart,"2515 N Main St, Miami",(918) 542-5281,Mass,1:30 PM,,Mass,English,Sacred Heart Catholic Church,note: Chuukese
"Sun, Feb 22, 2026",2026-02-22,Sunday,Sacred Heart,"2515 N Main St, Miami",(918) 542-5281,Mass,1:30 PM,,Mass,English,Sacred Heart Catholic Church,Mass; Chuukese
"Sun, Feb 22, 2026",2026-02-22,Sunday,Sacred Heart,"714 N Main St, Muenster",(940) 759-2500,Mass,8:00 AM,,Mass,English,,livestream
"Sun, Feb 22, 2026",2026-02-22,Sunday,Sacred Heart,"2706 S Shartel Ave, Oklahoma City",(405) 634-2458,Mass,8:00 AM,,Mass,spanish,,
"Sun, Feb 22, 2026",2026-02-22,Sunday,Sacred Heart,"1777 E Grayson Ave, Sapulpa",(918) 224-0944,Mass,8:00 AM,,Mass,spanish,,
"Sun, Feb 22, 2026",2026-02-22,Sunday,Sacred Heart,"204 N Clark Ave, Hinton",(580) 772-3209,Mass,8:30 AM,,Mass,english,"Sacred Heart, Hinton",
"Sun, Feb 22, 2026",2026-02-22,Sunday,Sacred Heart,"627 12th St, Alva",(580) 327-0339,Mass,9:00 AM,,Mass,English,Alva,
"Sun, Feb 22, 2026",2026-02-22,Sunday,Sacred Heart,"320 S B Street, Arkansas City",(620) 442-0566,Mass,9:00 AM,,Mass,english,Sacred Heart Catholic Church,
"Sun, Feb 22, 2026",2026-02-22,Sunday,Sacred Heart,"301 N Hooker, Caney",(620) 647-3577,Mass,9:00 AM,,Mass,English,Caney - Sacred Heart,
"Sun, Feb 22, 2026",2026-02-22,Sunday,Sacred Heart,"333 S 8th St, Fairfax",(918) 642-5053,Mass,9:00 AM,,Mass,english,Sacred Heart Parish,Fairfax
"Sun, Feb 22, 2026",2026-02-22,Sunday,Sacred Heart,"109 W 5th St, Skiatook",(918) 396-1179,Mass,9:00 AM,,Mass,English,Sacred Heart Church,
"Sun, Feb 22, 2026",2026-02-22,Sunday,Sacred Heart,"102 Center Point Rd, Wilburton",(918) 465-7675,Mass,9:00 AM,,Mass,english,Sacred Heart Parish,Wilburton
"Sun, Feb 22, 2026",2026-02-22,Sunday,Sacred Heart,"2515 N Main St, Miami",(918) 542-5281,Mass,9:30 AM,,Mass,english,Sacred Heart Catholic Church,
"Sun, Feb 22, 2026",2026-02-22,Sunday,Sacred Heart,"2515 N Main St, Miami",(918) 542-5281,Mass,9:30 AM,,Mass,english,Sacred Heart Catholic Church,Mass
"Sun, Feb 22, 2026",2026-02-22,Sunday,Sacred Heart Catholic Church,"102 Center Point Rd, Wilburton",+1-918-465-3996,Mass,9:00 AM,,Mass,english,Sacred Heart Parish,Wilburton
"Sun, Feb 22, 2026",2026-02-22,Sunday,Sacred Heart of Mary,"1301 Frank St, Barling",(479) 452-1795 or (479) 522-4245 (Fr. Tuyen),Mass,10:00 AM,,Mass,english,"Sacred Heart of Mary, Barling",
"Sun, Feb 22, 2026",2026-02-22,Sunday,Sacred Heart of Mary,"1301 Frank St, Barling",(479) 452-1795 or (479) 522-4245 (Fr. Tuyen),Mass,12:00 PM,,Mass,vietnamese,"Sacred Heart of Mary, Barling",
"Sun, Feb 22, 2026",2026-02-22,Sunday,Sacred Heart of Mary,"1301 Frank St, Barling",(479) 452-1795 or (479) 522-4245 (Fr. Tuyen),Mass,8:00 AM,,Mass,vietnamese,"Sacred Heart of Mary, Barling",
"Sun, Feb 22, 2026",2026-02-22,Sunday,Saint Michaels Catholic Church,"220 Koonce St, Meeker",+1-405-567-3404,Mass,9:00 AM,,Mass,English,St. Michael Catholic Church - Meeker,
"Sun, Feb 22, 2026",2026-02-22,Sunday,San Jose Luis del Rio Catholic Church,"123 Ohio Ave, Laverne",+1-580-256-5305,Mass,11:30 AM,,Mass,spanish,San Jose Sanchez del Rio in Laverne,
"Sun, Feb 22, 2026",2026-02-22,Sunday,San Juan Diego,"23 W Division St, Stilwell",918.456.8388,Mass,8:30 AM,,Mass,spanish,San Juan Diego Mission,Stilwell
"Sun, Feb 22, 2026",2026-02-22,Sunday,St Catherine of Alexandria Catholic Church,"4532 S 25th W Ave, Tulsa",(918) 446-8124,Mass,11:00 AM,,Mass,English,,zomi
"Sun, Feb 22, 2026",2026-02-22,Sunday,St Elizabeth Catholic Church,"1653 113th St NW, Grove",+1-918-786-9312,Mass,10:00 AM,,Mass,English,St. Elizabeth Catholic Church,
"Sun, Feb 22, 2026",2026-02-22,Sunday,St Elizabeth Catholic Church,"1653 113th St NW, Grove",+1-918-786-9312,Mass,12:30 PM,,Mass,spanish,St. Elizabeth Catholic Church,
"Sun, Feb 22, 2026",2026-02-22,Sunday,St Elizabeth Catholic Church,"1653 113th St NW, Grove",+1-918-786-9312,Mass,8:00 AM,,Mass,English,St. Elizabeth Catholic Church,note: Mother's Day - Labor Day
"Sun, Feb 22, 2026",2026-02-22,Sunday,St Joseph Catholic Church,"321 N Virginia St, Muskogee",+1-918-687-1351,Mass,12:00 PM,,Mass,spanish,St. Joseph Catholic Church,
"Sun, Feb 22, 2026",2026-02-22,Sunday,St Joseph Catholic Church,"321 N Virginia St, Muskogee",+1-918-687-1351,Mass,9:30 AM,,Mass,english,St. Joseph Catholic Church,
"Sun, Feb 22, 2026",2026-02-22,Sunday,St Jude,"70 E 11th St, Boswell",(580) 326-7300,Mass,1:30 PM,,Mass,English,Saint Jude Catholic Church,
"Sun, Feb 22, 2026",2026-02-22,Sunday,St Matthew's Catholic Church-Elk City,"3001 E State Hwy 66, Elk City",+1-580-225-0066,Mass,10:30 AM,,Mass: Elk City,English,Elk City,Mass: Elk City
"Sun, Feb 22, 2026",2026-02-22,Sunday,St Rose of Lima,"115 W Walnut St, Columbus",(620) 429-2639,Mass,11:00 AM,,Mass,English,St. Rose of Lima,
"Sun, Feb 22, 2026",2026-02-22,Sunday,St Thomas More University Parish and Student Center,"100 Stinson St, Norman",(405) 321-0990,Mass,11:00 AM,,Mass,English,,
"Sun, Feb 22, 2026",2026-02-22,Sunday,St Thomas More University Parish and Student Center,"100 Stinson St, Norman",(405) 321-0990,Mass,5:00 PM,,Mass,English,,
"Sun, Feb 22, 2026",2026-02-22,Sunday,St Thomas More University Parish and Student Center,"100 Stinson St, Norman",(405) 321-0990,Mass,8:30 AM,,Mass,English,,
"Sun, Feb 22, 2026",2026-02-22,Sunday,St. Agnes,"501 E Main St, Antlers",580.298.5204 (Parish Center),Mass,11:00 AM,,Mass,English,Saint Agnes Catholic Church,
"Sun, Feb 22, 2026",2026-02-22,Sunday,St. Andrew,"800 NW 5th St, Moore",(405) 799-3334,Mass,11:30 AM,,Mass,English,St. Andrew the Apostle Catholic Church,Check Bulletin for Possible Changes in Mass Times
"Sun, Feb 22, 2026",2026-02-22,Sunday,St. Andrew,"800 NW 5th St, Moore",(405) 799-3334,Mass,9:00 AM,,Mass,English,St. Andrew the Apostle Catholic Church,Check Bulletin for Possible Changes in Mass Times
"Sun, Feb 22, 2026",2026-02-22,Sunday,St. Andrew Dung-Lac,"3115 SW 59th St, Oklahoma City",(405) 681-2665,Mass,11:00 AM,,Mass,vietnamese,3115 S. W. 59th St Oklahoma City,
"Sun, Feb 22, 2026",2026-02-22,Sunday,St. Andrew Dung-Lac,"3115 SW 59th St, Oklahoma City",(405) 681-2665,Mass,8:30 AM,,Mass,vietnamese,3115 S. W. 59th St Oklahoma City,
"Sun, Feb 22, 2026",2026-02-22,Sunday,St. Ann,"450 S Jefferson St, Welch",(918)788-3771,Mass,8:00 AM,,Mass,english,St. Ann Parish,Welch
"Sun, Feb 22, 2026",2026-02-22,Sunday,St. Ann,"522 E 3rd St, Cordell",(580) 323-0345,Mass,8:30 AM,,Mass,english,"St. Anne's in Cordell, OK",
"Sun, Feb 22, 2026",2026-02-22,Sunday,St. Ann,"8492 State Hwy 17, Elgin",(580) 492-5914,Mass,8:30 AM,,Mass,English,St. Ann,
"Sun, Feb 22, 2026",2026-02-22,Sunday,St. Anne,"301 S 9th St, Broken Arrow",(918) 251-4000,Mass,11:30 AM,,Mass,English,,
"Sun, Feb 22, 2026",2026-02-22,Sunday,St. Anne,"301 S 9th St, Broken Arrow",(918) 251-4000,Mass,5:00 PM,,Mass,English,,
"Sun, Feb 22, 2026",2026-02-22,Sunday,St. Anne,"301 S 9th St, Broken Arrow",(918) 251-4000,Mass,9:00 AM,,Mass,English,,
"Sun, Feb 22, 2026",2026-02-22,Sunday,St. Anthony,"515 S Morton Ave, Okmulgee",(918) 756-4385,Mass,11:00 AM,,Mass,English,St. Anthony,
"Sun, Feb 22, 2026",2026-02-22,Sunday,St. Anthony of Padua,"1510 N Calhoun Ave , Liberal",(620) 624-4135,Mass,11:00 AM,,Mass,spanish,,
"Sun, Feb 22, 2026",2026-02-22,Sunday,St. Anthony of Padua,"1510 N Calhoun Ave , Liberal",(620) 624-4135,Mass,1:00 PM,,Mass,spanish,,
"Sun, Feb 22, 2026",2026-02-22,Sunday,St. Anthony of Padua,"1510 N Calhoun Ave , Liberal",(620) 624-4135,Mass,9:00 AM,,Mass,english,,
"Sun, Feb 22, 2026",2026-02-22,Sunday,St. Augustine,"1720 E Apache St, Tulsa",918-607-8681,Mass,10:30 AM,,Mass,English,St. Augustine,ASL
"Sun, Feb 22, 2026",2026-02-22,Sunday,St. Augustine,"1720 E Apache St, Tulsa",918-607-8681,Mass,12:30 PM,,Mass,spanish,St. Augustine,
"Sun, Feb 22, 2026",2026-02-22,Sunday,St. Benedict,"632 N Kickapoo Ave, Shawnee",(405) 275-0001,Mass,10:00 AM,,Mass,english,,
"Sun, Feb 22, 2026",2026-02-22,Sunday,St. Benedict,"2200 W Ithica St, Broken Arrow",(918) 455-4451,Mass,12:00 PM,,Mass,English,,
"Sun, Feb 22, 2026",2026-02-22,Sunday,St. Benedict,"632 N Kickapoo Ave, Shawnee",(405) 275-0001,Mass,12:30 PM,,Mass,spanish,,
"Sun, Feb 22, 2026",2026-02-22,Sunday,St. Benedict,"2200 W Ithica St, Broken Arrow",(918) 455-4451,Mass,5:00 PM,,Mass,English,,
"Sun, Feb 22, 2026",2026-02-22,Sunday,St. Benedict,"632 N Kickapoo Ave, Shawnee",(405) 275-0001,Mass,8:00 AM,,Mass,english,,
"Sun, Feb 22, 2026",2026-02-22,Sunday,St. Benedict,"2200 W Ithica St, Broken Arrow",(918) 455-4451,Mass,9:00 AM,,Mass,English,,
"Sun, Feb 22, 2026",2026-02-22,Sunday,St. Bernard of Clairvaux,"4001 E 101st St, Tulsa",(918) 299-9406,Mass,11:15 AM,,Mass,English,,
"Sun, Feb 22, 2026",2026-02-22,Sunday,St. Bernard of Clairvaux,"4001 E 101st St, Tulsa",(918) 299-9406,Mass,5:00 PM,,Mass,English,,
"Sun, Feb 22, 2026",2026-02-22,Sunday,St. Bernard of Clairvaux,"4001 E 101st St, Tulsa",(918) 299-9406,Mass,8:00 AM,,Mass,English,,
"Sun, Feb 22, 2026",2026-02-22,Sunday,St. Boniface,"204 N 18th St, Fort Smith",(479) 783-6711,Mass,10:00 AM,,Mass,english,St. Boniface,
"Sun, Feb 22, 2026",2026-02-22,Sunday,St. Boniface,"204 N 18th St, Fort Smith",(479) 783-6711,Mass,1:00 PM,,Mass,spanish,St. Boniface,
"Sun, Feb 22, 2026",2026-02-22,Sunday,St. Boniface,"204 N 18th St, Fort Smith",(479) 783-6711,Mass,8:00 AM,,Mass,spanish,St. Boniface,
"Sun, Feb 22, 2026",2026-02-22,Sunday,St. Brigid,"807 Crafton St, Tahlequah",(918) 456-8388,Mass,10:30 AM,,Mass,english,,
"Sun, Feb 22, 2026",2026-02-22,Sunday,St. Brigid,"807 Crafton St, Tahlequah",(918) 456-8388,Mass,12:30 PM,,Mass,spanish,,
"Sun, Feb 22, 2026",2026-02-22,Sunday,St. Catherine,"217 W Modoc Ave, Nowata",(918) 534-3420,Mass,8:00 AM,,Mass,English,"217 W. Modoc Nowata, OK 74048",
"Sun, Feb 22, 2026",2026-02-22,Sunday,St. Catherine of Siena,"501 2nd St, Talihina",(918) 465-7675,Mass,11:30 AM,,Mass,english,St. Catherine of Siena Parish,Talihina
"Sun, Feb 22, 2026",2026-02-22,Sunday,St. Catherine of Siena,"205 W Bert St, Pauls Valley",(405) 238-3741,Mass,12:00 PM,,Mass,spanish,,
"Sun, Feb 22, 2026",2026-02-22,Sunday,St. Catherine of Siena,"205 W Bert St, Pauls Valley",(405) 238-3741,Mass,9:00 AM,,Mass,english,,
"Sun, Feb 22, 2026",2026-02-22,Sunday,St. Cecilia,"1304 N Dorothy Ave, Claremore",(918) 341-2343,Mass,11:00 AM,,Mass,English,,
"Sun, Feb 22, 2026",2026-02-22,Sunday,St. Cecilia,"1304 N Dorothy Ave, Claremore",(918) 341-2343,Mass,3:00 PM,,Mass,spanish,,
"Sun, Feb 22, 2026",2026-02-22,Sunday,St. Cecilia,"1304 N Dorothy Ave, Claremore",(918) 341-2343,Mass,8:30 AM,,Mass,English,,
"Sun, Feb 22, 2026",2026-02-22,Sunday,St. Charles Borromeo,"5024 N Grove, Warr Acres",(405) 789-2595,Mass,11:00 AM,,Mass,english,,livestream
"Sun, Feb 22, 2026",2026-02-22,Sunday,St. Charles Borromeo,"5024 N Grove, Warr Acres",(405) 789-2595,Mass,1:00 PM,,Mass,spanish,,livestream
"Sun, Feb 22, 2026",2026-02-22,Sunday,St. Charles Borromeo,"5024 N Grove, Warr Acres",(405) 789-2595,Mass,6:00 PM,,Mass,spanish,,
"Sun, Feb 22, 2026",2026-02-22,Sunday,St. Charles Borromeo,"5024 N Grove, Warr Acres",(405) 789-2595,Mass,8:00 AM,,Mass,english,,
"Sun, Feb 22, 2026",2026-02-22,Sunday,St. Clement,"15501 S Memorial Dr, Bixby",(918) 366-3166,Mass,10:00 AM,,Mass,english,St. Clement Catholic Church,
"Sun, Feb 22, 2026",2026-02-22,Sunday,St. Clement,"15501 S Memorial Dr, Bixby",(918) 366-3166,Mass,12:30 PM,,Mass,spanish,St. Clement Catholic Church,
"Sun, Feb 22, 2026",2026-02-22,Sunday,St. Clement,"15501 S Memorial Dr, Bixby",(918) 366-3166,Mass,8:00 AM,,Mass,English,St. Clement Catholic Church,
"Sun, Feb 22, 2026",2026-02-22,Sunday,St. Cornelius,"404 S Massachusetts Ave, Cherokee",(580) 327-0339,Mass,11:30 AM,,Mass,English,Cherokee,
"Sun, Feb 22, 2026",2026-02-22,Sunday,St. Damien of Molokai,"8455 NW 234th St, Edmond",(405) 330-9968,Mass,11:00 AM,,High Mass,English,,
"Sun, Feb 22, 2026",2026-02-22,Sunday,St. Damien of Molokai,"8455 NW 234th St, Edmond",(405) 330-9968,Mass,7:00 AM,,Low Mass,English,,
"Sun, Feb 22, 2026",2026-02-22,Sunday,St. Damien of Molokai,"8455 NW 234th St, Edmond",(405) 330-9968,Mass,8:30 AM,,Low Mass,English,,
"Sun, Feb 22, 2026",2026-02-22,Sunday,St. Elizabeth,"1653 113th St NW, Grove",(918) 786-9312,Mass,10:00 AM,,Mass,English,St. Elizabeth Catholic Church,note: Mother's Day - Labor Day
"Sun, Feb 22, 2026",2026-02-22,Sunday,St. Elizabeth,"1653 113th St NW, Grove",(918) 786-9312,Mass,12:30 PM,,Mass,spanish,St. Elizabeth Catholic Church,
"Sun, Feb 22, 2026",2026-02-22,Sunday,St. Elizabeth,"1653 113th St NW, Grove",(918) 786-9312,Mass,8:00 AM,,Mass,English,St. Elizabeth Catholic Church,note: Mother's Day - Labor Day
"Sun, Feb 22, 2026",2026-02-22,Sunday,St. Elizabeth Ann Seton,"16526 United States Hwy 271, Spiro",(918) 647-3475,Mass,1:00 PM,,Sunday Mass,English,,
"Sun, Feb 22, 2026",2026-02-22,Sunday,St. Eugene,"704 N Bryan St, Weatherford",(580) 772-3209,Mass,11:00 AM,,Mass,bilingual,"St. Eugene, Weatherford",
"Sun, Feb 22, 2026",2026-02-22,Sunday,St. Eugene,"2400 W Hefner Rd, Oklahoma City",(405) 751-7115,Mass,12:30 PM,,Mass,spanish,Church,
"Sun, Feb 22, 2026",2026-02-22,Sunday,St. Eugene,"2400 W Hefner Rd, Oklahoma City",(405) 751-7115,Mass,5:00 PM,,Mass,english,Church,
"Sun, Feb 22, 2026",2026-02-22,Sunday,St. Eugene,"2400 W Hefner Rd, Oklahoma City",(405) 751-7115,Mass,6:30 PM,,Mass,spanish,Church,
"Sun, Feb 22, 2026",2026-02-22,Sunday,St. Eugene,"2400 W Hefner Rd, Oklahoma City",(405) 751-7115,Mass,9:30 AM,,Mass,english,Church,
"Sun, Feb 22, 2026",2026-02-22,Sunday,St. Frances of Rome,"13286 Oklahoma 28, Langley",(918) 782-2248,Mass,8:00 AM,,Mass,English,,
"Sun, Feb 22, 2026",2026-02-22,Sunday,St. Francis Hospital Chapel,"6161 S Yale Ave, Tulsa",,Mass,9:00 AM,,Mass,English,Saint Francis Hospital Chapel,livestream; note: Televised in patient rooms on Channel 15
"Sun, Feb 22, 2026",2026-02-22,Sunday,St. Francis Xavier,"110 N Madison St, Enid",(580) 237-0812,Mass,11:00 AM,,Mass,english,St. Francis Xavier,
"Sun, Feb 22, 2026",2026-02-22,Sunday,St. Francis Xavier,"711 N Country Club Rd, Stillwater",(405) 372-6886,Mass,11:15 AM,,Mass,english,,
"Sun, Feb 22, 2026",2026-02-22,Sunday,St. Francis Xavier,"700 E Oklahoma Ave, Sulphur",(580) 332-4811,Mass,11:30 AM,,Mass,english,"St. Francis Xavier, Sulphur",
"Sun, Feb 22, 2026",2026-02-22,Sunday,St. Francis Xavier,"110 N Madison St, Enid",(580) 237-0812,Mass,1:00 PM,,Mass,spanish,St. Francis Xavier,
"Sun, Feb 22, 2026",2026-02-22,Sunday,St. Francis Xavier,"711 N Country Club Rd, Stillwater",(405) 372-6886,Mass,1:00 PM,,Mass,spanish,,
"Sun, Feb 22, 2026",2026-02-22,Sunday,St. Francis Xavier,"110 N Madison St, Enid",(580) 237-0812,Mass,8:00 AM,,Mass,english,St. Francis Xavier,
"Sun, Feb 22, 2026",2026-02-22,Sunday,St. Francis Xavier,"711 N Country Club Rd, Stillwater",(405) 372-6886,Mass,8:30 AM,,Mass,english,,
"Sun, Feb 22, 2026",2026-02-22,Sunday,St. Francis Xavier,"110 N Madison St, Enid",(580) 237-0812,Mass,9:00 AM,,Mass,English,St. Francis Xavier,livestream
"Sun, Feb 22, 2026",2026-02-22,Sunday,St. Francis Xavier,"2110 N Dogwood St, Sallisaw",(918) 775-6217,Mass,9:00 AM,,Morning Mass,English,"St. Francis Xavier, Sallisaw",
"Sun, Feb 22, 2026",2026-02-22,Sunday,St. Francis of Assisi,"610 W 9th St, Newkirk",(580) 382-6008,Mass,10:00 AM,,Mass,English,"St. Francis of Assisi, Newkirk",Rosary at 09:30
"Sun, Feb 22, 2026",2026-02-22,Sunday,St. Francis of Assisi,"610 W 9th St, Newkirk",(580) 382-6008,Mass,10:00 AM,,Mass,english,"St. Francis of Assisi, Newkirk",
"Sun, Feb 22, 2026",2026-02-22,Sunday,St. Francis of Assisi,"1901 NW 18th St, Oklahoma City",(405) 528-0485,Mass,11:00 AM,,Mass,english,,livestream
"Sun, Feb 22, 2026",2026-02-22,Sunday,St. Francis of Assisi,"1901 NW 18th St, Oklahoma City",(405) 528-0485,Mass,8:30 AM,,Mass,english,,
"Sun, Feb 22, 2026",2026-02-22,Sunday,St. Francis of Assisi Quasi-Parish,"807 N Union, Whitesboro",(903) 893-5148,Mass,11:30 AM,,Mass,bilingual,"807 N Union St, Whitesboro, TX 76273",
"Sun, Feb 22, 2026",2026-02-22,Sunday,St. Francis of Assisi Quasi-Parish,"807 N Union, Whitesboro",(903) 893-5148,Mass,9:00 AM,,Mass,english,"807 N Union St, Whitesboro, TX 76273",
"Sun, Feb 22, 2026",2026-02-22,Sunday,St. Gregory the Great,"1924 W Willow Rd, Enid",(580) 233-4589,Mass,11:45 AM,,Mass,English,,
"Sun, Feb 22, 2026",2026-02-22,Sunday,St. Gregory the Great,"1924 W Willow Rd, Enid",(580) 233-4589,Mass,9:00 AM,,Mass,English,,livestream
"Sun, Feb 22, 2026",2026-02-22,Sunday,St. Gregory's Abbey,"1900 W MacArthur St, Shawnee",(405) 878-5491,Mass,5:30 AM,,Vigils,English,,
"Sun, Feb 22, 2026",2026-02-22,Sunday,St. Helen,"507 E Highview Ave, Frederick",(580) 335-3298,Mass,10:30 AM,,Mass,English,,
"Sun, Feb 22, 2026",2026-02-22,Sunday,St. Henry,"8500 N Owasso Expressway, Owasso",(918) 272-3710,Mass,7:30 AM,,Mass,english,,
"Sun, Feb 22, 2026",2026-02-22,Sunday,St. James the Greater,"4201 S McKinley Ave, Oklahoma City",(405) 636-6800,Mass,11:00 AM,,Mass,English,,family
"Sun, Feb 22, 2026",2026-02-22,Sunday,St. James the Greater,"4201 S McKinley Ave, Oklahoma City",(405) 636-6800,Mass,1:00 PM,,Mass,spanish,,
"Sun, Feb 22, 2026",2026-02-22,Sunday,St. James the Greater,"4201 S McKinley Ave, Oklahoma City",(405) 636-6800,Mass,3:00 PM,,Mass,spanish,,
"Sun, Feb 22, 2026",2026-02-22,Sunday,St. James the Greater,"4201 S McKinley Ave, Oklahoma City",(405) 636-6800,Mass,5:00 PM,,Mass,English,,
"Sun, Feb 22, 2026",2026-02-22,Sunday,St. James the Greater,"4201 S McKinley Ave, Oklahoma City",(405) 636-6800,Mass,7:00 PM,,Mass,spanish,,
"Sun, Feb 22, 2026",2026-02-22,Sunday,St. James the Greater,"4201 S McKinley Ave, Oklahoma City",(405) 636-6800,Mass,8:30 AM,,Mass,English,,
"Sun, Feb 22, 2026",2026-02-22,Sunday,St. John,"300 E Washington Ave, Mcalester",(918) 423-0810,Mass,10:00 AM,,Mass,english,Church,
"Sun, Feb 22, 2026",2026-02-22,Sunday,St. John,"300 E Washington Ave, Mcalester",(918) 423-0810,Mass,12:00 PM,,Mass,spanish,Church,
"Sun, Feb 22, 2026",2026-02-22,Sunday,St. John Before the Latin Gate Catholic Church,"715 S Johnstone Ave, Bartlesville",(918) 336-4353,Mass,11:00 AM,,Mass,English,St. John,
"Sun, Feb 22, 2026",2026-02-22,Sunday,St. John Before the Latin Gate Catholic Church,"715 S Johnstone Ave, Bartlesville",(918) 336-4353,Mass,1:30 PM,,Mass,spanish,St. John,
"Sun, Feb 22, 2026",2026-02-22,Sunday,St. John Before the Latin Gate Catholic Church,"715 S Johnstone Ave, Bartlesville",(918) 336-4353,Mass,8:30 AM,,Mass,English,St. John,
"Sun, Feb 22, 2026",2026-02-22,Sunday,St. John Catholic Student Center (Oklahoma State University),"201 N Knoblock St, Stillwater",(405) 372-6408,Mass,10:00 AM,,Mass,English,,
"Sun, Feb 22, 2026",2026-02-22,Sunday,St. John Catholic Student Center (Oklahoma State University),"201 N Knoblock St, Stillwater",(405) 372-6408,Mass,4:00 PM,,Mass,English,,
"Sun, Feb 22, 2026",2026-02-22,Sunday,St. John Catholic Student Center (Oklahoma State University),"201 N Knoblock St, Stillwater",(405) 372-6408,Mass,8:00 AM,,Mass,English,,
"Sun, Feb 22, 2026",2026-02-22,Sunday,St. John Nepomuk,"600 S Garth Brooks Blvd, Yukon",(405) 354-2743,Mass,10:30 AM,,Mass,English,,livestream
"Sun, Feb 22, 2026",2026-02-22,Sunday,St. John Nepomuk,"600 S Garth Brooks Blvd, Yukon",(405) 354-2743,Mass,8:00 AM,,Mass,English,,
"Sun, Feb 22, 2026",2026-02-22,Sunday,St. John the Apostle,"920 E Main St, Kiowa",(620) 825-4361 or (620) 886-3596  ,Mass,10:30 AM,,Mass,English,"St. John the Apostle, Kiowa",
"Sun, Feb 22, 2026",2026-02-22,Sunday,St. John the Baptist,"900 S Littler Ave, Edmond",(405) 340-0691,Mass,11:30 AM,,Mass,English,St. John the Baptist Catholic Church,note: child care available
"Sun, Feb 22, 2026",2026-02-22,Sunday,St. John the Baptist,"900 S Littler Ave, Edmond",(405) 340-0691,Mass,5:30 PM,,Mass,English,St. John the Baptist Catholic Church,
"Sun, Feb 22, 2026",2026-02-22,Sunday,St. John the Baptist,"900 S Littler Ave, Edmond",(405) 340-0691,Mass,7:30 AM,,Mass,English,St. John the Baptist Catholic Church,
"Sun, Feb 22, 2026",2026-02-22,Sunday,St. John the Baptist,"900 S Littler Ave, Edmond",(405) 340-0691,Mass,9:30 AM,,Mass,English,St. John the Baptist Catholic Church,livestream
"Sun, Feb 22, 2026",2026-02-22,Sunday,St. Joseph,"109 Denison, Nocona",(940) 538-4214,Mass,10:00 AM,,Mass,english,"St. Joseph's Catholic Church Nocona, Tx",
"Sun, Feb 22, 2026",2026-02-22,Sunday,St. Joseph,"109 Denison, Nocona",(940) 538-4214,Mass,10:00 AM,,Mass,English,,Mass
"Sun, Feb 22, 2026",2026-02-22,Sunday,St. Joseph,"290 NW Church St, Krebs",(918) 423-6695,Mass,10:30 AM,,Mass,english,,
"Sun, Feb 22, 2026",2026-02-22,Sunday,St. Joseph,"211 N Porter, Norman",(405) 321-8080,Mass,10:30 AM,,Mass,english,Main Church,
"Sun, Feb 22, 2026",2026-02-22,Sunday,St. Joseph,"320 W N Ave, Tonkawa",(580) 628-2416,Mass,11:00 AM,,Mass,English,St. Joseph’s Catholic Church of Tonkawa,
"Sun, Feb 22, 2026",2026-02-22,Sunday,St. Joseph,"205 S C Ave, Cleveland",(918) 358-2333,Mass,11:30 AM,,Mass,english,,
"Sun, Feb 22, 2026",2026-02-22,Sunday,St. Joseph,"103 Smith St, Webbers Falls","(918) 788-3771, (918) 458-7234",Mass,11:30 AM,,Mass,english,,
"Sun, Feb 22, 2026",2026-02-22,Sunday,St. Joseph,"321 N Virginia St, Muskogee",(918) 687-1351,Mass,12:00 PM,,Mass,spanish,St. Joseph Catholic Church,
"Sun, Feb 22, 2026",2026-02-22,Sunday,St. Joseph,"211 N Porter, Norman",(405) 321-8080,Mass,1:00 PM,,Mass,spanish,Main Church,
"Sun, Feb 22, 2026",2026-02-22,Sunday,St. Joseph,"421 S Pettit, Hominy",(918) 358-2333,Mass,5:00 PM,,Mass,english,St. Joseph Parish,Hominy
"Sun, Feb 22, 2026",2026-02-22,Sunday,St. Joseph,"1204 NW 7th St, Stigler",(918) 647-3475,Mass,5:00 PM,,Mass,english,,
"Sun, Feb 22, 2026",2026-02-22,Sunday,St. Joseph,"211 N Porter, Norman",(405) 321-8080,Mass,7:00 AM,,Mass,english,Main Church,
"Sun, Feb 22, 2026",2026-02-22,Sunday,St. Joseph,"109 Denison, Nocona",(940) 538-4214,Mass,8:00 AM,,Mass,English,,Mass
"Sun, Feb 22, 2026",2026-02-22,Sunday,St. Joseph,"211 N Porter, Norman",(405) 321-8080,Mass,8:30 AM,,Mass,spanish,Main Church,
"Sun, Feb 22, 2026",2026-02-22,Sunday,St. Joseph,"1300 E Beverly St, Ada",(580) 332-4811,Mass,9:00 AM,,Mass,bilingual,"St. Joseph, Ada",
"Sun, Feb 22, 2026",2026-02-22,Sunday,St. Joseph,"302 N Elm St, Bristow",(918) 446-8124,Mass,9:00 AM,,Mass,english,St. Joseph Parish,Bristow
"Sun, Feb 22, 2026",2026-02-22,Sunday,St. Joseph,"403 Kate Boevers St, Union City",(405) 483-5329,Mass,9:00 AM,,Mass,English,St. Joseph Catholic Church,
"Sun, Feb 22, 2026",2026-02-22,Sunday,St. Joseph,"324 SW 2nd St, Buffalo",(580) 256-5305,Mass,9:30 AM,,Mass,english,St. Joseph in Buffalo,
"Sun, Feb 22, 2026",2026-02-22,Sunday,St. Joseph,"321 N Virginia St, Muskogee",(918) 687-1351,Mass,9:30 AM,,Mass,english,St. Joseph Catholic Church,
"Sun, Feb 22, 2026",2026-02-22,Sunday,St. Joseph,"321 N Virginia St, Muskogee",(918) 687-1351,Mass,9:30 AM,,Mass,vietnamese,St. Joseph Catholic Church,
"Sun, Feb 22, 2026",2026-02-22,Sunday,St. Joseph Old Cathedral,"307 NW 4th St, Oklahoma City",(405) 235-4565,Mass,10:00 AM,,Mass,English,,
"Sun, Feb 22, 2026",2026-02-22,Sunday,St. Joseph Old Cathedral,"307 NW 4th St, Oklahoma City",(405) 235-4565,Mass,12:00 PM,,Mass,spanish,,
"Sun, Feb 22, 2026",2026-02-22,Sunday,St. Joseph Old Cathedral,"307 NW 4th St, Oklahoma City",(405) 235-4565,Mass,4:00 PM,,Mass,English,,
"Sun, Feb 22, 2026",2026-02-22,Sunday,St. Joseph Old Cathedral,"307 NW 4th St, Oklahoma City",(405) 235-4565,Mass,8:00 AM,,Mass,English,,
"Sun, Feb 22, 2026",2026-02-22,Sunday,St. Joseph [Thánh Giuse],"14905 E 21st St S, Tulsa",(918) 438-1380,Mass,10:00 AM,,Mass,English,,
"Sun, Feb 22, 2026",2026-02-22,Sunday,St. Joseph [Thánh Giuse],"14905 E 21st St S, Tulsa",(918) 438-1380,Mass,8:00 AM,,Mass,English,,
"Sun, Feb 22, 2026",2026-02-22,Sunday,St. Joseph's Catholic Church,"211 N Porter Ave, Norman",+1-405-321-8080,Mass,10:30 AM,,Mass,english,Main Church,
"Sun, Feb 22, 2026",2026-02-22,Sunday,St. Joseph's Catholic Church,"211 N Porter Ave, Norman",+1-405-321-8080,Mass,1:00 PM,,Mass,spanish,Main Church,
"Sun, Feb 22, 2026",2026-02-22,Sunday,St. Joseph's Catholic Church,"211 N Porter Ave, Norman",+1-405-321-8080,Mass,7:00 AM,,Mass,english,Main Church,
"Sun, Feb 22, 2026",2026-02-22,Sunday,St. Joseph's Catholic Church,"211 N Porter Ave, Norman",+1-405-321-8080,Mass,8:30 AM,,Mass,spanish,Main Church,
"Sun, Feb 22, 2026",2026-02-22,Sunday,St. Jude Thaddeus,"600 Davey Dr, Burkburnett",(940) 569-1222,Mass,11:00 AM,,Mass,english,St. Jude Thaddeus,Burkburnett
"Sun, Feb 22, 2026",2026-02-22,Sunday,St. Leo,"101 Locust St, Hartford",(479) 252-2443 or (479) 652-6454 (Fr. Chan's cell),Mass,11:30 AM,,Mass,English,101 Locust St.,
"Sun, Feb 22, 2026",2026-02-22,Sunday,"St. Louis IX, king of France","417 N 8th Ave, Stroud",(405) 258-1239,Mass,11:00 AM,,Mass,English,,
"Sun, Feb 22, 2026",2026-02-22,Sunday,"St. Louis IX, king of France","417 N 8th Ave, Stroud",(405) 258-1239,Mass,9:00 AM,,Mass,English,"St. Louis Catholic Church, Stroud, OK",
"Sun, Feb 22, 2026",2026-02-22,Sunday,St. Margaret Mary,"700 N Grand, Crescent",(405) 282-4239,Mass,10:30 AM,,Mass,English,,
"Sun, Feb 22, 2026",2026-02-22,Sunday,St. Mark,"1507 S Vann St, Pryor",(918) 825-4186,Mass,10:00 AM,,Mass,english,St. Mark Catholic Church,
"Sun, Feb 22, 2026",2026-02-22,Sunday,St. Mark,"1507 S Vann St, Pryor",(918) 825-4186,Mass,1:00 PM,,Mass,spanish,St. Mark Catholic Church,
"Sun, Feb 22, 2026",2026-02-22,Sunday,St. Mark the Evangelist,"3939 W Tecumseh Rd, Norman",(405) 366-7676,Mass,10:30 AM,,Mass,English,,
"Sun, Feb 22, 2026",2026-02-22,Sunday,St. Mark the Evangelist,"3939 W Tecumseh Rd, Norman",(405) 366-7676,Mass,8:00 AM,,Mass,English,,
"Sun, Feb 22, 2026",2026-02-22,Sunday,St. Mary,"1230 E 7th St, Joplin",14176233333,Mass,10:00 AM,,Mass,English,St. Mary’s Catholic Church,
"Sun, Feb 22, 2026",2026-02-22,Sunday,St. Mary,"1218 Knox Ave, Clinton",(580) 323-0345,Mass,10:30 AM,,Mass,english,"St. Mary's in Clinton, OK",
"Sun, Feb 22, 2026",2026-02-22,Sunday,St. Mary,"411 N Elm St, Guthrie",(405) 282-4239,Mass,10:30 AM,,Mass,English,,
"Sun, Feb 22, 2026",2026-02-22,Sunday,St. Mary,"1347 E 49th Pl, Tulsa",(918) 749-1423,Mass,10:30 AM,,Mass,English,Church of Saint Mary,livestream; note: Nursery/Childcare available
"Sun, Feb 22, 2026",2026-02-22,Sunday,St. Mary,"101 E Street SW, Ardmore",(580) 223-0231,Mass,10:45 AM,,Mass,english,,
"Sun, Feb 22, 2026",2026-02-22,Sunday,St. Mary,"204-298 W Chestnut Ave, Barnsdall",(918) 287-1414,Mass,11:15 AM,,Mass,English,Barnsdall,
"Sun, Feb 22, 2026",2026-02-22,Sunday,St. Mary,"825 N Weaver St, Gainesville",(940) 665-5395,Mass,11:15 AM,,Mass,english,,
"Sun, Feb 22, 2026",2026-02-22,Sunday,St. Mary,"707 E Ponca Ave, Ponca City",(580) 765-7794,Mass,12:00 PM,,Mass,bilingual,St. Mary's,
"Sun, Feb 22, 2026",2026-02-22,Sunday,St. Mary,"1218 Knox Ave, Clinton",(580) 323-0345,Mass,1:00 PM,,Mass,spanish,"St. Mary's in Clinton, OK",
"Sun, Feb 22, 2026",2026-02-22,Sunday,St. Mary,"825 N Weaver St, Gainesville",(940) 665-5395,Mass,1:00 PM,,Mass,spanish,,
"Sun, Feb 22, 2026",2026-02-22,Sunday,St. Mary,"1347 E 49th Pl, Tulsa",(918) 749-1423,Mass,5:00 PM,,Mass,English,Church of Saint Mary,note: following Labor Day
"Sun, Feb 22, 2026",2026-02-22,Sunday,St. Mary,"1347 E 49th Pl, Tulsa",(918) 749-1423,Mass,6:00 PM,,Mass,English,Church of Saint Mary,note: following Memorial Day
"Sun, Feb 22, 2026",2026-02-22,Sunday,St. Mary,"101 E Street SW, Ardmore",(580) 223-0231,Mass,8:00 AM,,Mass,spanish,,
"Sun, Feb 22, 2026",2026-02-22,Sunday,St. Mary,"105 S Barrett St, Henrietta",(940) 538-4214,Mass,8:00 AM,,Mass,english,"St. Mary's Catholic Church, Henrietta TX",
"Sun, Feb 22, 2026",2026-02-22,Sunday,St. Mary,"1230 E 7th St, Joplin",14176233333,Mass,8:00 AM,,Mass,English,St. Mary’s Catholic Church,livestream
"Sun, Feb 22, 2026",2026-02-22,Sunday,St. Mary,"707 E Ponca Ave, Ponca City",(580) 765-7794,Mass,8:00 AM,,Mass,english,St. Mary's,
"Sun, Feb 22, 2026",2026-02-22,Sunday,St. Mary,"1347 E 49th Pl, Tulsa",(918) 749-1423,Mass,8:00 AM,,Mass,English,Church of Saint Mary,
"Sun, Feb 22, 2026",2026-02-22,Sunday,St. Mary,"825 N Weaver St, Gainesville",(940) 665-5395,Mass,8:15 AM,,Mass,english,,
"Sun, Feb 22, 2026",2026-02-22,Sunday,St. Mary ,"3035 S Central City Rd, Joplin",(417) 623-3333,Mass,10:00 AM,,Mass,English,,
"Sun, Feb 22, 2026",2026-02-22,Sunday,St. Mary ,"3035 S Central City Rd, Joplin",(417) 623-3333,Mass,8:00 AM,,Mass,English,,livestream
"Sun, Feb 22, 2026",2026-02-22,Sunday,St. Mary's,"321 S Cimarron Ave, Drumright",(918) 225-0644,Mass,8:00 AM,,Mass,english,St. Mary Parish,Drumright
"Sun, Feb 22, 2026",2026-02-22,Sunday,St. Matthew,"3001 E Hwy 66, Elk City",(580) 225-0066,Mass,10:30 AM,,Mass,English,Elk City,
"Sun, Feb 22, 2026",2026-02-22,Sunday,St. Michael,"1025 E Pointer Trail , Van Buren",(479) 471-1211,Mass,10:00 AM,,Mass,english,,
"Sun, Feb 22, 2026",2026-02-22,Sunday,St. Michael,"1004 W Gentry St, Henryetta",(918) 652-3445,Mass,11:00 AM,,Mass,english,St. Michael,
"Sun, Feb 22, 2026",2026-02-22,Sunday,St. Michael,"1025 E Pointer Trail , Van Buren",(479) 471-1211,Mass,11:45 AM,,Mass,spanish,,
"Sun, Feb 22, 2026",2026-02-22,Sunday,St. Michael,"1025 E Pointer Trail , Van Buren",(479) 471-1211,Mass,8:00 AM,,Mass,spanish,,
"Sun, Feb 22, 2026",2026-02-22,Sunday,St. Michael,"217 S Koonce, Meeker",(405) 567-3404,Mass,9:00 AM,,Mass,English,St. Michael Catholic Church - Meeker,
"Sun, Feb 22, 2026",2026-02-22,Sunday,St. Michael and All Angels ,"101 E Texas St, Denison",(903) 821-7511,Mass,10:00 AM,,Mass,english,"101 East Texas St, Denison TX",
"Sun, Feb 22, 2026",2026-02-22,Sunday,St. Michael and All Angels ,"101 E Texas St, Denison",(903) 821-7511,Mass,8:00 AM,,Mass,english,"101 East Texas St, Denison TX",
"Sun, Feb 22, 2026",2026-02-22,Sunday,St. Monica,"2001 N Western Ave, Edmond",(405) 359-2700,Mass,10:00 AM,,Mass,English,Church,
"Sun, Feb 22, 2026",2026-02-22,Sunday,St. Monica,"2001 N Western Ave, Edmond",(405) 359-2700,Mass,12:15 PM,,Mass,spanish,Church,
"Sun, Feb 22, 2026",2026-02-22,Sunday,St. Monica,"2001 N Western Ave, Edmond",(405) 359-2700,Mass,7:30 AM,,Mass,English,Church,
"Sun, Feb 22, 2026",2026-02-22,Sunday,St. Monica,"633 E Marshall Pl, Tulsa",(918) 607-8681,Mass,8:30 AM,,Mass,English,Church,
"Sun, Feb 22, 2026",2026-02-22,Sunday,St. Patrick,"1101 W Petree Rd, Anadarko",(405) 247-5255,Mass,10:00 AM,,Mass,English,"St. Patrick, Anadarko",
"Sun, Feb 22, 2026",2026-02-22,Sunday,St. Patrick,"2121 N Portland Ave, Oklahoma City",(405) 946-4441,Mass,10:00 AM,,Mass,english,,
"Sun, Feb 22, 2026",2026-02-22,Sunday,St. Patrick,"204 E 4th St, Sand Springs",(918) 245-5840,Mass,10:00 AM,,Mass,english,St Patrick,
"Sun, Feb 22, 2026",2026-02-22,Sunday,St. Patrick,"314 N Rusk Ave, Denison",(903) 463-3275,Mass,11:00 AM,,Mass,English,,
"Sun, Feb 22, 2026",2026-02-22,Sunday,St. Patrick,"307 Galena Ave, Galena",(620) 429-2639,Mass,11:00 AM,,Mass,English,Galena - St. Patrick,
"Sun, Feb 22, 2026",2026-02-22,Sunday,St. Patrick,"2121 N Portland Ave, Oklahoma City",(405) 946-4441,Mass,12:00 PM,,Mass,spanish,,
"Sun, Feb 22, 2026",2026-02-22,Sunday,St. Patrick,"2121 N Portland Ave, Oklahoma City",(405) 946-4441,Mass,3:00 PM,,Mass,spanish,,
"Sun, Feb 22, 2026",2026-02-22,Sunday,St. Patrick,"314 N Rusk Ave, Denison",(903) 463-3275,Mass,8:30 AM,,Mass,English,,livestream
"Sun, Feb 22, 2026",2026-02-22,Sunday,St. Paul,"502 S 6th St, Eufaula",(918) 689-7345,Mass,8:30 AM,,Mass,english,St. Paul,
"Sun, Feb 22, 2026",2026-02-22,Sunday,St. Paul the Apostle,"3901 S Sunnylane Rd, Del City",(405) 677-4873,Mass,11:15 AM,,Mass,English,,
"Sun, Feb 22, 2026",2026-02-22,Sunday,St. Paul the Apostle,"3901 S Sunnylane Rd, Del City",(405) 677-4873,Mass,8:45 AM,,Mass,English,,
"Sun, Feb 22, 2026",2026-02-22,Sunday,St. Peter,"424 W Main St, Lindsay",(940) 668-7609,Mass,10:00 AM,,Mass,english,St. Peter's,
"Sun, Feb 22, 2026",2026-02-22,Sunday,St. Peter,"2020 Oklahoma Ave, Woodward",(580) 256-5305,Mass,10:30 AM,,Mass,english,St. Peter in Woodward,
"Sun, Feb 22, 2026",2026-02-22,Sunday,St. Peter,"E 2 and Quapaw, Lindsay",(405) 527-3077,Mass,11:30 AM,,Mass,spanish,,
"Sun, Feb 22, 2026",2026-02-22,Sunday,St. Peter,"2020 Oklahoma Ave, Woodward",(580) 256-5305,Mass,1:00 PM,,Mass,spanish,St. Peter in Woodward,
"Sun, Feb 22, 2026",2026-02-22,Sunday,St. Peter,"E 2 and Quapaw, Lindsay",(405) 527-3077,Mass,4:00 PM,,Mass,bilingual,"Lindsay, Ok",
"Sun, Feb 22, 2026",2026-02-22,Sunday,St. Peter,"424 W Main St, Lindsay",(940) 668-7609,Mass,8:00 AM,,Mass,english,St. Peter's,
"Sun, Feb 22, 2026",2026-02-22,Sunday,St. Peter,"E 2 and Quapaw, Lindsay",(405) 527-3077,Mass,9:00 AM,,Mass,english,,
"Sun, Feb 22, 2026",2026-02-22,Sunday,St. Peter Catholic Church,"East 2 and Quapaw, Lindsay",+1-405-527-3077,Mass,10:00 AM,,Mass,english,St. Peter's,
"Sun, Feb 22, 2026",2026-02-22,Sunday,St. Peter Catholic Church,"East 2 and Quapaw, Lindsay",+1-405-527-3077,Mass,8:00 AM,,Mass,english,St. Peter's,
"Sun, Feb 22, 2026",2026-02-22,Sunday,St. Peter the Apostle,"812 Pearl Ave, Joplin",(417) 623-8643,Mass,11:15 AM,,Mass,English,,livestream
"Sun, Feb 22, 2026",2026-02-22,Sunday,St. Peter the Apostle,"812 Pearl Ave, Joplin",(417) 623-8643,Mass,6:00 PM,,Mass,English,,
"Sun, Feb 22, 2026",2026-02-22,Sunday,St. Peter the Apostle,"812 Pearl Ave, Joplin",(417) 623-8643,Mass,9:00 AM,,Mass,English,,
"Sun, Feb 22, 2026",2026-02-22,Sunday,St. Philip Neri,"1107 Felix Pl, Midwest City",(405) 737-4476,Mass,11:00 AM,,Mass,English,,
"Sun, Feb 22, 2026",2026-02-22,Sunday,St. Philip Neri,"1107 Felix Pl, Midwest City",(405) 737-4476,Mass,8:15 AM,,Mass,English,,
"Sun, Feb 22, 2026",2026-02-22,Sunday,St. Philip Neri Newman Center,"440 S Florence Ave, Tulsa",19185990204,Mass,10:00 AM,,Mass,English,,during the academic year
"Sun, Feb 22, 2026",2026-02-22,Sunday,St. Philip Neri Newman Center,"440 S Florence Ave, Tulsa",(918) 599-0204,Mass,10:00 AM,,Mass,English,,during the academic year
"Sun, Feb 22, 2026",2026-02-22,Sunday,St. Philip Neri Newman Center,"440 S Florence Ave, Tulsa",19185990204,Mass,5:00 PM,,Mass,English,,during the academic year
"Sun, Feb 22, 2026",2026-02-22,Sunday,St. Philip Neri Newman Center,"440 S Florence Ave, Tulsa",(918) 599-0204,Mass,5:00 PM,,Mass,English,,during the academic year
"Sun, Feb 22, 2026",2026-02-22,Sunday,St. Pius X,"1727 S 75th E Ave, Tulsa",(918) 622-4488,Mass,10:30 AM,,Mass,english,,
"Sun, Feb 22, 2026",2026-02-22,Sunday,St. Pius X,"1727 S 75th E Ave, Tulsa",(918) 622-4488,Mass,12:30 PM,,Mass,spanish,,
"Sun, Feb 22, 2026",2026-02-22,Sunday,St. Pius X,"1727 S 75th E Ave, Tulsa",(918) 622-4488,Mass,8:00 AM,,Mass,english,,
"Sun, Feb 22, 2026",2026-02-22,Sunday,St. Robert Bellarmine,"121 NW 1st St, Jones",(405) 399-1727,Mass,9:00 AM,,Mass,english,,
"Sun, Feb 22, 2026",2026-02-22,Sunday,St. Rose of Lima,"421 N 9th St, Perry",(580) 336-9300,Mass,10:30 AM,,Mass,English,,
"Sun, Feb 22, 2026",2026-02-22,Sunday,St. Rose of Lima,"900 N Clarence Nash Blvd, Watonga",(580) 623-7740,Mass,8:30 AM,,Mass,english,St. Rose of Lima Watonga,
"Sun, Feb 22, 2026",2026-02-22,Sunday,St. Scholastica Monastery,"1315 S Albert Pike Ave, Fort Smith",(479) 783-4147,Mass,9:15 AM,,Mass,English,St. Scholastica Monastery,
"Sun, Feb 22, 2026",2026-02-22,Sunday,St. Stephen,"515 E Hwy, Holdenville",918-652-3445,Mass,8:00 AM,,Mass,english,St. Stephen,
"Sun, Feb 22, 2026",2026-02-22,Sunday,St. Teresa of Avila,"1576 Tim Holt Dr, Harrah",(405) 454-2819,Mass,10:00 AM,,Mass,English,,
"Sun, Feb 22, 2026",2026-02-22,Sunday,St. Teresa of Avila,"1576 Tim Holt Dr, Harrah",(405) 454-2819,Mass,8:00 AM,,Mass,English,,
"Sun, Feb 22, 2026",2026-02-22,Sunday,St. Therese,"1007 N 19th St, Collinsville",(918) 371-2704,Mass,10:00 AM,,Mass,english,,
"Sun, Feb 22, 2026",2026-02-22,Sunday,St. Therese,"1007 N 19th St, Collinsville",(918) 371-2704,Mass,12:00 PM,,Mass,spanish,,
"Sun, Feb 22, 2026",2026-02-22,Sunday,St. Therese,"1007 N 19th St, Collinsville",(918) 371-2704,Mass,8:00 AM,,Mass,english,,
"Sun, Feb 22, 2026",2026-02-22,Sunday,St. Thomas More,"2720 S 129th E Ave, Tulsa",(918) 437-0168,Mass,11:00 AM,,Mass,spanish,St. Thomas More Parish,
"Sun, Feb 22, 2026",2026-02-22,Sunday,St. Thomas More,"2720 S 129th E Ave, Tulsa",(918) 437-0168,Mass,1:00 PM,,Mass,spanish,St. Thomas More Parish,
"Sun, Feb 22, 2026",2026-02-22,Sunday,St. Thomas More,"2720 S 129th E Ave, Tulsa",(918) 437-0168,Mass,3:00 PM,,Mass,spanish,St. Thomas More Parish,
"Sun, Feb 22, 2026",2026-02-22,Sunday,St. Thomas More,"2720 S 129th E Ave, Tulsa",(918) 437-0168,Mass,5:00 PM,,Mass,spanish,St. Thomas More Parish,
"Sun, Feb 22, 2026",2026-02-22,Sunday,St. Thomas More,"2720 S 129th E Ave, Tulsa",(918) 437-0168,Mass,7:00 AM,,Mass,spanish,St. Thomas More Parish,
"Sun, Feb 22, 2026",2026-02-22,Sunday,St. Thomas More,"2720 S 129th E Ave, Tulsa",(918) 437-0168,Mass,7:00 PM,,Mass,spanish,St. Thomas More Parish,
"Sun, Feb 22, 2026",2026-02-22,Sunday,St. Thomas More,"2720 S 129th E Ave, Tulsa",(918) 437-0168,Mass,9:00 AM,,Mass,english,St. Thomas More Parish,
"Sun, Feb 22, 2026",2026-02-22,Sunday,St. Vincent de Paul,"15842 S 297th E Ave, Coweta",(918) 486-4757,Mass,10:30 AM,,Mass,English,,
"Sun, Feb 22, 2026",2026-02-22,Sunday,St. William,"802 W University Blvd, Durant",580-924-1989,Mass,11:30 AM,,Mass,english,"St. William, Durant",
"Sun, Feb 22, 2026",2026-02-22,Sunday,St. William,"802 W University Blvd, Durant",580-924-1989,Mass,5:00 PM,,Mass,spanish,"St. William, Durant",
"Sun, Feb 22, 2026",2026-02-22,Sunday,St. William,"802 W University Blvd, Durant",580-924-1989,Mass,8:30 AM,,Mass,english,"St. William, Durant",
"Sun, Feb 22, 2026",2026-02-22,Sunday,Sts. Peter and Paul,"405 E Oak, Cushing",(918) 225-0644,Mass,10:00 AM,,Mass,english,Sts. Peter and Paul Parish,Cushing
"Sun, Feb 22, 2026",2026-02-22,Sunday,Sts. Peter and Paul,"122 N Main St (New Location), Lincoln",(479) 824-4101,Mass,10:00 AM,,Mass,spanish,Sts. Peter and Paul Church,
"Sun, Feb 22, 2026",2026-02-22,Sunday,Sts. Peter and Paul,"309 S Main St, Kingfisher",(405) 375-4616 ,Mass,10:30 AM,,Mass,english,Sts. Peter and Paul,
"Sun, Feb 22, 2026",2026-02-22,Sunday,Sts. Peter and Paul,"1419 N 67th E Ave, Tulsa",(918) 836-2596,Mass,10:30 AM,,Mass,english,,
"Sun, Feb 22, 2026",2026-02-22,Sunday,Sts. Peter and Paul,"1419 N 67th E Ave, Tulsa",(918) 836-2596,Mass,1:00 PM,,Mass,spanish,,
"Sun, Feb 22, 2026",2026-02-22,Sunday,Sts. Peter and Paul,"1419 N 67th E Ave, Tulsa",(918) 836-2596,Mass,8:00 AM,,Mass,english,,
"Sun, Feb 22, 2026",2026-02-22,Sunday,Sts. Peter and Paul,"122 N Main St (New Location), Lincoln",(479) 824-4101,Mass,8:30 AM,,Mass,english,Sts. Peter and Paul Church,
"Sun, Feb 22, 2026",2026-02-22,Sunday,Tinker AFB Chapel,"Bldg 5701 6170 Arnold St, Oklahoma City",(405) 734-2111,Mass,9:30 AM,,Mass,English,Tinker Chapel,
"Sun, Feb 22, 2026",2026-02-22,Sunday,Blessed Sacrament,"520 N St, Thomas",15807723209,Confession,10:30 AM,,Confession,spanish,"St. Eugene, Weatherford",
"Sun, Feb 22, 2026",2026-02-22,Sunday,Blessed Stanley Rother Shrine,"700 SE 89th St, Oklahoma City",(405) 421-9800,Confession,10:15 AM,10:45 AM,Confession,English,Blessed Stanley Rother Shrine,
"Sun, Feb 22, 2026",2026-02-22,Sunday,Blessed Stanley Rother Shrine,"700 SE 89th St, Oklahoma City",(405) 421-9800,Confession,12:15 PM,12:45 PM,Confession,English,Blessed Stanley Rother Shrine,
"Sun, Feb 22, 2026",2026-02-22,Sunday,Blessed Stanley Rother Shrine,"700 SE 89th St, Oklahoma City",(405) 421-9800,Confession,5:15 PM,5:45 PM,Confession,English,Blessed Stanley Rother Shrine,
"Sun, Feb 22, 2026",2026-02-22,Sunday,Blessed Stanley Rother Shrine,"700 SE 89th St, Oklahoma City",(405) 421-9800,Confession,8:15 AM,8:45 AM,Confession,English,Blessed Stanley Rother Shrine,
"Sun, Feb 22, 2026",2026-02-22,Sunday,Church of Saint Benedict,"2200 W Ithica St, Broken Arrow",+1-918-455-4451,Confession,11:15 AM,11:45 AM,Confessions,English,,
"Sun, Feb 22, 2026",2026-02-22,Sunday,Church of Saint Benedict,"2200 W Ithica St, Broken Arrow",+1-918-455-4451,Confession,4:15 PM,4:45 PM,Confessions,English,,
"Sun, Feb 22, 2026",2026-02-22,Sunday,Church of Saint Benedict,"2200 W Ithica St, Broken Arrow",+1-918-455-4451,Confession,8:15 AM,8:45 AM,Confessions,English,,
"Sun, Feb 22, 2026",2026-02-22,Sunday,Holy Family Cathedral,"820 S Boulder Ave, Tulsa",918-582-6247,Confession,11:30 AM,,Confessions,English,Holy Family Cathedral,
"Sun, Feb 22, 2026",2026-02-22,Sunday,Holy Family Cathedral,"820 S Boulder Ave, Tulsa",918-582-6247,Confession,4:30 PM,,Confessions,English,Holy Family Cathedral,
"Sun, Feb 22, 2026",2026-02-22,Sunday,Holy Family Cathedral,"820 S Boulder Ave, Tulsa",918-582-6247,Confession,7:30 AM,,Confessions,English,Holy Family Cathedral,
"Sun, Feb 22, 2026",2026-02-22,Sunday,Holy Family Cathedral,"820 S Boulder Ave, Tulsa",918-582-6247,Confession,9:30 AM,,Confessions,English,Holy Family Cathedral,
"Sun, Feb 22, 2026",2026-02-22,Sunday,Holy Rosary,"912 Cherokee Ave, Hartshorne",(918) 308-3312,Confession,8:30 AM,,Confession,English,,TIME_TBD; or by request
"Sun, Feb 22, 2026",2026-02-22,Sunday,Immaculate Conception,"502 N Bagwell St, Poteau",(918) 647-3475,Confession,TBD,,Reconciliation,English,,At Immaculate Conception and at Saint Joseph 30 minutes before each Mass; or by appointment with Fr. Sean
"Sun, Feb 22, 2026",2026-02-22,Sunday,Immaculate Conception Catholic Church,"196 Bearden Springs Rd, Hugo",(580) 326-7300,Confession,8:00 AM,,Sacrament of Reconciliation,English,Immaculate Conception Catholic Church,
"Sun, Feb 22, 2026",2026-02-22,Sunday,Our Lady Of Perpetual Help Catholic Church,"115 S A Ave, Elgin",+1-580-492-5914,Confession,11:30 AM,,Confession,English,Our Lady,
"Sun, Feb 22, 2026",2026-02-22,Sunday,Our Lady of Guadalupe,"400 W 9th St, Dewey",(918) 534-3420,Confession,10:30 AM,,Confession,English,"400 W. 9th St. Dewey, OK 74029",
"Sun, Feb 22, 2026",2026-02-22,Sunday,Our Lady of Perpetual Help,"220 N A Street, Sterling",(580) 492-5914,Confession,11:30 AM,,Confession,English,Our Lady,
"Sun, Feb 22, 2026",2026-02-22,Sunday,Parish of Christ the King,"1520 S Rockford Ave, Tulsa",+1-918-584-4788,Confession,10:45 AM,11:15 AM,Confession,English,Fletcher Hall Confessionals,
"Sun, Feb 22, 2026",2026-02-22,Sunday,Parish of Christ the King,"1520 S Rockford Ave, Tulsa",+1-918-584-4788,Confession,4:30 PM,5:00 PM,Confession,English,Fletcher Hall Confessionals,
"Sun, Feb 22, 2026",2026-02-22,Sunday,Parish of Christ the King,"1520 S Rockford Ave, Tulsa",+1-918-584-4788,Confession,7:30 AM,8:00 AM,Confession,English,Fletcher Hall Confessionals,
"Sun, Feb 22, 2026",2026-02-22,Sunday,Parish of Christ the King,"1520 S Rockford Ave, Tulsa",+1-918-584-4788,Confession,8:45 AM,9:15 AM,Confession,English,Fletcher Hall Confessionals,
"Sun, Feb 22, 2026",2026-02-22,Sunday,Prince of Peace,"1500 Falcon Rd, Altus",(580) 482-3363,Confession,7:45 AM,8:20 AM,Confessions,English,,
"Sun, Feb 22, 2026",2026-02-22,Sunday,Sacred Heart,"320 S B Street, Arkansas City",(620) 442-0566,Confession,10:30 AM,10:50 AM,Confession,English,Sacred Heart Catholic Church,
"Sun, Feb 22, 2026",2026-02-22,Sunday,Sacred Heart,"627 12th St, Alva",(580) 327-0339,Confession,8:15 AM,8:50 AM,Confession,English,Alva,
"Sun, Feb 22, 2026",2026-02-22,Sunday,Sacred Heart,"320 S B Street, Arkansas City",(620) 442-0566,Confession,8:30 AM,8:50 AM,Confession,English,Sacred Heart Catholic Church,
"Sun, Feb 22, 2026",2026-02-22,Sunday,Sacred Heart,"2515 N Main St, Miami",(918) 542-5281,Confession,8:30 AM,9:15 AM,Confession,English,Sacred Heart Catholic Church,
"Sun, Feb 22, 2026",2026-02-22,Sunday,Sacred Heart,"2515 N Main St, Miami",(918) 542-5281,Confession,8:30 AM,,Confession,English,Sacred Heart Catholic Church,Confession
"Sun, Feb 22, 2026",2026-02-22,Sunday,Sacred Heart,"2515 N Main St, Miami",(918) 542-5281,Confession,TBD,,Confessions,English,,Sunday before Mass; before Mass and by appointment.; ≥20 min
"Sun, Feb 22, 2026",2026-02-22,Sunday,St Joseph Catholic Church,"321 N Virginia St, Muskogee",+1-918-687-1351,Confession,11:00 AM,11:45 AM,Confession,English,St. Joseph Catholic Church,
"Sun, Feb 22, 2026",2026-02-22,Sunday,St Joseph Catholic Church,"321 N Virginia St, Muskogee",+1-918-687-1351,Confession,11:00 AM,,Confession,English,St. Joseph Catholic Church,
"Sun, Feb 22, 2026",2026-02-22,Sunday,St Joseph Catholic Church,"321 N Virginia St, Muskogee",+1-918-687-1351,Confession,TBD,,Confessions,English,,before every Mass; note: Wednesdays at 6PM; Saturday 4:15 p.m.; Sundays at 11AM; or by appointment
"Sun, Feb 22, 2026",2026-02-22,Sunday,St Jude,"70 E 11th St, Boswell",(580) 326-7300,Confession,1:00 PM,,Sacrament of Reconciliation,English,,weekly; or by request
"Sun, Feb 22, 2026",2026-02-22,Sunday,St. Agnes,"501 E Main St, Antlers",580.298.5204 (Parish Center),Confession,10:30 AM,,Sacrament of Reconciliation,English,,or by request
"Sun, Feb 22, 2026",2026-02-22,Sunday,St. Ann,"8492 State Hwy 17, Elgin",(580) 492-5914,Confession,8:00 AM,,Confession,English,St Ann,
"Sun, Feb 22, 2026",2026-02-22,Sunday,St. Anne,"301 S 9th St, Broken Arrow",(918) 251-4000,Confession,8:30 AM,8:50 AM,Confession,English,,
"Sun, Feb 22, 2026",2026-02-22,Sunday,St. Benedict,"2200 W Ithica St, Broken Arrow",(918) 455-4451,Confession,11:15 AM,11:45 AM,Reconciliation,English,,
"Sun, Feb 22, 2026",2026-02-22,Sunday,St. Benedict,"2200 W Ithica St, Broken Arrow",(918) 455-4451,Confession,4:15 PM,4:45 PM,Reconciliation,English,,
"Sun, Feb 22, 2026",2026-02-22,Sunday,St. Benedict,"2200 W Ithica St, Broken Arrow",(918) 455-4451,Confession,8:15 AM,8:45 AM,Reconciliation,English,,
"Sun, Feb 22, 2026",2026-02-22,Sunday,St. Bernard of Clairvaux,"4001 E 101st St, Tulsa",(918) 299-9406,Confession,10:45 AM,,Confessions,English,,
"Sun, Feb 22, 2026",2026-02-22,Sunday,St. Bernard of Clairvaux,"4001 E 101st St, Tulsa",(918) 299-9406,Confession,4:30 PM,,Confessions,English,,
"Sun, Feb 22, 2026",2026-02-22,Sunday,St. Bernard of Clairvaux,"4001 E 101st St, Tulsa",(918) 299-9406,Confession,7:30 AM,,Confessions,English,,
"Sun, Feb 22, 2026",2026-02-22,Sunday,St. Catherine of Siena,"205 W Bert St, Pauls Valley",(405) 238-3741,Confession,11:00 AM,11:30 AM,Confession,English,,
"Sun, Feb 22, 2026",2026-02-22,Sunday,St. Catherine of Siena,"205 W Bert St, Pauls Valley",(405) 238-3741,Confession,TBD,,Confessions,English,,Sunday before Mass; before Mass and by appointment.; ≥20 min
"Sun, Feb 22, 2026",2026-02-22,Sunday,St. Cornelius,"404 S Massachusetts Ave, Cherokee",(580) 327-0339,Confession,11:15 AM,,Confession,English,Cherokee,
"Sun, Feb 22, 2026",2026-02-22,Sunday,St. Cornelius,"404 S Massachusetts Ave, Cherokee",(580) 327-0339,Confession,11:20 AM,11:50 AM,Confession,English,Cherokee,
"Sun, Feb 22, 2026",2026-02-22,Sunday,St. Damien of Molokai,"8455 NW 234th St, Edmond",(405) 330-9968,Confession,10:00 AM,10:30 AM,Confession,English,,
"Sun, Feb 22, 2026",2026-02-22,Sunday,St. Damien of Molokai,"8455 NW 234th St, Edmond",(405) 330-9968,Confession,5:00 PM,5:30 PM,Confession,English,,
"Sun, Feb 22, 2026",2026-02-22,Sunday,St. Damien of Molokai,"8455 NW 234th St, Edmond",(405) 330-9968,Confession,7:30 AM,8:00 AM,Confession,English,,
"Sun, Feb 22, 2026",2026-02-22,Sunday,St. Elizabeth Ann Seton,"16526 United States Hwy 271, Spiro",(918) 647-3475,Confession,TBD,,Confession,English,,Sunday before Mass; before Mass
"Sun, Feb 22, 2026",2026-02-22,Sunday,St. Eugene,"704 N Bryan St, Weatherford",(580) 772-3209,Confession,10:30 AM,,Confession,English,"St. Eugene, Weatherford",
"Sun, Feb 22, 2026",2026-02-22,Sunday,St. Frances of Rome,"13286 Oklahoma 28, Langley",(918) 782-2248,Confession,7:30 AM,,Confession,English,,
"Sun, Feb 22, 2026",2026-02-22,Sunday,St. Francis Xavier,"711 N Country Club Rd, Stillwater",(405) 372-6886,Confession,TBD,,Confession,English,,check bulletin; Call the office or check social media for schedule
"Sun, Feb 22, 2026",2026-02-22,Sunday,St. Francis of Assisi,"1901 NW 18th St, Oklahoma City",(405) 528-0485,Confession,10:15 AM,,Confession,English,,if needed; through the homily of Mass.
"Sun, Feb 22, 2026",2026-02-22,Sunday,St. Francis of Assisi,"1901 NW 18th St, Oklahoma City",(405) 528-0485,Confession,7:45 AM,,Confession,English,,if needed; through the homily of Mass.
"Sun, Feb 22, 2026",2026-02-22,Sunday,St. John,"300 E Washington Ave, Mcalester",(918) 423-0810,Confession,9:30 AM,9:55 AM,Reconciliation,English,Church,
"Sun, Feb 22, 2026",2026-02-22,Sunday,St. John,"300 E Washington Ave, Mcalester",(918) 423-0810,Confession,TBD,,Confessions,English,,Sunday before Mass; before Mass and by appointment.; ≥20 min
"Sun, Feb 22, 2026",2026-02-22,Sunday,St. John Before the Latin Gate Catholic Church,"715 S Johnstone Ave, Bartlesville",(918) 336-4353,Confession,10:30 AM,,Confession,English,St. John,
"Sun, Feb 22, 2026",2026-02-22,Sunday,St. John Before the Latin Gate Catholic Church,"715 S Johnstone Ave, Bartlesville",(918) 336-4353,Confession,12:30 PM,,Confession,English,St. John,
"Sun, Feb 22, 2026",2026-02-22,Sunday,St. John Before the Latin Gate Catholic Church,"715 S Johnstone Ave, Bartlesville",(918) 336-4353,Confession,1:00 PM,,Confession,English,St. John,
"Sun, Feb 22, 2026",2026-02-22,Sunday,St. John Before the Latin Gate Catholic Church,"715 S Johnstone Ave, Bartlesville",(918) 336-4353,Confession,8:00 AM,,Confession,English,St. John,
"Sun, Feb 22, 2026",2026-02-22,Sunday,St. John Catholic Student Center (Oklahoma State University),"201 N Knoblock St, Stillwater",(405) 372-6408,Confession,3:00 PM,3:50 PM,Confession,English,,
"Sun, Feb 22, 2026",2026-02-22,Sunday,St. John Catholic Student Center (Oklahoma State University),"201 N Knoblock St, Stillwater",(405) 372-6408,Confession,9:00 AM,9:50 AM,Confession,English,,
"Sun, Feb 22, 2026",2026-02-22,Sunday,St. Joseph,"205 S C Ave, Cleveland",(918) 358-2333,Confession,11:00 AM,,Confession,English,,
"Sun, Feb 22, 2026",2026-02-22,Sunday,St. Joseph,"321 N Virginia St, Muskogee",(918) 687-1351,Confession,11:00 AM,11:45 AM,Confessions,English,,
"Sun, Feb 22, 2026",2026-02-22,Sunday,St. Joseph,"1204 NW 7th St, Stigler",(918) 647-3475,Confession,4:30 PM,,Confession,English,,or by appointment
"Sun, Feb 22, 2026",2026-02-22,Sunday,St. Joseph,"302 N Elm St, Bristow",(918) 446-8124,Confession,8:30 AM,,Confession,english,St. Joseph Parish,Bristow
"Sun, Feb 22, 2026",2026-02-22,Sunday,St. Joseph Old Cathedral,"307 NW 4th St, Oklahoma City",(405) 235-4565,Confession,11:15 AM,,Reconciliation,English,,temporarily paused starting January 25th; or by appointment
"Sun, Feb 22, 2026",2026-02-22,Sunday,St. Leo,"101 Locust St, Hartford",(479) 252-2443 or (479) 652-6454 (Fr. Chan's cell),Confession,11:30 AM,,Confession,English,,note: rosary 11:00
"Sun, Feb 22, 2026",2026-02-22,Sunday,St. Mary,"105 S Barrett St, Henrietta",(940) 538-4214,Confession,10:00 AM,,Confession,English,,
"Sun, Feb 22, 2026",2026-02-22,Sunday,St. Mary,"105 S Barrett St, Henrietta",(940) 538-4214,Confession,11:30 AM,,Confession,English,,
"Sun, Feb 22, 2026",2026-02-22,Sunday,St. Mary,"105 S Barrett St, Henrietta",(940) 538-4214,Confession,8:00 AM,,Confession,English,,
"Sun, Feb 22, 2026",2026-02-22,Sunday,St. Mary,"1347 E 49th Pl, Tulsa",(918) 749-1423,Confession,9:15 AM,9:45 AM,Confessions,English,Church of Saint Mary,note: next to the chapel; always available by appointment
"Sun, Feb 22, 2026",2026-02-22,Sunday,St. Michael,"1004 W Gentry St, Henryetta",(918) 652-3445,Confession,10:15 AM,10:45 AM,Confession,English,St. Michael,
"Sun, Feb 22, 2026",2026-02-22,Sunday,St. Paul,"502 S 6th St, Eufaula",(918) 689-7345,Confession,TBD,,Confessions,English,,Sunday before Mass; before Mass; ≥20 min; note: and by appointment
"Sun, Feb 22, 2026",2026-02-22,Sunday,St. Pius X,"1727 S 75th E Ave, Tulsa",(918) 622-4488,Confession,10:00 AM,,Reconciliation,English,,
"Sun, Feb 22, 2026",2026-02-22,Sunday,St. Pius X,"1727 S 75th E Ave, Tulsa",(918) 622-4488,Confession,12:00 PM,,Reconciliation,English,,
"Sun, Feb 22, 2026",2026-02-22,Sunday,St. Pius X,"1727 S 75th E Ave, Tulsa",(918) 622-4488,Confession,7:30 AM,,Reconciliation,English,,
"Sun, Feb 22, 2026",2026-02-22,Sunday,St. Stephen,"515 E Hwy, Holdenville",918-652-3445,Confession,7:15 AM,7:45 AM,Confession,English,St. Stephen,
"Sun, Feb 22, 2026",2026-02-22,Sunday,St. Teresa of Avila,"1576 Tim Holt Dr, Harrah",(405) 454-2819,Confession,7:00 AM,7:45 AM,Confession,English,St. Teresa of Avila,
"Sun, Feb 22, 2026",2026-02-22,Sunday,St. Vincent de Paul,"15842 S 297th E Ave, Coweta",(918) 486-4757,Confession,10:00 AM,,Rosary & Confessions,English,,
"Sun, Feb 22, 2026",2026-02-22,Sunday,St. Vincent de Paul,"123 S 9th St, McLoud",(405) 964-5606,Confession,TBD,,Confessions,English,,Sunday before Mass; before Mass and by appointment.; ≥20 min
"Sun, Feb 22, 2026",2026-02-22,Sunday,St. William,"802 W University Blvd, Durant",580-924-1989,Confession,10:35 AM,,Confessions,English,,check bulletin
"Sun, Feb 22, 2026",2026-02-22,Sunday,St. William,"802 W University Blvd, Durant",580-924-1989,Confession,4:05 PM,,Confessions,English,,check bulletin
"Sun, Feb 22, 2026",2026-02-22,Sunday,St. William,"802 W University Blvd, Durant",580-924-1989,Confession,7:40 AM,,Confessions,English,,check bulletin
"Sun, Feb 22, 2026",2026-02-22,Sunday,Blessed Sacrament,"520 N St, Thomas",15807723209,Adoration,11:50 AM,5:00 PM,Adoration,English,St. Eugene,note: following Mass
"Sun, Feb 22, 2026",2026-02-22,Sunday,Holy Family (Syro-Malabar),"3916 S Highland Park Dr, Oklahoma City",(405) 677-7976,Adoration,9:00 AM,,Silent Adoration,English,,silent; adoration
"Sun, Feb 22, 2026",2026-02-22,Sunday,St. Anthony of Padua,"1510 N Calhoun Ave , Liberal",(620) 624-4135,Adoration,11:00 AM,,Adoration,spanish,,
"Sun, Feb 22, 2026",2026-02-22,Sunday,St. Anthony of Padua,"1510 N Calhoun Ave , Liberal",(620) 624-4135,Adoration,1:00 PM,,Adoration,spanish,,
"Sun, Feb 22, 2026",2026-02-22,Sunday,St. Anthony of Padua,"1510 N Calhoun Ave , Liberal",(620) 624-4135,Adoration,9:00 AM,,Adoration,english,,
"Sun, Feb 22, 2026",2026-02-22,Sunday,St. Eugene,"704 N Bryan St, Weatherford",(580) 772-3209,Adoration,11:50 AM,5:00 PM,Adoration,English,,exposition; note: following Mass
"Sun, Feb 22, 2026",2026-02-22,Sunday,St. Francis Xavier,"110 N Madison St, Enid",(580) 237-0812,Adoration,2:30 PM,5:00 PM,Adoration,English,St. Francis Xavier,
"Sun, Feb 22, 2026",2026-02-22,Sunday,St. John,"300 E Washington Ave, Mcalester",(918) 423-0810,Adoration,TBD,,Eucharistic Adoration,English,,1st; check bulletin; note: following Mass
"Sun, Feb 22, 2026",2026-02-22,Sunday,St. Mary,"1347 E 49th Pl, Tulsa",(918) 749-1423,Adoration,7:00 AM,11:59 PM,Adoration,English,Chapel,
"Sun, Feb 22, 2026",2026-02-22,Sunday,St. Mary,"105 S Barrett St, Henrietta",(940) 538-4214,Adoration,8:00 AM,,Adoration,english,"St. Mary's Catholic Church, Henrietta TX",
"Sun, Feb 22, 2026",2026-02-22,Sunday,Holy Cross,"708 SW 15th St, Wagoner",539-209-9988,Devotions,8:00 AM,,Rosary,English,"Holy Cross Catholic Church, Wagoner, OK",
"Sun, Feb 22, 2026",2026-02-22,Sunday,Immaculate Conception Church,"4th & Comanche St, Marlow",(580) 255-0590,Devotions,6:00 PM,,Stations of the Cross,English,Marlow,note: with potluck after
"Sun, Feb 22, 2026",2026-02-22,Sunday,Our Lady of Sorrows,"409 S Price Ave, Chandler",(405) 258-1239,Devotions,10:30 AM,,Rosary,English,Our Lady of Sorrows,
"Sun, Feb 22, 2026",2026-02-22,Sunday,Prince of Peace,"1500 Falcon Rd, Altus",(580) 482-3363,Devotions,11:45 AM,,Stations of the Cross,English,,
"Sun, Feb 22, 2026",2026-02-22,Sunday,Prince of Peace,"1500 Falcon Rd, Altus",(580) 482-3363,Devotions,8:00 AM,,Stations of the Cross,English,,
"Sun, Feb 22, 2026",2026-02-22,Sunday,Sacred Heart,"109 W 5th St, Skiatook",(918) 396-1179,Devotions,8:30 AM,,Rosary,English,Sacred Heart Church,
"Sun, Feb 22, 2026",2026-02-22,Sunday,St. Augustine,"1720 E Apache St, Tulsa",918-607-8681,Devotions,10:00 AM,,Rosary,English,St. Augustine,
"Sun, Feb 22, 2026",2026-02-22,Sunday,St. Bernard of Clairvaux,"4001 E 101st St, Tulsa",(918) 299-9406,Devotions,10:45 AM,,Rosary,English,,
"Sun, Feb 22, 2026",2026-02-22,Sunday,St. Bernard of Clairvaux,"4001 E 101st St, Tulsa",(918) 299-9406,Devotions,7:30 AM,,Rosary,English,,
"Sun, Feb 22, 2026",2026-02-22,Sunday,St. Damien of Molokai,"8455 NW 234th St, Edmond",(405) 330-9968,Devotions,10:30 AM,,Rosary,English,,
"Sun, Feb 22, 2026",2026-02-22,Sunday,St. Damien of Molokai,"8455 NW 234th St, Edmond",(405) 330-9968,Devotions,8:00 AM,,Rosary,English,,
"Sun, Feb 22, 2026",2026-02-22,Sunday,St. Francis of Assisi,"610 W 9th St, Newkirk",(580) 382-6008,Devotions,9:30 AM,10:00 AM,Rosary,English,"St. Francis of Assisi, Newkirk",before Mass
"Sun, Feb 22, 2026",2026-02-22,Sunday,St. Gregory's Abbey,"1900 W MacArthur St, Shawnee",(405) 878-5491,Devotions,5:00 PM,,Solemn Vespers,English,,
"Sun, Feb 22, 2026",2026-02-22,Sunday,St. Gregory's Abbey,"1900 W MacArthur St, Shawnee",(405) 878-5491,Devotions,7:15 AM,,Lauds,English,,
"Sun, Feb 22, 2026",2026-02-22,Sunday,St. Gregory's Abbey,"1900 W MacArthur St, Shawnee",(405) 878-5491,Devotions,7:15 PM,,Compline,English,,
"Sun, Feb 22, 2026",2026-02-22,Sunday,St. Helen,"507 E Highview Ave, Frederick",(580) 335-3298,Devotions,10:00 AM,,"Divine Mercy Chaplet, Rosary and Litany",English,,
"Sun, Feb 22, 2026",2026-02-22,Sunday,St. James the Greater,"4201 S McKinley Ave, Oklahoma City",(405) 636-6800,Devotions,10:30 AM,,Rosary,English,,
"Sun, Feb 22, 2026",2026-02-22,Sunday,"St. Louis IX, king of France","417 N 8th Ave, Stroud",(405) 258-1239,Devotions,10:30 AM,,Rosary,English,,
"Sun, Feb 22, 2026",2026-02-22,Sunday,"St. Louis IX, king of France","417 N 8th Ave, Stroud",(405) 258-1239,Devotions,8:40 AM,,Rosary,English,"St. Louis Catholic Church, Stroud, OK",
"Sun, Feb 22, 2026",2026-02-22,Sunday,St. Monica,"633 E Marshall Pl, Tulsa",(918) 607-8681,Devotions,8:00 AM,,Rosary,English,Church,
"Sun, Feb 22, 2026",2026-02-22,Sunday,St. Paul the Apostle,"3901 S Sunnylane Rd, Del City",(405) 677-4873,Devotions,8:30 AM,,Rosary,English,,
"Sun, Feb 22, 2026",2026-02-22,Sunday,St. Robert Bellarmine,"121 NW 1st St, Jones",(405) 399-1727,Devotions,8:30 AM,,Rosary,english,,
"Sun, Feb 22, 2026",2026-02-22,Sunday,Holy Cross,"708 SW 15th St, Wagoner",539-209-9988,Education,5:00 PM,,High School Bible Study & Youth Group,English,"Holy Cross Catholic Church, Wagoner, OK",Each; youth
"Sun, Feb 22, 2026",2026-02-22,Sunday,Holy Cross,"708 SW 15th St, Wagoner",539-209-9988,Education,TBD,,Adult Faith Formation,English,"Holy Cross Catholic Church, Wagoner, OK",Fourth of each month after
"Sun, Feb 22, 2026",2026-02-22,Sunday,St Thomas More University Parish and Student Center,"100 Stinson St, Norman",(405) 321-0990,Education,9:45 AM,10:45 AM,Religious Education classes,English,,beginning in September and going through April
"Sun, Feb 22, 2026",2026-02-22,Sunday,St. Brigid,"807 Crafton St, Tahlequah",(918) 456-8388,Education,11:00 AM,12:15 PM,Religious Education,spanish,,
"Sun, Feb 22, 2026",2026-02-22,Sunday,St. Brigid,"807 Crafton St, Tahlequah",(918) 456-8388,Education,9:00 AM,10:15 AM,Religious Education,english,,
"Sun, Feb 22, 2026",2026-02-22,Sunday,St. Rose of Lima,"421 N 9th St, Perry",(580) 336-9300,Education,9:00 AM,10:15 AM,Religious Education,English,,
"Sun, Feb 22, 2026",2026-02-22,Sunday,Assumption of the Blessed Virgin Mary,"711 W Hickory Ave, Duncan",(580) 255-0590,Other,11:00 AM,,Catholic Faith Inquiry Classes,English,Parish Hall Room,starts after 10:00 Mass
"Sun, Feb 22, 2026",2026-02-22,Sunday,Holy Cross,"708 SW 15th St, Wagoner",539-209-9988,Other,TBD,,Family Catechesis Classes,English,"Holy Cross Catholic Church, Wagoner, OK",Third of each month after
"Sun, Feb 22, 2026",2026-02-22,Sunday,Holy Family (Syro-Malabar),"3916 S Highland Park Dr, Oklahoma City",(405) 677-7976,Other,9:30 AM,,HOLY QURBANA,english,,Syro-Malabar Rite
"Sun, Feb 22, 2026",2026-02-22,Sunday,Our Lady of Sorrows,"409 S Price Ave, Chandler",(405) 258-1239,Other,9:45 AM,,Adult Choir Practice,English,Our Lady of Sorrows,
"Sun, Feb 22, 2026",2026-02-22,Sunday,Saint Patrick Catholic Church,"202 E Ohio Ave, Walters",+1-580-255-0590,Other,TBD,,Catholic Faith Inquiry Classes,English,"Parish Hall Room, Religious Education Building",Sunday after Mass; weekly after Mass; Adults 18+; call Mike Radtke 580-606-0283
"Sun, Feb 22, 2026",2026-02-22,Sunday,San Jose,"12th St and Lincoln St, Ryan",(580) 255-0590,Other,TBD,,Catholic Faith Inquiry Classes,English,"Parish Hall Room, Religious Education Building",after
"Sun, Feb 22, 2026",2026-02-22,Sunday,St. Barbara Catholic Community  (Grieson Chapel),"3280 Crane Ave, Fort Sill",(580) 442-3302,Other,10:00 AM,,Service,English,Grierson Hill Chapel,GHC
"Sun, Feb 22, 2026",2026-02-22,Sunday,St. Gregory's Abbey,"1900 W MacArthur St, Shawnee",(405) 878-5491,Other,10:00 AM,,Eucharist,English,,
"Sun, Feb 22, 2026",2026-02-22,Sunday,St. Gregory's Abbey,"1900 W MacArthur St, Shawnee",(405) 878-5491,Other,12:00 PM,,Sext,English,,
"Sun, Feb 22, 2026",2026-02-22,Sunday,St. Gregory's Abbey,"1900 W MacArthur St, Shawnee",(405) 878-5491,Other,12:50 PM,,None,English,,
"Sun, Feb 22, 2026",2026-02-22,Sunday,"St. Louis IX, king of France","417 N 8th Ave, Stroud",(405) 258-1239,Other,9:45 AM,,Adult Choir Practice,English,,
"Sun, Feb 22, 2026",2026-02-22,Sunday,St. Patrick,"3rd and Ohio, Walters",(580) 355-2054,Other,9:45 AM,,Type,English,"St. Patrick, Walters",
"Sun, Feb 22, 2026",2026-02-22,Sunday,St. Pius X,"1727 S 75th E Ave, Tulsa",(918) 622-4488,Other,TBD,,Parish Picnic,English,the field,Sunday after Mass; every first after Mass; note: Dorney Hall if raining
"Sun, Feb 22, 2026",2026-02-22,Sunday,St. Scholastica Monastery,"1315 S Albert Pike Ave, Fort Smith",(479) 783-4147,Other,5:00 PM,,Evening Praise,English,St. Scholastica Monastery,
"Sun, Feb 22, 2026",2026-02-22,Sunday,St. Scholastica Monastery,"1315 S Albert Pike Ave, Fort Smith",(479) 783-4147,Other,7:30 AM,,Morning Praise,English,St. Scholastica Monastery,
"Sun, Feb 22, 2026",2026-02-22,Sunday,St. Therese of the Child Jesus (Maronite),"8315 S 107th E Ave, Tulsa",(918) 872-7400,Other,11:00 AM,,,English,,
"Sun, Feb 22, 2026",2026-02-22,Sunday,St. Therese of the Child Jesus (Maronite),"8315 S 107th E Ave, Tulsa",(918) 872-7400,Other,8:30 AM,,,English,,
"Sun, Feb 22, 2026",2026-02-22,Sunday,Tinker AFB Chapel,"Bldg 5701 6170 Arnold St, Oklahoma City",(405) 734-2111,Other,12:00 AM,,Latté Lounge,English,,TIME_TBD; note: afternoons and evenings; for dormitory residents E-4 and below
"Sun, Feb 22, 2026",2026-02-22,Sunday,Sacred Heart,"714 N Main St, Muenster",(940) 759-2500,Sacraments,TBD,,Group Baptism,English,,2nd of each month; following the 10:30 Mass
"Sun, Feb 22, 2026",2026-02-22,Sunday,St. Joseph,"1300 E Beverly St, Ada",(580) 332-4811,Sacraments,10:30 AM,,Confirmation Class,English,,note: after Mass
"Sun, Feb 22, 2026",2026-02-22,Sunday,St. Mark the Evangelist,"3939 W Tecumseh Rd, Norman",(405) 366-7676,Sacraments,TBD,,Sacrament of Anointing of the Sick,English,,last weekend of every month following each weekend Mass
"Mon, Feb 23, 2026",2026-02-23,Monday,Assumption of the Blessed Virgin Mary,"711 W Hickory Ave, Duncan",(580) 255-0590,Mass,6:00 PM,,Mass,spanish,Duncan,
"Mon, Feb 23, 2026",2026-02-23,Monday,Blessed Sacrament,"12 SW 7th St, Lawton",(580) 355-2054,Mass,7:30 AM,,Daily Mass,English,,
"Mon, Feb 23, 2026",2026-02-23,Monday,Blessed Stanley Rother Shrine,"700 SE 89th St, Oklahoma City",(405) 421-9800,Mass,12:15 PM,,Mass,english,Blessed Stanley Rother Shrine,
"Mon, Feb 23, 2026",2026-02-23,Monday,Cathedral of Our Lady of Perpetual Help,"3214 N Lake Ave, Oklahoma City",(405) 525-2349,Mass,7:00 AM,,Mass,English,,
"Mon, Feb 23, 2026",2026-02-23,Monday,Chapel of St. Joseph,"7th and Seminole, Wewoka",(405) 382-3602,Mass,12:10 PM,,Mass,english,,
"Mon, Feb 23, 2026",2026-02-23,Monday,Christ the King,"8005 Dorset Dr, Oklahoma City",(405) 842-1481,Mass,7:00 AM,,Mass,english,,
"Mon, Feb 23, 2026",2026-02-23,Monday,Church of Saint Benedict,"2200 W Ithica St, Broken Arrow",+1-918-455-4451,Mass,8:30 AM,,Mass,English,,
"Mon, Feb 23, 2026",2026-02-23,Monday,Epiphany of the Lord,"7336 W Britton Rd, Oklahoma City",(405) 722-2110,Mass,8:00 AM,,Mass,English,,exception: No daily Mass on Holy Days of Obligation
"Mon, Feb 23, 2026",2026-02-23,Monday,Holy Family Cathedral,"820 S Boulder Ave, Tulsa",918-582-6247,Mass,12:05 PM,,Mass,English,Holy Family Cathedral,
"Mon, Feb 23, 2026",2026-02-23,Monday,Holy Spirit,"1100 N Sara Rd, Mustang",(405) 376-9435,Mass,6:30 PM,,Mass,spanish,Holy Spirit Catholic Church,
"Mon, Feb 23, 2026",2026-02-23,Monday,Immaculate Conception,"22 N 13th St, Fort Smith",(479) 783-7963,Mass,7:00 AM,,Mass,english,,
"Mon, Feb 23, 2026",2026-02-23,Monday,Korean Martyrs,"2600 SW 74th St, Oklahoma City",(405) 681-6464,Mass,8:15 AM,,Mass,english,Korean Martyrs Church,
"Mon, Feb 23, 2026",2026-02-23,Monday,Little Flower Church (Our Lady of Mount Carmel and St. Thérèse of Lisieux),"1125 S Walker Ave, Oklahoma City",(405) 235-2037,Mass,6:30 PM,,Mass,spanish,Church,
"Mon, Feb 23, 2026",2026-02-23,Monday,Most Precious Blood,"3029 S 57th W Ave, Tulsa",918-615-8404,Mass,7:15 AM,,Holy Mass,English,,Low Mass
"Mon, Feb 23, 2026",2026-02-23,Monday,Our Lady of Clear Creek Abbey,"5804 W Monastery Rd, Hulbert",(918) 772-2454,Mass,6:50 AM,,Low Mass,English,,
"Mon, Feb 23, 2026",2026-02-23,Monday,Our Lady of Guadalupe,"400 W 9th St, Dewey",(918) 534-3420,Mass,12:00 PM,,Mass,English,"400 W. 9th St. Dewey, OK 74029",
"Mon, Feb 23, 2026",2026-02-23,Monday,Our Lady of Victory,"3300 Clarksville St, Paris",(903) 784-1000,Mass,12:10 PM,,Mass,english,,
"Mon, Feb 23, 2026",2026-02-23,Monday,Our Lady of Victory,"307 W Jefferson St, Purcell",(405) 527-3077,Mass,6:30 PM,,Mass,spanish,,
"Mon, Feb 23, 2026",2026-02-23,Monday,Sacred Heart,"714 N Main St, Muenster",(940) 759-2500,Mass,8:00 AM,,Mass,english,,
"Mon, Feb 23, 2026",2026-02-23,Monday,Saint Patrick Catholic Church,"202 E Ohio Ave, Walters",+1-580-255-0590,Mass,6:00 PM,,Mass,spanish,Duncan,
"Mon, Feb 23, 2026",2026-02-23,Monday,St. Andrew,"800 NW 5th St, Moore",(405) 799-3334,Mass,9:00 AM,,Mass,English,St. Andrew the Apostle Catholic Church,Check Bulletin for Possible Changes in Mass Times
"Mon, Feb 23, 2026",2026-02-23,Monday,St. Barbara Catholic Community  (Grieson Chapel),"3280 Crane Ave, Fort Sill",(580) 442-3302,Mass,11:45 AM,,Roman Catholic Mass,English,"Sheridan Hall, BLDG 652 Hamilton Road, 2nd Floor",
"Mon, Feb 23, 2026",2026-02-23,Monday,St. Benedict,"632 N Kickapoo Ave, Shawnee",(405) 275-0001,Mass,12:10 PM,,Mass,english,,
"Mon, Feb 23, 2026",2026-02-23,Monday,St. Benedict,"2200 W Ithica St, Broken Arrow",(918) 455-4451,Mass,8:30 AM,,Mass,English,,
"Mon, Feb 23, 2026",2026-02-23,Monday,St. Bernard of Clairvaux,"4001 E 101st St, Tulsa",(918) 299-9406,Mass,8:30 AM,,Mass,English,main church,
"Mon, Feb 23, 2026",2026-02-23,Monday,St. Charles Borromeo,"5024 N Grove, Warr Acres",(405) 789-2595,Mass,7:00 AM,,Mass,english,,livestream
"Mon, Feb 23, 2026",2026-02-23,Monday,St. Damien of Molokai,"8455 NW 234th St, Edmond",(405) 330-9968,Mass,6:00 AM,,Low Mass,English,,note: cancelled if only one priest available
"Mon, Feb 23, 2026",2026-02-23,Monday,St. Damien of Molokai,"8455 NW 234th St, Edmond",(405) 330-9968,Mass,8:00 AM,,Low Mass,English,,
"Mon, Feb 23, 2026",2026-02-23,Monday,St. Eugene,"2400 W Hefner Rd, Oklahoma City",(405) 751-7115,Mass,5:30 PM,,Mass,english,Church,
"Mon, Feb 23, 2026",2026-02-23,Monday,St. Francis Hospital Chapel,"6161 S Yale Ave, Tulsa",,Mass,7:15 AM,,Mass,English,Saint Francis Hospital Chapel,livestream; note: Televised in patient rooms on Channel 15
"Mon, Feb 23, 2026",2026-02-23,Monday,St. Francis Xavier,"700 E Oklahoma Ave, Sulphur",(580) 332-4811,Mass,6:00 PM,,Mass,english,"St. Francis Xavier, Sulphur",
"Mon, Feb 23, 2026",2026-02-23,Monday,St. Gregory's Abbey,"1900 W MacArthur St, Shawnee",(405) 878-5491,Mass,5:30 AM,,Vigils,English,,
"Mon, Feb 23, 2026",2026-02-23,Monday,St. James the Greater,"4201 S McKinley Ave, Oklahoma City",(405) 636-6800,Mass,7:30 AM,,Mass,English,,
"Mon, Feb 23, 2026",2026-02-23,Monday,St. James the Greater,"4201 S McKinley Ave, Oklahoma City",(405) 636-6800,Mass,8:30 AM,,Mass,English,,
"Mon, Feb 23, 2026",2026-02-23,Monday,St. John Catholic Student Center (Oklahoma State University),"201 N Knoblock St, Stillwater",(405) 372-6408,Mass,9:00 PM,,Mass,English,,
"Mon, Feb 23, 2026",2026-02-23,Monday,St. John the Baptist,"900 S Littler Ave, Edmond",(405) 340-0691,Mass,7:30 AM,,Mass,English,St. John the Baptist Catholic Church,
"Mon, Feb 23, 2026",2026-02-23,Monday,St. Joseph,"211 N Porter, Norman",(405) 321-8080,Mass,8:00 AM,,Mass,english,Chapel,
"Mon, Feb 23, 2026",2026-02-23,Monday,St. Joseph,"320 W N Ave, Tonkawa",(580) 628-2416,Mass,8:15 AM,,Mass,English,St. Joseph’s Catholic Church of Tonkawa,
"Mon, Feb 23, 2026",2026-02-23,Monday,St. Joseph [Thánh Giuse],"14905 E 21st St S, Tulsa",(918) 438-1380,Mass,6:00 PM,,Mass,English,,
"Mon, Feb 23, 2026",2026-02-23,Monday,St. Joseph's Catholic Church,"211 N Porter Ave, Norman",+1-405-321-8080,Mass,8:00 AM,,Mass,english,Chapel,
"Mon, Feb 23, 2026",2026-02-23,Monday,St. Jude Thaddeus,"600 Davey Dr, Burkburnett",(940) 569-1222,Mass,8:00 AM,,Mass,english,St. Jude Thaddeus,Burkburnett
"Mon, Feb 23, 2026",2026-02-23,Monday,St. Mary,"1347 E 49th Pl, Tulsa",(918) 749-1423,Mass,6:30 AM,,Mass,English,Church of Saint Mary,
"Mon, Feb 23, 2026",2026-02-23,Monday,St. Mary,"825 N Weaver St, Gainesville",(940) 665-5395,Mass,8:00 AM,,Mass,english,,
"Mon, Feb 23, 2026",2026-02-23,Monday,St. Michael,"1025 E Pointer Trail , Van Buren",(479) 471-1211,Mass,8:00 AM,,Mass,English,,
"Mon, Feb 23, 2026",2026-02-23,Monday,St. Patrick,"314 N Rusk Ave, Denison",(903) 463-3275,Mass,12:00 PM,,Mass,english,,
"Mon, Feb 23, 2026",2026-02-23,Monday,St. Patrick,"2121 N Portland Ave, Oklahoma City",(405) 946-4441,Mass,8:15 AM,,Mass,english,,
"Mon, Feb 23, 2026",2026-02-23,Monday,St. Peter,"424 W Main St, Lindsay",(940) 668-7609,Mass,7:40 AM,,Mass,english,St. Peter's,
"Mon, Feb 23, 2026",2026-02-23,Monday,St. Peter Catholic Church,"East 2 and Quapaw, Lindsay",+1-405-527-3077,Mass,7:40 AM,,Mass,english,St. Peter's,
"Mon, Feb 23, 2026",2026-02-23,Monday,St. Peter the Apostle,"812 Pearl Ave, Joplin",(417) 623-8643,Mass,12:00 PM,,Mass,English,Mercy Hospital,
"Mon, Feb 23, 2026",2026-02-23,Monday,St. Philip Neri Newman Center,"440 S Florence Ave, Tulsa",19185990204,Mass,5:15 PM,,Mass,English,,during the academic year
"Mon, Feb 23, 2026",2026-02-23,Monday,St. Philip Neri Newman Center,"440 S Florence Ave, Tulsa",(918) 599-0204,Mass,5:15 PM,,Mass,English,,during the academic year
"Mon, Feb 23, 2026",2026-02-23,Monday,St. William,"802 W University Blvd, Durant",580-924-1989,Mass,7:00 AM,,Mass,English,"St. William, Durant",
"Mon, Feb 23, 2026",2026-02-23,Monday,Sts. Peter and Paul,"405 E Oak, Cushing",(918) 225-0644,Mass,12:00 PM,,Mass,english,Sts. Peter and Paul Parish,Cushing
"Mon, Feb 23, 2026",2026-02-23,Monday,Sts. Peter and Paul,"1419 N 67th E Ave, Tulsa",(918) 836-2596,Mass,8:00 AM,,Mass,english,,
"Mon, Feb 23, 2026",2026-02-23,Monday,Blessed Stanley Rother Shrine,"700 SE 89th St, Oklahoma City",(405) 421-9800,Confession,11:30 AM,12:00 PM,Confession,English,Blessed Stanley Rother Shrine,
"Mon, Feb 23, 2026",2026-02-23,Monday,Holy Family Cathedral,"820 S Boulder Ave, Tulsa",918-582-6247,Confession,11:35 AM,,Confessions,English,Holy Family Cathedral,
"Mon, Feb 23, 2026",2026-02-23,Monday,Our Lady of Victory,"3300 Clarksville St, Paris",(903) 784-1000,Confession,11:00 AM,12:00 PM,Confession,English,,
"Mon, Feb 23, 2026",2026-02-23,Monday,Our Lady of Victory,"307 W Jefferson St, Purcell",(405) 527-3077,Confession,6:00 PM,,Confession,English,,or After Mass
"Mon, Feb 23, 2026",2026-02-23,Monday,St. Francis Xavier,"700 E Oklahoma Ave, Sulphur",(580) 332-4811,Confession,7:00 PM,,Confession,English,"St. Francis Xavier, Sulphur",note: after 18:00 Mass
"Mon, Feb 23, 2026",2026-02-23,Monday,St. Joseph Old Cathedral,"307 NW 4th St, Oklahoma City",(405) 235-4565,Confession,10:45 AM,11:45 AM,Reconciliation,English,,
"Mon, Feb 23, 2026",2026-02-23,Monday,St. Michael,"1025 E Pointer Trail , Van Buren",(479) 471-1211,Confession,TBD,,Confessions,English,,30 minutes before each Weekday Mass; except on Tuesday morning and Wednesday evening
"Mon, Feb 23, 2026",2026-02-23,Monday,Assumption of the Blessed Virgin Mary,"711 W Hickory Ave, Duncan",(580) 255-0590,Adoration,TBD,,Adoration,English,Duncan/Marlow,30 minutes before Mass; exposition
"Mon, Feb 23, 2026",2026-02-23,Monday,Blessed Stanley Rother Shrine,"700 SE 89th St, Oklahoma City",(405) 421-9800,Adoration,1:00 PM,2:00 PM,Adoration,English,Blessed Stanley Rother Shrine,exposition
"Mon, Feb 23, 2026",2026-02-23,Monday,Our Lady of Victory,"307 W Jefferson St, Purcell",(405) 527-3077,Adoration,6:00 PM,,Adoration,English,,
"Mon, Feb 23, 2026",2026-02-23,Monday,Sacred Heart,"47943 Abbey Rd, Konawa",(580) 925-2145,Adoration,3:30 PM,6:30 PM,Adoration,English,Sacred Heart,exposition
"Mon, Feb 23, 2026",2026-02-23,Monday,Saint Patrick Catholic Church,"202 E Ohio Ave, Walters",+1-580-255-0590,Adoration,TBD,,Adoration,English,,30 minutes before Mass
"Mon, Feb 23, 2026",2026-02-23,Monday,San Jose,"12th St and Lincoln St, Ryan",(580) 255-0590,Adoration,TBD,,Adoration,English,,30 minutes before Mass; exposition
"Mon, Feb 23, 2026",2026-02-23,Monday,St. Anne,"301 S 9th St, Broken Arrow",(918) 251-4000,Adoration,9:00 AM,9:00 PM,Adoration,English,Chapel,exposition
"Mon, Feb 23, 2026",2026-02-23,Monday,St. Bernard of Clairvaux,"4001 E 101st St, Tulsa",(918) 299-9406,Adoration,9:00 AM,8:00 PM,Adoration of the Blessed Sacrament,English,Good Shepherd Chapel,exposition; chapel
"Mon, Feb 23, 2026",2026-02-23,Monday,St. Gregory the Great,"1924 W Willow Rd, Enid",(580) 233-4589,Adoration,8:30 AM,3:30 PM,Adoration,English,Adoration Chapel,exposition
"Mon, Feb 23, 2026",2026-02-23,Monday,St. Joseph Old Cathedral,"307 NW 4th St, Oklahoma City",(405) 235-4565,Adoration,TBD,,Adoration,English,,during Reconciliation; exposition
"Mon, Feb 23, 2026",2026-02-23,Monday,St. Mary,"1347 E 49th Pl, Tulsa",(918) 749-1423,Adoration,12:00 AM,11:59 PM,Adoration,English,Chapel,
"Mon, Feb 23, 2026",2026-02-23,Monday,St. Patrick,"2121 N Portland Ave, Oklahoma City",(405) 946-4441,Adoration,9:00 AM,7:55 PM,Adoration,English,,tags: exposition
"Mon, Feb 23, 2026",2026-02-23,Monday,Sacred Heart,"2515 N Main St, Miami",(918) 542-5281,Devotions,6:30 AM,,Morning Prayer,english,Sacred Heart Catholic Church,
"Mon, Feb 23, 2026",2026-02-23,Monday,Sacred Heart,"109 W 5th St, Skiatook",(918) 396-1179,Devotions,8:30 AM,,Rosary,English,Sacred Heart Church,
"Mon, Feb 23, 2026",2026-02-23,Monday,St. Gregory's Abbey,"1900 W MacArthur St, Shawnee",(405) 878-5491,Devotions,5:00 PM,,Vespers,English,,
"Mon, Feb 23, 2026",2026-02-23,Monday,St. Gregory's Abbey,"1900 W MacArthur St, Shawnee",(405) 878-5491,Devotions,7:15 AM,,Lauds,English,,
"Mon, Feb 23, 2026",2026-02-23,Monday,St. Gregory's Abbey,"1900 W MacArthur St, Shawnee",(405) 878-5491,Devotions,7:15 PM,,Compline,English,,
"Mon, Feb 23, 2026",2026-02-23,Monday,St. Barbara Catholic Community  (Grieson Chapel),"3280 Crane Ave, Fort Sill",(580) 442-3302,Other,11:45 AM,,Service,English,Grierson Hill Chapel,GHC
"Mon, Feb 23, 2026",2026-02-23,Monday,St. Gregory's Abbey,"1900 W MacArthur St, Shawnee",(405) 878-5491,Other,12:00 PM,,Sext,English,,
"Mon, Feb 23, 2026",2026-02-23,Monday,St. Gregory's Abbey,"1900 W MacArthur St, Shawnee",(405) 878-5491,Other,12:50 PM,,None,English,,
"Mon, Feb 23, 2026",2026-02-23,Monday,St. Gregory's Abbey,"1900 W MacArthur St, Shawnee",(405) 878-5491,Other,8:15 AM,,Eucharist,English,,
"Mon, Feb 23, 2026",2026-02-23,Monday,St. Joseph [Thánh Giuse],"14905 E 21st St S, Tulsa",(918) 438-1380,Other,5:30 PM,,Prayer,English,,
"Mon, Feb 23, 2026",2026-02-23,Monday,St. Scholastica Monastery,"1315 S Albert Pike Ave, Fort Smith",(479) 783-4147,Other,11:50 AM,,Noon Praise,English,St. Scholastica Monastery,
"Mon, Feb 23, 2026",2026-02-23,Monday,St. Scholastica Monastery,"1315 S Albert Pike Ave, Fort Smith",(479) 783-4147,Other,5:00 PM,,Evening Praise,English,St. Scholastica Monastery,
"Mon, Feb 23, 2026",2026-02-23,Monday,St. Scholastica Monastery,"1315 S Albert Pike Ave, Fort Smith",(479) 783-4147,Other,7:30 AM,,Morning Praise,English,St. Scholastica Monastery,
"Mon, Feb 23, 2026",2026-02-23,Monday,St. Therese of the Child Jesus (Maronite),"8315 S 107th E Ave, Tulsa",(918) 872-7400,Other,5:30 PM,,,English,,
"Mon, Feb 23, 2026",2026-02-23,Monday,Holy Trinity,"211 W Missouri Ave, Okarche",(405) 263-7930,Sacraments,8:00 AM,,Communion Service,English,,Communion Service
"Mon, Feb 23, 2026",2026-02-23,Monday,Immaculate Heart of Mary,"239 N Freehome Ave, Calumet",(405) 263-7930,Sacraments,8:00 AM,,Communion Service,English,,
"Mon, Feb 23, 2026",2026-02-23,Monday,St. Anne,"301 S 9th St, Broken Arrow",(918) 251-4000,Sacraments,8:00 AM,,Communion Service,English,,
"Mon, Feb 23, 2026",2026-02-23,Monday,St. Henry,"8500 N Owasso Expressway, Owasso",(918) 272-3710,Sacraments,8:45 AM,,Communion Service,english,,
"Tue, Feb 24, 2026",2026-02-24,Tuesday,Assumption of the Blessed Virgin Mary,"711 W Hickory Ave, Duncan",(580) 255-0590,Mass,6:00 PM,,Mass,spanish,Duncan,
"Tue, Feb 24, 2026",2026-02-24,Tuesday,Blessed Sacrament,"12 SW 7th St, Lawton",(580) 355-2054,Mass,7:30 AM,,Daily Mass,English,,
"Tue, Feb 24, 2026",2026-02-24,Tuesday,Blessed Stanley Rother Shrine,"700 SE 89th St, Oklahoma City",(405) 421-9800,Mass,12:15 PM,,Mass,english,Blessed Stanley Rother Shrine,
"Tue, Feb 24, 2026",2026-02-24,Tuesday,Cathedral of Our Lady of Perpetual Help,"3214 N Lake Ave, Oklahoma City",(405) 525-2349,Mass,7:00 AM,,Mass,English,,
"Tue, Feb 24, 2026",2026-02-24,Tuesday,Chapel of St. Joseph,"7th and Seminole, Wewoka",(405) 382-3602,Mass,8:00 AM,,Mass,english,,
"Tue, Feb 24, 2026",2026-02-24,Tuesday,Christ the King,"2112 S Greenwood Ave, Fort Smith",(479) 783-7745,Mass,5:15 PM,,Mass,English,Chapel,
"Tue, Feb 24, 2026",2026-02-24,Tuesday,Christ the King,"1520 S Rockford Ave, Tulsa",(918) 584-4788,Mass,5:30 PM,,Mass,english,,
"Tue, Feb 24, 2026",2026-02-24,Tuesday,Christ the King,"8005 Dorset Dr, Oklahoma City",(405) 842-1481,Mass,7:00 AM,,Mass,english,,
"Tue, Feb 24, 2026",2026-02-24,Tuesday,Christ the King,"1520 S Rockford Ave, Tulsa",(918) 584-4788,Mass,8:15 AM,,Mass,english,,
"Tue, Feb 24, 2026",2026-02-24,Tuesday,Church of Saint Benedict,"2200 W Ithica St, Broken Arrow",+1-918-455-4451,Mass,8:30 AM,,Mass,English,,
"Tue, Feb 24, 2026",2026-02-24,Tuesday,Corpus Christi,"1616 N Kelley Ave, Oklahoma City",(405) 236-4301,Mass,12:10 PM,,Mass,English,Corpus Christi,Chapel
"Tue, Feb 24, 2026",2026-02-24,Tuesday,Epiphany of the Lord,"7336 W Britton Rd, Oklahoma City",(405) 722-2110,Mass,8:00 AM,,Mass,English,,exception: No daily Mass on Holy Days of Obligation
"Tue, Feb 24, 2026",2026-02-24,Tuesday,Holy Cross,"708 SW 15th St, Wagoner",539-209-9988,Mass,5:30 PM,,Mass,English,"Holy Cross Catholic Church, Wagoner, OK",
"Tue, Feb 24, 2026",2026-02-24,Tuesday,Holy Family,"1010 NW 82nd St, Lawton",(580) 536-6351,Mass,5:30 PM,,Mass,English,Church,
"Tue, Feb 24, 2026",2026-02-24,Tuesday,Holy Family Cathedral,"820 S Boulder Ave, Tulsa",918-582-6247,Mass,12:05 PM,,Mass,English,Holy Family Cathedral,
"Tue, Feb 24, 2026",2026-02-24,Tuesday,Holy Family Cathedral,"820 S Boulder Ave, Tulsa",918-582-6247,Mass,7:00 AM,,Mass,English,Holy Family Cathedral,
"Tue, Feb 24, 2026",2026-02-24,Tuesday,Holy Name,"408 Willow St, Coffeyville",(620) 251-0475,Mass,5:30 PM,,Mass,English,Holy Name Catholic Church,
"Tue, Feb 24, 2026",2026-02-24,Tuesday,Holy Name of Jesus,"210 S 7th St, Chickasha",(405) 224-6068,Mass,12:00 PM,,Mass,english,,
"Tue, Feb 24, 2026",2026-02-24,Tuesday,Holy Rosary,"912 Cherokee Ave, Hartshorne",(918) 308-3312,Mass,6:00 PM,,Mass,english,Holy Rosary Parish,Hartshorne
"Tue, Feb 24, 2026",2026-02-24,Tuesday,Holy Spirit,"1100 N Sara Rd, Mustang",(405) 376-9435,Mass,8:30 AM,,Mass,spanish,Holy Spirit Catholic Church,
"Tue, Feb 24, 2026",2026-02-24,Tuesday,Holy Trinity,"211 W Missouri Ave, Okarche",(405) 263-7930,Mass,8:00 AM,,Mass,English,,
"Tue, Feb 24, 2026",2026-02-24,Tuesday,Immaculate Conception,"22 N 13th St, Fort Smith",(479) 783-7963,Mass,6:00 PM,,Mass,spanish,,
"Tue, Feb 24, 2026",2026-02-24,Tuesday,Immaculate Conception,"1314 Lynn Ave, Pawhuska",(918) 287-1414,Mass,6:15 PM,,Mass,English,Pawhuska,
"Tue, Feb 24, 2026",2026-02-24,Tuesday,Immaculate Conception,"22 N 13th St, Fort Smith",(479) 783-7963,Mass,7:00 AM,,Mass,english,,
"Tue, Feb 24, 2026",2026-02-24,Tuesday,Immaculate Conception,"502 N Bagwell St, Poteau",(918) 647-3475,Mass,8:30 AM,,Mass,English,Immaculate Conception Church,
"Tue, Feb 24, 2026",2026-02-24,Tuesday,Immaculate Conception Catholic Church,"196 Bearden Springs Rd, Hugo",(580) 326-7300,Mass,5:30 PM,,Mass,English,Immaculate Conception Catholic Church,
"Tue, Feb 24, 2026",2026-02-24,Tuesday,Immaculate Heart of Mary,"239 N Freehome Ave, Calumet",(405) 263-7930,Mass,8:00 AM,,Mass,English,,
"Tue, Feb 24, 2026",2026-02-24,Tuesday,Korean Martyrs,"2600 SW 74th St, Oklahoma City",(405) 681-6464,Mass,7:30 AM,,Mass,english,Korean Martyrs Church,
"Tue, Feb 24, 2026",2026-02-24,Tuesday,Little Flower Church (Our Lady of Mount Carmel and St. Thérèse of Lisieux),"1125 S Walker Ave, Oklahoma City",(405) 235-2037,Mass,6:30 PM,,Mass,spanish,Church,
"Tue, Feb 24, 2026",2026-02-24,Tuesday,Most Precious Blood,"3029 S 57th W Ave, Tulsa",918-615-8404,Mass,7:15 AM,,Holy Mass,English,,Low Mass
"Tue, Feb 24, 2026",2026-02-24,Tuesday,Mother of Sorrows,"521 E Wallace Ave, Apache",(580) 492-5914,Mass,4:30 PM,,Mass,English,Mother of Sorrows,
"Tue, Feb 24, 2026",2026-02-24,Tuesday,National Shrine of the Infant Jesus of Prague,"304 Jim Thorpe Blvd, Prague",(405) 567-3080,Mass,9:00 AM,,Mass,bilingual,National Shrine of the Infant Jesus,
"Tue, Feb 24, 2026",2026-02-24,Tuesday,Nativity of Our Lord,"227 Sulphur St, Noel",(417) 475-3144,Mass,6:30 PM,,Mass,English,,
"Tue, Feb 24, 2026",2026-02-24,Tuesday,Our Lady of Clear Creek Abbey,"5804 W Monastery Rd, Hulbert",(918) 772-2454,Mass,6:50 AM,,Low Mass,English,,
"Tue, Feb 24, 2026",2026-02-24,Tuesday,Our Lady of Victory,"307 W Jefferson St, Purcell",(405) 527-3077,Mass,12:10 PM,,Mass,english,,
"Tue, Feb 24, 2026",2026-02-24,Tuesday,Our Lady of Victory,"3300 Clarksville St, Paris",(903) 784-1000,Mass,6:00 PM,,Mass,english,,
"Tue, Feb 24, 2026",2026-02-24,Tuesday,Our Lady of the Lake,"450 E Cimarron Dr, Mannford",918-245-5840,Mass,8:30 AM,,Mass,English,,
"Tue, Feb 24, 2026",2026-02-24,Tuesday,Our Mother of Mercy,"1325 Main St, Waynoka",(580) 327-0339,Mass,12:15 PM,,Mass,English,Chapel Parish Hall,check bulletin for occasional cancellations
"Tue, Feb 24, 2026",2026-02-24,Tuesday,Parish of Christ the King,"1520 S Rockford Ave, Tulsa",+1-918-584-4788,Mass,5:30 PM,,Mass,english,,
"Tue, Feb 24, 2026",2026-02-24,Tuesday,Parish of Christ the King,"1520 S Rockford Ave, Tulsa",+1-918-584-4788,Mass,8:15 AM,,Mass,english,,
"Tue, Feb 24, 2026",2026-02-24,Tuesday,Resurrection,"4804 S Fulton Ave, Tulsa",(918) 663-1907,Mass,7:00 PM,,Mass,spanish,,
"Tue, Feb 24, 2026",2026-02-24,Tuesday,ST MARK CATHOLIC CHURCH,"1507 S Vann St, Pryor",+1-918-825-4186,Mass,8:15 AM,,Mass,English,,
"Tue, Feb 24, 2026",2026-02-24,Tuesday,Sacred Heart,"627 12th St, Alva",(580) 327-0339,Mass,12:15 PM,,Mass,English,"Chapel Parish Hall, Alva",check bulletin for occasional cancellations
"Tue, Feb 24, 2026",2026-02-24,Tuesday,Sacred Heart,"409 N Byers Ave, Mangum",(580) 782-2657,Mass,6:00 PM,,Mass,english,Sacred Heart Church,note: Summer season; Winter season is 17:00
"Tue, Feb 24, 2026",2026-02-24,Tuesday,Sacred Heart,"2706 S Shartel Ave, Oklahoma City",(405) 634-2458,Mass,6:30 PM,,Mass,spanish,,
"Tue, Feb 24, 2026",2026-02-24,Tuesday,Sacred Heart,"2706 S Shartel Ave, Oklahoma City",(405) 634-2458,Mass,7:00 AM,,Mass,english,,
"Tue, Feb 24, 2026",2026-02-24,Tuesday,Sacred Heart,"320 S B Street, Arkansas City",(620) 442-0566,Mass,8:00 AM,,Mass,english,Sacred Heart Catholic Church,
"Tue, Feb 24, 2026",2026-02-24,Tuesday,Sacred Heart,"714 N Main St, Muenster",(940) 759-2500,Mass,8:00 AM,,Mass,english,,
"Tue, Feb 24, 2026",2026-02-24,Tuesday,Sacred Heart,"1777 E Grayson Ave, Sapulpa",(918) 224-0944,Mass,9:00 AM,,Mass,english,,
"Tue, Feb 24, 2026",2026-02-24,Tuesday,Sacred Heart,"109 W 5th St, Skiatook",(918) 396-1179,Mass,9:00 AM,,Mass,English,Sacred Heart Church,
"Tue, Feb 24, 2026",2026-02-24,Tuesday,Sacred Heart of Mary,"1301 Frank St, Barling",(479) 452-1795 or (479) 522-4245 (Fr. Tuyen),Mass,7:00 PM,,Mass,vietnamese,"Sacred Heart of Mary, Barling",
"Tue, Feb 24, 2026",2026-02-24,Tuesday,Saint Patrick Catholic Church,"202 E Ohio Ave, Walters",+1-580-255-0590,Mass,6:00 PM,,Mass,spanish,Duncan,
"Tue, Feb 24, 2026",2026-02-24,Tuesday,St Catherine of Alexandria Catholic Church,"4532 S 25th W Ave, Tulsa",(918) 446-8124,Mass,8:00 AM,,Mass,english,,
"Tue, Feb 24, 2026",2026-02-24,Tuesday,St Joseph Catholic Church,"321 N Virginia St, Muskogee",+1-918-687-1351,Mass,8:15 AM,,Mass,english,St. Joseph Catholic Church,
"Tue, Feb 24, 2026",2026-02-24,Tuesday,St Rose of Lima,"115 W Walnut St, Columbus",(620) 429-2639,Mass,5:30 PM,,Mass,English,St. Rose of Lima,
"Tue, Feb 24, 2026",2026-02-24,Tuesday,St Thomas More University Parish and Student Center,"100 Stinson St, Norman",(405) 321-0990,Mass,7:30 AM,,Mass,English,,
"Tue, Feb 24, 2026",2026-02-24,Tuesday,St. Andrew,"800 NW 5th St, Moore",(405) 799-3334,Mass,9:00 AM,,Mass,English,St. Andrew the Apostle Catholic Church,Check Bulletin for Possible Changes in Mass Times
"Tue, Feb 24, 2026",2026-02-24,Tuesday,St. Andrew Dung-Lac,"3115 SW 59th St, Oklahoma City",(405) 681-2665,Mass,5:30 PM,,Mass,vietnamese,3115 S. W. 59th St Oklahoma City,
"Tue, Feb 24, 2026",2026-02-24,Tuesday,St. Anne,"301 S 9th St, Broken Arrow",(918) 251-4000,Mass,8:00 AM,,Mass,English,,
"Tue, Feb 24, 2026",2026-02-24,Tuesday,St. Anthony,"515 S Morton Ave, Okmulgee",(918) 756-4385,Mass,5:15 PM,,Mass,English,St. Anthony,
"Tue, Feb 24, 2026",2026-02-24,Tuesday,St. Anthony of Padua,"1510 N Calhoun Ave , Liberal",(620) 624-4135,Mass,6:00 PM,,Mass,spanish,,
"Tue, Feb 24, 2026",2026-02-24,Tuesday,St. Anthony of Padua,"1510 N Calhoun Ave , Liberal",(620) 624-4135,Mass,7:15 AM,,Mass,english,,
"Tue, Feb 24, 2026",2026-02-24,Tuesday,St. Augustine,"1720 E Apache St, Tulsa",918-607-8681,Mass,9:00 AM,,Mass,English,St. Augustine,
"Tue, Feb 24, 2026",2026-02-24,Tuesday,St. Barbara Catholic Community  (Grieson Chapel),"3280 Crane Ave, Fort Sill",(580) 442-3302,Mass,11:45 AM,,Roman Catholic Mass,English,"Sheridan Hall, BLDG 652 Hamilton Road, 2nd Floor",
"Tue, Feb 24, 2026",2026-02-24,Tuesday,St. Benedict,"632 N Kickapoo Ave, Shawnee",(405) 275-0001,Mass,8:00 AM,,Mass,english,,
"Tue, Feb 24, 2026",2026-02-24,Tuesday,St. Benedict,"2200 W Ithica St, Broken Arrow",(918) 455-4451,Mass,8:30 AM,,Mass,English,,
"Tue, Feb 24, 2026",2026-02-24,Tuesday,St. Bernard of Clairvaux,"4001 E 101st St, Tulsa",(918) 299-9406,Mass,8:30 AM,,Mass,English,main church,
"Tue, Feb 24, 2026",2026-02-24,Tuesday,St. Boniface,"204 N 18th St, Fort Smith",(479) 783-6711,Mass,8:00 AM,,Mass,english,St. Boniface,
"Tue, Feb 24, 2026",2026-02-24,Tuesday,St. Brigid,"807 Crafton St, Tahlequah",(918) 456-8388,Mass,5:30 PM,,Mass,English,,
"Tue, Feb 24, 2026",2026-02-24,Tuesday,St. Catherine,"217 W Modoc Ave, Nowata",(918) 534-3420,Mass,12:00 PM,,Daily Mass,English,"217 W. Modoc Nowata, OK 74048",
"Tue, Feb 24, 2026",2026-02-24,Tuesday,St. Catherine of Siena,"501 2nd St, Talihina",(918) 465-7675,Mass,5:30 PM,,Mass,english,St. Catherine of Siena Parish,Talihina
"Tue, Feb 24, 2026",2026-02-24,Tuesday,St. Catherine of Siena,"205 W Bert St, Pauls Valley",(405) 238-3741,Mass,7:00 PM,,Mass,spanish,,
"Tue, Feb 24, 2026",2026-02-24,Tuesday,St. Cecilia,"1304 N Dorothy Ave, Claremore",(918) 341-2343,Mass,8:15 AM,,Mass,English,,Weekday Mass
"Tue, Feb 24, 2026",2026-02-24,Tuesday,St. Charles Borromeo,"5024 N Grove, Warr Acres",(405) 789-2595,Mass,7:00 AM,,Mass,english,,livestream
"Tue, Feb 24, 2026",2026-02-24,Tuesday,St. Clement,"15501 S Memorial Dr, Bixby",(918) 366-3166,Mass,12:00 PM,,Mass,English,St. Clement Catholic Church,
"Tue, Feb 24, 2026",2026-02-24,Tuesday,St. Damien of Molokai,"8455 NW 234th St, Edmond",(405) 330-9968,Mass,6:00 AM,,Low Mass,English,,note: cancelled if only one priest available
"Tue, Feb 24, 2026",2026-02-24,Tuesday,St. Damien of Molokai,"8455 NW 234th St, Edmond",(405) 330-9968,Mass,8:00 AM,,Low Mass,English,,
"Tue, Feb 24, 2026",2026-02-24,Tuesday,St. Eugene,"2400 W Hefner Rd, Oklahoma City",(405) 751-7115,Mass,5:30 PM,,Mass,english,Church,
"Tue, Feb 24, 2026",2026-02-24,Tuesday,St. Francis Hospital Chapel,"6161 S Yale Ave, Tulsa",,Mass,7:15 AM,,Mass,English,Saint Francis Hospital Chapel,livestream; note: Televised in patient rooms on Channel 15
"Tue, Feb 24, 2026",2026-02-24,Tuesday,St. Francis Xavier,"110 N Madison St, Enid",(580) 237-0812,Mass,12:05 PM,,Mass,English,St. Francis Xavier,
"Tue, Feb 24, 2026",2026-02-24,Tuesday,St. Francis Xavier,"711 N Country Club Rd, Stillwater",(405) 372-6886,Mass,12:10 PM,,Mass,english,,
"Tue, Feb 24, 2026",2026-02-24,Tuesday,St. Francis Xavier,"711 N Country Club Rd, Stillwater",(405) 372-6886,Mass,5:30 PM,,Mass,english,,
"Tue, Feb 24, 2026",2026-02-24,Tuesday,St. Francis of Assisi,"1901 NW 18th St, Oklahoma City",(405) 528-0485,Mass,7:30 AM,,Mass,english,,
"Tue, Feb 24, 2026",2026-02-24,Tuesday,St. Gregory the Great,"1924 W Willow Rd, Enid",(580) 233-4589,Mass,5:45 PM,,Mass,English,St. Gregory,
"Tue, Feb 24, 2026",2026-02-24,Tuesday,St. Gregory's Abbey,"1900 W MacArthur St, Shawnee",(405) 878-5491,Mass,5:30 AM,,Vigils,English,,
"Tue, Feb 24, 2026",2026-02-24,Tuesday,St. Henry,"8500 N Owasso Expressway, Owasso",(918) 272-3710,Mass,8:45 AM,,Mass,english,,
"Tue, Feb 24, 2026",2026-02-24,Tuesday,St. James,"5500 Douglas Ln, Bartlesville",(918) 335-0844,Mass,8:30 AM,,Mass,English,St. James Parish - Bartlesville,
"Tue, Feb 24, 2026",2026-02-24,Tuesday,St. James the Greater,"4201 S McKinley Ave, Oklahoma City",(405) 636-6800,Mass,8:30 AM,,Mass,English,,
"Tue, Feb 24, 2026",2026-02-24,Tuesday,St. John,"300 E Washington Ave, Mcalester",(918) 423-0810,Mass,5:30 PM,,Mass,English,Church,
"Tue, Feb 24, 2026",2026-02-24,Tuesday,St. John Before the Latin Gate Catholic Church,"715 S Johnstone Ave, Bartlesville",(918) 336-4353,Mass,7:00 AM,,Mass,English,St. John,
"Tue, Feb 24, 2026",2026-02-24,Tuesday,St. John Catholic Student Center (Oklahoma State University),"201 N Knoblock St, Stillwater",(405) 372-6408,Mass,5:30 PM,,Mass,English,,
"Tue, Feb 24, 2026",2026-02-24,Tuesday,St. John Nepomuk,"600 S Garth Brooks Blvd, Yukon",(405) 354-2743,Mass,7:30 AM,,Mass,English,,check the bulletin and website calendar for current Mass times
"Tue, Feb 24, 2026",2026-02-24,Tuesday,St. John the Baptist,"900 S Littler Ave, Edmond",(405) 340-0691,Mass,7:30 AM,,Mass,English,St. John the Baptist Catholic Church,
"Tue, Feb 24, 2026",2026-02-24,Tuesday,St. John the Evangelist,"8th St and Oak St, Pawnee",(918) 225-0644,Mass,9:30 AM,,MASS,English,,
"Tue, Feb 24, 2026",2026-02-24,Tuesday,St. Joseph,"1300 E Beverly St, Ada",(580) 332-4811,Mass,12:00 PM,,Mass,english,"St. Joseph, Ada",
"Tue, Feb 24, 2026",2026-02-24,Tuesday,St. Joseph,"211 N Porter, Norman",(405) 321-8080,Mass,12:05 PM,,Mass,english,Chapel,
"Tue, Feb 24, 2026",2026-02-24,Tuesday,St. Joseph,"103 Smith St, Webbers Falls","(918) 788-3771, (918) 458-7234",Mass,6:00 PM,7:00 PM,Mass,english,,
"Tue, Feb 24, 2026",2026-02-24,Tuesday,St. Joseph,"290 NW Church St, Krebs",(918) 423-6695,Mass,8:00 AM,,Mass,english,Chapel,
"Tue, Feb 24, 2026",2026-02-24,Tuesday,St. Joseph,"403 Kate Boevers St, Union City",(405) 483-5329,Mass,8:00 AM,,Mass,English,St. Joseph Catholic Church,
"Tue, Feb 24, 2026",2026-02-24,Tuesday,St. Joseph,"321 N Virginia St, Muskogee",(918) 687-1351,Mass,8:15 AM,,Mass,english,St. Joseph Catholic Church,
"Tue, Feb 24, 2026",2026-02-24,Tuesday,St. Joseph,"320 W N Ave, Tonkawa",(580) 628-2416,Mass,8:15 AM,,Mass,English,St. Joseph’s Catholic Church of Tonkawa,
"Tue, Feb 24, 2026",2026-02-24,Tuesday,St. Joseph Old Cathedral,"307 NW 4th St, Oklahoma City",(405) 235-4565,Mass,12:00 PM,,Mass,English,,
"Tue, Feb 24, 2026",2026-02-24,Tuesday,St. Joseph [Thánh Giuse],"14905 E 21st St S, Tulsa",(918) 438-1380,Mass,6:00 PM,,Mass,English,,
"Tue, Feb 24, 2026",2026-02-24,Tuesday,St. Joseph's Catholic Church,"211 N Porter Ave, Norman",+1-405-321-8080,Mass,12:05 PM,,Mass,english,Chapel,
"Tue, Feb 24, 2026",2026-02-24,Tuesday,St. Mark,"1507 S Vann St, Pryor",(918) 825-4186,Mass,8:15 AM,,Mass,English,St. Mark Catholic Church,
"Tue, Feb 24, 2026",2026-02-24,Tuesday,St. Mark the Evangelist,"3939 W Tecumseh Rd, Norman",(405) 366-7676,Mass,7:00 AM,,Mass,English,,
"Tue, Feb 24, 2026",2026-02-24,Tuesday,St. Mary,"1218 Knox Ave, Clinton",(580) 323-0345,Mass,12:00 PM,,Mass,english,"St. Mary's Clinton, Ok",
"Tue, Feb 24, 2026",2026-02-24,Tuesday,St. Mary,"707 E Ponca Ave, Ponca City",(580) 765-7794,Mass,12:10 PM,,Mass,english,Chapel,
"Tue, Feb 24, 2026",2026-02-24,Tuesday,St. Mary,"1230 E 7th St, Joplin",14176233333,Mass,5:15 PM,,Mass,English,St. Mary’s Catholic Church,
"Tue, Feb 24, 2026",2026-02-24,Tuesday,St. Mary,"1347 E 49th Pl, Tulsa",(918) 749-1423,Mass,6:30 AM,,Mass,English,Church of Saint Mary,
"Tue, Feb 24, 2026",2026-02-24,Tuesday,St. Mary,"825 N Weaver St, Gainesville",(940) 665-5395,Mass,8:00 AM,,Mass,english,,
"Tue, Feb 24, 2026",2026-02-24,Tuesday,St. Mary,"1347 E 49th Pl, Tulsa",(918) 749-1423,Mass,9:00 AM,,Mass,English,Church of Saint Mary,
"Tue, Feb 24, 2026",2026-02-24,Tuesday,St. Mary ,"3035 S Central City Rd, Joplin",(417) 623-3333,Mass,5:15 PM,,Mass,English,,
"Tue, Feb 24, 2026",2026-02-24,Tuesday,St. Mary's,"321 S Cimarron Ave, Drumright",(918) 225-0644,Mass,9:30 AM,,Mass,english,St. Mary Parish,Drumright
"Tue, Feb 24, 2026",2026-02-24,Tuesday,St. Michael,"1004 W Gentry St, Henryetta",(918) 652-3445,Mass,9:00 AM,,Mass,english,St. Michael,
"Tue, Feb 24, 2026",2026-02-24,Tuesday,St. Monica,"2001 N Western Ave, Edmond",(405) 359-2700,Mass,5:30 PM,,Mass,English,Chapel,
"Tue, Feb 24, 2026",2026-02-24,Tuesday,St. Patrick,"1101 W Petree Rd, Anadarko",(405) 247-5255,Mass,5:30 PM,,Mass,English,St. Patrick,
"Tue, Feb 24, 2026",2026-02-24,Tuesday,St. Patrick,"2121 N Portland Ave, Oklahoma City",(405) 946-4441,Mass,6:00 PM,,Mass,spanish,,
"Tue, Feb 24, 2026",2026-02-24,Tuesday,St. Patrick,"2121 N Portland Ave, Oklahoma City",(405) 946-4441,Mass,8:15 AM,,Mass,spanish,,
"Tue, Feb 24, 2026",2026-02-24,Tuesday,St. Patrick,"204 E 4th St, Sand Springs",(918) 245-5840,Mass,8:30 AM,,Mass,english,St. Patrick,
"Tue, Feb 24, 2026",2026-02-24,Tuesday,St. Paul the Apostle,"3901 S Sunnylane Rd, Del City",(405) 677-4873,Mass,9:00 AM,,Mass,English,,
"Tue, Feb 24, 2026",2026-02-24,Tuesday,St. Peter,"E 2 and Quapaw, Lindsay",(405) 527-3077,Mass,12:00 PM,,Mass,english,,
"Tue, Feb 24, 2026",2026-02-24,Tuesday,St. Peter,"2020 Oklahoma Ave, Woodward",(580) 256-5305,Mass,6:30 PM,,Mass,spanish,St. Peter in Woodward,
"Tue, Feb 24, 2026",2026-02-24,Tuesday,St. Peter,"505 W Mitchell Rd, Booker",(806) 435-3802,Mass,7:00 PM,,Mass,spanish,St. Peter Mission,
"Tue, Feb 24, 2026",2026-02-24,Tuesday,St. Peter the Apostle,"812 Pearl Ave, Joplin",(417) 623-8643,Mass,6:00 PM,,Mass,English,,
"Tue, Feb 24, 2026",2026-02-24,Tuesday,St. Philip Neri,"1107 Felix Pl, Midwest City",(405) 737-4476,Mass,5:30 PM,,Mass,English,,check the calendar for this week's masses
"Tue, Feb 24, 2026",2026-02-24,Tuesday,St. Philip Neri Newman Center,"440 S Florence Ave, Tulsa",19185990204,Mass,5:15 PM,,Mass,English,,during the academic year
"Tue, Feb 24, 2026",2026-02-24,Tuesday,St. Philip Neri Newman Center,"440 S Florence Ave, Tulsa",(918) 599-0204,Mass,5:15 PM,,Mass,English,,during the academic year
"Tue, Feb 24, 2026",2026-02-24,Tuesday,St. Pius X,"1727 S 75th E Ave, Tulsa",(918) 622-4488,Mass,8:30 AM,,Mass,english,,
"Tue, Feb 24, 2026",2026-02-24,Tuesday,St. Rose of Lima,"900 N Clarence Nash Blvd, Watonga",(580) 623-7740,Mass,6:00 PM,,Mass,spanish,,
"Tue, Feb 24, 2026",2026-02-24,Tuesday,St. Teresa,"716 W Broadway St, Okemah",(918) 652-3445,Mass,5:30 PM,,Mass,english,St. Teresa,
"Tue, Feb 24, 2026",2026-02-24,Tuesday,St. Teresa of Avila,"1576 Tim Holt Dr, Harrah",(405) 454-2819,Mass,8:30 AM,,Mass,English,,St. Teresa of Avila Catholic Church
"Tue, Feb 24, 2026",2026-02-24,Tuesday,St. Thomas More,"2720 S 129th E Ave, Tulsa",(918) 437-0168,Mass,7:00 PM,,Mass,spanish,St. Thomas More Parish,
"Tue, Feb 24, 2026",2026-02-24,Tuesday,St. Thomas More,"2720 S 129th E Ave, Tulsa",(918) 437-0168,Mass,9:00 AM,,Mass,english,St. Thomas More Parish,
"Tue, Feb 24, 2026",2026-02-24,Tuesday,St. William,"802 W University Blvd, Durant",580-924-1989,Mass,5:30 PM,,Mass,English,"St. William, Durant",
"Tue, Feb 24, 2026",2026-02-24,Tuesday,Sts. Peter and Paul,"309 S Main St, Kingfisher",(405) 375-4616 ,Mass,6:00 PM,,Mass,spanish,,
"Tue, Feb 24, 2026",2026-02-24,Tuesday,Sts. Peter and Paul,"1419 N 67th E Ave, Tulsa",(918) 836-2596,Mass,6:00 PM,,Mass,spanish,,
"Tue, Feb 24, 2026",2026-02-24,Tuesday,Sts. Peter and Paul,"1419 N 67th E Ave, Tulsa",(918) 836-2596,Mass,8:00 AM,,Mass,english,,
"Tue, Feb 24, 2026",2026-02-24,Tuesday,Blessed Stanley Rother Shrine,"700 SE 89th St, Oklahoma City",(405) 421-9800,Confession,11:30 AM,12:00 PM,Confession,English,Blessed Stanley Rother Shrine,
"Tue, Feb 24, 2026",2026-02-24,Tuesday,Church of Saint Benedict,"2200 W Ithica St, Broken Arrow",+1-918-455-4451,Confession,6:00 PM,7:00 PM,Confessions,English,,
"Tue, Feb 24, 2026",2026-02-24,Tuesday,Corpus Christi,"1616 N Kelley Ave, Oklahoma City",(405) 236-4301,Confession,11:40 AM,12:05 PM,Confession,English,Corpus Christi Church,
"Tue, Feb 24, 2026",2026-02-24,Tuesday,Holy Family Cathedral,"820 S Boulder Ave, Tulsa",918-582-6247,Confession,11:35 AM,,Confessions,English,Holy Family Cathedral,
"Tue, Feb 24, 2026",2026-02-24,Tuesday,Holy Family Cathedral,"820 S Boulder Ave, Tulsa",918-582-6247,Confession,6:30 AM,,Confessions,English,Holy Family Cathedral,
"Tue, Feb 24, 2026",2026-02-24,Tuesday,Holy Name,"408 Willow St, Coffeyville",(620) 251-0475,Confession,5:00 PM,5:20 PM,Confessions,English,Holy Name Catholic Church,
"Tue, Feb 24, 2026",2026-02-24,Tuesday,Immaculate Conception,"22 N 13th St, Fort Smith",(479) 783-7963,Confession,5:00 PM,,Confessions,English,Church,note: through screen only
"Tue, Feb 24, 2026",2026-02-24,Tuesday,Immaculate Conception,"1314 Lynn Ave, Pawhuska",(918) 287-1414,Confession,5:30 PM,,Adoration/Confession,English,Pawhuska,adoration
"Tue, Feb 24, 2026",2026-02-24,Tuesday,National Shrine of the Infant Jesus of Prague,"304 Jim Thorpe Blvd, Prague",(405) 567-3080,Confession,4:00 AM,6:00 AM,Confessions,English,National Shrine of the Infant Jesus,after Mass
"Tue, Feb 24, 2026",2026-02-24,Tuesday,National Shrine of the Infant Jesus of Prague,"304 Jim Thorpe Blvd, Prague",(405) 567-3080,Confession,8:30 AM,3:00 PM,Confessions,English,National Shrine of the Infant Jesus,or by appointment
"Tue, Feb 24, 2026",2026-02-24,Tuesday,Our Lady of Victory,"307 W Jefferson St, Purcell",(405) 527-3077,Confession,11:30 AM,,Confession,English,,or After Mass
"Tue, Feb 24, 2026",2026-02-24,Tuesday,Our Lady of Victory,"3300 Clarksville St, Paris",(903) 784-1000,Confession,4:30 PM,5:30 PM,Confession,English,,
"Tue, Feb 24, 2026",2026-02-24,Tuesday,Parish of Christ the King,"1520 S Rockford Ave, Tulsa",+1-918-584-4788,Confession,5:00 PM,5:30 PM,Confession,English,"Mary, Queen of Peace Chapel Confessional",
"Tue, Feb 24, 2026",2026-02-24,Tuesday,Sacred Heart,"301 N Main St, Mooreland",(580) 256-5305,Confession,7:00 PM,7:30 PM,Confession,English,,
"Tue, Feb 24, 2026",2026-02-24,Tuesday,Sacred Heart,"320 S B Street, Arkansas City",(620) 442-0566,Confession,7:30 AM,8:00 AM,Confession,English,Sacred Heart Catholic Church,
"Tue, Feb 24, 2026",2026-02-24,Tuesday,Sacred Heart of Mary,"1301 Frank St, Barling",(479) 452-1795 or (479) 522-4245 (Fr. Tuyen),Confession,6:00 PM,6:20 PM,Confessions,vietnamese,"Sacred Heart of Mary, Barling",
"Tue, Feb 24, 2026",2026-02-24,Tuesday,St Catherine of Alexandria Catholic Church,"4532 S 25th W Ave, Tulsa",(918) 446-8124,Confession,TBD,,Confession,English,,before Mass; as requested
"Tue, Feb 24, 2026",2026-02-24,Tuesday,St Thomas More University Parish and Student Center,"100 Stinson St, Norman",(405) 321-0990,Confession,12:00 PM,1:00 PM,Reconciliation,English,Church Office,
"Tue, Feb 24, 2026",2026-02-24,Tuesday,St. Andrew Dung-Lac,"3115 SW 59th St, Oklahoma City",(405) 681-2665,Confession,5:00 PM,,Confessions,English,3115 S. W. 59th St Oklahoma City,30 phút trước thánh lễ
"Tue, Feb 24, 2026",2026-02-24,Tuesday,St. Ann,"450 S Jefferson St, Welch",(918)788-3771,Confession,6:30 PM,7:00 PM,Confession,English,St. Ann Parish,Welch
"Tue, Feb 24, 2026",2026-02-24,Tuesday,St. Benedict,"2200 W Ithica St, Broken Arrow",(918) 455-4451,Confession,6:00 PM,7:00 PM,Reconciliation,English,,
"Tue, Feb 24, 2026",2026-02-24,Tuesday,St. Francis Xavier,"711 N Country Club Rd, Stillwater",(405) 372-6886,Confession,11:30 AM,12:00 PM,Confession,english,,
"Tue, Feb 24, 2026",2026-02-24,Tuesday,St. Francis of Assisi,"1901 NW 18th St, Oklahoma City",(405) 528-0485,Confession,7:00 AM,7:20 AM,Confession,English,,Before Daily Mass in the presiding priest’s office.
"Tue, Feb 24, 2026",2026-02-24,Tuesday,St. Gregory the Great,"1924 W Willow Rd, Enid",(580) 233-4589,Confession,4:45 PM,,Reconciliation,English,St. Gregory,
"Tue, Feb 24, 2026",2026-02-24,Tuesday,St. John Catholic Student Center (Oklahoma State University),"201 N Knoblock St, Stillwater",(405) 372-6408,Confession,4:30 PM,5:20 PM,Confession,English,,
"Tue, Feb 24, 2026",2026-02-24,Tuesday,St. Joseph,"211 N Porter, Norman",(405) 321-8080,Confession,11:00 AM,,Confession,English,Chapel Confessional,
"Tue, Feb 24, 2026",2026-02-24,Tuesday,St. Joseph,"1300 E Beverly St, Ada",(580) 332-4811,Confession,12:30 PM,,Confessions,English,"St. Joseph, Ada",note: after 12:00 Mass
"Tue, Feb 24, 2026",2026-02-24,Tuesday,St. Joseph Old Cathedral,"307 NW 4th St, Oklahoma City",(405) 235-4565,Confession,10:45 AM,11:45 AM,Reconciliation,English,,
"Tue, Feb 24, 2026",2026-02-24,Tuesday,St. Joseph's Catholic Church,"211 N Porter Ave, Norman",+1-405-321-8080,Confession,11:00 AM,,Confession,English,Chapel Confessional,
"Tue, Feb 24, 2026",2026-02-24,Tuesday,St. Monica,"2001 N Western Ave, Edmond",(405) 359-2700,Confession,4:15 PM,,Confession,English,Confessional,
"Tue, Feb 24, 2026",2026-02-24,Tuesday,St. Peter,"2020 Oklahoma Ave, Woodward",(580) 256-5305,Confession,7:00 PM,7:30 PM,Confession,English,,
"Tue, Feb 24, 2026",2026-02-24,Tuesday,St. Peter the Apostle,"812 Pearl Ave, Joplin",(417) 623-8643,Confession,5:30 PM,6:00 PM,Confessions,English,,
"Tue, Feb 24, 2026",2026-02-24,Tuesday,Assumption of the Blessed Virgin Mary,"711 W Hickory Ave, Duncan",(580) 255-0590,Adoration,TBD,,Adoration,English,Duncan/Marlow,30 minutes before Mass; exposition
"Tue, Feb 24, 2026",2026-02-24,Tuesday,Blessed Stanley Rother Shrine,"700 SE 89th St, Oklahoma City",(405) 421-9800,Adoration,1:00 PM,2:00 PM,Adoration,English,Blessed Stanley Rother Shrine,exposition
"Tue, Feb 24, 2026",2026-02-24,Tuesday,Holy Cross,"1010 S Fifth Ave, Madill",(580) 795-3721,Adoration,8:00 PM,9:00 PM,Adoration,English,,exposition
"Tue, Feb 24, 2026",2026-02-24,Tuesday,Holy Name,"408 Willow St, Coffeyville",(620) 251-0475,Adoration,6:00 PM,7:00 PM,Adoration,English,Church,w/ Vespers; exposition; benediction
"Tue, Feb 24, 2026",2026-02-24,Tuesday,Our Lady of Victory,"307 W Jefferson St, Purcell",(405) 527-3077,Adoration,11:30 AM,,Adoration,English,,
"Tue, Feb 24, 2026",2026-02-24,Tuesday,Our Lady of the Lake,"450 E Cimarron Dr, Mannford",918-245-5840,Adoration,5:00 PM,,Adoration,English,,exposition
"Tue, Feb 24, 2026",2026-02-24,Tuesday,Parish of Christ the King,"1520 S Rockford Ave, Tulsa",+1-918-584-4788,Adoration,9:00 AM,9:00 PM,Adoration,English,"Mary, Queen of Peace Chapel",
"Tue, Feb 24, 2026",2026-02-24,Tuesday,Sacred Heart,"301 N Main St, Mooreland",(580) 256-5305,Adoration,7:00 PM,7:30 PM,Adoration,spanish,,
"Tue, Feb 24, 2026",2026-02-24,Tuesday,Sacred Heart,"1777 E Grayson Ave, Sapulpa",(918) 224-0944,Adoration,9:30 AM,10:30 AM,Exposition of the Blessed Sacrament,English,,
"Tue, Feb 24, 2026",2026-02-24,Tuesday,Saint Patrick Catholic Church,"202 E Ohio Ave, Walters",+1-580-255-0590,Adoration,TBD,,Adoration,English,,30 minutes before Mass
"Tue, Feb 24, 2026",2026-02-24,Tuesday,San Jose,"12th St and Lincoln St, Ryan",(580) 255-0590,Adoration,TBD,,Adoration,English,,30 minutes before Mass; exposition
"Tue, Feb 24, 2026",2026-02-24,Tuesday,St. Anne,"301 S 9th St, Broken Arrow",(918) 251-4000,Adoration,9:00 AM,9:00 PM,Adoration,English,Chapel,exposition
"Tue, Feb 24, 2026",2026-02-24,Tuesday,St. Bernard of Clairvaux,"4001 E 101st St, Tulsa",(918) 299-9406,Adoration,9:00 AM,8:00 PM,Adoration of the Blessed Sacrament,English,Good Shepherd Chapel,exposition; chapel
"Tue, Feb 24, 2026",2026-02-24,Tuesday,St. Brigid,"807 Crafton St, Tahlequah",(918) 456-8388,Adoration,6:00 PM,7:00 PM,Eucharistic Adoration with Prostrations,English,,
"Tue, Feb 24, 2026",2026-02-24,Tuesday,St. Catherine of Siena,"205 W Bert St, Pauls Valley",(405) 238-3741,Adoration,6:00 PM,7:00 PM,Adoration,English,,exposition
"Tue, Feb 24, 2026",2026-02-24,Tuesday,St. Eugene,"2400 W Hefner Rd, Oklahoma City",(405) 751-7115,Adoration,6:00 PM,,Adoration,English,,Wed 17:30; chapel; exposition
"Tue, Feb 24, 2026",2026-02-24,Tuesday,St. Gregory the Great,"1924 W Willow Rd, Enid",(580) 233-4589,Adoration,8:30 AM,3:30 PM,Adoration,English,Adoration Chapel,exposition
"Tue, Feb 24, 2026",2026-02-24,Tuesday,St. Joseph,"211 N Cherokee St, Hennessey",(405) 853-2158,Adoration,5:30 PM,6:30 PM,Adoration,English,"St. Joseph, Hennessey",adoration
"Tue, Feb 24, 2026",2026-02-24,Tuesday,St. Joseph ,"211 N Cherokee St, Hennessey",(405) 853-2158,Adoration,5:30 PM,6:30 PM,Adoration,English,St. Joseph,
"Tue, Feb 24, 2026",2026-02-24,Tuesday,St. Joseph Old Cathedral,"307 NW 4th St, Oklahoma City",(405) 235-4565,Adoration,TBD,,Adoration,English,,during Reconciliation; exposition
"Tue, Feb 24, 2026",2026-02-24,Tuesday,St. Jude Thaddeus,"600 Davey Dr, Burkburnett",(940) 569-1222,Adoration,9:00 AM,3:00 PM,Exposition/Adoration,English,St. Jude Thaddeus,exposition
"Tue, Feb 24, 2026",2026-02-24,Tuesday,St. Mary,"1347 E 49th Pl, Tulsa",(918) 749-1423,Adoration,12:00 AM,11:59 PM,Adoration,English,Chapel,
"Tue, Feb 24, 2026",2026-02-24,Tuesday,St. Patrick,"2121 N Portland Ave, Oklahoma City",(405) 946-4441,Adoration,9:00 AM,7:55 PM,Adoration,English,,tags: exposition
"Tue, Feb 24, 2026",2026-02-24,Tuesday,St. Peter,"2020 Oklahoma Ave, Woodward",(580) 256-5305,Adoration,7:00 PM,7:30 PM,Adoration,English,,
"Tue, Feb 24, 2026",2026-02-24,Tuesday,Our Lady of the Lake,"450 E Cimarron Dr, Mannford",918-245-5840,Devotions,8:00 AM,,Rosary,English,,chapel
"Tue, Feb 24, 2026",2026-02-24,Tuesday,Sacred Heart,"2515 N Main St, Miami",(918) 542-5281,Devotions,6:30 AM,,Morning Prayer,english,Sacred Heart Catholic Church,
"Tue, Feb 24, 2026",2026-02-24,Tuesday,Sacred Heart,"109 W 5th St, Skiatook",(918) 396-1179,Devotions,8:30 AM,,Rosary,English,Sacred Heart Church,
"Tue, Feb 24, 2026",2026-02-24,Tuesday,St. Gregory's Abbey,"1900 W MacArthur St, Shawnee",(405) 878-5491,Devotions,5:00 PM,,Vespers,English,,
"Tue, Feb 24, 2026",2026-02-24,Tuesday,St. Gregory's Abbey,"1900 W MacArthur St, Shawnee",(405) 878-5491,Devotions,7:15 AM,,Lauds,English,,
"Tue, Feb 24, 2026",2026-02-24,Tuesday,St. Gregory's Abbey,"1900 W MacArthur St, Shawnee",(405) 878-5491,Devotions,7:15 PM,,Compline,English,,
"Tue, Feb 24, 2026",2026-02-24,Tuesday,St. James,"5500 Douglas Ln, Bartlesville",(918) 335-0844,Devotions,9:00 AM,10:00 AM,Holy Hour,English,St. James Parish - Bartlesville,
"Tue, Feb 24, 2026",2026-02-24,Tuesday,St. Augustine,"1720 E Apache St, Tulsa",918-607-8681,Education,3:30 PM,6:00 PM,CCD,English,CCD Bldg,
"Tue, Feb 24, 2026",2026-02-24,Tuesday,Holy Cross,"708 SW 15th St, Wagoner",539-209-9988,Other,6:00 PM,,Catholicism 101,English,"Holy Cross Catholic Church, Wagoner, OK",
"Tue, Feb 24, 2026",2026-02-24,Tuesday,Holy Cross,"1010 S Fifth Ave, Madill",(580) 795-3721,Other,7:00 PM,,Catechumenate,English,,
"Tue, Feb 24, 2026",2026-02-24,Tuesday,St. Barbara Catholic Community  (Grieson Chapel),"3280 Crane Ave, Fort Sill",(580) 442-3302,Other,11:45 AM,,Service,English,Grierson Hill Chapel,GHC
"Tue, Feb 24, 2026",2026-02-24,Tuesday,St. Gregory's Abbey,"1900 W MacArthur St, Shawnee",(405) 878-5491,Other,12:00 PM,,Sext,English,,
"Tue, Feb 24, 2026",2026-02-24,Tuesday,St. Gregory's Abbey,"1900 W MacArthur St, Shawnee",(405) 878-5491,Other,12:50 PM,,None,English,,
"Tue, Feb 24, 2026",2026-02-24,Tuesday,St. Gregory's Abbey,"1900 W MacArthur St, Shawnee",(405) 878-5491,Other,8:15 AM,,Eucharist,English,,
"Tue, Feb 24, 2026",2026-02-24,Tuesday,St. Joseph [Thánh Giuse],"14905 E 21st St S, Tulsa",(918) 438-1380,Other,5:30 PM,,Prayer,English,,
"Tue, Feb 24, 2026",2026-02-24,Tuesday,St. Patrick,"314 N Rusk Ave, Denison",(903) 463-3275,Other,7:00 PM,9:00 PM,Order of Christian Initiation for Adults Class,English,,OCIA
"Tue, Feb 24, 2026",2026-02-24,Tuesday,St. Peter,"2020 Oklahoma Ave, Woodward",(580) 256-5305,Other,6:00 PM,,Rosario,spanish,St. Peter in Woodward,
"Tue, Feb 24, 2026",2026-02-24,Tuesday,St. Scholastica Monastery,"1315 S Albert Pike Ave, Fort Smith",(479) 783-4147,Other,11:50 AM,,Noon Praise,English,St. Scholastica Monastery,
"Tue, Feb 24, 2026",2026-02-24,Tuesday,St. Scholastica Monastery,"1315 S Albert Pike Ave, Fort Smith",(479) 783-4147,Other,5:00 PM,,Evening Praise,English,St. Scholastica Monastery,
"Tue, Feb 24, 2026",2026-02-24,Tuesday,St. Scholastica Monastery,"1315 S Albert Pike Ave, Fort Smith",(479) 783-4147,Other,7:00 AM,,Morning Praise,English,St. Scholastica Monastery,
"Tue, Feb 24, 2026",2026-02-24,Tuesday,St. Scholastica Monastery,"1315 S Albert Pike Ave, Fort Smith",(479) 783-4147,Other,7:30 AM,,Eucharist,English,St. Scholastica Monastery,
"Tue, Feb 24, 2026",2026-02-24,Tuesday,St. Therese of the Child Jesus (Maronite),"8315 S 107th E Ave, Tulsa",(918) 872-7400,Other,5:30 PM,,,English,,
"Tue, Feb 24, 2026",2026-02-24,Tuesday,St. Patrick,"314 N Rusk Ave, Denison",(903) 463-3275,Sacraments,12:00 PM,,Communion Service,English,,
"Wed, Feb 25, 2026",2026-02-25,Wednesday,Blessed Sacrament,"520 N St, Thomas",15807723209,Mass,12:10 PM,,Mass,english,St. Eugene,
"Wed, Feb 25, 2026",2026-02-25,Wednesday,Blessed Sacrament,"12 SW 7th St, Lawton",(580) 355-2054,Mass,7:30 AM,,Daily Mass,English,,
"Wed, Feb 25, 2026",2026-02-25,Wednesday,Blessed Stanley Rother Shrine,"700 SE 89th St, Oklahoma City",(405) 421-9800,Mass,12:15 PM,,Mass,english,Blessed Stanley Rother Shrine,
"Wed, Feb 25, 2026",2026-02-25,Wednesday,Cathedral of Our Lady of Perpetual Help,"3214 N Lake Ave, Oklahoma City",(405) 525-2349,Mass,7:00 AM,,Mass,English,,
"Wed, Feb 25, 2026",2026-02-25,Wednesday,Chapel of St. Joseph,"7th and Seminole, Wewoka",(405) 382-3602,Mass,12:10 PM,,Mass,english,,
"Wed, Feb 25, 2026",2026-02-25,Wednesday,Christ the King,"2112 S Greenwood Ave, Fort Smith",(479) 783-7745,Mass,5:15 PM,,Mass,English,Chapel,
"Wed, Feb 25, 2026",2026-02-25,Wednesday,Christ the King,"8005 Dorset Dr, Oklahoma City",(405) 842-1481,Mass,7:00 AM,,Mass,english,,
"Wed, Feb 25, 2026",2026-02-25,Wednesday,Church of Saint Benedict,"2200 W Ithica St, Broken Arrow",+1-918-455-4451,Mass,8:30 AM,,Mass,English,,
"Wed, Feb 25, 2026",2026-02-25,Wednesday,Epiphany of the Lord,"7336 W Britton Rd, Oklahoma City",(405) 722-2110,Mass,8:00 AM,,Mass,English,,exception: No daily Mass on Holy Days of Obligation
"Wed, Feb 25, 2026",2026-02-25,Wednesday,Holy Cross,"1010 S Fifth Ave, Madill",(580) 795-3721,Mass,12:00 PM,,Mass,english,,
"Wed, Feb 25, 2026",2026-02-25,Wednesday,Holy Cross,"708 SW 15th St, Wagoner",539-209-9988,Mass,5:30 PM,,Mass,English,"Holy Cross Catholic Church, Wagoner, OK",
"Wed, Feb 25, 2026",2026-02-25,Wednesday,Holy Cross,"1010 S Fifth Ave, Madill",(580) 795-3721,Mass,7:00 PM,,Mass,spanish,,
"Wed, Feb 25, 2026",2026-02-25,Wednesday,Holy Family,"1010 NW 82nd St, Lawton",(580) 536-6351,Mass,12:00 PM,,Mass,English,Church,
"Wed, Feb 25, 2026",2026-02-25,Wednesday,Holy Family Cathedral,"820 S Boulder Ave, Tulsa",918-582-6247,Mass,12:05 PM,,Mass,English,Holy Family Cathedral,
"Wed, Feb 25, 2026",2026-02-25,Wednesday,Holy Family Cathedral,"820 S Boulder Ave, Tulsa",918-582-6247,Mass,7:00 AM,,Mass,English,Holy Family Cathedral,
"Wed, Feb 25, 2026",2026-02-25,Wednesday,Holy Ghost,"120 W Sequoyah Ave, Vinita",(918) 256-2281,Mass,6:00 PM,,Mass,English,Holy Ghost Catholic Church,note: Check the calendar page under Calendar & Parish News for variations from our regular schedule.
"Wed, Feb 25, 2026",2026-02-25,Wednesday,Holy Name,"408 Willow St, Coffeyville",(620) 251-0475,Mass,8:15 AM,,Mass,English,Holy Name Catholic Church,
"Wed, Feb 25, 2026",2026-02-25,Wednesday,Holy Name of Jesus,"210 S 7th St, Chickasha",(405) 224-6068,Mass,12:00 PM,,Mass,english,,
"Wed, Feb 25, 2026",2026-02-25,Wednesday,Holy Rosary,"912 Cherokee Ave, Hartshorne",(918) 308-3312,Mass,9:00 AM,,Mass,english,Holy Rosary Parish,Hartshorne
"Wed, Feb 25, 2026",2026-02-25,Wednesday,Holy Spirit,"1100 N Sara Rd, Mustang",(405) 376-9435,Mass,6:00 PM,,Mass,english,Holy Spirit Catholic Church,
"Wed, Feb 25, 2026",2026-02-25,Wednesday,Holy Trinity,"211 W Missouri Ave, Okarche",(405) 263-7930,Mass,8:00 AM,,Mass,English,,no School
"Wed, Feb 25, 2026",2026-02-25,Wednesday,Holy Trinity,"211 W Missouri Ave, Okarche",(405) 263-7930,Mass,8:30 AM,,Mass,English,,during School
"Wed, Feb 25, 2026",2026-02-25,Wednesday,Immaculate Conception,"1314 Lynn Ave, Pawhuska",(918) 287-1414,Mass,6:15 PM,,Mass,English,Pawhuska,
"Wed, Feb 25, 2026",2026-02-25,Wednesday,Immaculate Conception,"22 N 13th St, Fort Smith",(479) 783-7963,Mass,7:00 AM,,Mass,english,,
"Wed, Feb 25, 2026",2026-02-25,Wednesday,Immaculate Conception,"502 N Bagwell St, Poteau",(918) 647-3475,Mass,8:30 AM,,Mass,English,Immaculate Conception Church,
"Wed, Feb 25, 2026",2026-02-25,Wednesday,Immaculate Conception Church,"4th & Comanche St, Marlow",(580) 255-0590,Mass,6:00 PM,,Mass,english,Marlow,
"Wed, Feb 25, 2026",2026-02-25,Wednesday,Immaculate Heart of Mary,"239 N Freehome Ave, Calumet",(405) 263-7930,Mass,8:00 AM,,Mass,English,,no School
"Wed, Feb 25, 2026",2026-02-25,Wednesday,Immaculate Heart of Mary,"239 N Freehome Ave, Calumet",(405) 263-7930,Mass,8:30 AM,,Mass,English,,during School
"Wed, Feb 25, 2026",2026-02-25,Wednesday,Korean Martyrs,"2600 SW 74th St, Oklahoma City",(405) 681-6464,Mass,7:30 AM,,Mass,english,Korean Martyrs Church,
"Wed, Feb 25, 2026",2026-02-25,Wednesday,Little Flower Church (Our Lady of Mount Carmel and St. Thérèse of Lisieux),"1125 S Walker Ave, Oklahoma City",(405) 235-2037,Mass,6:30 PM,,Mass,spanish,Church,
"Wed, Feb 25, 2026",2026-02-25,Wednesday,Most Precious Blood,"3029 S 57th W Ave, Tulsa",918-615-8404,Mass,6:00 PM,,Holy Mass,English,,
"Wed, Feb 25, 2026",2026-02-25,Wednesday,Mother of God,"1105 4th St, Oswego",(620) 795-2262,Mass,8:00 AM,,Mass,English,Oswego - Mary Mother of God,
"Wed, Feb 25, 2026",2026-02-25,Wednesday,National Shrine of the Infant Jesus of Prague,"304 Jim Thorpe Blvd, Prague",(405) 567-3080,Mass,9:00 AM,,Mass,bilingual,National Shrine of the Infant Jesus,
"Wed, Feb 25, 2026",2026-02-25,Wednesday,Our Lady of Clear Creek Abbey,"5804 W Monastery Rd, Hulbert",(918) 772-2454,Mass,6:50 AM,,Low Mass,English,,
"Wed, Feb 25, 2026",2026-02-25,Wednesday,Our Lady of Guadalupe,"400 W 9th St, Dewey",(918) 534-3420,Mass,12:00 PM,,Mass,English,"400 W. 9th St. Dewey, OK 74029",
"Wed, Feb 25, 2026",2026-02-25,Wednesday,Our Lady of Guadalupe,"523 E Chestnut St, Hollis",(580) 688-2233,Mass,6:00 PM,7:00 PM,Mass,english,Our Lady of Guadalupe Church,
"Wed, Feb 25, 2026",2026-02-25,Wednesday,Our Lady of Victory,"3300 Clarksville St, Paris",(903) 784-1000,Mass,12:10 PM,,Mass,english,,
"Wed, Feb 25, 2026",2026-02-25,Wednesday,Our Lady of Victory,"307 W Jefferson St, Purcell",(405) 527-3077,Mass,6:30 PM,,Mass,spanish,,
"Wed, Feb 25, 2026",2026-02-25,Wednesday,Our Lady of the Lake,"450 E Cimarron Dr, Mannford",918-245-5840,Mass,6:00 PM,,Mass,English,,
"Wed, Feb 25, 2026",2026-02-25,Wednesday,Our Mother of Mercy,"1325 Main St, Waynoka",(580) 327-0339,Mass,12:15 PM,,Mass,English,Chapel Parish Hall,check bulletin for occasional cancellations
"Wed, Feb 25, 2026",2026-02-25,Wednesday,Resurrection,"4804 S Fulton Ave, Tulsa",(918) 663-1907,Mass,7:00 PM,,Mass,spanish,,
"Wed, Feb 25, 2026",2026-02-25,Wednesday,ST MARK CATHOLIC CHURCH,"1507 S Vann St, Pryor",+1-918-825-4186,Mass,8:15 AM,,Mass,English,,
"Wed, Feb 25, 2026",2026-02-25,Wednesday,Sacred Heart,"627 12th St, Alva",(580) 327-0339,Mass,12:15 PM,,Mass,English,"Chapel Parish Hall, Alva",check bulletin for occasional cancellations
"Wed, Feb 25, 2026",2026-02-25,Wednesday,Sacred Heart,"333 S 8th St, Fairfax",(918) 642-5053,Mass,5:30 PM,,Mass,english,Sacred Heart Parish,Fairfax
"Wed, Feb 25, 2026",2026-02-25,Wednesday,Sacred Heart,"102 Center Point Rd, Wilburton",(918) 465-7675,Mass,5:30 PM,,Mass,english,Sacred Heart Parish,Wilburton
"Wed, Feb 25, 2026",2026-02-25,Wednesday,Sacred Heart,"714 N Main St, Muenster",(940) 759-2500,Mass,6:00 PM,,Mass,english,,
"Wed, Feb 25, 2026",2026-02-25,Wednesday,Sacred Heart,"2706 S Shartel Ave, Oklahoma City",(405) 634-2458,Mass,6:30 PM,,Mass,spanish,,
"Wed, Feb 25, 2026",2026-02-25,Wednesday,Sacred Heart,"2706 S Shartel Ave, Oklahoma City",(405) 634-2458,Mass,7:00 AM,,Mass,english,,
"Wed, Feb 25, 2026",2026-02-25,Wednesday,Sacred Heart,"320 S B Street, Arkansas City",(620) 442-0566,Mass,8:00 AM,,Mass,english,Sacred Heart Catholic Church,
"Wed, Feb 25, 2026",2026-02-25,Wednesday,Sacred Heart,"1777 E Grayson Ave, Sapulpa",(918) 224-0944,Mass,9:00 AM,,Mass,english,,
"Wed, Feb 25, 2026",2026-02-25,Wednesday,Sacred Heart,"109 W 5th St, Skiatook",(918) 396-1179,Mass,9:00 AM,,Mass,English,Sacred Heart Church,
"Wed, Feb 25, 2026",2026-02-25,Wednesday,Sacred Heart Catholic Church,"102 Center Point Rd, Wilburton",+1-918-465-3996,Mass,5:30 PM,,Mass,english,Sacred Heart Parish,Wilburton
"Wed, Feb 25, 2026",2026-02-25,Wednesday,Sacred Heart of Mary,"1301 Frank St, Barling",(479) 452-1795 or (479) 522-4245 (Fr. Tuyen),Mass,5:30 PM,,Mass,vietnamese,"Sacred Heart of Mary, Barling",
"Wed, Feb 25, 2026",2026-02-25,Wednesday,St Catherine of Alexandria Catholic Church,"4532 S 25th W Ave, Tulsa",(918) 446-8124,Mass,8:00 AM,,Mass,English,,during school
"Wed, Feb 25, 2026",2026-02-25,Wednesday,St Elizabeth Catholic Church,"1653 113th St NW, Grove",+1-918-786-9312,Mass,5:30 PM,,Mass,English,St. Elizabeth Catholic Church,
"Wed, Feb 25, 2026",2026-02-25,Wednesday,St Joseph Catholic Church,"321 N Virginia St, Muskogee",+1-918-687-1351,Mass,7:00 PM,,Mass,spanish,St. Joseph Catholic Church,
"Wed, Feb 25, 2026",2026-02-25,Wednesday,St Joseph Catholic Church,"321 N Virginia St, Muskogee",+1-918-687-1351,Mass,8:15 AM,,Mass,english,St. Joseph Catholic Church,
"Wed, Feb 25, 2026",2026-02-25,Wednesday,St Thomas More University Parish and Student Center,"100 Stinson St, Norman",(405) 321-0990,Mass,8:00 PM,,Emmaus College Late Night Candle Lit Mass,English,,during the school year
"Wed, Feb 25, 2026",2026-02-25,Wednesday,St. Agnes,"501 E Main St, Antlers",580.298.5204 (Parish Center),Mass,9:00 AM,,Mass,English,Saint Agnes Catholic Church,
"Wed, Feb 25, 2026",2026-02-25,Wednesday,St. Andrew,"800 NW 5th St, Moore",(405) 799-3334,Mass,5:30 PM,,Mass,English,St. Andrew the Apostle Catholic Church,Check Bulletin for Possible Changes in Mass Times
"Wed, Feb 25, 2026",2026-02-25,Wednesday,St. Andrew Dung-Lac,"3115 SW 59th St, Oklahoma City",(405) 681-2665,Mass,5:30 PM,,Mass,vietnamese,3115 S. W. 59th St Oklahoma City,
"Wed, Feb 25, 2026",2026-02-25,Wednesday,St. Ann,"8492 State Hwy 17, Elgin",(580) 492-5914,Mass,9:15 AM,,Mass,English,St. Ann,
"Wed, Feb 25, 2026",2026-02-25,Wednesday,St. Anne,"301 S 9th St, Broken Arrow",(918) 251-4000,Mass,5:30 AM,,Mass,English,,
"Wed, Feb 25, 2026",2026-02-25,Wednesday,St. Anthony,"515 S Morton Ave, Okmulgee",(918) 756-4385,Mass,7:30 AM,,Mass,English,St. Anthony,
"Wed, Feb 25, 2026",2026-02-25,Wednesday,St. Anthony of Padua,"1510 N Calhoun Ave , Liberal",(620) 624-4135,Mass,6:00 PM,,Mass,spanish,,
"Wed, Feb 25, 2026",2026-02-25,Wednesday,St. Anthony of Padua,"1510 N Calhoun Ave , Liberal",(620) 624-4135,Mass,7:15 AM,,Mass,english,,
"Wed, Feb 25, 2026",2026-02-25,Wednesday,St. Barbara Catholic Community  (Grieson Chapel),"3280 Crane Ave, Fort Sill",(580) 442-3302,Mass,11:45 AM,,Roman Catholic Mass,English,"Sheridan Hall, BLDG 652 Hamilton Road, 2nd Floor",
"Wed, Feb 25, 2026",2026-02-25,Wednesday,St. Benedict,"632 N Kickapoo Ave, Shawnee",(405) 275-0001,Mass,12:10 PM,,Mass,english,,
"Wed, Feb 25, 2026",2026-02-25,Wednesday,St. Benedict,"2200 W Ithica St, Broken Arrow",(918) 455-4451,Mass,8:30 AM,,Mass,English,,
"Wed, Feb 25, 2026",2026-02-25,Wednesday,St. Bernard of Clairvaux,"4001 E 101st St, Tulsa",(918) 299-9406,Mass,6:00 PM,,Mass,English,main church,
"Wed, Feb 25, 2026",2026-02-25,Wednesday,St. Bernard of Clairvaux,"4001 E 101st St, Tulsa",(918) 299-9406,Mass,8:30 AM,,Mass,English,main church,
"Wed, Feb 25, 2026",2026-02-25,Wednesday,St. Boniface,"204 N 18th St, Fort Smith",(479) 783-6711,Mass,6:00 PM,,Mass,spanish,St. Boniface,
"Wed, Feb 25, 2026",2026-02-25,Wednesday,St. Brigid,"807 Crafton St, Tahlequah",(918) 456-8388,Mass,5:30 PM,,Mass,english,,
"Wed, Feb 25, 2026",2026-02-25,Wednesday,St. Brigid,"807 Crafton St, Tahlequah",(918) 456-8388,Mass,7:00 PM,,Mass,spanish,,
"Wed, Feb 25, 2026",2026-02-25,Wednesday,St. Catherine of Siena,"205 W Bert St, Pauls Valley",(405) 238-3741,Mass,7:00 PM,,Mass,spanish,,
"Wed, Feb 25, 2026",2026-02-25,Wednesday,St. Cecilia,"1304 N Dorothy Ave, Claremore",(918) 341-2343,Mass,8:15 AM,,Mass,English,,Weekday Mass
"Wed, Feb 25, 2026",2026-02-25,Wednesday,St. Charles Borromeo,"5024 N Grove, Warr Acres",(405) 789-2595,Mass,6:30 PM,,Mass,spanish,,
"Wed, Feb 25, 2026",2026-02-25,Wednesday,St. Clement,"15501 S Memorial Dr, Bixby",(918) 366-3166,Mass,8:30 AM,,Mass,English,St. Clement Catholic Church,
"Wed, Feb 25, 2026",2026-02-25,Wednesday,St. Damien of Molokai,"8455 NW 234th St, Edmond",(405) 330-9968,Mass,6:00 AM,,Low Mass,English,,note: cancelled if only one priest available
"Wed, Feb 25, 2026",2026-02-25,Wednesday,St. Damien of Molokai,"8455 NW 234th St, Edmond",(405) 330-9968,Mass,8:00 AM,,Low Mass,English,,
"Wed, Feb 25, 2026",2026-02-25,Wednesday,St. Elizabeth,"1653 113th St NW, Grove",(918) 786-9312,Mass,5:30 PM,,Mass,English,St. Elizabeth Catholic Church,
"Wed, Feb 25, 2026",2026-02-25,Wednesday,St. Eugene,"704 N Bryan St, Weatherford",(580) 772-3209,Mass,12:10 PM,,Mass,english,St. Eugene,
"Wed, Feb 25, 2026",2026-02-25,Wednesday,St. Eugene,"2400 W Hefner Rd, Oklahoma City",(405) 751-7115,Mass,5:30 PM,,Mass,english,Church,
"Wed, Feb 25, 2026",2026-02-25,Wednesday,St. Francis Hospital Chapel,"6161 S Yale Ave, Tulsa",,Mass,7:15 AM,,Mass,English,Saint Francis Hospital Chapel,livestream; note: Televised in patient rooms on Channel 15
"Wed, Feb 25, 2026",2026-02-25,Wednesday,St. Francis Xavier,"2434 E Admiral Blvd, Tulsa",(918) 592-6770,Mass,12:00 PM,12:30 PM,Mass,English,the Chancery,
"Wed, Feb 25, 2026",2026-02-25,Wednesday,St. Francis Xavier,"711 N Country Club Rd, Stillwater",(405) 372-6886,Mass,12:10 PM,,Mass,english,,
"Wed, Feb 25, 2026",2026-02-25,Wednesday,St. Francis Xavier,"2110 N Dogwood St, Sallisaw",(918) 775-6217,Mass,5:00 PM,,Mass,English,"St. Francis Xavier, Sallisaw",
"Wed, Feb 25, 2026",2026-02-25,Wednesday,St. Francis Xavier,"110 N Madison St, Enid",(580) 237-0812,Mass,6:00 PM,,Mass,English,St. Francis Xavier,
"Wed, Feb 25, 2026",2026-02-25,Wednesday,St. Francis Xavier,"711 N Country Club Rd, Stillwater",(405) 372-6886,Mass,6:00 PM,,Mass,spanish,,
"Wed, Feb 25, 2026",2026-02-25,Wednesday,St. Francis de Sales,"13 S.E Jefferson St, Idabel",(580) 286-3275,Mass,7:00 PM,,Mass,spanish,,
"Wed, Feb 25, 2026",2026-02-25,Wednesday,St. Francis de Sales,"13 S.E Jefferson St, Idabel",(580) 286-3275,Mass,8:30 AM,,Mass,english,,
"Wed, Feb 25, 2026",2026-02-25,Wednesday,St. Gregory the Great,"1924 W Willow Rd, Enid",(580) 233-4589,Mass,9:00 AM,,Mass,English,,note: No Wednesday Mass during Summer
"Wed, Feb 25, 2026",2026-02-25,Wednesday,St. Gregory's Abbey,"1900 W MacArthur St, Shawnee",(405) 878-5491,Mass,5:30 AM,,Vigils,English,,
"Wed, Feb 25, 2026",2026-02-25,Wednesday,St. Henry,"8500 N Owasso Expressway, Owasso",(918) 272-3710,Mass,8:45 AM,,Mass,english,,
"Wed, Feb 25, 2026",2026-02-25,Wednesday,St. James the Greater,"4201 S McKinley Ave, Oklahoma City",(405) 636-6800,Mass,8:30 AM,,Mass,English,,
"Wed, Feb 25, 2026",2026-02-25,Wednesday,St. John,"300 E Washington Ave, Mcalester",(918) 423-0810,Mass,12:00 PM,,Mass,English,Church,
"Wed, Feb 25, 2026",2026-02-25,Wednesday,St. John Before the Latin Gate Catholic Church,"715 S Johnstone Ave, Bartlesville",(918) 336-4353,Mass,5:15 PM,,Mass,English,St. John,
"Wed, Feb 25, 2026",2026-02-25,Wednesday,St. John Catholic Student Center (Oklahoma State University),"201 N Knoblock St, Stillwater",(405) 372-6408,Mass,9:09 PM,,Mass,English,,Candlelight Mass
"Wed, Feb 25, 2026",2026-02-25,Wednesday,St. John Nepomuk,"600 S Garth Brooks Blvd, Yukon",(405) 354-2743,Mass,5:30 PM,,Mass,English,,check the bulletin and website calendar for current Mass times
"Wed, Feb 25, 2026",2026-02-25,Wednesday,St. John the Baptist,"900 S Littler Ave, Edmond",(405) 340-0691,Mass,11:30 AM,,Mass,English,St. John the Baptist Catholic Church,
"Wed, Feb 25, 2026",2026-02-25,Wednesday,St. John the Baptist,"900 S Littler Ave, Edmond",(405) 340-0691,Mass,7:30 AM,,Mass,English,St. John the Baptist Catholic Church,
"Wed, Feb 25, 2026",2026-02-25,Wednesday,St. John the Evangelist,"32136 Hwy 82, Cookson",(918) 775-6217,Mass,12:00 PM,,Mass,english,St. John the Evangelist Parish,Cookson
"Wed, Feb 25, 2026",2026-02-25,Wednesday,St. Joseph,"1300 E Beverly St, Ada",(580) 332-4811,Mass,12:00 PM,,Mass,english,"St. Joseph, Ada",
"Wed, Feb 25, 2026",2026-02-25,Wednesday,St. Joseph,"211 N Porter, Norman",(405) 321-8080,Mass,12:05 PM,,Mass,english,Chapel,
"Wed, Feb 25, 2026",2026-02-25,Wednesday,St. Joseph,"302 N Elm St, Bristow",(918) 446-8124,Mass,6:00 PM,,Mass,english,St. Joseph Parish,Bristow
"Wed, Feb 25, 2026",2026-02-25,Wednesday,St. Joseph,"321 N Virginia St, Muskogee",(918) 687-1351,Mass,7:00 PM,,Mass,spanish,St. Joseph Catholic Church,
"Wed, Feb 25, 2026",2026-02-25,Wednesday,St. Joseph,"321 N Virginia St, Muskogee",(918) 687-1351,Mass,8:15 AM,,Mass,english,St. Joseph Catholic Church,
"Wed, Feb 25, 2026",2026-02-25,Wednesday,St. Joseph,"320 W N Ave, Tonkawa",(580) 628-2416,Mass,8:15 AM,,Mass,English,St. Joseph’s Catholic Church of Tonkawa,
"Wed, Feb 25, 2026",2026-02-25,Wednesday,St. Joseph Old Cathedral,"307 NW 4th St, Oklahoma City",(405) 235-4565,Mass,12:00 PM,,Mass,English,,
"Wed, Feb 25, 2026",2026-02-25,Wednesday,St. Joseph [Thánh Giuse],"14905 E 21st St S, Tulsa",(918) 438-1380,Mass,6:00 PM,,Mass,English,,
"Wed, Feb 25, 2026",2026-02-25,Wednesday,St. Joseph's Catholic Church,"211 N Porter Ave, Norman",+1-405-321-8080,Mass,12:05 PM,,Mass,english,Chapel,
"Wed, Feb 25, 2026",2026-02-25,Wednesday,St. Jude Thaddeus,"600 Davey Dr, Burkburnett",(940) 569-1222,Mass,8:00 AM,,Mass,english,St. Jude Thaddeus,Burkburnett
"Wed, Feb 25, 2026",2026-02-25,Wednesday,St. Mark,"1507 S Vann St, Pryor",(918) 825-4186,Mass,8:15 AM,,Mass,English,St. Mark Catholic Church,
"Wed, Feb 25, 2026",2026-02-25,Wednesday,St. Mark the Evangelist,"3939 W Tecumseh Rd, Norman",(405) 366-7676,Mass,5:30 PM,,Mass,English,,
"Wed, Feb 25, 2026",2026-02-25,Wednesday,St. Mary,"101 E Street SW, Ardmore",(580) 223-0231,Mass,12:00 PM,,Mass,english,,
"Wed, Feb 25, 2026",2026-02-25,Wednesday,St. Mary,"707 E Ponca Ave, Ponca City",(580) 765-7794,Mass,12:10 PM,,Mass,english,Chapel,during summer months
"Wed, Feb 25, 2026",2026-02-25,Wednesday,St. Mary,"825 N Weaver St, Gainesville",(940) 665-5395,Mass,5:30 PM,,Mass,english,,
"Wed, Feb 25, 2026",2026-02-25,Wednesday,St. Mary,"1347 E 49th Pl, Tulsa",(918) 749-1423,Mass,6:30 AM,,Mass,English,Church of Saint Mary,
"Wed, Feb 25, 2026",2026-02-25,Wednesday,St. Mary,"1218 Knox Ave, Clinton",(580) 323-0345,Mass,6:30 PM,,Mass,spanish,"St. Mary's Clinton, Ok",
"Wed, Feb 25, 2026",2026-02-25,Wednesday,St. Mary,"1230 E 7th St, Joplin",14176233333,Mass,8:30 AM,,Mass,English,St. Mary’s Catholic Church,
"Wed, Feb 25, 2026",2026-02-25,Wednesday,St. Mary,"1347 E 49th Pl, Tulsa",(918) 749-1423,Mass,9:00 AM,,Mass,English,Church of Saint Mary,
"Wed, Feb 25, 2026",2026-02-25,Wednesday,St. Mary ,"3035 S Central City Rd, Joplin",(417) 623-3333,Mass,8:30 AM,,Mass,English,,
"Wed, Feb 25, 2026",2026-02-25,Wednesday,St. Michael,"1025 E Pointer Trail , Van Buren",(479) 471-1211,Mass,6:00 PM,,Mass,English,,
"Wed, Feb 25, 2026",2026-02-25,Wednesday,St. Michael,"1004 W Gentry St, Henryetta",(918) 652-3445,Mass,9:00 AM,,Mass,english,St. Michael,
"Wed, Feb 25, 2026",2026-02-25,Wednesday,St. Michael and All Angels ,"101 E Texas St, Denison",(903) 821-7511,Mass,6:30 PM,,Mass,English,"101 East Texas St, Denison TX",
"Wed, Feb 25, 2026",2026-02-25,Wednesday,St. Monica,"2001 N Western Ave, Edmond",(405) 359-2700,Mass,5:30 PM,,Mass,English,Church,
"Wed, Feb 25, 2026",2026-02-25,Wednesday,St. Monica,"2001 N Western Ave, Edmond",(405) 359-2700,Mass,5:30 PM,,Mass,English,Chapel,
"Wed, Feb 25, 2026",2026-02-25,Wednesday,St. Monica,"633 E Marshall Pl, Tulsa",(918) 607-8681,Mass,9:00 AM,,Mass,English,Church,
"Wed, Feb 25, 2026",2026-02-25,Wednesday,St. Patrick,"314 N Rusk Ave, Denison",(903) 463-3275,Mass,12:00 PM,,Mass,english,,
"Wed, Feb 25, 2026",2026-02-25,Wednesday,St. Patrick,"307 Galena Ave, Galena",(620) 429-2639,Mass,8:00 AM,,Mass,English,Galena - St. Patrick,
"Wed, Feb 25, 2026",2026-02-25,Wednesday,St. Patrick,"2121 N Portland Ave, Oklahoma City",(405) 946-4441,Mass,8:15 AM,,Mass,english,,
"Wed, Feb 25, 2026",2026-02-25,Wednesday,St. Patrick,"1101 W Petree Rd, Anadarko",(405) 247-5255,Mass,8:30 AM,,Mass,English,St. Patrick,
"Wed, Feb 25, 2026",2026-02-25,Wednesday,St. Patrick,"204 E 4th St, Sand Springs",(918) 245-5840,Mass,8:30 AM,,Mass,english,St. Patrick,
"Wed, Feb 25, 2026",2026-02-25,Wednesday,St. Paul,"502 S 6th St, Eufaula",(918) 689-7345,Mass,9:00 AM,,Mass,english,St. Paul,
"Wed, Feb 25, 2026",2026-02-25,Wednesday,St. Paul the Apostle,"3901 S Sunnylane Rd, Del City",(405) 677-4873,Mass,9:00 AM,,Mass,English,,
"Wed, Feb 25, 2026",2026-02-25,Wednesday,St. Peter,"E 2 and Quapaw, Lindsay",(405) 527-3077,Mass,12:00 PM,,Mass,english,,
"Wed, Feb 25, 2026",2026-02-25,Wednesday,St. Peter,"2020 Oklahoma Ave, Woodward",(580) 256-5305,Mass,5:30 PM,,Mass,bilingual,St. Peter in Woodward,
"Wed, Feb 25, 2026",2026-02-25,Wednesday,St. Peter,"424 W Main St, Lindsay",(940) 668-7609,Mass,5:45 PM,,Mass,english,St. Peter's,
"Wed, Feb 25, 2026",2026-02-25,Wednesday,St. Peter Catholic Church,"East 2 and Quapaw, Lindsay",+1-405-527-3077,Mass,5:45 PM,,Mass,english,St. Peter's,
"Wed, Feb 25, 2026",2026-02-25,Wednesday,St. Peter the Apostle,"812 Pearl Ave, Joplin",(417) 623-8643,Mass,8:30 AM,,Mass,English,,
"Wed, Feb 25, 2026",2026-02-25,Wednesday,St. Philip Neri,"1107 Felix Pl, Midwest City",(405) 737-4476,Mass,5:30 PM,,Mass,English,,check the calendar for this week's masses
"Wed, Feb 25, 2026",2026-02-25,Wednesday,St. Philip Neri Newman Center,"440 S Florence Ave, Tulsa",19185990204,Mass,9:00 PM,,Mass,English,,during the academic year
"Wed, Feb 25, 2026",2026-02-25,Wednesday,St. Philip Neri Newman Center,"440 S Florence Ave, Tulsa",(918) 599-0204,Mass,9:00 PM,,Mass,English,,during the academic year
"Wed, Feb 25, 2026",2026-02-25,Wednesday,St. Pius X,"1727 S 75th E Ave, Tulsa",(918) 622-4488,Mass,6:00 PM,,Mass,english,,
"Wed, Feb 25, 2026",2026-02-25,Wednesday,St. Pius X,"1727 S 75th E Ave, Tulsa",(918) 622-4488,Mass,8:30 AM,,Mass,english,,note: All School Mass
"Wed, Feb 25, 2026",2026-02-25,Wednesday,St. Robert Bellarmine,"121 NW 1st St, Jones",(405) 399-1727,Mass,12:00 PM,,Mass,english,,
"Wed, Feb 25, 2026",2026-02-25,Wednesday,St. Rose of Lima,"900 N Clarence Nash Blvd, Watonga",(580) 623-7740,Mass,8:00 AM,,Mass,english,,
"Wed, Feb 25, 2026",2026-02-25,Wednesday,St. Therese,"1007 N 19th St, Collinsville",(918) 371-2704,Mass,6:00 PM,,Mass,english,,
"Wed, Feb 25, 2026",2026-02-25,Wednesday,St. William,"802 W University Blvd, Durant",580-924-1989,Mass,5:00 PM,,Mass,spanish,"St. William, Durant",
"Wed, Feb 25, 2026",2026-02-25,Wednesday,St. William,"802 W University Blvd, Durant",580-924-1989,Mass,9:00 AM,,Mass,English,"St. William, Durant",
"Wed, Feb 25, 2026",2026-02-25,Wednesday,Sts. Peter and Paul,"405 E Oak, Cushing",(918) 225-0644,Mass,12:00 PM,,Mass,english,Sts. Peter and Paul Parish,Cushing
"Wed, Feb 25, 2026",2026-02-25,Wednesday,Sts. Peter and Paul,"1419 N 67th E Ave, Tulsa",(918) 836-2596,Mass,6:00 PM,,Mass,spanish,,
"Wed, Feb 25, 2026",2026-02-25,Wednesday,Sts. Peter and Paul,"309 S Main St, Kingfisher",(405) 375-4616 ,Mass,8:00 AM,,Mass,english,,
"Wed, Feb 25, 2026",2026-02-25,Wednesday,Sts. Peter and Paul,"1419 N 67th E Ave, Tulsa",(918) 836-2596,Mass,8:00 AM,,Mass,english,,
"Wed, Feb 25, 2026",2026-02-25,Wednesday,Sts. Sabina and Mary,"14304 Old Jenny Lind Loop, Jenny Lind",(479) 452-1795 ,Mass,5:30 PM,,Mass,English,"STS. SABINA & MARY, JENNY LIND",
"Wed, Feb 25, 2026",2026-02-25,Wednesday,Tinker AFB Chapel,"Bldg 5701 6170 Arnold St, Oklahoma City",(405) 734-2111,Mass,12:10 PM,12:40 PM,Mass,English,Tinker Chapel,
"Wed, Feb 25, 2026",2026-02-25,Wednesday,Blessed Stanley Rother Shrine,"700 SE 89th St, Oklahoma City",(405) 421-9800,Confession,11:30 AM,12:00 PM,Confession,English,Blessed Stanley Rother Shrine,
"Wed, Feb 25, 2026",2026-02-25,Wednesday,Church of Saint Benedict,"2200 W Ithica St, Broken Arrow",+1-918-455-4451,Confession,5:00 PM,6:00 PM,Confessions,English,,
"Wed, Feb 25, 2026",2026-02-25,Wednesday,Holy Family Cathedral,"820 S Boulder Ave, Tulsa",918-582-6247,Confession,11:35 AM,,Confessions,English,Holy Family Cathedral,
"Wed, Feb 25, 2026",2026-02-25,Wednesday,Holy Family Cathedral,"820 S Boulder Ave, Tulsa",918-582-6247,Confession,6:30 AM,,Confessions,English,Holy Family Cathedral,
"Wed, Feb 25, 2026",2026-02-25,Wednesday,Holy Name,"408 Willow St, Coffeyville",(620) 251-0475,Confession,7:45 AM,8:10 AM,Confessions,English,Holy Name Catholic Church,
"Wed, Feb 25, 2026",2026-02-25,Wednesday,Holy Spirit,"1100 N Sara Rd, Mustang",(405) 376-9435,Confession,4:30 PM,5:30 PM,Confessions,English,Holy Spirit Catholic Church,also by appointment
"Wed, Feb 25, 2026",2026-02-25,Wednesday,Holy Trinity,"211 W Missouri Ave, Okarche",(405) 263-7930,Confession,6:00 PM,6:30 PM,Confession,English,,subject to availability; check the Events page
"Wed, Feb 25, 2026",2026-02-25,Wednesday,Immaculate Conception,"1314 Lynn Ave, Pawhuska",(918) 287-1414,Confession,5:30 PM,,Adoration/Confession,English,Pawhuska,adoration
"Wed, Feb 25, 2026",2026-02-25,Wednesday,Immaculate Conception Church,"4th & Comanche St, Marlow",(580) 255-0590,Confession,5:00 PM,5:45 PM,Confessions,English,Marlow,
"Wed, Feb 25, 2026",2026-02-25,Wednesday,Immaculate Heart of Mary,"239 N Freehome Ave, Calumet",(405) 263-7930,Confession,6:00 PM,6:30 PM,Confession,English,,subject to availability; check the Events page
"Wed, Feb 25, 2026",2026-02-25,Wednesday,National Shrine of the Infant Jesus of Prague,"304 Jim Thorpe Blvd, Prague",(405) 567-3080,Confession,4:00 AM,6:00 AM,Confessions,English,National Shrine of the Infant Jesus,after Mass
"Wed, Feb 25, 2026",2026-02-25,Wednesday,National Shrine of the Infant Jesus of Prague,"304 Jim Thorpe Blvd, Prague",(405) 567-3080,Confession,8:30 AM,3:00 PM,Confessions,English,National Shrine of the Infant Jesus,or by appointment
"Wed, Feb 25, 2026",2026-02-25,Wednesday,Our Lady of Victory,"3300 Clarksville St, Paris",(903) 784-1000,Confession,11:00 AM,12:00 PM,Confession,English,,
"Wed, Feb 25, 2026",2026-02-25,Wednesday,Our Lady of Victory,"307 W Jefferson St, Purcell",(405) 527-3077,Confession,6:00 PM,,Confession,English,,or After Mass
"Wed, Feb 25, 2026",2026-02-25,Wednesday,Resurrection,"4804 S Fulton Ave, Tulsa",(918) 663-1907,Confession,6:00 PM,6:45 PM,Confession,English,,
"Wed, Feb 25, 2026",2026-02-25,Wednesday,Sacred Heart,"714 N Main St, Muenster",(940) 759-2500,Confession,3:30 PM,4:30 PM,Confession,English,Church,
"Wed, Feb 25, 2026",2026-02-25,Wednesday,Sacred Heart,"2706 S Shartel Ave, Oklahoma City",(405) 634-2458,Confession,5:30 PM,,Confessions,English,,
"Wed, Feb 25, 2026",2026-02-25,Wednesday,Sacred Heart,"301 N Main St, Mooreland",(580) 256-5305,Confession,6:00 PM,7:00 PM,Confession,English,,
"Wed, Feb 25, 2026",2026-02-25,Wednesday,Sacred Heart,"320 S B Street, Arkansas City",(620) 442-0566,Confession,7:30 AM,8:00 AM,Confession,English,Sacred Heart Catholic Church,
"Wed, Feb 25, 2026",2026-02-25,Wednesday,Sacred Heart of Mary,"1301 Frank St, Barling",(479) 452-1795 or (479) 522-4245 (Fr. Tuyen),Confession,5:00 PM,5:25 PM,Confessions,english,"Sacred Heart of Mary, Barling",
"Wed, Feb 25, 2026",2026-02-25,Wednesday,St Joseph Catholic Church,"321 N Virginia St, Muskogee",+1-918-687-1351,Confession,6:00 PM,6:45 PM,Confession,spanish,St. Joseph Catholic Church,
"Wed, Feb 25, 2026",2026-02-25,Wednesday,St Joseph Catholic Church,"321 N Virginia St, Muskogee",+1-918-687-1351,Confession,TBD,,Confessions,English,,before every Mass; note: Wednesdays at 6PM; Saturday 4:15 p.m.; Sundays at 11AM; or by appointment
"Wed, Feb 25, 2026",2026-02-25,Wednesday,St Thomas More University Parish and Student Center,"100 Stinson St, Norman",(405) 321-0990,Confession,6:00 PM,7:30 PM,Reconciliation,English,,during the School Year
"Wed, Feb 25, 2026",2026-02-25,Wednesday,St. Andrew Dung-Lac,"3115 SW 59th St, Oklahoma City",(405) 681-2665,Confession,5:00 PM,,Confessions,English,3115 S. W. 59th St Oklahoma City,30 phút trước thánh lễ
"Wed, Feb 25, 2026",2026-02-25,Wednesday,St. Anne,"301 S 9th St, Broken Arrow",(918) 251-4000,Confession,12:00 PM,12:50 PM,Confession,English,,
"Wed, Feb 25, 2026",2026-02-25,Wednesday,St. Anne,"301 S 9th St, Broken Arrow",(918) 251-4000,Confession,6:00 PM,6:45 PM,Confession,English,,
"Wed, Feb 25, 2026",2026-02-25,Wednesday,St. Benedict,"2200 W Ithica St, Broken Arrow",(918) 455-4451,Confession,5:00 PM,6:00 PM,Reconciliation,English,,
"Wed, Feb 25, 2026",2026-02-25,Wednesday,St. Benedict,"632 N Kickapoo Ave, Shawnee",(405) 275-0001,Confession,7:30 PM,8:00 PM,Confession,english,,
"Wed, Feb 25, 2026",2026-02-25,Wednesday,St. Boniface,"204 N 18th St, Fort Smith",(479) 783-6711,Confession,5:00 PM,,Confession,English,St. Boniface,
"Wed, Feb 25, 2026",2026-02-25,Wednesday,St. Brigid,"807 Crafton St, Tahlequah",(918) 456-8388,Confession,6:00 PM,6:30 PM,Sacrament of Reconciliation,English,,
"Wed, Feb 25, 2026",2026-02-25,Wednesday,St. Catherine of Siena,"205 W Bert St, Pauls Valley",(405) 238-3741,Confession,6:00 PM,7:00 PM,Confession,English,,
"Wed, Feb 25, 2026",2026-02-25,Wednesday,St. Francis Xavier,"711 N Country Club Rd, Stillwater",(405) 372-6886,Confession,11:30 AM,12:00 PM,Confession,english,,
"Wed, Feb 25, 2026",2026-02-25,Wednesday,St. Francis Xavier,"110 N Madison St, Enid",(580) 237-0812,Confession,5:00 PM,5:45 PM,Reconciliation,English,St. Francis Xavier,
"Wed, Feb 25, 2026",2026-02-25,Wednesday,St. Francis Xavier,"711 N Country Club Rd, Stillwater",(405) 372-6886,Confession,5:00 PM,5:45 PM,Confession,english,,
"Wed, Feb 25, 2026",2026-02-25,Wednesday,St. John Catholic Student Center (Oklahoma State University),"201 N Knoblock St, Stillwater",(405) 372-6408,Confession,8:00 PM,9:00 PM,Confession,English,,
"Wed, Feb 25, 2026",2026-02-25,Wednesday,St. John Nepomuk,"600 S Garth Brooks Blvd, Yukon",(405) 354-2743,Confession,6:00 PM,7:00 PM,Sacrament of Reconciliation,English,,
"Wed, Feb 25, 2026",2026-02-25,Wednesday,St. John the Baptist,"900 S Littler Ave, Edmond",(405) 340-0691,Confession,5:00 PM,6:00 PM,Reconciliation,English,St. John the Baptist Catholic Church,
"Wed, Feb 25, 2026",2026-02-25,Wednesday,St. Joseph,"1300 E Beverly St, Ada",(580) 332-4811,Confession,12:30 PM,,Confessions,English,"St. Joseph, Ada",note: after 12:00 Mass
"Wed, Feb 25, 2026",2026-02-25,Wednesday,St. Joseph,"211 N Porter, Norman",(405) 321-8080,Confession,5:00 PM,,Confession,English,Chapel Confessional,
"Wed, Feb 25, 2026",2026-02-25,Wednesday,St. Joseph,"302 N Elm St, Bristow",(918) 446-8124,Confession,5:45 PM,,Confession,english,St. Joseph Parish,Bristow
"Wed, Feb 25, 2026",2026-02-25,Wednesday,St. Joseph,"321 N Virginia St, Muskogee",(918) 687-1351,Confession,6:00 PM,6:45 PM,Confessions,English,,
"Wed, Feb 25, 2026",2026-02-25,Wednesday,St. Joseph Old Cathedral,"307 NW 4th St, Oklahoma City",(405) 235-4565,Confession,10:45 AM,11:45 AM,Reconciliation,English,,
"Wed, Feb 25, 2026",2026-02-25,Wednesday,St. Joseph's Catholic Church,"211 N Porter Ave, Norman",+1-405-321-8080,Confession,5:00 PM,,Confession,English,Chapel Confessional,
"Wed, Feb 25, 2026",2026-02-25,Wednesday,St. Mary,"1347 E 49th Pl, Tulsa",(918) 749-1423,Confession,11:00 AM,1:00 PM,Confessions,English,Church of Saint Mary,note: next to the chapel; always available by appointment
"Wed, Feb 25, 2026",2026-02-25,Wednesday,St. Mary,"1218 Knox Ave, Clinton",(580) 323-0345,Confession,6:00 PM,6:30 PM,Confession,English,"St. Mary's in Clinton, OK",
"Wed, Feb 25, 2026",2026-02-25,Wednesday,St. Michael,"1004 W Gentry St, Henryetta",(918) 652-3445,Confession,5:30 PM,6:30 PM,Confession,English,St. Michael,
"Wed, Feb 25, 2026",2026-02-25,Wednesday,St. Michael,"1025 E Pointer Trail , Van Buren",(479) 471-1211,Confession,TBD,,Confessions,English,,30 minutes before each Weekday Mass; except on Tuesday morning and Wednesday evening
"Wed, Feb 25, 2026",2026-02-25,Wednesday,St. Monica,"2001 N Western Ave, Edmond",(405) 359-2700,Confession,4:15 PM,,Confession,English,Confessional,
"Wed, Feb 25, 2026",2026-02-25,Wednesday,St. Peter,"424 W Main St, Lindsay",(940) 668-7609,Confession,5:00 PM,6:00 PM,Confession,English,,
"Wed, Feb 25, 2026",2026-02-25,Wednesday,St. Peter,"2020 Oklahoma Ave, Woodward",(580) 256-5305,Confession,6:00 PM,7:00 PM,Confession,English,,
"Wed, Feb 25, 2026",2026-02-25,Wednesday,St. Peter Catholic Church,"East 2 and Quapaw, Lindsay",+1-405-527-3077,Confession,5:00 PM,6:00 PM,Confession,English,,
"Wed, Feb 25, 2026",2026-02-25,Wednesday,St. Pius X,"1727 S 75th E Ave, Tulsa",(918) 622-4488,Confession,5:00 PM,,Reconciliation,English,,
"Wed, Feb 25, 2026",2026-02-25,Wednesday,St. Robert Bellarmine,"121 NW 1st St, Jones",(405) 399-1727,Confession,11:00 AM,11:50 AM,Adoration and Confessions,English,,
"Wed, Feb 25, 2026",2026-02-25,Wednesday,St. Robert Bellarmine,"121 NW 1st St, Jones",(405) 399-1727,Confession,11:30 AM,11:55 AM,Confession,English,,
"Wed, Feb 25, 2026",2026-02-25,Wednesday,St. Therese,"1007 N 19th St, Collinsville",(918) 371-2704,Confession,6:30 PM,7:00 PM,Confession,English,,or until line ends
"Wed, Feb 25, 2026",2026-02-25,Wednesday,St. Thomas More,"2720 S 129th E Ave, Tulsa",(918) 437-0168,Confession,6:00 PM,7:00 PM,Confession,english,St. Thomas More Parish,
"Wed, Feb 25, 2026",2026-02-25,Wednesday,St. Vincent de Paul,"15842 S 297th E Ave, Coweta",(918) 486-4757,Confession,6:00 PM,,Confessions,English,,exposition; benediction
"Wed, Feb 25, 2026",2026-02-25,Wednesday,Sts. Peter and Paul,"1419 N 67th E Ave, Tulsa",(918) 836-2596,Confession,4:30 PM,5:30 PM,Confessions,English,,
"Wed, Feb 25, 2026",2026-02-25,Wednesday,Sts. Peter and Paul,"405 E Oak, Cushing",(918) 225-0644,Confession,6:00 PM,7:00 PM,Confession,English,Sts. Peter and Paul Parish,Cushing
"Wed, Feb 25, 2026",2026-02-25,Wednesday,Sts. Sabina and Mary,"14304 Old Jenny Lind Loop, Jenny Lind",(479) 452-1795 ,Confession,5:00 PM,5:25 PM,Confessions,English,Sts. Sabina & Mary,
"Wed, Feb 25, 2026",2026-02-25,Wednesday,Tinker AFB Chapel,"Bldg 5701 6170 Arnold St, Oklahoma City",(405) 734-2111,Confession,11:00 AM,12:00 PM,Reconciliation/Confession,English,Tinker Chapel,
"Wed, Feb 25, 2026",2026-02-25,Wednesday,Assumption of the Blessed Virgin Mary,"711 W Hickory Ave, Duncan",(580) 255-0590,Adoration,TBD,,Adoration,English,Duncan/Marlow,30 minutes before Mass; exposition
"Wed, Feb 25, 2026",2026-02-25,Wednesday,Blessed Sacrament,"520 N St, Thomas",15807723209,Adoration,1:00 PM,5:00 PM,Adoration,English,St. Eugene,
"Wed, Feb 25, 2026",2026-02-25,Wednesday,Blessed Stanley Rother Shrine,"700 SE 89th St, Oklahoma City",(405) 421-9800,Adoration,1:00 PM,2:00 PM,Adoration,English,Blessed Stanley Rother Shrine,exposition
"Wed, Feb 25, 2026",2026-02-25,Wednesday,Cathedral of Our Lady of Perpetual Help,"3214 N Lake Ave, Oklahoma City",(405) 525-2349,Adoration,10:00 AM,6:00 PM,Adoration,English,,
"Wed, Feb 25, 2026",2026-02-25,Wednesday,Chapel of St. Joseph,"7th and Seminole, Wewoka",(405) 382-3602,Adoration,12:30 PM,8:00 PM,Adoration of the Blessed Sacrament,English,,exposition; benediction
"Wed, Feb 25, 2026",2026-02-25,Wednesday,Holy Cross,"708 SW 15th St, Wagoner",539-209-9988,Adoration,6:00 PM,7:00 PM,Adoration,English,"Holy Cross Catholic Church, Wagoner, OK",exposition
"Wed, Feb 25, 2026",2026-02-25,Wednesday,Holy Cross,"1010 S Fifth Ave, Madill",(580) 795-3721,Adoration,8:00 PM,9:00 PM,Adoration,English,,exposition
"Wed, Feb 25, 2026",2026-02-25,Wednesday,Holy Family,"1010 NW 82nd St, Lawton",(580) 536-6351,Adoration,6:00 PM,6:30 PM,Adoration,English,Church,exposition
"Wed, Feb 25, 2026",2026-02-25,Wednesday,Holy Trinity,"211 W Missouri Ave, Okarche",(405) 263-7930,Adoration,6:00 PM,7:15 PM,Adoration,English,,
"Wed, Feb 25, 2026",2026-02-25,Wednesday,Immaculate Heart of Mary,"239 N Freehome Ave, Calumet",(405) 263-7930,Adoration,6:00 PM,7:15 PM,Adoration,English,,
"Wed, Feb 25, 2026",2026-02-25,Wednesday,Our Lady of Victory,"307 W Jefferson St, Purcell",(405) 527-3077,Adoration,6:00 PM,,Adoration,English,,
"Wed, Feb 25, 2026",2026-02-25,Wednesday,Our Lady of the Lake,"450 E Cimarron Dr, Mannford",918-245-5840,Adoration,5:30 PM,6:00 PM,Adoration,English,Our Lady of the Lake,exposition
"Wed, Feb 25, 2026",2026-02-25,Wednesday,Parish of Christ the King,"1520 S Rockford Ave, Tulsa",+1-918-584-4788,Adoration,9:00 AM,9:00 PM,Adoration,English,"Mary, Queen of Peace Chapel",
"Wed, Feb 25, 2026",2026-02-25,Wednesday,Sacred Heart,"333 S 8th St, Fairfax",(918) 642-5053,Adoration,4:30 PM,,Adoration,English,Sacred Heart Parish,Fairfax; exposition
"Wed, Feb 25, 2026",2026-02-25,Wednesday,Sacred Heart,"Broadway St and W Lowe St, Billings",(580) 336-9300,Adoration,5:00 PM,6:00 PM,Adoration of the Blessed Sacrament,English,church,exposition
"Wed, Feb 25, 2026",2026-02-25,Wednesday,Sacred Heart Catholic Church,"Broadway and Lowe, Billings",+1-580-336-9300,Adoration,5:00 PM,6:00 PM,Adoration of the Blessed Sacrament,English,church,exposition
"Wed, Feb 25, 2026",2026-02-25,Wednesday,Saint Patrick Catholic Church,"202 E Ohio Ave, Walters",+1-580-255-0590,Adoration,TBD,,Adoration,English,,30 minutes before Mass
"Wed, Feb 25, 2026",2026-02-25,Wednesday,San Jose,"12th St and Lincoln St, Ryan",(580) 255-0590,Adoration,TBD,,Adoration,English,,30 minutes before Mass; exposition
"Wed, Feb 25, 2026",2026-02-25,Wednesday,St Elizabeth Catholic Church,"1653 113th St NW, Grove",+1-918-786-9312,Adoration,4:30 PM,,Adoration,English,St. Elizabeth Catholic Church,exposition
"Wed, Feb 25, 2026",2026-02-25,Wednesday,St. Anne,"301 S 9th St, Broken Arrow",(918) 251-4000,Adoration,9:00 AM,9:00 PM,Adoration,English,Chapel,exposition
"Wed, Feb 25, 2026",2026-02-25,Wednesday,St. Benedict,"632 N Kickapoo Ave, Shawnee",(405) 275-0001,Adoration,12:40 PM,8:00 PM,Exposition of Eucharist,English,,exposition
"Wed, Feb 25, 2026",2026-02-25,Wednesday,St. Bernard of Clairvaux,"4001 E 101st St, Tulsa",(918) 299-9406,Adoration,9:00 AM,8:00 PM,Adoration of the Blessed Sacrament,English,Good Shepherd Chapel,exposition; chapel
"Wed, Feb 25, 2026",2026-02-25,Wednesday,St. Brigid,"807 Crafton St, Tahlequah",(918) 456-8388,Adoration,6:00 PM,7:00 PM,Eucharistic Adoration,English,,
"Wed, Feb 25, 2026",2026-02-25,Wednesday,St. Catherine of Siena,"205 W Bert St, Pauls Valley",(405) 238-3741,Adoration,6:00 PM,7:00 PM,Adoration,English,,exposition
"Wed, Feb 25, 2026",2026-02-25,Wednesday,St. Charles Borromeo,"5024 N Grove, Warr Acres",(405) 789-2595,Adoration,9:30 AM,6:00 PM,Adoration,English,,exposition
"Wed, Feb 25, 2026",2026-02-25,Wednesday,St. Damien of Molokai,"8455 NW 234th St, Edmond",(405) 330-9968,Adoration,9:00 AM,7:00 PM,Adoration,English,,exposition
"Wed, Feb 25, 2026",2026-02-25,Wednesday,St. Elizabeth,"1653 113th St NW, Grove",(918) 786-9312,Adoration,4:30 PM,,Adoration,English,St. Elizabeth Catholic Church,exposition
"Wed, Feb 25, 2026",2026-02-25,Wednesday,St. Elizabeth Ann Seton,"16526 United States Hwy 271, Spiro",(918) 647-3475,Adoration,5:30 PM,,Adoration,English,,every other; exposition
"Wed, Feb 25, 2026",2026-02-25,Wednesday,St. Eugene,"704 N Bryan St, Weatherford",(580) 772-3209,Adoration,1:00 PM,5:00 PM,Adoration,English,,exposition
"Wed, Feb 25, 2026",2026-02-25,Wednesday,St. Francis Xavier,"711 N Country Club Rd, Stillwater",(405) 372-6886,Adoration,9:00 AM,5:00 AM,Adoration,English,Saint Teresa of Calcutta Chapel,exposition; benediction
"Wed, Feb 25, 2026",2026-02-25,Wednesday,St. Gregory the Great,"1924 W Willow Rd, Enid",(580) 233-4589,Adoration,8:30 AM,3:30 PM,Adoration,English,Adoration Chapel,exposition
"Wed, Feb 25, 2026",2026-02-25,Wednesday,St. John Nepomuk,"600 S Garth Brooks Blvd, Yukon",(405) 354-2743,Adoration,6:00 PM,7:00 PM,Adoration,English,,chapel
"Wed, Feb 25, 2026",2026-02-25,Wednesday,St. Joseph Old Cathedral,"307 NW 4th St, Oklahoma City",(405) 235-4565,Adoration,TBD,,Adoration,English,,during Reconciliation; exposition
"Wed, Feb 25, 2026",2026-02-25,Wednesday,St. Mary,"1347 E 49th Pl, Tulsa",(918) 749-1423,Adoration,12:00 AM,11:59 PM,Adoration,English,Chapel,
"Wed, Feb 25, 2026",2026-02-25,Wednesday,St. Patrick,"2121 N Portland Ave, Oklahoma City",(405) 946-4441,Adoration,9:00 AM,7:55 PM,Adoration,English,,tags: exposition
"Wed, Feb 25, 2026",2026-02-25,Wednesday,St. Paul the Apostle,"3901 S Sunnylane Rd, Del City",(405) 677-4873,Adoration,6:00 PM,7:00 PM,Adoration,English,,
"Wed, Feb 25, 2026",2026-02-25,Wednesday,St. Peter,"424 W Main St, Lindsay",(940) 668-7609,Adoration,5:00 PM,6:00 PM,Adoration,English,,
"Wed, Feb 25, 2026",2026-02-25,Wednesday,St. Peter Catholic Church,"East 2 and Quapaw, Lindsay",+1-405-527-3077,Adoration,5:00 PM,6:00 PM,Adoration,English,,exposition
"Wed, Feb 25, 2026",2026-02-25,Wednesday,St. Peter the Apostle,"812 Pearl Ave, Joplin",(417) 623-8643,Adoration,9:00 AM,7:00 PM,Eucharistic Adoration,English,,
"Wed, Feb 25, 2026",2026-02-25,Wednesday,St. Pius X,"1727 S 75th E Ave, Tulsa",(918) 622-4488,Adoration,5:00 PM,6:00 PM,Adoration,English,,exposition
"Wed, Feb 25, 2026",2026-02-25,Wednesday,St. Rose of Lima,"421 N 9th St, Perry",(580) 336-9300,Adoration,5:00 PM,6:00 PM,Adoration of the Blessed Sacrament,English,,
"Wed, Feb 25, 2026",2026-02-25,Wednesday,Sts. Peter and Paul,"405 E Oak, Cushing",(918) 225-0644,Adoration,6:00 PM,7:00 PM,Adoration,English,Sts. Peter and Paul Parish,Cushing
"Wed, Feb 25, 2026",2026-02-25,Wednesday,Holy Family,"1010 NW 82nd St, Lawton",(405) 637-8681,Devotions,6:30 PM,,Vespers/Evening Prayer,English,Church,benediction
"Wed, Feb 25, 2026",2026-02-25,Wednesday,Holy Family,"1010 NW 82nd St, Lawton",(580) 536-6351,Devotions,6:30 PM,,Vespers,English,Church,benediction
"Wed, Feb 25, 2026",2026-02-25,Wednesday,Parish of Christ the King,"1520 S Rockford Ave, Tulsa",+1-918-584-4788,Devotions,5:00 PM,5:30 PM,Rosary,English,,before 17:30 Mass
"Wed, Feb 25, 2026",2026-02-25,Wednesday,Sacred Heart,"2515 N Main St, Miami",(918) 542-5281,Devotions,6:30 AM,,Morning Prayer,english,Sacred Heart Catholic Church,
"Wed, Feb 25, 2026",2026-02-25,Wednesday,Sacred Heart,"109 W 5th St, Skiatook",(918) 396-1179,Devotions,8:30 AM,,Rosary,English,Sacred Heart Church,
"Wed, Feb 25, 2026",2026-02-25,Wednesday,St. Damien of Molokai,"8455 NW 234th St, Edmond",(405) 330-9968,Devotions,7:00 PM,,Benediction,English,,benediction
"Wed, Feb 25, 2026",2026-02-25,Wednesday,St. Gregory's Abbey,"1900 W MacArthur St, Shawnee",(405) 878-5491,Devotions,5:00 PM,,Vespers,English,,
"Wed, Feb 25, 2026",2026-02-25,Wednesday,St. Gregory's Abbey,"1900 W MacArthur St, Shawnee",(405) 878-5491,Devotions,7:15 AM,,Lauds,English,,
"Wed, Feb 25, 2026",2026-02-25,Wednesday,St. Gregory's Abbey,"1900 W MacArthur St, Shawnee",(405) 878-5491,Devotions,7:15 PM,,Compline,English,,
"Wed, Feb 25, 2026",2026-02-25,Wednesday,St. Henry,"8500 N Owasso Expressway, Owasso",(918) 272-3710,Devotions,6:00 PM,7:00 PM,Holy Hour,English,Church,exposition
"Wed, Feb 25, 2026",2026-02-25,Wednesday,St. Peter,"2020 Oklahoma Ave, Woodward",(580) 256-5305,Devotions,5:00 PM,,Rosary,bilingual,St. Peter in Woodward,
"Wed, Feb 25, 2026",2026-02-25,Wednesday,St. Peter,"424 W Main St, Lindsay",(940) 668-7609,Devotions,6:30 PM,,Rosary and Novena to Our Lady of Perpetual Help,english,St. Peter's,
"Wed, Feb 25, 2026",2026-02-25,Wednesday,St. Peter Catholic Church,"East 2 and Quapaw, Lindsay",+1-405-527-3077,Devotions,6:30 PM,,Rosary and Novena to Our Lady of Perpetual Help,english,St. Peter's,
"Wed, Feb 25, 2026",2026-02-25,Wednesday,Tinker AFB Chapel,"Bldg 5701 6170 Arnold St, Oklahoma City",(405) 734-2111,Devotions,12:45 PM,1:05 PM,Rosary,English,Tinker Chapel,
"Wed, Feb 25, 2026",2026-02-25,Wednesday,St. Francis Xavier,"700 E Oklahoma Ave, Sulphur",(580) 332-4811,Education,7:00 PM,8:00 PM,OCIA Class,English,,note: meets in the John Bloms room
"Wed, Feb 25, 2026",2026-02-25,Wednesday,St. Joseph,"1300 E Beverly St, Ada",(580) 332-4811,Education,7:00 PM,,OCIA Class,english,,
"Wed, Feb 25, 2026",2026-02-25,Wednesday,Assumption of the Blessed Virgin Mary,"711 W Hickory Ave, Duncan",(580) 255-0590,Other,6:30 PM,,Adult Education,English,"Assumption-Duncan, Gillespie Hall",Thu; The Biblical Roots of Ash Wednesday
"Wed, Feb 25, 2026",2026-02-25,Wednesday,Holy Family Cathedral,"820 S Boulder Ave, Tulsa",918-582-6247,Other,5:30 PM,8:00 PM,Wednesdays at the Cathedral,English,,Feb 25; Mar 4; 11; 18; 25; family
"Wed, Feb 25, 2026",2026-02-25,Wednesday,St Joseph Catholic Church,"321 N Virginia St, Muskogee",+1-918-687-1351,Other,6:00 PM,7:00 PM,Hora Santa,spanish,St. Joseph Catholic Church,exposition
"Wed, Feb 25, 2026",2026-02-25,Wednesday,St. Augustine,"1720 E Apache St, Tulsa",918-607-8681,Other,6:00 PM,7:30 PM,Event,English,,from September to May
"Wed, Feb 25, 2026",2026-02-25,Wednesday,St. Barbara Catholic Community  (Grieson Chapel),"3280 Crane Ave, Fort Sill",(580) 442-3302,Other,11:45 AM,,Service,English,Grierson Hill Chapel,GHC
"Wed, Feb 25, 2026",2026-02-25,Wednesday,St. Clement,"15501 S Memorial Dr, Bixby",(918) 366-3166,Other,6:30 PM,,Rehearsal,English,,Evenings; Choir
"Wed, Feb 25, 2026",2026-02-25,Wednesday,St. Elizabeth Ann Seton,"16526 United States Hwy 271, Spiro",(918) 647-3475,Other,6:30 PM,,'The Beauty of Our Faith',English,,every other; includes dinner at 18:00; A lesson employing the Bible & Catechism
"Wed, Feb 25, 2026",2026-02-25,Wednesday,St. Gregory's Abbey,"1900 W MacArthur St, Shawnee",(405) 878-5491,Other,12:00 PM,,Sext,English,,
"Wed, Feb 25, 2026",2026-02-25,Wednesday,St. Gregory's Abbey,"1900 W MacArthur St, Shawnee",(405) 878-5491,Other,12:50 PM,,None,English,,
"Wed, Feb 25, 2026",2026-02-25,Wednesday,St. Gregory's Abbey,"1900 W MacArthur St, Shawnee",(405) 878-5491,Other,8:15 AM,,Eucharist,English,,
"Wed, Feb 25, 2026",2026-02-25,Wednesday,St. Joseph [Thánh Giuse],"14905 E 21st St S, Tulsa",(918) 438-1380,Other,5:30 PM,,Prayer,English,,
"Wed, Feb 25, 2026",2026-02-25,Wednesday,St. Scholastica Monastery,"1315 S Albert Pike Ave, Fort Smith",(479) 783-4147,Other,11:50 AM,,Noon Praise,English,St. Scholastica Monastery,
"Wed, Feb 25, 2026",2026-02-25,Wednesday,St. Scholastica Monastery,"1315 S Albert Pike Ave, Fort Smith",(479) 783-4147,Other,5:00 PM,,Evening Praise,English,St. Scholastica Monastery,
"Wed, Feb 25, 2026",2026-02-25,Wednesday,St. Scholastica Monastery,"1315 S Albert Pike Ave, Fort Smith",(479) 783-4147,Other,7:00 AM,,Morning Praise,English,St. Scholastica Monastery,
"Wed, Feb 25, 2026",2026-02-25,Wednesday,St. Scholastica Monastery,"1315 S Albert Pike Ave, Fort Smith",(479) 783-4147,Other,7:30 AM,,Eucharist,English,St. Scholastica Monastery,
"Wed, Feb 25, 2026",2026-02-25,Wednesday,St. Therese of the Child Jesus (Maronite),"8315 S 107th E Ave, Tulsa",(918) 872-7400,Other,5:30 PM,,,English,,
"Wed, Feb 25, 2026",2026-02-25,Wednesday,St. Ann,"8492 State Hwy 17, Elgin",(580) 492-5914,Sacraments,6:30 PM,,Communion Service,English,St. Ann,note: replaces Mass in January
"Thu, Feb 26, 2026",2026-02-26,Thursday,Assumption of the Blessed Virgin Mary,"711 W Hickory Ave, Duncan",(580) 255-0590,Mass,12:10 PM,,Mass,english,Duncan,
"Thu, Feb 26, 2026",2026-02-26,Thursday,Blessed Sacrament,"12 SW 7th St, Lawton",(580) 355-2054,Mass,7:30 AM,,Daily Mass,English,,
"Thu, Feb 26, 2026",2026-02-26,Thursday,Blessed Stanley Rother Shrine,"700 SE 89th St, Oklahoma City",(405) 421-9800,Mass,12:15 PM,,Mass,english,Blessed Stanley Rother Shrine,
"Thu, Feb 26, 2026",2026-02-26,Thursday,Cathedral of Our Lady of Perpetual Help,"3214 N Lake Ave, Oklahoma City",(405) 525-2349,Mass,7:00 AM,,Mass,English,,
"Thu, Feb 26, 2026",2026-02-26,Thursday,Chapel of St. Joseph,"7th and Seminole, Wewoka",(405) 382-3602,Mass,8:00 AM,,Mass,english,,
"Thu, Feb 26, 2026",2026-02-26,Thursday,Christ the King,"2112 S Greenwood Ave, Fort Smith",(479) 783-7745,Mass,5:15 PM,,Mass,English,Chapel,
"Thu, Feb 26, 2026",2026-02-26,Thursday,Christ the King,"2112 S Greenwood Ave, Fort Smith",(479) 783-7745,Mass,6:30 PM,,Mass,spanish,Main Church,
"Thu, Feb 26, 2026",2026-02-26,Thursday,Christ the King,"8005 Dorset Dr, Oklahoma City",(405) 842-1481,Mass,7:00 AM,,Mass,english,,
"Thu, Feb 26, 2026",2026-02-26,Thursday,Church of Saint Benedict,"2200 W Ithica St, Broken Arrow",+1-918-455-4451,Mass,8:30 AM,,Mass,English,,
"Thu, Feb 26, 2026",2026-02-26,Thursday,Corpus Christi,"1616 N Kelley Ave, Oklahoma City",(405) 236-4301,Mass,12:10 PM,,Mass,English,Corpus Christi,Chapel
"Thu, Feb 26, 2026",2026-02-26,Thursday,Epiphany of the Lord,"7336 W Britton Rd, Oklahoma City",(405) 722-2110,Mass,8:00 AM,,Mass,English,,exception: No daily Mass on Holy Days of Obligation
"Thu, Feb 26, 2026",2026-02-26,Thursday,Holy Cross,"1010 S Fifth Ave, Madill",(580) 795-3721,Mass,8:00 AM,,Mass,bilingual,,
"Thu, Feb 26, 2026",2026-02-26,Thursday,Holy Cross,"708 SW 15th St, Wagoner",539-209-9988,Mass,8:30 AM,,Mass,English,"Holy Cross Catholic Church, Wagoner, OK",
"Thu, Feb 26, 2026",2026-02-26,Thursday,Holy Family,"1010 NW 82nd St, Lawton",(580) 536-6351,Mass,12:00 PM,,Mass,English,Church,
"Thu, Feb 26, 2026",2026-02-26,Thursday,Holy Family Cathedral,"820 S Boulder Ave, Tulsa",918-582-6247,Mass,12:05 PM,,Mass,English,Holy Family Cathedral,
"Thu, Feb 26, 2026",2026-02-26,Thursday,Holy Family Cathedral,"820 S Boulder Ave, Tulsa",918-582-6247,Mass,7:00 AM,,Mass,English,Holy Family Cathedral,
"Thu, Feb 26, 2026",2026-02-26,Thursday,Holy Name,"408 Willow St, Coffeyville",(620) 251-0475,Mass,8:15 AM,,Mass,English,Holy Name Catholic Church,
"Thu, Feb 26, 2026",2026-02-26,Thursday,Holy Name of Jesus,"210 S 7th St, Chickasha",(405) 224-6068,Mass,12:00 PM,,Mass,english,,
"Thu, Feb 26, 2026",2026-02-26,Thursday,Holy Rosary,"912 Cherokee Ave, Hartshorne",(918) 308-3312,Mass,7:00 PM,,Mass,spanish,Holy Rosary Parish,Hartshorne
"Thu, Feb 26, 2026",2026-02-26,Thursday,Holy Spirit,"1100 N Sara Rd, Mustang",(405) 376-9435,Mass,8:30 AM,,Mass,english,Holy Spirit Catholic Church,
"Thu, Feb 26, 2026",2026-02-26,Thursday,Holy Trinity,"211 W Missouri Ave, Okarche",(405) 263-7930,Mass,8:00 AM,,Mass,English,,
"Thu, Feb 26, 2026",2026-02-26,Thursday,Immaculate Conception,"22 N 13th St, Fort Smith",(479) 783-7963,Mass,6:00 PM,,Mass,spanish,,
"Thu, Feb 26, 2026",2026-02-26,Thursday,Immaculate Conception,"1314 Lynn Ave, Pawhuska",(918) 287-1414,Mass,6:15 PM,,Mass,English,Pawhuska,chapel
"Thu, Feb 26, 2026",2026-02-26,Thursday,Immaculate Conception,"22 N 13th St, Fort Smith",(479) 783-7963,Mass,7:00 AM,,Mass,english,,
"Thu, Feb 26, 2026",2026-02-26,Thursday,Immaculate Conception,"502 N Bagwell St, Poteau",(918) 647-3475,Mass,8:30 AM,,Mass,English,Immaculate Conception Church,
"Thu, Feb 26, 2026",2026-02-26,Thursday,Immaculate Conception Catholic Church,"196 Bearden Springs Rd, Hugo",(580) 326-7300,Mass,12:00 PM,,Mass,English,Immaculate Conception Catholic Church,
"Thu, Feb 26, 2026",2026-02-26,Thursday,Immaculate Heart of Mary,"239 N Freehome Ave, Calumet",(405) 263-7930,Mass,8:00 AM,,Mass,English,,
"Thu, Feb 26, 2026",2026-02-26,Thursday,Korean Martyrs,"2600 SW 74th St, Oklahoma City",(405) 681-6464,Mass,8:15 AM,,Mass,english,Korean Martyrs Church,
"Thu, Feb 26, 2026",2026-02-26,Thursday,Little Flower Church (Our Lady of Mount Carmel and St. Thérèse of Lisieux),"1125 S Walker Ave, Oklahoma City",(405) 235-2037,Mass,6:30 PM,,Mass,spanish,Church,
"Thu, Feb 26, 2026",2026-02-26,Thursday,Most Precious Blood,"3029 S 57th W Ave, Tulsa",918-615-8404,Mass,7:15 AM,,Holy Mass,English,,Low Mass
"Thu, Feb 26, 2026",2026-02-26,Thursday,Mother of God,"1105 4th St, Oswego",(620) 795-2262,Mass,8:00 AM,,Mass,English,Oswego - Mary Mother of God,
"Thu, Feb 26, 2026",2026-02-26,Thursday,National Shrine of the Infant Jesus of Prague,"304 Jim Thorpe Blvd, Prague",(405) 567-3080,Mass,9:00 AM,,Mass,bilingual,National Shrine of the Infant Jesus,
"Thu, Feb 26, 2026",2026-02-26,Thursday,Our Lady Of Perpetual Help Catholic Church,"115 S A Ave, Elgin",+1-580-492-5914,Mass,9:15 AM,,Mass,English,Our Lady,
"Thu, Feb 26, 2026",2026-02-26,Thursday,Our Lady of Clear Creek Abbey,"5804 W Monastery Rd, Hulbert",(918) 772-2454,Mass,6:50 AM,,Low Mass,English,,
"Thu, Feb 26, 2026",2026-02-26,Thursday,Our Lady of Perpetual Help,"220 N A Street, Sterling",(580) 492-5914,Mass,9:15 AM,,Mass,English,Our Lady,
"Thu, Feb 26, 2026",2026-02-26,Thursday,Our Lady of Victory,"307 W Jefferson St, Purcell",(405) 527-3077,Mass,12:10 PM,,Mass,english,,
"Thu, Feb 26, 2026",2026-02-26,Thursday,Our Lady of Victory,"3300 Clarksville St, Paris",(903) 784-1000,Mass,7:00 PM,,Mass,spanish,,
"Thu, Feb 26, 2026",2026-02-26,Thursday,Our Lady of Victory,"3300 Clarksville St, Paris",(903) 784-1000,Mass,8:00 AM,,Mass,english,,
"Thu, Feb 26, 2026",2026-02-26,Thursday,Our Lady of the Lake,"450 E Cimarron Dr, Mannford",918-245-5840,Mass,8:30 AM,,Mass,English,,
"Thu, Feb 26, 2026",2026-02-26,Thursday,Our Mother of Mercy,"1325 Main St, Waynoka",(580) 327-0339,Mass,12:15 PM,,Mass,English,Chapel Parish Hall,check bulletin for occasional cancellations
"Thu, Feb 26, 2026",2026-02-26,Thursday,Queen of All Saints,"914 N 5th St, Sayre",(580) 225-0066,Mass,5:30 PM,6:00 PM,Daily Mass,English,Sayre,
"Thu, Feb 26, 2026",2026-02-26,Thursday,Resurrection,"4804 S Fulton Ave, Tulsa",(918) 663-1907,Mass,8:30 AM,,Mass,english,,
"Thu, Feb 26, 2026",2026-02-26,Thursday,Sacred Heart,"2515 N Main St, Miami",(918) 542-5281,Mass,12:10 PM,,Mass,english,Sacred Heart Catholic Church,
"Thu, Feb 26, 2026",2026-02-26,Thursday,Sacred Heart,"627 12th St, Alva",(580) 327-0339,Mass,12:15 PM,,Mass,English,"Chapel Parish Hall, Alva",check bulletin for occasional cancellations
"Thu, Feb 26, 2026",2026-02-26,Thursday,Sacred Heart,"1777 E Grayson Ave, Sapulpa",(918) 224-0944,Mass,5:30 PM,,Mass,spanish,,
"Thu, Feb 26, 2026",2026-02-26,Thursday,Sacred Heart,"301 N Hooker, Caney",(620) 647-3577,Mass,6:00 PM,,Mass,English,Caney - Sacred Heart,
"Thu, Feb 26, 2026",2026-02-26,Thursday,Sacred Heart,"2706 S Shartel Ave, Oklahoma City",(405) 634-2458,Mass,6:30 PM,,Mass,spanish,,
"Thu, Feb 26, 2026",2026-02-26,Thursday,Sacred Heart,"2706 S Shartel Ave, Oklahoma City",(405) 634-2458,Mass,7:00 AM,,Mass,english,,
"Thu, Feb 26, 2026",2026-02-26,Thursday,Sacred Heart,"320 S B Street, Arkansas City",(620) 442-0566,Mass,7:00 PM,,Mass,spanish,Sacred Heart Catholic Church,
"Thu, Feb 26, 2026",2026-02-26,Thursday,Sacred Heart,"333 S 8th St, Fairfax",(918) 642-5053,Mass,9:00 AM,,Mass,english,Sacred Heart Parish,Fairfax
"Thu, Feb 26, 2026",2026-02-26,Thursday,Sacred Heart,"1777 E Grayson Ave, Sapulpa",(918) 224-0944,Mass,9:00 AM,,Mass,english,,
"Thu, Feb 26, 2026",2026-02-26,Thursday,Sacred Heart,"109 W 5th St, Skiatook",(918) 396-1179,Mass,9:00 AM,,Mass,English,Sacred Heart Church,
"Thu, Feb 26, 2026",2026-02-26,Thursday,Sacred Heart of Mary,"1301 Frank St, Barling",(479) 452-1795 or (479) 522-4245 (Fr. Tuyen),Mass,12:00 PM,,Mass,english,"Sacred Heart of Mary, Barling",
"Thu, Feb 26, 2026",2026-02-26,Thursday,Sacred Heart of Mary,"1301 Frank St, Barling",(479) 452-1795 or (479) 522-4245 (Fr. Tuyen),Mass,7:00 PM,,Mass,vietnamese,"Sacred Heart of Mary, Barling",
"Thu, Feb 26, 2026",2026-02-26,Thursday,St Catherine of Alexandria Catholic Church,"4532 S 25th W Ave, Tulsa",(918) 446-8124,Mass,8:00 AM,,Mass,english,,
"Thu, Feb 26, 2026",2026-02-26,Thursday,St Joseph Catholic Church,"321 N Virginia St, Muskogee",+1-918-687-1351,Mass,8:15 AM,,Mass,english,St. Joseph Catholic Church,
"Thu, Feb 26, 2026",2026-02-26,Thursday,St Jude,"70 E 11th St, Boswell",(580) 326-7300,Mass,7:00 PM,,Mass,English,Saint Jude Catholic Church,
"Thu, Feb 26, 2026",2026-02-26,Thursday,St Thomas More University Parish and Student Center,"100 Stinson St, Norman",(405) 321-0990,Mass,7:30 AM,,Mass,English,,
"Thu, Feb 26, 2026",2026-02-26,Thursday,St. Andrew,"800 NW 5th St, Moore",(405) 799-3334,Mass,9:00 AM,,Mass,English,St. Andrew the Apostle Catholic Church,Check Bulletin for Possible Changes in Mass Times
"Thu, Feb 26, 2026",2026-02-26,Thursday,St. Andrew Dung-Lac,"3115 SW 59th St, Oklahoma City",(405) 681-2665,Mass,5:30 PM,,Mass,vietnamese,3115 S. W. 59th St Oklahoma City,
"Thu, Feb 26, 2026",2026-02-26,Thursday,St. Anne,"301 S 9th St, Broken Arrow",(918) 251-4000,Mass,8:00 AM,,Mass,English,,
"Thu, Feb 26, 2026",2026-02-26,Thursday,St. Anthony of Padua,"1510 N Calhoun Ave , Liberal",(620) 624-4135,Mass,12:05 PM,,Mass,english,,
"Thu, Feb 26, 2026",2026-02-26,Thursday,St. Augustine,"1720 E Apache St, Tulsa",918-607-8681,Mass,9:00 AM,,Mass,English,St. Augustine,
"Thu, Feb 26, 2026",2026-02-26,Thursday,St. Barbara Catholic Community  (Grieson Chapel),"3280 Crane Ave, Fort Sill",(580) 442-3302,Mass,11:45 AM,,Roman Catholic Mass,English,"Sheridan Hall, BLDG 652 Hamilton Road, 2nd Floor",
"Thu, Feb 26, 2026",2026-02-26,Thursday,St. Benedict,"632 N Kickapoo Ave, Shawnee",(405) 275-0001,Mass,8:00 AM,,Mass,english,,
"Thu, Feb 26, 2026",2026-02-26,Thursday,St. Benedict,"2200 W Ithica St, Broken Arrow",(918) 455-4451,Mass,8:30 AM,,Mass,English,,
"Thu, Feb 26, 2026",2026-02-26,Thursday,St. Bernard of Clairvaux,"4001 E 101st St, Tulsa",(918) 299-9406,Mass,8:30 AM,,Mass,English,main church,
"Thu, Feb 26, 2026",2026-02-26,Thursday,St. Boniface,"204 N 18th St, Fort Smith",(479) 783-6711,Mass,8:00 AM,,Mass,english,St. Boniface,
"Thu, Feb 26, 2026",2026-02-26,Thursday,St. Brigid,"807 Crafton St, Tahlequah",(918) 456-8388,Mass,12:15 PM,,Mass,English,,
"Thu, Feb 26, 2026",2026-02-26,Thursday,St. Catherine,"217 W Modoc Ave, Nowata",(918) 534-3420,Mass,12:00 PM,,Daily Mass,English,"217 W. Modoc Nowata, OK 74048",
"Thu, Feb 26, 2026",2026-02-26,Thursday,St. Catherine of Siena,"501 2nd St, Talihina",(918) 465-7675,Mass,5:30 PM,,Mass,english,St. Catherine of Siena Parish,Talihina
"Thu, Feb 26, 2026",2026-02-26,Thursday,St. Catherine of Siena,"205 W Bert St, Pauls Valley",(405) 238-3741,Mass,7:00 PM,,Mass,bilingual,,
"Thu, Feb 26, 2026",2026-02-26,Thursday,St. Cecilia,"1304 N Dorothy Ave, Claremore",(918) 341-2343,Mass,8:15 AM,,Mass,English,,Weekday Mass
"Thu, Feb 26, 2026",2026-02-26,Thursday,St. Charles Borromeo,"5024 N Grove, Warr Acres",(405) 789-2595,Mass,7:00 AM,,Mass,english,,livestream
"Thu, Feb 26, 2026",2026-02-26,Thursday,St. Clement,"15501 S Memorial Dr, Bixby",(918) 366-3166,Mass,7:30 PM,,Mass,spanish,St. Clement Catholic Church,
"Thu, Feb 26, 2026",2026-02-26,Thursday,St. Clement,"15501 S Memorial Dr, Bixby",(918) 366-3166,Mass,8:30 AM,,Mass,english,St. Clement Catholic Church,
"Thu, Feb 26, 2026",2026-02-26,Thursday,St. Damien of Molokai,"8455 NW 234th St, Edmond",(405) 330-9968,Mass,6:00 AM,,Low Mass,English,,note: cancelled if only one priest available
"Thu, Feb 26, 2026",2026-02-26,Thursday,St. Damien of Molokai,"8455 NW 234th St, Edmond",(405) 330-9968,Mass,8:00 AM,,Low Mass,English,,
"Thu, Feb 26, 2026",2026-02-26,Thursday,St. Eugene,"2400 W Hefner Rd, Oklahoma City",(405) 751-7115,Mass,5:30 PM,,Mass,english,Church  ),Non-school days (5/29/25 thru 8/7/25
"Thu, Feb 26, 2026",2026-02-26,Thursday,St. Eugene,"2400 W Hefner Rd, Oklahoma City",(405) 751-7115,Mass,8:15 AM,,Mass,english,Church,School days only
"Thu, Feb 26, 2026",2026-02-26,Thursday,St. Francis Hospital Chapel,"6161 S Yale Ave, Tulsa",,Mass,7:15 AM,,Mass,English,Saint Francis Hospital Chapel,livestream; note: Televised in patient rooms on Channel 15
"Thu, Feb 26, 2026",2026-02-26,Thursday,St. Francis Xavier,"110 N Madison St, Enid",(580) 237-0812,Mass,12:05 PM,,Mass,English,St. Francis Xavier,
"Thu, Feb 26, 2026",2026-02-26,Thursday,St. Francis Xavier,"711 N Country Club Rd, Stillwater",(405) 372-6886,Mass,12:10 PM,,Mass,english,,
"Thu, Feb 26, 2026",2026-02-26,Thursday,St. Francis Xavier,"711 N Country Club Rd, Stillwater",(405) 372-6886,Mass,5:30 PM,,Mass,english,,
"Thu, Feb 26, 2026",2026-02-26,Thursday,St. Francis Xavier,"110 N Madison St, Enid",(580) 237-0812,Mass,8:30 AM,,Mass,English,St. Francis Xavier,note: during school year
"Thu, Feb 26, 2026",2026-02-26,Thursday,St. Francis de Sales,"13 S.E Jefferson St, Idabel",(580) 286-3275,Mass,7:00 AM,,Mass,english,,
"Thu, Feb 26, 2026",2026-02-26,Thursday,St. Francis of Assisi,"610 W 9th St, Newkirk",(580) 382-6008,Mass,9:30 AM,,Mass,English,St. Francis of Assisi,Rosary at 09:00
"Thu, Feb 26, 2026",2026-02-26,Thursday,St. Francis of Assisi,"610 W 9th St, Newkirk",(580) 382-6008,Mass,9:30 AM,,Mass,English,"St. Francis of Assisi, Newkirk",
"Thu, Feb 26, 2026",2026-02-26,Thursday,St. Gregory's Abbey,"1900 W MacArthur St, Shawnee",(405) 878-5491,Mass,5:30 AM,,Vigils,English,,
"Thu, Feb 26, 2026",2026-02-26,Thursday,St. Helen,"507 E Highview Ave, Frederick",(580) 335-3298,Mass,5:30 PM,,Senior Citizen and Caregivers Mass,English,St. Helen Catholic Church,
"Thu, Feb 26, 2026",2026-02-26,Thursday,St. Henry,"8500 N Owasso Expressway, Owasso",(918) 272-3710,Mass,6:00 PM,,Mass,spanish,,
"Thu, Feb 26, 2026",2026-02-26,Thursday,St. Henry,"8500 N Owasso Expressway, Owasso",(918) 272-3710,Mass,8:45 AM,,Mass,english,,
"Thu, Feb 26, 2026",2026-02-26,Thursday,St. James,"5500 Douglas Ln, Bartlesville",(918) 335-0844,Mass,8:30 AM,,Mass,English,St. James Parish - Bartlesville,
"Thu, Feb 26, 2026",2026-02-26,Thursday,St. James the Greater,"4201 S McKinley Ave, Oklahoma City",(405) 636-6800,Mass,6:30 PM,,Mass,spanish,,
"Thu, Feb 26, 2026",2026-02-26,Thursday,St. James the Greater,"4201 S McKinley Ave, Oklahoma City",(405) 636-6800,Mass,8:30 AM,,Mass,English,,
"Thu, Feb 26, 2026",2026-02-26,Thursday,St. John,"300 E Washington Ave, Mcalester",(918) 423-0810,Mass,8:00 AM,,Mass,English,Church,
"Thu, Feb 26, 2026",2026-02-26,Thursday,St. John Before the Latin Gate Catholic Church,"715 S Johnstone Ave, Bartlesville",(918) 336-4353,Mass,7:00 AM,,Mass,English,St. John,
"Thu, Feb 26, 2026",2026-02-26,Thursday,St. John Before the Latin Gate Catholic Church,"715 S Johnstone Ave, Bartlesville",(918) 336-4353,Mass,7:00 PM,,Mass,spanish,St. John,
"Thu, Feb 26, 2026",2026-02-26,Thursday,St. John Catholic Student Center (Oklahoma State University),"201 N Knoblock St, Stillwater",(405) 372-6408,Mass,5:30 PM,,Mass,English,,
"Thu, Feb 26, 2026",2026-02-26,Thursday,St. John Nepomuk,"600 S Garth Brooks Blvd, Yukon",(405) 354-2743,Mass,7:30 AM,,Mass,English,,check the bulletin and website calendar for current Mass times
"Thu, Feb 26, 2026",2026-02-26,Thursday,St. John the Baptist,"900 S Littler Ave, Edmond",(405) 340-0691,Mass,7:30 AM,,Mass,English,St. John the Baptist Catholic Church,
"Thu, Feb 26, 2026",2026-02-26,Thursday,St. Joseph,"290 NW Church St, Krebs",(918) 423-6695,Mass,12:00 PM,,Mass,english,Chapel,
"Thu, Feb 26, 2026",2026-02-26,Thursday,St. Joseph,"211 N Porter, Norman",(405) 321-8080,Mass,12:05 PM,,Mass,english,Chapel,
"Thu, Feb 26, 2026",2026-02-26,Thursday,St. Joseph,"321 N Virginia St, Muskogee",(918) 687-1351,Mass,8:15 AM,,Mass,english,St. Joseph Catholic Church,
"Thu, Feb 26, 2026",2026-02-26,Thursday,St. Joseph,"1300 E Beverly St, Ada",(580) 332-4811,Mass,9:00 AM,,Mass,english,"St. Joseph, Ada",
"Thu, Feb 26, 2026",2026-02-26,Thursday,St. Joseph Old Cathedral,"307 NW 4th St, Oklahoma City",(405) 235-4565,Mass,12:00 PM,,Mass,English,,
"Thu, Feb 26, 2026",2026-02-26,Thursday,St. Joseph [Thánh Giuse],"14905 E 21st St S, Tulsa",(918) 438-1380,Mass,6:00 PM,,Mass,English,,
"Thu, Feb 26, 2026",2026-02-26,Thursday,St. Joseph's Catholic Church,"211 N Porter Ave, Norman",+1-405-321-8080,Mass,12:05 PM,,Mass,english,Chapel,
"Thu, Feb 26, 2026",2026-02-26,Thursday,St. Jude Thaddeus,"600 Davey Dr, Burkburnett",(940) 569-1222,Mass,8:00 AM,,Mass,english,St. Jude Thaddeus,Burkburnett
"Thu, Feb 26, 2026",2026-02-26,Thursday,St. Kateri Tekakwitha,"110841 S 4760 Rd, Roland",(918) 775-6217,Mass,9:00 AM,,Mass,english,St. Kateri Tekakwitha,Roland
"Thu, Feb 26, 2026",2026-02-26,Thursday,St. Mark the Evangelist,"3939 W Tecumseh Rd, Norman",(405) 366-7676,Mass,12:00 PM,,Mass,English,,
"Thu, Feb 26, 2026",2026-02-26,Thursday,St. Mary,"1218 Knox Ave, Clinton",(580) 323-0345,Mass,12:00 PM,,Mass,english,"St. Mary's in Clinton, Ok",
"Thu, Feb 26, 2026",2026-02-26,Thursday,St. Mary,"101 E Street SW, Ardmore",(580) 223-0231,Mass,6:00 PM,,Mass,spanish,,
"Thu, Feb 26, 2026",2026-02-26,Thursday,St. Mary,"1347 E 49th Pl, Tulsa",(918) 749-1423,Mass,6:30 AM,,Mass,English,Church of Saint Mary,
"Thu, Feb 26, 2026",2026-02-26,Thursday,St. Mary,"825 N Weaver St, Gainesville",(940) 665-5395,Mass,8:00 AM,,Mass,english,,
"Thu, Feb 26, 2026",2026-02-26,Thursday,St. Mary,"105 S Barrett St, Henrietta",(940) 538-4214,Mass,8:00 AM,,Mass,english,"St. Mary's Catholic Church, Henrietta TX",
"Thu, Feb 26, 2026",2026-02-26,Thursday,St. Mary,"1230 E 7th St, Joplin",14176233333,Mass,8:30 AM,,Mass,English,St. Mary’s Catholic Church,
"Thu, Feb 26, 2026",2026-02-26,Thursday,St. Mary,"1347 E 49th Pl, Tulsa",(918) 749-1423,Mass,9:00 AM,,Mass,English,Church of Saint Mary,
"Thu, Feb 26, 2026",2026-02-26,Thursday,St. Mary ,"3035 S Central City Rd, Joplin",(417) 623-3333,Mass,8:30 AM,,Mass,English,,
"Thu, Feb 26, 2026",2026-02-26,Thursday,St. Michael,"1025 E Pointer Trail , Van Buren",(479) 471-1211,Mass,8:00 AM,,Mass,English,,
"Thu, Feb 26, 2026",2026-02-26,Thursday,St. Michael,"1004 W Gentry St, Henryetta",(918) 652-3445,Mass,9:00 AM,,Mass,english,St. Michael,
"Thu, Feb 26, 2026",2026-02-26,Thursday,St. Monica,"2001 N Western Ave, Edmond",(405) 359-2700,Mass,5:30 PM,,Mass,English,Chapel,
"Thu, Feb 26, 2026",2026-02-26,Thursday,St. Patrick,"314 N Rusk Ave, Denison",(903) 463-3275,Mass,12:00 PM,,Mass,english,,
"Thu, Feb 26, 2026",2026-02-26,Thursday,St. Patrick,"1101 W Petree Rd, Anadarko",(405) 247-5255,Mass,5:30 PM,,Mass,English,St. Patrick,
"Thu, Feb 26, 2026",2026-02-26,Thursday,St. Patrick,"2121 N Portland Ave, Oklahoma City",(405) 946-4441,Mass,8:15 AM,,Mass,english,,
"Thu, Feb 26, 2026",2026-02-26,Thursday,St. Patrick,"204 E 4th St, Sand Springs",(918) 245-5840,Mass,8:30 AM,,Mass,english,St. Patrick,
"Thu, Feb 26, 2026",2026-02-26,Thursday,St. Paul the Apostle,"3901 S Sunnylane Rd, Del City",(405) 677-4873,Mass,9:00 AM,,Mass,English,,
"Thu, Feb 26, 2026",2026-02-26,Thursday,St. Peter,"E 2 and Quapaw, Lindsay",(405) 527-3077,Mass,12:00 PM,,Mass,english,,
"Thu, Feb 26, 2026",2026-02-26,Thursday,St. Peter,"2020 Oklahoma Ave, Woodward",(580) 256-5305,Mass,12:05 PM,,Mass,english,St. Peter in Woodward,
"Thu, Feb 26, 2026",2026-02-26,Thursday,St. Peter,"424 W Main St, Lindsay",(940) 668-7609,Mass,8:30 AM,,Mass,english,St. Peter's,
"Thu, Feb 26, 2026",2026-02-26,Thursday,St. Peter Catholic Church,"East 2 and Quapaw, Lindsay",+1-405-527-3077,Mass,8:30 AM,,Mass,english,St. Peter's,
"Thu, Feb 26, 2026",2026-02-26,Thursday,St. Peter the Apostle,"812 Pearl Ave, Joplin",(417) 623-8643,Mass,12:00 PM,,Mass,English,Mercy Hospital,
"Thu, Feb 26, 2026",2026-02-26,Thursday,St. Peter the Apostle,"812 Pearl Ave, Joplin",(417) 623-8643,Mass,8:30 AM,,Mass,English,,
"Thu, Feb 26, 2026",2026-02-26,Thursday,St. Philip Neri,"1107 Felix Pl, Midwest City",(405) 737-4476,Mass,2:30 PM,,Mass,English,,check the calendar for this week's masses
"Thu, Feb 26, 2026",2026-02-26,Thursday,St. Philip Neri Newman Center,"440 S Florence Ave, Tulsa",19185990204,Mass,5:15 PM,,Mass,English,,during the academic year
"Thu, Feb 26, 2026",2026-02-26,Thursday,St. Philip Neri Newman Center,"440 S Florence Ave, Tulsa",(918) 599-0204,Mass,5:15 PM,,Mass,English,,during the academic year
"Thu, Feb 26, 2026",2026-02-26,Thursday,St. Pius X,"1727 S 75th E Ave, Tulsa",(918) 622-4488,Mass,7:00 PM,,Mass,spanish,,
"Thu, Feb 26, 2026",2026-02-26,Thursday,St. Pius X,"1727 S 75th E Ave, Tulsa",(918) 622-4488,Mass,8:30 AM,,Mass,english,,
"Thu, Feb 26, 2026",2026-02-26,Thursday,St. Rose of Lima,"900 N Clarence Nash Blvd, Watonga",(580) 623-7740,Mass,8:00 AM,,Mass,english,,
"Thu, Feb 26, 2026",2026-02-26,Thursday,St. Stephen,"515 E Hwy, Holdenville",918-652-3445,Mass,5:30 PM,,Mass,english,St. Stephen,
"Thu, Feb 26, 2026",2026-02-26,Thursday,St. Teresa,"716 W Broadway St, Okemah",(918) 652-3445,Mass,5:30 PM,,Mass,english,St. Teresa,
"Thu, Feb 26, 2026",2026-02-26,Thursday,St. Therese,"1007 N 19th St, Collinsville",(918) 371-2704,Mass,9:00 AM,,Mass,english,,
"Thu, Feb 26, 2026",2026-02-26,Thursday,St. William,"802 W University Blvd, Durant",580-924-1989,Mass,7:00 PM,,Mass,spanish,"St. William, Durant",
"Thu, Feb 26, 2026",2026-02-26,Thursday,Sts. Peter and Paul,"122 N Main St (New Location), Lincoln",(479) 824-4101,Mass,6:00 PM,,Mass,spanish,Sts. Peter and Paul Church,
"Thu, Feb 26, 2026",2026-02-26,Thursday,Sts. Peter and Paul,"1419 N 67th E Ave, Tulsa",(918) 836-2596,Mass,6:00 PM,,Mass,spanish,,
"Thu, Feb 26, 2026",2026-02-26,Thursday,Sts. Peter and Paul,"309 S Main St, Kingfisher",(405) 375-4616 ,Mass,8:00 AM,,Mass,english,,
"Thu, Feb 26, 2026",2026-02-26,Thursday,Sts. Peter and Paul,"1419 N 67th E Ave, Tulsa",(918) 836-2596,Mass,8:00 AM,,Mass,english,,
"Thu, Feb 26, 2026",2026-02-26,Thursday,Blessed Sacrament,"12 SW 7th St, Lawton",(580) 355-2054,Confession,TBD,,Confession,English,,after
"Thu, Feb 26, 2026",2026-02-26,Thursday,Blessed Stanley Rother Shrine,"700 SE 89th St, Oklahoma City",(405) 421-9800,Confession,11:30 AM,12:00 PM,Confession,English,Blessed Stanley Rother Shrine,
"Thu, Feb 26, 2026",2026-02-26,Thursday,Corpus Christi,"1616 N Kelley Ave, Oklahoma City",(405) 236-4301,Confession,11:40 AM,12:05 PM,Confession,English,Corpus Christi Church,
"Thu, Feb 26, 2026",2026-02-26,Thursday,Holy Family Cathedral,"820 S Boulder Ave, Tulsa",918-582-6247,Confession,11:35 AM,,Confessions,English,Holy Family Cathedral,
"Thu, Feb 26, 2026",2026-02-26,Thursday,Holy Family Cathedral,"820 S Boulder Ave, Tulsa",918-582-6247,Confession,6:30 AM,,Confessions,English,Holy Family Cathedral,
"Thu, Feb 26, 2026",2026-02-26,Thursday,Holy Name,"408 Willow St, Coffeyville",(620) 251-0475,Confession,7:45 AM,8:10 AM,Confessions,English,Holy Name Catholic Church,
"Thu, Feb 26, 2026",2026-02-26,Thursday,Immaculate Conception,"22 N 13th St, Fort Smith",(479) 783-7963,Confession,5:00 PM,,Confessions,English,Church,note: through screen only
"Thu, Feb 26, 2026",2026-02-26,Thursday,Immaculate Conception,"1314 Lynn Ave, Pawhuska",(918) 287-1414,Confession,5:30 PM,,Confession,English,Pawhuska,
"Thu, Feb 26, 2026",2026-02-26,Thursday,Little Flower Church (Our Lady of Mount Carmel and St. Thérèse of Lisieux),"1125 S Walker Ave, Oklahoma City",(405) 235-2037,Confession,5:00 PM,,Confession,English,Church,
"Thu, Feb 26, 2026",2026-02-26,Thursday,National Shrine of the Infant Jesus of Prague,"304 Jim Thorpe Blvd, Prague",(405) 567-3080,Confession,4:00 AM,6:00 AM,Confessions,English,National Shrine of the Infant Jesus,after Mass
"Thu, Feb 26, 2026",2026-02-26,Thursday,National Shrine of the Infant Jesus of Prague,"304 Jim Thorpe Blvd, Prague",(405) 567-3080,Confession,8:30 AM,3:00 PM,Confessions,English,National Shrine of the Infant Jesus,or by appointment
"Thu, Feb 26, 2026",2026-02-26,Thursday,Our Lady of Victory,"307 W Jefferson St, Purcell",(405) 527-3077,Confession,11:30 AM,,Confession,English,,or After Mass
"Thu, Feb 26, 2026",2026-02-26,Thursday,Our Lady of Victory,"3300 Clarksville St, Paris",(903) 784-1000,Confession,6:00 PM,6:45 PM,Confession,English,,
"Thu, Feb 26, 2026",2026-02-26,Thursday,Queen of All Saints,"914 N 5th St, Sayre",(580) 225-0066,Confession,4:15 PM,5:15 PM,Adoration and Confession,English,Sayre,exposition; benediction
"Thu, Feb 26, 2026",2026-02-26,Thursday,Sacred Heart,"2706 S Shartel Ave, Oklahoma City",(405) 634-2458,Confession,5:30 PM,,Confessions,English,,
"Thu, Feb 26, 2026",2026-02-26,Thursday,Sacred Heart,"320 S B Street, Arkansas City",(620) 442-0566,Confession,6:00 PM,7:00 PM,Confession,English,Sacred Heart Catholic Church,
"Thu, Feb 26, 2026",2026-02-26,Thursday,Sacred Heart of Mary,"1301 Frank St, Barling",(479) 452-1795 or (479) 522-4245 (Fr. Tuyen),Confession,6:00 PM,6:20 PM,Confessions,vietnamese,"Sacred Heart of Mary, Barling",
"Thu, Feb 26, 2026",2026-02-26,Thursday,St Catherine of Alexandria Catholic Church,"4532 S 25th W Ave, Tulsa",(918) 446-8124,Confession,TBD,,Confession,English,,before Mass; as requested
"Thu, Feb 26, 2026",2026-02-26,Thursday,St Thomas More University Parish and Student Center,"100 Stinson St, Norman",(405) 321-0990,Confession,12:00 PM,1:00 PM,Reconciliation,English,Church Office,
"Thu, Feb 26, 2026",2026-02-26,Thursday,St. Andrew Dung-Lac,"3115 SW 59th St, Oklahoma City",(405) 681-2665,Confession,5:00 PM,,Confessions,English,3115 S. W. 59th St Oklahoma City,30 phút trước thánh lễ
"Thu, Feb 26, 2026",2026-02-26,Thursday,St. Clement,"15501 S Memorial Dr, Bixby",(918) 366-3166,Confession,6:30 PM,7:25 PM,Reconciliation,English,St. Clement Catholic Church,or by appointment
"Thu, Feb 26, 2026",2026-02-26,Thursday,St. Francis Xavier,"711 N Country Club Rd, Stillwater",(405) 372-6886,Confession,11:30 AM,12:00 PM,Confession,english,,
"Thu, Feb 26, 2026",2026-02-26,Thursday,St. Helen,"507 E Highview Ave, Frederick",(580) 335-3298,Confession,5:00 PM,,Confessions,English,St. Helen Catholic Church,
"Thu, Feb 26, 2026",2026-02-26,Thursday,St. James the Greater,"4201 S McKinley Ave, Oklahoma City",(405) 636-6800,Confession,6:00 PM,7:00 PM,Confessions,bilingual,,
"Thu, Feb 26, 2026",2026-02-26,Thursday,St. John Catholic Student Center (Oklahoma State University),"201 N Knoblock St, Stillwater",(405) 372-6408,Confession,4:30 PM,5:20 PM,Confession,English,,
"Thu, Feb 26, 2026",2026-02-26,Thursday,St. Joseph,"211 N Porter, Norman",(405) 321-8080,Confession,11:00 AM,,Confession,English,Chapel Confessional,
"Thu, Feb 26, 2026",2026-02-26,Thursday,St. Joseph,"1300 E Beverly St, Ada",(580) 332-4811,Confession,12:30 PM,,Confessions,English,"St. Joseph, Ada",note: after 12:00 Mass
"Thu, Feb 26, 2026",2026-02-26,Thursday,St. Joseph Old Cathedral,"307 NW 4th St, Oklahoma City",(405) 235-4565,Confession,10:45 AM,11:45 AM,Reconciliation,English,,
"Thu, Feb 26, 2026",2026-02-26,Thursday,St. Joseph's Catholic Church,"211 N Porter Ave, Norman",+1-405-321-8080,Confession,11:00 AM,,Confession,English,Chapel Confessional,
"Thu, Feb 26, 2026",2026-02-26,Thursday,St. Michael,"1025 E Pointer Trail , Van Buren",(479) 471-1211,Confession,TBD,,Confessions,English,,30 minutes before each Weekday Mass; except on Tuesday morning and Wednesday evening
"Thu, Feb 26, 2026",2026-02-26,Thursday,St. Monica,"2001 N Western Ave, Edmond",(405) 359-2700,Confession,4:15 PM,,Confession,English,Confessional,
"Thu, Feb 26, 2026",2026-02-26,Thursday,St. Pius X,"1727 S 75th E Ave, Tulsa",(918) 622-4488,Confession,6:00 PM,,Reconciliation,spanish,,
"Thu, Feb 26, 2026",2026-02-26,Thursday,St. Stephen,"515 E Hwy, Holdenville",918-652-3445,Confession,5:00 PM,5:15 PM,Confession,English,,St. Stephen
"Thu, Feb 26, 2026",2026-02-26,Thursday,St. Therese,"1007 N 19th St, Collinsville",(918) 371-2704,Confession,9:30 AM,9:55 AM,Confession,English,,
"Thu, Feb 26, 2026",2026-02-26,Thursday,St. Thomas More,"2720 S 129th E Ave, Tulsa",(918) 437-0168,Confession,6:30 PM,7:30 PM,Confession,spanish,St. Thomas More Parish,
"Thu, Feb 26, 2026",2026-02-26,Thursday,Sts. Peter and Paul,"122 N Main St (New Location), Lincoln",(479) 824-4101,Confession,5:00 PM,5:45 PM,Confession,English,Sts. Peter and Paul Church,note: or by appointment
"Thu, Feb 26, 2026",2026-02-26,Thursday,Assumption of the Blessed Virgin Mary,"711 W Hickory Ave, Duncan",(580) 255-0590,Adoration,TBD,,Adoration,English,Duncan/Marlow,30 minutes before Mass; exposition
"Thu, Feb 26, 2026",2026-02-26,Thursday,Blessed Stanley Rother Shrine,"700 SE 89th St, Oklahoma City",(405) 421-9800,Adoration,1:00 PM,2:00 PM,Adoration,English,Blessed Stanley Rother Shrine,exposition
"Thu, Feb 26, 2026",2026-02-26,Thursday,Holy Cross,"1010 S Fifth Ave, Madill",(580) 795-3721,Adoration,8:00 PM,9:00 PM,Adoration,English,,exposition
"Thu, Feb 26, 2026",2026-02-26,Thursday,Immaculate Conception,"1314 Lynn Ave, Pawhuska",(918) 287-1414,Adoration,10:00 AM,6:00 PM,Adoration,English,Pawhuska,adoration
"Thu, Feb 26, 2026",2026-02-26,Thursday,Little Flower Church (Our Lady of Mount Carmel and St. Thérèse of Lisieux),"1125 S Walker Ave, Oklahoma City",(405) 235-2037,Adoration,5:00 PM,6:15 PM,Eucharistic Adoration,English,,
"Thu, Feb 26, 2026",2026-02-26,Thursday,Our Lady of Victory,"307 W Jefferson St, Purcell",(405) 527-3077,Adoration,11:30 AM,,Adoration,English,,
"Thu, Feb 26, 2026",2026-02-26,Thursday,Our Lady of the Lake,"450 E Cimarron Dr, Mannford",918-245-5840,Adoration,5:00 PM,,Adoration,English,,exposition
"Thu, Feb 26, 2026",2026-02-26,Thursday,Parish of Christ the King,"1520 S Rockford Ave, Tulsa",+1-918-584-4788,Adoration,9:00 AM,9:00 PM,Adoration,English,"Mary, Queen of Peace Chapel",
"Thu, Feb 26, 2026",2026-02-26,Thursday,Sacred Heart,"1777 E Grayson Ave, Sapulpa",(918) 224-0944,Adoration,7:00 PM,8:00 PM,Exposition of the Blessed Sacrament,spanish,,
"Thu, Feb 26, 2026",2026-02-26,Thursday,Sacred Heart,"2706 S Shartel Ave, Oklahoma City",(405) 634-2458,Adoration,7:30 AM,10:30 PM,Adoration,English,,exposition
"Thu, Feb 26, 2026",2026-02-26,Thursday,Saint Patrick Catholic Church,"202 E Ohio Ave, Walters",+1-580-255-0590,Adoration,TBD,,Adoration,English,,30 minutes before Mass
"Thu, Feb 26, 2026",2026-02-26,Thursday,San Jose,"12th St and Lincoln St, Ryan",(580) 255-0590,Adoration,TBD,,Adoration,English,,30 minutes before Mass; exposition
"Thu, Feb 26, 2026",2026-02-26,Thursday,St. Anne,"301 S 9th St, Broken Arrow",(918) 251-4000,Adoration,9:00 AM,9:00 PM,Adoration,English,Chapel,exposition
"Thu, Feb 26, 2026",2026-02-26,Thursday,St. Anthony of Padua,"1510 N Calhoun Ave , Liberal",(620) 624-4135,Adoration,5:00 PM,6:00 PM,Adoration,English,,
"Thu, Feb 26, 2026",2026-02-26,Thursday,St. Bernard of Clairvaux,"4001 E 101st St, Tulsa",(918) 299-9406,Adoration,9:00 AM,8:00 PM,Adoration of the Blessed Sacrament,English,Good Shepherd Chapel,exposition; chapel
"Thu, Feb 26, 2026",2026-02-26,Thursday,St. Catherine of Siena,"205 W Bert St, Pauls Valley",(405) 238-3741,Adoration,6:00 PM,7:00 PM,Adoration,English,,exposition
"Thu, Feb 26, 2026",2026-02-26,Thursday,St. Clement,"15501 S Memorial Dr, Bixby",(918) 366-3166,Adoration,6:30 PM,,Adoration,spanish,St. Clement Catholic Church,
"Thu, Feb 26, 2026",2026-02-26,Thursday,St. Francis of Assisi,"610 W 9th St, Newkirk",(580) 382-6008,Adoration,6:00 PM,7:00 PM,Adoration,English,St. Francis,
"Thu, Feb 26, 2026",2026-02-26,Thursday,St. Gregory the Great,"1924 W Willow Rd, Enid",(580) 233-4589,Adoration,8:30 AM,3:30 PM,Adoration,English,Adoration Chapel,exposition
"Thu, Feb 26, 2026",2026-02-26,Thursday,St. James the Greater,"4201 S McKinley Ave, Oklahoma City",(405) 636-6800,Adoration,8:30 AM,5:30 PM,Adoration,English,,
"Thu, Feb 26, 2026",2026-02-26,Thursday,St. Joseph,"290 NW Church St, Krebs",(918) 423-6695,Adoration,11:00 AM,12:00 PM,Adoration,English,,exposition
"Thu, Feb 26, 2026",2026-02-26,Thursday,St. Joseph Old Cathedral,"307 NW 4th St, Oklahoma City",(405) 235-4565,Adoration,12:30 PM,7:00 PM,Adoration,English,,exposition
"Thu, Feb 26, 2026",2026-02-26,Thursday,St. Joseph Old Cathedral,"307 NW 4th St, Oklahoma City",(405) 235-4565,Adoration,TBD,,Adoration,English,,during Reconciliation; exposition
"Thu, Feb 26, 2026",2026-02-26,Thursday,St. Mary,"1347 E 49th Pl, Tulsa",(918) 749-1423,Adoration,12:00 AM,11:59 PM,Adoration,English,Chapel,
"Thu, Feb 26, 2026",2026-02-26,Thursday,St. Patrick,"2121 N Portland Ave, Oklahoma City",(405) 946-4441,Adoration,9:00 AM,7:55 PM,Adoration,English,,tags: exposition
"Thu, Feb 26, 2026",2026-02-26,Thursday,St. Peter,"424 W Main St, Lindsay",(940) 668-7609,Adoration,3:00 PM,9:00 PM,Adoration,English,,
"Thu, Feb 26, 2026",2026-02-26,Thursday,St. Peter Catholic Church,"East 2 and Quapaw, Lindsay",+1-405-527-3077,Adoration,3:00 PM,9:00 PM,Adoration,English,,exposition
"Thu, Feb 26, 2026",2026-02-26,Thursday,St. Pius X,"1727 S 75th E Ave, Tulsa",(918) 622-4488,Adoration,6:00 PM,7:00 PM,Adoration,English,,exposition
"Thu, Feb 26, 2026",2026-02-26,Thursday,Sts. Peter and Paul,"122 N Main St (New Location), Lincoln",(479) 824-4101,Adoration,6:00 AM,,Adoration,English,Sts. Peter and Paul Church,TIME_TBD
"Thu, Feb 26, 2026",2026-02-26,Thursday,Blessed Sacrament,"12 SW 7th St, Lawton",(580) 355-2054,Devotions,6:30 PM,,Holy Hour,English,,exposition
"Thu, Feb 26, 2026",2026-02-26,Thursday,Our Lady of the Lake,"450 E Cimarron Dr, Mannford",918-245-5840,Devotions,8:00 AM,,Rosary,English,,chapel
"Thu, Feb 26, 2026",2026-02-26,Thursday,Sacred Heart,"2515 N Main St, Miami",(918) 542-5281,Devotions,6:30 AM,,Morning Prayer,english,Sacred Heart Catholic Church,
"Thu, Feb 26, 2026",2026-02-26,Thursday,Sacred Heart,"109 W 5th St, Skiatook",(918) 396-1179,Devotions,8:30 AM,,Rosary,English,Sacred Heart Church,
"Thu, Feb 26, 2026",2026-02-26,Thursday,St. Francis Xavier,"2434 E Admiral Blvd, Tulsa",(918) 592-6770,Devotions,7:00 PM,8:00 PM,Holy Hour for Vocations,English,Different Parish each month,check often; exposition
"Thu, Feb 26, 2026",2026-02-26,Thursday,St. Francis of Assisi,"610 W 9th St, Newkirk",(580) 382-6008,Devotions,9:00 AM,9:30 AM,Rosary,English,"St. Francis of Assisi, Newkirk",before Mass
"Thu, Feb 26, 2026",2026-02-26,Thursday,St. Gregory's Abbey,"1900 W MacArthur St, Shawnee",(405) 878-5491,Devotions,5:00 PM,,Vespers,English,,
"Thu, Feb 26, 2026",2026-02-26,Thursday,St. Gregory's Abbey,"1900 W MacArthur St, Shawnee",(405) 878-5491,Devotions,7:15 AM,,Lauds,English,,
"Thu, Feb 26, 2026",2026-02-26,Thursday,St. Gregory's Abbey,"1900 W MacArthur St, Shawnee",(405) 878-5491,Devotions,7:15 PM,,Compline,English,,
"Thu, Feb 26, 2026",2026-02-26,Thursday,St. James,"5500 Douglas Ln, Bartlesville",(918) 335-0844,Devotions,9:00 AM,10:00 AM,Holy Hour,English,St. James Parish - Bartlesville,
"Thu, Feb 26, 2026",2026-02-26,Thursday,St. Patrick,"2121 N Portland Ave, Oklahoma City",(405) 946-4441,Devotions,6:30 PM,,Lenten Rosary,English,,Lenten Rosary
"Thu, Feb 26, 2026",2026-02-26,Thursday,St. Peter,"2020 Oklahoma Ave, Woodward",(580) 256-5305,Devotions,11:30 AM,,Rosary,english,St. Peter in Woodward,
"Thu, Feb 26, 2026",2026-02-26,Thursday,St. Augustine,"1720 E Apache St, Tulsa",918-607-8681,Education,3:30 PM,6:00 PM,CCD,English,CCD Bldg,
"Thu, Feb 26, 2026",2026-02-26,Thursday,Holy Family,"1010 NW 82nd St, Lawton",(580) 536-6351,Other,TBD,,Adult Education Program,English,Church,Adult Education Program; CCD; check bulletin
"Thu, Feb 26, 2026",2026-02-26,Thursday,St. Barbara Catholic Community  (Grieson Chapel),"3280 Crane Ave, Fort Sill",(580) 442-3302,Other,11:45 AM,,Service,English,Grierson Hill Chapel,GHC
"Thu, Feb 26, 2026",2026-02-26,Thursday,St. Gregory's Abbey,"1900 W MacArthur St, Shawnee",(405) 878-5491,Other,12:00 PM,,Sext,English,,
"Thu, Feb 26, 2026",2026-02-26,Thursday,St. Gregory's Abbey,"1900 W MacArthur St, Shawnee",(405) 878-5491,Other,12:50 PM,,None,English,,
"Thu, Feb 26, 2026",2026-02-26,Thursday,St. Gregory's Abbey,"1900 W MacArthur St, Shawnee",(405) 878-5491,Other,8:15 AM,,Eucharist,English,,
"Thu, Feb 26, 2026",2026-02-26,Thursday,St. Joseph [Thánh Giuse],"14905 E 21st St S, Tulsa",(918) 438-1380,Other,5:30 PM,,Prayer,English,,
"Thu, Feb 26, 2026",2026-02-26,Thursday,St. Patrick,"2121 N Portland Ave, Oklahoma City",(405) 946-4441,Other,7:00 PM,,Penance Service,English,,Penance Service
"Thu, Feb 26, 2026",2026-02-26,Thursday,St. Scholastica Monastery,"1315 S Albert Pike Ave, Fort Smith",(479) 783-4147,Other,11:50 AM,,Noon Praise,English,St. Scholastica Monastery,
"Thu, Feb 26, 2026",2026-02-26,Thursday,St. Scholastica Monastery,"1315 S Albert Pike Ave, Fort Smith",(479) 783-4147,Other,5:00 PM,,Evening Praise,English,St. Scholastica Monastery,
"Thu, Feb 26, 2026",2026-02-26,Thursday,St. Scholastica Monastery,"1315 S Albert Pike Ave, Fort Smith",(479) 783-4147,Other,7:00 AM,,Morning Praise,English,St. Scholastica Monastery,
"Thu, Feb 26, 2026",2026-02-26,Thursday,St. Scholastica Monastery,"1315 S Albert Pike Ave, Fort Smith",(479) 783-4147,Other,7:30 AM,,Eucharist,English,St. Scholastica Monastery,
"Thu, Feb 26, 2026",2026-02-26,Thursday,St. Therese of the Child Jesus (Maronite),"8315 S 107th E Ave, Tulsa",(918) 872-7400,Other,5:30 PM,,,English,,
"Thu, Feb 26, 2026",2026-02-26,Thursday,Tinker AFB Chapel,"Bldg 5701 6170 Arnold St, Oklahoma City",(405) 734-2111,Other,12:00 AM,,Latté Lounge,English,,TIME_TBD; note: afternoons and evenings; for dormitory residents E-4 and below
"Thu, Feb 26, 2026",2026-02-26,Thursday,St. James the Greater,"4201 S McKinley Ave, Oklahoma City",(405) 636-6800,Sacraments,5:30 PM,,Anointing of the Sick,English,,or by appt
"Fri, Feb 27, 2026",2026-02-27,Friday,Assumption of the Blessed Virgin Mary,"711 W Hickory Ave, Duncan",(580) 255-0590,Mass,12:10 PM,,Mass,english,Duncan,
"Fri, Feb 27, 2026",2026-02-27,Friday,Blessed Sacrament,"12 SW 7th St, Lawton",(580) 355-2054,Mass,7:30 AM,,Daily Mass,English,,
"Fri, Feb 27, 2026",2026-02-27,Friday,Blessed Sacrament,"520 N St, Thomas",15807723209,Mass,9:00 AM,,Mass,english,St. Eugene,
"Fri, Feb 27, 2026",2026-02-27,Friday,Blessed Stanley Rother Shrine,"700 SE 89th St, Oklahoma City",(405) 421-9800,Mass,12:15 PM,,Mass,english,Blessed Stanley Rother Shrine,
"Fri, Feb 27, 2026",2026-02-27,Friday,Cathedral of Our Lady of Perpetual Help,"3214 N Lake Ave, Oklahoma City",(405) 525-2349,Mass,7:00 AM,,Mass,English,,
"Fri, Feb 27, 2026",2026-02-27,Friday,Chapel of St. Joseph,"7th and Seminole, Wewoka",(405) 382-3602,Mass,12:10 PM,,Mass,english,,
"Fri, Feb 27, 2026",2026-02-27,Friday,Christ the King,"1520 S Rockford Ave, Tulsa",(918) 584-4788,Mass,5:30 PM,,Mass,english,,
"Fri, Feb 27, 2026",2026-02-27,Friday,Christ the King,"8005 Dorset Dr, Oklahoma City",(405) 842-1481,Mass,7:00 AM,,Mass,english,,
"Fri, Feb 27, 2026",2026-02-27,Friday,Christ the King,"2112 S Greenwood Ave, Fort Smith",(479) 783-7745,Mass,8:15 AM,,Mass,english,Chapel,
"Fri, Feb 27, 2026",2026-02-27,Friday,Christ the King,"1520 S Rockford Ave, Tulsa",(918) 584-4788,Mass,8:15 AM,,Mass,english,,
"Fri, Feb 27, 2026",2026-02-27,Friday,Church of Saint Benedict,"2200 W Ithica St, Broken Arrow",+1-918-455-4451,Mass,6:30 AM,,Mass,English,,
"Fri, Feb 27, 2026",2026-02-27,Friday,Church of Saint Benedict,"2200 W Ithica St, Broken Arrow",+1-918-455-4451,Mass,8:30 AM,,Mass,English,,
"Fri, Feb 27, 2026",2026-02-27,Friday,Corpus Christi,"1616 N Kelley Ave, Oklahoma City",(405) 236-4301,Mass,12:10 PM,,Mass,English,Corpus Christi,Chapel
"Fri, Feb 27, 2026",2026-02-27,Friday,Epiphany of the Lord,"7336 W Britton Rd, Oklahoma City",(405) 722-2110,Mass,8:00 AM,,Mass,English,,exception: No daily Mass on Holy Days of Obligation
"Fri, Feb 27, 2026",2026-02-27,Friday,Holy Cross,"1010 S Fifth Ave, Madill",(580) 795-3721,Mass,7:00 PM,,Mass,spanish,,
"Fri, Feb 27, 2026",2026-02-27,Friday,Holy Cross,"1010 S Fifth Ave, Madill",(580) 795-3721,Mass,8:00 AM,,Mass,english,,
"Fri, Feb 27, 2026",2026-02-27,Friday,Holy Cross,"708 SW 15th St, Wagoner",539-209-9988,Mass,8:30 AM,,Mass,English,"Holy Cross Catholic Church, Wagoner, OK",
"Fri, Feb 27, 2026",2026-02-27,Friday,Holy Family,"1010 NW 82nd St, Lawton",(580) 536-6351,Mass,12:00 PM,,Mass,English,Church,
"Fri, Feb 27, 2026",2026-02-27,Friday,Holy Family Cathedral,"820 S Boulder Ave, Tulsa",918-582-6247,Mass,12:05 PM,,Mass,English,Holy Family Cathedral,
"Fri, Feb 27, 2026",2026-02-27,Friday,Holy Family Cathedral,"820 S Boulder Ave, Tulsa",918-582-6247,Mass,7:00 AM,,Mass,English,Holy Family Cathedral,
"Fri, Feb 27, 2026",2026-02-27,Friday,Holy Name,"408 Willow St, Coffeyville",(620) 251-0475,Mass,8:15 AM,,Mass,English,Holy Name Catholic Church,
"Fri, Feb 27, 2026",2026-02-27,Friday,Holy Name of Jesus,"210 S 7th St, Chickasha",(405) 224-6068,Mass,12:00 PM,,Mass,english,,
"Fri, Feb 27, 2026",2026-02-27,Friday,Holy Rosary,"912 Cherokee Ave, Hartshorne",(918) 308-3312,Mass,9:00 AM,,Mass,english,Holy Rosary Parish,Hartshorne
"Fri, Feb 27, 2026",2026-02-27,Friday,Holy Spirit,"1100 N Sara Rd, Mustang",(405) 376-9435,Mass,7:00 AM,,Mass,english,Holy Spirit Catholic Church,
"Fri, Feb 27, 2026",2026-02-27,Friday,Holy Trinity,"211 W Missouri Ave, Okarche",(405) 263-7930,Mass,8:00 AM,,Mass,English,,
"Fri, Feb 27, 2026",2026-02-27,Friday,Immaculate Conception,"1314 Lynn Ave, Pawhuska",(918) 287-1414,Mass,6:15 PM,,Mass,English,Pawhuska,
"Fri, Feb 27, 2026",2026-02-27,Friday,Immaculate Conception,"22 N 13th St, Fort Smith",(479) 783-7963,Mass,7:00 AM,,Mass,english,,
"Fri, Feb 27, 2026",2026-02-27,Friday,Immaculate Conception,"502 N Bagwell St, Poteau",(918) 647-3475,Mass,8:30 AM,,Mass,English,Immaculate Conception Church,
"Fri, Feb 27, 2026",2026-02-27,Friday,Immaculate Conception Catholic Church,"196 Bearden Springs Rd, Hugo",(580) 326-7300,Mass,9:00 AM,,Mass,English,Immaculate Conception Catholic Church,
"Fri, Feb 27, 2026",2026-02-27,Friday,Immaculate Heart of Mary,"239 N Freehome Ave, Calumet",(405) 263-7930,Mass,8:00 AM,,Mass,English,,
"Fri, Feb 27, 2026",2026-02-27,Friday,Little Flower Church (Our Lady of Mount Carmel and St. Thérèse of Lisieux),"1125 S Walker Ave, Oklahoma City",(405) 235-2037,Mass,6:30 PM,,Mass,spanish,Church,
"Fri, Feb 27, 2026",2026-02-27,Friday,Most Precious Blood,"3029 S 57th W Ave, Tulsa",918-615-8404,Mass,7:15 AM,,Holy Mass,English,,Low Mass
"Fri, Feb 27, 2026",2026-02-27,Friday,National Shrine of the Infant Jesus of Prague,"304 Jim Thorpe Blvd, Prague",(405) 567-3080,Mass,9:00 AM,,Mass,bilingual,National Shrine of the Infant Jesus,
"Fri, Feb 27, 2026",2026-02-27,Friday,Our Lady of Clear Creek Abbey,"5804 W Monastery Rd, Hulbert",(918) 772-2454,Mass,6:50 AM,,Low Mass,English,,
"Fri, Feb 27, 2026",2026-02-27,Friday,Our Lady of Guadalupe,"400 W 9th St, Dewey",(918) 534-3420,Mass,12:00 PM,,Mass,English,"400 W. 9th St. Dewey, OK 74029",
"Fri, Feb 27, 2026",2026-02-27,Friday,Our Lady of Guadalupe,"523 E Chestnut St, Hollis",(580) 688-2233,Mass,6:00 PM,7:00 PM,Mass,english,Our Lady of Guadalupe Church,
"Fri, Feb 27, 2026",2026-02-27,Friday,Our Lady of Victory,"3300 Clarksville St, Paris",(903) 784-1000,Mass,8:00 AM,,Mass,english,,
"Fri, Feb 27, 2026",2026-02-27,Friday,Our Lady of the Lake,"450 E Cimarron Dr, Mannford",918-245-5840,Mass,8:30 AM,,Mass,English,,
"Fri, Feb 27, 2026",2026-02-27,Friday,Our Mother of Mercy,"1325 Main St, Waynoka",(580) 327-0339,Mass,12:15 PM,,Mass,English,Chapel Parish Hall,check bulletin for occasional cancellations
"Fri, Feb 27, 2026",2026-02-27,Friday,Parish of Christ the King,"1520 S Rockford Ave, Tulsa",+1-918-584-4788,Mass,5:30 PM,,Mass,english,,
"Fri, Feb 27, 2026",2026-02-27,Friday,Parish of Christ the King,"1520 S Rockford Ave, Tulsa",+1-918-584-4788,Mass,8:15 AM,,Mass,english,,
"Fri, Feb 27, 2026",2026-02-27,Friday,Queen of All Saints,"914 N 5th St, Sayre",(580) 225-0066,Mass,12:10 PM,12:45 PM,Daily Mass,English,,
"Fri, Feb 27, 2026",2026-02-27,Friday,Resurrection,"4804 S Fulton Ave, Tulsa",(918) 663-1907,Mass,8:30 AM,,Mass,english,,
"Fri, Feb 27, 2026",2026-02-27,Friday,ST MARK CATHOLIC CHURCH,"1507 S Vann St, Pryor",+1-918-825-4186,Mass,8:15 AM,,Mass,English,,
"Fri, Feb 27, 2026",2026-02-27,Friday,Sacred Heart,"2515 N Main St, Miami",(918) 542-5281,Mass,12:10 PM,,Mass,english,Sacred Heart Catholic Church,
"Fri, Feb 27, 2026",2026-02-27,Friday,Sacred Heart,"627 12th St, Alva",(580) 327-0339,Mass,12:15 PM,,Mass,English,"Chapel Parish Hall, Alva",check bulletin for occasional cancellations
"Fri, Feb 27, 2026",2026-02-27,Friday,Sacred Heart,"409 N Byers Ave, Mangum",(580) 782-2657,Mass,5:00 PM,,Mass,english,Sacred Heart Church,note: Every other Friday
"Fri, Feb 27, 2026",2026-02-27,Friday,Sacred Heart,"2706 S Shartel Ave, Oklahoma City",(405) 634-2458,Mass,6:30 PM,,Mass,spanish,,
"Fri, Feb 27, 2026",2026-02-27,Friday,Sacred Heart,"2706 S Shartel Ave, Oklahoma City",(405) 634-2458,Mass,7:00 AM,,Mass,english,,
"Fri, Feb 27, 2026",2026-02-27,Friday,Sacred Heart,"320 S B Street, Arkansas City",(620) 442-0566,Mass,8:00 AM,,Mass,english,Sacred Heart Catholic Church,
"Fri, Feb 27, 2026",2026-02-27,Friday,Sacred Heart,"301 N Hooker, Caney",(620) 647-3577,Mass,8:00 AM,,Mass,English,Caney - Sacred Heart,
"Fri, Feb 27, 2026",2026-02-27,Friday,Sacred Heart,"714 N Main St, Muenster",(940) 759-2500,Mass,8:00 AM,,Mass,english,,
"Fri, Feb 27, 2026",2026-02-27,Friday,Sacred Heart,"1777 E Grayson Ave, Sapulpa",(918) 224-0944,Mass,9:00 AM,,Mass,english,,
"Fri, Feb 27, 2026",2026-02-27,Friday,Sacred Heart,"109 W 5th St, Skiatook",(918) 396-1179,Mass,9:00 AM,,Mass,English,Sacred Heart Church,
"Fri, Feb 27, 2026",2026-02-27,Friday,Sacred Heart of Mary,"1301 Frank St, Barling",(479) 452-1795 or (479) 522-4245 (Fr. Tuyen),Mass,7:00 PM,,Mass,vietnamese,"Sacred Heart of Mary, Barling",
"Fri, Feb 27, 2026",2026-02-27,Friday,Sacred Heart of Mary,"1301 Frank St, Barling",(479) 452-1795 or (479) 522-4245 (Fr. Tuyen),Mass,8:00 AM,,Mass,english,"Sacred Heart of Mary, Barling",
"Fri, Feb 27, 2026",2026-02-27,Friday,St Catherine of Alexandria Catholic Church,"4532 S 25th W Ave, Tulsa",(918) 446-8124,Mass,8:00 AM,,Mass,english,,
"Fri, Feb 27, 2026",2026-02-27,Friday,St Joseph Catholic Church,"321 N Virginia St, Muskogee",+1-918-687-1351,Mass,8:15 AM,,Mass,english,St. Joseph Catholic Church,
"Fri, Feb 27, 2026",2026-02-27,Friday,St Matthew's Catholic Church-Elk City,"3001 E State Hwy 66, Elk City",+1-580-225-0066,Mass,12:10 PM,12:45 PM,Daily Mass,English,,Daily Mass
"Fri, Feb 27, 2026",2026-02-27,Friday,St Rose of Lima,"115 W Walnut St, Columbus",(620) 429-2639,Mass,8:00 AM,,Mass,English,St. Rose of Lima,
"Fri, Feb 27, 2026",2026-02-27,Friday,St Thomas More University Parish and Student Center,"100 Stinson St, Norman",(405) 321-0990,Mass,7:30 AM,,Mass,English,,
"Fri, Feb 27, 2026",2026-02-27,Friday,St. Andrew,"800 NW 5th St, Moore",(405) 799-3334,Mass,9:00 AM,,Mass,English,St. Andrew the Apostle Catholic Church,Mass
"Fri, Feb 27, 2026",2026-02-27,Friday,St. Andrew Dung-Lac,"3115 SW 59th St, Oklahoma City",(405) 681-2665,Mass,5:30 PM,,Mass,vietnamese,3115 S. W. 59th St Oklahoma City,
"Fri, Feb 27, 2026",2026-02-27,Friday,St. Ann,"8492 State Hwy 17, Elgin",(580) 492-5914,Mass,9:15 AM,,Mass,English,St. Ann,
"Fri, Feb 27, 2026",2026-02-27,Friday,St. Anne,"301 S 9th St, Broken Arrow",(918) 251-4000,Mass,8:00 AM,,Mass,English,,
"Fri, Feb 27, 2026",2026-02-27,Friday,St. Anthony,"515 S Morton Ave, Okmulgee",(918) 756-4385,Mass,7:30 AM,,Mass,English,St. Anthony,
"Fri, Feb 27, 2026",2026-02-27,Friday,St. Anthony of Padua,"1510 N Calhoun Ave , Liberal",(620) 624-4135,Mass,12:05 PM,,Mass,spanish,,
"Fri, Feb 27, 2026",2026-02-27,Friday,St. Anthony of Padua,"1510 N Calhoun Ave , Liberal",(620) 624-4135,Mass,7:15 AM,,Mass,english,,
"Fri, Feb 27, 2026",2026-02-27,Friday,St. Barbara Catholic Community  (Grieson Chapel),"3280 Crane Ave, Fort Sill",(580) 442-3302,Mass,11:45 AM,,Roman Catholic Mass,English,"Sheridan Hall, BLDG 652 Hamilton Road, 2nd Floor",
"Fri, Feb 27, 2026",2026-02-27,Friday,St. Benedict,"632 N Kickapoo Ave, Shawnee",(405) 275-0001,Mass,12:10 PM,,Mass,english,,
"Fri, Feb 27, 2026",2026-02-27,Friday,St. Benedict,"2200 W Ithica St, Broken Arrow",(918) 455-4451,Mass,6:30 AM,7:00 AM,Mass,English,,
"Fri, Feb 27, 2026",2026-02-27,Friday,St. Benedict,"2200 W Ithica St, Broken Arrow",(918) 455-4451,Mass,8:30 AM,,Mass,English,,
"Fri, Feb 27, 2026",2026-02-27,Friday,St. Bernard of Clairvaux,"4001 E 101st St, Tulsa",(918) 299-9406,Mass,8:30 AM,,Mass,English,main church,
"Fri, Feb 27, 2026",2026-02-27,Friday,St. Boniface,"204 N 18th St, Fort Smith",(479) 783-6711,Mass,8:00 AM,,Mass,english,St. Boniface,
"Fri, Feb 27, 2026",2026-02-27,Friday,St. Brigid,"807 Crafton St, Tahlequah",(918) 456-8388,Mass,8:15 AM,,Mass,English,,
"Fri, Feb 27, 2026",2026-02-27,Friday,St. Catherine of Siena,"205 W Bert St, Pauls Valley",(405) 238-3741,Mass,7:00 PM,,Mass,bilingual,,
"Fri, Feb 27, 2026",2026-02-27,Friday,St. Cecilia,"1304 N Dorothy Ave, Claremore",(918) 341-2343,Mass,8:15 AM,,Mass,English,,Weekday Mass
"Fri, Feb 27, 2026",2026-02-27,Friday,St. Charles Borromeo,"5024 N Grove, Warr Acres",(405) 789-2595,Mass,7:00 AM,,Mass,english,,livestream
"Fri, Feb 27, 2026",2026-02-27,Friday,St. Clement,"15501 S Memorial Dr, Bixby",(918) 366-3166,Mass,8:30 AM,,Mass,English,St. Clement Catholic Church,
"Fri, Feb 27, 2026",2026-02-27,Friday,St. Damien of Molokai,"8455 NW 234th St, Edmond",(405) 330-9968,Mass,6:00 PM,,Low Mass,English,,note: cancelled if only one priest available
"Fri, Feb 27, 2026",2026-02-27,Friday,St. Damien of Molokai,"8455 NW 234th St, Edmond",(405) 330-9968,Mass,8:00 AM,,Low Mass,English,,
"Fri, Feb 27, 2026",2026-02-27,Friday,St. Eugene,"2400 W Hefner Rd, Oklahoma City",(405) 751-7115,Mass,5:30 PM,,Mass,english,Church,
"Fri, Feb 27, 2026",2026-02-27,Friday,St. Eugene,"704 N Bryan St, Weatherford",(580) 772-3209,Mass,9:00 AM,,Mass,english,St. Eugene,
"Fri, Feb 27, 2026",2026-02-27,Friday,St. Francis Hospital Chapel,"6161 S Yale Ave, Tulsa",,Mass,7:15 AM,,Mass,English,Saint Francis Hospital Chapel,livestream; note: Televised in patient rooms on Channel 15
"Fri, Feb 27, 2026",2026-02-27,Friday,St. Francis Xavier,"2110 N Dogwood St, Sallisaw",(918) 775-6217,Mass,10:00 AM,,Mass,English,"St. Francis Xavier, Sallisaw",
"Fri, Feb 27, 2026",2026-02-27,Friday,St. Francis Xavier,"110 N Madison St, Enid",(580) 237-0812,Mass,12:05 PM,,Mass,English,St. Francis Xavier,
"Fri, Feb 27, 2026",2026-02-27,Friday,St. Francis Xavier,"711 N Country Club Rd, Stillwater",(405) 372-6886,Mass,12:10 PM,,Mass,english,,
"Fri, Feb 27, 2026",2026-02-27,Friday,St. Francis de Sales,"13 S.E Jefferson St, Idabel",(580) 286-3275,Mass,8:30 AM,,Mass,english,,
"Fri, Feb 27, 2026",2026-02-27,Friday,St. Francis of Assisi,"1901 NW 18th St, Oklahoma City",(405) 528-0485,Mass,7:30 AM,,Mass,english,,
"Fri, Feb 27, 2026",2026-02-27,Friday,St. Gregory's Abbey,"1900 W MacArthur St, Shawnee",(405) 878-5491,Mass,5:30 AM,,Vigils,English,,
"Fri, Feb 27, 2026",2026-02-27,Friday,St. Henry,"8500 N Owasso Expressway, Owasso",(918) 272-3710,Mass,8:45 AM,,Mass,english,,
"Fri, Feb 27, 2026",2026-02-27,Friday,St. James the Greater,"4201 S McKinley Ave, Oklahoma City",(405) 636-6800,Mass,8:30 AM,,Mass,English,,
"Fri, Feb 27, 2026",2026-02-27,Friday,St. John,"300 E Washington Ave, Mcalester",(918) 423-0810,Mass,5:30 PM,,Mass,English,Church,
"Fri, Feb 27, 2026",2026-02-27,Friday,St. John Before the Latin Gate Catholic Church,"715 S Johnstone Ave, Bartlesville",(918) 336-4353,Mass,9:00 AM,,Mass,English,St. John,
"Fri, Feb 27, 2026",2026-02-27,Friday,St. John Catholic Student Center (Oklahoma State University),"201 N Knoblock St, Stillwater",(405) 372-6408,Mass,7:30 AM,,Mass,English,,
"Fri, Feb 27, 2026",2026-02-27,Friday,St. John Nepomuk,"600 S Garth Brooks Blvd, Yukon",(405) 354-2743,Mass,8:30 AM,,Mass,English,,check the bulletin and website calendar for current Mass times
"Fri, Feb 27, 2026",2026-02-27,Friday,St. John the Baptist,"900 S Littler Ave, Edmond",(405) 340-0691,Mass,5:30 PM,,Mass,English,St. John the Baptist Catholic Church,
"Fri, Feb 27, 2026",2026-02-27,Friday,St. John the Baptist,"900 S Littler Ave, Edmond",(405) 340-0691,Mass,7:30 AM,,Mass,English,St. John the Baptist Catholic Church,
"Fri, Feb 27, 2026",2026-02-27,Friday,St. Joseph,"211 N Porter, Norman",(405) 321-8080,Mass,12:05 PM,,Mass,english,Chapel,
"Fri, Feb 27, 2026",2026-02-27,Friday,St. Joseph,"421 S Pettit, Hominy",(918) 358-2333,Mass,5:30 PM,,Mass,english,St. Joseph Parish,Hominy
"Fri, Feb 27, 2026",2026-02-27,Friday,St. Joseph,"290 NW Church St, Krebs",(918) 423-6695,Mass,8:00 AM,,Mass,english,Chapel,
"Fri, Feb 27, 2026",2026-02-27,Friday,St. Joseph,"321 N Virginia St, Muskogee",(918) 687-1351,Mass,8:15 AM,,Mass,english,St. Joseph Catholic Church,
"Fri, Feb 27, 2026",2026-02-27,Friday,St. Joseph Old Cathedral,"307 NW 4th St, Oklahoma City",(405) 235-4565,Mass,12:00 PM,,Mass,English,,
"Fri, Feb 27, 2026",2026-02-27,Friday,St. Joseph [Thánh Giuse],"14905 E 21st St S, Tulsa",(918) 438-1380,Mass,6:00 PM,,Mass,English,,
"Fri, Feb 27, 2026",2026-02-27,Friday,St. Joseph's Catholic Church,"211 N Porter Ave, Norman",+1-405-321-8080,Mass,12:05 PM,,Mass,english,Chapel,
"Fri, Feb 27, 2026",2026-02-27,Friday,St. Jude Thaddeus,"600 Davey Dr, Burkburnett",(940) 569-1222,Mass,8:00 AM,,Mass,english,St. Jude Thaddeus,Burkburnett
"Fri, Feb 27, 2026",2026-02-27,Friday,St. Mark,"1507 S Vann St, Pryor",(918) 825-4186,Mass,8:15 AM,,Mass,English,St. Mark Catholic Church,
"Fri, Feb 27, 2026",2026-02-27,Friday,St. Mark the Evangelist,"3939 W Tecumseh Rd, Norman",(405) 366-7676,Mass,12:00 PM,,Mass,English,,
"Fri, Feb 27, 2026",2026-02-27,Friday,St. Mary,"101 E Street SW, Ardmore",(580) 223-0231,Mass,12:00 PM,,Mass,english,,
"Fri, Feb 27, 2026",2026-02-27,Friday,St. Mary,"1218 Knox Ave, Clinton",(580) 323-0345,Mass,12:00 PM,,Mass,english,"St. Mary's Clinton, Ok",
"Fri, Feb 27, 2026",2026-02-27,Friday,St. Mary,"707 E Ponca Ave, Ponca City",(580) 765-7794,Mass,12:10 PM,,Mass,english,Chapel,
"Fri, Feb 27, 2026",2026-02-27,Friday,St. Mary,"1347 E 49th Pl, Tulsa",(918) 749-1423,Mass,6:30 AM,,Mass,English,Church of Saint Mary,
"Fri, Feb 27, 2026",2026-02-27,Friday,St. Mary,"825 N Weaver St, Gainesville",(940) 665-5395,Mass,8:00 AM,,Mass,english,,
"Fri, Feb 27, 2026",2026-02-27,Friday,St. Mary,"105 S Barrett St, Henrietta",(940) 538-4214,Mass,8:00 AM,,Mass,english,"St. Mary's Catholic Church, Henrietta TX",
"Fri, Feb 27, 2026",2026-02-27,Friday,St. Mary,"1230 E 7th St, Joplin",14176233333,Mass,8:30 AM,,Mass,English,St. Mary’s Catholic Church,
"Fri, Feb 27, 2026",2026-02-27,Friday,St. Mary,"1347 E 49th Pl, Tulsa",(918) 749-1423,Mass,9:00 AM,,Mass,English,Church of Saint Mary,
"Fri, Feb 27, 2026",2026-02-27,Friday,St. Mary ,"3035 S Central City Rd, Joplin",(417) 623-3333,Mass,8:30 AM,,Mass,English,,
"Fri, Feb 27, 2026",2026-02-27,Friday,St. Mary's,"321 S Cimarron Ave, Drumright",(918) 225-0644,Mass,8:00 AM,,Mass,english,St. Mary Parish,Drumright
"Fri, Feb 27, 2026",2026-02-27,Friday,St. Matthew,"3001 E Hwy 66, Elk City",(580) 225-0066,Mass,12:10 PM,12:45 PM,Daily Mass,English,,
"Fri, Feb 27, 2026",2026-02-27,Friday,St. Michael,"1025 E Pointer Trail , Van Buren",(479) 471-1211,Mass,8:00 AM,,Mass,English,,
"Fri, Feb 27, 2026",2026-02-27,Friday,St. Michael,"1004 W Gentry St, Henryetta",(918) 652-3445,Mass,9:00 AM,,Mass,english,St. Michael,
"Fri, Feb 27, 2026",2026-02-27,Friday,St. Monica,"2001 N Western Ave, Edmond",(405) 359-2700,Mass,7:30 AM,,Mass,English,Chapel,
"Fri, Feb 27, 2026",2026-02-27,Friday,St. Monica,"633 E Marshall Pl, Tulsa",(918) 607-8681,Mass,9:00 AM,,Mass,English,Church,
"Fri, Feb 27, 2026",2026-02-27,Friday,St. Patrick,"314 N Rusk Ave, Denison",(903) 463-3275,Mass,12:00 PM,,Mass,english,,
"Fri, Feb 27, 2026",2026-02-27,Friday,St. Patrick,"2121 N Portland Ave, Oklahoma City",(405) 946-4441,Mass,5:45 PM,,Mass,english,,Every in Lent; 2026-02-20 to 2026-03-27
"Fri, Feb 27, 2026",2026-02-27,Friday,St. Patrick,"2121 N Portland Ave, Oklahoma City",(405) 946-4441,Mass,6:15 PM,,Mass,spanish,,Every in Lent; 2026-02-20 to 2026-03-27
"Fri, Feb 27, 2026",2026-02-27,Friday,St. Patrick,"2121 N Portland Ave, Oklahoma City",(405) 946-4441,Mass,8:15 AM,,Mass,english,,
"Fri, Feb 27, 2026",2026-02-27,Friday,St. Patrick,"1101 W Petree Rd, Anadarko",(405) 247-5255,Mass,8:30 AM,,Mass,English,St. Patrick,
"Fri, Feb 27, 2026",2026-02-27,Friday,St. Patrick,"204 E 4th St, Sand Springs",(918) 245-5840,Mass,8:30 AM,,Mass,english,St. Patrick,
"Fri, Feb 27, 2026",2026-02-27,Friday,St. Patrick,"2103 S Mississippi Ave (US Hwy 69/75), Atoka",(580) 924-1989,Mass,9:00 AM,,Mass,English,"St. Patrick, Atoka",
"Fri, Feb 27, 2026",2026-02-27,Friday,St. Patrick,"2121 N Portland Ave, Oklahoma City",(405) 946-4441,Mass,9:00 AM,,Mass,bilingual,,Every in Lent; 2026-02-20 to 2026-03-27
"Fri, Feb 27, 2026",2026-02-27,Friday,St. Paul the Apostle,"3901 S Sunnylane Rd, Del City",(405) 677-4873,Mass,9:00 AM,,Mass,English,,
"Fri, Feb 27, 2026",2026-02-27,Friday,St. Peter,"E 2 and Quapaw, Lindsay",(405) 527-3077,Mass,12:00 PM,,Mass,english,,
"Fri, Feb 27, 2026",2026-02-27,Friday,St. Peter,"2020 Oklahoma Ave, Woodward",(580) 256-5305,Mass,7:00 AM,,Mass,bilingual,St. Peter in Woodward,
"Fri, Feb 27, 2026",2026-02-27,Friday,St. Peter,"424 W Main St, Lindsay",(940) 668-7609,Mass,7:40 AM,,Mass,english,St. Peter's,
"Fri, Feb 27, 2026",2026-02-27,Friday,St. Peter Catholic Church,"East 2 and Quapaw, Lindsay",+1-405-527-3077,Mass,7:40 AM,,Mass,english,St. Peter's,
"Fri, Feb 27, 2026",2026-02-27,Friday,St. Philip Neri,"1107 Felix Pl, Midwest City",(405) 737-4476,Mass,9:00 AM,,Mass,English,,check the calendar for this week's masses
"Fri, Feb 27, 2026",2026-02-27,Friday,St. Philip Neri Newman Center,"440 S Florence Ave, Tulsa",19185990204,Mass,12:00 PM,,Mass,English,,during the academic year
"Fri, Feb 27, 2026",2026-02-27,Friday,St. Philip Neri Newman Center,"440 S Florence Ave, Tulsa",(918) 599-0204,Mass,12:00 PM,,Mass,English,,during the academic year
"Fri, Feb 27, 2026",2026-02-27,Friday,St. Pius X,"1727 S 75th E Ave, Tulsa",(918) 622-4488,Mass,8:30 AM,,Mass,english,,
"Fri, Feb 27, 2026",2026-02-27,Friday,St. Rose of Lima,"900 N Clarence Nash Blvd, Watonga",(580) 623-7740,Mass,8:00 AM,,Mass,english,,
"Fri, Feb 27, 2026",2026-02-27,Friday,St. Therese,"1007 N 19th St, Collinsville",(918) 371-2704,Mass,9:00 AM,,Mass,english,,
"Fri, Feb 27, 2026",2026-02-27,Friday,St. Thomas More,"2720 S 129th E Ave, Tulsa",(918) 437-0168,Mass,7:00 PM,,Mass,spanish,St. Thomas More Parish,
"Fri, Feb 27, 2026",2026-02-27,Friday,St. Thomas More,"2720 S 129th E Ave, Tulsa",(918) 437-0168,Mass,9:00 AM,,Mass,english,St. Thomas More Parish,
"Fri, Feb 27, 2026",2026-02-27,Friday,Sts. Peter and Paul,"405 E Oak, Cushing",(918) 225-0644,Mass,12:00 PM,,Mass,english,Sts. Peter and Paul Parish,Cushing
"Fri, Feb 27, 2026",2026-02-27,Friday,Sts. Peter and Paul,"1419 N 67th E Ave, Tulsa",(918) 836-2596,Mass,6:00 PM,,Mass,spanish,,
"Fri, Feb 27, 2026",2026-02-27,Friday,Sts. Peter and Paul,"309 S Main St, Kingfisher",(405) 375-4616 ,Mass,8:00 AM,,Mass,english,,
"Fri, Feb 27, 2026",2026-02-27,Friday,Sts. Peter and Paul,"1419 N 67th E Ave, Tulsa",(918) 836-2596,Mass,8:00 AM,,Mass,english,,
"Fri, Feb 27, 2026",2026-02-27,Friday,Blessed Stanley Rother Shrine,"700 SE 89th St, Oklahoma City",(405) 421-9800,Confession,11:30 AM,12:00 PM,Confession,English,Blessed Stanley Rother Shrine,
"Fri, Feb 27, 2026",2026-02-27,Friday,Corpus Christi,"1616 N Kelley Ave, Oklahoma City",(405) 236-4301,Confession,11:40 AM,12:05 PM,Confession,English,Corpus Christi Church,
"Fri, Feb 27, 2026",2026-02-27,Friday,Holy Cross,"1010 S Fifth Ave, Madill",(580) 795-3721,Confession,6:00 PM,,Confession,English,,
"Fri, Feb 27, 2026",2026-02-27,Friday,Holy Family Cathedral,"820 S Boulder Ave, Tulsa",918-582-6247,Confession,11:35 AM,,Confessions,English,Holy Family Cathedral,
"Fri, Feb 27, 2026",2026-02-27,Friday,Holy Family Cathedral,"820 S Boulder Ave, Tulsa",918-582-6247,Confession,6:30 AM,,Confessions,English,Holy Family Cathedral,
"Fri, Feb 27, 2026",2026-02-27,Friday,Holy Name,"408 Willow St, Coffeyville",(620) 251-0475,Confession,7:45 AM,8:10 AM,Confessions,English,Holy Name Catholic Church,
"Fri, Feb 27, 2026",2026-02-27,Friday,Immaculate Conception,"1314 Lynn Ave, Pawhuska",(918) 287-1414,Confession,5:30 PM,,Adoration/Confession,English,Pawhuska,adoration
"Fri, Feb 27, 2026",2026-02-27,Friday,National Shrine of the Infant Jesus of Prague,"304 Jim Thorpe Blvd, Prague",(405) 567-3080,Confession,4:00 AM,6:00 AM,Confessions,English,National Shrine of the Infant Jesus,after Mass
"Fri, Feb 27, 2026",2026-02-27,Friday,National Shrine of the Infant Jesus of Prague,"304 Jim Thorpe Blvd, Prague",(405) 567-3080,Confession,8:30 AM,3:00 PM,Confessions,English,National Shrine of the Infant Jesus,or by appointment
"Fri, Feb 27, 2026",2026-02-27,Friday,Our Lady of Victory,"3300 Clarksville St, Paris",(903) 784-1000,Confession,8:30 AM,9:30 AM,Confession,English,,
"Fri, Feb 27, 2026",2026-02-27,Friday,Parish of Christ the King,"1520 S Rockford Ave, Tulsa",+1-918-584-4788,Confession,5:00 PM,5:30 PM,Confession,English,"Mary, Queen of Peace Chapel Confessional",
"Fri, Feb 27, 2026",2026-02-27,Friday,Queen of All Saints,"914 N 5th St, Sayre",(580) 225-0066,Confession,11:00 AM,12:00 PM,Adoration and Confession,English,,exposition; benediction
"Fri, Feb 27, 2026",2026-02-27,Friday,Sacred Heart,"2706 S Shartel Ave, Oklahoma City",(405) 634-2458,Confession,5:30 PM,,Confessions,English,,
"Fri, Feb 27, 2026",2026-02-27,Friday,Sacred Heart,"320 S B Street, Arkansas City",(620) 442-0566,Confession,7:30 AM,8:00 AM,Confession,English,Sacred Heart Catholic Church,
"Fri, Feb 27, 2026",2026-02-27,Friday,Sacred Heart,"301 N Main St, Mooreland",(580) 256-5305,Confession,7:30 AM,8:00 AM,Confession,English,,after 7 AM Mass; or by appointment
"Fri, Feb 27, 2026",2026-02-27,Friday,Sacred Heart of Mary,"1301 Frank St, Barling",(479) 452-1795 or (479) 522-4245 (Fr. Tuyen),Confession,6:00 PM,6:20 PM,Confessions,vietnamese,"Sacred Heart of Mary, Barling",
"Fri, Feb 27, 2026",2026-02-27,Friday,St Catherine of Alexandria Catholic Church,"4532 S 25th W Ave, Tulsa",(918) 446-8124,Confession,TBD,,Confession,English,,before Mass; as requested
"Fri, Feb 27, 2026",2026-02-27,Friday,St Matthew's Catholic Church-Elk City,"3001 E State Hwy 66, Elk City",+1-580-225-0066,Confession,11:00 AM,12:00 PM,Adoration and Confession,English,,Adoration and Confession; exposition; confession
"Fri, Feb 27, 2026",2026-02-27,Friday,St. Andrew Dung-Lac,"3115 SW 59th St, Oklahoma City",(405) 681-2665,Confession,5:00 PM,,Confessions,English,3115 S. W. 59th St Oklahoma City,30 phút trước thánh lễ
"Fri, Feb 27, 2026",2026-02-27,Friday,St. Francis Xavier,"110 N Madison St, Enid",(580) 237-0812,Confession,10:30 AM,11:30 AM,Reconciliation,English,St. Francis Xavier,
"Fri, Feb 27, 2026",2026-02-27,Friday,St. Francis Xavier,"110 N Madison St, Enid",(580) 237-0812,Confession,11:00 AM,11:45 AM,Reconciliation,English,St. Francis Xavier,
"Fri, Feb 27, 2026",2026-02-27,Friday,St. Francis Xavier,"711 N Country Club Rd, Stillwater",(405) 372-6886,Confession,11:30 AM,12:00 PM,Confession,english,,
"Fri, Feb 27, 2026",2026-02-27,Friday,St. Francis of Assisi,"1901 NW 18th St, Oklahoma City",(405) 528-0485,Confession,7:00 AM,7:20 AM,Confession,English,,Before Daily Mass in the presiding priest’s office.
"Fri, Feb 27, 2026",2026-02-27,Friday,St. John Catholic Student Center (Oklahoma State University),"201 N Knoblock St, Stillwater",(405) 372-6408,Confession,8:00 AM,8:50 AM,Confession,English,,
"Fri, Feb 27, 2026",2026-02-27,Friday,St. John the Baptist,"900 S Littler Ave, Edmond",(405) 340-0691,Confession,4:00 PM,5:00 PM,Reconciliation,English,St. John the Baptist Catholic Church,
"Fri, Feb 27, 2026",2026-02-27,Friday,St. Joseph,"211 N Porter, Norman",(405) 321-8080,Confession,10:30 AM,,Confession,English,Chapel Confessional,
"Fri, Feb 27, 2026",2026-02-27,Friday,St. Joseph Old Cathedral,"307 NW 4th St, Oklahoma City",(405) 235-4565,Confession,10:45 AM,11:45 AM,Reconciliation,English,,
"Fri, Feb 27, 2026",2026-02-27,Friday,St. Joseph's Catholic Church,"211 N Porter Ave, Norman",+1-405-321-8080,Confession,10:30 AM,,Confession,English,Chapel Confessional,
"Fri, Feb 27, 2026",2026-02-27,Friday,St. Matthew,"3001 E Hwy 66, Elk City",(580) 225-0066,Confession,11:00 AM,12:00 PM,Adoration and Confession,English,,
"Fri, Feb 27, 2026",2026-02-27,Friday,St. Michael,"1025 E Pointer Trail , Van Buren",(479) 471-1211,Confession,TBD,,Confessions,English,,30 minutes before each Weekday Mass; except on Tuesday morning and Wednesday evening
"Fri, Feb 27, 2026",2026-02-27,Friday,St. Patrick,"2121 N Portland Ave, Oklahoma City",(405) 946-4441,Confession,5:00 PM,5:30 PM,Confession,English,,Every in Lent; 2026-02-20 to 2026-03-27
"Fri, Feb 27, 2026",2026-02-27,Friday,St. Peter,"2020 Oklahoma Ave, Woodward",(580) 256-5305,Confession,7:30 AM,8:00 AM,Confession,English,,
"Fri, Feb 27, 2026",2026-02-27,Friday,St. Peter,"2020 Oklahoma Ave, Woodward",(580) 256-5305,Confession,TBD,,Confession,English,,Friday after Mass; after Mass; by appointment
"Fri, Feb 27, 2026",2026-02-27,Friday,St. Therese,"1007 N 19th St, Collinsville",(918) 371-2704,Confession,9:25 AM,10:00 AM,Confession,English,,
"Fri, Feb 27, 2026",2026-02-27,Friday,Sts. Peter and Paul,"1419 N 67th E Ave, Tulsa",(918) 836-2596,Confession,4:30 PM,5:30 PM,Confessions,English,,
"Fri, Feb 27, 2026",2026-02-27,Friday,Assumption of the Blessed Virgin Mary,"711 W Hickory Ave, Duncan",(580) 255-0590,Adoration,TBD,,Adoration,English,Duncan/Marlow,30 minutes before Mass; exposition
"Fri, Feb 27, 2026",2026-02-27,Friday,Blessed Stanley Rother Shrine,"700 SE 89th St, Oklahoma City",(405) 421-9800,Adoration,1:00 PM,2:00 PM,Adoration,English,Blessed Stanley Rother Shrine,exposition
"Fri, Feb 27, 2026",2026-02-27,Friday,Chapel of St. Joseph,"7th and Seminole, Wewoka",(405) 382-3602,Adoration,12:40 PM,1:40 PM,Adoration of the Blessed Sacrament,English,,exposition; benediction
"Fri, Feb 27, 2026",2026-02-27,Friday,Church of Saint Benedict,"2200 W Ithica St, Broken Arrow",+1-918-455-4451,Adoration,6:00 AM,6:30 AM,Adoration,English,,
"Fri, Feb 27, 2026",2026-02-27,Friday,Holy Cross,"1010 S Fifth Ave, Madill",(580) 795-3721,Adoration,8:30 AM,,Adoration,English,,exposition
"Fri, Feb 27, 2026",2026-02-27,Friday,Our Lady of the Lake,"450 E Cimarron Dr, Mannford",918-245-5840,Adoration,5:00 PM,,Adoration,English,,exposition
"Fri, Feb 27, 2026",2026-02-27,Friday,Parish of Christ the King,"1520 S Rockford Ave, Tulsa",+1-918-584-4788,Adoration,9:00 AM,5:30 PM,Adoration,English,"Mary, Queen of Peace Chapel",
"Fri, Feb 27, 2026",2026-02-27,Friday,Resurrection,"4804 S Fulton Ave, Tulsa",(918) 663-1907,Adoration,10:00 AM,12:00 PM,Adoration,English,,
"Fri, Feb 27, 2026",2026-02-27,Friday,Sacred Heart,"1777 E Grayson Ave, Sapulpa",(918) 224-0944,Adoration,6:00 PM,7:00 PM,Exposition of the Blessed Sacrament,English,,
"Fri, Feb 27, 2026",2026-02-27,Friday,Sacred Heart,"301 N Main St, Mooreland",(580) 256-5305,Adoration,7:30 AM,4:45 PM,Adoration,English,,exposition
"Fri, Feb 27, 2026",2026-02-27,Friday,Sacred Heart,"47943 Abbey Rd, Konawa",(580) 925-2145,Adoration,9:00 AM,7:30 PM,Adoration,English,Sacred Heart,exposition
"Fri, Feb 27, 2026",2026-02-27,Friday,Sacred Heart of Mary,"1301 Frank St, Barling",(479) 452-1795 or (479) 522-4245 (Fr. Tuyen),Adoration,6:30 PM,7:00 PM,Adoration,vietnamese,"Sacred Heart of Mary, Barling",exposition
"Fri, Feb 27, 2026",2026-02-27,Friday,Saint Patrick Catholic Church,"202 E Ohio Ave, Walters",+1-580-255-0590,Adoration,TBD,,Adoration,English,,30 minutes before Mass
"Fri, Feb 27, 2026",2026-02-27,Friday,San Jose,"12th St and Lincoln St, Ryan",(580) 255-0590,Adoration,TBD,,Adoration,English,,30 minutes before Mass; exposition
"Fri, Feb 27, 2026",2026-02-27,Friday,St. Anne,"301 S 9th St, Broken Arrow",(918) 251-4000,Adoration,9:00 AM,9:00 PM,Adoration,English,Chapel,exposition
"Fri, Feb 27, 2026",2026-02-27,Friday,St. Benedict,"632 N Kickapoo Ave, Shawnee",(405) 275-0001,Adoration,12:40 PM,1:40 PM,Exposition of Eucharist,English,,exposition
"Fri, Feb 27, 2026",2026-02-27,Friday,St. Benedict,"2200 W Ithica St, Broken Arrow",(918) 455-4451,Adoration,6:00 AM,6:30 AM,Adoration,English,,
"Fri, Feb 27, 2026",2026-02-27,Friday,St. Bernard of Clairvaux,"4001 E 101st St, Tulsa",(918) 299-9406,Adoration,9:00 AM,8:00 PM,Adoration of the Blessed Sacrament,English,Good Shepherd Chapel,exposition; chapel
"Fri, Feb 27, 2026",2026-02-27,Friday,St. Catherine of Siena,"205 W Bert St, Pauls Valley",(405) 238-3741,Adoration,6:00 PM,7:00 PM,Adoration,English,,exposition
"Fri, Feb 27, 2026",2026-02-27,Friday,St. Cecilia,"1304 N Dorothy Ave, Claremore",(918) 341-2343,Adoration,8:45 AM,6:00 PM,Eucharistic Adoration,English,,
"Fri, Feb 27, 2026",2026-02-27,Friday,St. Francis Xavier,"110 N Madison St, Enid",(580) 237-0812,Adoration,7:00 AM,5:00 PM,Adoration,English,St. Francis Xavier,
"Fri, Feb 27, 2026",2026-02-27,Friday,St. Francis de Sales,"13 S.E Jefferson St, Idabel",(580) 286-3275,Adoration,9:00 AM,10:00 AM,Adoration,English,,All other; exposition
"Fri, Feb 27, 2026",2026-02-27,Friday,St. Gregory the Great,"1924 W Willow Rd, Enid",(580) 233-4589,Adoration,8:30 AM,3:30 PM,Adoration,English,Adoration Chapel,exposition
"Fri, Feb 27, 2026",2026-02-27,Friday,St. John,"300 E Washington Ave, Mcalester",(918) 423-0810,Adoration,6:00 PM,,Eucharistic Adoration,English,Church,exposition
"Fri, Feb 27, 2026",2026-02-27,Friday,St. John Nepomuk,"600 S Garth Brooks Blvd, Yukon",(405) 354-2743,Adoration,9:00 AM,9:00 PM,Adoration,English,,chapel
"Fri, Feb 27, 2026",2026-02-27,Friday,St. Joseph,"421 S Pettit, Hominy",(918) 358-2333,Adoration,4:30 PM,,Adoration,english,St. Joseph Parish,Hominy
"Fri, Feb 27, 2026",2026-02-27,Friday,St. Joseph Old Cathedral,"307 NW 4th St, Oklahoma City",(405) 235-4565,Adoration,TBD,,Adoration,English,,during Reconciliation; exposition
"Fri, Feb 27, 2026",2026-02-27,Friday,St. Mary,"1347 E 49th Pl, Tulsa",(918) 749-1423,Adoration,12:00 AM,11:59 PM,Adoration,English,Chapel,
"Fri, Feb 27, 2026",2026-02-27,Friday,St. Mary,"825 N Weaver St, Gainesville",(940) 665-5395,Adoration,8:45 AM,9:30 AM,Adoration,English,,Starts after the School Mass
"Fri, Feb 27, 2026",2026-02-27,Friday,St. Patrick,"204 E 4th St, Sand Springs",(918) 245-5840,Adoration,5:00 PM,6:00 PM,Adoration,English,,St. Patrick
"Fri, Feb 27, 2026",2026-02-27,Friday,St. Patrick,"2121 N Portland Ave, Oklahoma City",(405) 946-4441,Adoration,9:00 AM,7:55 PM,Adoration,English,,tags: exposition
"Fri, Feb 27, 2026",2026-02-27,Friday,St. Peter,"2020 Oklahoma Ave, Woodward",(580) 256-5305,Adoration,7:30 AM,4:45 PM,Adoration,English,,exposition
"Fri, Feb 27, 2026",2026-02-27,Friday,St. Peter,"505 W Mitchell Rd, Booker",(806) 435-3802,Adoration,8:30 AM,5:30 PM,Adoration,English,Booker,St. Peter; adoration
"Fri, Feb 27, 2026",2026-02-27,Friday,Assumption of the Blessed Virgin Mary,"711 W Hickory Ave, Duncan",(580) 255-0590,Devotions,7:00 PM,,Stations of the Cross,bilingual,Assumption-Duncan,
"Fri, Feb 27, 2026",2026-02-27,Friday,Christ the King,"1520 S Rockford Ave, Tulsa",(918) 584-4788,Devotions,2:00 PM,3:00 PM,Holy Hour with Kids,English,,family
"Fri, Feb 27, 2026",2026-02-27,Friday,Christ the King,"1520 S Rockford Ave, Tulsa",(918) 584-4788,Devotions,9:00 AM,10:00 AM,Holy Hour with Kids,English,,family
"Fri, Feb 27, 2026",2026-02-27,Friday,Holy Family (Syro-Malabar),"3916 S Highland Park Dr, Oklahoma City",(405) 677-7976,Devotions,6:00 PM,,Holy Qurbana & Novena of Nithya Sahaya Mathav,English,,malayalam
"Fri, Feb 27, 2026",2026-02-27,Friday,National Shrine of the Infant Jesus of Prague,"304 Jim Thorpe Blvd, Prague",(405) 567-3080,Devotions,8:30 AM,9:00 AM,Stations of the Cross,English,National Shrine of the Infant Jesus,before Mass
"Fri, Feb 27, 2026",2026-02-27,Friday,Our Lady of the Lake,"450 E Cimarron Dr, Mannford",918-245-5840,Devotions,8:00 AM,,Rosary,English,,chapel
"Fri, Feb 27, 2026",2026-02-27,Friday,Parish of Christ the King,"1520 S Rockford Ave, Tulsa",+1-918-584-4788,Devotions,2:00 PM,3:00 PM,Holy Hour with Kids,English,,family; open to mothers with small children; sounds of life welcome
"Fri, Feb 27, 2026",2026-02-27,Friday,Parish of Christ the King,"1520 S Rockford Ave, Tulsa",+1-918-584-4788,Devotions,9:00 AM,10:00 AM,Holy Hour with Kids,English,,family; open to mothers with small children; sounds of life welcome
"Fri, Feb 27, 2026",2026-02-27,Friday,Sacred Heart,"301 N Main St, Mooreland",(580) 256-5305,Devotions,4:45 PM,,Benediction & Reposition,English,,benediction
"Fri, Feb 27, 2026",2026-02-27,Friday,Sacred Heart,"2515 N Main St, Miami",(918) 542-5281,Devotions,6:30 AM,,Morning Prayer,english,Sacred Heart Catholic Church,
"Fri, Feb 27, 2026",2026-02-27,Friday,Sacred Heart,"109 W 5th St, Skiatook",(918) 396-1179,Devotions,8:30 AM,,Rosary,English,Sacred Heart Church,
"Fri, Feb 27, 2026",2026-02-27,Friday,St. Brigid,"807 Crafton St, Tahlequah",(918) 456-8388,Devotions,5:30 PM,,Stations of the Cross during Lent,english,,
"Fri, Feb 27, 2026",2026-02-27,Friday,St. Brigid,"807 Crafton St, Tahlequah",(918) 456-8388,Devotions,7:00 PM,,Stations of the Cross during Lent,spanish,,
"Fri, Feb 27, 2026",2026-02-27,Friday,St. Gregory's Abbey,"1900 W MacArthur St, Shawnee",(405) 878-5491,Devotions,5:00 PM,,Vespers,English,,
"Fri, Feb 27, 2026",2026-02-27,Friday,St. Gregory's Abbey,"1900 W MacArthur St, Shawnee",(405) 878-5491,Devotions,7:15 AM,,Lauds,English,,
"Fri, Feb 27, 2026",2026-02-27,Friday,St. Gregory's Abbey,"1900 W MacArthur St, Shawnee",(405) 878-5491,Devotions,7:15 PM,,Compline,English,,
"Fri, Feb 27, 2026",2026-02-27,Friday,St. Jude Thaddeus,"600 Davey Dr, Burkburnett",(940) 569-1222,Devotions,7:00 PM,7:30 PM,Stations of the Cross,English,St. Jude Thaddeus,Burkburnett; during Lent
"Fri, Feb 27, 2026",2026-02-27,Friday,St. Michael and All Angels ,"101 E Texas St, Denison",(903) 821-7511,Devotions,6:30 PM,,Stations of the Cross,English,"101 East Texas St, Denison TX",note: Lent Fridays
"Fri, Feb 27, 2026",2026-02-27,Friday,St. Peter,"2020 Oklahoma Ave, Woodward",(580) 256-5305,Devotions,4:45 PM,,Benediction & Reposition,English,,benediction
"Fri, Feb 27, 2026",2026-02-27,Friday,Holy Cross,"708 SW 15th St, Wagoner",539-209-9988,Education,9:00 AM,,Bible Study,English,"Holy Cross Catholic Church, Wagoner, OK",
"Fri, Feb 27, 2026",2026-02-27,Friday,St. Barbara Catholic Community  (Grieson Chapel),"3280 Crane Ave, Fort Sill",(580) 442-3302,Other,11:45 AM,,Service,English,Grierson Hill Chapel,GHC
"Fri, Feb 27, 2026",2026-02-27,Friday,St. Gregory's Abbey,"1900 W MacArthur St, Shawnee",(405) 878-5491,Other,12:00 PM,,Sext,English,,
"Fri, Feb 27, 2026",2026-02-27,Friday,St. Gregory's Abbey,"1900 W MacArthur St, Shawnee",(405) 878-5491,Other,12:50 PM,,None,English,,
"Fri, Feb 27, 2026",2026-02-27,Friday,St. Gregory's Abbey,"1900 W MacArthur St, Shawnee",(405) 878-5491,Other,8:15 AM,,Eucharist,English,,
"Fri, Feb 27, 2026",2026-02-27,Friday,St. Joseph [Thánh Giuse],"14905 E 21st St S, Tulsa",(918) 438-1380,Other,5:30 PM,,Prayer,English,,
"Fri, Feb 27, 2026",2026-02-27,Friday,St. Scholastica Monastery,"1315 S Albert Pike Ave, Fort Smith",(479) 783-4147,Other,11:50 AM,,Noon Praise,English,St. Scholastica Monastery,
"Fri, Feb 27, 2026",2026-02-27,Friday,St. Scholastica Monastery,"1315 S Albert Pike Ave, Fort Smith",(479) 783-4147,Other,5:00 PM,,Evening Praise,English,St. Scholastica Monastery,
"Fri, Feb 27, 2026",2026-02-27,Friday,St. Scholastica Monastery,"1315 S Albert Pike Ave, Fort Smith",(479) 783-4147,Other,7:00 AM,,Morning Praise,English,St. Scholastica Monastery,
"Fri, Feb 27, 2026",2026-02-27,Friday,St. Scholastica Monastery,"1315 S Albert Pike Ave, Fort Smith",(479) 783-4147,Other,7:30 AM,,Eucharist,English,St. Scholastica Monastery,
"Fri, Feb 27, 2026",2026-02-27,Friday,St. Therese of the Child Jesus (Maronite),"8315 S 107th E Ave, Tulsa",(918) 872-7400,Other,5:30 PM,,,English,,
"Fri, Feb 27, 2026",2026-02-27,Friday,Tinker AFB Chapel,"Bldg 5701 6170 Arnold St, Oklahoma City",(405) 734-2111,Other,12:00 AM,,Latté Lounge,English,,TIME_TBD; note: afternoons and evenings; for dormitory residents E-4 and below
"Fri, Feb 27, 2026",2026-02-27,Friday,St. Ann,"8492 State Hwy 17, Elgin",(580) 492-5914,Sacraments,9:15 AM,,Communion Service,English,St. Ann,note: replaces Mass in January
"Fri, Feb 27, 2026",2026-02-27,Friday,St. Teresa of Avila,"1576 Tim Holt Dr, Harrah",(405) 454-2819,Sacraments,8:30 AM,,Communion Service,English,,St. Teresa of Avila Catholic Church
"Sat, Feb 28, 2026",2026-02-28,Saturday,Assumption of the Blessed Virgin Mary,"711 W Hickory Ave, Duncan",(580) 255-0590,Mass,4:00 PM,,Mass,english,Duncan,
"Sat, Feb 28, 2026",2026-02-28,Saturday,Assumption of the Blessed Virgin Mary,"711 W Hickory Ave, Duncan",(580) 255-0590,Mass,6:00 PM,,Mass,spanish,Duncan,
"Sat, Feb 28, 2026",2026-02-28,Saturday,Blessed Sacrament,"12 SW 7th St, Lawton",(580) 355-2054,Mass,5:00 PM,,Mass,English,,vigil
"Sat, Feb 28, 2026",2026-02-28,Saturday,Blessed Sacrament,"520 N St, Thomas",15807723209,Mass,5:00 PM,,Mass,english,"St. Eugene, Weatherford",
"Sat, Feb 28, 2026",2026-02-28,Saturday,Blessed Stanley Rother Shrine,"700 SE 89th St, Oklahoma City",(405) 421-9800,Mass,12:15 PM,,Mass,english,Blessed Stanley Rother Shrine,
"Sat, Feb 28, 2026",2026-02-28,Saturday,Blessed Stanley Rother Shrine,"700 SE 89th St, Oklahoma City",(405) 421-9800,Mass,5:00 PM,,Mass,english,Blessed Stanley Rother Shrine,vigil
"Sat, Feb 28, 2026",2026-02-28,Saturday,Cathedral of Our Lady of Perpetual Help,"3214 N Lake Ave, Oklahoma City",(405) 525-2349,Mass,5:00 PM,,Mass,english,,vigil
"Sat, Feb 28, 2026",2026-02-28,Saturday,Cathedral of Our Lady of Perpetual Help,"3214 N Lake Ave, Oklahoma City",(405) 525-2349,Mass,8:30 AM,,Mass,English,,
"Sat, Feb 28, 2026",2026-02-28,Saturday,Chapel of St. Joseph,"7th and Seminole, Wewoka",(405) 382-3602,Mass,5:30 PM,,Mass,English,,vigil
"Sat, Feb 28, 2026",2026-02-28,Saturday,Chapel of St. Joseph,"7th and Seminole, Wewoka",(405) 382-3602,Mass,8:00 AM,,Mass,english,,
"Sat, Feb 28, 2026",2026-02-28,Saturday,Christ the King,"8005 Dorset Dr, Oklahoma City",(405) 842-1481,Mass,5:00 PM,,Vigil Mass,english,,vigil
"Sat, Feb 28, 2026",2026-02-28,Saturday,Christ the King,"1520 S Rockford Ave, Tulsa",(918) 584-4788,Mass,5:00 PM,,Mass,english,,vigil
"Sat, Feb 28, 2026",2026-02-28,Saturday,Christ the King,"2112 S Greenwood Ave, Fort Smith",(479) 783-7745,Mass,6:00 PM,,Mass,English,Main Church,
"Sat, Feb 28, 2026",2026-02-28,Saturday,Church of Saint Benedict,"2200 W Ithica St, Broken Arrow",+1-918-455-4451,Mass,5:00 PM,,Mass,English,,vigil
"Sat, Feb 28, 2026",2026-02-28,Saturday,Epiphany of the Lord,"7336 W Britton Rd, Oklahoma City",(405) 722-2110,Mass,5:30 PM,,Mass,English,,
"Sat, Feb 28, 2026",2026-02-28,Saturday,Holy Cross,"708 SW 15th St, Wagoner",539-209-9988,Mass,8:30 AM,,Mass,English,"Holy Cross Catholic Church, Wagoner, OK",
"Sat, Feb 28, 2026",2026-02-28,Saturday,Holy Family,"1010 NW 82nd St, Lawton",(580) 536-6351,Mass,4:30 PM,,Mass,English,Church,vigil
"Sat, Feb 28, 2026",2026-02-28,Saturday,Holy Family Cathedral,"820 S Boulder Ave, Tulsa",918-582-6247,Mass,5:00 PM,,Mass,English,Holy Family Cathedral,vigil
"Sat, Feb 28, 2026",2026-02-28,Saturday,Holy Family Cathedral,"820 S Boulder Ave, Tulsa",918-582-6247,Mass,8:00 AM,,Mass,English,Holy Family Cathedral,
"Sat, Feb 28, 2026",2026-02-28,Saturday,Holy Innocents,"6114 N.W 63rd, Warr Acres",(580) 255-0590,Mass,5:00 PM,,Mass,English,,vigil
"Sat, Feb 28, 2026",2026-02-28,Saturday,Holy Innocents,"6114 N.W 63rd, Warr Acres",(580) 255-0590,Mass,8:00 AM,,Mass,english,Chapel,
"Sat, Feb 28, 2026",2026-02-28,Saturday,Holy Name,"408 Willow St, Coffeyville",(620) 251-0475,Mass,4:30 PM,,Mass,English,Holy Name Catholic Church,
"Sat, Feb 28, 2026",2026-02-28,Saturday,Holy Rosary,"912 Cherokee Ave, Hartshorne",(918) 308-3312,Mass,7:00 PM,,Mass,spanish,Holy Rosary Parish,Hartshorne; vigil
"Sat, Feb 28, 2026",2026-02-28,Saturday,Holy Spirit,"1100 N Sara Rd, Mustang",(405) 376-9435,Mass,5:00 PM,,Mass,english,Holy Spirit Catholic Church,vigil
"Sat, Feb 28, 2026",2026-02-28,Saturday,Holy Trinity,"211 W Missouri Ave, Okarche",(405) 263-7930,Mass,4:30 PM,,Mass,English,,vigil
"Sat, Feb 28, 2026",2026-02-28,Saturday,Immaculate Conception,"22 N 13th St, Fort Smith",(479) 783-7963,Mass,5:00 PM,,Mass,English,,vigil
"Sat, Feb 28, 2026",2026-02-28,Saturday,Immaculate Conception,"502 N Bagwell St, Poteau",(918) 647-3475,Mass,5:00 PM,,Vigil Mass,English,Immaculate Conception Church,
"Sat, Feb 28, 2026",2026-02-28,Saturday,Immaculate Conception,"22 N 13th St, Fort Smith",(479) 783-7963,Mass,7:00 AM,,Mass,english,,
"Sat, Feb 28, 2026",2026-02-28,Saturday,Immaculate Conception Catholic Church,"196 Bearden Springs Rd, Hugo",(580) 326-7300,Mass,5:00 PM,,Mass,English,Immaculate Conception Catholic Church,vigil
"Sat, Feb 28, 2026",2026-02-28,Saturday,Immaculate Heart of Mary,"239 N Freehome Ave, Calumet",(405) 263-7930,Mass,4:30 PM,,Mass,English,,vigil
"Sat, Feb 28, 2026",2026-02-28,Saturday,Korean Martyrs,"2600 SW 74th St, Oklahoma City",(405) 681-6464,Mass,8:15 AM,,Mass,english,Korean Martyrs Church,
"Sat, Feb 28, 2026",2026-02-28,Saturday,Korean Martyrs,"2600 SW 74th St, Oklahoma City",(405) 681-6464,Mass,8:15 AM,,Mass,english,Korean Martyrs Church,
"Sat, Feb 28, 2026",2026-02-28,Saturday,Little Flower Church (Our Lady of Mount Carmel and St. Thérèse of Lisieux),"1125 S Walker Ave, Oklahoma City",(405) 235-2037,Mass,5:00 PM,,Mass,english,,
"Sat, Feb 28, 2026",2026-02-28,Saturday,Little Flower Church (Our Lady of Mount Carmel and St. Thérèse of Lisieux),"1125 S Walker Ave, Oklahoma City",(405) 235-2037,Mass,6:30 PM,,Mass,spanish,,
"Sat, Feb 28, 2026",2026-02-28,Saturday,Mercy hospital,"4300 W Memorial Rd, Oklahoma City",(405) 752-3315,Mass,5:00 PM,,Mass,English,Mercy Chapel,
"Sat, Feb 28, 2026",2026-02-28,Saturday,Most Precious Blood,"3029 S 57th W Ave, Tulsa",918-615-8404,Mass,9:00 AM,,Holy Mass,English,,
"Sat, Feb 28, 2026",2026-02-28,Saturday,Mother of God,"1105 4th St, Oswego",(620) 795-2262,Mass,4:00 PM,,Vigil Mass,English,Oswego - Mary Mother of God,vigil
"Sat, Feb 28, 2026",2026-02-28,Saturday,Mother of Sorrows,"521 E Wallace Ave, Apache",(580) 492-5914,Mass,5:00 PM,,Mass,English,Mother of Sorrows,
"Sat, Feb 28, 2026",2026-02-28,Saturday,National Shrine of the Infant Jesus of Prague,"304 Jim Thorpe Blvd, Prague",(405) 567-3080,Mass,5:00 PM,,Mass,bilingual,National Shrine of the Infant Jesus,vigil
"Sat, Feb 28, 2026",2026-02-28,Saturday,Our Lady of Clear Creek Abbey,"5804 W Monastery Rd, Hulbert",(918) 772-2454,Mass,6:50 AM,,Low Mass,English,,
"Sat, Feb 28, 2026",2026-02-28,Saturday,Our Lady of Lebanon (Maronite),"500 Alameda St, Norman",(405) 321-3097,Mass,4:30 PM,,Mass,English,,
"Sat, Feb 28, 2026",2026-02-28,Saturday,Our Lady of Lebanon (Maronite),"500 Alameda St, Norman",(405) 321-3097,Mass,4:30 PM,,Mass,English,,"Mon, Tue, Wed, Thu, Fri, Sat; see also Saturday"
"Sat, Feb 28, 2026",2026-02-28,Saturday,Our Lady of Victory,"307 W Jefferson St, Purcell",(405) 527-3077,Mass,5:00 PM,,Mass,english,,vigil
"Sat, Feb 28, 2026",2026-02-28,Saturday,Our Lady of Victory,"3300 Clarksville St, Paris",(903) 784-1000,Mass,5:30 PM,,Mass,english,,vigil
"Sat, Feb 28, 2026",2026-02-28,Saturday,Our Lady of the Lake,"450 E Cimarron Dr, Mannford",918-245-5840,Mass,10:00 AM,,SATURDAY VIGIL MASS,English,,
"Sat, Feb 28, 2026",2026-02-28,Saturday,Our Lady of the Lake,"450 E Cimarron Dr, Mannford",918-245-5840,Mass,5:00 AM,,SATURDAY VIGIL MASS,English,,
"Sat, Feb 28, 2026",2026-02-28,Saturday,Our Mother of Mercy,"1325 Main St, Waynoka",(580) 327-0339,Mass,4:00 PM,,Mass,English,Waynoka,Winter
"Sat, Feb 28, 2026",2026-02-28,Saturday,Our Mother of Mercy,"1325 Main St, Waynoka",(580) 327-0339,Mass,5:00 PM,,Mass,English,Waynoka,
"Sat, Feb 28, 2026",2026-02-28,Saturday,Parish of Christ the King,"1520 S Rockford Ave, Tulsa",+1-918-584-4788,Mass,5:00 PM,,Mass,english,,vigil
"Sat, Feb 28, 2026",2026-02-28,Saturday,Prince of Peace,"1500 Falcon Rd, Altus",(580) 482-3363,Mass,5:00 PM,,Mass,English,,
"Sat, Feb 28, 2026",2026-02-28,Saturday,Resurrection,"4804 S Fulton Ave, Tulsa",(918) 663-1907,Mass,5:00 PM,,Mass,english,,vigil
"Sat, Feb 28, 2026",2026-02-28,Saturday,ST MARK CATHOLIC CHURCH,"1507 S Vann St, Pryor",+1-918-825-4186,Mass,4:30 PM,,Mass,English,,
"Sat, Feb 28, 2026",2026-02-28,Saturday,Sacred Heart,"208 S Evans Ave, El Reno",(405) 262-1405,Mass,4:00 PM,,Vigil Mass,English,Sacred Heart,vigil
"Sat, Feb 28, 2026",2026-02-28,Saturday,Sacred Heart,"301 N Main St, Mooreland",(580) 256-5305,Mass,4:00 PM,,Vigil Mass,english,Sacred Heart in Mooreland,vigil
"Sat, Feb 28, 2026",2026-02-28,Saturday,Sacred Heart,"2515 N Main St, Miami",(918) 542-5281,Mass,5:00 PM,,Mass,english,Sacred Heart Catholic Church,
"Sat, Feb 28, 2026",2026-02-28,Saturday,Sacred Heart,"2515 N Main St, Miami",(918) 542-5281,Mass,5:00 PM,,Mass,english,Sacred Heart Catholic Church,Mass
"Sat, Feb 28, 2026",2026-02-28,Saturday,Sacred Heart,"714 N Main St, Muenster",(940) 759-2500,Mass,5:00 PM,,Mass,English,,vigil; livestream; Vigil
"Sat, Feb 28, 2026",2026-02-28,Saturday,Sacred Heart,"109 W 5th St, Skiatook",(918) 396-1179,Mass,5:00 PM,,Mass,English,Sacred Heart Church,
"Sat, Feb 28, 2026",2026-02-28,Saturday,Sacred Heart,"1777 E Grayson Ave, Sapulpa",(918) 224-0944,Mass,5:30 PM,,Vigil Mass,english,,vigil
"Sat, Feb 28, 2026",2026-02-28,Saturday,Sacred Heart,"320 S B Street, Arkansas City",(620) 442-0566,Mass,6:00 PM,,Mass,english,Sacred Heart Catholic Church,vigil
"Sat, Feb 28, 2026",2026-02-28,Saturday,Sacred Heart,"2515 N Main St, Miami",(918) 542-5281,Mass,7:00 PM,,Mass,spanish,Sacred Heart Catholic Church,
"Sat, Feb 28, 2026",2026-02-28,Saturday,Sacred Heart,"2515 N Main St, Miami",(918) 542-5281,Mass,7:00 PM,,Mass,spanish,Sacred Heart Catholic Church,Mass
"Sat, Feb 28, 2026",2026-02-28,Saturday,Sacred Heart,"2706 S Shartel Ave, Oklahoma City",(405) 634-2458,Mass,7:00 PM,,Mass,spanish,,vigil
"Sat, Feb 28, 2026",2026-02-28,Saturday,Sacred Heart,"2706 S Shartel Ave, Oklahoma City",(405) 634-2458,Mass,8:30 AM,,Mass,spanish,,
"Sat, Feb 28, 2026",2026-02-28,Saturday,Sacred Heart of Mary,"1301 Frank St, Barling",(479) 452-1795 or (479) 522-4245 (Fr. Tuyen),Mass,6:00 PM,,Mass,english,"Sacred Heart of Mary, Barling",
"Sat, Feb 28, 2026",2026-02-28,Saturday,Saint Patrick Catholic Church,"202 E Ohio Ave, Walters",+1-580-255-0590,Mass,4:00 PM,,Mass,English,,
"Sat, Feb 28, 2026",2026-02-28,Saturday,Saint Patrick Catholic Church,"202 E Ohio Ave, Walters",+1-580-255-0590,Mass,6:00 PM,,Mass,spanish,,
"Sat, Feb 28, 2026",2026-02-28,Saturday,San Jose,"12th St and Lincoln St, Ryan",(580) 255-0590,Mass,4:00 PM,,Mass,English,,
"Sat, Feb 28, 2026",2026-02-28,Saturday,San Jose,"12th St and Lincoln St, Ryan",(580) 255-0590,Mass,6:00 PM,,Mass,spanish,,
"Sat, Feb 28, 2026",2026-02-28,Saturday,St Catherine of Alexandria Catholic Church,"4532 S 25th W Ave, Tulsa",(918) 446-8124,Mass,5:00 PM,,Mass,english,,vigil
"Sat, Feb 28, 2026",2026-02-28,Saturday,St Catherine of Alexandria Catholic Church,"4532 S 25th W Ave, Tulsa",(918) 446-8124,Mass,8:15 AM,,Mass,English,,does not fulfill Sunday obligation
"Sat, Feb 28, 2026",2026-02-28,Saturday,St Elizabeth Catholic Church,"1653 113th St NW, Grove",+1-918-786-9312,Mass,5:30 PM,,Mass,English,St. Elizabeth Catholic Church,vigil
"Sat, Feb 28, 2026",2026-02-28,Saturday,St Matthew's Catholic Church-Elk City,"3001 E State Hwy 66, Elk City",+1-580-225-0066,Mass,5:00 PM,6:00 PM,Mass: Elk City,English,Elk City,Mass: Elk City
"Sat, Feb 28, 2026",2026-02-28,Saturday,St Thomas More University Parish and Student Center,"100 Stinson St, Norman",(405) 321-0990,Mass,5:00 PM,,Mass Vigil,English,,There is no Vigil Mass on OU Football home games; vigil
"Sat, Feb 28, 2026",2026-02-28,Saturday,St. Andrew,"800 NW 5th St, Moore",(405) 799-3334,Mass,5:00 PM,,Mass,English,St. Andrew the Apostle Catholic Church,Check Bulletin for Possible Changes in Mass Times
"Sat, Feb 28, 2026",2026-02-28,Saturday,St. Andrew Dung-Lac,"3115 SW 59th St, Oklahoma City",(405) 681-2665,Mass,6:00 PM,,Mass,vietnamese,3115 S. W. 59th St Oklahoma City,
"Sat, Feb 28, 2026",2026-02-28,Saturday,St. Ann,"536 S Gypsy, Shidler",(918) 287-1414,Mass,5:30 PM,,Mass,english,St. Ann Parish,Shidler
"Sat, Feb 28, 2026",2026-02-28,Saturday,St. Anne,"301 S 9th St, Broken Arrow",(918) 251-4000,Mass,5:00 PM,,Mass,English,,vigil
"Sat, Feb 28, 2026",2026-02-28,Saturday,St. Anne,"301 S 9th St, Broken Arrow",(918) 251-4000,Mass,8:00 AM,,Mass,English,,
"Sat, Feb 28, 2026",2026-02-28,Saturday,St. Anthony,"515 S Morton Ave, Okmulgee",(918) 756-4385,Mass,5:00 PM,,Mass Vigil,English,St. Anthony,vigil
"Sat, Feb 28, 2026",2026-02-28,Saturday,St. Anthony of Padua,"1510 N Calhoun Ave , Liberal",(620) 624-4135,Mass,5:30 PM,,Mass,english,,
"Sat, Feb 28, 2026",2026-02-28,Saturday,St. Anthony of Padua,"1510 N Calhoun Ave , Liberal",(620) 624-4135,Mass,7:00 PM,,Mass,spanish,,
"Sat, Feb 28, 2026",2026-02-28,Saturday,St. Benedict,"2200 W Ithica St, Broken Arrow",(918) 455-4451,Mass,5:00 PM,,Vigil Mass,English,,
"Sat, Feb 28, 2026",2026-02-28,Saturday,St. Benedict,"632 N Kickapoo Ave, Shawnee",(405) 275-0001,Mass,5:30 PM,,Mass,English,,vigil; Sunday anticipated
"Sat, Feb 28, 2026",2026-02-28,Saturday,St. Benedict,"632 N Kickapoo Ave, Shawnee",(405) 275-0001,Mass,8:00 AM,,Mass,english,,
"Sat, Feb 28, 2026",2026-02-28,Saturday,St. Bernard of Clairvaux,"4001 E 101st St, Tulsa",(918) 299-9406,Mass,5:00 PM,,Mass,English,,vigil
"Sat, Feb 28, 2026",2026-02-28,Saturday,St. Bernard of Clairvaux,"4001 E 101st St, Tulsa",(918) 299-9406,Mass,8:30 AM,,Mass,English,main church,
"Sat, Feb 28, 2026",2026-02-28,Saturday,St. Boniface,"204 N 18th St, Fort Smith",(479) 783-6711,Mass,4:00 PM,,Mass,english,St. Boniface,vigil
"Sat, Feb 28, 2026",2026-02-28,Saturday,St. Brigid,"807 Crafton St, Tahlequah",(918) 456-8388,Mass,5:00 PM,,Mass,English,,vigil; Vigil
"Sat, Feb 28, 2026",2026-02-28,Saturday,St. Brigid,"807 Crafton St, Tahlequah",(918) 456-8388,Mass,9:00 AM,,Mass of Reparation to the Immaculate Heart of Mary,English,,followed by recitation of the Rosary at 9:30am
"Sat, Feb 28, 2026",2026-02-28,Saturday,St. Catherine of Siena,"205 W Bert St, Pauls Valley",(405) 238-3741,Mass,7:00 PM,,Mass,spanish,,vigil
"Sat, Feb 28, 2026",2026-02-28,Saturday,St. Cecilia,"1304 N Dorothy Ave, Claremore",(918) 341-2343,Mass,5:00 PM,,Mass,English,,vigil
"Sat, Feb 28, 2026",2026-02-28,Saturday,St. Charles Borromeo,"5024 N Grove, Warr Acres",(405) 789-2595,Mass,5:00 PM,,Mass,english,,
"Sat, Feb 28, 2026",2026-02-28,Saturday,St. Clement,"15501 S Memorial Dr, Bixby",(918) 366-3166,Mass,5:00 PM,,Mass,English,St. Clement Catholic Church,
"Sat, Feb 28, 2026",2026-02-28,Saturday,St. Clement,"15501 S Memorial Dr, Bixby",(918) 366-3166,Mass,7:00 PM,,Mass,spanish,St. Clement Catholic Church,
"Sat, Feb 28, 2026",2026-02-28,Saturday,St. Damien of Molokai,"8455 NW 234th St, Edmond",(405) 330-9968,Mass,6:00 AM,,Low Mass,English,,note: cancelled if only one priest available
"Sat, Feb 28, 2026",2026-02-28,Saturday,St. Damien of Molokai,"8455 NW 234th St, Edmond",(405) 330-9968,Mass,6:00 PM,,High Mass,English,,
"Sat, Feb 28, 2026",2026-02-28,Saturday,St. Damien of Molokai,"8455 NW 234th St, Edmond",(405) 330-9968,Mass,8:00 AM,,Low Mass,English,,
"Sat, Feb 28, 2026",2026-02-28,Saturday,St. Elizabeth,"1653 113th St NW, Grove",(918) 786-9312,Mass,5:30 PM,,Mass,English,St. Elizabeth Catholic Church,vigil
"Sat, Feb 28, 2026",2026-02-28,Saturday,St. Eugene,"2400 W Hefner Rd, Oklahoma City",(405) 751-7115,Mass,5:00 PM,,Mass,english,Church,vigil
"Sat, Feb 28, 2026",2026-02-28,Saturday,St. Eugene,"704 N Bryan St, Weatherford",(580) 772-3209,Mass,5:00 PM,,Mass,english,"St. Eugene, Weatherford",vigil
"Sat, Feb 28, 2026",2026-02-28,Saturday,St. Frances of Rome,"13286 Oklahoma 28, Langley",(918) 782-2248,Mass,6:30 PM,,Vigil Mass,English,,
"Sat, Feb 28, 2026",2026-02-28,Saturday,St. Francis Hospital Chapel,"6161 S Yale Ave, Tulsa",,Mass,9:00 AM,,Mass,English,Saint Francis Hospital Chapel,livestream; note: Televised in patient rooms on Channel 15
"Sat, Feb 28, 2026",2026-02-28,Saturday,St. Francis Xavier,"110 N Madison St, Enid",(580) 237-0812,Mass,5:00 PM,,Mass,English,St. Francis Xavier,vigil
"Sat, Feb 28, 2026",2026-02-28,Saturday,St. Francis Xavier,"711 N Country Club Rd, Stillwater",(405) 372-6886,Mass,5:00 PM,,Mass,English,,vigil
"Sat, Feb 28, 2026",2026-02-28,Saturday,St. Francis Xavier,"711 N Country Club Rd, Stillwater",(405) 372-6886,Mass,9:00 AM,,Mass,english,,
"Sat, Feb 28, 2026",2026-02-28,Saturday,St. Francis of Assisi,"1901 NW 18th St, Oklahoma City",(405) 528-0485,Mass,5:00 PM,,Mass,english,,vigil
"Sat, Feb 28, 2026",2026-02-28,Saturday,St. Francis of Assisi,"1901 NW 18th St, Oklahoma City",(405) 528-0485,Mass,8:30 AM,,Mass,english,,
"Sat, Feb 28, 2026",2026-02-28,Saturday,St. Gregory's Abbey,"1900 W MacArthur St, Shawnee",(405) 878-5491,Mass,5:30 AM,,Vigils,English,,
"Sat, Feb 28, 2026",2026-02-28,Saturday,St. James,"5500 Douglas Ln, Bartlesville",(918) 335-0844,Mass,4:30 PM,,Vigil Mass,English,St. James Parish - Bartlesville,vigil
"Sat, Feb 28, 2026",2026-02-28,Saturday,St. James,"5500 Douglas Ln, Bartlesville",(918) 335-0844,Mass,8:30 AM,,Mass,English,St. James Parish - Bartlesville,
"Sat, Feb 28, 2026",2026-02-28,Saturday,St. James the Greater,"4201 S McKinley Ave, Oklahoma City",(405) 636-6800,Mass,4:00 PM,,Mass,English,,vigil
"Sat, Feb 28, 2026",2026-02-28,Saturday,St. James the Greater,"4201 S McKinley Ave, Oklahoma City",(405) 636-6800,Mass,7:00 PM,,Mass,spanish,,vigil
"Sat, Feb 28, 2026",2026-02-28,Saturday,St. John,"300 E Washington Ave, Mcalester",(918) 423-0810,Mass,5:00 PM,,Mass,English,Church,vigil
"Sat, Feb 28, 2026",2026-02-28,Saturday,St. John Nepomuk,"600 S Garth Brooks Blvd, Yukon",(405) 354-2743,Mass,5:00 PM,,Mass,English,,vigil
"Sat, Feb 28, 2026",2026-02-28,Saturday,St. John the Baptist,"900 S Littler Ave, Edmond",(405) 340-0691,Mass,4:30 PM,,Mass,English,St. John the Baptist Catholic Church,vigil
"Sat, Feb 28, 2026",2026-02-28,Saturday,St. John the Baptist,"900 S Littler Ave, Edmond",(405) 340-0691,Mass,7:30 AM,,Mass,English,St. John the Baptist Catholic Church,
"Sat, Feb 28, 2026",2026-02-28,Saturday,St. John the Evangelist,"8th St and Oak St, Pawnee",(918) 225-0644,Mass,5:00 PM,,SUNDAY MASS,English,,vigil
"Sat, Feb 28, 2026",2026-02-28,Saturday,St. John the Evangelist,"32136 Hwy 82, Cookson",(918) 775-6217,Mass,6:00 PM,,Mass,english,St. John the Evangelist Parish,Cookson
"Sat, Feb 28, 2026",2026-02-28,Saturday,St. Joseph,"1300 E Beverly St, Ada",(580) 332-4811,Mass,5:00 PM,,Mass,english,"St. Joseph, Ada",vigil
"Sat, Feb 28, 2026",2026-02-28,Saturday,St. Joseph,"211 N Porter, Norman",(405) 321-8080,Mass,5:00 PM,,Mass,english,Main Church,vigil
"Sat, Feb 28, 2026",2026-02-28,Saturday,St. Joseph,"290 NW Church St, Krebs",(918) 423-6695,Mass,5:30 PM,,Mass,english,,
"Sat, Feb 28, 2026",2026-02-28,Saturday,St. Joseph,"324 SW 2nd St, Buffalo",(580) 256-5305,Mass,6:30 PM,,Vigil Mass,bilingual,St. Joseph in Buffalo,vigil
"Sat, Feb 28, 2026",2026-02-28,Saturday,St. Joseph,"211 N Porter, Norman",(405) 321-8080,Mass,8:00 AM,,Mass,english,Chapel,
"Sat, Feb 28, 2026",2026-02-28,Saturday,St. Joseph Old Cathedral,"307 NW 4th St, Oklahoma City",(405) 235-4565,Mass,4:00 PM,,Mass,English,,vigil
"Sat, Feb 28, 2026",2026-02-28,Saturday,St. Joseph [Thánh Giuse],"14905 E 21st St S, Tulsa",(918) 438-1380,Mass,5:00 PM,,Mass,English,,vigil
"Sat, Feb 28, 2026",2026-02-28,Saturday,St. Joseph's Catholic Church,"211 N Porter Ave, Norman",+1-405-321-8080,Mass,5:00 PM,,Mass,english,Main Church,vigil
"Sat, Feb 28, 2026",2026-02-28,Saturday,St. Joseph's Catholic Church,"211 N Porter Ave, Norman",+1-405-321-8080,Mass,8:00 AM,,Mass,english,Chapel,
"Sat, Feb 28, 2026",2026-02-28,Saturday,St. Jude Thaddeus,"600 Davey Dr, Burkburnett",(940) 569-1222,Mass,5:00 PM,,Mass,english,St. Jude Thaddeus,Burkburnett; vigil
"Sat, Feb 28, 2026",2026-02-28,Saturday,St. Kateri Tekakwitha,"110841 S 4760 Rd, Roland",(918) 775-6217,Mass,7:30 PM,,Mass,english,St. Kateri Tekakwitha,Roland
"Sat, Feb 28, 2026",2026-02-28,Saturday,St. Margaret Mary,"700 N Grand, Crescent",(405) 282-4239,Mass,4:30 PM,,Vigil Mass,English,,vigil
"Sat, Feb 28, 2026",2026-02-28,Saturday,St. Mark,"1507 S Vann St, Pryor",(918) 825-4186,Mass,4:30 PM,,Mass,English,St. Mark Catholic Church,
"Sat, Feb 28, 2026",2026-02-28,Saturday,St. Mark the Evangelist,"3939 W Tecumseh Rd, Norman",(405) 366-7676,Mass,5:00 PM,,Mass,English,,
"Sat, Feb 28, 2026",2026-02-28,Saturday,St. Mary,"411 N Elm St, Guthrie",(405) 282-4239,Mass,4:30 PM,,Mass,English,,vigil
"Sat, Feb 28, 2026",2026-02-28,Saturday,St. Mary,"1230 E 7th St, Joplin",14176233333,Mass,4:30 PM,,Mass,English,St. Mary’s Catholic Church,vigil; livestream
"Sat, Feb 28, 2026",2026-02-28,Saturday,St. Mary,"1218 Knox Ave, Clinton",(580) 323-0345,Mass,5:00 PM,,Mass,english,"St. Mary's Clinton, Ok",vigil
"Sat, Feb 28, 2026",2026-02-28,Saturday,St. Mary,"825 N Weaver St, Gainesville",(940) 665-5395,Mass,5:00 PM,,Mass,english,,vigil
"Sat, Feb 28, 2026",2026-02-28,Saturday,St. Mary,"707 E Ponca Ave, Ponca City",(580) 765-7794,Mass,5:00 PM,,Vigil Mass,english,St. Mary's,vigil
"Sat, Feb 28, 2026",2026-02-28,Saturday,St. Mary,"1347 E 49th Pl, Tulsa",(918) 749-1423,Mass,5:00 PM,,Mass,English,Church of Saint Mary,vigil
"Sat, Feb 28, 2026",2026-02-28,Saturday,St. Mary,"101 E Street SW, Ardmore",(580) 223-0231,Mass,5:30 PM,,Vigil Mass,English,,vigil
"Sat, Feb 28, 2026",2026-02-28,Saturday,St. Mary,"1347 E 49th Pl, Tulsa",(918) 749-1423,Mass,8:00 AM,,Mass,English,Church of Saint Mary,
"Sat, Feb 28, 2026",2026-02-28,Saturday,St. Mary ,"3035 S Central City Rd, Joplin",(417) 623-3333,Mass,4:30 PM,,Mass,English,,vigil; livestream
"Sat, Feb 28, 2026",2026-02-28,Saturday,St. Matthew,"3001 E Hwy 66, Elk City",(580) 225-0066,Mass,5:00 PM,,Mass,English,Elk City,vigil
"Sat, Feb 28, 2026",2026-02-28,Saturday,St. Michael,"1025 E Pointer Trail , Van Buren",(479) 471-1211,Mass,4:00 PM,,Mass,English,,
"Sat, Feb 28, 2026",2026-02-28,Saturday,St. Michael,"1025 E Pointer Trail , Van Buren",(479) 471-1211,Mass,8:00 AM,,Mass,English,,
"Sat, Feb 28, 2026",2026-02-28,Saturday,St. Michael and All Angels ,"101 E Texas St, Denison",(903) 821-7511,Mass,6:00 PM,,Mass,english,"101 East Texas St, Denison TX",vigil
"Sat, Feb 28, 2026",2026-02-28,Saturday,St. Monica,"2001 N Western Ave, Edmond",(405) 359-2700,Mass,5:00 PM,,Mass,English,Church,vigil
"Sat, Feb 28, 2026",2026-02-28,Saturday,St. Patrick,"2103 S Mississippi Ave (US Hwy 69/75), Atoka",(580) 924-1989,Mass,4:00 PM,,Mass,English,"St. Patrick, Atoka",
"Sat, Feb 28, 2026",2026-02-28,Saturday,St. Patrick,"314 N Rusk Ave, Denison",(903) 463-3275,Mass,5:00 PM,,Vigil Mass,English,,vigil
"Sat, Feb 28, 2026",2026-02-28,Saturday,St. Patrick,"2121 N Portland Ave, Oklahoma City",(405) 946-4441,Mass,5:00 PM,,Mass,english,,
"Sat, Feb 28, 2026",2026-02-28,Saturday,St. Patrick,"204 E 4th St, Sand Springs",(918) 245-5840,Mass,5:00 PM,,Mass,english,St. Patrick,
"Sat, Feb 28, 2026",2026-02-28,Saturday,St. Paul the Apostle,"3901 S Sunnylane Rd, Del City",(405) 677-4873,Mass,5:00 PM,,Mass,English,,Vigil
"Sat, Feb 28, 2026",2026-02-28,Saturday,St. Peter,"424 W Main St, Lindsay",(940) 668-7609,Mass,5:30 PM,,Mass,english,St. Peter's,vigil
"Sat, Feb 28, 2026",2026-02-28,Saturday,St. Peter Catholic Church,"East 2 and Quapaw, Lindsay",+1-405-527-3077,Mass,5:30 PM,,Mass,english,St. Peter's,vigil
"Sat, Feb 28, 2026",2026-02-28,Saturday,St. Peter the Apostle,"812 Pearl Ave, Joplin",(417) 623-8643,Mass,5:15 PM,,Mass,English,,
"Sat, Feb 28, 2026",2026-02-28,Saturday,St. Philip Neri,"1107 Felix Pl, Midwest City",(405) 737-4476,Mass,5:00 PM,,Mass,English,,
"Sat, Feb 28, 2026",2026-02-28,Saturday,St. Pius X,"1727 S 75th E Ave, Tulsa",(918) 622-4488,Mass,5:00 PM,,Mass,english,,
"Sat, Feb 28, 2026",2026-02-28,Saturday,St. Pius X,"1727 S 75th E Ave, Tulsa",(918) 622-4488,Mass,7:00 PM,,Mass,spanish,,
"Sat, Feb 28, 2026",2026-02-28,Saturday,St. Robert Bellarmine,"121 NW 1st St, Jones",(405) 399-1727,Mass,5:00 PM,,Mass,spanish,,
"Sat, Feb 28, 2026",2026-02-28,Saturday,St. Rose of Lima,"421 N 9th St, Perry",(580) 336-9300,Mass,4:00 PM,,Mass,English,,
"Sat, Feb 28, 2026",2026-02-28,Saturday,St. Rose of Lima,"900 N Clarence Nash Blvd, Watonga",(580) 623-7740,Mass,5:00 PM,,Mass,english,,vigil
"Sat, Feb 28, 2026",2026-02-28,Saturday,St. Teresa,"716 W Broadway St, Okemah",(918) 652-3445,Mass,5:00 PM,,Mass,english,St. Teresa,vigil
"Sat, Feb 28, 2026",2026-02-28,Saturday,St. Teresa of Avila,"1576 Tim Holt Dr, Harrah",(405) 454-2819,Mass,5:30 PM,,Vigil Mass,English,,
"Sat, Feb 28, 2026",2026-02-28,Saturday,St. Therese,"1007 N 19th St, Collinsville",(918) 371-2704,Mass,5:00 PM,,Mass,english,,vigil
"Sat, Feb 28, 2026",2026-02-28,Saturday,St. Thomas More,"2720 S 129th E Ave, Tulsa",(918) 437-0168,Mass,5:00 PM,,Mass,english,St. Thomas More Parish,vigil
"Sat, Feb 28, 2026",2026-02-28,Saturday,St. Thomas More,"2720 S 129th E Ave, Tulsa",(918) 437-0168,Mass,7:00 PM,,Mass,spanish,St. Thomas More Parish,vigil
"Sat, Feb 28, 2026",2026-02-28,Saturday,St. Thomas More,"2720 S 129th E Ave, Tulsa",(918) 437-0168,Mass,8:30 PM,,Mass,spanish,St. Thomas More Parish,vigil
"Sat, Feb 28, 2026",2026-02-28,Saturday,St. Vincent de Paul,"123 S 9th St, McLoud",(405) 964-5606,Mass,4:00 PM,,Mass,English,St. Vincent de Paul in Mcloud,vigil
"Sat, Feb 28, 2026",2026-02-28,Saturday,St. William,"802 W University Blvd, Durant",580-924-1989,Mass,9:00 AM,,Mass,English,"St. William, Durant",
"Sat, Feb 28, 2026",2026-02-28,Saturday,Sts. Peter and Paul,"309 S Main St, Kingfisher",(405) 375-4616 ,Mass,5:00 PM,,Mass,english,,
"Sat, Feb 28, 2026",2026-02-28,Saturday,Sts. Peter and Paul,"1419 N 67th E Ave, Tulsa",(918) 836-2596,Mass,5:00 PM,,Mass,english,,vigil
"Sat, Feb 28, 2026",2026-02-28,Saturday,Sts. Peter and Paul,"1419 N 67th E Ave, Tulsa",(918) 836-2596,Mass,7:00 PM,,Mass,spanish,,vigil
"Sat, Feb 28, 2026",2026-02-28,Saturday,Sts. Peter and Paul,"1419 N 67th E Ave, Tulsa",(918) 836-2596,Mass,8:00 AM,,Mass,english,,
"Sat, Feb 28, 2026",2026-02-28,Saturday,Sts. Sabina and Mary,"14304 Old Jenny Lind Loop, Jenny Lind",(479) 452-1795 ,Mass,4:00 PM,,Mass,English,"STS. SABINA & MARY, JENNY LIND",
"Sat, Feb 28, 2026",2026-02-28,Saturday,Assumption of the Blessed Virgin Mary,"711 W Hickory Ave, Duncan",(580) 255-0590,Confession,3:00 PM,3:45 PM,Confessions,English,Duncan,
"Sat, Feb 28, 2026",2026-02-28,Saturday,Blessed Sacrament,"12 SW 7th St, Lawton",(580) 355-2054,Confession,3:00 PM,4:30 PM,Confession,English,,
"Sat, Feb 28, 2026",2026-02-28,Saturday,Blessed Sacrament,"520 N St, Thomas",15807723209,Confession,4:30 PM,,Confession,spanish,"St. Eugene, Weatherford",
"Sat, Feb 28, 2026",2026-02-28,Saturday,Blessed Stanley Rother Shrine,"700 SE 89th St, Oklahoma City",(405) 421-9800,Confession,11:30 AM,12:00 PM,Confession,English,Blessed Stanley Rother Shrine,
"Sat, Feb 28, 2026",2026-02-28,Saturday,Cathedral of Our Lady of Perpetual Help,"3214 N Lake Ave, Oklahoma City",(405) 525-2349,Confession,3:00 PM,4:00 PM,Confession,English,,
"Sat, Feb 28, 2026",2026-02-28,Saturday,Cathedral of Our Lady of Perpetual Help,"3214 N Lake Ave, Oklahoma City",(405) 525-2349,Confession,3:00 PM,4:00 PM,Confession,English,,Every
"Sat, Feb 28, 2026",2026-02-28,Saturday,Chapel of St. Joseph,"7th and Seminole, Wewoka",(405) 382-3602,Confession,4:15 PM,5:00 PM,Sacrament of Reconciliation,English,,by appointment
"Sat, Feb 28, 2026",2026-02-28,Saturday,Christ the King,"8005 Dorset Dr, Oklahoma City",(405) 842-1481,Confession,3:30 PM,4:15 PM,Confession,English,,
"Sat, Feb 28, 2026",2026-02-28,Saturday,Christ the King,"8005 Dorset Dr, Oklahoma City",(405) 842-1481,Confession,3:30 PM,4:15 PM,Reconciliation,English,,by appointment; At the Penance Rite during Advent/Lent
"Sat, Feb 28, 2026",2026-02-28,Saturday,Christ the King,"2112 S Greenwood Ave, Fort Smith",(479) 783-7745,Confession,5:00 PM,,Confessions,English,Main Church,
"Sat, Feb 28, 2026",2026-02-28,Saturday,Church of Saint Benedict,"2200 W Ithica St, Broken Arrow",+1-918-455-4451,Confession,3:30 PM,4:45 PM,Confessions,English,,
"Sat, Feb 28, 2026",2026-02-28,Saturday,Epiphany of the Lord,"7336 W Britton Rd, Oklahoma City",(405) 722-2110,Confession,6:30 PM,,Reconciliation,English,Chapel,
"Sat, Feb 28, 2026",2026-02-28,Saturday,Holy Family,"1010 NW 82nd St, Lawton",(580) 536-6351,Confession,2:30 PM,4:00 PM,Confession,English,Church,note: or by appointment
"Sat, Feb 28, 2026",2026-02-28,Saturday,Holy Family Cathedral,"820 S Boulder Ave, Tulsa",918-582-6247,Confession,3:30 PM,,Confessions,English,Holy Family Cathedral,
"Sat, Feb 28, 2026",2026-02-28,Saturday,Holy Family Cathedral,"820 S Boulder Ave, Tulsa",918-582-6247,Confession,4:30 PM,,Confessions,English,Holy Family Cathedral,
"Sat, Feb 28, 2026",2026-02-28,Saturday,Holy Family Cathedral,"820 S Boulder Ave, Tulsa",918-582-6247,Confession,7:30 AM,,Confessions,English,Holy Family Cathedral,
"Sat, Feb 28, 2026",2026-02-28,Saturday,Holy Family of Nazareth,"2200 Roberts, Vernon",(940) 552-2895,Confession,4:30 PM,,Reconciliation,English,Vernon,
"Sat, Feb 28, 2026",2026-02-28,Saturday,Holy Name,"408 Willow St, Coffeyville",(620) 251-0475,Confession,3:30 PM,4:20 PM,Confessions,English,Holy Name Catholic Church,
"Sat, Feb 28, 2026",2026-02-28,Saturday,Holy Name of Jesus,"210 S 7th St, Chickasha",(405) 224-6068,Confession,5:30 PM,7:30 PM,Confession,English,,
"Sat, Feb 28, 2026",2026-02-28,Saturday,Holy Spirit,"1100 N Sara Rd, Mustang",(405) 376-9435,Confession,3:30 PM,4:30 PM,Confessions,English,Holy Spirit Catholic Church,also by appointment
"Sat, Feb 28, 2026",2026-02-28,Saturday,Holy Trinity,"211 W Missouri Ave, Okarche",(405) 263-7930,Confession,3:30 PM,,Confession,English,,
"Sat, Feb 28, 2026",2026-02-28,Saturday,Immaculate Conception,"22 N 13th St, Fort Smith",(479) 783-7963,Confession,3:30 PM,,Confessions,English,Church,note: through screen only; Or by appointment
"Sat, Feb 28, 2026",2026-02-28,Saturday,Immaculate Conception Catholic Church,"196 Bearden Springs Rd, Hugo",(580) 326-7300,Confession,4:00 PM,,Sacrament of Reconciliation,English,Immaculate Conception Catholic Church,
"Sat, Feb 28, 2026",2026-02-28,Saturday,Immaculate Heart of Mary,"239 N Freehome Ave, Calumet",(405) 263-7930,Confession,3:30 PM,,Confession,English,,
"Sat, Feb 28, 2026",2026-02-28,Saturday,Little Flower Church (Our Lady of Mount Carmel and St. Thérèse of Lisieux),"1125 S Walker Ave, Oklahoma City",(405) 235-2037,Confession,3:30 PM,,Confession,English,Church,
"Sat, Feb 28, 2026",2026-02-28,Saturday,Mother of Sorrows,"521 E Wallace Ave, Apache",(580) 492-5914,Confession,4:30 PM,,Confession,English,Mother of Sorrows,
"Sat, Feb 28, 2026",2026-02-28,Saturday,National Shrine of the Infant Jesus of Prague,"304 Jim Thorpe Blvd, Prague",(405) 567-3080,Confession,4:00 PM,6:00 PM,Confessions,English,National Shrine of the Infant Jesus,or by appointment
"Sat, Feb 28, 2026",2026-02-28,Saturday,National Shrine of the Infant Jesus of Prague,"304 Jim Thorpe Blvd, Prague",(405) 567-3080,Confession,5:45 PM,,Confessions,English,National Shrine of the Infant Jesus,immediately following Mass
"Sat, Feb 28, 2026",2026-02-28,Saturday,Our Lady of Victory,"3300 Clarksville St, Paris",(903) 784-1000,Confession,3:00 PM,5:00 PM,Confession,English,,
"Sat, Feb 28, 2026",2026-02-28,Saturday,Our Lady of the Lake,"450 E Cimarron Dr, Mannford",918-245-5840,Confession,4:00 AM,4:30 AM,Confessions,English,,
"Sat, Feb 28, 2026",2026-02-28,Saturday,Our Mother of Mercy,"1325 Main St, Waynoka",(580) 327-0339,Confession,3:30 PM,3:55 PM,Confession,English,Waynoka,Winter
"Sat, Feb 28, 2026",2026-02-28,Saturday,Our Mother of Mercy,"1325 Main St, Waynoka",(580) 327-0339,Confession,4:30 PM,5:00 PM,Confession,English,Waynoka,
"Sat, Feb 28, 2026",2026-02-28,Saturday,Our Mother of Mercy,"1325 Main St, Waynoka",(580) 327-0339,Confession,4:30 PM,4:55 PM,Confession,English,Waynoka,
"Sat, Feb 28, 2026",2026-02-28,Saturday,Parish of Christ the King,"1520 S Rockford Ave, Tulsa",+1-918-584-4788,Confession,3:30 PM,4:30 PM,Confession,English,Fletcher Hall Confessionals,
"Sat, Feb 28, 2026",2026-02-28,Saturday,Prince of Peace,"1500 Falcon Rd, Altus",(580) 482-3363,Confession,4:00 PM,4:45 PM,Confessions,English,,
"Sat, Feb 28, 2026",2026-02-28,Saturday,Queen of All Saints,"914 N 5th St, Sayre",(580) 225-0066,Confession,3:30 PM,4:30 PM,Confession,English,,
"Sat, Feb 28, 2026",2026-02-28,Saturday,Resurrection,"4804 S Fulton Ave, Tulsa",(918) 663-1907,Confession,4:00 PM,4:45 PM,Confession,English,,
"Sat, Feb 28, 2026",2026-02-28,Saturday,Sacred Heart,"208 S Evans Ave, El Reno",(405) 262-1405,Confession,3:00 PM,3:55 PM,Confession,English,Sacred Heart,
"Sat, Feb 28, 2026",2026-02-28,Saturday,Sacred Heart,"714 N Main St, Muenster",(940) 759-2500,Confession,3:30 PM,4:30 PM,Confession,English,Church,
"Sat, Feb 28, 2026",2026-02-28,Saturday,Sacred Heart,"2515 N Main St, Miami",(918) 542-5281,Confession,4:00 PM,4:45 PM,Confession,English,Sacred Heart Catholic Church,
"Sat, Feb 28, 2026",2026-02-28,Saturday,Sacred Heart,"Broadway St and W Lowe St, Billings",(580) 336-9300,Confession,4:30 PM,5:00 PM,Confession,English,church,
"Sat, Feb 28, 2026",2026-02-28,Saturday,Sacred Heart,"1777 E Grayson Ave, Sapulpa",(918) 224-0944,Confession,4:30 PM,5:15 PM,Confession,English,,and by appointment
"Sat, Feb 28, 2026",2026-02-28,Saturday,Sacred Heart,"320 S B Street, Arkansas City",(620) 442-0566,Confession,5:00 PM,5:50 PM,Confession,English,Sacred Heart Catholic Church,
"Sat, Feb 28, 2026",2026-02-28,Saturday,Sacred Heart Catholic Church,"Broadway and Lowe, Billings",+1-580-336-9300,Confession,4:30 PM,5:00 PM,Confession,English,,and by appointment with Fr Bala
"Sat, Feb 28, 2026",2026-02-28,Saturday,Sacred Heart of Mary,"1301 Frank St, Barling",(479) 452-1795 or (479) 522-4245 (Fr. Tuyen),Confession,5:30 PM,5:55 PM,Confessions,english,"Sacred Heart of Mary, Barling",
"Sat, Feb 28, 2026",2026-02-28,Saturday,St Catherine of Alexandria Catholic Church,"4532 S 25th W Ave, Tulsa",(918) 446-8124,Confession,3:30 PM,4:45 PM,Confession,English,,
"Sat, Feb 28, 2026",2026-02-28,Saturday,St Elizabeth Catholic Church,"1653 113th St NW, Grove",+1-918-786-9312,Confession,4:45 PM,5:15 PM,Confession,English,St. Elizabeth Catholic Church,
"Sat, Feb 28, 2026",2026-02-28,Saturday,St Joseph Catholic Church,"321 N Virginia St, Muskogee",+1-918-687-1351,Confession,4:00 PM,4:45 PM,Confession,English,St. Joseph Catholic Church,
"Sat, Feb 28, 2026",2026-02-28,Saturday,St Joseph Catholic Church,"321 N Virginia St, Muskogee",+1-918-687-1351,Confession,4:15 PM,,Confession,English,St. Joseph Catholic Church,
"Sat, Feb 28, 2026",2026-02-28,Saturday,St Joseph Catholic Church,"321 N Virginia St, Muskogee",+1-918-687-1351,Confession,TBD,,Confessions,English,,before every Mass; note: Wednesdays at 6PM; Saturday 4:15 p.m.; Sundays at 11AM; or by appointment
"Sat, Feb 28, 2026",2026-02-28,Saturday,St Matthew's Catholic Church-Elk City,"3001 E State Hwy 66, Elk City",+1-580-225-0066,Confession,3:30 PM,4:30 PM,Confession,English,,confession
"Sat, Feb 28, 2026",2026-02-28,Saturday,St Thomas More University Parish and Student Center,"100 Stinson St, Norman",(405) 321-0990,Confession,3:30 PM,4:30 PM,Reconciliation,English,,
"Sat, Feb 28, 2026",2026-02-28,Saturday,St. Anne,"301 S 9th St, Broken Arrow",(918) 251-4000,Confession,4:00 PM,4:45 PM,Confession,English,,
"Sat, Feb 28, 2026",2026-02-28,Saturday,St. Anthony,"515 S Morton Ave, Okmulgee",(918) 756-4385,Confession,4:00 PM,,Sacrament of Reconciliation,English,St. Anthony,
"Sat, Feb 28, 2026",2026-02-28,Saturday,St. Anthony of Padua,"1510 N Calhoun Ave , Liberal",(620) 624-4135,Confession,4:00 PM,5:00 PM,Confessions,English,,
"Sat, Feb 28, 2026",2026-02-28,Saturday,St. Benedict,"2200 W Ithica St, Broken Arrow",(918) 455-4451,Confession,3:30 PM,4:45 PM,Reconciliation,English,,
"Sat, Feb 28, 2026",2026-02-28,Saturday,St. Benedict,"632 N Kickapoo Ave, Shawnee",(405) 275-0001,Confession,3:45 PM,5:15 PM,Confession,english,,
"Sat, Feb 28, 2026",2026-02-28,Saturday,St. Bernard of Clairvaux,"4001 E 101st St, Tulsa",(918) 299-9406,Confession,3:30 PM,4:45 PM,Confessions,English,,
"Sat, Feb 28, 2026",2026-02-28,Saturday,St. Boniface,"204 N 18th St, Fort Smith",(479) 783-6711,Confession,3:00 PM,,Confession,English,St. Boniface,
"Sat, Feb 28, 2026",2026-02-28,Saturday,St. Brigid,"807 Crafton St, Tahlequah",(918) 456-8388,Confession,4:00 PM,4:30 PM,Sacrament of Reconciliation,English,,
"Sat, Feb 28, 2026",2026-02-28,Saturday,St. Catherine of Siena,"205 W Bert St, Pauls Valley",(405) 238-3741,Confession,6:00 PM,6:45 PM,Confession,English,,
"Sat, Feb 28, 2026",2026-02-28,Saturday,St. Cecilia,"1304 N Dorothy Ave, Claremore",(918) 341-2343,Confession,4:00 PM,4:50 PM,Reconciliation,English,,
"Sat, Feb 28, 2026",2026-02-28,Saturday,St. Charles Borromeo,"5024 N Grove, Warr Acres",(405) 789-2595,Confession,3:00 PM,4:00 PM,Confession,English,,
"Sat, Feb 28, 2026",2026-02-28,Saturday,St. Clement,"15501 S Memorial Dr, Bixby",(918) 366-3166,Confession,4:00 PM,4:45 PM,Reconciliation,English,St. Clement Catholic Church,
"Sat, Feb 28, 2026",2026-02-28,Saturday,St. Elizabeth,"1653 113th St NW, Grove",(918) 786-9312,Confession,4:45 PM,5:15 PM,Confession,English,St. Elizabeth Catholic Church,
"Sat, Feb 28, 2026",2026-02-28,Saturday,St. Eugene,"2400 W Hefner Rd, Oklahoma City",(405) 751-7115,Confession,3:30 PM,4:30 PM,Confession,English,Church,
"Sat, Feb 28, 2026",2026-02-28,Saturday,St. Eugene,"704 N Bryan St, Weatherford",(580) 772-3209,Confession,4:30 PM,,Confession,spanish,"St. Eugene, Weatherford",
"Sat, Feb 28, 2026",2026-02-28,Saturday,St. Frances of Rome,"13286 Oklahoma 28, Langley",(918) 782-2248,Confession,6:00 PM,,Confession,English,,
"Sat, Feb 28, 2026",2026-02-28,Saturday,St. Francis Xavier,"110 N Madison St, Enid",(580) 237-0812,Confession,3:45 PM,4:45 PM,Reconciliation,English,St. Francis Xavier,
"Sat, Feb 28, 2026",2026-02-28,Saturday,St. Francis Xavier,"711 N Country Club Rd, Stillwater",(405) 372-6886,Confession,9:45 AM,11:00 AM,Confession,english,,
"Sat, Feb 28, 2026",2026-02-28,Saturday,St. Francis of Assisi,"1901 NW 18th St, Oklahoma City",(405) 528-0485,Confession,4:15 PM,,Confession,English,,if needed; through the homily of Mass.
"Sat, Feb 28, 2026",2026-02-28,Saturday,St. Francis of Assisi,"1901 NW 18th St, Oklahoma City",(405) 528-0485,Confession,8:00 AM,8:20 AM,Confession,English,,
"Sat, Feb 28, 2026",2026-02-28,Saturday,St. Henry,"8500 N Owasso Expressway, Owasso",(918) 272-3710,Confession,3:00 PM,4:30 PM,Confessions,English,,or by appointment
"Sat, Feb 28, 2026",2026-02-28,Saturday,St. James,"5500 Douglas Ln, Bartlesville",(918) 335-0844,Confession,3:30 PM,,Sacrament of Reconciliation,English,St. James Parish - Bartlesville,or by appointment
"Sat, Feb 28, 2026",2026-02-28,Saturday,St. James the Greater,"4201 S McKinley Ave, Oklahoma City",(405) 636-6800,Confession,5:15 PM,6:00 PM,Confessions,bilingual,,
"Sat, Feb 28, 2026",2026-02-28,Saturday,St. John,"300 E Washington Ave, Mcalester",(918) 423-0810,Confession,4:00 PM,4:55 PM,Reconciliation,English,Church,
"Sat, Feb 28, 2026",2026-02-28,Saturday,St. John Nepomuk,"600 S Garth Brooks Blvd, Yukon",(405) 354-2743,Confession,4:00 PM,5:00 PM,Sacrament of Reconciliation,English,,chapel
"Sat, Feb 28, 2026",2026-02-28,Saturday,St. John the Baptist,"900 S Littler Ave, Edmond",(405) 340-0691,Confession,3:00 PM,4:00 PM,Reconciliation,English,St. John the Baptist Catholic Church,
"Sat, Feb 28, 2026",2026-02-28,Saturday,St. Joseph,"211 N Porter, Norman",(405) 321-8080,Confession,3:00 PM,4:30 PM,Confession,English,Main Church,
"Sat, Feb 28, 2026",2026-02-28,Saturday,St. Joseph,"321 N Virginia St, Muskogee",(918) 687-1351,Confession,4:00 PM,4:45 PM,Confessions,English,,
"Sat, Feb 28, 2026",2026-02-28,Saturday,St. Joseph,"290 NW Church St, Krebs",(918) 423-6695,Confession,4:30 PM,5:00 PM,Confession,English,,or by appointment
"Sat, Feb 28, 2026",2026-02-28,Saturday,St. Joseph Old Cathedral,"307 NW 4th St, Oklahoma City",(405) 235-4565,Confession,3:00 PM,,Reconciliation,English,,
"Sat, Feb 28, 2026",2026-02-28,Saturday,St. Joseph's Catholic Church,"211 N Porter Ave, Norman",+1-405-321-8080,Confession,3:00 PM,4:30 PM,Confession,English,Main Church,
"Sat, Feb 28, 2026",2026-02-28,Saturday,St. Jude Thaddeus,"600 Davey Dr, Burkburnett",(940) 569-1222,Confession,4:00 PM,4:45 PM,Confession,English,St. Jude Thaddeus,Burkburnett
"Sat, Feb 28, 2026",2026-02-28,Saturday,St. Margaret Mary,"700 N Grand, Crescent",(405) 282-4239,Confession,3:00 PM,4:15 PM,Confession,English,,
"Sat, Feb 28, 2026",2026-02-28,Saturday,St. Mark the Evangelist,"3939 W Tecumseh Rd, Norman",(405) 366-7676,Confession,3:30 PM,4:30 PM,Reconciliation,English,,or by appointment
"Sat, Feb 28, 2026",2026-02-28,Saturday,St. Mary,"411 N Elm St, Guthrie",(405) 282-4239,Confession,3:00 PM,4:15 PM,Confessions,English,,
"Sat, Feb 28, 2026",2026-02-28,Saturday,St. Mary,"1230 E 7th St, Joplin",14176233333,Confession,3:00 PM,4:00 PM,Reconciliation,English,St. Mary’s Catholic Church,or by appointment by calling the church office
"Sat, Feb 28, 2026",2026-02-28,Saturday,St. Mary,"825 N Weaver St, Gainesville",(940) 665-5395,Confession,3:30 PM,4:45 PM,Confession,English,In the Church,
"Sat, Feb 28, 2026",2026-02-28,Saturday,St. Mary,"707 E Ponca Ave, Ponca City",(580) 765-7794,Confession,3:30 PM,,Confession,English,Church,
"Sat, Feb 28, 2026",2026-02-28,Saturday,St. Mary,"1347 E 49th Pl, Tulsa",(918) 749-1423,Confession,4:00 PM,4:45 PM,Confessions,English,Church of Saint Mary,note: next to the chapel; always available by appointment
"Sat, Feb 28, 2026",2026-02-28,Saturday,St. Mary,"101 E Street SW, Ardmore",(580) 223-0231,Confession,4:30 PM,5:00 PM,Confession,English,,
"Sat, Feb 28, 2026",2026-02-28,Saturday,St. Mary,"1218 Knox Ave, Clinton",(580) 323-0345,Confession,4:30 PM,5:00 PM,Confession,English,"St. Mary's in Clinton, OK",
"Sat, Feb 28, 2026",2026-02-28,Saturday,St. Mary,"105 S Barrett St, Henrietta",(940) 538-4214,Confession,5:00 PM,,Confession,English,,
"Sat, Feb 28, 2026",2026-02-28,Saturday,St. Mary ,"3035 S Central City Rd, Joplin",(417) 623-3333,Confession,3:00 PM,4:00 PM,Reconciliation,English,,
"Sat, Feb 28, 2026",2026-02-28,Saturday,St. Mary ,"3035 S Central City Rd, Joplin",(417) 623-3333,Confession,TBD,,Reconciliation,English,,by appointment
"Sat, Feb 28, 2026",2026-02-28,Saturday,St. Matthew,"3001 E Hwy 66, Elk City",(580) 225-0066,Confession,3:30 PM,,Confession,English,Elk City,
"Sat, Feb 28, 2026",2026-02-28,Saturday,St. Michael,"1025 E Pointer Trail , Van Buren",(479) 471-1211,Confession,2:30 PM,3:45 PM,Reconciliation,bilingual,,
"Sat, Feb 28, 2026",2026-02-28,Saturday,St. Michael and All Angels ,"101 E Texas St, Denison",(903) 821-7511,Confession,10:00 AM,11:00 AM,Confession,English,"101 East Texas St, Denison TX",note: For alternate times please call Father Randall at: 903.821.7511
"Sat, Feb 28, 2026",2026-02-28,Saturday,St. Monica,"2001 N Western Ave, Edmond",(405) 359-2700,Confession,3:00 PM,,Confession,English,Confessional,
"Sat, Feb 28, 2026",2026-02-28,Saturday,St. Patrick,"1101 W Petree Rd, Anadarko",(405) 247-5255,Confession,3:00 PM,4:00 PM,Confession,English,"St. Patrick, Anadarko",
"Sat, Feb 28, 2026",2026-02-28,Saturday,St. Patrick,"2121 N Portland Ave, Oklahoma City",(405) 946-4441,Confession,3:30 PM,4:45 PM,Confession,English,,
"Sat, Feb 28, 2026",2026-02-28,Saturday,St. Patrick,"314 N Rusk Ave, Denison",(903) 463-3275,Confession,4:00 PM,4:30 PM,Confession,English,,
"Sat, Feb 28, 2026",2026-02-28,Saturday,St. Patrick,"204 E 4th St, Sand Springs",(918) 245-5840,Confession,4:00 PM,,Confession,English,St. Patrick,
"Sat, Feb 28, 2026",2026-02-28,Saturday,St. Paul the Apostle,"3901 S Sunnylane Rd, Del City",(405) 677-4873,Confession,3:30 PM,4:30 PM,Confession,English,,or by appointment
"Sat, Feb 28, 2026",2026-02-28,Saturday,St. Peter,"424 W Main St, Lindsay",(940) 668-7609,Confession,3:30 PM,4:30 PM,Confession,English,,
"Sat, Feb 28, 2026",2026-02-28,Saturday,St. Peter,"E 2 and Quapaw, Lindsay",(405) 527-3077,Confession,5:30 PM,7:30 PM,Confession,English,,
"Sat, Feb 28, 2026",2026-02-28,Saturday,St. Peter Catholic Church,"East 2 and Quapaw, Lindsay",+1-405-527-3077,Confession,3:30 PM,4:30 PM,Confession,English,,
"Sat, Feb 28, 2026",2026-02-28,Saturday,St. Peter the Apostle,"812 Pearl Ave, Joplin",(417) 623-8643,Confession,4:00 PM,4:45 PM,Confessions,English,,
"Sat, Feb 28, 2026",2026-02-28,Saturday,St. Philip Neri,"1107 Felix Pl, Midwest City",(405) 737-4476,Confession,3:00 PM,4:00 PM,Reconciliation,English,,Any other time by appointment
"Sat, Feb 28, 2026",2026-02-28,Saturday,St. Pius X,"1727 S 75th E Ave, Tulsa",(918) 622-4488,Confession,4:00 PM,,Reconciliation,English,,
"Sat, Feb 28, 2026",2026-02-28,Saturday,St. Pius X,"1727 S 75th E Ave, Tulsa",(918) 622-4488,Confession,6:30 PM,,Reconciliation,English,,
"Sat, Feb 28, 2026",2026-02-28,Saturday,St. Robert Bellarmine,"121 NW 1st St, Jones",(405) 399-1727,Confession,4:00 PM,4:50 PM,Confession,English,,
"Sat, Feb 28, 2026",2026-02-28,Saturday,St. Rose of Lima,"900 N Clarence Nash Blvd, Watonga",(580) 623-7740,Confession,4:00 PM,,Confession,English,,
"Sat, Feb 28, 2026",2026-02-28,Saturday,St. Teresa of Avila,"1576 Tim Holt Dr, Harrah",(405) 454-2819,Confession,2:30 PM,3:00 PM,Confession,English,St. Teresa of Avila,
"Sat, Feb 28, 2026",2026-02-28,Saturday,St. Therese,"1007 N 19th St, Collinsville",(918) 371-2704,Confession,4:00 PM,4:45 PM,Confession,English,,
"Sat, Feb 28, 2026",2026-02-28,Saturday,St. Thomas More,"2720 S 129th E Ave, Tulsa",(918) 437-0168,Confession,4:00 PM,5:00 PM,Confession,English,St. Thomas More Parish,
"Sat, Feb 28, 2026",2026-02-28,Saturday,St. Vincent de Paul,"123 S 9th St, McLoud",(405) 964-5606,Confession,3:30 PM,3:50 PM,Confession,English,St. Vincent de Paul in Mcloud,
"Sat, Feb 28, 2026",2026-02-28,Saturday,Sts. Peter and Paul,"1419 N 67th E Ave, Tulsa",(918) 836-2596,Confession,3:30 PM,4:30 PM,Confessions,English,,
"Sat, Feb 28, 2026",2026-02-28,Saturday,Sts. Peter and Paul,"309 S Main St, Kingfisher",(405) 375-4616 ,Confession,4:00 PM,,Confession,English,,
"Sat, Feb 28, 2026",2026-02-28,Saturday,Sts. Sabina and Mary,"14304 Old Jenny Lind Loop, Jenny Lind",(479) 452-1795 ,Confession,3:00 PM,3:55 PM,Confessions,English,Sts. Sabina & Mary,
"Sat, Feb 28, 2026",2026-02-28,Saturday,Blessed Stanley Rother Shrine,"700 SE 89th St, Oklahoma City",(405) 421-9800,Adoration,1:00 PM,2:00 PM,Adoration,English,Blessed Stanley Rother Shrine,exposition
"Sat, Feb 28, 2026",2026-02-28,Saturday,St Catherine of Alexandria Catholic Church,"4532 S 25th W Ave, Tulsa",(918) 446-8124,Adoration,3:30 PM,4:30 PM,Eucharistic Adoration,English,,exposition
"Sat, Feb 28, 2026",2026-02-28,Saturday,St. Anthony of Padua,"1510 N Calhoun Ave , Liberal",(620) 624-4135,Adoration,5:30 PM,,Adoration,english,,
"Sat, Feb 28, 2026",2026-02-28,Saturday,St. Anthony of Padua,"1510 N Calhoun Ave , Liberal",(620) 624-4135,Adoration,7:00 PM,,Adoration,spanish,,
"Sat, Feb 28, 2026",2026-02-28,Saturday,St. Clement,"15501 S Memorial Dr, Bixby",(918) 366-3166,Adoration,8:00 AM,,Adoration,English,St. Clement Catholic Church,
"Sat, Feb 28, 2026",2026-02-28,Saturday,Prince of Peace,"1500 Falcon Rd, Altus",(580) 482-3363,Devotions,4:30 PM,,Stations of the Cross,English,,
"Sat, Feb 28, 2026",2026-02-28,Saturday,Sacred Heart,"109 W 5th St, Skiatook",(918) 396-1179,Devotions,4:30 PM,,Rosary,English,Sacred Heart Church,
"Sat, Feb 28, 2026",2026-02-28,Saturday,St. Gregory's Abbey,"1900 W MacArthur St, Shawnee",(405) 878-5491,Devotions,5:00 PM,,Vespers,English,,
"Sat, Feb 28, 2026",2026-02-28,Saturday,St. Gregory's Abbey,"1900 W MacArthur St, Shawnee",(405) 878-5491,Devotions,7:15 AM,,Lauds,English,,
"Sat, Feb 28, 2026",2026-02-28,Saturday,St. Gregory's Abbey,"1900 W MacArthur St, Shawnee",(405) 878-5491,Devotions,7:15 PM,,Compline,English,,
"Sat, Feb 28, 2026",2026-02-28,Saturday,St. James,"5500 Douglas Ln, Bartlesville",(918) 335-0844,Devotions,9:00 AM,10:00 AM,Holy Hour,English,St. James Parish - Bartlesville,
"Sat, Feb 28, 2026",2026-02-28,Saturday,St. Robert Bellarmine,"121 NW 1st St, Jones",(405) 399-1727,Devotions,4:30 PM,,Rosary,spanish,,
"Sat, Feb 28, 2026",2026-02-28,Saturday,St. Gregory's Abbey,"1900 W MacArthur St, Shawnee",(405) 878-5491,Other,12:00 PM,,Sext,English,,
"Sat, Feb 28, 2026",2026-02-28,Saturday,St. Gregory's Abbey,"1900 W MacArthur St, Shawnee",(405) 878-5491,Other,12:50 PM,,None,English,,
"Sat, Feb 28, 2026",2026-02-28,Saturday,St. Gregory's Abbey,"1900 W MacArthur St, Shawnee",(405) 878-5491,Other,8:15 AM,,Eucharist,English,,
"Sat, Feb 28, 2026",2026-02-28,Saturday,St. Scholastica Monastery,"1315 S Albert Pike Ave, Fort Smith",(479) 783-4147,Other,11:30 AM,,Morning Praise,English,St. Scholastica Monastery,
"Sat, Feb 28, 2026",2026-02-28,Saturday,St. Scholastica Monastery,"1315 S Albert Pike Ave, Fort Smith",(479) 783-4147,Other,5:00 PM,,Evening Praise,English,St. Scholastica Monastery,
"Sat, Feb 28, 2026",2026-02-28,Saturday,Tinker AFB Chapel,"Bldg 5701 6170 Arnold St, Oklahoma City",(405) 734-2111,Other,12:00 AM,,Latté Lounge,English,,TIME_TBD; note: afternoons and evenings; for dormitory residents E-4 and below
"Sat, Feb 28, 2026",2026-02-28,Saturday,St. Mark the Evangelist,"3939 W Tecumseh Rd, Norman",(405) 366-7676,Sacraments,TBD,,Sacrament of Anointing of the Sick,English,,last weekend of every month following each weekend Mass
"Sat, Feb 28, 2026",2026-02-28,Saturday,St. Michael,"1025 E Pointer Trail , Van Buren",(479) 471-1211,Sacraments,9:00 AM,,Baptism,English,,by appointment
"Sun, Mar 01, 2026",2026-03-01,Sunday,Assumption of the Blessed Virgin Mary,"711 W Hickory Ave, Duncan",(580) 255-0590,Mass,10:00 AM,,Mass,english,Duncan,
"Sun, Mar 01, 2026",2026-03-01,Sunday,Blessed Sacrament,"520 N St, Thomas",15807723209,Mass,11:00 AM,,Mass,bilingual,"St. Eugene, Weatherford",
"Sun, Mar 01, 2026",2026-03-01,Sunday,Blessed Sacrament,"12 SW 7th St, Lawton",(580) 355-2054,Mass,11:30 AM,,Mass,English,,
"Sun, Mar 01, 2026",2026-03-01,Sunday,Blessed Sacrament,"12 SW 7th St, Lawton",(580) 355-2054,Mass,8:00 AM,,Mass,English,,
"Sun, Mar 01, 2026",2026-03-01,Sunday,Blessed Sacrament,"520 N St, Thomas",15807723209,Mass,8:30 AM,,Mass,english,"Sacred Heart, Hinton",
"Sun, Mar 01, 2026",2026-03-01,Sunday,Blessed Sacrament,"12 SW 7th St, Lawton",(580) 355-2054,Mass,9:45 AM,,Mass,English,"St. Patrick, Walters",
"Sun, Mar 01, 2026",2026-03-01,Sunday,Blessed Stanley Rother Shrine,"700 SE 89th St, Oklahoma City",(405) 421-9800,Mass,11:00 AM,,Mass,spanish,Blessed Stanley Rother Shrine,
"Sun, Mar 01, 2026",2026-03-01,Sunday,Blessed Stanley Rother Shrine,"700 SE 89th St, Oklahoma City",(405) 421-9800,Mass,1:00 PM,,Mass,spanish,Blessed Stanley Rother Shrine,
"Sun, Mar 01, 2026",2026-03-01,Sunday,Blessed Stanley Rother Shrine,"700 SE 89th St, Oklahoma City",(405) 421-9800,Mass,6:00 PM,,Mass,spanish,Blessed Stanley Rother Shrine,
"Sun, Mar 01, 2026",2026-03-01,Sunday,Blessed Stanley Rother Shrine,"700 SE 89th St, Oklahoma City",(405) 421-9800,Mass,9:00 AM,,Mass,english,Blessed Stanley Rother Shrine,
"Sun, Mar 01, 2026",2026-03-01,Sunday,Cathedral of Our Lady of Perpetual Help,"3214 N Lake Ave, Oklahoma City",(405) 525-2349,Mass,10:00 AM,,Mass,english,,livestream
"Sun, Mar 01, 2026",2026-03-01,Sunday,Cathedral of Our Lady of Perpetual Help,"3214 N Lake Ave, Oklahoma City",(405) 525-2349,Mass,11:45 AM,,Mass,vietnamese,,
"Sun, Mar 01, 2026",2026-03-01,Sunday,Cathedral of Our Lady of Perpetual Help,"3214 N Lake Ave, Oklahoma City",(405) 525-2349,Mass,8:00 AM,,Mass,english,,
"Sun, Mar 01, 2026",2026-03-01,Sunday,Chapel of St. Joseph,"7th and Seminole, Wewoka",(405) 382-3602,Mass,10:00 AM,,Mass,english,,
"Sun, Mar 01, 2026",2026-03-01,Sunday,Chapel of St. Joseph,"7th and Seminole, Wewoka",(405) 382-3602,Mass,12:30 PM,,Mass,spanish,,
"Sun, Mar 01, 2026",2026-03-01,Sunday,Chapel of St. Joseph,"7th and Seminole, Wewoka",(405) 382-3602,Mass,8:00 AM,,Mass,english,,
"Sun, Mar 01, 2026",2026-03-01,Sunday,Christ the King,"8005 Dorset Dr, Oklahoma City",(405) 842-1481,Mass,10:00 AM,,Mass,english,,livestream
"Sun, Mar 01, 2026",2026-03-01,Sunday,Christ the King,"1520 S Rockford Ave, Tulsa",(918) 584-4788,Mass,11:15 AM,,Mass,english,,family
"Sun, Mar 01, 2026",2026-03-01,Sunday,Christ the King,"2112 S Greenwood Ave, Fort Smith",(479) 783-7745,Mass,11:30 AM,,Mass,English,Main Church,
"Sun, Mar 01, 2026",2026-03-01,Sunday,Christ the King,"8005 Dorset Dr, Oklahoma City",(405) 842-1481,Mass,12:15 PM,,Mass,english,,
"Sun, Mar 01, 2026",2026-03-01,Sunday,Christ the King,"2112 S Greenwood Ave, Fort Smith",(479) 783-7745,Mass,1:30 PM,,Mass,spanish,Main Church,
"Sun, Mar 01, 2026",2026-03-01,Sunday,Christ the King,"1520 S Rockford Ave, Tulsa",(918) 584-4788,Mass,5:00 PM,,Mass,english,,
"Sun, Mar 01, 2026",2026-03-01,Sunday,Christ the King,"8005 Dorset Dr, Oklahoma City",(405) 842-1481,Mass,8:00 AM,,Mass,english,,
"Sun, Mar 01, 2026",2026-03-01,Sunday,Christ the King,"1520 S Rockford Ave, Tulsa",(918) 584-4788,Mass,8:00 AM,,Mass,english,,
"Sun, Mar 01, 2026",2026-03-01,Sunday,Christ the King,"2112 S Greenwood Ave, Fort Smith",(479) 783-7745,Mass,9:00 AM,,Mass,English,Main Church,
"Sun, Mar 01, 2026",2026-03-01,Sunday,Christ the King,"1520 S Rockford Ave, Tulsa",(918) 584-4788,Mass,9:15 AM,,Mass,english,,family
"Sun, Mar 01, 2026",2026-03-01,Sunday,Church of Saint Benedict,"2200 W Ithica St, Broken Arrow",+1-918-455-4451,Mass,12:00 PM,,Mass,English,,
"Sun, Mar 01, 2026",2026-03-01,Sunday,Church of Saint Benedict,"2200 W Ithica St, Broken Arrow",+1-918-455-4451,Mass,5:00 PM,,Mass,English,,
"Sun, Mar 01, 2026",2026-03-01,Sunday,Church of Saint Benedict,"2200 W Ithica St, Broken Arrow",+1-918-455-4451,Mass,9:00 AM,,Mass,English,,
"Sun, Mar 01, 2026",2026-03-01,Sunday,Corpus Christi,"1616 N Kelley Ave, Oklahoma City",(405) 236-4301,Mass,11:00 AM,,Mass,english,Corpus Christi,
"Sun, Mar 01, 2026",2026-03-01,Sunday,Epiphany of the Lord,"7336 W Britton Rd, Oklahoma City",(405) 722-2110,Mass,10:00 AM,,Mass,English,,livestream
"Sun, Mar 01, 2026",2026-03-01,Sunday,Epiphany of the Lord,"7336 W Britton Rd, Oklahoma City",(405) 722-2110,Mass,12:30 PM,,Mass,English,,
"Sun, Mar 01, 2026",2026-03-01,Sunday,Epiphany of the Lord,"7336 W Britton Rd, Oklahoma City",(405) 722-2110,Mass,8:00 AM,,Mass,English,,
"Sun, Mar 01, 2026",2026-03-01,Sunday,Holy Cross,"1010 S Fifth Ave, Madill",(580) 795-3721,Mass,10:00 AM,,Mass,spanish,,
"Sun, Mar 01, 2026",2026-03-01,Sunday,Holy Cross,"708 SW 15th St, Wagoner",539-209-9988,Mass,11:00 AM,,Mass,latin,"Holy Cross Catholic Church, Wagoner, OK",livestream
"Sun, Mar 01, 2026",2026-03-01,Sunday,Holy Cross,"1010 S Fifth Ave, Madill",(580) 795-3721,Mass,8:00 AM,,Mass,english,,
"Sun, Mar 01, 2026",2026-03-01,Sunday,Holy Cross,"708 SW 15th St, Wagoner",539-209-9988,Mass,8:30 AM,,Mass,english,"Holy Cross Catholic Church, Wagoner, OK",livestream
"Sun, Mar 01, 2026",2026-03-01,Sunday,Holy Family,"1010 NW 82nd St, Lawton",(580) 536-6351,Mass,12:00 PM,,Mass,English,Church,
"Sun, Mar 01, 2026",2026-03-01,Sunday,Holy Family,"1010 NW 82nd St, Lawton",(580) 536-6351,Mass,9:00 AM,,Mass,bilingual,Church,
"Sun, Mar 01, 2026",2026-03-01,Sunday,Holy Family Cathedral,"820 S Boulder Ave, Tulsa",918-582-6247,Mass,10:00 AM,,Mass,English,Holy Family Cathedral,
"Sun, Mar 01, 2026",2026-03-01,Sunday,Holy Family Cathedral,"820 S Boulder Ave, Tulsa",918-582-6247,Mass,12:00 PM,,Mass,English,Holy Family Cathedral,
"Sun, Mar 01, 2026",2026-03-01,Sunday,Holy Family Cathedral,"820 S Boulder Ave, Tulsa",918-582-6247,Mass,5:00 PM,,Mass,English,Holy Family Cathedral,
"Sun, Mar 01, 2026",2026-03-01,Sunday,Holy Family Cathedral,"820 S Boulder Ave, Tulsa",918-582-6247,Mass,8:00 AM,,Mass,English,Holy Family Cathedral,
"Sun, Mar 01, 2026",2026-03-01,Sunday,Holy Ghost,"120 W Sequoyah Ave, Vinita",(918) 256-2281,Mass,10:00 AM,,Mass,English,Holy Ghost Catholic Church,note: Check the calendar page under Calendar & Parish News for variations from our regular schedule.
"Sun, Mar 01, 2026",2026-03-01,Sunday,Holy Innocents,"6114 N.W 63rd, Warr Acres",(580) 255-0590,Mass,11:00 AM,,Mass,spanish,,
"Sun, Mar 01, 2026",2026-03-01,Sunday,Holy Innocents,"6114 N.W 63rd, Warr Acres",(580) 255-0590,Mass,1:00 PM,,Mass,bilingual,,
"Sun, Mar 01, 2026",2026-03-01,Sunday,Holy Innocents,"6114 N.W 63rd, Warr Acres",(580) 255-0590,Mass,7:00 AM,,Mass,english,,
"Sun, Mar 01, 2026",2026-03-01,Sunday,Holy Innocents,"6114 N.W 63rd, Warr Acres",(580) 255-0590,Mass,9:00 AM,,Mass,english,,
"Sun, Mar 01, 2026",2026-03-01,Sunday,Holy Name,"408 Willow St, Coffeyville",(620) 251-0475,Mass,10:00 AM,,Mass,English,Holy Name Catholic Church,
"Sun, Mar 01, 2026",2026-03-01,Sunday,Holy Name,"408 Willow St, Coffeyville",(620) 251-0475,Mass,8:00 AM,,Mass,English,Holy Name Catholic Church,
"Sun, Mar 01, 2026",2026-03-01,Sunday,Holy Name,"600 S Main St, Shattuck",(580) 256-5305,Mass,8:30 AM,,Mass,english,Holy Name in Shattuck,
"Sun, Mar 01, 2026",2026-03-01,Sunday,Holy Name of Jesus,"210 S 7th St, Chickasha",(405) 224-6068,Mass,11:30 AM,,Mass,spanish,,
"Sun, Mar 01, 2026",2026-03-01,Sunday,Holy Name of Jesus,"210 S 7th St, Chickasha",(405) 224-6068,Mass,9:00 AM,,Mass,english,,
"Sun, Mar 01, 2026",2026-03-01,Sunday,Holy Rosary,"912 Cherokee Ave, Hartshorne",(918) 308-3312,Mass,9:00 AM,,Mass,english,Holy Rosary Parish,Hartshorne
"Sun, Mar 01, 2026",2026-03-01,Sunday,Holy Spirit,"1100 N Sara Rd, Mustang",(405) 376-9435,Mass,12:30 PM,,Mass,spanish,Holy Spirit Catholic Church,starting 11/02/2025
"Sun, Mar 01, 2026",2026-03-01,Sunday,Holy Spirit,"1100 N Sara Rd, Mustang",(405) 376-9435,Mass,9:30 AM,,Mass,english,Holy Spirit Catholic Church,
"Sun, Mar 01, 2026",2026-03-01,Sunday,Holy Trinity,"211 W Missouri Ave, Okarche",(405) 263-7930,Mass,10:30 AM,,Mass,English,,
"Sun, Mar 01, 2026",2026-03-01,Sunday,Immaculate Conception,"22 N 13th St, Fort Smith",(479) 783-7963,Mass,10:00 AM,,Mass,english,,
"Sun, Mar 01, 2026",2026-03-01,Sunday,Immaculate Conception,"502 N Bagwell St, Poteau",(918) 647-3475,Mass,11:00 AM,,Mass,spanish,Immaculate Conception Church,
"Sun, Mar 01, 2026",2026-03-01,Sunday,Immaculate Conception,"22 N 13th St, Fort Smith",(479) 783-7963,Mass,12:00 PM,,Mass,spanish,,
"Sun, Mar 01, 2026",2026-03-01,Sunday,Immaculate Conception,"22 N 13th St, Fort Smith",(479) 783-7963,Mass,2:00 PM,,Mass,spanish,,
"Sun, Mar 01, 2026",2026-03-01,Sunday,Immaculate Conception,"22 N 13th St, Fort Smith",(479) 783-7963,Mass,5:00 PM,,Mass,English,,youth
"Sun, Mar 01, 2026",2026-03-01,Sunday,Immaculate Conception,"22 N 13th St, Fort Smith",(479) 783-7963,Mass,7:30 AM,,Mass,english,,
"Sun, Mar 01, 2026",2026-03-01,Sunday,Immaculate Conception,"1314 Lynn Ave, Pawhuska",(918) 287-1414,Mass,9:00 AM,,Mass,English,Pawhuska,
"Sun, Mar 01, 2026",2026-03-01,Sunday,Immaculate Conception,"502 N Bagwell St, Poteau",(918) 647-3475,Mass,9:00 AM,,Mass,english,Immaculate Conception Church,
"Sun, Mar 01, 2026",2026-03-01,Sunday,Immaculate Conception Catholic Church,"196 Bearden Springs Rd, Hugo",(580) 326-7300,Mass,9:00 AM,,Mass,English,Immaculate Conception Catholic Church,
"Sun, Mar 01, 2026",2026-03-01,Sunday,Immaculate Conception Church,"4th & Comanche St, Marlow",(580) 255-0590,Mass,8:00 AM,,Mass,english,Marlow,
"Sun, Mar 01, 2026",2026-03-01,Sunday,Immaculate Heart of Mary,"239 N Freehome Ave, Calumet",(405) 263-7930,Mass,10:30 AM,,Mass,English,,
"Sun, Mar 01, 2026",2026-03-01,Sunday,Korean Martyrs,"2600 SW 74th St, Oklahoma City",(405) 681-6464,Mass,11:00 AM,,Mass,english,Korean Martyrs Church,
"Sun, Mar 01, 2026",2026-03-01,Sunday,Korean Martyrs,"2600 SW 74th St, Oklahoma City",(405) 681-6464,Mass,3:00 PM,,Mass,english,Korean Martyrs Church,
"Sun, Mar 01, 2026",2026-03-01,Sunday,Little Flower Church (Our Lady of Mount Carmel and St. Thérèse of Lisieux),"1125 S Walker Ave, Oklahoma City",(405) 235-2037,Mass,10:00 AM,,Mass,spanish,,
"Sun, Mar 01, 2026",2026-03-01,Sunday,Little Flower Church (Our Lady of Mount Carmel and St. Thérèse of Lisieux),"1125 S Walker Ave, Oklahoma City",(405) 235-2037,Mass,12:00 PM,,Mass,english,,
"Sun, Mar 01, 2026",2026-03-01,Sunday,Little Flower Church (Our Lady of Mount Carmel and St. Thérèse of Lisieux),"1125 S Walker Ave, Oklahoma City",(405) 235-2037,Mass,1:30 PM,,Mass,spanish,,
"Sun, Mar 01, 2026",2026-03-01,Sunday,Little Flower Church (Our Lady of Mount Carmel and St. Thérèse of Lisieux),"1125 S Walker Ave, Oklahoma City",(405) 235-2037,Mass,3:15 PM,,Mass,spanish,,
"Sun, Mar 01, 2026",2026-03-01,Sunday,Little Flower Church (Our Lady of Mount Carmel and St. Thérèse of Lisieux),"1125 S Walker Ave, Oklahoma City",(405) 235-2037,Mass,7:30 AM,,Mass,spanish,,
"Sun, Mar 01, 2026",2026-03-01,Sunday,Most Precious Blood,"3029 S 57th W Ave, Tulsa",918-615-8404,Mass,10:30 AM,,Holy Mass,English,,High Mass
"Sun, Mar 01, 2026",2026-03-01,Sunday,Most Precious Blood,"3029 S 57th W Ave, Tulsa",918-615-8404,Mass,1:00 PM,,Holy Mass,English,,Low Mass
"Sun, Mar 01, 2026",2026-03-01,Sunday,Most Precious Blood,"3029 S 57th W Ave, Tulsa",918-615-8404,Mass,8:30 AM,,Holy Mass,English,,Low Mass
"Sun, Mar 01, 2026",2026-03-01,Sunday,Mother of God,"1105 4th St, Oswego",(620) 795-2262,Mass,9:00 AM,,Mass,English,Oswego - Mary Mother of God,
"Sun, Mar 01, 2026",2026-03-01,Sunday,National Shrine of the Infant Jesus of Prague,"304 Jim Thorpe Blvd, Prague",(405) 567-3080,Mass,11:00 AM,,Mass,bilingual,National Shrine of the Infant Jesus,
"Sun, Mar 01, 2026",2026-03-01,Sunday,Nativity of Our Lord,"227 Sulphur St, Noel",(417) 475-3144,Mass,10:30 AM,,Mass,English,,
"Sun, Mar 01, 2026",2026-03-01,Sunday,Nativity of Our Lord,"227 Sulphur St, Noel",(417) 475-3144,Mass,1:00 PM,,Mass,spanish,,
"Sun, Mar 01, 2026",2026-03-01,Sunday,Our Lady Of Perpetual Help Catholic Church,"115 S A Ave, Elgin",+1-580-492-5914,Mass,10:30 AM,,Mass,English,Our Lady,
"Sun, Mar 01, 2026",2026-03-01,Sunday,Our Lady of Clear Creek Abbey,"5804 W Monastery Rd, Hulbert",(918) 772-2454,Mass,6:50 AM,,Low Mass,English,,
"Sun, Mar 01, 2026",2026-03-01,Sunday,Our Lady of Guadalupe,"400 W 9th St, Dewey",(918) 534-3420,Mass,11:00 AM,,Mass,English,"400 W. 9th St. Dewey, OK 74029",
"Sun, Mar 01, 2026",2026-03-01,Sunday,Our Lady of Guadalupe,"523 E Chestnut St, Hollis",(580) 688-2233,Mass,1:30 PM,,Mass,bilingual,Our Lady of Guadalupe Church,
"Sun, Mar 01, 2026",2026-03-01,Sunday,Our Lady of Lebanon (Maronite),"500 Alameda St, Norman",(405) 321-3097,Mass,11:00 AM,,Mass,English,,
"Sun, Mar 01, 2026",2026-03-01,Sunday,Our Lady of Perpetual Help,"220 N A Street, Sterling",(580) 492-5914,Mass,10:30 AM,,Mass,English,Our Lady,
"Sun, Mar 01, 2026",2026-03-01,Sunday,Our Lady of Sorrows,"409 S Price Ave, Chandler",(405) 258-1239,Mass,11:00 AM,,Mass,English,Our Lady of Sorrows,
"Sun, Mar 01, 2026",2026-03-01,Sunday,Our Lady of Victory,"307 W Jefferson St, Purcell",(405) 527-3077,Mass,11:30 AM,,Mass,spanish,,
"Sun, Mar 01, 2026",2026-03-01,Sunday,Our Lady of Victory,"3300 Clarksville St, Paris",(903) 784-1000,Mass,12:00 PM,,Mass,spanish,,
"Sun, Mar 01, 2026",2026-03-01,Sunday,Our Lady of Victory,"3300 Clarksville St, Paris",(903) 784-1000,Mass,5:30 PM,,Mass,bilingual,,
"Sun, Mar 01, 2026",2026-03-01,Sunday,Our Lady of Victory,"3300 Clarksville St, Paris",(903) 784-1000,Mass,9:00 AM,,Mass,english,,
"Sun, Mar 01, 2026",2026-03-01,Sunday,Our Lady of Victory,"307 W Jefferson St, Purcell",(405) 527-3077,Mass,9:00 AM,,Mass,english,,
"Sun, Mar 01, 2026",2026-03-01,Sunday,Our Lady of the Lake,"450 E Cimarron Dr, Mannford",918-245-5840,Mass,8:00 AM,,Mass,English,Our Lady of the Lake,
"Sun, Mar 01, 2026",2026-03-01,Sunday,Parish of Christ the King,"1520 S Rockford Ave, Tulsa",+1-918-584-4788,Mass,11:15 AM,,Mass,english,. The nursery is located in the Early Childhood Development Center.),Nursery available at this Mass (ages 18 months up to kindergarten
"Sun, Mar 01, 2026",2026-03-01,Sunday,Parish of Christ the King,"1520 S Rockford Ave, Tulsa",+1-918-584-4788,Mass,5:00 PM,,Mass,english,,
"Sun, Mar 01, 2026",2026-03-01,Sunday,Parish of Christ the King,"1520 S Rockford Ave, Tulsa",+1-918-584-4788,Mass,8:00 AM,,Mass,english,,
"Sun, Mar 01, 2026",2026-03-01,Sunday,Parish of Christ the King,"1520 S Rockford Ave, Tulsa",+1-918-584-4788,Mass,9:15 AM,,Mass,english,. The nursery is located in the Early Childhood Development Center.),Nursery available at this Mass (ages 18 months up to kindergarten
"Sun, Mar 01, 2026",2026-03-01,Sunday,Prince of Peace,"1500 Falcon Rd, Altus",(580) 482-3363,Mass,12:30 PM,,Misa,spanish,,
"Sun, Mar 01, 2026",2026-03-01,Sunday,Prince of Peace,"1500 Falcon Rd, Altus",(580) 482-3363,Mass,8:30 AM,,Mass,English,,
"Sun, Mar 01, 2026",2026-03-01,Sunday,Queen of All Saints,"914 N 5th St, Sayre",(580) 225-0066,Mass,8:00 AM,,Mass,English,Sayre,
"Sun, Mar 01, 2026",2026-03-01,Sunday,Resurrection,"4804 S Fulton Ave, Tulsa",(918) 663-1907,Mass,12:00 PM,,Mass,spanish,,
"Sun, Mar 01, 2026",2026-03-01,Sunday,Resurrection,"4804 S Fulton Ave, Tulsa",(918) 663-1907,Mass,5:00 PM,,Mass,spanish,,
"Sun, Mar 01, 2026",2026-03-01,Sunday,Resurrection,"4804 S Fulton Ave, Tulsa",(918) 663-1907,Mass,9:30 AM,,Mass,english,,
"Sun, Mar 01, 2026",2026-03-01,Sunday,ST MARK CATHOLIC CHURCH,"1507 S Vann St, Pryor",+1-918-825-4186,Mass,10:00 AM,,Mass,english,,
"Sun, Mar 01, 2026",2026-03-01,Sunday,ST MARK CATHOLIC CHURCH,"1507 S Vann St, Pryor",+1-918-825-4186,Mass,1:00 PM,,Mass,spanish,,
"Sun, Mar 01, 2026",2026-03-01,Sunday,Sacred Heart,"714 N Main St, Muenster",(940) 759-2500,Mass,10:30 AM,,Mass,English,,livestream
"Sun, Mar 01, 2026",2026-03-01,Sunday,Sacred Heart,"1777 E Grayson Ave, Sapulpa",(918) 224-0944,Mass,10:30 AM,,Mass,english,,
"Sun, Mar 01, 2026",2026-03-01,Sunday,Sacred Heart,"208 S Evans Ave, El Reno",(405) 262-1405,Mass,10:45 AM,,Mass,english,Sacred Heart,
"Sun, Mar 01, 2026",2026-03-01,Sunday,Sacred Heart,"320 S B Street, Arkansas City",(620) 442-0566,Mass,11:00 AM,,Mass,spanish,Sacred Heart Catholic Church,
"Sun, Mar 01, 2026",2026-03-01,Sunday,Sacred Heart,"409 N Byers Ave, Mangum",(580) 782-2657,Mass,11:00 AM,,Mass,english,Sacred Heart Church,
"Sun, Mar 01, 2026",2026-03-01,Sunday,Sacred Heart,"2515 N Main St, Miami",(918) 542-5281,Mass,12:00 PM,,Mass,spanish,Sacred Heart Catholic Church,
"Sun, Mar 01, 2026",2026-03-01,Sunday,Sacred Heart,"208 S Evans Ave, El Reno",(405) 262-1405,Mass,12:30 PM,,Mass,spanish,Sacred Heart,
"Sun, Mar 01, 2026",2026-03-01,Sunday,Sacred Heart,"2515 N Main St, Miami",(918) 542-5281,Mass,1:30 PM,,Mass,English,Sacred Heart Catholic Church,note: Chuukese
"Sun, Mar 01, 2026",2026-03-01,Sunday,Sacred Heart,"714 N Main St, Muenster",(940) 759-2500,Mass,8:00 AM,,Mass,English,,livestream
"Sun, Mar 01, 2026",2026-03-01,Sunday,Sacred Heart,"2706 S Shartel Ave, Oklahoma City",(405) 634-2458,Mass,8:00 AM,,Mass,spanish,,
"Sun, Mar 01, 2026",2026-03-01,Sunday,Sacred Heart,"1777 E Grayson Ave, Sapulpa",(918) 224-0944,Mass,8:00 AM,,Mass,spanish,,
"Sun, Mar 01, 2026",2026-03-01,Sunday,Sacred Heart,"204 N Clark Ave, Hinton",(580) 772-3209,Mass,8:30 AM,,Mass,english,"Sacred Heart, Hinton",
"Sun, Mar 01, 2026",2026-03-01,Sunday,Sacred Heart,"627 12th St, Alva",(580) 327-0339,Mass,9:00 AM,,Mass,English,Alva,
"Sun, Mar 01, 2026",2026-03-01,Sunday,Sacred Heart,"320 S B Street, Arkansas City",(620) 442-0566,Mass,9:00 AM,,Mass,english,Sacred Heart Catholic Church,
"Sun, Mar 01, 2026",2026-03-01,Sunday,Sacred Heart,"301 N Hooker, Caney",(620) 647-3577,Mass,9:00 AM,,Mass,English,Caney - Sacred Heart,
"Sun, Mar 01, 2026",2026-03-01,Sunday,Sacred Heart,"333 S 8th St, Fairfax",(918) 642-5053,Mass,9:00 AM,,Mass,english,Sacred Heart Parish,Fairfax
"Sun, Mar 01, 2026",2026-03-01,Sunday,Sacred Heart,"109 W 5th St, Skiatook",(918) 396-1179,Mass,9:00 AM,,Mass,English,Sacred Heart Church,
"Sun, Mar 01, 2026",2026-03-01,Sunday,Sacred Heart,"102 Center Point Rd, Wilburton",(918) 465-7675,Mass,9:00 AM,,Mass,english,Sacred Heart Parish,Wilburton
"Sun, Mar 01, 2026",2026-03-01,Sunday,Sacred Heart,"2515 N Main St, Miami",(918) 542-5281,Mass,9:30 AM,,Mass,english,Sacred Heart Catholic Church,
"Sun, Mar 01, 2026",2026-03-01,Sunday,Sacred Heart,"2515 N Main St, Miami",(918) 542-5281,Mass,9:30 AM,,Mass,english,Sacred Heart Catholic Church,Mass
"Sun, Mar 01, 2026",2026-03-01,Sunday,Sacred Heart Catholic Church,"102 Center Point Rd, Wilburton",+1-918-465-3996,Mass,9:00 AM,,Mass,english,Sacred Heart Parish,Wilburton
"Sun, Mar 01, 2026",2026-03-01,Sunday,Sacred Heart of Mary,"1301 Frank St, Barling",(479) 452-1795 or (479) 522-4245 (Fr. Tuyen),Mass,10:00 AM,,Mass,english,"Sacred Heart of Mary, Barling",
"Sun, Mar 01, 2026",2026-03-01,Sunday,Sacred Heart of Mary,"1301 Frank St, Barling",(479) 452-1795 or (479) 522-4245 (Fr. Tuyen),Mass,12:00 PM,,Mass,vietnamese,"Sacred Heart of Mary, Barling",
"Sun, Mar 01, 2026",2026-03-01,Sunday,Sacred Heart of Mary,"1301 Frank St, Barling",(479) 452-1795 or (479) 522-4245 (Fr. Tuyen),Mass,8:00 AM,,Mass,vietnamese,"Sacred Heart of Mary, Barling",
"Sun, Mar 01, 2026",2026-03-01,Sunday,Saint Michaels Catholic Church,"220 Koonce St, Meeker",+1-405-567-3404,Mass,9:00 AM,,Mass,English,St. Michael Catholic Church - Meeker,
"Sun, Mar 01, 2026",2026-03-01,Sunday,San Jose Luis del Rio Catholic Church,"123 Ohio Ave, Laverne",+1-580-256-5305,Mass,11:30 AM,,Mass,spanish,San Jose Sanchez del Rio in Laverne,
"Sun, Mar 01, 2026",2026-03-01,Sunday,San Juan Diego,"23 W Division St, Stilwell",918.456.8388,Mass,8:30 AM,,Mass,spanish,San Juan Diego Mission,Stilwell
"Sun, Mar 01, 2026",2026-03-01,Sunday,St Catherine of Alexandria Catholic Church,"4532 S 25th W Ave, Tulsa",(918) 446-8124,Mass,11:00 AM,,Mass,English,,zomi
"Sun, Mar 01, 2026",2026-03-01,Sunday,St Elizabeth Catholic Church,"1653 113th St NW, Grove",+1-918-786-9312,Mass,10:00 AM,,Mass,English,St. Elizabeth Catholic Church,
"Sun, Mar 01, 2026",2026-03-01,Sunday,St Elizabeth Catholic Church,"1653 113th St NW, Grove",+1-918-786-9312,Mass,12:30 PM,,Mass,spanish,St. Elizabeth Catholic Church,
"Sun, Mar 01, 2026",2026-03-01,Sunday,St Elizabeth Catholic Church,"1653 113th St NW, Grove",+1-918-786-9312,Mass,8:00 AM,,Mass,English,St. Elizabeth Catholic Church,note: Mother's Day - Labor Day
"Sun, Mar 01, 2026",2026-03-01,Sunday,St Joseph Catholic Church,"321 N Virginia St, Muskogee",+1-918-687-1351,Mass,12:00 PM,,Mass,spanish,St. Joseph Catholic Church,
"Sun, Mar 01, 2026",2026-03-01,Sunday,St Joseph Catholic Church,"321 N Virginia St, Muskogee",+1-918-687-1351,Mass,9:30 AM,,Mass,english,St. Joseph Catholic Church,
"Sun, Mar 01, 2026",2026-03-01,Sunday,St Jude,"70 E 11th St, Boswell",(580) 326-7300,Mass,1:30 PM,,Mass,English,Saint Jude Catholic Church,
"Sun, Mar 01, 2026",2026-03-01,Sunday,St Rose of Lima,"115 W Walnut St, Columbus",(620) 429-2639,Mass,11:00 AM,,Mass,English,St. Rose of Lima,
"Sun, Mar 01, 2026",2026-03-01,Sunday,St Thomas More University Parish and Student Center,"100 Stinson St, Norman",(405) 321-0990,Mass,11:00 AM,,Mass,English,,
"Sun, Mar 01, 2026",2026-03-01,Sunday,St Thomas More University Parish and Student Center,"100 Stinson St, Norman",(405) 321-0990,Mass,5:00 PM,,Mass,English,,
"Sun, Mar 01, 2026",2026-03-01,Sunday,St Thomas More University Parish and Student Center,"100 Stinson St, Norman",(405) 321-0990,Mass,8:30 AM,,Mass,English,,
"Sun, Mar 01, 2026",2026-03-01,Sunday,St. Agnes,"501 E Main St, Antlers",580.298.5204 (Parish Center),Mass,11:00 AM,,Mass,English,Saint Agnes Catholic Church,
"Sun, Mar 01, 2026",2026-03-01,Sunday,St. Andrew,"800 NW 5th St, Moore",(405) 799-3334,Mass,11:30 AM,,Mass,English,St. Andrew the Apostle Catholic Church,Check Bulletin for Possible Changes in Mass Times
"Sun, Mar 01, 2026",2026-03-01,Sunday,St. Andrew,"800 NW 5th St, Moore",(405) 799-3334,Mass,9:00 AM,,Mass,English,St. Andrew the Apostle Catholic Church,Check Bulletin for Possible Changes in Mass Times
"Sun, Mar 01, 2026",2026-03-01,Sunday,St. Andrew Dung-Lac,"3115 SW 59th St, Oklahoma City",(405) 681-2665,Mass,11:00 AM,,Mass,vietnamese,3115 S. W. 59th St Oklahoma City,
"Sun, Mar 01, 2026",2026-03-01,Sunday,St. Andrew Dung-Lac,"3115 SW 59th St, Oklahoma City",(405) 681-2665,Mass,8:30 AM,,Mass,vietnamese,3115 S. W. 59th St Oklahoma City,
"Sun, Mar 01, 2026",2026-03-01,Sunday,St. Ann,"450 S Jefferson St, Welch",(918)788-3771,Mass,8:00 AM,,Mass,english,St. Ann Parish,Welch
"Sun, Mar 01, 2026",2026-03-01,Sunday,St. Ann,"522 E 3rd St, Cordell",(580) 323-0345,Mass,8:30 AM,,Mass,english,"St. Anne's in Cordell, OK",
"Sun, Mar 01, 2026",2026-03-01,Sunday,St. Ann,"8492 State Hwy 17, Elgin",(580) 492-5914,Mass,8:30 AM,,Mass,English,St. Ann,
"Sun, Mar 01, 2026",2026-03-01,Sunday,St. Anne,"301 S 9th St, Broken Arrow",(918) 251-4000,Mass,11:30 AM,,Mass,English,,
"Sun, Mar 01, 2026",2026-03-01,Sunday,St. Anne,"301 S 9th St, Broken Arrow",(918) 251-4000,Mass,5:00 PM,,Mass,English,,
"Sun, Mar 01, 2026",2026-03-01,Sunday,St. Anne,"301 S 9th St, Broken Arrow",(918) 251-4000,Mass,9:00 AM,,Mass,English,,
"Sun, Mar 01, 2026",2026-03-01,Sunday,St. Anthony,"515 S Morton Ave, Okmulgee",(918) 756-4385,Mass,11:00 AM,,Mass,English,St. Anthony,
"Sun, Mar 01, 2026",2026-03-01,Sunday,St. Anthony of Padua,"1510 N Calhoun Ave , Liberal",(620) 624-4135,Mass,11:00 AM,,Mass,spanish,,
"Sun, Mar 01, 2026",2026-03-01,Sunday,St. Anthony of Padua,"1510 N Calhoun Ave , Liberal",(620) 624-4135,Mass,1:00 PM,,Mass,spanish,,
"Sun, Mar 01, 2026",2026-03-01,Sunday,St. Anthony of Padua,"1510 N Calhoun Ave , Liberal",(620) 624-4135,Mass,9:00 AM,,Mass,english,,
"Sun, Mar 01, 2026",2026-03-01,Sunday,St. Augustine,"1720 E Apache St, Tulsa",918-607-8681,Mass,10:30 AM,,Mass,English,St. Augustine,ASL
"Sun, Mar 01, 2026",2026-03-01,Sunday,St. Augustine,"1720 E Apache St, Tulsa",918-607-8681,Mass,12:30 PM,,Mass,spanish,St. Augustine,
"Sun, Mar 01, 2026",2026-03-01,Sunday,St. Benedict,"632 N Kickapoo Ave, Shawnee",(405) 275-0001,Mass,10:00 AM,,Mass,english,,
"Sun, Mar 01, 2026",2026-03-01,Sunday,St. Benedict,"2200 W Ithica St, Broken Arrow",(918) 455-4451,Mass,12:00 PM,,Mass,English,,
"Sun, Mar 01, 2026",2026-03-01,Sunday,St. Benedict,"632 N Kickapoo Ave, Shawnee",(405) 275-0001,Mass,12:30 PM,,Mass,spanish,,
"Sun, Mar 01, 2026",2026-03-01,Sunday,St. Benedict,"2200 W Ithica St, Broken Arrow",(918) 455-4451,Mass,5:00 PM,,Mass,English,,
"Sun, Mar 01, 2026",2026-03-01,Sunday,St. Benedict,"632 N Kickapoo Ave, Shawnee",(405) 275-0001,Mass,8:00 AM,,Mass,english,,
"Sun, Mar 01, 2026",2026-03-01,Sunday,St. Benedict,"2200 W Ithica St, Broken Arrow",(918) 455-4451,Mass,9:00 AM,,Mass,English,,
"Sun, Mar 01, 2026",2026-03-01,Sunday,St. Bernard of Clairvaux,"4001 E 101st St, Tulsa",(918) 299-9406,Mass,11:15 AM,,Mass,English,,
"Sun, Mar 01, 2026",2026-03-01,Sunday,St. Bernard of Clairvaux,"4001 E 101st St, Tulsa",(918) 299-9406,Mass,5:00 PM,,Mass,English,,
"Sun, Mar 01, 2026",2026-03-01,Sunday,St. Bernard of Clairvaux,"4001 E 101st St, Tulsa",(918) 299-9406,Mass,8:00 AM,,Mass,English,,
"Sun, Mar 01, 2026",2026-03-01,Sunday,St. Boniface,"204 N 18th St, Fort Smith",(479) 783-6711,Mass,10:00 AM,,Mass,english,St. Boniface,
"Sun, Mar 01, 2026",2026-03-01,Sunday,St. Boniface,"204 N 18th St, Fort Smith",(479) 783-6711,Mass,1:00 PM,,Mass,spanish,St. Boniface,
"Sun, Mar 01, 2026",2026-03-01,Sunday,St. Boniface,"204 N 18th St, Fort Smith",(479) 783-6711,Mass,8:00 AM,,Mass,spanish,St. Boniface,
"Sun, Mar 01, 2026",2026-03-01,Sunday,St. Brigid,"807 Crafton St, Tahlequah",(918) 456-8388,Mass,10:30 AM,,Mass,english,,
"Sun, Mar 01, 2026",2026-03-01,Sunday,St. Brigid,"807 Crafton St, Tahlequah",(918) 456-8388,Mass,12:30 PM,,Mass,spanish,,
"Sun, Mar 01, 2026",2026-03-01,Sunday,St. Catherine,"217 W Modoc Ave, Nowata",(918) 534-3420,Mass,8:00 AM,,Mass,English,"217 W. Modoc Nowata, OK 74048",
"Sun, Mar 01, 2026",2026-03-01,Sunday,St. Catherine of Siena,"501 2nd St, Talihina",(918) 465-7675,Mass,11:30 AM,,Mass,english,St. Catherine of Siena Parish,Talihina
"Sun, Mar 01, 2026",2026-03-01,Sunday,St. Catherine of Siena,"205 W Bert St, Pauls Valley",(405) 238-3741,Mass,12:00 PM,,Mass,spanish,,
"Sun, Mar 01, 2026",2026-03-01,Sunday,St. Catherine of Siena,"205 W Bert St, Pauls Valley",(405) 238-3741,Mass,9:00 AM,,Mass,english,,
"Sun, Mar 01, 2026",2026-03-01,Sunday,St. Cecilia,"1304 N Dorothy Ave, Claremore",(918) 341-2343,Mass,11:00 AM,,Mass,English,,
"Sun, Mar 01, 2026",2026-03-01,Sunday,St. Cecilia,"1304 N Dorothy Ave, Claremore",(918) 341-2343,Mass,3:00 PM,,Mass,spanish,,
"Sun, Mar 01, 2026",2026-03-01,Sunday,St. Cecilia,"1304 N Dorothy Ave, Claremore",(918) 341-2343,Mass,8:30 AM,,Mass,English,,
"Sun, Mar 01, 2026",2026-03-01,Sunday,St. Charles Borromeo,"5024 N Grove, Warr Acres",(405) 789-2595,Mass,11:00 AM,,Mass,english,,livestream
"Sun, Mar 01, 2026",2026-03-01,Sunday,St. Charles Borromeo,"5024 N Grove, Warr Acres",(405) 789-2595,Mass,1:00 PM,,Mass,spanish,,livestream
"Sun, Mar 01, 2026",2026-03-01,Sunday,St. Charles Borromeo,"5024 N Grove, Warr Acres",(405) 789-2595,Mass,6:00 PM,,Mass,spanish,,
"Sun, Mar 01, 2026",2026-03-01,Sunday,St. Charles Borromeo,"5024 N Grove, Warr Acres",(405) 789-2595,Mass,8:00 AM,,Mass,english,,
"Sun, Mar 01, 2026",2026-03-01,Sunday,St. Clement,"15501 S Memorial Dr, Bixby",(918) 366-3166,Mass,10:00 AM,,Mass,english,St. Clement Catholic Church,
"Sun, Mar 01, 2026",2026-03-01,Sunday,St. Clement,"15501 S Memorial Dr, Bixby",(918) 366-3166,Mass,12:30 PM,,Mass,spanish,St. Clement Catholic Church,
"Sun, Mar 01, 2026",2026-03-01,Sunday,St. Clement,"15501 S Memorial Dr, Bixby",(918) 366-3166,Mass,8:00 AM,,Mass,English,St. Clement Catholic Church,
"Sun, Mar 01, 2026",2026-03-01,Sunday,St. Cornelius,"404 S Massachusetts Ave, Cherokee",(580) 327-0339,Mass,11:30 AM,,Mass,English,Cherokee,
"Sun, Mar 01, 2026",2026-03-01,Sunday,St. Damien of Molokai,"8455 NW 234th St, Edmond",(405) 330-9968,Mass,11:00 AM,,High Mass,English,,
"Sun, Mar 01, 2026",2026-03-01,Sunday,St. Damien of Molokai,"8455 NW 234th St, Edmond",(405) 330-9968,Mass,7:00 AM,,Low Mass,English,,
"Sun, Mar 01, 2026",2026-03-01,Sunday,St. Damien of Molokai,"8455 NW 234th St, Edmond",(405) 330-9968,Mass,8:30 AM,,Low Mass,English,,
"Sun, Mar 01, 2026",2026-03-01,Sunday,St. Elizabeth,"1653 113th St NW, Grove",(918) 786-9312,Mass,10:00 AM,,Mass,English,St. Elizabeth Catholic Church,note: Mother's Day - Labor Day
"Sun, Mar 01, 2026",2026-03-01,Sunday,St. Elizabeth,"1653 113th St NW, Grove",(918) 786-9312,Mass,12:30 PM,,Mass,spanish,St. Elizabeth Catholic Church,
"Sun, Mar 01, 2026",2026-03-01,Sunday,St. Elizabeth,"1653 113th St NW, Grove",(918) 786-9312,Mass,8:00 AM,,Mass,English,St. Elizabeth Catholic Church,note: Mother's Day - Labor Day
"Sun, Mar 01, 2026",2026-03-01,Sunday,St. Elizabeth Ann Seton,"16526 United States Hwy 271, Spiro",(918) 647-3475,Mass,1:00 PM,,Sunday Mass,English,,
"Sun, Mar 01, 2026",2026-03-01,Sunday,St. Eugene,"704 N Bryan St, Weatherford",(580) 772-3209,Mass,11:00 AM,,Mass,bilingual,"St. Eugene, Weatherford",
"Sun, Mar 01, 2026",2026-03-01,Sunday,St. Eugene,"2400 W Hefner Rd, Oklahoma City",(405) 751-7115,Mass,12:30 PM,,Mass,spanish,Church,
"Sun, Mar 01, 2026",2026-03-01,Sunday,St. Eugene,"2400 W Hefner Rd, Oklahoma City",(405) 751-7115,Mass,5:00 PM,,Mass,english,Church,
"Sun, Mar 01, 2026",2026-03-01,Sunday,St. Eugene,"2400 W Hefner Rd, Oklahoma City",(405) 751-7115,Mass,6:30 PM,,Mass,spanish,Church,
"Sun, Mar 01, 2026",2026-03-01,Sunday,St. Eugene,"2400 W Hefner Rd, Oklahoma City",(405) 751-7115,Mass,9:30 AM,,Mass,english,Church,
"Sun, Mar 01, 2026",2026-03-01,Sunday,St. Frances of Rome,"13286 Oklahoma 28, Langley",(918) 782-2248,Mass,8:00 AM,,Mass,English,,
"Sun, Mar 01, 2026",2026-03-01,Sunday,St. Francis Hospital Chapel,"6161 S Yale Ave, Tulsa",,Mass,9:00 AM,,Mass,English,Saint Francis Hospital Chapel,livestream; note: Televised in patient rooms on Channel 15
"Sun, Mar 01, 2026",2026-03-01,Sunday,St. Francis Xavier,"110 N Madison St, Enid",(580) 237-0812,Mass,11:00 AM,,Mass,english,St. Francis Xavier,
"Sun, Mar 01, 2026",2026-03-01,Sunday,St. Francis Xavier,"711 N Country Club Rd, Stillwater",(405) 372-6886,Mass,11:15 AM,,Mass,english,,
"Sun, Mar 01, 2026",2026-03-01,Sunday,St. Francis Xavier,"700 E Oklahoma Ave, Sulphur",(580) 332-4811,Mass,11:30 AM,,Mass,english,"St. Francis Xavier, Sulphur",
"Sun, Mar 01, 2026",2026-03-01,Sunday,St. Francis Xavier,"110 N Madison St, Enid",(580) 237-0812,Mass,1:00 PM,,Mass,spanish,St. Francis Xavier,
"Sun, Mar 01, 2026",2026-03-01,Sunday,St. Francis Xavier,"711 N Country Club Rd, Stillwater",(405) 372-6886,Mass,1:00 PM,,Mass,spanish,,
"Sun, Mar 01, 2026",2026-03-01,Sunday,St. Francis Xavier,"110 N Madison St, Enid",(580) 237-0812,Mass,8:00 AM,,Mass,english,St. Francis Xavier,
"Sun, Mar 01, 2026",2026-03-01,Sunday,St. Francis Xavier,"711 N Country Club Rd, Stillwater",(405) 372-6886,Mass,8:30 AM,,Mass,english,,
"Sun, Mar 01, 2026",2026-03-01,Sunday,St. Francis Xavier,"110 N Madison St, Enid",(580) 237-0812,Mass,9:00 AM,,Mass,English,St. Francis Xavier,livestream
"Sun, Mar 01, 2026",2026-03-01,Sunday,St. Francis Xavier,"2110 N Dogwood St, Sallisaw",(918) 775-6217,Mass,9:00 AM,,Morning Mass,English,"St. Francis Xavier, Sallisaw",
"Sun, Mar 01, 2026",2026-03-01,Sunday,St. Francis of Assisi,"610 W 9th St, Newkirk",(580) 382-6008,Mass,10:00 AM,,Mass,English,"St. Francis of Assisi, Newkirk",Rosary at 09:30
"Sun, Mar 01, 2026",2026-03-01,Sunday,St. Francis of Assisi,"610 W 9th St, Newkirk",(580) 382-6008,Mass,10:00 AM,,Mass,english,"St. Francis of Assisi, Newkirk",
"Sun, Mar 01, 2026",2026-03-01,Sunday,St. Francis of Assisi,"1901 NW 18th St, Oklahoma City",(405) 528-0485,Mass,11:00 AM,,Mass,english,,livestream
"Sun, Mar 01, 2026",2026-03-01,Sunday,St. Francis of Assisi,"1901 NW 18th St, Oklahoma City",(405) 528-0485,Mass,8:30 AM,,Mass,english,,
"Sun, Mar 01, 2026",2026-03-01,Sunday,St. Francis of Assisi Quasi-Parish,"807 N Union, Whitesboro",(903) 893-5148,Mass,11:30 AM,,Mass,bilingual,"807 N Union St, Whitesboro, TX 76273",
"Sun, Mar 01, 2026",2026-03-01,Sunday,St. Francis of Assisi Quasi-Parish,"807 N Union, Whitesboro",(903) 893-5148,Mass,9:00 AM,,Mass,english,"807 N Union St, Whitesboro, TX 76273",
"Sun, Mar 01, 2026",2026-03-01,Sunday,St. Gregory the Great,"1924 W Willow Rd, Enid",(580) 233-4589,Mass,11:45 AM,,Mass,English,,
"Sun, Mar 01, 2026",2026-03-01,Sunday,St. Gregory the Great,"1924 W Willow Rd, Enid",(580) 233-4589,Mass,9:00 AM,,Mass,English,,livestream
"Sun, Mar 01, 2026",2026-03-01,Sunday,St. Gregory's Abbey,"1900 W MacArthur St, Shawnee",(405) 878-5491,Mass,5:30 AM,,Vigils,English,,
"Sun, Mar 01, 2026",2026-03-01,Sunday,St. Helen,"507 E Highview Ave, Frederick",(580) 335-3298,Mass,10:30 AM,,Mass,English,,
"Sun, Mar 01, 2026",2026-03-01,Sunday,St. Henry,"8500 N Owasso Expressway, Owasso",(918) 272-3710,Mass,7:30 AM,,Mass,english,,
"Sun, Mar 01, 2026",2026-03-01,Sunday,St. James the Greater,"4201 S McKinley Ave, Oklahoma City",(405) 636-6800,Mass,11:00 AM,,Mass,English,,family
"Sun, Mar 01, 2026",2026-03-01,Sunday,St. James the Greater,"4201 S McKinley Ave, Oklahoma City",(405) 636-6800,Mass,1:00 PM,,Mass,spanish,,
"Sun, Mar 01, 2026",2026-03-01,Sunday,St. James the Greater,"4201 S McKinley Ave, Oklahoma City",(405) 636-6800,Mass,3:00 PM,,Mass,spanish,,
"Sun, Mar 01, 2026",2026-03-01,Sunday,St. James the Greater,"4201 S McKinley Ave, Oklahoma City",(405) 636-6800,Mass,5:00 PM,,Mass,English,,
"Sun, Mar 01, 2026",2026-03-01,Sunday,St. James the Greater,"4201 S McKinley Ave, Oklahoma City",(405) 636-6800,Mass,7:00 PM,,Mass,spanish,,
"Sun, Mar 01, 2026",2026-03-01,Sunday,St. James the Greater,"4201 S McKinley Ave, Oklahoma City",(405) 636-6800,Mass,8:30 AM,,Mass,English,,
"Sun, Mar 01, 2026",2026-03-01,Sunday,St. John,"300 E Washington Ave, Mcalester",(918) 423-0810,Mass,10:00 AM,,Mass,english,Church,
"Sun, Mar 01, 2026",2026-03-01,Sunday,St. John,"300 E Washington Ave, Mcalester",(918) 423-0810,Mass,10:00 AM,11:00 AM,Mass,english,,1st
"Sun, Mar 01, 2026",2026-03-01,Sunday,St. John,"300 E Washington Ave, Mcalester",(918) 423-0810,Mass,12:00 PM,,Mass,spanish,Church,
"Sun, Mar 01, 2026",2026-03-01,Sunday,St. John Before the Latin Gate Catholic Church,"715 S Johnstone Ave, Bartlesville",(918) 336-4353,Mass,11:00 AM,,Mass,English,St. John,
"Sun, Mar 01, 2026",2026-03-01,Sunday,St. John Before the Latin Gate Catholic Church,"715 S Johnstone Ave, Bartlesville",(918) 336-4353,Mass,1:30 PM,,Mass,spanish,St. John,
"Sun, Mar 01, 2026",2026-03-01,Sunday,St. John Before the Latin Gate Catholic Church,"715 S Johnstone Ave, Bartlesville",(918) 336-4353,Mass,8:30 AM,,Mass,English,St. John,
"Sun, Mar 01, 2026",2026-03-01,Sunday,St. John Catholic Student Center (Oklahoma State University),"201 N Knoblock St, Stillwater",(405) 372-6408,Mass,10:00 AM,,Mass,English,,
"Sun, Mar 01, 2026",2026-03-01,Sunday,St. John Catholic Student Center (Oklahoma State University),"201 N Knoblock St, Stillwater",(405) 372-6408,Mass,4:00 PM,,Mass,English,,
"Sun, Mar 01, 2026",2026-03-01,Sunday,St. John Catholic Student Center (Oklahoma State University),"201 N Knoblock St, Stillwater",(405) 372-6408,Mass,8:00 AM,,Mass,English,,
"Sun, Mar 01, 2026",2026-03-01,Sunday,St. John Nepomuk,"600 S Garth Brooks Blvd, Yukon",(405) 354-2743,Mass,10:30 AM,,Mass,English,,livestream
"Sun, Mar 01, 2026",2026-03-01,Sunday,St. John Nepomuk,"600 S Garth Brooks Blvd, Yukon",(405) 354-2743,Mass,8:00 AM,,Mass,English,,
"Sun, Mar 01, 2026",2026-03-01,Sunday,St. John the Apostle,"920 E Main St, Kiowa",(620) 825-4361 or (620) 886-3596  ,Mass,10:30 AM,,Mass,English,"St. John the Apostle, Kiowa",
"Sun, Mar 01, 2026",2026-03-01,Sunday,St. John the Baptist,"900 S Littler Ave, Edmond",(405) 340-0691,Mass,11:30 AM,,Mass,English,St. John the Baptist Catholic Church,note: child care available
"Sun, Mar 01, 2026",2026-03-01,Sunday,St. John the Baptist,"900 S Littler Ave, Edmond",(405) 340-0691,Mass,5:30 PM,,Mass,English,St. John the Baptist Catholic Church,
"Sun, Mar 01, 2026",2026-03-01,Sunday,St. John the Baptist,"900 S Littler Ave, Edmond",(405) 340-0691,Mass,7:30 AM,,Mass,English,St. John the Baptist Catholic Church,
"Sun, Mar 01, 2026",2026-03-01,Sunday,St. John the Baptist,"900 S Littler Ave, Edmond",(405) 340-0691,Mass,9:30 AM,,Mass,English,St. John the Baptist Catholic Church,livestream
"Sun, Mar 01, 2026",2026-03-01,Sunday,St. Joseph,"109 Denison, Nocona",(940) 538-4214,Mass,10:00 AM,,Mass,english,"St. Joseph's Catholic Church Nocona, Tx",
"Sun, Mar 01, 2026",2026-03-01,Sunday,St. Joseph,"290 NW Church St, Krebs",(918) 423-6695,Mass,10:30 AM,,Mass,english,,
"Sun, Mar 01, 2026",2026-03-01,Sunday,St. Joseph,"211 N Porter, Norman",(405) 321-8080,Mass,10:30 AM,,Mass,english,Main Church,
"Sun, Mar 01, 2026",2026-03-01,Sunday,St. Joseph,"320 W N Ave, Tonkawa",(580) 628-2416,Mass,11:00 AM,,Mass,English,St. Joseph’s Catholic Church of Tonkawa,
"Sun, Mar 01, 2026",2026-03-01,Sunday,St. Joseph,"205 S C Ave, Cleveland",(918) 358-2333,Mass,11:30 AM,,Mass,english,,
"Sun, Mar 01, 2026",2026-03-01,Sunday,St. Joseph,"103 Smith St, Webbers Falls","(918) 788-3771, (918) 458-7234",Mass,11:30 AM,,Mass,english,,
"Sun, Mar 01, 2026",2026-03-01,Sunday,St. Joseph,"321 N Virginia St, Muskogee",(918) 687-1351,Mass,12:00 PM,,Mass,spanish,St. Joseph Catholic Church,
"Sun, Mar 01, 2026",2026-03-01,Sunday,St. Joseph,"211 N Porter, Norman",(405) 321-8080,Mass,1:00 PM,,Mass,spanish,Main Church,
"Sun, Mar 01, 2026",2026-03-01,Sunday,St. Joseph,"421 S Pettit, Hominy",(918) 358-2333,Mass,5:00 PM,,Mass,english,St. Joseph Parish,Hominy
"Sun, Mar 01, 2026",2026-03-01,Sunday,St. Joseph,"1204 NW 7th St, Stigler",(918) 647-3475,Mass,5:00 PM,,Mass,english,,
"Sun, Mar 01, 2026",2026-03-01,Sunday,St. Joseph,"211 N Porter, Norman",(405) 321-8080,Mass,7:00 AM,,Mass,english,Main Church,
"Sun, Mar 01, 2026",2026-03-01,Sunday,St. Joseph,"211 N Porter, Norman",(405) 321-8080,Mass,8:30 AM,,Mass,spanish,Main Church,
"Sun, Mar 01, 2026",2026-03-01,Sunday,St. Joseph,"1300 E Beverly St, Ada",(580) 332-4811,Mass,9:00 AM,,Mass,bilingual,"St. Joseph, Ada",
"Sun, Mar 01, 2026",2026-03-01,Sunday,St. Joseph,"302 N Elm St, Bristow",(918) 446-8124,Mass,9:00 AM,,Mass,english,St. Joseph Parish,Bristow
"Sun, Mar 01, 2026",2026-03-01,Sunday,St. Joseph,"403 Kate Boevers St, Union City",(405) 483-5329,Mass,9:00 AM,,Mass,English,St. Joseph Catholic Church,
"Sun, Mar 01, 2026",2026-03-01,Sunday,St. Joseph,"324 SW 2nd St, Buffalo",(580) 256-5305,Mass,9:30 AM,,Mass,english,St. Joseph in Buffalo,
"Sun, Mar 01, 2026",2026-03-01,Sunday,St. Joseph,"321 N Virginia St, Muskogee",(918) 687-1351,Mass,9:30 AM,,Mass,english,St. Joseph Catholic Church,
"Sun, Mar 01, 2026",2026-03-01,Sunday,St. Joseph,"321 N Virginia St, Muskogee",(918) 687-1351,Mass,9:30 AM,,Mass,vietnamese,St. Joseph Catholic Church,
"Sun, Mar 01, 2026",2026-03-01,Sunday,St. Joseph Old Cathedral,"307 NW 4th St, Oklahoma City",(405) 235-4565,Mass,10:00 AM,,Mass,English,,
"Sun, Mar 01, 2026",2026-03-01,Sunday,St. Joseph Old Cathedral,"307 NW 4th St, Oklahoma City",(405) 235-4565,Mass,12:00 PM,,Mass,spanish,,
"Sun, Mar 01, 2026",2026-03-01,Sunday,St. Joseph Old Cathedral,"307 NW 4th St, Oklahoma City",(405) 235-4565,Mass,4:00 PM,,Mass,English,,
"Sun, Mar 01, 2026",2026-03-01,Sunday,St. Joseph Old Cathedral,"307 NW 4th St, Oklahoma City",(405) 235-4565,Mass,8:00 AM,,Mass,English,,
"Sun, Mar 01, 2026",2026-03-01,Sunday,St. Joseph [Thánh Giuse],"14905 E 21st St S, Tulsa",(918) 438-1380,Mass,10:00 AM,,Mass,English,,
"Sun, Mar 01, 2026",2026-03-01,Sunday,St. Joseph [Thánh Giuse],"14905 E 21st St S, Tulsa",(918) 438-1380,Mass,8:00 AM,,Mass,English,,
"Sun, Mar 01, 2026",2026-03-01,Sunday,St. Joseph's Catholic Church,"211 N Porter Ave, Norman",+1-405-321-8080,Mass,10:30 AM,,Mass,english,Main Church,
"Sun, Mar 01, 2026",2026-03-01,Sunday,St. Joseph's Catholic Church,"211 N Porter Ave, Norman",+1-405-321-8080,Mass,1:00 PM,,Mass,spanish,Main Church,
"Sun, Mar 01, 2026",2026-03-01,Sunday,St. Joseph's Catholic Church,"211 N Porter Ave, Norman",+1-405-321-8080,Mass,7:00 AM,,Mass,english,Main Church,
"Sun, Mar 01, 2026",2026-03-01,Sunday,St. Joseph's Catholic Church,"211 N Porter Ave, Norman",+1-405-321-8080,Mass,8:30 AM,,Mass,spanish,Main Church,
"Sun, Mar 01, 2026",2026-03-01,Sunday,St. Jude Thaddeus,"600 Davey Dr, Burkburnett",(940) 569-1222,Mass,11:00 AM,,Mass,english,St. Jude Thaddeus,Burkburnett
"Sun, Mar 01, 2026",2026-03-01,Sunday,St. Leo,"101 Locust St, Hartford",(479) 252-2443 or (479) 652-6454 (Fr. Chan's cell),Mass,11:30 AM,,Mass,English,101 Locust St.,
"Sun, Mar 01, 2026",2026-03-01,Sunday,"St. Louis IX, king of France","417 N 8th Ave, Stroud",(405) 258-1239,Mass,11:00 AM,,Mass,English,,
"Sun, Mar 01, 2026",2026-03-01,Sunday,"St. Louis IX, king of France","417 N 8th Ave, Stroud",(405) 258-1239,Mass,9:00 AM,,Mass,English,"St. Louis Catholic Church, Stroud, OK",
"Sun, Mar 01, 2026",2026-03-01,Sunday,St. Margaret Mary,"700 N Grand, Crescent",(405) 282-4239,Mass,10:30 AM,,Mass,English,,
"Sun, Mar 01, 2026",2026-03-01,Sunday,St. Mark,"1507 S Vann St, Pryor",(918) 825-4186,Mass,10:00 AM,,Mass,english,St. Mark Catholic Church,
"Sun, Mar 01, 2026",2026-03-01,Sunday,St. Mark,"1507 S Vann St, Pryor",(918) 825-4186,Mass,1:00 PM,,Mass,spanish,St. Mark Catholic Church,
"Sun, Mar 01, 2026",2026-03-01,Sunday,St. Mark the Evangelist,"3939 W Tecumseh Rd, Norman",(405) 366-7676,Mass,10:30 AM,,Mass,English,,
"Sun, Mar 01, 2026",2026-03-01,Sunday,St. Mark the Evangelist,"3939 W Tecumseh Rd, Norman",(405) 366-7676,Mass,8:00 AM,,Mass,English,,
"Sun, Mar 01, 2026",2026-03-01,Sunday,St. Mary,"1230 E 7th St, Joplin",14176233333,Mass,10:00 AM,,Mass,English,St. Mary’s Catholic Church,
"Sun, Mar 01, 2026",2026-03-01,Sunday,St. Mary,"1218 Knox Ave, Clinton",(580) 323-0345,Mass,10:30 AM,,Mass,english,"St. Mary's in Clinton, OK",
"Sun, Mar 01, 2026",2026-03-01,Sunday,St. Mary,"411 N Elm St, Guthrie",(405) 282-4239,Mass,10:30 AM,,Mass,English,,
"Sun, Mar 01, 2026",2026-03-01,Sunday,St. Mary,"1347 E 49th Pl, Tulsa",(918) 749-1423,Mass,10:30 AM,,Mass,English,Church of Saint Mary,livestream; note: Nursery/Childcare available
"Sun, Mar 01, 2026",2026-03-01,Sunday,St. Mary,"101 E Street SW, Ardmore",(580) 223-0231,Mass,10:45 AM,,Mass,english,,
"Sun, Mar 01, 2026",2026-03-01,Sunday,St. Mary,"204-298 W Chestnut Ave, Barnsdall",(918) 287-1414,Mass,11:15 AM,,Mass,English,Barnsdall,
"Sun, Mar 01, 2026",2026-03-01,Sunday,St. Mary,"825 N Weaver St, Gainesville",(940) 665-5395,Mass,11:15 AM,,Mass,english,,
"Sun, Mar 01, 2026",2026-03-01,Sunday,St. Mary,"707 E Ponca Ave, Ponca City",(580) 765-7794,Mass,12:00 PM,,Mass,bilingual,St. Mary's,
"Sun, Mar 01, 2026",2026-03-01,Sunday,St. Mary,"1218 Knox Ave, Clinton",(580) 323-0345,Mass,1:00 PM,,Mass,spanish,"St. Mary's in Clinton, OK",
"Sun, Mar 01, 2026",2026-03-01,Sunday,St. Mary,"825 N Weaver St, Gainesville",(940) 665-5395,Mass,1:00 PM,,Mass,spanish,,
"Sun, Mar 01, 2026",2026-03-01,Sunday,St. Mary,"1347 E 49th Pl, Tulsa",(918) 749-1423,Mass,5:00 PM,,Mass,English,Church of Saint Mary,note: following Labor Day
"Sun, Mar 01, 2026",2026-03-01,Sunday,St. Mary,"1347 E 49th Pl, Tulsa",(918) 749-1423,Mass,6:00 PM,,Mass,English,Church of Saint Mary,note: following Memorial Day
"Sun, Mar 01, 2026",2026-03-01,Sunday,St. Mary,"101 E Street SW, Ardmore",(580) 223-0231,Mass,8:00 AM,,Mass,spanish,,
"Sun, Mar 01, 2026",2026-03-01,Sunday,St. Mary,"105 S Barrett St, Henrietta",(940) 538-4214,Mass,8:00 AM,,Mass,english,"St. Mary's Catholic Church, Henrietta TX",
"Sun, Mar 01, 2026",2026-03-01,Sunday,St. Mary,"1230 E 7th St, Joplin",14176233333,Mass,8:00 AM,,Mass,English,St. Mary’s Catholic Church,livestream
"Sun, Mar 01, 2026",2026-03-01,Sunday,St. Mary,"707 E Ponca Ave, Ponca City",(580) 765-7794,Mass,8:00 AM,,Mass,english,St. Mary's,
"Sun, Mar 01, 2026",2026-03-01,Sunday,St. Mary,"1347 E 49th Pl, Tulsa",(918) 749-1423,Mass,8:00 AM,,Mass,English,Church of Saint Mary,
"Sun, Mar 01, 2026",2026-03-01,Sunday,St. Mary,"825 N Weaver St, Gainesville",(940) 665-5395,Mass,8:15 AM,,Mass,english,,
"Sun, Mar 01, 2026",2026-03-01,Sunday,St. Mary ,"3035 S Central City Rd, Joplin",(417) 623-3333,Mass,10:00 AM,,Mass,English,,
"Sun, Mar 01, 2026",2026-03-01,Sunday,St. Mary ,"3035 S Central City Rd, Joplin",(417) 623-3333,Mass,8:00 AM,,Mass,English,,livestream
"Sun, Mar 01, 2026",2026-03-01,Sunday,St. Mary's,"321 S Cimarron Ave, Drumright",(918) 225-0644,Mass,8:00 AM,,Mass,english,St. Mary Parish,Drumright
"Sun, Mar 01, 2026",2026-03-01,Sunday,St. Matthew,"3001 E Hwy 66, Elk City",(580) 225-0066,Mass,10:30 AM,,Mass,English,Elk City,
"Sun, Mar 01, 2026",2026-03-01,Sunday,St. Michael,"1025 E Pointer Trail , Van Buren",(479) 471-1211,Mass,10:00 AM,,Mass,english,,
"Sun, Mar 01, 2026",2026-03-01,Sunday,St. Michael,"1004 W Gentry St, Henryetta",(918) 652-3445,Mass,11:00 AM,,Mass,english,St. Michael,
"Sun, Mar 01, 2026",2026-03-01,Sunday,St. Michael,"1025 E Pointer Trail , Van Buren",(479) 471-1211,Mass,11:45 AM,,Mass,spanish,,
"Sun, Mar 01, 2026",2026-03-01,Sunday,St. Michael,"1025 E Pointer Trail , Van Buren",(479) 471-1211,Mass,8:00 AM,,Mass,spanish,,
"Sun, Mar 01, 2026",2026-03-01,Sunday,St. Michael,"217 S Koonce, Meeker",(405) 567-3404,Mass,9:00 AM,,Mass,English,St. Michael Catholic Church - Meeker,
"Sun, Mar 01, 2026",2026-03-01,Sunday,St. Michael and All Angels ,"101 E Texas St, Denison",(903) 821-7511,Mass,10:00 AM,,Mass,english,"101 East Texas St, Denison TX",
"Sun, Mar 01, 2026",2026-03-01,Sunday,St. Michael and All Angels ,"101 E Texas St, Denison",(903) 821-7511,Mass,8:00 AM,,Mass,english,"101 East Texas St, Denison TX",
"Sun, Mar 01, 2026",2026-03-01,Sunday,St. Monica,"2001 N Western Ave, Edmond",(405) 359-2700,Mass,10:00 AM,,Mass,English,Church,
"Sun, Mar 01, 2026",2026-03-01,Sunday,St. Monica,"2001 N Western Ave, Edmond",(405) 359-2700,Mass,12:15 PM,,Mass,spanish,Church,
"Sun, Mar 01, 2026",2026-03-01,Sunday,St. Monica,"2001 N Western Ave, Edmond",(405) 359-2700,Mass,7:30 AM,,Mass,English,Church,
"Sun, Mar 01, 2026",2026-03-01,Sunday,St. Monica,"633 E Marshall Pl, Tulsa",(918) 607-8681,Mass,8:30 AM,,Mass,English,Church,
"Sun, Mar 01, 2026",2026-03-01,Sunday,St. Patrick,"1101 W Petree Rd, Anadarko",(405) 247-5255,Mass,10:00 AM,,Mass,English,"St. Patrick, Anadarko",
"Sun, Mar 01, 2026",2026-03-01,Sunday,St. Patrick,"2121 N Portland Ave, Oklahoma City",(405) 946-4441,Mass,10:00 AM,,Mass,english,,
"Sun, Mar 01, 2026",2026-03-01,Sunday,St. Patrick,"204 E 4th St, Sand Springs",(918) 245-5840,Mass,10:00 AM,,Mass,english,St Patrick,
"Sun, Mar 01, 2026",2026-03-01,Sunday,St. Patrick,"314 N Rusk Ave, Denison",(903) 463-3275,Mass,11:00 AM,,Mass,English,,
"Sun, Mar 01, 2026",2026-03-01,Sunday,St. Patrick,"307 Galena Ave, Galena",(620) 429-2639,Mass,11:00 AM,,Mass,English,Galena - St. Patrick,
"Sun, Mar 01, 2026",2026-03-01,Sunday,St. Patrick,"2121 N Portland Ave, Oklahoma City",(405) 946-4441,Mass,12:00 PM,,Mass,spanish,,
"Sun, Mar 01, 2026",2026-03-01,Sunday,St. Patrick,"2121 N Portland Ave, Oklahoma City",(405) 946-4441,Mass,3:00 PM,,Mass,spanish,,
"Sun, Mar 01, 2026",2026-03-01,Sunday,St. Patrick,"314 N Rusk Ave, Denison",(903) 463-3275,Mass,8:30 AM,,Mass,English,,livestream
"Sun, Mar 01, 2026",2026-03-01,Sunday,St. Paul,"502 S 6th St, Eufaula",(918) 689-7345,Mass,8:30 AM,,Mass,english,St. Paul,
"Sun, Mar 01, 2026",2026-03-01,Sunday,St. Paul the Apostle,"3901 S Sunnylane Rd, Del City",(405) 677-4873,Mass,11:15 AM,,Mass,English,,
"Sun, Mar 01, 2026",2026-03-01,Sunday,St. Paul the Apostle,"3901 S Sunnylane Rd, Del City",(405) 677-4873,Mass,8:45 AM,,Mass,English,,
"Sun, Mar 01, 2026",2026-03-01,Sunday,St. Peter,"424 W Main St, Lindsay",(940) 668-7609,Mass,10:00 AM,,Mass,english,St. Peter's,
"Sun, Mar 01, 2026",2026-03-01,Sunday,St. Peter,"2020 Oklahoma Ave, Woodward",(580) 256-5305,Mass,10:30 AM,,Mass,english,St. Peter in Woodward,
"Sun, Mar 01, 2026",2026-03-01,Sunday,St. Peter,"E 2 and Quapaw, Lindsay",(405) 527-3077,Mass,11:30 AM,,Mass,spanish,,
"Sun, Mar 01, 2026",2026-03-01,Sunday,St. Peter,"2020 Oklahoma Ave, Woodward",(580) 256-5305,Mass,1:00 PM,,Mass,spanish,St. Peter in Woodward,
"Sun, Mar 01, 2026",2026-03-01,Sunday,St. Peter,"E 2 and Quapaw, Lindsay",(405) 527-3077,Mass,4:00 PM,,Mass,bilingual,"Lindsay, Ok",
"Sun, Mar 01, 2026",2026-03-01,Sunday,St. Peter,"424 W Main St, Lindsay",(940) 668-7609,Mass,8:00 AM,,Mass,english,St. Peter's,
"Sun, Mar 01, 2026",2026-03-01,Sunday,St. Peter,"E 2 and Quapaw, Lindsay",(405) 527-3077,Mass,9:00 AM,,Mass,english,,
"Sun, Mar 01, 2026",2026-03-01,Sunday,St. Peter Catholic Church,"East 2 and Quapaw, Lindsay",+1-405-527-3077,Mass,10:00 AM,,Mass,english,St. Peter's,
"Sun, Mar 01, 2026",2026-03-01,Sunday,St. Peter Catholic Church,"East 2 and Quapaw, Lindsay",+1-405-527-3077,Mass,8:00 AM,,Mass,english,St. Peter's,
"Sun, Mar 01, 2026",2026-03-01,Sunday,St. Peter the Apostle,"812 Pearl Ave, Joplin",(417) 623-8643,Mass,11:15 AM,,Mass,English,,livestream
"Sun, Mar 01, 2026",2026-03-01,Sunday,St. Peter the Apostle,"812 Pearl Ave, Joplin",(417) 623-8643,Mass,6:00 PM,,Mass,English,,
"Sun, Mar 01, 2026",2026-03-01,Sunday,St. Peter the Apostle,"812 Pearl Ave, Joplin",(417) 623-8643,Mass,9:00 AM,,Mass,English,,
"Sun, Mar 01, 2026",2026-03-01,Sunday,St. Philip Neri,"1107 Felix Pl, Midwest City",(405) 737-4476,Mass,11:00 AM,,Mass,English,,
"Sun, Mar 01, 2026",2026-03-01,Sunday,St. Philip Neri,"1107 Felix Pl, Midwest City",(405) 737-4476,Mass,8:15 AM,,Mass,English,,
"Sun, Mar 01, 2026",2026-03-01,Sunday,St. Philip Neri Newman Center,"440 S Florence Ave, Tulsa",19185990204,Mass,10:00 AM,,Mass,English,,during the academic year
"Sun, Mar 01, 2026",2026-03-01,Sunday,St. Philip Neri Newman Center,"440 S Florence Ave, Tulsa",(918) 599-0204,Mass,10:00 AM,,Mass,English,,during the academic year
"Sun, Mar 01, 2026",2026-03-01,Sunday,St. Philip Neri Newman Center,"440 S Florence Ave, Tulsa",19185990204,Mass,5:00 PM,,Mass,English,,during the academic year
"Sun, Mar 01, 2026",2026-03-01,Sunday,St. Philip Neri Newman Center,"440 S Florence Ave, Tulsa",(918) 599-0204,Mass,5:00 PM,,Mass,English,,during the academic year
"Sun, Mar 01, 2026",2026-03-01,Sunday,St. Pius X,"1727 S 75th E Ave, Tulsa",(918) 622-4488,Mass,10:30 AM,,Mass,english,,
"Sun, Mar 01, 2026",2026-03-01,Sunday,St. Pius X,"1727 S 75th E Ave, Tulsa",(918) 622-4488,Mass,12:30 PM,,Mass,spanish,,
"Sun, Mar 01, 2026",2026-03-01,Sunday,St. Pius X,"1727 S 75th E Ave, Tulsa",(918) 622-4488,Mass,8:00 AM,,Mass,english,,
"Sun, Mar 01, 2026",2026-03-01,Sunday,St. Robert Bellarmine,"121 NW 1st St, Jones",(405) 399-1727,Mass,9:00 AM,,Mass,english,,
"Sun, Mar 01, 2026",2026-03-01,Sunday,St. Rose of Lima,"421 N 9th St, Perry",(580) 336-9300,Mass,10:30 AM,,Mass,English,,
"Sun, Mar 01, 2026",2026-03-01,Sunday,St. Rose of Lima,"900 N Clarence Nash Blvd, Watonga",(580) 623-7740,Mass,8:30 AM,,Mass,english,St. Rose of Lima Watonga,
"Sun, Mar 01, 2026",2026-03-01,Sunday,St. Scholastica Monastery,"1315 S Albert Pike Ave, Fort Smith",(479) 783-4147,Mass,9:15 AM,,Mass,English,St. Scholastica Monastery,
"Sun, Mar 01, 2026",2026-03-01,Sunday,St. Stephen,"515 E Hwy, Holdenville",918-652-3445,Mass,8:00 AM,,Mass,english,St. Stephen,
"Sun, Mar 01, 2026",2026-03-01,Sunday,St. Teresa of Avila,"1576 Tim Holt Dr, Harrah",(405) 454-2819,Mass,10:00 AM,,Mass,English,,
"Sun, Mar 01, 2026",2026-03-01,Sunday,St. Teresa of Avila,"1576 Tim Holt Dr, Harrah",(405) 454-2819,Mass,8:00 AM,,Mass,English,,
"Sun, Mar 01, 2026",2026-03-01,Sunday,St. Therese,"1007 N 19th St, Collinsville",(918) 371-2704,Mass,10:00 AM,,Mass,english,,
"Sun, Mar 01, 2026",2026-03-01,Sunday,St. Therese,"1007 N 19th St, Collinsville",(918) 371-2704,Mass,12:00 PM,,Mass,spanish,,
"Sun, Mar 01, 2026",2026-03-01,Sunday,St. Therese,"1007 N 19th St, Collinsville",(918) 371-2704,Mass,8:00 AM,,Mass,english,,
"Sun, Mar 01, 2026",2026-03-01,Sunday,St. Thomas More,"2720 S 129th E Ave, Tulsa",(918) 437-0168,Mass,11:00 AM,,Mass,spanish,St. Thomas More Parish,
"Sun, Mar 01, 2026",2026-03-01,Sunday,St. Thomas More,"2720 S 129th E Ave, Tulsa",(918) 437-0168,Mass,1:00 PM,,Mass,spanish,St. Thomas More Parish,
"Sun, Mar 01, 2026",2026-03-01,Sunday,St. Thomas More,"2720 S 129th E Ave, Tulsa",(918) 437-0168,Mass,3:00 PM,,Mass,spanish,St. Thomas More Parish,
"Sun, Mar 01, 2026",2026-03-01,Sunday,St. Thomas More,"2720 S 129th E Ave, Tulsa",(918) 437-0168,Mass,5:00 PM,,Mass,spanish,St. Thomas More Parish,
"Sun, Mar 01, 2026",2026-03-01,Sunday,St. Thomas More,"2720 S 129th E Ave, Tulsa",(918) 437-0168,Mass,7:00 AM,,Mass,spanish,St. Thomas More Parish,
"Sun, Mar 01, 2026",2026-03-01,Sunday,St. Thomas More,"2720 S 129th E Ave, Tulsa",(918) 437-0168,Mass,7:00 PM,,Mass,spanish,St. Thomas More Parish,
"Sun, Mar 01, 2026",2026-03-01,Sunday,St. Thomas More,"2720 S 129th E Ave, Tulsa",(918) 437-0168,Mass,9:00 AM,,Mass,english,St. Thomas More Parish,
"Sun, Mar 01, 2026",2026-03-01,Sunday,St. Vincent de Paul,"15842 S 297th E Ave, Coweta",(918) 486-4757,Mass,10:30 AM,,Mass,English,,
"Sun, Mar 01, 2026",2026-03-01,Sunday,St. William,"802 W University Blvd, Durant",580-924-1989,Mass,11:30 AM,,Mass,english,"St. William, Durant",
"Sun, Mar 01, 2026",2026-03-01,Sunday,St. William,"802 W University Blvd, Durant",580-924-1989,Mass,5:00 PM,,Mass,spanish,"St. William, Durant",
"Sun, Mar 01, 2026",2026-03-01,Sunday,St. William,"802 W University Blvd, Durant",580-924-1989,Mass,8:30 AM,,Mass,english,"St. William, Durant",
"Sun, Mar 01, 2026",2026-03-01,Sunday,Sts. Peter and Paul,"405 E Oak, Cushing",(918) 225-0644,Mass,10:00 AM,,Mass,english,Sts. Peter and Paul Parish,Cushing
"Sun, Mar 01, 2026",2026-03-01,Sunday,Sts. Peter and Paul,"122 N Main St (New Location), Lincoln",(479) 824-4101,Mass,10:00 AM,,Mass,spanish,Sts. Peter and Paul Church,
"Sun, Mar 01, 2026",2026-03-01,Sunday,Sts. Peter and Paul,"309 S Main St, Kingfisher",(405) 375-4616 ,Mass,10:30 AM,,Mass,english,Sts. Peter and Paul,
"Sun, Mar 01, 2026",2026-03-01,Sunday,Sts. Peter and Paul,"1419 N 67th E Ave, Tulsa",(918) 836-2596,Mass,10:30 AM,,Mass,english,,
"Sun, Mar 01, 2026",2026-03-01,Sunday,Sts. Peter and Paul,"1419 N 67th E Ave, Tulsa",(918) 836-2596,Mass,1:00 PM,,Mass,spanish,,
"Sun, Mar 01, 2026",2026-03-01,Sunday,Sts. Peter and Paul,"1419 N 67th E Ave, Tulsa",(918) 836-2596,Mass,8:00 AM,,Mass,english,,
"Sun, Mar 01, 2026",2026-03-01,Sunday,Sts. Peter and Paul,"122 N Main St (New Location), Lincoln",(479) 824-4101,Mass,8:30 AM,,Mass,english,Sts. Peter and Paul Church,
"Sun, Mar 01, 2026",2026-03-01,Sunday,Tinker AFB Chapel,"Bldg 5701 6170 Arnold St, Oklahoma City",(405) 734-2111,Mass,9:30 AM,,Mass,English,Tinker Chapel,
"Sun, Mar 01, 2026",2026-03-01,Sunday,Blessed Sacrament,"520 N St, Thomas",15807723209,Confession,10:30 AM,,Confession,spanish,"St. Eugene, Weatherford",
"Sun, Mar 01, 2026",2026-03-01,Sunday,Blessed Stanley Rother Shrine,"700 SE 89th St, Oklahoma City",(405) 421-9800,Confession,10:15 AM,10:45 AM,Confession,English,Blessed Stanley Rother Shrine,
"Sun, Mar 01, 2026",2026-03-01,Sunday,Blessed Stanley Rother Shrine,"700 SE 89th St, Oklahoma City",(405) 421-9800,Confession,12:15 PM,12:45 PM,Confession,English,Blessed Stanley Rother Shrine,
"Sun, Mar 01, 2026",2026-03-01,Sunday,Blessed Stanley Rother Shrine,"700 SE 89th St, Oklahoma City",(405) 421-9800,Confession,5:15 PM,5:45 PM,Confession,English,Blessed Stanley Rother Shrine,
"Sun, Mar 01, 2026",2026-03-01,Sunday,Blessed Stanley Rother Shrine,"700 SE 89th St, Oklahoma City",(405) 421-9800,Confession,8:15 AM,8:45 AM,Confession,English,Blessed Stanley Rother Shrine,
"Sun, Mar 01, 2026",2026-03-01,Sunday,Church of Saint Benedict,"2200 W Ithica St, Broken Arrow",+1-918-455-4451,Confession,11:15 AM,11:45 AM,Confessions,English,,
"Sun, Mar 01, 2026",2026-03-01,Sunday,Church of Saint Benedict,"2200 W Ithica St, Broken Arrow",+1-918-455-4451,Confession,4:15 PM,4:45 PM,Confessions,English,,
"Sun, Mar 01, 2026",2026-03-01,Sunday,Church of Saint Benedict,"2200 W Ithica St, Broken Arrow",+1-918-455-4451,Confession,8:15 AM,8:45 AM,Confessions,English,,
"Sun, Mar 01, 2026",2026-03-01,Sunday,Holy Family Cathedral,"820 S Boulder Ave, Tulsa",918-582-6247,Confession,11:30 AM,,Confessions,English,Holy Family Cathedral,
"Sun, Mar 01, 2026",2026-03-01,Sunday,Holy Family Cathedral,"820 S Boulder Ave, Tulsa",918-582-6247,Confession,4:30 PM,,Confessions,English,Holy Family Cathedral,
"Sun, Mar 01, 2026",2026-03-01,Sunday,Holy Family Cathedral,"820 S Boulder Ave, Tulsa",918-582-6247,Confession,7:30 AM,,Confessions,English,Holy Family Cathedral,
"Sun, Mar 01, 2026",2026-03-01,Sunday,Holy Family Cathedral,"820 S Boulder Ave, Tulsa",918-582-6247,Confession,9:30 AM,,Confessions,English,Holy Family Cathedral,
"Sun, Mar 01, 2026",2026-03-01,Sunday,Holy Rosary,"912 Cherokee Ave, Hartshorne",(918) 308-3312,Confession,8:30 AM,,Confession,English,,TIME_TBD; or by request
"Sun, Mar 01, 2026",2026-03-01,Sunday,Immaculate Conception,"502 N Bagwell St, Poteau",(918) 647-3475,Confession,TBD,,Reconciliation,English,,At Immaculate Conception and at Saint Joseph 30 minutes before each Mass; or by appointment with Fr. Sean
"Sun, Mar 01, 2026",2026-03-01,Sunday,Immaculate Conception Catholic Church,"196 Bearden Springs Rd, Hugo",(580) 326-7300,Confession,8:00 AM,,Sacrament of Reconciliation,English,Immaculate Conception Catholic Church,
"Sun, Mar 01, 2026",2026-03-01,Sunday,Our Lady Of Perpetual Help Catholic Church,"115 S A Ave, Elgin",+1-580-492-5914,Confession,11:30 AM,,Confession,English,Our Lady,
"Sun, Mar 01, 2026",2026-03-01,Sunday,Our Lady of Guadalupe,"400 W 9th St, Dewey",(918) 534-3420,Confession,10:30 AM,,Confession,English,"400 W. 9th St. Dewey, OK 74029",
"Sun, Mar 01, 2026",2026-03-01,Sunday,Our Lady of Perpetual Help,"220 N A Street, Sterling",(580) 492-5914,Confession,11:30 AM,,Confession,English,Our Lady,
"Sun, Mar 01, 2026",2026-03-01,Sunday,Parish of Christ the King,"1520 S Rockford Ave, Tulsa",+1-918-584-4788,Confession,10:45 AM,11:15 AM,Confession,English,Fletcher Hall Confessionals,
"Sun, Mar 01, 2026",2026-03-01,Sunday,Parish of Christ the King,"1520 S Rockford Ave, Tulsa",+1-918-584-4788,Confession,4:30 PM,5:00 PM,Confession,English,Fletcher Hall Confessionals,
"Sun, Mar 01, 2026",2026-03-01,Sunday,Parish of Christ the King,"1520 S Rockford Ave, Tulsa",+1-918-584-4788,Confession,7:30 AM,8:00 AM,Confession,English,Fletcher Hall Confessionals,
"Sun, Mar 01, 2026",2026-03-01,Sunday,Parish of Christ the King,"1520 S Rockford Ave, Tulsa",+1-918-584-4788,Confession,8:45 AM,9:15 AM,Confession,English,Fletcher Hall Confessionals,
"Sun, Mar 01, 2026",2026-03-01,Sunday,Prince of Peace,"1500 Falcon Rd, Altus",(580) 482-3363,Confession,7:45 AM,8:20 AM,Confessions,English,,
"Sun, Mar 01, 2026",2026-03-01,Sunday,Sacred Heart,"320 S B Street, Arkansas City",(620) 442-0566,Confession,10:30 AM,10:50 AM,Confession,English,Sacred Heart Catholic Church,
"Sun, Mar 01, 2026",2026-03-01,Sunday,Sacred Heart,"627 12th St, Alva",(580) 327-0339,Confession,8:15 AM,8:50 AM,Confession,English,Alva,
"Sun, Mar 01, 2026",2026-03-01,Sunday,Sacred Heart,"320 S B Street, Arkansas City",(620) 442-0566,Confession,8:30 AM,8:50 AM,Confession,English,Sacred Heart Catholic Church,
"Sun, Mar 01, 2026",2026-03-01,Sunday,Sacred Heart,"2515 N Main St, Miami",(918) 542-5281,Confession,8:30 AM,9:15 AM,Confession,English,Sacred Heart Catholic Church,
"Sun, Mar 01, 2026",2026-03-01,Sunday,Sacred Heart,"2515 N Main St, Miami",(918) 542-5281,Confession,8:30 AM,,Confession,English,Sacred Heart Catholic Church,Confession
"Sun, Mar 01, 2026",2026-03-01,Sunday,Sacred Heart,"2515 N Main St, Miami",(918) 542-5281,Confession,TBD,,Confessions,English,,Sunday before Mass; before Mass and by appointment.; ≥20 min
"Sun, Mar 01, 2026",2026-03-01,Sunday,St Joseph Catholic Church,"321 N Virginia St, Muskogee",+1-918-687-1351,Confession,11:00 AM,11:45 AM,Confession,English,St. Joseph Catholic Church,
"Sun, Mar 01, 2026",2026-03-01,Sunday,St Joseph Catholic Church,"321 N Virginia St, Muskogee",+1-918-687-1351,Confession,11:00 AM,,Confession,English,St. Joseph Catholic Church,
"Sun, Mar 01, 2026",2026-03-01,Sunday,St Joseph Catholic Church,"321 N Virginia St, Muskogee",+1-918-687-1351,Confession,TBD,,Confessions,English,,before every Mass; note: Wednesdays at 6PM; Saturday 4:15 p.m.; Sundays at 11AM; or by appointment
"Sun, Mar 01, 2026",2026-03-01,Sunday,St Jude,"70 E 11th St, Boswell",(580) 326-7300,Confession,1:00 PM,,Sacrament of Reconciliation,English,,weekly; or by request
"Sun, Mar 01, 2026",2026-03-01,Sunday,St. Agnes,"501 E Main St, Antlers",580.298.5204 (Parish Center),Confession,10:30 AM,,Sacrament of Reconciliation,English,,or by request
"Sun, Mar 01, 2026",2026-03-01,Sunday,St. Ann,"8492 State Hwy 17, Elgin",(580) 492-5914,Confession,8:00 AM,,Confession,English,St Ann,
"Sun, Mar 01, 2026",2026-03-01,Sunday,St. Anne,"301 S 9th St, Broken Arrow",(918) 251-4000,Confession,8:30 AM,8:50 AM,Confession,English,,
"Sun, Mar 01, 2026",2026-03-01,Sunday,St. Benedict,"2200 W Ithica St, Broken Arrow",(918) 455-4451,Confession,11:15 AM,11:45 AM,Reconciliation,English,,
"Sun, Mar 01, 2026",2026-03-01,Sunday,St. Benedict,"2200 W Ithica St, Broken Arrow",(918) 455-4451,Confession,4:15 PM,4:45 PM,Reconciliation,English,,
"Sun, Mar 01, 2026",2026-03-01,Sunday,St. Benedict,"2200 W Ithica St, Broken Arrow",(918) 455-4451,Confession,8:15 AM,8:45 AM,Reconciliation,English,,
"Sun, Mar 01, 2026",2026-03-01,Sunday,St. Bernard of Clairvaux,"4001 E 101st St, Tulsa",(918) 299-9406,Confession,10:45 AM,,Confessions,English,,
"Sun, Mar 01, 2026",2026-03-01,Sunday,St. Bernard of Clairvaux,"4001 E 101st St, Tulsa",(918) 299-9406,Confession,4:30 PM,,Confessions,English,,
"Sun, Mar 01, 2026",2026-03-01,Sunday,St. Bernard of Clairvaux,"4001 E 101st St, Tulsa",(918) 299-9406,Confession,7:30 AM,,Confessions,English,,
"Sun, Mar 01, 2026",2026-03-01,Sunday,St. Catherine of Siena,"205 W Bert St, Pauls Valley",(405) 238-3741,Confession,11:00 AM,11:30 AM,Confession,English,,
"Sun, Mar 01, 2026",2026-03-01,Sunday,St. Catherine of Siena,"205 W Bert St, Pauls Valley",(405) 238-3741,Confession,TBD,,Confessions,English,,Sunday before Mass; before Mass and by appointment.; ≥20 min
"Sun, Mar 01, 2026",2026-03-01,Sunday,St. Cornelius,"404 S Massachusetts Ave, Cherokee",(580) 327-0339,Confession,11:15 AM,,Confession,English,Cherokee,
"Sun, Mar 01, 2026",2026-03-01,Sunday,St. Cornelius,"404 S Massachusetts Ave, Cherokee",(580) 327-0339,Confession,11:20 AM,11:50 AM,Confession,English,Cherokee,
"Sun, Mar 01, 2026",2026-03-01,Sunday,St. Damien of Molokai,"8455 NW 234th St, Edmond",(405) 330-9968,Confession,10:00 AM,10:30 AM,Confession,English,,
"Sun, Mar 01, 2026",2026-03-01,Sunday,St. Damien of Molokai,"8455 NW 234th St, Edmond",(405) 330-9968,Confession,5:00 PM,5:30 PM,Confession,English,,
"Sun, Mar 01, 2026",2026-03-01,Sunday,St. Damien of Molokai,"8455 NW 234th St, Edmond",(405) 330-9968,Confession,7:30 AM,8:00 AM,Confession,English,,
"Sun, Mar 01, 2026",2026-03-01,Sunday,St. Elizabeth Ann Seton,"16526 United States Hwy 271, Spiro",(918) 647-3475,Confession,TBD,,Confession,English,,Sunday before Mass; before Mass
"Sun, Mar 01, 2026",2026-03-01,Sunday,St. Eugene,"704 N Bryan St, Weatherford",(580) 772-3209,Confession,10:30 AM,,Confession,English,"St. Eugene, Weatherford",
"Sun, Mar 01, 2026",2026-03-01,Sunday,St. Frances of Rome,"13286 Oklahoma 28, Langley",(918) 782-2248,Confession,7:30 AM,,Confession,English,,
"Sun, Mar 01, 2026",2026-03-01,Sunday,St. Francis Xavier,"711 N Country Club Rd, Stillwater",(405) 372-6886,Confession,TBD,,Confession,English,,check bulletin; Call the office or check social media for schedule
"Sun, Mar 01, 2026",2026-03-01,Sunday,St. Francis of Assisi,"1901 NW 18th St, Oklahoma City",(405) 528-0485,Confession,10:15 AM,,Confession,English,,if needed; through the homily of Mass.
"Sun, Mar 01, 2026",2026-03-01,Sunday,St. Francis of Assisi,"1901 NW 18th St, Oklahoma City",(405) 528-0485,Confession,7:45 AM,,Confession,English,,if needed; through the homily of Mass.
"Sun, Mar 01, 2026",2026-03-01,Sunday,St. John,"300 E Washington Ave, Mcalester",(918) 423-0810,Confession,9:30 AM,9:55 AM,Reconciliation,English,Church,
"Sun, Mar 01, 2026",2026-03-01,Sunday,St. John,"300 E Washington Ave, Mcalester",(918) 423-0810,Confession,TBD,,Confessions,English,,Sunday before Mass; before Mass and by appointment.; ≥20 min
"Sun, Mar 01, 2026",2026-03-01,Sunday,St. John Before the Latin Gate Catholic Church,"715 S Johnstone Ave, Bartlesville",(918) 336-4353,Confession,10:30 AM,,Confession,English,St. John,
"Sun, Mar 01, 2026",2026-03-01,Sunday,St. John Before the Latin Gate Catholic Church,"715 S Johnstone Ave, Bartlesville",(918) 336-4353,Confession,12:30 PM,,Confession,English,St. John,
"Sun, Mar 01, 2026",2026-03-01,Sunday,St. John Before the Latin Gate Catholic Church,"715 S Johnstone Ave, Bartlesville",(918) 336-4353,Confession,1:00 PM,,Confession,English,St. John,
"Sun, Mar 01, 2026",2026-03-01,Sunday,St. John Before the Latin Gate Catholic Church,"715 S Johnstone Ave, Bartlesville",(918) 336-4353,Confession,8:00 AM,,Confession,English,St. John,
"Sun, Mar 01, 2026",2026-03-01,Sunday,St. John Catholic Student Center (Oklahoma State University),"201 N Knoblock St, Stillwater",(405) 372-6408,Confession,3:00 PM,3:50 PM,Confession,English,,
"Sun, Mar 01, 2026",2026-03-01,Sunday,St. John Catholic Student Center (Oklahoma State University),"201 N Knoblock St, Stillwater",(405) 372-6408,Confession,9:00 AM,9:50 AM,Confession,English,,
"Sun, Mar 01, 2026",2026-03-01,Sunday,St. Joseph,"205 S C Ave, Cleveland",(918) 358-2333,Confession,11:00 AM,,Confession,English,,
"Sun, Mar 01, 2026",2026-03-01,Sunday,St. Joseph,"321 N Virginia St, Muskogee",(918) 687-1351,Confession,11:00 AM,11:45 AM,Confessions,English,,
"Sun, Mar 01, 2026",2026-03-01,Sunday,St. Joseph,"1204 NW 7th St, Stigler",(918) 647-3475,Confession,4:30 PM,,Confession,English,,or by appointment
"Sun, Mar 01, 2026",2026-03-01,Sunday,St. Joseph,"302 N Elm St, Bristow",(918) 446-8124,Confession,8:30 AM,,Confession,english,St. Joseph Parish,Bristow
"Sun, Mar 01, 2026",2026-03-01,Sunday,St. Joseph Old Cathedral,"307 NW 4th St, Oklahoma City",(405) 235-4565,Confession,11:15 AM,,Reconciliation,English,,temporarily paused starting January 25th; or by appointment
"Sun, Mar 01, 2026",2026-03-01,Sunday,St. Leo,"101 Locust St, Hartford",(479) 252-2443 or (479) 652-6454 (Fr. Chan's cell),Confession,11:30 AM,,Confession,English,,note: rosary 11:00
"Sun, Mar 01, 2026",2026-03-01,Sunday,St. Mary,"105 S Barrett St, Henrietta",(940) 538-4214,Confession,10:00 AM,,Confession,English,,
"Sun, Mar 01, 2026",2026-03-01,Sunday,St. Mary,"105 S Barrett St, Henrietta",(940) 538-4214,Confession,11:30 AM,,Confession,English,,
"Sun, Mar 01, 2026",2026-03-01,Sunday,St. Mary,"105 S Barrett St, Henrietta",(940) 538-4214,Confession,8:00 AM,,Confession,English,,
"Sun, Mar 01, 2026",2026-03-01,Sunday,St. Mary,"1347 E 49th Pl, Tulsa",(918) 749-1423,Confession,9:15 AM,9:45 AM,Confessions,English,Church of Saint Mary,note: next to the chapel; always available by appointment
"Sun, Mar 01, 2026",2026-03-01,Sunday,St. Michael,"1004 W Gentry St, Henryetta",(918) 652-3445,Confession,10:15 AM,10:45 AM,Confession,English,St. Michael,
"Sun, Mar 01, 2026",2026-03-01,Sunday,St. Paul,"502 S 6th St, Eufaula",(918) 689-7345,Confession,TBD,,Confessions,English,,Sunday before Mass; before Mass; ≥20 min; note: and by appointment
"Sun, Mar 01, 2026",2026-03-01,Sunday,St. Pius X,"1727 S 75th E Ave, Tulsa",(918) 622-4488,Confession,10:00 AM,,Reconciliation,English,,
"Sun, Mar 01, 2026",2026-03-01,Sunday,St. Pius X,"1727 S 75th E Ave, Tulsa",(918) 622-4488,Confession,12:00 PM,,Reconciliation,English,,
"Sun, Mar 01, 2026",2026-03-01,Sunday,St. Pius X,"1727 S 75th E Ave, Tulsa",(918) 622-4488,Confession,7:30 AM,,Reconciliation,English,,
"Sun, Mar 01, 2026",2026-03-01,Sunday,St. Stephen,"515 E Hwy, Holdenville",918-652-3445,Confession,7:15 AM,7:45 AM,Confession,English,St. Stephen,
"Sun, Mar 01, 2026",2026-03-01,Sunday,St. Teresa of Avila,"1576 Tim Holt Dr, Harrah",(405) 454-2819,Confession,7:00 AM,7:45 AM,Confession,English,St. Teresa of Avila,
"Sun, Mar 01, 2026",2026-03-01,Sunday,St. Vincent de Paul,"15842 S 297th E Ave, Coweta",(918) 486-4757,Confession,10:00 AM,,Rosary & Confessions,English,,
"Sun, Mar 01, 2026",2026-03-01,Sunday,St. Vincent de Paul,"123 S 9th St, McLoud",(405) 964-5606,Confession,TBD,,Confessions,English,,Sunday before Mass; before Mass and by appointment.; ≥20 min
"Sun, Mar 01, 2026",2026-03-01,Sunday,St. William,"802 W University Blvd, Durant",580-924-1989,Confession,10:35 AM,,Confessions,English,,check bulletin
"Sun, Mar 01, 2026",2026-03-01,Sunday,St. William,"802 W University Blvd, Durant",580-924-1989,Confession,4:05 PM,,Confessions,English,,check bulletin
"Sun, Mar 01, 2026",2026-03-01,Sunday,St. William,"802 W University Blvd, Durant",580-924-1989,Confession,7:40 AM,,Confessions,English,,check bulletin
"Sun, Mar 01, 2026",2026-03-01,Sunday,Blessed Sacrament,"520 N St, Thomas",15807723209,Adoration,11:50 AM,5:00 PM,Adoration,English,St. Eugene,note: following Mass
"Sun, Mar 01, 2026",2026-03-01,Sunday,Holy Family (Syro-Malabar),"3916 S Highland Park Dr, Oklahoma City",(405) 677-7976,Adoration,9:00 AM,,Silent Adoration,English,,silent; adoration
"Sun, Mar 01, 2026",2026-03-01,Sunday,Sacred Heart,"301 N Hooker, Caney",(620) 647-3577,Adoration,12:00 PM,6:00 PM,Adoration,English,,First; exposition
"Sun, Mar 01, 2026",2026-03-01,Sunday,St. Anthony of Padua,"1510 N Calhoun Ave , Liberal",(620) 624-4135,Adoration,11:00 AM,,Adoration,spanish,,
"Sun, Mar 01, 2026",2026-03-01,Sunday,St. Anthony of Padua,"1510 N Calhoun Ave , Liberal",(620) 624-4135,Adoration,1:00 PM,,Adoration,spanish,,
"Sun, Mar 01, 2026",2026-03-01,Sunday,St. Anthony of Padua,"1510 N Calhoun Ave , Liberal",(620) 624-4135,Adoration,9:00 AM,,Adoration,english,,
"Sun, Mar 01, 2026",2026-03-01,Sunday,St. Eugene,"704 N Bryan St, Weatherford",(580) 772-3209,Adoration,11:50 AM,5:00 PM,Adoration,English,,exposition; note: following Mass
"Sun, Mar 01, 2026",2026-03-01,Sunday,St. Francis Xavier,"110 N Madison St, Enid",(580) 237-0812,Adoration,2:30 PM,5:00 PM,Adoration,English,St. Francis Xavier,
"Sun, Mar 01, 2026",2026-03-01,Sunday,St. John,"300 E Washington Ave, Mcalester",(918) 423-0810,Adoration,TBD,,Eucharistic Adoration,English,,1st; check bulletin; note: following Mass
"Sun, Mar 01, 2026",2026-03-01,Sunday,St. Mary,"1347 E 49th Pl, Tulsa",(918) 749-1423,Adoration,7:00 AM,11:59 PM,Adoration,English,Chapel,
"Sun, Mar 01, 2026",2026-03-01,Sunday,St. Mary,"105 S Barrett St, Henrietta",(940) 538-4214,Adoration,8:00 AM,,Adoration,english,"St. Mary's Catholic Church, Henrietta TX",
"Sun, Mar 01, 2026",2026-03-01,Sunday,Holy Cross,"708 SW 15th St, Wagoner",539-209-9988,Devotions,8:00 AM,,Rosary,English,"Holy Cross Catholic Church, Wagoner, OK",
"Sun, Mar 01, 2026",2026-03-01,Sunday,Immaculate Conception Church,"4th & Comanche St, Marlow",(580) 255-0590,Devotions,6:00 PM,,Stations of the Cross,English,Marlow,note: with potluck after
"Sun, Mar 01, 2026",2026-03-01,Sunday,Our Lady of Sorrows,"409 S Price Ave, Chandler",(405) 258-1239,Devotions,10:30 AM,,Rosary,English,Our Lady of Sorrows,
"Sun, Mar 01, 2026",2026-03-01,Sunday,Prince of Peace,"1500 Falcon Rd, Altus",(580) 482-3363,Devotions,11:45 AM,,Stations of the Cross,English,,
"Sun, Mar 01, 2026",2026-03-01,Sunday,Prince of Peace,"1500 Falcon Rd, Altus",(580) 482-3363,Devotions,8:00 AM,,Stations of the Cross,English,,
"Sun, Mar 01, 2026",2026-03-01,Sunday,Sacred Heart,"109 W 5th St, Skiatook",(918) 396-1179,Devotions,8:30 AM,,Rosary,English,Sacred Heart Church,
"Sun, Mar 01, 2026",2026-03-01,Sunday,St. Augustine,"1720 E Apache St, Tulsa",918-607-8681,Devotions,10:00 AM,,Rosary,English,St. Augustine,
"Sun, Mar 01, 2026",2026-03-01,Sunday,St. Bernard of Clairvaux,"4001 E 101st St, Tulsa",(918) 299-9406,Devotions,10:45 AM,,Rosary,English,,
"Sun, Mar 01, 2026",2026-03-01,Sunday,St. Bernard of Clairvaux,"4001 E 101st St, Tulsa",(918) 299-9406,Devotions,7:30 AM,,Rosary,English,,
"Sun, Mar 01, 2026",2026-03-01,Sunday,St. Damien of Molokai,"8455 NW 234th St, Edmond",(405) 330-9968,Devotions,10:30 AM,,Rosary,English,,
"Sun, Mar 01, 2026",2026-03-01,Sunday,St. Damien of Molokai,"8455 NW 234th St, Edmond",(405) 330-9968,Devotions,8:00 AM,,Rosary,English,,
"Sun, Mar 01, 2026",2026-03-01,Sunday,St. Francis of Assisi,"610 W 9th St, Newkirk",(580) 382-6008,Devotions,9:30 AM,10:00 AM,Rosary,English,"St. Francis of Assisi, Newkirk",before Mass
"Sun, Mar 01, 2026",2026-03-01,Sunday,St. Gregory's Abbey,"1900 W MacArthur St, Shawnee",(405) 878-5491,Devotions,5:00 PM,,Solemn Vespers,English,,
"Sun, Mar 01, 2026",2026-03-01,Sunday,St. Gregory's Abbey,"1900 W MacArthur St, Shawnee",(405) 878-5491,Devotions,7:15 AM,,Lauds,English,,
"Sun, Mar 01, 2026",2026-03-01,Sunday,St. Gregory's Abbey,"1900 W MacArthur St, Shawnee",(405) 878-5491,Devotions,7:15 PM,,Compline,English,,
"Sun, Mar 01, 2026",2026-03-01,Sunday,St. Helen,"507 E Highview Ave, Frederick",(580) 335-3298,Devotions,10:00 AM,,"Divine Mercy Chaplet, Rosary and Litany",English,,
"Sun, Mar 01, 2026",2026-03-01,Sunday,St. James the Greater,"4201 S McKinley Ave, Oklahoma City",(405) 636-6800,Devotions,10:30 AM,,Rosary,English,,
"Sun, Mar 01, 2026",2026-03-01,Sunday,"St. Louis IX, king of France","417 N 8th Ave, Stroud",(405) 258-1239,Devotions,10:30 AM,,Rosary,English,,
"Sun, Mar 01, 2026",2026-03-01,Sunday,"St. Louis IX, king of France","417 N 8th Ave, Stroud",(405) 258-1239,Devotions,8:40 AM,,Rosary,English,"St. Louis Catholic Church, Stroud, OK",
"Sun, Mar 01, 2026",2026-03-01,Sunday,St. Monica,"633 E Marshall Pl, Tulsa",(918) 607-8681,Devotions,8:00 AM,,Rosary,English,Church,
"Sun, Mar 01, 2026",2026-03-01,Sunday,St. Paul the Apostle,"3901 S Sunnylane Rd, Del City",(405) 677-4873,Devotions,8:30 AM,,Rosary,English,,
"Sun, Mar 01, 2026",2026-03-01,Sunday,St. Robert Bellarmine,"121 NW 1st St, Jones",(405) 399-1727,Devotions,8:30 AM,,Rosary,english,,
"Sun, Mar 01, 2026",2026-03-01,Sunday,Holy Cross,"708 SW 15th St, Wagoner",539-209-9988,Education,5:00 PM,,High School Bible Study & Youth Group,English,"Holy Cross Catholic Church, Wagoner, OK",Each; youth
"Sun, Mar 01, 2026",2026-03-01,Sunday,Holy Cross,"708 SW 15th St, Wagoner",539-209-9988,Education,TBD,,Adult Faith Formation,English,"Holy Cross Catholic Church, Wagoner, OK",Fourth of each month after
"Sun, Mar 01, 2026",2026-03-01,Sunday,St Thomas More University Parish and Student Center,"100 Stinson St, Norman",(405) 321-0990,Education,9:45 AM,10:45 AM,Religious Education classes,English,,beginning in September and going through April
"Sun, Mar 01, 2026",2026-03-01,Sunday,St. Brigid,"807 Crafton St, Tahlequah",(918) 456-8388,Education,11:00 AM,12:15 PM,Religious Education,spanish,,
"Sun, Mar 01, 2026",2026-03-01,Sunday,St. Brigid,"807 Crafton St, Tahlequah",(918) 456-8388,Education,9:00 AM,10:15 AM,Religious Education,english,,
"Sun, Mar 01, 2026",2026-03-01,Sunday,St. Rose of Lima,"421 N 9th St, Perry",(580) 336-9300,Education,9:00 AM,10:15 AM,Religious Education,English,,
"Sun, Mar 01, 2026",2026-03-01,Sunday,Assumption of the Blessed Virgin Mary,"711 W Hickory Ave, Duncan",(580) 255-0590,Other,11:00 AM,,Catholic Faith Inquiry Classes,English,Parish Hall Room,starts after 10:00 Mass
"Sun, Mar 01, 2026",2026-03-01,Sunday,Holy Cross,"708 SW 15th St, Wagoner",539-209-9988,Other,TBD,,Family Catechesis Classes,English,"Holy Cross Catholic Church, Wagoner, OK",Third of each month after
"Sun, Mar 01, 2026",2026-03-01,Sunday,Holy Family (Syro-Malabar),"3916 S Highland Park Dr, Oklahoma City",(405) 677-7976,Other,9:30 AM,,HOLY QURBANA,english,,Syro-Malabar Rite
"Sun, Mar 01, 2026",2026-03-01,Sunday,Our Lady of Sorrows,"409 S Price Ave, Chandler",(405) 258-1239,Other,9:45 AM,,Adult Choir Practice,English,Our Lady of Sorrows,
"Sun, Mar 01, 2026",2026-03-01,Sunday,Saint Patrick Catholic Church,"202 E Ohio Ave, Walters",+1-580-255-0590,Other,TBD,,Catholic Faith Inquiry Classes,English,"Parish Hall Room, Religious Education Building",Sunday after Mass; weekly after Mass; Adults 18+; call Mike Radtke 580-606-0283
"Sun, Mar 01, 2026",2026-03-01,Sunday,San Jose,"12th St and Lincoln St, Ryan",(580) 255-0590,Other,TBD,,Catholic Faith Inquiry Classes,English,"Parish Hall Room, Religious Education Building",after
"Sun, Mar 01, 2026",2026-03-01,Sunday,St. Barbara Catholic Community  (Grieson Chapel),"3280 Crane Ave, Fort Sill",(580) 442-3302,Other,10:00 AM,,Service,English,Grierson Hill Chapel,GHC
"Sun, Mar 01, 2026",2026-03-01,Sunday,St. Gregory's Abbey,"1900 W MacArthur St, Shawnee",(405) 878-5491,Other,10:00 AM,,Eucharist,English,,
"Sun, Mar 01, 2026",2026-03-01,Sunday,St. Gregory's Abbey,"1900 W MacArthur St, Shawnee",(405) 878-5491,Other,12:00 PM,,Sext,English,,
"Sun, Mar 01, 2026",2026-03-01,Sunday,St. Gregory's Abbey,"1900 W MacArthur St, Shawnee",(405) 878-5491,Other,12:50 PM,,None,English,,
"Sun, Mar 01, 2026",2026-03-01,Sunday,"St. Louis IX, king of France","417 N 8th Ave, Stroud",(405) 258-1239,Other,9:45 AM,,Adult Choir Practice,English,,
"Sun, Mar 01, 2026",2026-03-01,Sunday,St. Patrick,"3rd and Ohio, Walters",(580) 355-2054,Other,9:45 AM,,Type,English,"St. Patrick, Walters",
"Sun, Mar 01, 2026",2026-03-01,Sunday,St. Pius X,"1727 S 75th E Ave, Tulsa",(918) 622-4488,Other,TBD,,Parish Picnic,English,the field,Sunday after Mass; every first after Mass; note: Dorney Hall if raining
"Sun, Mar 01, 2026",2026-03-01,Sunday,St. Scholastica Monastery,"1315 S Albert Pike Ave, Fort Smith",(479) 783-4147,Other,5:00 PM,,Evening Praise,English,St. Scholastica Monastery,
"Sun, Mar 01, 2026",2026-03-01,Sunday,St. Scholastica Monastery,"1315 S Albert Pike Ave, Fort Smith",(479) 783-4147,Other,7:30 AM,,Morning Praise,English,St. Scholastica Monastery,
"Sun, Mar 01, 2026",2026-03-01,Sunday,St. Therese of the Child Jesus (Maronite),"8315 S 107th E Ave, Tulsa",(918) 872-7400,Other,11:00 AM,,,English,,
"Sun, Mar 01, 2026",2026-03-01,Sunday,St. Therese of the Child Jesus (Maronite),"8315 S 107th E Ave, Tulsa",(918) 872-7400,Other,8:30 AM,,,English,,
"Sun, Mar 01, 2026",2026-03-01,Sunday,Tinker AFB Chapel,"Bldg 5701 6170 Arnold St, Oklahoma City",(405) 734-2111,Other,12:00 AM,,Latté Lounge,English,,TIME_TBD; note: afternoons and evenings; for dormitory residents E-4 and below
"Sun, Mar 01, 2026",2026-03-01,Sunday,Sacred Heart,"714 N Main St, Muenster",(940) 759-2500,Sacraments,TBD,,Group Baptism,English,,2nd of each month; following the 10:30 Mass
"Sun, Mar 01, 2026",2026-03-01,Sunday,St. Joseph,"1300 E Beverly St, Ada",(580) 332-4811,Sacraments,10:30 AM,,Confirmation Class,English,,note: after Mass
"Sun, Mar 01, 2026",2026-03-01,Sunday,St. Mark the Evangelist,"3939 W Tecumseh Rd, Norman",(405) 366-7676,Sacraments,TBD,,Sacrament of Anointing of the Sick,English,,last weekend of every month following each weekend Mass
"Mon, Mar 02, 2026",2026-03-02,Monday,Assumption of the Blessed Virgin Mary,"711 W Hickory Ave, Duncan",(580) 255-0590,Mass,6:00 PM,,Mass,spanish,Duncan,
"Mon, Mar 02, 2026",2026-03-02,Monday,Blessed Sacrament,"12 SW 7th St, Lawton",(580) 355-2054,Mass,7:30 AM,,Daily Mass,English,,
"Mon, Mar 02, 2026",2026-03-02,Monday,Blessed Stanley Rother Shrine,"700 SE 89th St, Oklahoma City",(405) 421-9800,Mass,12:15 PM,,Mass,english,Blessed Stanley Rother Shrine,
"Mon, Mar 02, 2026",2026-03-02,Monday,Cathedral of Our Lady of Perpetual Help,"3214 N Lake Ave, Oklahoma City",(405) 525-2349,Mass,7:00 AM,,Mass,English,,
"Mon, Mar 02, 2026",2026-03-02,Monday,Chapel of St. Joseph,"7th and Seminole, Wewoka",(405) 382-3602,Mass,12:10 PM,,Mass,english,,
"Mon, Mar 02, 2026",2026-03-02,Monday,Christ the King,"8005 Dorset Dr, Oklahoma City",(405) 842-1481,Mass,7:00 AM,,Mass,english,,
"Mon, Mar 02, 2026",2026-03-02,Monday,Church of Saint Benedict,"2200 W Ithica St, Broken Arrow",+1-918-455-4451,Mass,8:30 AM,,Mass,English,,
"Mon, Mar 02, 2026",2026-03-02,Monday,Epiphany of the Lord,"7336 W Britton Rd, Oklahoma City",(405) 722-2110,Mass,8:00 AM,,Mass,English,,exception: No daily Mass on Holy Days of Obligation
"Mon, Mar 02, 2026",2026-03-02,Monday,Holy Family Cathedral,"820 S Boulder Ave, Tulsa",918-582-6247,Mass,12:05 PM,,Mass,English,Holy Family Cathedral,
"Mon, Mar 02, 2026",2026-03-02,Monday,Holy Spirit,"1100 N Sara Rd, Mustang",(405) 376-9435,Mass,6:30 PM,,Mass,spanish,Holy Spirit Catholic Church,
"Mon, Mar 02, 2026",2026-03-02,Monday,Immaculate Conception,"22 N 13th St, Fort Smith",(479) 783-7963,Mass,7:00 AM,,Mass,english,,
"Mon, Mar 02, 2026",2026-03-02,Monday,Korean Martyrs,"2600 SW 74th St, Oklahoma City",(405) 681-6464,Mass,8:15 AM,,Mass,english,Korean Martyrs Church,
"Mon, Mar 02, 2026",2026-03-02,Monday,Little Flower Church (Our Lady of Mount Carmel and St. Thérèse of Lisieux),"1125 S Walker Ave, Oklahoma City",(405) 235-2037,Mass,6:30 PM,,Mass,spanish,Church,
"Mon, Mar 02, 2026",2026-03-02,Monday,Most Precious Blood,"3029 S 57th W Ave, Tulsa",918-615-8404,Mass,7:15 AM,,Holy Mass,English,,Low Mass
"Mon, Mar 02, 2026",2026-03-02,Monday,Our Lady of Clear Creek Abbey,"5804 W Monastery Rd, Hulbert",(918) 772-2454,Mass,6:50 AM,,Low Mass,English,,
"Mon, Mar 02, 2026",2026-03-02,Monday,Our Lady of Guadalupe,"400 W 9th St, Dewey",(918) 534-3420,Mass,12:00 PM,,Mass,English,"400 W. 9th St. Dewey, OK 74029",
"Mon, Mar 02, 2026",2026-03-02,Monday,Our Lady of Victory,"3300 Clarksville St, Paris",(903) 784-1000,Mass,12:10 PM,,Mass,english,,
"Mon, Mar 02, 2026",2026-03-02,Monday,Our Lady of Victory,"307 W Jefferson St, Purcell",(405) 527-3077,Mass,6:30 PM,,Mass,spanish,,
"Mon, Mar 02, 2026",2026-03-02,Monday,Sacred Heart,"714 N Main St, Muenster",(940) 759-2500,Mass,8:00 AM,,Mass,english,,
"Mon, Mar 02, 2026",2026-03-02,Monday,Saint Patrick Catholic Church,"202 E Ohio Ave, Walters",+1-580-255-0590,Mass,6:00 PM,,Mass,spanish,Duncan,
"Mon, Mar 02, 2026",2026-03-02,Monday,St. Andrew,"800 NW 5th St, Moore",(405) 799-3334,Mass,9:00 AM,,Mass,English,St. Andrew the Apostle Catholic Church,Check Bulletin for Possible Changes in Mass Times
"Mon, Mar 02, 2026",2026-03-02,Monday,St. Barbara Catholic Community  (Grieson Chapel),"3280 Crane Ave, Fort Sill",(580) 442-3302,Mass,11:45 AM,,Roman Catholic Mass,English,"Sheridan Hall, BLDG 652 Hamilton Road, 2nd Floor",
"Mon, Mar 02, 2026",2026-03-02,Monday,St. Benedict,"632 N Kickapoo Ave, Shawnee",(405) 275-0001,Mass,12:10 PM,,Mass,english,,
"Mon, Mar 02, 2026",2026-03-02,Monday,St. Benedict,"2200 W Ithica St, Broken Arrow",(918) 455-4451,Mass,8:30 AM,,Mass,English,,
"Mon, Mar 02, 2026",2026-03-02,Monday,St. Bernard of Clairvaux,"4001 E 101st St, Tulsa",(918) 299-9406,Mass,8:30 AM,,Mass,English,main church,
"Mon, Mar 02, 2026",2026-03-02,Monday,St. Charles Borromeo,"5024 N Grove, Warr Acres",(405) 789-2595,Mass,7:00 AM,,Mass,english,,livestream
"Mon, Mar 02, 2026",2026-03-02,Monday,St. Damien of Molokai,"8455 NW 234th St, Edmond",(405) 330-9968,Mass,6:00 AM,,Low Mass,English,,note: cancelled if only one priest available
"Mon, Mar 02, 2026",2026-03-02,Monday,St. Damien of Molokai,"8455 NW 234th St, Edmond",(405) 330-9968,Mass,8:00 AM,,Low Mass,English,,
"Mon, Mar 02, 2026",2026-03-02,Monday,St. Eugene,"2400 W Hefner Rd, Oklahoma City",(405) 751-7115,Mass,5:30 PM,,Mass,english,Church,
"Mon, Mar 02, 2026",2026-03-02,Monday,St. Francis Hospital Chapel,"6161 S Yale Ave, Tulsa",,Mass,7:15 AM,,Mass,English,Saint Francis Hospital Chapel,livestream; note: Televised in patient rooms on Channel 15
"Mon, Mar 02, 2026",2026-03-02,Monday,St. Francis Xavier,"700 E Oklahoma Ave, Sulphur",(580) 332-4811,Mass,6:00 PM,,Mass,english,"St. Francis Xavier, Sulphur",
"Mon, Mar 02, 2026",2026-03-02,Monday,St. Gregory's Abbey,"1900 W MacArthur St, Shawnee",(405) 878-5491,Mass,5:30 AM,,Vigils,English,,
"Mon, Mar 02, 2026",2026-03-02,Monday,St. James the Greater,"4201 S McKinley Ave, Oklahoma City",(405) 636-6800,Mass,7:30 AM,,Mass,English,,
"Mon, Mar 02, 2026",2026-03-02,Monday,St. James the Greater,"4201 S McKinley Ave, Oklahoma City",(405) 636-6800,Mass,8:30 AM,,Mass,English,,
"Mon, Mar 02, 2026",2026-03-02,Monday,St. John Catholic Student Center (Oklahoma State University),"201 N Knoblock St, Stillwater",(405) 372-6408,Mass,9:00 PM,,Mass,English,,
"Mon, Mar 02, 2026",2026-03-02,Monday,St. John the Baptist,"900 S Littler Ave, Edmond",(405) 340-0691,Mass,7:30 AM,,Mass,English,St. John the Baptist Catholic Church,
"Mon, Mar 02, 2026",2026-03-02,Monday,St. Joseph,"211 N Porter, Norman",(405) 321-8080,Mass,8:00 AM,,Mass,english,Chapel,
"Mon, Mar 02, 2026",2026-03-02,Monday,St. Joseph,"320 W N Ave, Tonkawa",(580) 628-2416,Mass,8:15 AM,,Mass,English,St. Joseph’s Catholic Church of Tonkawa,
"Mon, Mar 02, 2026",2026-03-02,Monday,St. Joseph [Thánh Giuse],"14905 E 21st St S, Tulsa",(918) 438-1380,Mass,6:00 PM,,Mass,English,,
"Mon, Mar 02, 2026",2026-03-02,Monday,St. Joseph's Catholic Church,"211 N Porter Ave, Norman",+1-405-321-8080,Mass,8:00 AM,,Mass,english,Chapel,
"Mon, Mar 02, 2026",2026-03-02,Monday,St. Jude Thaddeus,"600 Davey Dr, Burkburnett",(940) 569-1222,Mass,8:00 AM,,Mass,english,St. Jude Thaddeus,Burkburnett
"Mon, Mar 02, 2026",2026-03-02,Monday,St. Mary,"1347 E 49th Pl, Tulsa",(918) 749-1423,Mass,6:30 AM,,Mass,English,Church of Saint Mary,
"Mon, Mar 02, 2026",2026-03-02,Monday,St. Mary,"825 N Weaver St, Gainesville",(940) 665-5395,Mass,8:00 AM,,Mass,english,,
"Mon, Mar 02, 2026",2026-03-02,Monday,St. Michael,"1025 E Pointer Trail , Van Buren",(479) 471-1211,Mass,8:00 AM,,Mass,English,,
"Mon, Mar 02, 2026",2026-03-02,Monday,St. Patrick,"314 N Rusk Ave, Denison",(903) 463-3275,Mass,12:00 PM,,Mass,english,,
"Mon, Mar 02, 2026",2026-03-02,Monday,St. Patrick,"2121 N Portland Ave, Oklahoma City",(405) 946-4441,Mass,8:15 AM,,Mass,english,,
"Mon, Mar 02, 2026",2026-03-02,Monday,St. Peter,"424 W Main St, Lindsay",(940) 668-7609,Mass,7:40 AM,,Mass,english,St. Peter's,
"Mon, Mar 02, 2026",2026-03-02,Monday,St. Peter Catholic Church,"East 2 and Quapaw, Lindsay",+1-405-527-3077,Mass,7:40 AM,,Mass,english,St. Peter's,
"Mon, Mar 02, 2026",2026-03-02,Monday,St. Peter the Apostle,"812 Pearl Ave, Joplin",(417) 623-8643,Mass,12:00 PM,,Mass,English,Mercy Hospital,
"Mon, Mar 02, 2026",2026-03-02,Monday,St. Philip Neri Newman Center,"440 S Florence Ave, Tulsa",19185990204,Mass,5:15 PM,,Mass,English,,during the academic year
"Mon, Mar 02, 2026",2026-03-02,Monday,St. Philip Neri Newman Center,"440 S Florence Ave, Tulsa",(918) 599-0204,Mass,5:15 PM,,Mass,English,,during the academic year
"Mon, Mar 02, 2026",2026-03-02,Monday,St. William,"802 W University Blvd, Durant",580-924-1989,Mass,7:00 AM,,Mass,English,"St. William, Durant",
"Mon, Mar 02, 2026",2026-03-02,Monday,Sts. Peter and Paul,"405 E Oak, Cushing",(918) 225-0644,Mass,12:00 PM,,Mass,english,Sts. Peter and Paul Parish,Cushing
"Mon, Mar 02, 2026",2026-03-02,Monday,Sts. Peter and Paul,"1419 N 67th E Ave, Tulsa",(918) 836-2596,Mass,8:00 AM,,Mass,english,,
"Mon, Mar 02, 2026",2026-03-02,Monday,Blessed Stanley Rother Shrine,"700 SE 89th St, Oklahoma City",(405) 421-9800,Confession,11:30 AM,12:00 PM,Confession,English,Blessed Stanley Rother Shrine,
"Mon, Mar 02, 2026",2026-03-02,Monday,Holy Family Cathedral,"820 S Boulder Ave, Tulsa",918-582-6247,Confession,11:35 AM,,Confessions,English,Holy Family Cathedral,
"Mon, Mar 02, 2026",2026-03-02,Monday,Our Lady of Victory,"3300 Clarksville St, Paris",(903) 784-1000,Confession,11:00 AM,12:00 PM,Confession,English,,
"Mon, Mar 02, 2026",2026-03-02,Monday,Our Lady of Victory,"307 W Jefferson St, Purcell",(405) 527-3077,Confession,6:00 PM,,Confession,English,,or After Mass
"Mon, Mar 02, 2026",2026-03-02,Monday,St. Francis Xavier,"700 E Oklahoma Ave, Sulphur",(580) 332-4811,Confession,7:00 PM,,Confession,English,"St. Francis Xavier, Sulphur",note: after 18:00 Mass
"Mon, Mar 02, 2026",2026-03-02,Monday,St. Joseph Old Cathedral,"307 NW 4th St, Oklahoma City",(405) 235-4565,Confession,10:45 AM,11:45 AM,Reconciliation,English,,
"Mon, Mar 02, 2026",2026-03-02,Monday,St. Michael,"1025 E Pointer Trail , Van Buren",(479) 471-1211,Confession,TBD,,Confessions,English,,30 minutes before each Weekday Mass; except on Tuesday morning and Wednesday evening
"Mon, Mar 02, 2026",2026-03-02,Monday,Assumption of the Blessed Virgin Mary,"711 W Hickory Ave, Duncan",(580) 255-0590,Adoration,TBD,,Adoration,English,Duncan/Marlow,30 minutes before Mass; exposition
"Mon, Mar 02, 2026",2026-03-02,Monday,Blessed Stanley Rother Shrine,"700 SE 89th St, Oklahoma City",(405) 421-9800,Adoration,1:00 PM,2:00 PM,Adoration,English,Blessed Stanley Rother Shrine,exposition
"Mon, Mar 02, 2026",2026-03-02,Monday,Our Lady of Victory,"307 W Jefferson St, Purcell",(405) 527-3077,Adoration,6:00 PM,,Adoration,English,,
"Mon, Mar 02, 2026",2026-03-02,Monday,Sacred Heart,"47943 Abbey Rd, Konawa",(580) 925-2145,Adoration,3:30 PM,6:30 PM,Adoration,English,Sacred Heart,exposition
"Mon, Mar 02, 2026",2026-03-02,Monday,Saint Patrick Catholic Church,"202 E Ohio Ave, Walters",+1-580-255-0590,Adoration,TBD,,Adoration,English,,30 minutes before Mass
"Mon, Mar 02, 2026",2026-03-02,Monday,San Jose,"12th St and Lincoln St, Ryan",(580) 255-0590,Adoration,TBD,,Adoration,English,,30 minutes before Mass; exposition
"Mon, Mar 02, 2026",2026-03-02,Monday,St. Anne,"301 S 9th St, Broken Arrow",(918) 251-4000,Adoration,9:00 AM,9:00 PM,Adoration,English,Chapel,exposition
"Mon, Mar 02, 2026",2026-03-02,Monday,St. Bernard of Clairvaux,"4001 E 101st St, Tulsa",(918) 299-9406,Adoration,9:00 AM,8:00 PM,Adoration of the Blessed Sacrament,English,Good Shepherd Chapel,exposition; chapel
"Mon, Mar 02, 2026",2026-03-02,Monday,St. Gregory the Great,"1924 W Willow Rd, Enid",(580) 233-4589,Adoration,8:30 AM,3:30 PM,Adoration,English,Adoration Chapel,exposition
"Mon, Mar 02, 2026",2026-03-02,Monday,St. Joseph Old Cathedral,"307 NW 4th St, Oklahoma City",(405) 235-4565,Adoration,TBD,,Adoration,English,,during Reconciliation; exposition
"Mon, Mar 02, 2026",2026-03-02,Monday,St. Mary,"1347 E 49th Pl, Tulsa",(918) 749-1423,Adoration,12:00 AM,11:59 PM,Adoration,English,Chapel,
"Mon, Mar 02, 2026",2026-03-02,Monday,St. Patrick,"2121 N Portland Ave, Oklahoma City",(405) 946-4441,Adoration,9:00 AM,7:55 PM,Adoration,English,,tags: exposition
"Mon, Mar 02, 2026",2026-03-02,Monday,Sacred Heart,"2515 N Main St, Miami",(918) 542-5281,Devotions,6:30 AM,,Morning Prayer,english,Sacred Heart Catholic Church,
"Mon, Mar 02, 2026",2026-03-02,Monday,Sacred Heart,"109 W 5th St, Skiatook",(918) 396-1179,Devotions,8:30 AM,,Rosary,English,Sacred Heart Church,
"Mon, Mar 02, 2026",2026-03-02,Monday,St. Gregory's Abbey,"1900 W MacArthur St, Shawnee",(405) 878-5491,Devotions,5:00 PM,,Vespers,English,,
"Mon, Mar 02, 2026",2026-03-02,Monday,St. Gregory's Abbey,"1900 W MacArthur St, Shawnee",(405) 878-5491,Devotions,7:15 AM,,Lauds,English,,
"Mon, Mar 02, 2026",2026-03-02,Monday,St. Gregory's Abbey,"1900 W MacArthur St, Shawnee",(405) 878-5491,Devotions,7:15 PM,,Compline,English,,
"Mon, Mar 02, 2026",2026-03-02,Monday,St. Barbara Catholic Community  (Grieson Chapel),"3280 Crane Ave, Fort Sill",(580) 442-3302,Other,11:45 AM,,Service,English,Grierson Hill Chapel,GHC
"Mon, Mar 02, 2026",2026-03-02,Monday,St. Gregory's Abbey,"1900 W MacArthur St, Shawnee",(405) 878-5491,Other,12:00 PM,,Sext,English,,
"Mon, Mar 02, 2026",2026-03-02,Monday,St. Gregory's Abbey,"1900 W MacArthur St, Shawnee",(405) 878-5491,Other,12:50 PM,,None,English,,
"Mon, Mar 02, 2026",2026-03-02,Monday,St. Gregory's Abbey,"1900 W MacArthur St, Shawnee",(405) 878-5491,Other,8:15 AM,,Eucharist,English,,
"Mon, Mar 02, 2026",2026-03-02,Monday,St. Joseph [Thánh Giuse],"14905 E 21st St S, Tulsa",(918) 438-1380,Other,5:30 PM,,Prayer,English,,
"Mon, Mar 02, 2026",2026-03-02,Monday,St. Scholastica Monastery,"1315 S Albert Pike Ave, Fort Smith",(479) 783-4147,Other,11:50 AM,,Noon Praise,English,St. Scholastica Monastery,
"Mon, Mar 02, 2026",2026-03-02,Monday,St. Scholastica Monastery,"1315 S Albert Pike Ave, Fort Smith",(479) 783-4147,Other,5:00 PM,,Evening Praise,English,St. Scholastica Monastery,
"Mon, Mar 02, 2026",2026-03-02,Monday,St. Scholastica Monastery,"1315 S Albert Pike Ave, Fort Smith",(479) 783-4147,Other,7:30 AM,,Morning Praise,English,St. Scholastica Monastery,
"Mon, Mar 02, 2026",2026-03-02,Monday,St. Therese of the Child Jesus (Maronite),"8315 S 107th E Ave, Tulsa",(918) 872-7400,Other,5:30 PM,,,English,,
"Mon, Mar 02, 2026",2026-03-02,Monday,Holy Trinity,"211 W Missouri Ave, Okarche",(405) 263-7930,Sacraments,8:00 AM,,Communion Service,English,,Communion Service
"Mon, Mar 02, 2026",2026-03-02,Monday,Immaculate Heart of Mary,"239 N Freehome Ave, Calumet",(405) 263-7930,Sacraments,8:00 AM,,Communion Service,English,,
"Mon, Mar 02, 2026",2026-03-02,Monday,St. Anne,"301 S 9th St, Broken Arrow",(918) 251-4000,Sacraments,8:00 AM,,Communion Service,English,,
"Mon, Mar 02, 2026",2026-03-02,Monday,St. Henry,"8500 N Owasso Expressway, Owasso",(918) 272-3710,Sacraments,8:45 AM,,Communion Service,english,,
"Tue, Mar 03, 2026",2026-03-03,Tuesday,Assumption of the Blessed Virgin Mary,"711 W Hickory Ave, Duncan",(580) 255-0590,Mass,6:00 PM,,Mass,spanish,Duncan,
"Tue, Mar 03, 2026",2026-03-03,Tuesday,Blessed Sacrament,"12 SW 7th St, Lawton",(580) 355-2054,Mass,7:30 AM,,Daily Mass,English,,
"Tue, Mar 03, 2026",2026-03-03,Tuesday,Blessed Stanley Rother Shrine,"700 SE 89th St, Oklahoma City",(405) 421-9800,Mass,12:15 PM,,Mass,english,Blessed Stanley Rother Shrine,
"Tue, Mar 03, 2026",2026-03-03,Tuesday,Cathedral of Our Lady of Perpetual Help,"3214 N Lake Ave, Oklahoma City",(405) 525-2349,Mass,7:00 AM,,Mass,English,,
"Tue, Mar 03, 2026",2026-03-03,Tuesday,Chapel of St. Joseph,"7th and Seminole, Wewoka",(405) 382-3602,Mass,8:00 AM,,Mass,english,,
"Tue, Mar 03, 2026",2026-03-03,Tuesday,Christ the King,"2112 S Greenwood Ave, Fort Smith",(479) 783-7745,Mass,5:15 PM,,Mass,English,Chapel,
"Tue, Mar 03, 2026",2026-03-03,Tuesday,Christ the King,"1520 S Rockford Ave, Tulsa",(918) 584-4788,Mass,5:30 PM,,Mass,english,,
"Tue, Mar 03, 2026",2026-03-03,Tuesday,Christ the King,"8005 Dorset Dr, Oklahoma City",(405) 842-1481,Mass,7:00 AM,,Mass,english,,
"Tue, Mar 03, 2026",2026-03-03,Tuesday,Christ the King,"1520 S Rockford Ave, Tulsa",(918) 584-4788,Mass,8:15 AM,,Mass,english,,
"Tue, Mar 03, 2026",2026-03-03,Tuesday,Church of Saint Benedict,"2200 W Ithica St, Broken Arrow",+1-918-455-4451,Mass,8:30 AM,,Mass,English,,
"Tue, Mar 03, 2026",2026-03-03,Tuesday,Corpus Christi,"1616 N Kelley Ave, Oklahoma City",(405) 236-4301,Mass,12:10 PM,,Mass,English,Corpus Christi,Chapel
"Tue, Mar 03, 2026",2026-03-03,Tuesday,Epiphany of the Lord,"7336 W Britton Rd, Oklahoma City",(405) 722-2110,Mass,8:00 AM,,Mass,English,,exception: No daily Mass on Holy Days of Obligation
"Tue, Mar 03, 2026",2026-03-03,Tuesday,Holy Cross,"708 SW 15th St, Wagoner",539-209-9988,Mass,5:30 PM,,Mass,English,"Holy Cross Catholic Church, Wagoner, OK",
"Tue, Mar 03, 2026",2026-03-03,Tuesday,Holy Family,"1010 NW 82nd St, Lawton",(580) 536-6351,Mass,5:30 PM,,Mass,English,Church,
"Tue, Mar 03, 2026",2026-03-03,Tuesday,Holy Family Cathedral,"820 S Boulder Ave, Tulsa",918-582-6247,Mass,12:05 PM,,Mass,English,Holy Family Cathedral,
"Tue, Mar 03, 2026",2026-03-03,Tuesday,Holy Family Cathedral,"820 S Boulder Ave, Tulsa",918-582-6247,Mass,7:00 AM,,Mass,English,Holy Family Cathedral,
"Tue, Mar 03, 2026",2026-03-03,Tuesday,Holy Name,"408 Willow St, Coffeyville",(620) 251-0475,Mass,5:30 PM,,Mass,English,Holy Name Catholic Church,
"Tue, Mar 03, 2026",2026-03-03,Tuesday,Holy Name of Jesus,"210 S 7th St, Chickasha",(405) 224-6068,Mass,12:00 PM,,Mass,english,,
"Tue, Mar 03, 2026",2026-03-03,Tuesday,Holy Rosary,"912 Cherokee Ave, Hartshorne",(918) 308-3312,Mass,6:00 PM,,Mass,english,Holy Rosary Parish,Hartshorne
"Tue, Mar 03, 2026",2026-03-03,Tuesday,Holy Spirit,"1100 N Sara Rd, Mustang",(405) 376-9435,Mass,8:30 AM,,Mass,spanish,Holy Spirit Catholic Church,
"Tue, Mar 03, 2026",2026-03-03,Tuesday,Holy Trinity,"211 W Missouri Ave, Okarche",(405) 263-7930,Mass,8:00 AM,,Mass,English,,
"Tue, Mar 03, 2026",2026-03-03,Tuesday,Immaculate Conception,"22 N 13th St, Fort Smith",(479) 783-7963,Mass,6:00 PM,,Mass,spanish,,
"Tue, Mar 03, 2026",2026-03-03,Tuesday,Immaculate Conception,"1314 Lynn Ave, Pawhuska",(918) 287-1414,Mass,6:15 PM,,Mass,English,Pawhuska,
"Tue, Mar 03, 2026",2026-03-03,Tuesday,Immaculate Conception,"22 N 13th St, Fort Smith",(479) 783-7963,Mass,7:00 AM,,Mass,english,,
"Tue, Mar 03, 2026",2026-03-03,Tuesday,Immaculate Conception,"502 N Bagwell St, Poteau",(918) 647-3475,Mass,8:30 AM,,Mass,English,Immaculate Conception Church,
"Tue, Mar 03, 2026",2026-03-03,Tuesday,Immaculate Conception Catholic Church,"196 Bearden Springs Rd, Hugo",(580) 326-7300,Mass,5:30 PM,,Mass,English,Immaculate Conception Catholic Church,
"Tue, Mar 03, 2026",2026-03-03,Tuesday,Immaculate Heart of Mary,"239 N Freehome Ave, Calumet",(405) 263-7930,Mass,8:00 AM,,Mass,English,,
"Tue, Mar 03, 2026",2026-03-03,Tuesday,Korean Martyrs,"2600 SW 74th St, Oklahoma City",(405) 681-6464,Mass,7:30 AM,,Mass,english,Korean Martyrs Church,
"Tue, Mar 03, 2026",2026-03-03,Tuesday,Little Flower Church (Our Lady of Mount Carmel and St. Thérèse of Lisieux),"1125 S Walker Ave, Oklahoma City",(405) 235-2037,Mass,6:30 PM,,Mass,spanish,Church,
"Tue, Mar 03, 2026",2026-03-03,Tuesday,Most Precious Blood,"3029 S 57th W Ave, Tulsa",918-615-8404,Mass,7:15 AM,,Holy Mass,English,,Low Mass
"Tue, Mar 03, 2026",2026-03-03,Tuesday,Mother of Sorrows,"521 E Wallace Ave, Apache",(580) 492-5914,Mass,4:30 PM,,Mass,English,Mother of Sorrows,
"Tue, Mar 03, 2026",2026-03-03,Tuesday,National Shrine of the Infant Jesus of Prague,"304 Jim Thorpe Blvd, Prague",(405) 567-3080,Mass,9:00 AM,,Mass,bilingual,National Shrine of the Infant Jesus,
"Tue, Mar 03, 2026",2026-03-03,Tuesday,Nativity of Our Lord,"227 Sulphur St, Noel",(417) 475-3144,Mass,6:30 PM,,Mass,English,,
"Tue, Mar 03, 2026",2026-03-03,Tuesday,Our Lady of Clear Creek Abbey,"5804 W Monastery Rd, Hulbert",(918) 772-2454,Mass,6:50 AM,,Low Mass,English,,
"Tue, Mar 03, 2026",2026-03-03,Tuesday,Our Lady of Victory,"307 W Jefferson St, Purcell",(405) 527-3077,Mass,12:10 PM,,Mass,english,,
"Tue, Mar 03, 2026",2026-03-03,Tuesday,Our Lady of Victory,"3300 Clarksville St, Paris",(903) 784-1000,Mass,6:00 PM,,Mass,english,,
"Tue, Mar 03, 2026",2026-03-03,Tuesday,Our Lady of the Lake,"450 E Cimarron Dr, Mannford",918-245-5840,Mass,8:30 AM,,Mass,English,,
"Tue, Mar 03, 2026",2026-03-03,Tuesday,Our Mother of Mercy,"1325 Main St, Waynoka",(580) 327-0339,Mass,12:15 PM,,Mass,English,Chapel Parish Hall,check bulletin for occasional cancellations
"Tue, Mar 03, 2026",2026-03-03,Tuesday,Parish of Christ the King,"1520 S Rockford Ave, Tulsa",+1-918-584-4788,Mass,5:30 PM,,Mass,english,,
"Tue, Mar 03, 2026",2026-03-03,Tuesday,Parish of Christ the King,"1520 S Rockford Ave, Tulsa",+1-918-584-4788,Mass,8:15 AM,,Mass,english,,
"Tue, Mar 03, 2026",2026-03-03,Tuesday,Resurrection,"4804 S Fulton Ave, Tulsa",(918) 663-1907,Mass,7:00 PM,,Mass,spanish,,
"Tue, Mar 03, 2026",2026-03-03,Tuesday,ST MARK CATHOLIC CHURCH,"1507 S Vann St, Pryor",+1-918-825-4186,Mass,8:15 AM,,Mass,English,,
"Tue, Mar 03, 2026",2026-03-03,Tuesday,Sacred Heart,"627 12th St, Alva",(580) 327-0339,Mass,12:15 PM,,Mass,English,"Chapel Parish Hall, Alva",check bulletin for occasional cancellations
"Tue, Mar 03, 2026",2026-03-03,Tuesday,Sacred Heart,"409 N Byers Ave, Mangum",(580) 782-2657,Mass,6:00 PM,,Mass,english,Sacred Heart Church,note: Summer season; Winter season is 17:00
"Tue, Mar 03, 2026",2026-03-03,Tuesday,Sacred Heart,"2706 S Shartel Ave, Oklahoma City",(405) 634-2458,Mass,6:30 PM,,Mass,spanish,,
"Tue, Mar 03, 2026",2026-03-03,Tuesday,Sacred Heart,"2706 S Shartel Ave, Oklahoma City",(405) 634-2458,Mass,7:00 AM,,Mass,english,,
"Tue, Mar 03, 2026",2026-03-03,Tuesday,Sacred Heart,"320 S B Street, Arkansas City",(620) 442-0566,Mass,8:00 AM,,Mass,english,Sacred Heart Catholic Church,
"Tue, Mar 03, 2026",2026-03-03,Tuesday,Sacred Heart,"714 N Main St, Muenster",(940) 759-2500,Mass,8:00 AM,,Mass,english,,
"Tue, Mar 03, 2026",2026-03-03,Tuesday,Sacred Heart,"1777 E Grayson Ave, Sapulpa",(918) 224-0944,Mass,9:00 AM,,Mass,english,,
"Tue, Mar 03, 2026",2026-03-03,Tuesday,Sacred Heart,"109 W 5th St, Skiatook",(918) 396-1179,Mass,9:00 AM,,Mass,English,Sacred Heart Church,
"Tue, Mar 03, 2026",2026-03-03,Tuesday,Sacred Heart of Mary,"1301 Frank St, Barling",(479) 452-1795 or (479) 522-4245 (Fr. Tuyen),Mass,7:00 PM,,Mass,vietnamese,"Sacred Heart of Mary, Barling",
"Tue, Mar 03, 2026",2026-03-03,Tuesday,Saint Patrick Catholic Church,"202 E Ohio Ave, Walters",+1-580-255-0590,Mass,6:00 PM,,Mass,spanish,Duncan,
"Tue, Mar 03, 2026",2026-03-03,Tuesday,St Catherine of Alexandria Catholic Church,"4532 S 25th W Ave, Tulsa",(918) 446-8124,Mass,8:00 AM,,Mass,english,,
"Tue, Mar 03, 2026",2026-03-03,Tuesday,St Joseph Catholic Church,"321 N Virginia St, Muskogee",+1-918-687-1351,Mass,8:15 AM,,Mass,english,St. Joseph Catholic Church,
"Tue, Mar 03, 2026",2026-03-03,Tuesday,St Rose of Lima,"115 W Walnut St, Columbus",(620) 429-2639,Mass,5:30 PM,,Mass,English,St. Rose of Lima,
"Tue, Mar 03, 2026",2026-03-03,Tuesday,St Thomas More University Parish and Student Center,"100 Stinson St, Norman",(405) 321-0990,Mass,7:30 AM,,Mass,English,,
"Tue, Mar 03, 2026",2026-03-03,Tuesday,St. Andrew,"800 NW 5th St, Moore",(405) 799-3334,Mass,9:00 AM,,Mass,English,St. Andrew the Apostle Catholic Church,Check Bulletin for Possible Changes in Mass Times
"Tue, Mar 03, 2026",2026-03-03,Tuesday,St. Andrew Dung-Lac,"3115 SW 59th St, Oklahoma City",(405) 681-2665,Mass,5:30 PM,,Mass,vietnamese,3115 S. W. 59th St Oklahoma City,
"Tue, Mar 03, 2026",2026-03-03,Tuesday,St. Anne,"301 S 9th St, Broken Arrow",(918) 251-4000,Mass,8:00 AM,,Mass,English,,
"Tue, Mar 03, 2026",2026-03-03,Tuesday,St. Anthony,"515 S Morton Ave, Okmulgee",(918) 756-4385,Mass,5:15 PM,,Mass,English,St. Anthony,
"Tue, Mar 03, 2026",2026-03-03,Tuesday,St. Anthony of Padua,"1510 N Calhoun Ave , Liberal",(620) 624-4135,Mass,6:00 PM,,Mass,spanish,,
"Tue, Mar 03, 2026",2026-03-03,Tuesday,St. Anthony of Padua,"1510 N Calhoun Ave , Liberal",(620) 624-4135,Mass,7:15 AM,,Mass,english,,
"Tue, Mar 03, 2026",2026-03-03,Tuesday,St. Augustine,"1720 E Apache St, Tulsa",918-607-8681,Mass,9:00 AM,,Mass,English,St. Augustine,
"Tue, Mar 03, 2026",2026-03-03,Tuesday,St. Barbara Catholic Community  (Grieson Chapel),"3280 Crane Ave, Fort Sill",(580) 442-3302,Mass,11:45 AM,,Roman Catholic Mass,English,"Sheridan Hall, BLDG 652 Hamilton Road, 2nd Floor",
"Tue, Mar 03, 2026",2026-03-03,Tuesday,St. Benedict,"632 N Kickapoo Ave, Shawnee",(405) 275-0001,Mass,8:00 AM,,Mass,english,,
"Tue, Mar 03, 2026",2026-03-03,Tuesday,St. Benedict,"2200 W Ithica St, Broken Arrow",(918) 455-4451,Mass,8:30 AM,,Mass,English,,
"Tue, Mar 03, 2026",2026-03-03,Tuesday,St. Bernard of Clairvaux,"4001 E 101st St, Tulsa",(918) 299-9406,Mass,8:30 AM,,Mass,English,main church,
"Tue, Mar 03, 2026",2026-03-03,Tuesday,St. Boniface,"204 N 18th St, Fort Smith",(479) 783-6711,Mass,8:00 AM,,Mass,english,St. Boniface,
"Tue, Mar 03, 2026",2026-03-03,Tuesday,St. Brigid,"807 Crafton St, Tahlequah",(918) 456-8388,Mass,5:30 PM,,Mass,English,,
"Tue, Mar 03, 2026",2026-03-03,Tuesday,St. Catherine,"217 W Modoc Ave, Nowata",(918) 534-3420,Mass,12:00 PM,,Daily Mass,English,"217 W. Modoc Nowata, OK 74048",
"Tue, Mar 03, 2026",2026-03-03,Tuesday,St. Catherine of Siena,"501 2nd St, Talihina",(918) 465-7675,Mass,5:30 PM,,Mass,english,St. Catherine of Siena Parish,Talihina
"Tue, Mar 03, 2026",2026-03-03,Tuesday,St. Catherine of Siena,"205 W Bert St, Pauls Valley",(405) 238-3741,Mass,7:00 PM,,Mass,spanish,,
"Tue, Mar 03, 2026",2026-03-03,Tuesday,St. Cecilia,"1304 N Dorothy Ave, Claremore",(918) 341-2343,Mass,8:15 AM,,Mass,English,,Weekday Mass
"Tue, Mar 03, 2026",2026-03-03,Tuesday,St. Charles Borromeo,"5024 N Grove, Warr Acres",(405) 789-2595,Mass,7:00 AM,,Mass,english,,livestream
"Tue, Mar 03, 2026",2026-03-03,Tuesday,St. Clement,"15501 S Memorial Dr, Bixby",(918) 366-3166,Mass,12:00 PM,,Mass,English,St. Clement Catholic Church,
"Tue, Mar 03, 2026",2026-03-03,Tuesday,St. Damien of Molokai,"8455 NW 234th St, Edmond",(405) 330-9968,Mass,6:00 AM,,Low Mass,English,,note: cancelled if only one priest available
"Tue, Mar 03, 2026",2026-03-03,Tuesday,St. Damien of Molokai,"8455 NW 234th St, Edmond",(405) 330-9968,Mass,8:00 AM,,Low Mass,English,,
"Tue, Mar 03, 2026",2026-03-03,Tuesday,St. Eugene,"2400 W Hefner Rd, Oklahoma City",(405) 751-7115,Mass,5:30 PM,,Mass,english,Church,
"Tue, Mar 03, 2026",2026-03-03,Tuesday,St. Francis Hospital Chapel,"6161 S Yale Ave, Tulsa",,Mass,7:15 AM,,Mass,English,Saint Francis Hospital Chapel,livestream; note: Televised in patient rooms on Channel 15
"Tue, Mar 03, 2026",2026-03-03,Tuesday,St. Francis Xavier,"110 N Madison St, Enid",(580) 237-0812,Mass,12:05 PM,,Mass,English,St. Francis Xavier,
"Tue, Mar 03, 2026",2026-03-03,Tuesday,St. Francis Xavier,"711 N Country Club Rd, Stillwater",(405) 372-6886,Mass,12:10 PM,,Mass,english,,
"Tue, Mar 03, 2026",2026-03-03,Tuesday,St. Francis Xavier,"711 N Country Club Rd, Stillwater",(405) 372-6886,Mass,5:30 PM,,Mass,english,,
"Tue, Mar 03, 2026",2026-03-03,Tuesday,St. Francis of Assisi,"1901 NW 18th St, Oklahoma City",(405) 528-0485,Mass,7:30 AM,,Mass,english,,
"Tue, Mar 03, 2026",2026-03-03,Tuesday,St. Gregory the Great,"1924 W Willow Rd, Enid",(580) 233-4589,Mass,5:45 PM,,Mass,English,St. Gregory,
"Tue, Mar 03, 2026",2026-03-03,Tuesday,St. Gregory's Abbey,"1900 W MacArthur St, Shawnee",(405) 878-5491,Mass,5:30 AM,,Vigils,English,,
"Tue, Mar 03, 2026",2026-03-03,Tuesday,St. Henry,"8500 N Owasso Expressway, Owasso",(918) 272-3710,Mass,8:45 AM,,Mass,english,,
"Tue, Mar 03, 2026",2026-03-03,Tuesday,St. James,"5500 Douglas Ln, Bartlesville",(918) 335-0844,Mass,8:30 AM,,Mass,English,St. James Parish - Bartlesville,
"Tue, Mar 03, 2026",2026-03-03,Tuesday,St. James the Greater,"4201 S McKinley Ave, Oklahoma City",(405) 636-6800,Mass,8:30 AM,,Mass,English,,
"Tue, Mar 03, 2026",2026-03-03,Tuesday,St. John,"300 E Washington Ave, Mcalester",(918) 423-0810,Mass,5:30 PM,,Mass,English,Church,
"Tue, Mar 03, 2026",2026-03-03,Tuesday,St. John Before the Latin Gate Catholic Church,"715 S Johnstone Ave, Bartlesville",(918) 336-4353,Mass,7:00 AM,,Mass,English,St. John,
"Tue, Mar 03, 2026",2026-03-03,Tuesday,St. John Catholic Student Center (Oklahoma State University),"201 N Knoblock St, Stillwater",(405) 372-6408,Mass,5:30 PM,,Mass,English,,
"Tue, Mar 03, 2026",2026-03-03,Tuesday,St. John Nepomuk,"600 S Garth Brooks Blvd, Yukon",(405) 354-2743,Mass,7:30 AM,,Mass,English,,check the bulletin and website calendar for current Mass times
"Tue, Mar 03, 2026",2026-03-03,Tuesday,St. John the Baptist,"900 S Littler Ave, Edmond",(405) 340-0691,Mass,7:30 AM,,Mass,English,St. John the Baptist Catholic Church,
"Tue, Mar 03, 2026",2026-03-03,Tuesday,St. John the Evangelist,"8th St and Oak St, Pawnee",(918) 225-0644,Mass,9:30 AM,,MASS,English,,
"Tue, Mar 03, 2026",2026-03-03,Tuesday,St. Joseph,"1300 E Beverly St, Ada",(580) 332-4811,Mass,12:00 PM,,Mass,english,"St. Joseph, Ada",
"Tue, Mar 03, 2026",2026-03-03,Tuesday,St. Joseph,"211 N Porter, Norman",(405) 321-8080,Mass,12:05 PM,,Mass,english,Chapel,
"Tue, Mar 03, 2026",2026-03-03,Tuesday,St. Joseph,"103 Smith St, Webbers Falls","(918) 788-3771, (918) 458-7234",Mass,6:00 PM,7:00 PM,Mass,english,,
"Tue, Mar 03, 2026",2026-03-03,Tuesday,St. Joseph,"290 NW Church St, Krebs",(918) 423-6695,Mass,8:00 AM,,Mass,english,Chapel,
"Tue, Mar 03, 2026",2026-03-03,Tuesday,St. Joseph,"403 Kate Boevers St, Union City",(405) 483-5329,Mass,8:00 AM,,Mass,English,St. Joseph Catholic Church,
"Tue, Mar 03, 2026",2026-03-03,Tuesday,St. Joseph,"321 N Virginia St, Muskogee",(918) 687-1351,Mass,8:15 AM,,Mass,english,St. Joseph Catholic Church,
"Tue, Mar 03, 2026",2026-03-03,Tuesday,St. Joseph,"320 W N Ave, Tonkawa",(580) 628-2416,Mass,8:15 AM,,Mass,English,St. Joseph’s Catholic Church of Tonkawa,
"Tue, Mar 03, 2026",2026-03-03,Tuesday,St. Joseph Old Cathedral,"307 NW 4th St, Oklahoma City",(405) 235-4565,Mass,12:00 PM,,Mass,English,,
"Tue, Mar 03, 2026",2026-03-03,Tuesday,St. Joseph [Thánh Giuse],"14905 E 21st St S, Tulsa",(918) 438-1380,Mass,6:00 PM,,Mass,English,,
"Tue, Mar 03, 2026",2026-03-03,Tuesday,St. Joseph's Catholic Church,"211 N Porter Ave, Norman",+1-405-321-8080,Mass,12:05 PM,,Mass,english,Chapel,
"Tue, Mar 03, 2026",2026-03-03,Tuesday,St. Mark,"1507 S Vann St, Pryor",(918) 825-4186,Mass,8:15 AM,,Mass,English,St. Mark Catholic Church,
"Tue, Mar 03, 2026",2026-03-03,Tuesday,St. Mark the Evangelist,"3939 W Tecumseh Rd, Norman",(405) 366-7676,Mass,7:00 AM,,Mass,English,,
"Tue, Mar 03, 2026",2026-03-03,Tuesday,St. Mary,"1218 Knox Ave, Clinton",(580) 323-0345,Mass,12:00 PM,,Mass,english,"St. Mary's Clinton, Ok",
"Tue, Mar 03, 2026",2026-03-03,Tuesday,St. Mary,"707 E Ponca Ave, Ponca City",(580) 765-7794,Mass,12:10 PM,,Mass,english,Chapel,
"Tue, Mar 03, 2026",2026-03-03,Tuesday,St. Mary,"1230 E 7th St, Joplin",14176233333,Mass,5:15 PM,,Mass,English,St. Mary’s Catholic Church,
"Tue, Mar 03, 2026",2026-03-03,Tuesday,St. Mary,"1347 E 49th Pl, Tulsa",(918) 749-1423,Mass,6:30 AM,,Mass,English,Church of Saint Mary,
"Tue, Mar 03, 2026",2026-03-03,Tuesday,St. Mary,"825 N Weaver St, Gainesville",(940) 665-5395,Mass,8:00 AM,,Mass,english,,
"Tue, Mar 03, 2026",2026-03-03,Tuesday,St. Mary,"1347 E 49th Pl, Tulsa",(918) 749-1423,Mass,9:00 AM,,Mass,English,Church of Saint Mary,
"Tue, Mar 03, 2026",2026-03-03,Tuesday,St. Mary ,"3035 S Central City Rd, Joplin",(417) 623-3333,Mass,5:15 PM,,Mass,English,,
"Tue, Mar 03, 2026",2026-03-03,Tuesday,St. Mary's,"321 S Cimarron Ave, Drumright",(918) 225-0644,Mass,9:30 AM,,Mass,english,St. Mary Parish,Drumright
"Tue, Mar 03, 2026",2026-03-03,Tuesday,St. Michael,"1004 W Gentry St, Henryetta",(918) 652-3445,Mass,9:00 AM,,Mass,english,St. Michael,
"Tue, Mar 03, 2026",2026-03-03,Tuesday,St. Monica,"2001 N Western Ave, Edmond",(405) 359-2700,Mass,5:30 PM,,Mass,English,Chapel,
"Tue, Mar 03, 2026",2026-03-03,Tuesday,St. Patrick,"1101 W Petree Rd, Anadarko",(405) 247-5255,Mass,5:30 PM,,Mass,English,St. Patrick,
"Tue, Mar 03, 2026",2026-03-03,Tuesday,St. Patrick,"2121 N Portland Ave, Oklahoma City",(405) 946-4441,Mass,6:00 PM,,Mass,spanish,,
"Tue, Mar 03, 2026",2026-03-03,Tuesday,St. Patrick,"2121 N Portland Ave, Oklahoma City",(405) 946-4441,Mass,8:15 AM,,Mass,spanish,,
"Tue, Mar 03, 2026",2026-03-03,Tuesday,St. Patrick,"204 E 4th St, Sand Springs",(918) 245-5840,Mass,8:30 AM,,Mass,english,St. Patrick,
"Tue, Mar 03, 2026",2026-03-03,Tuesday,St. Paul the Apostle,"3901 S Sunnylane Rd, Del City",(405) 677-4873,Mass,9:00 AM,,Mass,English,,
"Tue, Mar 03, 2026",2026-03-03,Tuesday,St. Peter,"E 2 and Quapaw, Lindsay",(405) 527-3077,Mass,12:00 PM,,Mass,english,,
"Tue, Mar 03, 2026",2026-03-03,Tuesday,St. Peter,"2020 Oklahoma Ave, Woodward",(580) 256-5305,Mass,6:30 PM,,Mass,spanish,St. Peter in Woodward,
"Tue, Mar 03, 2026",2026-03-03,Tuesday,St. Peter,"505 W Mitchell Rd, Booker",(806) 435-3802,Mass,7:00 PM,,Mass,spanish,St. Peter Mission,
"Tue, Mar 03, 2026",2026-03-03,Tuesday,St. Peter the Apostle,"812 Pearl Ave, Joplin",(417) 623-8643,Mass,6:00 PM,,Mass,English,,
"Tue, Mar 03, 2026",2026-03-03,Tuesday,St. Philip Neri,"1107 Felix Pl, Midwest City",(405) 737-4476,Mass,5:30 PM,,Mass,English,,check the calendar for this week's masses
"Tue, Mar 03, 2026",2026-03-03,Tuesday,St. Philip Neri Newman Center,"440 S Florence Ave, Tulsa",19185990204,Mass,5:15 PM,,Mass,English,,during the academic year
"Tue, Mar 03, 2026",2026-03-03,Tuesday,St. Philip Neri Newman Center,"440 S Florence Ave, Tulsa",(918) 599-0204,Mass,5:15 PM,,Mass,English,,during the academic year
"Tue, Mar 03, 2026",2026-03-03,Tuesday,St. Pius X,"1727 S 75th E Ave, Tulsa",(918) 622-4488,Mass,8:30 AM,,Mass,english,,
"Tue, Mar 03, 2026",2026-03-03,Tuesday,St. Rose of Lima,"900 N Clarence Nash Blvd, Watonga",(580) 623-7740,Mass,6:00 PM,,Mass,spanish,,
"Tue, Mar 03, 2026",2026-03-03,Tuesday,St. Teresa,"716 W Broadway St, Okemah",(918) 652-3445,Mass,5:30 PM,,Mass,english,St. Teresa,
"Tue, Mar 03, 2026",2026-03-03,Tuesday,St. Teresa of Avila,"1576 Tim Holt Dr, Harrah",(405) 454-2819,Mass,8:30 AM,,Mass,English,,St. Teresa of Avila Catholic Church
"Tue, Mar 03, 2026",2026-03-03,Tuesday,St. Thomas More,"2720 S 129th E Ave, Tulsa",(918) 437-0168,Mass,7:00 PM,,Mass,spanish,St. Thomas More Parish,
"Tue, Mar 03, 2026",2026-03-03,Tuesday,St. Thomas More,"2720 S 129th E Ave, Tulsa",(918) 437-0168,Mass,9:00 AM,,Mass,english,St. Thomas More Parish,
"Tue, Mar 03, 2026",2026-03-03,Tuesday,St. William,"802 W University Blvd, Durant",580-924-1989,Mass,5:30 PM,,Mass,English,"St. William, Durant",
"Tue, Mar 03, 2026",2026-03-03,Tuesday,Sts. Peter and Paul,"309 S Main St, Kingfisher",(405) 375-4616 ,Mass,6:00 PM,,Mass,spanish,,
"Tue, Mar 03, 2026",2026-03-03,Tuesday,Sts. Peter and Paul,"1419 N 67th E Ave, Tulsa",(918) 836-2596,Mass,6:00 PM,,Mass,spanish,,
"Tue, Mar 03, 2026",2026-03-03,Tuesday,Sts. Peter and Paul,"1419 N 67th E Ave, Tulsa",(918) 836-2596,Mass,8:00 AM,,Mass,english,,
"Tue, Mar 03, 2026",2026-03-03,Tuesday,Blessed Stanley Rother Shrine,"700 SE 89th St, Oklahoma City",(405) 421-9800,Confession,11:30 AM,12:00 PM,Confession,English,Blessed Stanley Rother Shrine,
"Tue, Mar 03, 2026",2026-03-03,Tuesday,Church of Saint Benedict,"2200 W Ithica St, Broken Arrow",+1-918-455-4451,Confession,6:00 PM,7:00 PM,Confessions,English,,
"Tue, Mar 03, 2026",2026-03-03,Tuesday,Corpus Christi,"1616 N Kelley Ave, Oklahoma City",(405) 236-4301,Confession,11:40 AM,12:05 PM,Confession,English,Corpus Christi Church,
"Tue, Mar 03, 2026",2026-03-03,Tuesday,Holy Family Cathedral,"820 S Boulder Ave, Tulsa",918-582-6247,Confession,11:35 AM,,Confessions,English,Holy Family Cathedral,
"Tue, Mar 03, 2026",2026-03-03,Tuesday,Holy Family Cathedral,"820 S Boulder Ave, Tulsa",918-582-6247,Confession,6:30 AM,,Confessions,English,Holy Family Cathedral,
"Tue, Mar 03, 2026",2026-03-03,Tuesday,Holy Name,"408 Willow St, Coffeyville",(620) 251-0475,Confession,5:00 PM,5:20 PM,Confessions,English,Holy Name Catholic Church,
"Tue, Mar 03, 2026",2026-03-03,Tuesday,Immaculate Conception,"22 N 13th St, Fort Smith",(479) 783-7963,Confession,5:00 PM,,Confessions,English,Church,note: through screen only
"Tue, Mar 03, 2026",2026-03-03,Tuesday,Immaculate Conception,"1314 Lynn Ave, Pawhuska",(918) 287-1414,Confession,5:30 PM,,Adoration/Confession,English,Pawhuska,adoration
"Tue, Mar 03, 2026",2026-03-03,Tuesday,National Shrine of the Infant Jesus of Prague,"304 Jim Thorpe Blvd, Prague",(405) 567-3080,Confession,4:00 AM,6:00 AM,Confessions,English,National Shrine of the Infant Jesus,after Mass
"Tue, Mar 03, 2026",2026-03-03,Tuesday,National Shrine of the Infant Jesus of Prague,"304 Jim Thorpe Blvd, Prague",(405) 567-3080,Confession,8:30 AM,3:00 PM,Confessions,English,National Shrine of the Infant Jesus,or by appointment
"Tue, Mar 03, 2026",2026-03-03,Tuesday,Our Lady of Victory,"307 W Jefferson St, Purcell",(405) 527-3077,Confession,11:30 AM,,Confession,English,,or After Mass
"Tue, Mar 03, 2026",2026-03-03,Tuesday,Our Lady of Victory,"3300 Clarksville St, Paris",(903) 784-1000,Confession,4:30 PM,5:30 PM,Confession,English,,
"Tue, Mar 03, 2026",2026-03-03,Tuesday,Parish of Christ the King,"1520 S Rockford Ave, Tulsa",+1-918-584-4788,Confession,5:00 PM,5:30 PM,Confession,English,"Mary, Queen of Peace Chapel Confessional",
"Tue, Mar 03, 2026",2026-03-03,Tuesday,Sacred Heart,"301 N Main St, Mooreland",(580) 256-5305,Confession,7:00 PM,7:30 PM,Confession,English,,
"Tue, Mar 03, 2026",2026-03-03,Tuesday,Sacred Heart,"320 S B Street, Arkansas City",(620) 442-0566,Confession,7:30 AM,8:00 AM,Confession,English,Sacred Heart Catholic Church,
"Tue, Mar 03, 2026",2026-03-03,Tuesday,Sacred Heart of Mary,"1301 Frank St, Barling",(479) 452-1795 or (479) 522-4245 (Fr. Tuyen),Confession,6:00 PM,6:20 PM,Confessions,vietnamese,"Sacred Heart of Mary, Barling",
"Tue, Mar 03, 2026",2026-03-03,Tuesday,St Catherine of Alexandria Catholic Church,"4532 S 25th W Ave, Tulsa",(918) 446-8124,Confession,TBD,,Confession,English,,before Mass; as requested
"Tue, Mar 03, 2026",2026-03-03,Tuesday,St Thomas More University Parish and Student Center,"100 Stinson St, Norman",(405) 321-0990,Confession,12:00 PM,1:00 PM,Reconciliation,English,Church Office,
"Tue, Mar 03, 2026",2026-03-03,Tuesday,St. Andrew Dung-Lac,"3115 SW 59th St, Oklahoma City",(405) 681-2665,Confession,5:00 PM,,Confessions,English,3115 S. W. 59th St Oklahoma City,30 phút trước thánh lễ
"Tue, Mar 03, 2026",2026-03-03,Tuesday,St. Ann,"450 S Jefferson St, Welch",(918)788-3771,Confession,6:30 PM,7:00 PM,Confession,English,St. Ann Parish,Welch
"Tue, Mar 03, 2026",2026-03-03,Tuesday,St. Benedict,"2200 W Ithica St, Broken Arrow",(918) 455-4451,Confession,6:00 PM,7:00 PM,Reconciliation,English,,
"Tue, Mar 03, 2026",2026-03-03,Tuesday,St. Francis Xavier,"711 N Country Club Rd, Stillwater",(405) 372-6886,Confession,11:30 AM,12:00 PM,Confession,english,,
"Tue, Mar 03, 2026",2026-03-03,Tuesday,St. Francis of Assisi,"1901 NW 18th St, Oklahoma City",(405) 528-0485,Confession,7:00 AM,7:20 AM,Confession,English,,Before Daily Mass in the presiding priest’s office.
"Tue, Mar 03, 2026",2026-03-03,Tuesday,St. Gregory the Great,"1924 W Willow Rd, Enid",(580) 233-4589,Confession,4:45 PM,,Reconciliation,English,St. Gregory,
"Tue, Mar 03, 2026",2026-03-03,Tuesday,St. John Catholic Student Center (Oklahoma State University),"201 N Knoblock St, Stillwater",(405) 372-6408,Confession,4:30 PM,5:20 PM,Confession,English,,
"Tue, Mar 03, 2026",2026-03-03,Tuesday,St. Joseph,"211 N Porter, Norman",(405) 321-8080,Confession,11:00 AM,,Confession,English,Chapel Confessional,
"Tue, Mar 03, 2026",2026-03-03,Tuesday,St. Joseph,"1300 E Beverly St, Ada",(580) 332-4811,Confession,12:30 PM,,Confessions,English,"St. Joseph, Ada",note: after 12:00 Mass
"Tue, Mar 03, 2026",2026-03-03,Tuesday,St. Joseph Old Cathedral,"307 NW 4th St, Oklahoma City",(405) 235-4565,Confession,10:45 AM,11:45 AM,Reconciliation,English,,
"Tue, Mar 03, 2026",2026-03-03,Tuesday,St. Joseph's Catholic Church,"211 N Porter Ave, Norman",+1-405-321-8080,Confession,11:00 AM,,Confession,English,Chapel Confessional,
"Tue, Mar 03, 2026",2026-03-03,Tuesday,St. Monica,"2001 N Western Ave, Edmond",(405) 359-2700,Confession,4:15 PM,,Confession,English,Confessional,
"Tue, Mar 03, 2026",2026-03-03,Tuesday,St. Peter,"2020 Oklahoma Ave, Woodward",(580) 256-5305,Confession,7:00 PM,7:30 PM,Confession,English,,
"Tue, Mar 03, 2026",2026-03-03,Tuesday,St. Peter the Apostle,"812 Pearl Ave, Joplin",(417) 623-8643,Confession,5:30 PM,6:00 PM,Confessions,English,,
"Tue, Mar 03, 2026",2026-03-03,Tuesday,Assumption of the Blessed Virgin Mary,"711 W Hickory Ave, Duncan",(580) 255-0590,Adoration,TBD,,Adoration,English,Duncan/Marlow,30 minutes before Mass; exposition
"Tue, Mar 03, 2026",2026-03-03,Tuesday,Blessed Stanley Rother Shrine,"700 SE 89th St, Oklahoma City",(405) 421-9800,Adoration,1:00 PM,2:00 PM,Adoration,English,Blessed Stanley Rother Shrine,exposition
"Tue, Mar 03, 2026",2026-03-03,Tuesday,Holy Cross,"1010 S Fifth Ave, Madill",(580) 795-3721,Adoration,8:00 PM,9:00 PM,Adoration,English,,exposition
"Tue, Mar 03, 2026",2026-03-03,Tuesday,Holy Name,"408 Willow St, Coffeyville",(620) 251-0475,Adoration,6:00 PM,7:00 PM,Adoration,English,Church,w/ Vespers; exposition; benediction
"Tue, Mar 03, 2026",2026-03-03,Tuesday,Our Lady of Victory,"307 W Jefferson St, Purcell",(405) 527-3077,Adoration,11:30 AM,,Adoration,English,,
"Tue, Mar 03, 2026",2026-03-03,Tuesday,Our Lady of the Lake,"450 E Cimarron Dr, Mannford",918-245-5840,Adoration,5:00 PM,,Adoration,English,,exposition
"Tue, Mar 03, 2026",2026-03-03,Tuesday,Parish of Christ the King,"1520 S Rockford Ave, Tulsa",+1-918-584-4788,Adoration,9:00 AM,9:00 PM,Adoration,English,"Mary, Queen of Peace Chapel",
"Tue, Mar 03, 2026",2026-03-03,Tuesday,Sacred Heart,"301 N Main St, Mooreland",(580) 256-5305,Adoration,7:00 PM,7:30 PM,Adoration,spanish,,
"Tue, Mar 03, 2026",2026-03-03,Tuesday,Sacred Heart,"1777 E Grayson Ave, Sapulpa",(918) 224-0944,Adoration,9:30 AM,10:30 AM,Exposition of the Blessed Sacrament,English,,
"Tue, Mar 03, 2026",2026-03-03,Tuesday,Saint Patrick Catholic Church,"202 E Ohio Ave, Walters",+1-580-255-0590,Adoration,TBD,,Adoration,English,,30 minutes before Mass
"Tue, Mar 03, 2026",2026-03-03,Tuesday,San Jose,"12th St and Lincoln St, Ryan",(580) 255-0590,Adoration,TBD,,Adoration,English,,30 minutes before Mass; exposition
"Tue, Mar 03, 2026",2026-03-03,Tuesday,St. Anne,"301 S 9th St, Broken Arrow",(918) 251-4000,Adoration,9:00 AM,9:00 PM,Adoration,English,Chapel,exposition
"Tue, Mar 03, 2026",2026-03-03,Tuesday,St. Bernard of Clairvaux,"4001 E 101st St, Tulsa",(918) 299-9406,Adoration,9:00 AM,8:00 PM,Adoration of the Blessed Sacrament,English,Good Shepherd Chapel,exposition; chapel
"Tue, Mar 03, 2026",2026-03-03,Tuesday,St. Brigid,"807 Crafton St, Tahlequah",(918) 456-8388,Adoration,6:00 PM,7:00 PM,Eucharistic Adoration with Prostrations,English,,
"Tue, Mar 03, 2026",2026-03-03,Tuesday,St. Catherine of Siena,"205 W Bert St, Pauls Valley",(405) 238-3741,Adoration,6:00 PM,7:00 PM,Adoration,English,,exposition
"Tue, Mar 03, 2026",2026-03-03,Tuesday,St. Eugene,"2400 W Hefner Rd, Oklahoma City",(405) 751-7115,Adoration,6:00 PM,,Adoration,English,,Wed 17:30; chapel; exposition
"Tue, Mar 03, 2026",2026-03-03,Tuesday,St. Gregory the Great,"1924 W Willow Rd, Enid",(580) 233-4589,Adoration,8:30 AM,3:30 PM,Adoration,English,Adoration Chapel,exposition
"Tue, Mar 03, 2026",2026-03-03,Tuesday,St. Joseph,"211 N Cherokee St, Hennessey",(405) 853-2158,Adoration,5:30 PM,6:30 PM,Adoration,English,"St. Joseph, Hennessey",adoration
"Tue, Mar 03, 2026",2026-03-03,Tuesday,St. Joseph ,"211 N Cherokee St, Hennessey",(405) 853-2158,Adoration,5:30 PM,6:30 PM,Adoration,English,St. Joseph,
"Tue, Mar 03, 2026",2026-03-03,Tuesday,St. Joseph Old Cathedral,"307 NW 4th St, Oklahoma City",(405) 235-4565,Adoration,TBD,,Adoration,English,,during Reconciliation; exposition
"Tue, Mar 03, 2026",2026-03-03,Tuesday,St. Jude Thaddeus,"600 Davey Dr, Burkburnett",(940) 569-1222,Adoration,9:00 AM,3:00 PM,Exposition/Adoration,English,St. Jude Thaddeus,exposition
"Tue, Mar 03, 2026",2026-03-03,Tuesday,St. Mary,"1347 E 49th Pl, Tulsa",(918) 749-1423,Adoration,12:00 AM,11:59 PM,Adoration,English,Chapel,
"Tue, Mar 03, 2026",2026-03-03,Tuesday,St. Patrick,"2121 N Portland Ave, Oklahoma City",(405) 946-4441,Adoration,9:00 AM,7:55 PM,Adoration,English,,tags: exposition
"Tue, Mar 03, 2026",2026-03-03,Tuesday,St. Peter,"2020 Oklahoma Ave, Woodward",(580) 256-5305,Adoration,7:00 PM,7:30 PM,Adoration,English,,
"Tue, Mar 03, 2026",2026-03-03,Tuesday,Our Lady of the Lake,"450 E Cimarron Dr, Mannford",918-245-5840,Devotions,8:00 AM,,Rosary,English,,chapel
"Tue, Mar 03, 2026",2026-03-03,Tuesday,Sacred Heart,"2515 N Main St, Miami",(918) 542-5281,Devotions,6:30 AM,,Morning Prayer,english,Sacred Heart Catholic Church,
"Tue, Mar 03, 2026",2026-03-03,Tuesday,Sacred Heart,"109 W 5th St, Skiatook",(918) 396-1179,Devotions,8:30 AM,,Rosary,English,Sacred Heart Church,
"Tue, Mar 03, 2026",2026-03-03,Tuesday,St. Gregory's Abbey,"1900 W MacArthur St, Shawnee",(405) 878-5491,Devotions,5:00 PM,,Vespers,English,,
"Tue, Mar 03, 2026",2026-03-03,Tuesday,St. Gregory's Abbey,"1900 W MacArthur St, Shawnee",(405) 878-5491,Devotions,7:15 AM,,Lauds,English,,
"Tue, Mar 03, 2026",2026-03-03,Tuesday,St. Gregory's Abbey,"1900 W MacArthur St, Shawnee",(405) 878-5491,Devotions,7:15 PM,,Compline,English,,
"Tue, Mar 03, 2026",2026-03-03,Tuesday,St. James,"5500 Douglas Ln, Bartlesville",(918) 335-0844,Devotions,9:00 AM,10:00 AM,Holy Hour,English,St. James Parish - Bartlesville,
"Tue, Mar 03, 2026",2026-03-03,Tuesday,St. Augustine,"1720 E Apache St, Tulsa",918-607-8681,Education,3:30 PM,6:00 PM,CCD,English,CCD Bldg,
"Tue, Mar 03, 2026",2026-03-03,Tuesday,Holy Cross,"708 SW 15th St, Wagoner",539-209-9988,Other,6:00 PM,,Catholicism 101,English,"Holy Cross Catholic Church, Wagoner, OK",
"Tue, Mar 03, 2026",2026-03-03,Tuesday,Holy Cross,"1010 S Fifth Ave, Madill",(580) 795-3721,Other,7:00 PM,,Catechumenate,English,,
"Tue, Mar 03, 2026",2026-03-03,Tuesday,St. Barbara Catholic Community  (Grieson Chapel),"3280 Crane Ave, Fort Sill",(580) 442-3302,Other,11:45 AM,,Service,English,Grierson Hill Chapel,GHC
"Tue, Mar 03, 2026",2026-03-03,Tuesday,St. Gregory's Abbey,"1900 W MacArthur St, Shawnee",(405) 878-5491,Other,12:00 PM,,Sext,English,,
"Tue, Mar 03, 2026",2026-03-03,Tuesday,St. Gregory's Abbey,"1900 W MacArthur St, Shawnee",(405) 878-5491,Other,12:50 PM,,None,English,,
"Tue, Mar 03, 2026",2026-03-03,Tuesday,St. Gregory's Abbey,"1900 W MacArthur St, Shawnee",(405) 878-5491,Other,8:15 AM,,Eucharist,English,,
"Tue, Mar 03, 2026",2026-03-03,Tuesday,St. Joseph [Thánh Giuse],"14905 E 21st St S, Tulsa",(918) 438-1380,Other,5:30 PM,,Prayer,English,,
"Tue, Mar 03, 2026",2026-03-03,Tuesday,St. Patrick,"314 N Rusk Ave, Denison",(903) 463-3275,Other,7:00 PM,9:00 PM,Order of Christian Initiation for Adults Class,English,,OCIA
"Tue, Mar 03, 2026",2026-03-03,Tuesday,St. Peter,"2020 Oklahoma Ave, Woodward",(580) 256-5305,Other,6:00 PM,,Rosario,spanish,St. Peter in Woodward,
"Tue, Mar 03, 2026",2026-03-03,Tuesday,St. Pius X,"1727 S 75th E Ave, Tulsa",(918) 622-4488,Other,TBD,,Chris Stefanick - REBOOT,English,St. Pius X Catholic Church,Chris Stefanick - REBOOT; check bulletin
"Tue, Mar 03, 2026",2026-03-03,Tuesday,St. Scholastica Monastery,"1315 S Albert Pike Ave, Fort Smith",(479) 783-4147,Other,11:50 AM,,Noon Praise,English,St. Scholastica Monastery,
"Tue, Mar 03, 2026",2026-03-03,Tuesday,St. Scholastica Monastery,"1315 S Albert Pike Ave, Fort Smith",(479) 783-4147,Other,5:00 PM,,Evening Praise,English,St. Scholastica Monastery,
"Tue, Mar 03, 2026",2026-03-03,Tuesday,St. Scholastica Monastery,"1315 S Albert Pike Ave, Fort Smith",(479) 783-4147,Other,7:00 AM,,Morning Praise,English,St. Scholastica Monastery,
"Tue, Mar 03, 2026",2026-03-03,Tuesday,St. Scholastica Monastery,"1315 S Albert Pike Ave, Fort Smith",(479) 783-4147,Other,7:30 AM,,Eucharist,English,St. Scholastica Monastery,
"Tue, Mar 03, 2026",2026-03-03,Tuesday,St. Therese of the Child Jesus (Maronite),"8315 S 107th E Ave, Tulsa",(918) 872-7400,Other,5:30 PM,,,English,,
"Tue, Mar 03, 2026",2026-03-03,Tuesday,St. Patrick,"314 N Rusk Ave, Denison",(903) 463-3275,Sacraments,12:00 PM,,Communion Service,English,,
"Wed, Mar 04, 2026",2026-03-04,Wednesday,Blessed Sacrament,"520 N St, Thomas",15807723209,Mass,12:10 PM,,Mass,english,St. Eugene,
"Wed, Mar 04, 2026",2026-03-04,Wednesday,Blessed Sacrament,"12 SW 7th St, Lawton",(580) 355-2054,Mass,7:30 AM,,Daily Mass,English,,
"Wed, Mar 04, 2026",2026-03-04,Wednesday,Blessed Stanley Rother Shrine,"700 SE 89th St, Oklahoma City",(405) 421-9800,Mass,12:15 PM,,Mass,english,Blessed Stanley Rother Shrine,
"Wed, Mar 04, 2026",2026-03-04,Wednesday,Cathedral of Our Lady of Perpetual Help,"3214 N Lake Ave, Oklahoma City",(405) 525-2349,Mass,7:00 AM,,Mass,English,,
"Wed, Mar 04, 2026",2026-03-04,Wednesday,Chapel of St. Joseph,"7th and Seminole, Wewoka",(405) 382-3602,Mass,12:10 PM,,Mass,english,,
"Wed, Mar 04, 2026",2026-03-04,Wednesday,Christ the King,"2112 S Greenwood Ave, Fort Smith",(479) 783-7745,Mass,5:15 PM,,Mass,English,Chapel,
"Wed, Mar 04, 2026",2026-03-04,Wednesday,Christ the King,"8005 Dorset Dr, Oklahoma City",(405) 842-1481,Mass,7:00 AM,,Mass,english,,
"Wed, Mar 04, 2026",2026-03-04,Wednesday,Church of Saint Benedict,"2200 W Ithica St, Broken Arrow",+1-918-455-4451,Mass,8:30 AM,,Mass,English,,
"Wed, Mar 04, 2026",2026-03-04,Wednesday,Epiphany of the Lord,"7336 W Britton Rd, Oklahoma City",(405) 722-2110,Mass,8:00 AM,,Mass,English,,exception: No daily Mass on Holy Days of Obligation
"Wed, Mar 04, 2026",2026-03-04,Wednesday,Holy Cross,"1010 S Fifth Ave, Madill",(580) 795-3721,Mass,12:00 PM,,Mass,english,,
"Wed, Mar 04, 2026",2026-03-04,Wednesday,Holy Cross,"708 SW 15th St, Wagoner",539-209-9988,Mass,5:30 PM,,Mass,English,"Holy Cross Catholic Church, Wagoner, OK",
"Wed, Mar 04, 2026",2026-03-04,Wednesday,Holy Cross,"1010 S Fifth Ave, Madill",(580) 795-3721,Mass,7:00 PM,,Mass,spanish,,
"Wed, Mar 04, 2026",2026-03-04,Wednesday,Holy Family,"1010 NW 82nd St, Lawton",(580) 536-6351,Mass,12:00 PM,,Mass,English,Church,
"Wed, Mar 04, 2026",2026-03-04,Wednesday,Holy Family Cathedral,"820 S Boulder Ave, Tulsa",918-582-6247,Mass,12:05 PM,,Mass,English,Holy Family Cathedral,
"Wed, Mar 04, 2026",2026-03-04,Wednesday,Holy Family Cathedral,"820 S Boulder Ave, Tulsa",918-582-6247,Mass,7:00 AM,,Mass,English,Holy Family Cathedral,
"Wed, Mar 04, 2026",2026-03-04,Wednesday,Holy Ghost,"120 W Sequoyah Ave, Vinita",(918) 256-2281,Mass,6:00 PM,,Mass,English,Holy Ghost Catholic Church,note: Check the calendar page under Calendar & Parish News for variations from our regular schedule.
"Wed, Mar 04, 2026",2026-03-04,Wednesday,Holy Name,"408 Willow St, Coffeyville",(620) 251-0475,Mass,8:15 AM,,Mass,English,Holy Name Catholic Church,
"Wed, Mar 04, 2026",2026-03-04,Wednesday,Holy Name of Jesus,"210 S 7th St, Chickasha",(405) 224-6068,Mass,12:00 PM,,Mass,english,,
"Wed, Mar 04, 2026",2026-03-04,Wednesday,Holy Rosary,"912 Cherokee Ave, Hartshorne",(918) 308-3312,Mass,9:00 AM,,Mass,english,Holy Rosary Parish,Hartshorne
"Wed, Mar 04, 2026",2026-03-04,Wednesday,Holy Spirit,"1100 N Sara Rd, Mustang",(405) 376-9435,Mass,6:00 PM,,Mass,english,Holy Spirit Catholic Church,
"Wed, Mar 04, 2026",2026-03-04,Wednesday,Holy Trinity,"211 W Missouri Ave, Okarche",(405) 263-7930,Mass,8:00 AM,,Mass,English,,no School
"Wed, Mar 04, 2026",2026-03-04,Wednesday,Holy Trinity,"211 W Missouri Ave, Okarche",(405) 263-7930,Mass,8:30 AM,,Mass,English,,during School
"Wed, Mar 04, 2026",2026-03-04,Wednesday,Immaculate Conception,"1314 Lynn Ave, Pawhuska",(918) 287-1414,Mass,6:15 PM,,Mass,English,Pawhuska,
"Wed, Mar 04, 2026",2026-03-04,Wednesday,Immaculate Conception,"22 N 13th St, Fort Smith",(479) 783-7963,Mass,7:00 AM,,Mass,english,,
"Wed, Mar 04, 2026",2026-03-04,Wednesday,Immaculate Conception,"502 N Bagwell St, Poteau",(918) 647-3475,Mass,8:30 AM,,Mass,English,Immaculate Conception Church,
"Wed, Mar 04, 2026",2026-03-04,Wednesday,Immaculate Conception Church,"4th & Comanche St, Marlow",(580) 255-0590,Mass,6:00 PM,,Mass,english,Marlow,
"Wed, Mar 04, 2026",2026-03-04,Wednesday,Immaculate Heart of Mary,"239 N Freehome Ave, Calumet",(405) 263-7930,Mass,8:00 AM,,Mass,English,,no School
"Wed, Mar 04, 2026",2026-03-04,Wednesday,Immaculate Heart of Mary,"239 N Freehome Ave, Calumet",(405) 263-7930,Mass,8:30 AM,,Mass,English,,during School
"Wed, Mar 04, 2026",2026-03-04,Wednesday,Korean Martyrs,"2600 SW 74th St, Oklahoma City",(405) 681-6464,Mass,7:30 AM,,Mass,english,Korean Martyrs Church,
"Wed, Mar 04, 2026",2026-03-04,Wednesday,Little Flower Church (Our Lady of Mount Carmel and St. Thérèse of Lisieux),"1125 S Walker Ave, Oklahoma City",(405) 235-2037,Mass,6:30 PM,,Mass,spanish,Church,
"Wed, Mar 04, 2026",2026-03-04,Wednesday,Most Precious Blood,"3029 S 57th W Ave, Tulsa",918-615-8404,Mass,6:00 PM,,Holy Mass,English,,
"Wed, Mar 04, 2026",2026-03-04,Wednesday,Mother of God,"1105 4th St, Oswego",(620) 795-2262,Mass,8:00 AM,,Mass,English,Oswego - Mary Mother of God,
"Wed, Mar 04, 2026",2026-03-04,Wednesday,National Shrine of the Infant Jesus of Prague,"304 Jim Thorpe Blvd, Prague",(405) 567-3080,Mass,9:00 AM,,Mass,bilingual,National Shrine of the Infant Jesus,
"Wed, Mar 04, 2026",2026-03-04,Wednesday,Our Lady of Clear Creek Abbey,"5804 W Monastery Rd, Hulbert",(918) 772-2454,Mass,6:50 AM,,Low Mass,English,,
"Wed, Mar 04, 2026",2026-03-04,Wednesday,Our Lady of Guadalupe,"400 W 9th St, Dewey",(918) 534-3420,Mass,12:00 PM,,Mass,English,"400 W. 9th St. Dewey, OK 74029",
"Wed, Mar 04, 2026",2026-03-04,Wednesday,Our Lady of Guadalupe,"523 E Chestnut St, Hollis",(580) 688-2233,Mass,6:00 PM,7:00 PM,Mass,english,Our Lady of Guadalupe Church,
"Wed, Mar 04, 2026",2026-03-04,Wednesday,Our Lady of Victory,"3300 Clarksville St, Paris",(903) 784-1000,Mass,12:10 PM,,Mass,english,,
"Wed, Mar 04, 2026",2026-03-04,Wednesday,Our Lady of Victory,"307 W Jefferson St, Purcell",(405) 527-3077,Mass,6:30 PM,,Mass,spanish,,
"Wed, Mar 04, 2026",2026-03-04,Wednesday,Our Lady of the Lake,"450 E Cimarron Dr, Mannford",918-245-5840,Mass,6:00 PM,,Mass,English,,
"Wed, Mar 04, 2026",2026-03-04,Wednesday,Our Mother of Mercy,"1325 Main St, Waynoka",(580) 327-0339,Mass,12:15 PM,,Mass,English,Chapel Parish Hall,check bulletin for occasional cancellations
"Wed, Mar 04, 2026",2026-03-04,Wednesday,Resurrection,"4804 S Fulton Ave, Tulsa",(918) 663-1907,Mass,7:00 PM,,Mass,spanish,,
"Wed, Mar 04, 2026",2026-03-04,Wednesday,ST MARK CATHOLIC CHURCH,"1507 S Vann St, Pryor",+1-918-825-4186,Mass,8:15 AM,,Mass,English,,
"Wed, Mar 04, 2026",2026-03-04,Wednesday,Sacred Heart,"627 12th St, Alva",(580) 327-0339,Mass,12:15 PM,,Mass,English,"Chapel Parish Hall, Alva",check bulletin for occasional cancellations
"Wed, Mar 04, 2026",2026-03-04,Wednesday,Sacred Heart,"333 S 8th St, Fairfax",(918) 642-5053,Mass,5:30 PM,,Mass,english,Sacred Heart Parish,Fairfax
"Wed, Mar 04, 2026",2026-03-04,Wednesday,Sacred Heart,"102 Center Point Rd, Wilburton",(918) 465-7675,Mass,5:30 PM,,Mass,english,Sacred Heart Parish,Wilburton
"Wed, Mar 04, 2026",2026-03-04,Wednesday,Sacred Heart,"714 N Main St, Muenster",(940) 759-2500,Mass,6:00 PM,,Mass,english,,
"Wed, Mar 04, 2026",2026-03-04,Wednesday,Sacred Heart,"2706 S Shartel Ave, Oklahoma City",(405) 634-2458,Mass,6:30 PM,,Mass,spanish,,
"Wed, Mar 04, 2026",2026-03-04,Wednesday,Sacred Heart,"2706 S Shartel Ave, Oklahoma City",(405) 634-2458,Mass,7:00 AM,,Mass,english,,
"Wed, Mar 04, 2026",2026-03-04,Wednesday,Sacred Heart,"320 S B Street, Arkansas City",(620) 442-0566,Mass,8:00 AM,,Mass,english,Sacred Heart Catholic Church,
"Wed, Mar 04, 2026",2026-03-04,Wednesday,Sacred Heart,"1777 E Grayson Ave, Sapulpa",(918) 224-0944,Mass,9:00 AM,,Mass,english,,
"Wed, Mar 04, 2026",2026-03-04,Wednesday,Sacred Heart,"109 W 5th St, Skiatook",(918) 396-1179,Mass,9:00 AM,,Mass,English,Sacred Heart Church,
"Wed, Mar 04, 2026",2026-03-04,Wednesday,Sacred Heart Catholic Church,"102 Center Point Rd, Wilburton",+1-918-465-3996,Mass,5:30 PM,,Mass,english,Sacred Heart Parish,Wilburton
"Wed, Mar 04, 2026",2026-03-04,Wednesday,Sacred Heart of Mary,"1301 Frank St, Barling",(479) 452-1795 or (479) 522-4245 (Fr. Tuyen),Mass,5:30 PM,,Mass,vietnamese,"Sacred Heart of Mary, Barling",
"Wed, Mar 04, 2026",2026-03-04,Wednesday,St Catherine of Alexandria Catholic Church,"4532 S 25th W Ave, Tulsa",(918) 446-8124,Mass,8:00 AM,,Mass,English,,during school
"Wed, Mar 04, 2026",2026-03-04,Wednesday,St Elizabeth Catholic Church,"1653 113th St NW, Grove",+1-918-786-9312,Mass,5:30 PM,,Mass,English,St. Elizabeth Catholic Church,
"Wed, Mar 04, 2026",2026-03-04,Wednesday,St Joseph Catholic Church,"321 N Virginia St, Muskogee",+1-918-687-1351,Mass,7:00 PM,,Mass,spanish,St. Joseph Catholic Church,
"Wed, Mar 04, 2026",2026-03-04,Wednesday,St Joseph Catholic Church,"321 N Virginia St, Muskogee",+1-918-687-1351,Mass,8:15 AM,,Mass,english,St. Joseph Catholic Church,
"Wed, Mar 04, 2026",2026-03-04,Wednesday,St Thomas More University Parish and Student Center,"100 Stinson St, Norman",(405) 321-0990,Mass,8:00 PM,,Emmaus College Late Night Candle Lit Mass,English,,during the school year
"Wed, Mar 04, 2026",2026-03-04,Wednesday,St. Agnes,"501 E Main St, Antlers",580.298.5204 (Parish Center),Mass,9:00 AM,,Mass,English,Saint Agnes Catholic Church,
"Wed, Mar 04, 2026",2026-03-04,Wednesday,St. Andrew,"800 NW 5th St, Moore",(405) 799-3334,Mass,5:30 PM,,Mass,English,St. Andrew the Apostle Catholic Church,Check Bulletin for Possible Changes in Mass Times
"Wed, Mar 04, 2026",2026-03-04,Wednesday,St. Andrew Dung-Lac,"3115 SW 59th St, Oklahoma City",(405) 681-2665,Mass,5:30 PM,,Mass,vietnamese,3115 S. W. 59th St Oklahoma City,
"Wed, Mar 04, 2026",2026-03-04,Wednesday,St. Ann,"8492 State Hwy 17, Elgin",(580) 492-5914,Mass,9:15 AM,,Mass,English,St. Ann,
"Wed, Mar 04, 2026",2026-03-04,Wednesday,St. Anne,"301 S 9th St, Broken Arrow",(918) 251-4000,Mass,5:30 AM,,Mass,English,,
"Wed, Mar 04, 2026",2026-03-04,Wednesday,St. Anthony,"515 S Morton Ave, Okmulgee",(918) 756-4385,Mass,7:30 AM,,Mass,English,St. Anthony,
"Wed, Mar 04, 2026",2026-03-04,Wednesday,St. Anthony of Padua,"1510 N Calhoun Ave , Liberal",(620) 624-4135,Mass,6:00 PM,,Mass,spanish,,
"Wed, Mar 04, 2026",2026-03-04,Wednesday,St. Anthony of Padua,"1510 N Calhoun Ave , Liberal",(620) 624-4135,Mass,7:15 AM,,Mass,english,,
"Wed, Mar 04, 2026",2026-03-04,Wednesday,St. Barbara Catholic Community  (Grieson Chapel),"3280 Crane Ave, Fort Sill",(580) 442-3302,Mass,11:45 AM,,Roman Catholic Mass,English,"Sheridan Hall, BLDG 652 Hamilton Road, 2nd Floor",
"Wed, Mar 04, 2026",2026-03-04,Wednesday,St. Benedict,"632 N Kickapoo Ave, Shawnee",(405) 275-0001,Mass,12:10 PM,,Mass,english,,
"Wed, Mar 04, 2026",2026-03-04,Wednesday,St. Benedict,"2200 W Ithica St, Broken Arrow",(918) 455-4451,Mass,8:30 AM,,Mass,English,,
"Wed, Mar 04, 2026",2026-03-04,Wednesday,St. Bernard of Clairvaux,"4001 E 101st St, Tulsa",(918) 299-9406,Mass,6:00 PM,,Mass,English,main church,
"Wed, Mar 04, 2026",2026-03-04,Wednesday,St. Bernard of Clairvaux,"4001 E 101st St, Tulsa",(918) 299-9406,Mass,8:30 AM,,Mass,English,main church,
"Wed, Mar 04, 2026",2026-03-04,Wednesday,St. Boniface,"204 N 18th St, Fort Smith",(479) 783-6711,Mass,6:00 PM,,Mass,spanish,St. Boniface,
"Wed, Mar 04, 2026",2026-03-04,Wednesday,St. Brigid,"807 Crafton St, Tahlequah",(918) 456-8388,Mass,5:30 PM,,Mass,english,,
"Wed, Mar 04, 2026",2026-03-04,Wednesday,St. Brigid,"807 Crafton St, Tahlequah",(918) 456-8388,Mass,7:00 PM,,Mass,spanish,,
"Wed, Mar 04, 2026",2026-03-04,Wednesday,St. Catherine of Siena,"205 W Bert St, Pauls Valley",(405) 238-3741,Mass,7:00 PM,,Mass,spanish,,
"Wed, Mar 04, 2026",2026-03-04,Wednesday,St. Cecilia,"1304 N Dorothy Ave, Claremore",(918) 341-2343,Mass,8:15 AM,,Mass,English,,Weekday Mass
"Wed, Mar 04, 2026",2026-03-04,Wednesday,St. Charles Borromeo,"5024 N Grove, Warr Acres",(405) 789-2595,Mass,6:30 PM,,Mass,spanish,,
"Wed, Mar 04, 2026",2026-03-04,Wednesday,St. Clement,"15501 S Memorial Dr, Bixby",(918) 366-3166,Mass,8:30 AM,,Mass,English,St. Clement Catholic Church,
"Wed, Mar 04, 2026",2026-03-04,Wednesday,St. Damien of Molokai,"8455 NW 234th St, Edmond",(405) 330-9968,Mass,6:00 AM,,Low Mass,English,,note: cancelled if only one priest available
"Wed, Mar 04, 2026",2026-03-04,Wednesday,St. Damien of Molokai,"8455 NW 234th St, Edmond",(405) 330-9968,Mass,8:00 AM,,Low Mass,English,,
"Wed, Mar 04, 2026",2026-03-04,Wednesday,St. Elizabeth,"1653 113th St NW, Grove",(918) 786-9312,Mass,5:30 PM,,Mass,English,St. Elizabeth Catholic Church,
"Wed, Mar 04, 2026",2026-03-04,Wednesday,St. Eugene,"704 N Bryan St, Weatherford",(580) 772-3209,Mass,12:10 PM,,Mass,english,St. Eugene,
"Wed, Mar 04, 2026",2026-03-04,Wednesday,St. Eugene,"2400 W Hefner Rd, Oklahoma City",(405) 751-7115,Mass,5:30 PM,,Mass,english,Church,
"Wed, Mar 04, 2026",2026-03-04,Wednesday,St. Francis Hospital Chapel,"6161 S Yale Ave, Tulsa",,Mass,7:15 AM,,Mass,English,Saint Francis Hospital Chapel,livestream; note: Televised in patient rooms on Channel 15
"Wed, Mar 04, 2026",2026-03-04,Wednesday,St. Francis Xavier,"2434 E Admiral Blvd, Tulsa",(918) 592-6770,Mass,12:00 PM,12:30 PM,Mass,English,the Chancery,
"Wed, Mar 04, 2026",2026-03-04,Wednesday,St. Francis Xavier,"711 N Country Club Rd, Stillwater",(405) 372-6886,Mass,12:10 PM,,Mass,english,,
"Wed, Mar 04, 2026",2026-03-04,Wednesday,St. Francis Xavier,"2110 N Dogwood St, Sallisaw",(918) 775-6217,Mass,5:00 PM,,Mass,English,"St. Francis Xavier, Sallisaw",
"Wed, Mar 04, 2026",2026-03-04,Wednesday,St. Francis Xavier,"110 N Madison St, Enid",(580) 237-0812,Mass,6:00 PM,,Mass,English,St. Francis Xavier,
"Wed, Mar 04, 2026",2026-03-04,Wednesday,St. Francis Xavier,"711 N Country Club Rd, Stillwater",(405) 372-6886,Mass,6:00 PM,,Mass,spanish,,
"Wed, Mar 04, 2026",2026-03-04,Wednesday,St. Francis de Sales,"13 S.E Jefferson St, Idabel",(580) 286-3275,Mass,7:00 PM,,Mass,spanish,,
"Wed, Mar 04, 2026",2026-03-04,Wednesday,St. Francis de Sales,"13 S.E Jefferson St, Idabel",(580) 286-3275,Mass,8:30 AM,,Mass,english,,
"Wed, Mar 04, 2026",2026-03-04,Wednesday,St. Gregory the Great,"1924 W Willow Rd, Enid",(580) 233-4589,Mass,9:00 AM,,Mass,English,,note: No Wednesday Mass during Summer
"Wed, Mar 04, 2026",2026-03-04,Wednesday,St. Gregory's Abbey,"1900 W MacArthur St, Shawnee",(405) 878-5491,Mass,5:30 AM,,Vigils,English,,
"Wed, Mar 04, 2026",2026-03-04,Wednesday,St. Henry,"8500 N Owasso Expressway, Owasso",(918) 272-3710,Mass,8:45 AM,,Mass,english,,
"Wed, Mar 04, 2026",2026-03-04,Wednesday,St. James the Greater,"4201 S McKinley Ave, Oklahoma City",(405) 636-6800,Mass,8:30 AM,,Mass,English,,
"Wed, Mar 04, 2026",2026-03-04,Wednesday,St. John,"300 E Washington Ave, Mcalester",(918) 423-0810,Mass,12:00 PM,,Mass,English,Church,
"Wed, Mar 04, 2026",2026-03-04,Wednesday,St. John Before the Latin Gate Catholic Church,"715 S Johnstone Ave, Bartlesville",(918) 336-4353,Mass,5:15 PM,,Mass,English,St. John,
"Wed, Mar 04, 2026",2026-03-04,Wednesday,St. John Catholic Student Center (Oklahoma State University),"201 N Knoblock St, Stillwater",(405) 372-6408,Mass,9:09 PM,,Mass,English,,Candlelight Mass
"Wed, Mar 04, 2026",2026-03-04,Wednesday,St. John Nepomuk,"600 S Garth Brooks Blvd, Yukon",(405) 354-2743,Mass,5:30 PM,,Mass,English,,check the bulletin and website calendar for current Mass times
"Wed, Mar 04, 2026",2026-03-04,Wednesday,St. John the Baptist,"900 S Littler Ave, Edmond",(405) 340-0691,Mass,11:30 AM,,Mass,English,St. John the Baptist Catholic Church,
"Wed, Mar 04, 2026",2026-03-04,Wednesday,St. John the Baptist,"900 S Littler Ave, Edmond",(405) 340-0691,Mass,7:30 AM,,Mass,English,St. John the Baptist Catholic Church,
"Wed, Mar 04, 2026",2026-03-04,Wednesday,St. John the Evangelist,"32136 Hwy 82, Cookson",(918) 775-6217,Mass,12:00 PM,,Mass,english,St. John the Evangelist Parish,Cookson
"Wed, Mar 04, 2026",2026-03-04,Wednesday,St. Joseph,"1300 E Beverly St, Ada",(580) 332-4811,Mass,12:00 PM,,Mass,english,"St. Joseph, Ada",
"Wed, Mar 04, 2026",2026-03-04,Wednesday,St. Joseph,"211 N Porter, Norman",(405) 321-8080,Mass,12:05 PM,,Mass,english,Chapel,
"Wed, Mar 04, 2026",2026-03-04,Wednesday,St. Joseph,"302 N Elm St, Bristow",(918) 446-8124,Mass,6:00 PM,,Mass,english,St. Joseph Parish,Bristow
"Wed, Mar 04, 2026",2026-03-04,Wednesday,St. Joseph,"321 N Virginia St, Muskogee",(918) 687-1351,Mass,7:00 PM,,Mass,spanish,St. Joseph Catholic Church,
"Wed, Mar 04, 2026",2026-03-04,Wednesday,St. Joseph,"321 N Virginia St, Muskogee",(918) 687-1351,Mass,8:15 AM,,Mass,english,St. Joseph Catholic Church,
"Wed, Mar 04, 2026",2026-03-04,Wednesday,St. Joseph,"320 W N Ave, Tonkawa",(580) 628-2416,Mass,8:15 AM,,Mass,English,St. Joseph’s Catholic Church of Tonkawa,
"Wed, Mar 04, 2026",2026-03-04,Wednesday,St. Joseph Old Cathedral,"307 NW 4th St, Oklahoma City",(405) 235-4565,Mass,12:00 PM,,Mass,English,,
"Wed, Mar 04, 2026",2026-03-04,Wednesday,St. Joseph [Thánh Giuse],"14905 E 21st St S, Tulsa",(918) 438-1380,Mass,6:00 PM,,Mass,English,,
"Wed, Mar 04, 2026",2026-03-04,Wednesday,St. Joseph's Catholic Church,"211 N Porter Ave, Norman",+1-405-321-8080,Mass,12:05 PM,,Mass,english,Chapel,
"Wed, Mar 04, 2026",2026-03-04,Wednesday,St. Jude Thaddeus,"600 Davey Dr, Burkburnett",(940) 569-1222,Mass,8:00 AM,,Mass,english,St. Jude Thaddeus,Burkburnett
"Wed, Mar 04, 2026",2026-03-04,Wednesday,St. Mark,"1507 S Vann St, Pryor",(918) 825-4186,Mass,8:15 AM,,Mass,English,St. Mark Catholic Church,
"Wed, Mar 04, 2026",2026-03-04,Wednesday,St. Mark the Evangelist,"3939 W Tecumseh Rd, Norman",(405) 366-7676,Mass,5:30 PM,,Mass,English,,
"Wed, Mar 04, 2026",2026-03-04,Wednesday,St. Mary,"101 E Street SW, Ardmore",(580) 223-0231,Mass,12:00 PM,,Mass,english,,
"Wed, Mar 04, 2026",2026-03-04,Wednesday,St. Mary,"707 E Ponca Ave, Ponca City",(580) 765-7794,Mass,12:10 PM,,Mass,english,Chapel,during summer months
"Wed, Mar 04, 2026",2026-03-04,Wednesday,St. Mary,"825 N Weaver St, Gainesville",(940) 665-5395,Mass,5:30 PM,,Mass,english,,
"Wed, Mar 04, 2026",2026-03-04,Wednesday,St. Mary,"1347 E 49th Pl, Tulsa",(918) 749-1423,Mass,6:30 AM,,Mass,English,Church of Saint Mary,
"Wed, Mar 04, 2026",2026-03-04,Wednesday,St. Mary,"1218 Knox Ave, Clinton",(580) 323-0345,Mass,6:30 PM,,Mass,spanish,"St. Mary's Clinton, Ok",
"Wed, Mar 04, 2026",2026-03-04,Wednesday,St. Mary,"1230 E 7th St, Joplin",14176233333,Mass,8:30 AM,,Mass,English,St. Mary’s Catholic Church,
"Wed, Mar 04, 2026",2026-03-04,Wednesday,St. Mary,"1347 E 49th Pl, Tulsa",(918) 749-1423,Mass,9:00 AM,,Mass,English,Church of Saint Mary,
"Wed, Mar 04, 2026",2026-03-04,Wednesday,St. Mary ,"3035 S Central City Rd, Joplin",(417) 623-3333,Mass,8:30 AM,,Mass,English,,
"Wed, Mar 04, 2026",2026-03-04,Wednesday,St. Michael,"1025 E Pointer Trail , Van Buren",(479) 471-1211,Mass,6:00 PM,,Mass,English,,
"Wed, Mar 04, 2026",2026-03-04,Wednesday,St. Michael,"1004 W Gentry St, Henryetta",(918) 652-3445,Mass,9:00 AM,,Mass,english,St. Michael,
"Wed, Mar 04, 2026",2026-03-04,Wednesday,St. Michael and All Angels ,"101 E Texas St, Denison",(903) 821-7511,Mass,6:30 PM,,Mass,English,"101 East Texas St, Denison TX",
"Wed, Mar 04, 2026",2026-03-04,Wednesday,St. Monica,"2001 N Western Ave, Edmond",(405) 359-2700,Mass,5:30 PM,,Mass,English,Church,
"Wed, Mar 04, 2026",2026-03-04,Wednesday,St. Monica,"2001 N Western Ave, Edmond",(405) 359-2700,Mass,5:30 PM,,Mass,English,Chapel,
"Wed, Mar 04, 2026",2026-03-04,Wednesday,St. Monica,"633 E Marshall Pl, Tulsa",(918) 607-8681,Mass,9:00 AM,,Mass,English,Church,
"Wed, Mar 04, 2026",2026-03-04,Wednesday,St. Patrick,"314 N Rusk Ave, Denison",(903) 463-3275,Mass,12:00 PM,,Mass,english,,
"Wed, Mar 04, 2026",2026-03-04,Wednesday,St. Patrick,"307 Galena Ave, Galena",(620) 429-2639,Mass,8:00 AM,,Mass,English,Galena - St. Patrick,
"Wed, Mar 04, 2026",2026-03-04,Wednesday,St. Patrick,"2121 N Portland Ave, Oklahoma City",(405) 946-4441,Mass,8:15 AM,,Mass,english,,
"Wed, Mar 04, 2026",2026-03-04,Wednesday,St. Patrick,"1101 W Petree Rd, Anadarko",(405) 247-5255,Mass,8:30 AM,,Mass,English,St. Patrick,
"Wed, Mar 04, 2026",2026-03-04,Wednesday,St. Patrick,"204 E 4th St, Sand Springs",(918) 245-5840,Mass,8:30 AM,,Mass,english,St. Patrick,
"Wed, Mar 04, 2026",2026-03-04,Wednesday,St. Paul,"502 S 6th St, Eufaula",(918) 689-7345,Mass,9:00 AM,,Mass,english,St. Paul,
"Wed, Mar 04, 2026",2026-03-04,Wednesday,St. Paul the Apostle,"3901 S Sunnylane Rd, Del City",(405) 677-4873,Mass,9:00 AM,,Mass,English,,
"Wed, Mar 04, 2026",2026-03-04,Wednesday,St. Peter,"E 2 and Quapaw, Lindsay",(405) 527-3077,Mass,12:00 PM,,Mass,english,,
"Wed, Mar 04, 2026",2026-03-04,Wednesday,St. Peter,"2020 Oklahoma Ave, Woodward",(580) 256-5305,Mass,5:30 PM,,Mass,bilingual,St. Peter in Woodward,
"Wed, Mar 04, 2026",2026-03-04,Wednesday,St. Peter,"424 W Main St, Lindsay",(940) 668-7609,Mass,5:45 PM,,Mass,english,St. Peter's,
"Wed, Mar 04, 2026",2026-03-04,Wednesday,St. Peter Catholic Church,"East 2 and Quapaw, Lindsay",+1-405-527-3077,Mass,5:45 PM,,Mass,english,St. Peter's,
"Wed, Mar 04, 2026",2026-03-04,Wednesday,St. Peter the Apostle,"812 Pearl Ave, Joplin",(417) 623-8643,Mass,8:30 AM,,Mass,English,,
"Wed, Mar 04, 2026",2026-03-04,Wednesday,St. Philip Neri,"1107 Felix Pl, Midwest City",(405) 737-4476,Mass,5:30 PM,,Mass,English,,check the calendar for this week's masses
"Wed, Mar 04, 2026",2026-03-04,Wednesday,St. Philip Neri Newman Center,"440 S Florence Ave, Tulsa",19185990204,Mass,9:00 PM,,Mass,English,,during the academic year
"Wed, Mar 04, 2026",2026-03-04,Wednesday,St. Philip Neri Newman Center,"440 S Florence Ave, Tulsa",(918) 599-0204,Mass,9:00 PM,,Mass,English,,during the academic year
"Wed, Mar 04, 2026",2026-03-04,Wednesday,St. Pius X,"1727 S 75th E Ave, Tulsa",(918) 622-4488,Mass,6:00 PM,,Mass,english,,
"Wed, Mar 04, 2026",2026-03-04,Wednesday,St. Pius X,"1727 S 75th E Ave, Tulsa",(918) 622-4488,Mass,8:30 AM,,Mass,english,,note: All School Mass
"Wed, Mar 04, 2026",2026-03-04,Wednesday,St. Robert Bellarmine,"121 NW 1st St, Jones",(405) 399-1727,Mass,12:00 PM,,Mass,english,,
"Wed, Mar 04, 2026",2026-03-04,Wednesday,St. Rose of Lima,"900 N Clarence Nash Blvd, Watonga",(580) 623-7740,Mass,8:00 AM,,Mass,english,,
"Wed, Mar 04, 2026",2026-03-04,Wednesday,St. Therese,"1007 N 19th St, Collinsville",(918) 371-2704,Mass,6:00 PM,,Mass,english,,
"Wed, Mar 04, 2026",2026-03-04,Wednesday,St. William,"802 W University Blvd, Durant",580-924-1989,Mass,5:00 PM,,Mass,spanish,"St. William, Durant",
"Wed, Mar 04, 2026",2026-03-04,Wednesday,St. William,"802 W University Blvd, Durant",580-924-1989,Mass,9:00 AM,,Mass,English,"St. William, Durant",
"Wed, Mar 04, 2026",2026-03-04,Wednesday,Sts. Peter and Paul,"405 E Oak, Cushing",(918) 225-0644,Mass,12:00 PM,,Mass,english,Sts. Peter and Paul Parish,Cushing
"Wed, Mar 04, 2026",2026-03-04,Wednesday,Sts. Peter and Paul,"1419 N 67th E Ave, Tulsa",(918) 836-2596,Mass,6:00 PM,,Mass,spanish,,
"Wed, Mar 04, 2026",2026-03-04,Wednesday,Sts. Peter and Paul,"309 S Main St, Kingfisher",(405) 375-4616 ,Mass,8:00 AM,,Mass,english,,
"Wed, Mar 04, 2026",2026-03-04,Wednesday,Sts. Peter and Paul,"1419 N 67th E Ave, Tulsa",(918) 836-2596,Mass,8:00 AM,,Mass,english,,
"Wed, Mar 04, 2026",2026-03-04,Wednesday,Sts. Sabina and Mary,"14304 Old Jenny Lind Loop, Jenny Lind",(479) 452-1795 ,Mass,5:30 PM,,Mass,English,"STS. SABINA & MARY, JENNY LIND",
"Wed, Mar 04, 2026",2026-03-04,Wednesday,Tinker AFB Chapel,"Bldg 5701 6170 Arnold St, Oklahoma City",(405) 734-2111,Mass,12:10 PM,12:40 PM,Mass,English,Tinker Chapel,
"Wed, Mar 04, 2026",2026-03-04,Wednesday,Blessed Stanley Rother Shrine,"700 SE 89th St, Oklahoma City",(405) 421-9800,Confession,11:30 AM,12:00 PM,Confession,English,Blessed Stanley Rother Shrine,
"Wed, Mar 04, 2026",2026-03-04,Wednesday,Church of Saint Benedict,"2200 W Ithica St, Broken Arrow",+1-918-455-4451,Confession,5:00 PM,6:00 PM,Confessions,English,,
"Wed, Mar 04, 2026",2026-03-04,Wednesday,Holy Family Cathedral,"820 S Boulder Ave, Tulsa",918-582-6247,Confession,11:35 AM,,Confessions,English,Holy Family Cathedral,
"Wed, Mar 04, 2026",2026-03-04,Wednesday,Holy Family Cathedral,"820 S Boulder Ave, Tulsa",918-582-6247,Confession,6:30 AM,,Confessions,English,Holy Family Cathedral,
"Wed, Mar 04, 2026",2026-03-04,Wednesday,Holy Name,"408 Willow St, Coffeyville",(620) 251-0475,Confession,7:45 AM,8:10 AM,Confessions,English,Holy Name Catholic Church,
"Wed, Mar 04, 2026",2026-03-04,Wednesday,Holy Spirit,"1100 N Sara Rd, Mustang",(405) 376-9435,Confession,4:30 PM,5:30 PM,Confessions,English,Holy Spirit Catholic Church,also by appointment
"Wed, Mar 04, 2026",2026-03-04,Wednesday,Holy Trinity,"211 W Missouri Ave, Okarche",(405) 263-7930,Confession,6:00 PM,6:30 PM,Confession,English,,subject to availability; check the Events page
"Wed, Mar 04, 2026",2026-03-04,Wednesday,Immaculate Conception,"1314 Lynn Ave, Pawhuska",(918) 287-1414,Confession,5:30 PM,,Adoration/Confession,English,Pawhuska,adoration
"Wed, Mar 04, 2026",2026-03-04,Wednesday,Immaculate Conception Church,"4th & Comanche St, Marlow",(580) 255-0590,Confession,5:00 PM,5:45 PM,Confessions,English,Marlow,
"Wed, Mar 04, 2026",2026-03-04,Wednesday,Immaculate Heart of Mary,"239 N Freehome Ave, Calumet",(405) 263-7930,Confession,6:00 PM,6:30 PM,Confession,English,,subject to availability; check the Events page
"Wed, Mar 04, 2026",2026-03-04,Wednesday,National Shrine of the Infant Jesus of Prague,"304 Jim Thorpe Blvd, Prague",(405) 567-3080,Confession,4:00 AM,6:00 AM,Confessions,English,National Shrine of the Infant Jesus,after Mass
"Wed, Mar 04, 2026",2026-03-04,Wednesday,National Shrine of the Infant Jesus of Prague,"304 Jim Thorpe Blvd, Prague",(405) 567-3080,Confession,8:30 AM,3:00 PM,Confessions,English,National Shrine of the Infant Jesus,or by appointment
"Wed, Mar 04, 2026",2026-03-04,Wednesday,Our Lady of Victory,"3300 Clarksville St, Paris",(903) 784-1000,Confession,11:00 AM,12:00 PM,Confession,English,,
"Wed, Mar 04, 2026",2026-03-04,Wednesday,Our Lady of Victory,"307 W Jefferson St, Purcell",(405) 527-3077,Confession,6:00 PM,,Confession,English,,or After Mass
"Wed, Mar 04, 2026",2026-03-04,Wednesday,Resurrection,"4804 S Fulton Ave, Tulsa",(918) 663-1907,Confession,6:00 PM,6:45 PM,Confession,English,,
"Wed, Mar 04, 2026",2026-03-04,Wednesday,Sacred Heart,"714 N Main St, Muenster",(940) 759-2500,Confession,3:30 PM,4:30 PM,Confession,English,Church,
"Wed, Mar 04, 2026",2026-03-04,Wednesday,Sacred Heart,"2706 S Shartel Ave, Oklahoma City",(405) 634-2458,Confession,5:30 PM,,Confessions,English,,
"Wed, Mar 04, 2026",2026-03-04,Wednesday,Sacred Heart,"301 N Main St, Mooreland",(580) 256-5305,Confession,6:00 PM,7:00 PM,Confession,English,,
"Wed, Mar 04, 2026",2026-03-04,Wednesday,Sacred Heart,"320 S B Street, Arkansas City",(620) 442-0566,Confession,7:30 AM,8:00 AM,Confession,English,Sacred Heart Catholic Church,
"Wed, Mar 04, 2026",2026-03-04,Wednesday,Sacred Heart of Mary,"1301 Frank St, Barling",(479) 452-1795 or (479) 522-4245 (Fr. Tuyen),Confession,5:00 PM,5:25 PM,Confessions,english,"Sacred Heart of Mary, Barling",
"Wed, Mar 04, 2026",2026-03-04,Wednesday,St Joseph Catholic Church,"321 N Virginia St, Muskogee",+1-918-687-1351,Confession,6:00 PM,6:45 PM,Confession,spanish,St. Joseph Catholic Church,
"Wed, Mar 04, 2026",2026-03-04,Wednesday,St Joseph Catholic Church,"321 N Virginia St, Muskogee",+1-918-687-1351,Confession,TBD,,Confessions,English,,before every Mass; note: Wednesdays at 6PM; Saturday 4:15 p.m.; Sundays at 11AM; or by appointment
"Wed, Mar 04, 2026",2026-03-04,Wednesday,St Thomas More University Parish and Student Center,"100 Stinson St, Norman",(405) 321-0990,Confession,6:00 PM,7:30 PM,Reconciliation,English,,during the School Year
"Wed, Mar 04, 2026",2026-03-04,Wednesday,St. Andrew Dung-Lac,"3115 SW 59th St, Oklahoma City",(405) 681-2665,Confession,5:00 PM,,Confessions,English,3115 S. W. 59th St Oklahoma City,30 phút trước thánh lễ
"Wed, Mar 04, 2026",2026-03-04,Wednesday,St. Anne,"301 S 9th St, Broken Arrow",(918) 251-4000,Confession,12:00 PM,12:50 PM,Confession,English,,
"Wed, Mar 04, 2026",2026-03-04,Wednesday,St. Anne,"301 S 9th St, Broken Arrow",(918) 251-4000,Confession,6:00 PM,6:45 PM,Confession,English,,
"Wed, Mar 04, 2026",2026-03-04,Wednesday,St. Benedict,"2200 W Ithica St, Broken Arrow",(918) 455-4451,Confession,5:00 PM,6:00 PM,Reconciliation,English,,
"Wed, Mar 04, 2026",2026-03-04,Wednesday,St. Benedict,"632 N Kickapoo Ave, Shawnee",(405) 275-0001,Confession,7:30 PM,8:00 PM,Confession,english,,
"Wed, Mar 04, 2026",2026-03-04,Wednesday,St. Boniface,"204 N 18th St, Fort Smith",(479) 783-6711,Confession,5:00 PM,,Confession,English,St. Boniface,
"Wed, Mar 04, 2026",2026-03-04,Wednesday,St. Brigid,"807 Crafton St, Tahlequah",(918) 456-8388,Confession,6:00 PM,6:30 PM,Sacrament of Reconciliation,English,,
"Wed, Mar 04, 2026",2026-03-04,Wednesday,St. Catherine of Siena,"205 W Bert St, Pauls Valley",(405) 238-3741,Confession,6:00 PM,7:00 PM,Confession,English,,
"Wed, Mar 04, 2026",2026-03-04,Wednesday,St. Francis Xavier,"711 N Country Club Rd, Stillwater",(405) 372-6886,Confession,11:30 AM,12:00 PM,Confession,english,,
"Wed, Mar 04, 2026",2026-03-04,Wednesday,St. Francis Xavier,"110 N Madison St, Enid",(580) 237-0812,Confession,5:00 PM,5:45 PM,Reconciliation,English,St. Francis Xavier,
"Wed, Mar 04, 2026",2026-03-04,Wednesday,St. Francis Xavier,"711 N Country Club Rd, Stillwater",(405) 372-6886,Confession,5:00 PM,5:45 PM,Confession,english,,
"Wed, Mar 04, 2026",2026-03-04,Wednesday,St. John Catholic Student Center (Oklahoma State University),"201 N Knoblock St, Stillwater",(405) 372-6408,Confession,8:00 PM,9:00 PM,Confession,English,,
"Wed, Mar 04, 2026",2026-03-04,Wednesday,St. John Nepomuk,"600 S Garth Brooks Blvd, Yukon",(405) 354-2743,Confession,6:00 PM,7:00 PM,Sacrament of Reconciliation,English,,
"Wed, Mar 04, 2026",2026-03-04,Wednesday,St. John the Baptist,"900 S Littler Ave, Edmond",(405) 340-0691,Confession,5:00 PM,6:00 PM,Reconciliation,English,St. John the Baptist Catholic Church,
"Wed, Mar 04, 2026",2026-03-04,Wednesday,St. Joseph,"1300 E Beverly St, Ada",(580) 332-4811,Confession,12:30 PM,,Confessions,English,"St. Joseph, Ada",note: after 12:00 Mass
"Wed, Mar 04, 2026",2026-03-04,Wednesday,St. Joseph,"211 N Porter, Norman",(405) 321-8080,Confession,5:00 PM,,Confession,English,Chapel Confessional,
"Wed, Mar 04, 2026",2026-03-04,Wednesday,St. Joseph,"302 N Elm St, Bristow",(918) 446-8124,Confession,5:45 PM,,Confession,english,St. Joseph Parish,Bristow
"Wed, Mar 04, 2026",2026-03-04,Wednesday,St. Joseph,"321 N Virginia St, Muskogee",(918) 687-1351,Confession,6:00 PM,6:45 PM,Confessions,English,,
"Wed, Mar 04, 2026",2026-03-04,Wednesday,St. Joseph Old Cathedral,"307 NW 4th St, Oklahoma City",(405) 235-4565,Confession,10:45 AM,11:45 AM,Reconciliation,English,,
"Wed, Mar 04, 2026",2026-03-04,Wednesday,St. Joseph's Catholic Church,"211 N Porter Ave, Norman",+1-405-321-8080,Confession,5:00 PM,,Confession,English,Chapel Confessional,
"Wed, Mar 04, 2026",2026-03-04,Wednesday,St. Mary,"1347 E 49th Pl, Tulsa",(918) 749-1423,Confession,11:00 AM,1:00 PM,Confessions,English,Church of Saint Mary,note: next to the chapel; always available by appointment
"Wed, Mar 04, 2026",2026-03-04,Wednesday,St. Mary,"1218 Knox Ave, Clinton",(580) 323-0345,Confession,6:00 PM,6:30 PM,Confession,English,"St. Mary's in Clinton, OK",
"Wed, Mar 04, 2026",2026-03-04,Wednesday,St. Michael,"1004 W Gentry St, Henryetta",(918) 652-3445,Confession,5:30 PM,6:30 PM,Confession,English,St. Michael,
"Wed, Mar 04, 2026",2026-03-04,Wednesday,St. Michael,"1025 E Pointer Trail , Van Buren",(479) 471-1211,Confession,TBD,,Confessions,English,,30 minutes before each Weekday Mass; except on Tuesday morning and Wednesday evening
"Wed, Mar 04, 2026",2026-03-04,Wednesday,St. Monica,"2001 N Western Ave, Edmond",(405) 359-2700,Confession,4:15 PM,,Confession,English,Confessional,
"Wed, Mar 04, 2026",2026-03-04,Wednesday,St. Peter,"424 W Main St, Lindsay",(940) 668-7609,Confession,5:00 PM,6:00 PM,Confession,English,,
"Wed, Mar 04, 2026",2026-03-04,Wednesday,St. Peter,"2020 Oklahoma Ave, Woodward",(580) 256-5305,Confession,6:00 PM,7:00 PM,Confession,English,,
"Wed, Mar 04, 2026",2026-03-04,Wednesday,St. Peter Catholic Church,"East 2 and Quapaw, Lindsay",+1-405-527-3077,Confession,5:00 PM,6:00 PM,Confession,English,,
"Wed, Mar 04, 2026",2026-03-04,Wednesday,St. Pius X,"1727 S 75th E Ave, Tulsa",(918) 622-4488,Confession,5:00 PM,,Reconciliation,English,,
"Wed, Mar 04, 2026",2026-03-04,Wednesday,St. Robert Bellarmine,"121 NW 1st St, Jones",(405) 399-1727,Confession,11:00 AM,11:50 AM,Adoration and Confessions,English,,
"Wed, Mar 04, 2026",2026-03-04,Wednesday,St. Robert Bellarmine,"121 NW 1st St, Jones",(405) 399-1727,Confession,11:30 AM,11:55 AM,Confession,English,,
"Wed, Mar 04, 2026",2026-03-04,Wednesday,St. Therese,"1007 N 19th St, Collinsville",(918) 371-2704,Confession,6:30 PM,7:00 PM,Confession,English,,or until line ends
"Wed, Mar 04, 2026",2026-03-04,Wednesday,St. Thomas More,"2720 S 129th E Ave, Tulsa",(918) 437-0168,Confession,6:00 PM,7:00 PM,Confession,english,St. Thomas More Parish,
"Wed, Mar 04, 2026",2026-03-04,Wednesday,St. Vincent de Paul,"15842 S 297th E Ave, Coweta",(918) 486-4757,Confession,6:00 PM,,Confessions,English,,exposition; benediction
"Wed, Mar 04, 2026",2026-03-04,Wednesday,Sts. Peter and Paul,"1419 N 67th E Ave, Tulsa",(918) 836-2596,Confession,4:30 PM,5:30 PM,Confessions,English,,
"Wed, Mar 04, 2026",2026-03-04,Wednesday,Sts. Peter and Paul,"405 E Oak, Cushing",(918) 225-0644,Confession,6:00 PM,7:00 PM,Confession,English,Sts. Peter and Paul Parish,Cushing
"Wed, Mar 04, 2026",2026-03-04,Wednesday,Sts. Sabina and Mary,"14304 Old Jenny Lind Loop, Jenny Lind",(479) 452-1795 ,Confession,5:00 PM,5:25 PM,Confessions,English,Sts. Sabina & Mary,
"Wed, Mar 04, 2026",2026-03-04,Wednesday,Tinker AFB Chapel,"Bldg 5701 6170 Arnold St, Oklahoma City",(405) 734-2111,Confession,11:00 AM,12:00 PM,Reconciliation/Confession,English,Tinker Chapel,
"Wed, Mar 04, 2026",2026-03-04,Wednesday,Assumption of the Blessed Virgin Mary,"711 W Hickory Ave, Duncan",(580) 255-0590,Adoration,TBD,,Adoration,English,Duncan/Marlow,30 minutes before Mass; exposition
"Wed, Mar 04, 2026",2026-03-04,Wednesday,Blessed Sacrament,"520 N St, Thomas",15807723209,Adoration,1:00 PM,5:00 PM,Adoration,English,St. Eugene,
"Wed, Mar 04, 2026",2026-03-04,Wednesday,Blessed Stanley Rother Shrine,"700 SE 89th St, Oklahoma City",(405) 421-9800,Adoration,1:00 PM,2:00 PM,Adoration,English,Blessed Stanley Rother Shrine,exposition
"Wed, Mar 04, 2026",2026-03-04,Wednesday,Cathedral of Our Lady of Perpetual Help,"3214 N Lake Ave, Oklahoma City",(405) 525-2349,Adoration,10:00 AM,6:00 PM,Adoration,English,,
"Wed, Mar 04, 2026",2026-03-04,Wednesday,Chapel of St. Joseph,"7th and Seminole, Wewoka",(405) 382-3602,Adoration,12:30 PM,8:00 PM,Adoration of the Blessed Sacrament,English,,exposition; benediction
"Wed, Mar 04, 2026",2026-03-04,Wednesday,Holy Cross,"708 SW 15th St, Wagoner",539-209-9988,Adoration,6:00 PM,7:00 PM,Adoration,English,"Holy Cross Catholic Church, Wagoner, OK",exposition
"Wed, Mar 04, 2026",2026-03-04,Wednesday,Holy Cross,"1010 S Fifth Ave, Madill",(580) 795-3721,Adoration,8:00 PM,9:00 PM,Adoration,English,,exposition
"Wed, Mar 04, 2026",2026-03-04,Wednesday,Holy Family,"1010 NW 82nd St, Lawton",(580) 536-6351,Adoration,6:00 PM,6:30 PM,Adoration,English,Church,exposition
"Wed, Mar 04, 2026",2026-03-04,Wednesday,Holy Trinity,"211 W Missouri Ave, Okarche",(405) 263-7930,Adoration,6:00 PM,7:15 PM,Adoration,English,,
"Wed, Mar 04, 2026",2026-03-04,Wednesday,Immaculate Heart of Mary,"239 N Freehome Ave, Calumet",(405) 263-7930,Adoration,6:00 PM,7:15 PM,Adoration,English,,
"Wed, Mar 04, 2026",2026-03-04,Wednesday,Our Lady of Victory,"307 W Jefferson St, Purcell",(405) 527-3077,Adoration,6:00 PM,,Adoration,English,,
"Wed, Mar 04, 2026",2026-03-04,Wednesday,Our Lady of the Lake,"450 E Cimarron Dr, Mannford",918-245-5840,Adoration,5:30 PM,6:00 PM,Adoration,English,Our Lady of the Lake,exposition
"Wed, Mar 04, 2026",2026-03-04,Wednesday,Parish of Christ the King,"1520 S Rockford Ave, Tulsa",+1-918-584-4788,Adoration,9:00 AM,9:00 PM,Adoration,English,"Mary, Queen of Peace Chapel",
"Wed, Mar 04, 2026",2026-03-04,Wednesday,Sacred Heart,"333 S 8th St, Fairfax",(918) 642-5053,Adoration,4:30 PM,,Adoration,English,Sacred Heart Parish,Fairfax; exposition
"Wed, Mar 04, 2026",2026-03-04,Wednesday,Sacred Heart,"Broadway St and W Lowe St, Billings",(580) 336-9300,Adoration,5:00 PM,6:00 PM,Adoration of the Blessed Sacrament,English,church,exposition
"Wed, Mar 04, 2026",2026-03-04,Wednesday,Sacred Heart Catholic Church,"Broadway and Lowe, Billings",+1-580-336-9300,Adoration,5:00 PM,6:00 PM,Adoration of the Blessed Sacrament,English,church,exposition
"Wed, Mar 04, 2026",2026-03-04,Wednesday,Saint Patrick Catholic Church,"202 E Ohio Ave, Walters",+1-580-255-0590,Adoration,TBD,,Adoration,English,,30 minutes before Mass
"Wed, Mar 04, 2026",2026-03-04,Wednesday,San Jose,"12th St and Lincoln St, Ryan",(580) 255-0590,Adoration,TBD,,Adoration,English,,30 minutes before Mass; exposition
"Wed, Mar 04, 2026",2026-03-04,Wednesday,St Elizabeth Catholic Church,"1653 113th St NW, Grove",+1-918-786-9312,Adoration,4:30 PM,,Adoration,English,St. Elizabeth Catholic Church,exposition
"Wed, Mar 04, 2026",2026-03-04,Wednesday,St. Anne,"301 S 9th St, Broken Arrow",(918) 251-4000,Adoration,9:00 AM,9:00 PM,Adoration,English,Chapel,exposition
"Wed, Mar 04, 2026",2026-03-04,Wednesday,St. Benedict,"632 N Kickapoo Ave, Shawnee",(405) 275-0001,Adoration,12:40 PM,8:00 PM,Exposition of Eucharist,English,,exposition
"Wed, Mar 04, 2026",2026-03-04,Wednesday,St. Bernard of Clairvaux,"4001 E 101st St, Tulsa",(918) 299-9406,Adoration,9:00 AM,8:00 PM,Adoration of the Blessed Sacrament,English,Good Shepherd Chapel,exposition; chapel
"Wed, Mar 04, 2026",2026-03-04,Wednesday,St. Brigid,"807 Crafton St, Tahlequah",(918) 456-8388,Adoration,6:00 PM,7:00 PM,Eucharistic Adoration,English,,
"Wed, Mar 04, 2026",2026-03-04,Wednesday,St. Catherine of Siena,"205 W Bert St, Pauls Valley",(405) 238-3741,Adoration,6:00 PM,7:00 PM,Adoration,English,,exposition
"Wed, Mar 04, 2026",2026-03-04,Wednesday,St. Charles Borromeo,"5024 N Grove, Warr Acres",(405) 789-2595,Adoration,9:30 AM,6:00 PM,Adoration,English,,exposition
"Wed, Mar 04, 2026",2026-03-04,Wednesday,St. Damien of Molokai,"8455 NW 234th St, Edmond",(405) 330-9968,Adoration,9:00 AM,7:00 PM,Adoration,English,,exposition
"Wed, Mar 04, 2026",2026-03-04,Wednesday,St. Elizabeth,"1653 113th St NW, Grove",(918) 786-9312,Adoration,4:30 PM,,Adoration,English,St. Elizabeth Catholic Church,exposition
"Wed, Mar 04, 2026",2026-03-04,Wednesday,St. Elizabeth Ann Seton,"16526 United States Hwy 271, Spiro",(918) 647-3475,Adoration,5:30 PM,,Adoration,English,,every other; exposition
"Wed, Mar 04, 2026",2026-03-04,Wednesday,St. Eugene,"704 N Bryan St, Weatherford",(580) 772-3209,Adoration,1:00 PM,5:00 PM,Adoration,English,,exposition
"Wed, Mar 04, 2026",2026-03-04,Wednesday,St. Francis Xavier,"711 N Country Club Rd, Stillwater",(405) 372-6886,Adoration,9:00 AM,5:00 AM,Adoration,English,Saint Teresa of Calcutta Chapel,exposition; benediction
"Wed, Mar 04, 2026",2026-03-04,Wednesday,St. Gregory the Great,"1924 W Willow Rd, Enid",(580) 233-4589,Adoration,8:30 AM,3:30 PM,Adoration,English,Adoration Chapel,exposition
"Wed, Mar 04, 2026",2026-03-04,Wednesday,St. John Nepomuk,"600 S Garth Brooks Blvd, Yukon",(405) 354-2743,Adoration,6:00 PM,7:00 PM,Adoration,English,,chapel
"Wed, Mar 04, 2026",2026-03-04,Wednesday,St. Joseph Old Cathedral,"307 NW 4th St, Oklahoma City",(405) 235-4565,Adoration,TBD,,Adoration,English,,during Reconciliation; exposition
"Wed, Mar 04, 2026",2026-03-04,Wednesday,St. Mary,"1347 E 49th Pl, Tulsa",(918) 749-1423,Adoration,12:00 AM,11:59 PM,Adoration,English,Chapel,
"Wed, Mar 04, 2026",2026-03-04,Wednesday,St. Patrick,"2121 N Portland Ave, Oklahoma City",(405) 946-4441,Adoration,9:00 AM,7:55 PM,Adoration,English,,tags: exposition
"Wed, Mar 04, 2026",2026-03-04,Wednesday,St. Paul the Apostle,"3901 S Sunnylane Rd, Del City",(405) 677-4873,Adoration,6:00 PM,7:00 PM,Adoration,English,,
"Wed, Mar 04, 2026",2026-03-04,Wednesday,St. Peter,"424 W Main St, Lindsay",(940) 668-7609,Adoration,5:00 PM,6:00 PM,Adoration,English,,
"Wed, Mar 04, 2026",2026-03-04,Wednesday,St. Peter Catholic Church,"East 2 and Quapaw, Lindsay",+1-405-527-3077,Adoration,5:00 PM,6:00 PM,Adoration,English,,exposition
"Wed, Mar 04, 2026",2026-03-04,Wednesday,St. Peter the Apostle,"812 Pearl Ave, Joplin",(417) 623-8643,Adoration,9:00 AM,7:00 PM,Eucharistic Adoration,English,,
"Wed, Mar 04, 2026",2026-03-04,Wednesday,St. Pius X,"1727 S 75th E Ave, Tulsa",(918) 622-4488,Adoration,5:00 PM,6:00 PM,Adoration,English,,exposition
"Wed, Mar 04, 2026",2026-03-04,Wednesday,St. Rose of Lima,"421 N 9th St, Perry",(580) 336-9300,Adoration,5:00 PM,6:00 PM,Adoration of the Blessed Sacrament,English,,
"Wed, Mar 04, 2026",2026-03-04,Wednesday,Sts. Peter and Paul,"405 E Oak, Cushing",(918) 225-0644,Adoration,6:00 PM,7:00 PM,Adoration,English,Sts. Peter and Paul Parish,Cushing
"Wed, Mar 04, 2026",2026-03-04,Wednesday,Holy Family,"1010 NW 82nd St, Lawton",(405) 637-8681,Devotions,6:30 PM,,Vespers/Evening Prayer,English,Church,benediction
"Wed, Mar 04, 2026",2026-03-04,Wednesday,Holy Family,"1010 NW 82nd St, Lawton",(580) 536-6351,Devotions,6:30 PM,,Vespers,English,Church,benediction
"Wed, Mar 04, 2026",2026-03-04,Wednesday,Parish of Christ the King,"1520 S Rockford Ave, Tulsa",+1-918-584-4788,Devotions,5:00 PM,5:30 PM,Rosary,English,,before 17:30 Mass
"Wed, Mar 04, 2026",2026-03-04,Wednesday,Sacred Heart,"2515 N Main St, Miami",(918) 542-5281,Devotions,6:30 AM,,Morning Prayer,english,Sacred Heart Catholic Church,
"Wed, Mar 04, 2026",2026-03-04,Wednesday,Sacred Heart,"109 W 5th St, Skiatook",(918) 396-1179,Devotions,8:30 AM,,Rosary,English,Sacred Heart Church,
"Wed, Mar 04, 2026",2026-03-04,Wednesday,St. Damien of Molokai,"8455 NW 234th St, Edmond",(405) 330-9968,Devotions,7:00 PM,,Benediction,English,,benediction
"Wed, Mar 04, 2026",2026-03-04,Wednesday,St. Gregory's Abbey,"1900 W MacArthur St, Shawnee",(405) 878-5491,Devotions,5:00 PM,,Vespers,English,,
"Wed, Mar 04, 2026",2026-03-04,Wednesday,St. Gregory's Abbey,"1900 W MacArthur St, Shawnee",(405) 878-5491,Devotions,7:15 AM,,Lauds,English,,
"Wed, Mar 04, 2026",2026-03-04,Wednesday,St. Gregory's Abbey,"1900 W MacArthur St, Shawnee",(405) 878-5491,Devotions,7:15 PM,,Compline,English,,
"Wed, Mar 04, 2026",2026-03-04,Wednesday,St. Henry,"8500 N Owasso Expressway, Owasso",(918) 272-3710,Devotions,6:00 PM,7:00 PM,Holy Hour,English,Church,exposition
"Wed, Mar 04, 2026",2026-03-04,Wednesday,St. Peter,"2020 Oklahoma Ave, Woodward",(580) 256-5305,Devotions,5:00 PM,,Rosary,bilingual,St. Peter in Woodward,
"Wed, Mar 04, 2026",2026-03-04,Wednesday,St. Peter,"424 W Main St, Lindsay",(940) 668-7609,Devotions,6:30 PM,,Rosary and Novena to Our Lady of Perpetual Help,english,St. Peter's,
"Wed, Mar 04, 2026",2026-03-04,Wednesday,St. Peter Catholic Church,"East 2 and Quapaw, Lindsay",+1-405-527-3077,Devotions,6:30 PM,,Rosary and Novena to Our Lady of Perpetual Help,english,St. Peter's,
"Wed, Mar 04, 2026",2026-03-04,Wednesday,Tinker AFB Chapel,"Bldg 5701 6170 Arnold St, Oklahoma City",(405) 734-2111,Devotions,12:45 PM,1:05 PM,Rosary,English,Tinker Chapel,
"Wed, Mar 04, 2026",2026-03-04,Wednesday,St. Francis Xavier,"700 E Oklahoma Ave, Sulphur",(580) 332-4811,Education,7:00 PM,8:00 PM,OCIA Class,English,,note: meets in the John Bloms room
"Wed, Mar 04, 2026",2026-03-04,Wednesday,St. Joseph,"1300 E Beverly St, Ada",(580) 332-4811,Education,7:00 PM,,OCIA Class,english,,
"Wed, Mar 04, 2026",2026-03-04,Wednesday,Assumption of the Blessed Virgin Mary,"711 W Hickory Ave, Duncan",(580) 255-0590,Other,6:30 PM,,Adult Education,English,"Assumption-Duncan, Gillespie Hall",Thu; The Biblical Roots of Ash Wednesday
"Wed, Mar 04, 2026",2026-03-04,Wednesday,Holy Family Cathedral,"820 S Boulder Ave, Tulsa",918-582-6247,Other,5:30 PM,8:00 PM,Wednesdays at the Cathedral,English,,Feb 25; Mar 4; 11; 18; 25; family
"Wed, Mar 04, 2026",2026-03-04,Wednesday,St Joseph Catholic Church,"321 N Virginia St, Muskogee",+1-918-687-1351,Other,6:00 PM,7:00 PM,Hora Santa,spanish,St. Joseph Catholic Church,exposition
"Wed, Mar 04, 2026",2026-03-04,Wednesday,St. Augustine,"1720 E Apache St, Tulsa",918-607-8681,Other,6:00 PM,7:30 PM,Event,English,,from September to May
"Wed, Mar 04, 2026",2026-03-04,Wednesday,St. Barbara Catholic Community  (Grieson Chapel),"3280 Crane Ave, Fort Sill",(580) 442-3302,Other,11:45 AM,,Service,English,Grierson Hill Chapel,GHC
"Wed, Mar 04, 2026",2026-03-04,Wednesday,St. Clement,"15501 S Memorial Dr, Bixby",(918) 366-3166,Other,6:30 PM,,Rehearsal,English,,Evenings; Choir
"Wed, Mar 04, 2026",2026-03-04,Wednesday,St. Elizabeth Ann Seton,"16526 United States Hwy 271, Spiro",(918) 647-3475,Other,6:30 PM,,'The Beauty of Our Faith',English,,every other; includes dinner at 18:00; A lesson employing the Bible & Catechism
"Wed, Mar 04, 2026",2026-03-04,Wednesday,St. Gregory's Abbey,"1900 W MacArthur St, Shawnee",(405) 878-5491,Other,12:00 PM,,Sext,English,,
"Wed, Mar 04, 2026",2026-03-04,Wednesday,St. Gregory's Abbey,"1900 W MacArthur St, Shawnee",(405) 878-5491,Other,12:50 PM,,None,English,,
"Wed, Mar 04, 2026",2026-03-04,Wednesday,St. Gregory's Abbey,"1900 W MacArthur St, Shawnee",(405) 878-5491,Other,8:15 AM,,Eucharist,English,,
"Wed, Mar 04, 2026",2026-03-04,Wednesday,St. Joseph [Thánh Giuse],"14905 E 21st St S, Tulsa",(918) 438-1380,Other,5:30 PM,,Prayer,English,,
"Wed, Mar 04, 2026",2026-03-04,Wednesday,St. Scholastica Monastery,"1315 S Albert Pike Ave, Fort Smith",(479) 783-4147,Other,11:50 AM,,Noon Praise,English,St. Scholastica Monastery,
"Wed, Mar 04, 2026",2026-03-04,Wednesday,St. Scholastica Monastery,"1315 S Albert Pike Ave, Fort Smith",(479) 783-4147,Other,5:00 PM,,Evening Praise,English,St. Scholastica Monastery,
"Wed, Mar 04, 2026",2026-03-04,Wednesday,St. Scholastica Monastery,"1315 S Albert Pike Ave, Fort Smith",(479) 783-4147,Other,7:00 AM,,Morning Praise,English,St. Scholastica Monastery,
"Wed, Mar 04, 2026",2026-03-04,Wednesday,St. Scholastica Monastery,"1315 S Albert Pike Ave, Fort Smith",(479) 783-4147,Other,7:30 AM,,Eucharist,English,St. Scholastica Monastery,
"Wed, Mar 04, 2026",2026-03-04,Wednesday,St. Therese of the Child Jesus (Maronite),"8315 S 107th E Ave, Tulsa",(918) 872-7400,Other,5:30 PM,,,English,,
"Wed, Mar 04, 2026",2026-03-04,Wednesday,St. Ann,"8492 State Hwy 17, Elgin",(580) 492-5914,Sacraments,6:30 PM,,Communion Service,English,St. Ann,note: replaces Mass in January
"Thu, Mar 05, 2026",2026-03-05,Thursday,Assumption of the Blessed Virgin Mary,"711 W Hickory Ave, Duncan",(580) 255-0590,Mass,12:10 PM,,Mass,english,Duncan,
"Thu, Mar 05, 2026",2026-03-05,Thursday,Blessed Sacrament,"12 SW 7th St, Lawton",(580) 355-2054,Mass,7:30 AM,,Daily Mass,English,,
"Thu, Mar 05, 2026",2026-03-05,Thursday,Blessed Stanley Rother Shrine,"700 SE 89th St, Oklahoma City",(405) 421-9800,Mass,12:15 PM,,Mass,english,Blessed Stanley Rother Shrine,
"Thu, Mar 05, 2026",2026-03-05,Thursday,Cathedral of Our Lady of Perpetual Help,"3214 N Lake Ave, Oklahoma City",(405) 525-2349,Mass,7:00 AM,,Mass,English,,
"Thu, Mar 05, 2026",2026-03-05,Thursday,Chapel of St. Joseph,"7th and Seminole, Wewoka",(405) 382-3602,Mass,8:00 AM,,Mass,english,,
"Thu, Mar 05, 2026",2026-03-05,Thursday,Christ the King,"2112 S Greenwood Ave, Fort Smith",(479) 783-7745,Mass,5:15 PM,,Mass,English,Chapel,
"Thu, Mar 05, 2026",2026-03-05,Thursday,Christ the King,"2112 S Greenwood Ave, Fort Smith",(479) 783-7745,Mass,6:30 PM,,Mass,spanish,Main Church,
"Thu, Mar 05, 2026",2026-03-05,Thursday,Christ the King,"8005 Dorset Dr, Oklahoma City",(405) 842-1481,Mass,7:00 AM,,Mass,english,,
"Thu, Mar 05, 2026",2026-03-05,Thursday,Church of Saint Benedict,"2200 W Ithica St, Broken Arrow",+1-918-455-4451,Mass,8:30 AM,,Mass,English,,
"Thu, Mar 05, 2026",2026-03-05,Thursday,Corpus Christi,"1616 N Kelley Ave, Oklahoma City",(405) 236-4301,Mass,12:10 PM,,Mass,English,Corpus Christi,Chapel
"Thu, Mar 05, 2026",2026-03-05,Thursday,Epiphany of the Lord,"7336 W Britton Rd, Oklahoma City",(405) 722-2110,Mass,8:00 AM,,Mass,English,,exception: No daily Mass on Holy Days of Obligation
"Thu, Mar 05, 2026",2026-03-05,Thursday,Holy Cross,"1010 S Fifth Ave, Madill",(580) 795-3721,Mass,8:00 AM,,Mass,bilingual,,
"Thu, Mar 05, 2026",2026-03-05,Thursday,Holy Cross,"708 SW 15th St, Wagoner",539-209-9988,Mass,8:30 AM,,Mass,English,"Holy Cross Catholic Church, Wagoner, OK",
"Thu, Mar 05, 2026",2026-03-05,Thursday,Holy Family,"1010 NW 82nd St, Lawton",(580) 536-6351,Mass,12:00 PM,,Mass,English,Church,
"Thu, Mar 05, 2026",2026-03-05,Thursday,Holy Family Cathedral,"820 S Boulder Ave, Tulsa",918-582-6247,Mass,12:05 PM,,Mass,English,Holy Family Cathedral,
"Thu, Mar 05, 2026",2026-03-05,Thursday,Holy Family Cathedral,"820 S Boulder Ave, Tulsa",918-582-6247,Mass,7:00 AM,,Mass,English,Holy Family Cathedral,
"Thu, Mar 05, 2026",2026-03-05,Thursday,Holy Name,"408 Willow St, Coffeyville",(620) 251-0475,Mass,8:15 AM,,Mass,English,Holy Name Catholic Church,
"Thu, Mar 05, 2026",2026-03-05,Thursday,Holy Name of Jesus,"210 S 7th St, Chickasha",(405) 224-6068,Mass,12:00 PM,,Mass,english,,
"Thu, Mar 05, 2026",2026-03-05,Thursday,Holy Rosary,"912 Cherokee Ave, Hartshorne",(918) 308-3312,Mass,7:00 PM,,Mass,spanish,Holy Rosary Parish,Hartshorne
"Thu, Mar 05, 2026",2026-03-05,Thursday,Holy Spirit,"1100 N Sara Rd, Mustang",(405) 376-9435,Mass,8:30 AM,,Mass,english,Holy Spirit Catholic Church,
"Thu, Mar 05, 2026",2026-03-05,Thursday,Holy Trinity,"211 W Missouri Ave, Okarche",(405) 263-7930,Mass,8:00 AM,,Mass,English,,
"Thu, Mar 05, 2026",2026-03-05,Thursday,Immaculate Conception,"22 N 13th St, Fort Smith",(479) 783-7963,Mass,6:00 PM,,Mass,spanish,,
"Thu, Mar 05, 2026",2026-03-05,Thursday,Immaculate Conception,"1314 Lynn Ave, Pawhuska",(918) 287-1414,Mass,6:15 PM,,Mass,English,Pawhuska,chapel
"Thu, Mar 05, 2026",2026-03-05,Thursday,Immaculate Conception,"22 N 13th St, Fort Smith",(479) 783-7963,Mass,7:00 AM,,Mass,english,,
"Thu, Mar 05, 2026",2026-03-05,Thursday,Immaculate Conception,"502 N Bagwell St, Poteau",(918) 647-3475,Mass,8:30 AM,,Mass,English,Immaculate Conception Church,
"Thu, Mar 05, 2026",2026-03-05,Thursday,Immaculate Conception Catholic Church,"196 Bearden Springs Rd, Hugo",(580) 326-7300,Mass,12:00 PM,,Mass,English,Immaculate Conception Catholic Church,
"Thu, Mar 05, 2026",2026-03-05,Thursday,Immaculate Heart of Mary,"239 N Freehome Ave, Calumet",(405) 263-7930,Mass,8:00 AM,,Mass,English,,
"Thu, Mar 05, 2026",2026-03-05,Thursday,Korean Martyrs,"2600 SW 74th St, Oklahoma City",(405) 681-6464,Mass,8:15 AM,,Mass,english,Korean Martyrs Church,
"Thu, Mar 05, 2026",2026-03-05,Thursday,Little Flower Church (Our Lady of Mount Carmel and St. Thérèse of Lisieux),"1125 S Walker Ave, Oklahoma City",(405) 235-2037,Mass,6:30 PM,,Mass,spanish,Church,
"Thu, Mar 05, 2026",2026-03-05,Thursday,Most Precious Blood,"3029 S 57th W Ave, Tulsa",918-615-8404,Mass,7:15 AM,,Holy Mass,English,,Low Mass
"Thu, Mar 05, 2026",2026-03-05,Thursday,Mother of God,"1105 4th St, Oswego",(620) 795-2262,Mass,8:00 AM,,Mass,English,Oswego - Mary Mother of God,
"Thu, Mar 05, 2026",2026-03-05,Thursday,National Shrine of the Infant Jesus of Prague,"304 Jim Thorpe Blvd, Prague",(405) 567-3080,Mass,9:00 AM,,Mass,bilingual,National Shrine of the Infant Jesus,
"Thu, Mar 05, 2026",2026-03-05,Thursday,Our Lady Of Perpetual Help Catholic Church,"115 S A Ave, Elgin",+1-580-492-5914,Mass,9:15 AM,,Mass,English,Our Lady,
"Thu, Mar 05, 2026",2026-03-05,Thursday,Our Lady of Clear Creek Abbey,"5804 W Monastery Rd, Hulbert",(918) 772-2454,Mass,6:50 AM,,Low Mass,English,,
"Thu, Mar 05, 2026",2026-03-05,Thursday,Our Lady of Perpetual Help,"220 N A Street, Sterling",(580) 492-5914,Mass,9:15 AM,,Mass,English,Our Lady,
"Thu, Mar 05, 2026",2026-03-05,Thursday,Our Lady of Victory,"307 W Jefferson St, Purcell",(405) 527-3077,Mass,12:10 PM,,Mass,english,,
"Thu, Mar 05, 2026",2026-03-05,Thursday,Our Lady of Victory,"3300 Clarksville St, Paris",(903) 784-1000,Mass,7:00 PM,,Mass,spanish,,
"Thu, Mar 05, 2026",2026-03-05,Thursday,Our Lady of Victory,"3300 Clarksville St, Paris",(903) 784-1000,Mass,8:00 AM,,Mass,english,,
"Thu, Mar 05, 2026",2026-03-05,Thursday,Our Lady of the Lake,"450 E Cimarron Dr, Mannford",918-245-5840,Mass,8:30 AM,,Mass,English,,
"Thu, Mar 05, 2026",2026-03-05,Thursday,Our Mother of Mercy,"1325 Main St, Waynoka",(580) 327-0339,Mass,12:15 PM,,Mass,English,Chapel Parish Hall,check bulletin for occasional cancellations
"Thu, Mar 05, 2026",2026-03-05,Thursday,Queen of All Saints,"914 N 5th St, Sayre",(580) 225-0066,Mass,5:30 PM,6:00 PM,Daily Mass,English,Sayre,
"Thu, Mar 05, 2026",2026-03-05,Thursday,Resurrection,"4804 S Fulton Ave, Tulsa",(918) 663-1907,Mass,8:30 AM,,Mass,english,,
"Thu, Mar 05, 2026",2026-03-05,Thursday,Sacred Heart,"2515 N Main St, Miami",(918) 542-5281,Mass,12:10 PM,,Mass,english,Sacred Heart Catholic Church,
"Thu, Mar 05, 2026",2026-03-05,Thursday,Sacred Heart,"627 12th St, Alva",(580) 327-0339,Mass,12:15 PM,,Mass,English,"Chapel Parish Hall, Alva",check bulletin for occasional cancellations
"Thu, Mar 05, 2026",2026-03-05,Thursday,Sacred Heart,"1777 E Grayson Ave, Sapulpa",(918) 224-0944,Mass,5:30 PM,,Mass,spanish,,
"Thu, Mar 05, 2026",2026-03-05,Thursday,Sacred Heart,"301 N Hooker, Caney",(620) 647-3577,Mass,6:00 PM,,Mass,English,Caney - Sacred Heart,
"Thu, Mar 05, 2026",2026-03-05,Thursday,Sacred Heart,"2706 S Shartel Ave, Oklahoma City",(405) 634-2458,Mass,6:30 PM,,Mass,spanish,,
"Thu, Mar 05, 2026",2026-03-05,Thursday,Sacred Heart,"2706 S Shartel Ave, Oklahoma City",(405) 634-2458,Mass,7:00 AM,,Mass,english,,
"Thu, Mar 05, 2026",2026-03-05,Thursday,Sacred Heart,"320 S B Street, Arkansas City",(620) 442-0566,Mass,7:00 PM,,Mass,spanish,Sacred Heart Catholic Church,
"Thu, Mar 05, 2026",2026-03-05,Thursday,Sacred Heart,"1777 E Grayson Ave, Sapulpa",(918) 224-0944,Mass,7:00 PM,,Vigil Mass,spanish,,Thursday (before First Friday); vigil; Holy Days of Obligation
"Thu, Mar 05, 2026",2026-03-05,Thursday,Sacred Heart,"1777 E Grayson Ave, Sapulpa",(918) 224-0944,Mass,7:00 PM,,Mass,english,,Thursday (before First Friday); Holy Days of Obligation - Day of
"Thu, Mar 05, 2026",2026-03-05,Thursday,Sacred Heart,"333 S 8th St, Fairfax",(918) 642-5053,Mass,9:00 AM,,Mass,english,Sacred Heart Parish,Fairfax
"Thu, Mar 05, 2026",2026-03-05,Thursday,Sacred Heart,"1777 E Grayson Ave, Sapulpa",(918) 224-0944,Mass,9:00 AM,,Mass,english,,
"Thu, Mar 05, 2026",2026-03-05,Thursday,Sacred Heart,"1777 E Grayson Ave, Sapulpa",(918) 224-0944,Mass,9:00 AM,,Mass,english,,Thursday (before First Friday); Holy Days of Obligation - Day of
"Thu, Mar 05, 2026",2026-03-05,Thursday,Sacred Heart,"109 W 5th St, Skiatook",(918) 396-1179,Mass,9:00 AM,,Mass,English,Sacred Heart Church,
"Thu, Mar 05, 2026",2026-03-05,Thursday,Sacred Heart of Mary,"1301 Frank St, Barling",(479) 452-1795 or (479) 522-4245 (Fr. Tuyen),Mass,12:00 PM,,Mass,english,"Sacred Heart of Mary, Barling",
"Thu, Mar 05, 2026",2026-03-05,Thursday,Sacred Heart of Mary,"1301 Frank St, Barling",(479) 452-1795 or (479) 522-4245 (Fr. Tuyen),Mass,7:00 PM,,Mass,vietnamese,"Sacred Heart of Mary, Barling",
"Thu, Mar 05, 2026",2026-03-05,Thursday,St Catherine of Alexandria Catholic Church,"4532 S 25th W Ave, Tulsa",(918) 446-8124,Mass,8:00 AM,,Mass,english,,
"Thu, Mar 05, 2026",2026-03-05,Thursday,St Joseph Catholic Church,"321 N Virginia St, Muskogee",+1-918-687-1351,Mass,8:15 AM,,Mass,english,St. Joseph Catholic Church,
"Thu, Mar 05, 2026",2026-03-05,Thursday,St Jude,"70 E 11th St, Boswell",(580) 326-7300,Mass,7:00 PM,,Mass,English,Saint Jude Catholic Church,
"Thu, Mar 05, 2026",2026-03-05,Thursday,St Thomas More University Parish and Student Center,"100 Stinson St, Norman",(405) 321-0990,Mass,7:30 AM,,Mass,English,,
"Thu, Mar 05, 2026",2026-03-05,Thursday,St. Andrew,"800 NW 5th St, Moore",(405) 799-3334,Mass,9:00 AM,,Mass,English,St. Andrew the Apostle Catholic Church,Check Bulletin for Possible Changes in Mass Times
"Thu, Mar 05, 2026",2026-03-05,Thursday,St. Andrew Dung-Lac,"3115 SW 59th St, Oklahoma City",(405) 681-2665,Mass,5:30 PM,,Mass,vietnamese,3115 S. W. 59th St Oklahoma City,
"Thu, Mar 05, 2026",2026-03-05,Thursday,St. Anne,"301 S 9th St, Broken Arrow",(918) 251-4000,Mass,8:00 AM,,Mass,English,,
"Thu, Mar 05, 2026",2026-03-05,Thursday,St. Anthony of Padua,"1510 N Calhoun Ave , Liberal",(620) 624-4135,Mass,12:05 PM,,Mass,english,,
"Thu, Mar 05, 2026",2026-03-05,Thursday,St. Augustine,"1720 E Apache St, Tulsa",918-607-8681,Mass,9:00 AM,,Mass,English,St. Augustine,
"Thu, Mar 05, 2026",2026-03-05,Thursday,St. Barbara Catholic Community  (Grieson Chapel),"3280 Crane Ave, Fort Sill",(580) 442-3302,Mass,11:45 AM,,Roman Catholic Mass,English,"Sheridan Hall, BLDG 652 Hamilton Road, 2nd Floor",
"Thu, Mar 05, 2026",2026-03-05,Thursday,St. Benedict,"632 N Kickapoo Ave, Shawnee",(405) 275-0001,Mass,8:00 AM,,Mass,english,,
"Thu, Mar 05, 2026",2026-03-05,Thursday,St. Benedict,"2200 W Ithica St, Broken Arrow",(918) 455-4451,Mass,8:30 AM,,Mass,English,,
"Thu, Mar 05, 2026",2026-03-05,Thursday,St. Bernard of Clairvaux,"4001 E 101st St, Tulsa",(918) 299-9406,Mass,8:30 AM,,Mass,English,main church,
"Thu, Mar 05, 2026",2026-03-05,Thursday,St. Boniface,"204 N 18th St, Fort Smith",(479) 783-6711,Mass,8:00 AM,,Mass,english,St. Boniface,
"Thu, Mar 05, 2026",2026-03-05,Thursday,St. Brigid,"807 Crafton St, Tahlequah",(918) 456-8388,Mass,12:15 PM,,Mass,English,,
"Thu, Mar 05, 2026",2026-03-05,Thursday,St. Catherine,"217 W Modoc Ave, Nowata",(918) 534-3420,Mass,12:00 PM,,Daily Mass,English,"217 W. Modoc Nowata, OK 74048",
"Thu, Mar 05, 2026",2026-03-05,Thursday,St. Catherine of Siena,"501 2nd St, Talihina",(918) 465-7675,Mass,5:30 PM,,Mass,english,St. Catherine of Siena Parish,Talihina
"Thu, Mar 05, 2026",2026-03-05,Thursday,St. Catherine of Siena,"205 W Bert St, Pauls Valley",(405) 238-3741,Mass,7:00 PM,,Mass,bilingual,,
"Thu, Mar 05, 2026",2026-03-05,Thursday,St. Cecilia,"1304 N Dorothy Ave, Claremore",(918) 341-2343,Mass,8:15 AM,,Mass,English,,Weekday Mass
"Thu, Mar 05, 2026",2026-03-05,Thursday,St. Charles Borromeo,"5024 N Grove, Warr Acres",(405) 789-2595,Mass,7:00 AM,,Mass,english,,livestream
"Thu, Mar 05, 2026",2026-03-05,Thursday,St. Clement,"15501 S Memorial Dr, Bixby",(918) 366-3166,Mass,7:30 PM,,Mass,spanish,St. Clement Catholic Church,
"Thu, Mar 05, 2026",2026-03-05,Thursday,St. Clement,"15501 S Memorial Dr, Bixby",(918) 366-3166,Mass,8:30 AM,,Mass,english,St. Clement Catholic Church,
"Thu, Mar 05, 2026",2026-03-05,Thursday,St. Damien of Molokai,"8455 NW 234th St, Edmond",(405) 330-9968,Mass,6:00 AM,,Low Mass,English,,note: cancelled if only one priest available
"Thu, Mar 05, 2026",2026-03-05,Thursday,St. Damien of Molokai,"8455 NW 234th St, Edmond",(405) 330-9968,Mass,8:00 AM,,Low Mass,English,,
"Thu, Mar 05, 2026",2026-03-05,Thursday,St. Eugene,"2400 W Hefner Rd, Oklahoma City",(405) 751-7115,Mass,5:30 PM,,Mass,english,Church  ),Non-school days (5/29/25 thru 8/7/25
"Thu, Mar 05, 2026",2026-03-05,Thursday,St. Eugene,"2400 W Hefner Rd, Oklahoma City",(405) 751-7115,Mass,8:15 AM,,Mass,english,Church,School days only
"Thu, Mar 05, 2026",2026-03-05,Thursday,St. Francis Hospital Chapel,"6161 S Yale Ave, Tulsa",,Mass,7:15 AM,,Mass,English,Saint Francis Hospital Chapel,livestream; note: Televised in patient rooms on Channel 15
"Thu, Mar 05, 2026",2026-03-05,Thursday,St. Francis Xavier,"110 N Madison St, Enid",(580) 237-0812,Mass,12:05 PM,,Mass,English,St. Francis Xavier,
"Thu, Mar 05, 2026",2026-03-05,Thursday,St. Francis Xavier,"711 N Country Club Rd, Stillwater",(405) 372-6886,Mass,12:10 PM,,Mass,english,,
"Thu, Mar 05, 2026",2026-03-05,Thursday,St. Francis Xavier,"711 N Country Club Rd, Stillwater",(405) 372-6886,Mass,5:30 PM,,Mass,english,,
"Thu, Mar 05, 2026",2026-03-05,Thursday,St. Francis Xavier,"110 N Madison St, Enid",(580) 237-0812,Mass,8:30 AM,,Mass,English,St. Francis Xavier,note: during school year
"Thu, Mar 05, 2026",2026-03-05,Thursday,St. Francis de Sales,"13 S.E Jefferson St, Idabel",(580) 286-3275,Mass,7:00 AM,,Mass,english,,
"Thu, Mar 05, 2026",2026-03-05,Thursday,St. Francis of Assisi,"610 W 9th St, Newkirk",(580) 382-6008,Mass,9:30 AM,,Mass,English,St. Francis of Assisi,Rosary at 09:00
"Thu, Mar 05, 2026",2026-03-05,Thursday,St. Francis of Assisi,"610 W 9th St, Newkirk",(580) 382-6008,Mass,9:30 AM,,Mass,English,"St. Francis of Assisi, Newkirk",
"Thu, Mar 05, 2026",2026-03-05,Thursday,St. Gregory's Abbey,"1900 W MacArthur St, Shawnee",(405) 878-5491,Mass,5:30 AM,,Vigils,English,,
"Thu, Mar 05, 2026",2026-03-05,Thursday,St. Helen,"507 E Highview Ave, Frederick",(580) 335-3298,Mass,5:30 PM,,Senior Citizen and Caregivers Mass,English,St. Helen Catholic Church,
"Thu, Mar 05, 2026",2026-03-05,Thursday,St. Henry,"8500 N Owasso Expressway, Owasso",(918) 272-3710,Mass,6:00 PM,,Mass,spanish,,
"Thu, Mar 05, 2026",2026-03-05,Thursday,St. Henry,"8500 N Owasso Expressway, Owasso",(918) 272-3710,Mass,8:45 AM,,Mass,english,,
"Thu, Mar 05, 2026",2026-03-05,Thursday,St. James,"5500 Douglas Ln, Bartlesville",(918) 335-0844,Mass,8:30 AM,,Mass,English,St. James Parish - Bartlesville,
"Thu, Mar 05, 2026",2026-03-05,Thursday,St. James the Greater,"4201 S McKinley Ave, Oklahoma City",(405) 636-6800,Mass,6:30 PM,,Mass,spanish,,
"Thu, Mar 05, 2026",2026-03-05,Thursday,St. James the Greater,"4201 S McKinley Ave, Oklahoma City",(405) 636-6800,Mass,8:30 AM,,Mass,English,,
"Thu, Mar 05, 2026",2026-03-05,Thursday,St. John,"300 E Washington Ave, Mcalester",(918) 423-0810,Mass,8:00 AM,,Mass,English,Church,
"Thu, Mar 05, 2026",2026-03-05,Thursday,St. John Before the Latin Gate Catholic Church,"715 S Johnstone Ave, Bartlesville",(918) 336-4353,Mass,7:00 AM,,Mass,English,St. John,
"Thu, Mar 05, 2026",2026-03-05,Thursday,St. John Before the Latin Gate Catholic Church,"715 S Johnstone Ave, Bartlesville",(918) 336-4353,Mass,7:00 PM,,Mass,spanish,St. John,
"Thu, Mar 05, 2026",2026-03-05,Thursday,St. John Catholic Student Center (Oklahoma State University),"201 N Knoblock St, Stillwater",(405) 372-6408,Mass,5:30 PM,,Mass,English,,
"Thu, Mar 05, 2026",2026-03-05,Thursday,St. John Nepomuk,"600 S Garth Brooks Blvd, Yukon",(405) 354-2743,Mass,7:30 AM,,Mass,English,,check the bulletin and website calendar for current Mass times
"Thu, Mar 05, 2026",2026-03-05,Thursday,St. John the Baptist,"900 S Littler Ave, Edmond",(405) 340-0691,Mass,7:30 AM,,Mass,English,St. John the Baptist Catholic Church,
"Thu, Mar 05, 2026",2026-03-05,Thursday,St. Joseph,"290 NW Church St, Krebs",(918) 423-6695,Mass,12:00 PM,,Mass,english,Chapel,
"Thu, Mar 05, 2026",2026-03-05,Thursday,St. Joseph,"211 N Porter, Norman",(405) 321-8080,Mass,12:05 PM,,Mass,english,Chapel,
"Thu, Mar 05, 2026",2026-03-05,Thursday,St. Joseph,"321 N Virginia St, Muskogee",(918) 687-1351,Mass,8:15 AM,,Mass,english,St. Joseph Catholic Church,
"Thu, Mar 05, 2026",2026-03-05,Thursday,St. Joseph,"1300 E Beverly St, Ada",(580) 332-4811,Mass,9:00 AM,,Mass,english,"St. Joseph, Ada",
"Thu, Mar 05, 2026",2026-03-05,Thursday,St. Joseph Old Cathedral,"307 NW 4th St, Oklahoma City",(405) 235-4565,Mass,12:00 PM,,Mass,English,,
"Thu, Mar 05, 2026",2026-03-05,Thursday,St. Joseph [Thánh Giuse],"14905 E 21st St S, Tulsa",(918) 438-1380,Mass,6:00 PM,,Mass,English,,
"Thu, Mar 05, 2026",2026-03-05,Thursday,St. Joseph's Catholic Church,"211 N Porter Ave, Norman",+1-405-321-8080,Mass,12:05 PM,,Mass,english,Chapel,
"Thu, Mar 05, 2026",2026-03-05,Thursday,St. Jude Thaddeus,"600 Davey Dr, Burkburnett",(940) 569-1222,Mass,8:00 AM,,Mass,english,St. Jude Thaddeus,Burkburnett
"Thu, Mar 05, 2026",2026-03-05,Thursday,St. Kateri Tekakwitha,"110841 S 4760 Rd, Roland",(918) 775-6217,Mass,9:00 AM,,Mass,english,St. Kateri Tekakwitha,Roland
"Thu, Mar 05, 2026",2026-03-05,Thursday,St. Mark the Evangelist,"3939 W Tecumseh Rd, Norman",(405) 366-7676,Mass,12:00 PM,,Mass,English,,
"Thu, Mar 05, 2026",2026-03-05,Thursday,St. Mary,"1218 Knox Ave, Clinton",(580) 323-0345,Mass,12:00 PM,,Mass,english,"St. Mary's in Clinton, Ok",
"Thu, Mar 05, 2026",2026-03-05,Thursday,St. Mary,"101 E Street SW, Ardmore",(580) 223-0231,Mass,6:00 PM,,Mass,spanish,,
"Thu, Mar 05, 2026",2026-03-05,Thursday,St. Mary,"1347 E 49th Pl, Tulsa",(918) 749-1423,Mass,6:30 AM,,Mass,English,Church of Saint Mary,
"Thu, Mar 05, 2026",2026-03-05,Thursday,St. Mary,"825 N Weaver St, Gainesville",(940) 665-5395,Mass,8:00 AM,,Mass,english,,
"Thu, Mar 05, 2026",2026-03-05,Thursday,St. Mary,"105 S Barrett St, Henrietta",(940) 538-4214,Mass,8:00 AM,,Mass,english,"St. Mary's Catholic Church, Henrietta TX",
"Thu, Mar 05, 2026",2026-03-05,Thursday,St. Mary,"1230 E 7th St, Joplin",14176233333,Mass,8:30 AM,,Mass,English,St. Mary’s Catholic Church,
"Thu, Mar 05, 2026",2026-03-05,Thursday,St. Mary,"1347 E 49th Pl, Tulsa",(918) 749-1423,Mass,9:00 AM,,Mass,English,Church of Saint Mary,
"Thu, Mar 05, 2026",2026-03-05,Thursday,St. Mary ,"3035 S Central City Rd, Joplin",(417) 623-3333,Mass,8:30 AM,,Mass,English,,
"Thu, Mar 05, 2026",2026-03-05,Thursday,St. Michael,"1025 E Pointer Trail , Van Buren",(479) 471-1211,Mass,8:00 AM,,Mass,English,,
"Thu, Mar 05, 2026",2026-03-05,Thursday,St. Michael,"1004 W Gentry St, Henryetta",(918) 652-3445,Mass,9:00 AM,,Mass,english,St. Michael,
"Thu, Mar 05, 2026",2026-03-05,Thursday,St. Monica,"2001 N Western Ave, Edmond",(405) 359-2700,Mass,5:30 PM,,Mass,English,Chapel,
"Thu, Mar 05, 2026",2026-03-05,Thursday,St. Patrick,"314 N Rusk Ave, Denison",(903) 463-3275,Mass,12:00 PM,,Mass,english,,
"Thu, Mar 05, 2026",2026-03-05,Thursday,St. Patrick,"1101 W Petree Rd, Anadarko",(405) 247-5255,Mass,5:30 PM,,Mass,English,St. Patrick,
"Thu, Mar 05, 2026",2026-03-05,Thursday,St. Patrick,"2121 N Portland Ave, Oklahoma City",(405) 946-4441,Mass,8:15 AM,,Mass,english,,
"Thu, Mar 05, 2026",2026-03-05,Thursday,St. Patrick,"204 E 4th St, Sand Springs",(918) 245-5840,Mass,8:30 AM,,Mass,english,St. Patrick,
"Thu, Mar 05, 2026",2026-03-05,Thursday,St. Paul the Apostle,"3901 S Sunnylane Rd, Del City",(405) 677-4873,Mass,9:00 AM,,Mass,English,,
"Thu, Mar 05, 2026",2026-03-05,Thursday,St. Peter,"E 2 and Quapaw, Lindsay",(405) 527-3077,Mass,12:00 PM,,Mass,english,,
"Thu, Mar 05, 2026",2026-03-05,Thursday,St. Peter,"2020 Oklahoma Ave, Woodward",(580) 256-5305,Mass,12:05 PM,,Mass,english,St. Peter in Woodward,
"Thu, Mar 05, 2026",2026-03-05,Thursday,St. Peter,"424 W Main St, Lindsay",(940) 668-7609,Mass,8:30 AM,,Mass,english,St. Peter's,
"Thu, Mar 05, 2026",2026-03-05,Thursday,St. Peter Catholic Church,"East 2 and Quapaw, Lindsay",+1-405-527-3077,Mass,8:30 AM,,Mass,english,St. Peter's,
"Thu, Mar 05, 2026",2026-03-05,Thursday,St. Peter the Apostle,"812 Pearl Ave, Joplin",(417) 623-8643,Mass,12:00 PM,,Mass,English,Mercy Hospital,
"Thu, Mar 05, 2026",2026-03-05,Thursday,St. Peter the Apostle,"812 Pearl Ave, Joplin",(417) 623-8643,Mass,8:30 AM,,Mass,English,,
"Thu, Mar 05, 2026",2026-03-05,Thursday,St. Philip Neri,"1107 Felix Pl, Midwest City",(405) 737-4476,Mass,2:30 PM,,Mass,English,,check the calendar for this week's masses
"Thu, Mar 05, 2026",2026-03-05,Thursday,St. Philip Neri Newman Center,"440 S Florence Ave, Tulsa",19185990204,Mass,5:15 PM,,Mass,English,,during the academic year
"Thu, Mar 05, 2026",2026-03-05,Thursday,St. Philip Neri Newman Center,"440 S Florence Ave, Tulsa",(918) 599-0204,Mass,5:15 PM,,Mass,English,,during the academic year
"Thu, Mar 05, 2026",2026-03-05,Thursday,St. Pius X,"1727 S 75th E Ave, Tulsa",(918) 622-4488,Mass,7:00 PM,,Mass,spanish,,
"Thu, Mar 05, 2026",2026-03-05,Thursday,St. Pius X,"1727 S 75th E Ave, Tulsa",(918) 622-4488,Mass,8:30 AM,,Mass,english,,
"Thu, Mar 05, 2026",2026-03-05,Thursday,St. Rose of Lima,"900 N Clarence Nash Blvd, Watonga",(580) 623-7740,Mass,8:00 AM,,Mass,english,,
"Thu, Mar 05, 2026",2026-03-05,Thursday,St. Stephen,"515 E Hwy, Holdenville",918-652-3445,Mass,5:30 PM,,Mass,english,St. Stephen,
"Thu, Mar 05, 2026",2026-03-05,Thursday,St. Teresa,"716 W Broadway St, Okemah",(918) 652-3445,Mass,5:30 PM,,Mass,english,St. Teresa,
"Thu, Mar 05, 2026",2026-03-05,Thursday,St. Therese,"1007 N 19th St, Collinsville",(918) 371-2704,Mass,9:00 AM,,Mass,english,,
"Thu, Mar 05, 2026",2026-03-05,Thursday,St. William,"802 W University Blvd, Durant",580-924-1989,Mass,7:00 PM,,Mass,spanish,"St. William, Durant",
"Thu, Mar 05, 2026",2026-03-05,Thursday,Sts. Peter and Paul,"122 N Main St (New Location), Lincoln",(479) 824-4101,Mass,6:00 PM,,Mass,spanish,Sts. Peter and Paul Church,
"Thu, Mar 05, 2026",2026-03-05,Thursday,Sts. Peter and Paul,"1419 N 67th E Ave, Tulsa",(918) 836-2596,Mass,6:00 PM,,Mass,spanish,,
"Thu, Mar 05, 2026",2026-03-05,Thursday,Sts. Peter and Paul,"309 S Main St, Kingfisher",(405) 375-4616 ,Mass,8:00 AM,,Mass,english,,
"Thu, Mar 05, 2026",2026-03-05,Thursday,Sts. Peter and Paul,"1419 N 67th E Ave, Tulsa",(918) 836-2596,Mass,8:00 AM,,Mass,english,,
"Thu, Mar 05, 2026",2026-03-05,Thursday,Blessed Sacrament,"12 SW 7th St, Lawton",(580) 355-2054,Confession,TBD,,Confession,English,,after
"Thu, Mar 05, 2026",2026-03-05,Thursday,Blessed Stanley Rother Shrine,"700 SE 89th St, Oklahoma City",(405) 421-9800,Confession,11:30 AM,12:00 PM,Confession,English,Blessed Stanley Rother Shrine,
"Thu, Mar 05, 2026",2026-03-05,Thursday,Corpus Christi,"1616 N Kelley Ave, Oklahoma City",(405) 236-4301,Confession,11:40 AM,12:05 PM,Confession,English,Corpus Christi Church,
"Thu, Mar 05, 2026",2026-03-05,Thursday,Holy Family Cathedral,"820 S Boulder Ave, Tulsa",918-582-6247,Confession,11:35 AM,,Confessions,English,Holy Family Cathedral,
"Thu, Mar 05, 2026",2026-03-05,Thursday,Holy Family Cathedral,"820 S Boulder Ave, Tulsa",918-582-6247,Confession,6:30 AM,,Confessions,English,Holy Family Cathedral,
"Thu, Mar 05, 2026",2026-03-05,Thursday,Holy Name,"408 Willow St, Coffeyville",(620) 251-0475,Confession,7:45 AM,8:10 AM,Confessions,English,Holy Name Catholic Church,
"Thu, Mar 05, 2026",2026-03-05,Thursday,Immaculate Conception,"22 N 13th St, Fort Smith",(479) 783-7963,Confession,5:00 PM,,Confessions,English,Church,note: through screen only
"Thu, Mar 05, 2026",2026-03-05,Thursday,Immaculate Conception,"1314 Lynn Ave, Pawhuska",(918) 287-1414,Confession,5:30 PM,,Confession,English,Pawhuska,
"Thu, Mar 05, 2026",2026-03-05,Thursday,Little Flower Church (Our Lady of Mount Carmel and St. Thérèse of Lisieux),"1125 S Walker Ave, Oklahoma City",(405) 235-2037,Confession,5:00 PM,,Confession,English,Church,
"Thu, Mar 05, 2026",2026-03-05,Thursday,National Shrine of the Infant Jesus of Prague,"304 Jim Thorpe Blvd, Prague",(405) 567-3080,Confession,4:00 AM,6:00 AM,Confessions,English,National Shrine of the Infant Jesus,after Mass
"Thu, Mar 05, 2026",2026-03-05,Thursday,National Shrine of the Infant Jesus of Prague,"304 Jim Thorpe Blvd, Prague",(405) 567-3080,Confession,8:30 AM,3:00 PM,Confessions,English,National Shrine of the Infant Jesus,or by appointment
"Thu, Mar 05, 2026",2026-03-05,Thursday,Our Lady of Victory,"307 W Jefferson St, Purcell",(405) 527-3077,Confession,11:30 AM,,Confession,English,,or After Mass
"Thu, Mar 05, 2026",2026-03-05,Thursday,Our Lady of Victory,"3300 Clarksville St, Paris",(903) 784-1000,Confession,6:00 PM,6:45 PM,Confession,English,,
"Thu, Mar 05, 2026",2026-03-05,Thursday,Queen of All Saints,"914 N 5th St, Sayre",(580) 225-0066,Confession,4:15 PM,5:15 PM,Adoration and Confession,English,Sayre,exposition; benediction
"Thu, Mar 05, 2026",2026-03-05,Thursday,Sacred Heart,"2706 S Shartel Ave, Oklahoma City",(405) 634-2458,Confession,5:30 PM,,Confessions,English,,
"Thu, Mar 05, 2026",2026-03-05,Thursday,Sacred Heart,"320 S B Street, Arkansas City",(620) 442-0566,Confession,6:00 PM,7:00 PM,Confession,English,Sacred Heart Catholic Church,
"Thu, Mar 05, 2026",2026-03-05,Thursday,Sacred Heart of Mary,"1301 Frank St, Barling",(479) 452-1795 or (479) 522-4245 (Fr. Tuyen),Confession,6:00 PM,6:20 PM,Confessions,vietnamese,"Sacred Heart of Mary, Barling",
"Thu, Mar 05, 2026",2026-03-05,Thursday,St Catherine of Alexandria Catholic Church,"4532 S 25th W Ave, Tulsa",(918) 446-8124,Confession,TBD,,Confession,English,,before Mass; as requested
"Thu, Mar 05, 2026",2026-03-05,Thursday,St Thomas More University Parish and Student Center,"100 Stinson St, Norman",(405) 321-0990,Confession,12:00 PM,1:00 PM,Reconciliation,English,Church Office,
"Thu, Mar 05, 2026",2026-03-05,Thursday,St. Andrew Dung-Lac,"3115 SW 59th St, Oklahoma City",(405) 681-2665,Confession,5:00 PM,,Confessions,English,3115 S. W. 59th St Oklahoma City,30 phút trước thánh lễ
"Thu, Mar 05, 2026",2026-03-05,Thursday,St. Anthony of Padua,"1510 N Calhoun Ave , Liberal",(620) 624-4135,Confession,5:00 PM,6:00 PM,Confessions,English,,Thursday (before First Friday)
"Thu, Mar 05, 2026",2026-03-05,Thursday,St. Clement,"15501 S Memorial Dr, Bixby",(918) 366-3166,Confession,6:30 PM,7:25 PM,Reconciliation,English,St. Clement Catholic Church,or by appointment
"Thu, Mar 05, 2026",2026-03-05,Thursday,St. Francis Xavier,"711 N Country Club Rd, Stillwater",(405) 372-6886,Confession,11:30 AM,12:00 PM,Confession,english,,
"Thu, Mar 05, 2026",2026-03-05,Thursday,St. Helen,"507 E Highview Ave, Frederick",(580) 335-3298,Confession,5:00 PM,,Confessions,English,St. Helen Catholic Church,
"Thu, Mar 05, 2026",2026-03-05,Thursday,St. James the Greater,"4201 S McKinley Ave, Oklahoma City",(405) 636-6800,Confession,6:00 PM,7:00 PM,Confessions,bilingual,,
"Thu, Mar 05, 2026",2026-03-05,Thursday,St. John Catholic Student Center (Oklahoma State University),"201 N Knoblock St, Stillwater",(405) 372-6408,Confession,4:30 PM,5:20 PM,Confession,English,,
"Thu, Mar 05, 2026",2026-03-05,Thursday,St. Joseph,"211 N Porter, Norman",(405) 321-8080,Confession,11:00 AM,,Confession,English,Chapel Confessional,
"Thu, Mar 05, 2026",2026-03-05,Thursday,St. Joseph,"1300 E Beverly St, Ada",(580) 332-4811,Confession,12:30 PM,,Confessions,English,"St. Joseph, Ada",note: after 12:00 Mass
"Thu, Mar 05, 2026",2026-03-05,Thursday,St. Joseph Old Cathedral,"307 NW 4th St, Oklahoma City",(405) 235-4565,Confession,10:45 AM,11:45 AM,Reconciliation,English,,
"Thu, Mar 05, 2026",2026-03-05,Thursday,St. Joseph's Catholic Church,"211 N Porter Ave, Norman",+1-405-321-8080,Confession,11:00 AM,,Confession,English,Chapel Confessional,
"Thu, Mar 05, 2026",2026-03-05,Thursday,St. Michael,"1025 E Pointer Trail , Van Buren",(479) 471-1211,Confession,TBD,,Confessions,English,,30 minutes before each Weekday Mass; except on Tuesday morning and Wednesday evening
"Thu, Mar 05, 2026",2026-03-05,Thursday,St. Monica,"2001 N Western Ave, Edmond",(405) 359-2700,Confession,4:15 PM,,Confession,English,Confessional,
"Thu, Mar 05, 2026",2026-03-05,Thursday,St. Pius X,"1727 S 75th E Ave, Tulsa",(918) 622-4488,Confession,6:00 PM,,Reconciliation,spanish,,
"Thu, Mar 05, 2026",2026-03-05,Thursday,St. Stephen,"515 E Hwy, Holdenville",918-652-3445,Confession,5:00 PM,5:15 PM,Confession,English,,St. Stephen
"Thu, Mar 05, 2026",2026-03-05,Thursday,St. Therese,"1007 N 19th St, Collinsville",(918) 371-2704,Confession,9:30 AM,9:55 AM,Confession,English,,
"Thu, Mar 05, 2026",2026-03-05,Thursday,St. Thomas More,"2720 S 129th E Ave, Tulsa",(918) 437-0168,Confession,6:30 PM,7:30 PM,Confession,spanish,St. Thomas More Parish,
"Thu, Mar 05, 2026",2026-03-05,Thursday,Sts. Peter and Paul,"122 N Main St (New Location), Lincoln",(479) 824-4101,Confession,5:00 PM,5:45 PM,Confession,English,Sts. Peter and Paul Church,note: or by appointment
"Thu, Mar 05, 2026",2026-03-05,Thursday,Assumption of the Blessed Virgin Mary,"711 W Hickory Ave, Duncan",(580) 255-0590,Adoration,TBD,,Adoration,English,Duncan/Marlow,30 minutes before Mass; exposition
"Thu, Mar 05, 2026",2026-03-05,Thursday,Blessed Stanley Rother Shrine,"700 SE 89th St, Oklahoma City",(405) 421-9800,Adoration,1:00 PM,2:00 PM,Adoration,English,Blessed Stanley Rother Shrine,exposition
"Thu, Mar 05, 2026",2026-03-05,Thursday,Holy Cross,"1010 S Fifth Ave, Madill",(580) 795-3721,Adoration,8:00 PM,9:00 PM,Adoration,English,,exposition
"Thu, Mar 05, 2026",2026-03-05,Thursday,Holy Innocents,"6114 N.W 63rd, Warr Acres",(580) 255-0590,Adoration,8:00 AM,6:00 PM,Adoration,English,Adoration Chapel,Thursday (before First Friday); exposition
"Thu, Mar 05, 2026",2026-03-05,Thursday,Immaculate Conception,"1314 Lynn Ave, Pawhuska",(918) 287-1414,Adoration,10:00 AM,6:00 PM,Adoration,English,Pawhuska,adoration
"Thu, Mar 05, 2026",2026-03-05,Thursday,Little Flower Church (Our Lady of Mount Carmel and St. Thérèse of Lisieux),"1125 S Walker Ave, Oklahoma City",(405) 235-2037,Adoration,5:00 PM,6:15 PM,Eucharistic Adoration,English,,
"Thu, Mar 05, 2026",2026-03-05,Thursday,Our Lady of Victory,"307 W Jefferson St, Purcell",(405) 527-3077,Adoration,11:30 AM,,Adoration,English,,
"Thu, Mar 05, 2026",2026-03-05,Thursday,Our Lady of the Lake,"450 E Cimarron Dr, Mannford",918-245-5840,Adoration,5:00 PM,,Adoration,English,,exposition
"Thu, Mar 05, 2026",2026-03-05,Thursday,Parish of Christ the King,"1520 S Rockford Ave, Tulsa",+1-918-584-4788,Adoration,9:00 AM,9:00 PM,Adoration,English,"Mary, Queen of Peace Chapel",
"Thu, Mar 05, 2026",2026-03-05,Thursday,Sacred Heart,"1777 E Grayson Ave, Sapulpa",(918) 224-0944,Adoration,7:00 PM,8:00 PM,Exposition of the Blessed Sacrament,spanish,,
"Thu, Mar 05, 2026",2026-03-05,Thursday,Sacred Heart,"2706 S Shartel Ave, Oklahoma City",(405) 634-2458,Adoration,7:30 AM,10:30 PM,Adoration,English,,exposition
"Thu, Mar 05, 2026",2026-03-05,Thursday,Saint Patrick Catholic Church,"202 E Ohio Ave, Walters",+1-580-255-0590,Adoration,TBD,,Adoration,English,,30 minutes before Mass
"Thu, Mar 05, 2026",2026-03-05,Thursday,San Jose,"12th St and Lincoln St, Ryan",(580) 255-0590,Adoration,TBD,,Adoration,English,,30 minutes before Mass; exposition
"Thu, Mar 05, 2026",2026-03-05,Thursday,St. Ann,"8492 State Hwy 17, Elgin",(580) 492-5914,Adoration,6:00 PM,7:00 PM,Adoration,English,St. Ann,Thursday (before First Friday); note: other Thursday
"Thu, Mar 05, 2026",2026-03-05,Thursday,St. Anne,"301 S 9th St, Broken Arrow",(918) 251-4000,Adoration,9:00 AM,9:00 PM,Adoration,English,Chapel,exposition
"Thu, Mar 05, 2026",2026-03-05,Thursday,St. Anthony of Padua,"1510 N Calhoun Ave , Liberal",(620) 624-4135,Adoration,5:00 PM,6:00 PM,Adoration,English,,
"Thu, Mar 05, 2026",2026-03-05,Thursday,St. Bernard of Clairvaux,"4001 E 101st St, Tulsa",(918) 299-9406,Adoration,9:00 AM,8:00 PM,Adoration of the Blessed Sacrament,English,Good Shepherd Chapel,exposition; chapel
"Thu, Mar 05, 2026",2026-03-05,Thursday,St. Catherine of Siena,"205 W Bert St, Pauls Valley",(405) 238-3741,Adoration,6:00 PM,7:00 PM,Adoration,English,,exposition
"Thu, Mar 05, 2026",2026-03-05,Thursday,St. Clement,"15501 S Memorial Dr, Bixby",(918) 366-3166,Adoration,6:30 PM,,Adoration,spanish,St. Clement Catholic Church,
"Thu, Mar 05, 2026",2026-03-05,Thursday,St. Francis of Assisi,"610 W 9th St, Newkirk",(580) 382-6008,Adoration,6:00 PM,7:00 PM,Adoration,English,St. Francis,
"Thu, Mar 05, 2026",2026-03-05,Thursday,St. Gregory the Great,"1924 W Willow Rd, Enid",(580) 233-4589,Adoration,8:30 AM,3:30 PM,Adoration,English,Adoration Chapel,exposition
"Thu, Mar 05, 2026",2026-03-05,Thursday,St. James the Greater,"4201 S McKinley Ave, Oklahoma City",(405) 636-6800,Adoration,8:30 AM,5:30 PM,Adoration,English,,
"Thu, Mar 05, 2026",2026-03-05,Thursday,St. Joseph,"290 NW Church St, Krebs",(918) 423-6695,Adoration,11:00 AM,12:00 PM,Adoration,English,,exposition
"Thu, Mar 05, 2026",2026-03-05,Thursday,St. Joseph Old Cathedral,"307 NW 4th St, Oklahoma City",(405) 235-4565,Adoration,12:30 PM,7:00 PM,Adoration,English,,exposition
"Thu, Mar 05, 2026",2026-03-05,Thursday,St. Joseph Old Cathedral,"307 NW 4th St, Oklahoma City",(405) 235-4565,Adoration,TBD,,Adoration,English,,during Reconciliation; exposition
"Thu, Mar 05, 2026",2026-03-05,Thursday,St. Mary,"1347 E 49th Pl, Tulsa",(918) 749-1423,Adoration,12:00 AM,11:59 PM,Adoration,English,Chapel,
"Thu, Mar 05, 2026",2026-03-05,Thursday,St. Patrick,"2121 N Portland Ave, Oklahoma City",(405) 946-4441,Adoration,9:00 AM,7:55 PM,Adoration,English,,tags: exposition
"Thu, Mar 05, 2026",2026-03-05,Thursday,St. Peter,"424 W Main St, Lindsay",(940) 668-7609,Adoration,3:00 PM,9:00 PM,Adoration,English,,
"Thu, Mar 05, 2026",2026-03-05,Thursday,St. Peter Catholic Church,"East 2 and Quapaw, Lindsay",+1-405-527-3077,Adoration,3:00 PM,9:00 PM,Adoration,English,,exposition
"Thu, Mar 05, 2026",2026-03-05,Thursday,St. Pius X,"1727 S 75th E Ave, Tulsa",(918) 622-4488,Adoration,6:00 PM,7:00 PM,Adoration,English,,exposition
"Thu, Mar 05, 2026",2026-03-05,Thursday,Sts. Peter and Paul,"122 N Main St (New Location), Lincoln",(479) 824-4101,Adoration,6:00 AM,,Adoration,English,Sts. Peter and Paul Church,TIME_TBD
"Thu, Mar 05, 2026",2026-03-05,Thursday,Blessed Sacrament,"12 SW 7th St, Lawton",(580) 355-2054,Devotions,6:30 PM,,Holy Hour,English,,exposition
"Thu, Mar 05, 2026",2026-03-05,Thursday,Our Lady of the Lake,"450 E Cimarron Dr, Mannford",918-245-5840,Devotions,8:00 AM,,Rosary,English,,chapel
"Thu, Mar 05, 2026",2026-03-05,Thursday,Sacred Heart,"2515 N Main St, Miami",(918) 542-5281,Devotions,6:30 AM,,Morning Prayer,english,Sacred Heart Catholic Church,
"Thu, Mar 05, 2026",2026-03-05,Thursday,Sacred Heart,"109 W 5th St, Skiatook",(918) 396-1179,Devotions,8:30 AM,,Rosary,English,Sacred Heart Church,
"Thu, Mar 05, 2026",2026-03-05,Thursday,St. Francis Xavier,"2434 E Admiral Blvd, Tulsa",(918) 592-6770,Devotions,7:00 PM,8:00 PM,Holy Hour for Vocations,English,Different Parish each month,check often; exposition
"Thu, Mar 05, 2026",2026-03-05,Thursday,St. Francis of Assisi,"610 W 9th St, Newkirk",(580) 382-6008,Devotions,9:00 AM,9:30 AM,Rosary,English,"St. Francis of Assisi, Newkirk",before Mass
"Thu, Mar 05, 2026",2026-03-05,Thursday,St. Gregory's Abbey,"1900 W MacArthur St, Shawnee",(405) 878-5491,Devotions,5:00 PM,,Vespers,English,,
"Thu, Mar 05, 2026",2026-03-05,Thursday,St. Gregory's Abbey,"1900 W MacArthur St, Shawnee",(405) 878-5491,Devotions,7:15 AM,,Lauds,English,,
"Thu, Mar 05, 2026",2026-03-05,Thursday,St. Gregory's Abbey,"1900 W MacArthur St, Shawnee",(405) 878-5491,Devotions,7:15 PM,,Compline,English,,
"Thu, Mar 05, 2026",2026-03-05,Thursday,St. James,"5500 Douglas Ln, Bartlesville",(918) 335-0844,Devotions,9:00 AM,10:00 AM,Holy Hour,English,St. James Parish - Bartlesville,
"Thu, Mar 05, 2026",2026-03-05,Thursday,St. Peter,"2020 Oklahoma Ave, Woodward",(580) 256-5305,Devotions,11:30 AM,,Rosary,english,St. Peter in Woodward,
"Thu, Mar 05, 2026",2026-03-05,Thursday,St. Augustine,"1720 E Apache St, Tulsa",918-607-8681,Education,3:30 PM,6:00 PM,CCD,English,CCD Bldg,
"Thu, Mar 05, 2026",2026-03-05,Thursday,St. Barbara Catholic Community  (Grieson Chapel),"3280 Crane Ave, Fort Sill",(580) 442-3302,Other,11:45 AM,,Service,English,Grierson Hill Chapel,GHC
"Thu, Mar 05, 2026",2026-03-05,Thursday,St. Gregory's Abbey,"1900 W MacArthur St, Shawnee",(405) 878-5491,Other,12:00 PM,,Sext,English,,
"Thu, Mar 05, 2026",2026-03-05,Thursday,St. Gregory's Abbey,"1900 W MacArthur St, Shawnee",(405) 878-5491,Other,12:50 PM,,None,English,,
"Thu, Mar 05, 2026",2026-03-05,Thursday,St. Gregory's Abbey,"1900 W MacArthur St, Shawnee",(405) 878-5491,Other,8:15 AM,,Eucharist,English,,
"Thu, Mar 05, 2026",2026-03-05,Thursday,St. Joseph [Thánh Giuse],"14905 E 21st St S, Tulsa",(918) 438-1380,Other,5:30 PM,,Prayer,English,,
"Thu, Mar 05, 2026",2026-03-05,Thursday,St. Scholastica Monastery,"1315 S Albert Pike Ave, Fort Smith",(479) 783-4147,Other,11:50 AM,,Noon Praise,English,St. Scholastica Monastery,
"Thu, Mar 05, 2026",2026-03-05,Thursday,St. Scholastica Monastery,"1315 S Albert Pike Ave, Fort Smith",(479) 783-4147,Other,5:00 PM,,Evening Praise,English,St. Scholastica Monastery,
"Thu, Mar 05, 2026",2026-03-05,Thursday,St. Scholastica Monastery,"1315 S Albert Pike Ave, Fort Smith",(479) 783-4147,Other,7:00 AM,,Morning Praise,English,St. Scholastica Monastery,
"Thu, Mar 05, 2026",2026-03-05,Thursday,St. Scholastica Monastery,"1315 S Albert Pike Ave, Fort Smith",(479) 783-4147,Other,7:30 AM,,Eucharist,English,St. Scholastica Monastery,
"Thu, Mar 05, 2026",2026-03-05,Thursday,St. Therese of the Child Jesus (Maronite),"8315 S 107th E Ave, Tulsa",(918) 872-7400,Other,5:30 PM,,,English,,
"Thu, Mar 05, 2026",2026-03-05,Thursday,Tinker AFB Chapel,"Bldg 5701 6170 Arnold St, Oklahoma City",(405) 734-2111,Other,12:00 AM,,Latté Lounge,English,,TIME_TBD; note: afternoons and evenings; for dormitory residents E-4 and below
"Thu, Mar 05, 2026",2026-03-05,Thursday,St. James the Greater,"4201 S McKinley Ave, Oklahoma City",(405) 636-6800,Sacraments,5:30 PM,,Anointing of the Sick,English,,or by appt
"Fri, Mar 06, 2026",2026-03-06,Friday,Assumption of the Blessed Virgin Mary,"711 W Hickory Ave, Duncan",(580) 255-0590,Mass,12:10 PM,,Mass,english,Duncan,
"Fri, Mar 06, 2026",2026-03-06,Friday,Blessed Sacrament,"12 SW 7th St, Lawton",(580) 355-2054,Mass,7:30 AM,,Daily Mass,English,,
"Fri, Mar 06, 2026",2026-03-06,Friday,Blessed Sacrament,"520 N St, Thomas",15807723209,Mass,9:00 AM,,Mass,english,St. Eugene,
"Fri, Mar 06, 2026",2026-03-06,Friday,Blessed Stanley Rother Shrine,"700 SE 89th St, Oklahoma City",(405) 421-9800,Mass,12:15 PM,,Mass,english,Blessed Stanley Rother Shrine,
"Fri, Mar 06, 2026",2026-03-06,Friday,Cathedral of Our Lady of Perpetual Help,"3214 N Lake Ave, Oklahoma City",(405) 525-2349,Mass,7:00 AM,,Mass,English,,
"Fri, Mar 06, 2026",2026-03-06,Friday,Chapel of St. Joseph,"7th and Seminole, Wewoka",(405) 382-3602,Mass,12:10 PM,,Mass,english,,
"Fri, Mar 06, 2026",2026-03-06,Friday,Christ the King,"1520 S Rockford Ave, Tulsa",(918) 584-4788,Mass,5:30 PM,,Mass,english,,
"Fri, Mar 06, 2026",2026-03-06,Friday,Christ the King,"8005 Dorset Dr, Oklahoma City",(405) 842-1481,Mass,7:00 AM,,Mass,english,,
"Fri, Mar 06, 2026",2026-03-06,Friday,Christ the King,"2112 S Greenwood Ave, Fort Smith",(479) 783-7745,Mass,8:15 AM,,Mass,english,Chapel,
"Fri, Mar 06, 2026",2026-03-06,Friday,Christ the King,"1520 S Rockford Ave, Tulsa",(918) 584-4788,Mass,8:15 AM,,Mass,english,,
"Fri, Mar 06, 2026",2026-03-06,Friday,Church of Saint Benedict,"2200 W Ithica St, Broken Arrow",+1-918-455-4451,Mass,6:30 AM,,Mass,English,,
"Fri, Mar 06, 2026",2026-03-06,Friday,Church of Saint Benedict,"2200 W Ithica St, Broken Arrow",+1-918-455-4451,Mass,8:30 AM,,Mass,English,,
"Fri, Mar 06, 2026",2026-03-06,Friday,Corpus Christi,"1616 N Kelley Ave, Oklahoma City",(405) 236-4301,Mass,12:10 PM,,Mass,English,Corpus Christi,Chapel
"Fri, Mar 06, 2026",2026-03-06,Friday,Epiphany of the Lord,"7336 W Britton Rd, Oklahoma City",(405) 722-2110,Mass,8:00 AM,,Mass,English,,exception: No daily Mass on Holy Days of Obligation
"Fri, Mar 06, 2026",2026-03-06,Friday,Holy Cross,"1010 S Fifth Ave, Madill",(580) 795-3721,Mass,7:00 PM,,Mass,spanish,,
"Fri, Mar 06, 2026",2026-03-06,Friday,Holy Cross,"1010 S Fifth Ave, Madill",(580) 795-3721,Mass,8:00 AM,,Mass,english,,
"Fri, Mar 06, 2026",2026-03-06,Friday,Holy Cross,"708 SW 15th St, Wagoner",539-209-9988,Mass,8:30 AM,,Mass,English,"Holy Cross Catholic Church, Wagoner, OK",
"Fri, Mar 06, 2026",2026-03-06,Friday,Holy Family,"1010 NW 82nd St, Lawton",(580) 536-6351,Mass,12:00 PM,,Mass,English,Church,
"Fri, Mar 06, 2026",2026-03-06,Friday,Holy Family Cathedral,"820 S Boulder Ave, Tulsa",918-582-6247,Mass,12:05 PM,,Mass,English,Holy Family Cathedral,
"Fri, Mar 06, 2026",2026-03-06,Friday,Holy Family Cathedral,"820 S Boulder Ave, Tulsa",918-582-6247,Mass,7:00 AM,,Mass,English,Holy Family Cathedral,
"Fri, Mar 06, 2026",2026-03-06,Friday,Holy Innocents,"6114 N.W 63rd, Warr Acres",(580) 255-0590,Mass,8:00 AM,,Mass,English,,
"Fri, Mar 06, 2026",2026-03-06,Friday,Holy Name,"408 Willow St, Coffeyville",(620) 251-0475,Mass,8:15 AM,,Mass,English,Holy Name Catholic Church,
"Fri, Mar 06, 2026",2026-03-06,Friday,Holy Name of Jesus,"210 S 7th St, Chickasha",(405) 224-6068,Mass,12:00 PM,,Mass,english,,
"Fri, Mar 06, 2026",2026-03-06,Friday,Holy Name of Jesus,"210 S 7th St, Chickasha",(405) 224-6068,Mass,6:00 PM,,Mass,English,,
"Fri, Mar 06, 2026",2026-03-06,Friday,Holy Rosary,"912 Cherokee Ave, Hartshorne",(918) 308-3312,Mass,9:00 AM,,Mass,english,Holy Rosary Parish,Hartshorne
"Fri, Mar 06, 2026",2026-03-06,Friday,Holy Spirit,"1100 N Sara Rd, Mustang",(405) 376-9435,Mass,7:00 AM,,Mass,english,Holy Spirit Catholic Church,
"Fri, Mar 06, 2026",2026-03-06,Friday,Holy Trinity,"211 W Missouri Ave, Okarche",(405) 263-7930,Mass,8:00 AM,,Mass,English,,
"Fri, Mar 06, 2026",2026-03-06,Friday,Immaculate Conception,"1314 Lynn Ave, Pawhuska",(918) 287-1414,Mass,6:15 PM,,Mass,English,Pawhuska,
"Fri, Mar 06, 2026",2026-03-06,Friday,Immaculate Conception,"22 N 13th St, Fort Smith",(479) 783-7963,Mass,7:00 AM,,Mass,english,,
"Fri, Mar 06, 2026",2026-03-06,Friday,Immaculate Conception,"502 N Bagwell St, Poteau",(918) 647-3475,Mass,8:30 AM,,Mass,English,Immaculate Conception Church,
"Fri, Mar 06, 2026",2026-03-06,Friday,Immaculate Conception Catholic Church,"196 Bearden Springs Rd, Hugo",(580) 326-7300,Mass,9:00 AM,,Mass,English,Immaculate Conception Catholic Church,
"Fri, Mar 06, 2026",2026-03-06,Friday,Immaculate Heart of Mary,"239 N Freehome Ave, Calumet",(405) 263-7930,Mass,8:00 AM,,Mass,English,,
"Fri, Mar 06, 2026",2026-03-06,Friday,Little Flower Church (Our Lady of Mount Carmel and St. Thérèse of Lisieux),"1125 S Walker Ave, Oklahoma City",(405) 235-2037,Mass,6:30 PM,,Mass,spanish,Church,
"Fri, Mar 06, 2026",2026-03-06,Friday,Most Precious Blood,"3029 S 57th W Ave, Tulsa",918-615-8404,Mass,6:00 PM,,Holy Mass,English,,
"Fri, Mar 06, 2026",2026-03-06,Friday,Most Precious Blood,"3029 S 57th W Ave, Tulsa",918-615-8404,Mass,7:15 AM,,Holy Mass,English,,Low Mass
"Fri, Mar 06, 2026",2026-03-06,Friday,Most Precious Blood,"3029 S 57th W Ave, Tulsa",918-615-8404,Mass,7:15 AM,,Holy Mass,English,,
"Fri, Mar 06, 2026",2026-03-06,Friday,National Shrine of the Infant Jesus of Prague,"304 Jim Thorpe Blvd, Prague",(405) 567-3080,Mass,9:00 AM,,Mass,bilingual,National Shrine of the Infant Jesus,
"Fri, Mar 06, 2026",2026-03-06,Friday,Our Lady of Clear Creek Abbey,"5804 W Monastery Rd, Hulbert",(918) 772-2454,Mass,6:50 AM,,Low Mass,English,,
"Fri, Mar 06, 2026",2026-03-06,Friday,Our Lady of Guadalupe,"400 W 9th St, Dewey",(918) 534-3420,Mass,12:00 PM,,Mass,English,"400 W. 9th St. Dewey, OK 74029",
"Fri, Mar 06, 2026",2026-03-06,Friday,Our Lady of Guadalupe,"523 E Chestnut St, Hollis",(580) 688-2233,Mass,6:00 PM,7:00 PM,Mass,english,Our Lady of Guadalupe Church,
"Fri, Mar 06, 2026",2026-03-06,Friday,Our Lady of Victory,"3300 Clarksville St, Paris",(903) 784-1000,Mass,7:00 PM,,Mass,bilingual,,
"Fri, Mar 06, 2026",2026-03-06,Friday,Our Lady of Victory,"3300 Clarksville St, Paris",(903) 784-1000,Mass,8:00 AM,,Mass,english,,
"Fri, Mar 06, 2026",2026-03-06,Friday,Our Lady of Victory,"3300 Clarksville St, Paris",(903) 784-1000,Mass,8:00 AM,,Mass,english,,
"Fri, Mar 06, 2026",2026-03-06,Friday,Our Lady of the Lake,"450 E Cimarron Dr, Mannford",918-245-5840,Mass,8:30 AM,,Mass,English,,
"Fri, Mar 06, 2026",2026-03-06,Friday,Our Mother of Mercy,"1325 Main St, Waynoka",(580) 327-0339,Mass,12:15 PM,,Mass,English,Chapel Parish Hall,check bulletin for occasional cancellations
"Fri, Mar 06, 2026",2026-03-06,Friday,Parish of Christ the King,"1520 S Rockford Ave, Tulsa",+1-918-584-4788,Mass,5:30 PM,,Mass,english,,
"Fri, Mar 06, 2026",2026-03-06,Friday,Parish of Christ the King,"1520 S Rockford Ave, Tulsa",+1-918-584-4788,Mass,8:15 AM,,Mass,english,,
"Fri, Mar 06, 2026",2026-03-06,Friday,Queen of All Saints,"914 N 5th St, Sayre",(580) 225-0066,Mass,12:10 PM,12:45 PM,Daily Mass,English,,
"Fri, Mar 06, 2026",2026-03-06,Friday,Resurrection,"4804 S Fulton Ave, Tulsa",(918) 663-1907,Mass,8:30 AM,,Mass,english,,
"Fri, Mar 06, 2026",2026-03-06,Friday,ST MARK CATHOLIC CHURCH,"1507 S Vann St, Pryor",+1-918-825-4186,Mass,8:15 AM,,Mass,English,,
"Fri, Mar 06, 2026",2026-03-06,Friday,Sacred Heart,"2515 N Main St, Miami",(918) 542-5281,Mass,12:10 PM,,Mass,english,Sacred Heart Catholic Church,
"Fri, Mar 06, 2026",2026-03-06,Friday,Sacred Heart,"627 12th St, Alva",(580) 327-0339,Mass,12:15 PM,,Mass,English,"Chapel Parish Hall, Alva",check bulletin for occasional cancellations
"Fri, Mar 06, 2026",2026-03-06,Friday,Sacred Heart,"409 N Byers Ave, Mangum",(580) 782-2657,Mass,5:00 PM,,Mass,english,Sacred Heart Church,note: Every other Friday
"Fri, Mar 06, 2026",2026-03-06,Friday,Sacred Heart,"320 S B Street, Arkansas City",(620) 442-0566,Mass,6:00 PM,,Mass,english,Sacred Heart Catholic Church,
"Fri, Mar 06, 2026",2026-03-06,Friday,Sacred Heart,"714 N Main St, Muenster",(940) 759-2500,Mass,6:30 AM,,Mass,English,,
"Fri, Mar 06, 2026",2026-03-06,Friday,Sacred Heart,"2706 S Shartel Ave, Oklahoma City",(405) 634-2458,Mass,6:30 PM,,Mass,spanish,,
"Fri, Mar 06, 2026",2026-03-06,Friday,Sacred Heart,"2706 S Shartel Ave, Oklahoma City",(405) 634-2458,Mass,7:00 AM,,Mass,english,,
"Fri, Mar 06, 2026",2026-03-06,Friday,Sacred Heart,"320 S B Street, Arkansas City",(620) 442-0566,Mass,8:00 AM,,Mass,english,Sacred Heart Catholic Church,
"Fri, Mar 06, 2026",2026-03-06,Friday,Sacred Heart,"301 N Hooker, Caney",(620) 647-3577,Mass,8:00 AM,,Mass,English,Caney - Sacred Heart,
"Fri, Mar 06, 2026",2026-03-06,Friday,Sacred Heart,"714 N Main St, Muenster",(940) 759-2500,Mass,8:00 AM,,Mass,english,,
"Fri, Mar 06, 2026",2026-03-06,Friday,Sacred Heart,"1777 E Grayson Ave, Sapulpa",(918) 224-0944,Mass,9:00 AM,,Mass,english,,
"Fri, Mar 06, 2026",2026-03-06,Friday,Sacred Heart,"109 W 5th St, Skiatook",(918) 396-1179,Mass,9:00 AM,,Mass,English,Sacred Heart Church,
"Fri, Mar 06, 2026",2026-03-06,Friday,Sacred Heart of Mary,"1301 Frank St, Barling",(479) 452-1795 or (479) 522-4245 (Fr. Tuyen),Mass,7:00 PM,,Mass,vietnamese,"Sacred Heart of Mary, Barling",
"Fri, Mar 06, 2026",2026-03-06,Friday,Sacred Heart of Mary,"1301 Frank St, Barling",(479) 452-1795 or (479) 522-4245 (Fr. Tuyen),Mass,8:00 AM,,Mass,english,"Sacred Heart of Mary, Barling",
"Fri, Mar 06, 2026",2026-03-06,Friday,St Catherine of Alexandria Catholic Church,"4532 S 25th W Ave, Tulsa",(918) 446-8124,Mass,8:00 AM,,Mass,english,,
"Fri, Mar 06, 2026",2026-03-06,Friday,St Joseph Catholic Church,"321 N Virginia St, Muskogee",+1-918-687-1351,Mass,12:00 PM,,Mass,English,St. Joseph Catholic Church,
"Fri, Mar 06, 2026",2026-03-06,Friday,St Joseph Catholic Church,"321 N Virginia St, Muskogee",+1-918-687-1351,Mass,8:15 AM,,Mass,english,St. Joseph Catholic Church,
"Fri, Mar 06, 2026",2026-03-06,Friday,St Rose of Lima,"115 W Walnut St, Columbus",(620) 429-2639,Mass,8:00 AM,,Mass,English,St. Rose of Lima,
"Fri, Mar 06, 2026",2026-03-06,Friday,St Thomas More University Parish and Student Center,"100 Stinson St, Norman",(405) 321-0990,Mass,7:30 AM,,Mass,English,,
"Fri, Mar 06, 2026",2026-03-06,Friday,St. Andrew Dung-Lac,"3115 SW 59th St, Oklahoma City",(405) 681-2665,Mass,5:30 PM,,Mass,vietnamese,3115 S. W. 59th St Oklahoma City,
"Fri, Mar 06, 2026",2026-03-06,Friday,St. Ann,"8492 State Hwy 17, Elgin",(580) 492-5914,Mass,9:15 AM,,Mass,English,St. Ann,
"Fri, Mar 06, 2026",2026-03-06,Friday,St. Anne,"301 S 9th St, Broken Arrow",(918) 251-4000,Mass,8:00 AM,,Mass,English,,
"Fri, Mar 06, 2026",2026-03-06,Friday,St. Anthony,"515 S Morton Ave, Okmulgee",(918) 756-4385,Mass,7:30 AM,,Mass,English,St. Anthony,
"Fri, Mar 06, 2026",2026-03-06,Friday,St. Anthony of Padua,"1510 N Calhoun Ave , Liberal",(620) 624-4135,Mass,12:05 PM,,Mass,spanish,,
"Fri, Mar 06, 2026",2026-03-06,Friday,St. Anthony of Padua,"1510 N Calhoun Ave , Liberal",(620) 624-4135,Mass,7:15 AM,,Mass,english,,
"Fri, Mar 06, 2026",2026-03-06,Friday,St. Barbara Catholic Community  (Grieson Chapel),"3280 Crane Ave, Fort Sill",(580) 442-3302,Mass,11:45 AM,,Roman Catholic Mass,English,"Sheridan Hall, BLDG 652 Hamilton Road, 2nd Floor",
"Fri, Mar 06, 2026",2026-03-06,Friday,St. Benedict,"632 N Kickapoo Ave, Shawnee",(405) 275-0001,Mass,12:10 PM,,Mass,english,,
"Fri, Mar 06, 2026",2026-03-06,Friday,St. Benedict,"2200 W Ithica St, Broken Arrow",(918) 455-4451,Mass,6:30 AM,7:00 AM,Mass,English,,
"Fri, Mar 06, 2026",2026-03-06,Friday,St. Benedict,"2200 W Ithica St, Broken Arrow",(918) 455-4451,Mass,8:30 AM,,Mass,English,,
"Fri, Mar 06, 2026",2026-03-06,Friday,St. Bernard of Clairvaux,"4001 E 101st St, Tulsa",(918) 299-9406,Mass,8:30 AM,,Mass,English,main church,
"Fri, Mar 06, 2026",2026-03-06,Friday,St. Boniface,"204 N 18th St, Fort Smith",(479) 783-6711,Mass,8:00 AM,,Mass,english,St. Boniface,
"Fri, Mar 06, 2026",2026-03-06,Friday,St. Brigid,"807 Crafton St, Tahlequah",(918) 456-8388,Mass,8:15 AM,,Mass,English,,
"Fri, Mar 06, 2026",2026-03-06,Friday,St. Catherine of Siena,"205 W Bert St, Pauls Valley",(405) 238-3741,Mass,7:00 PM,,Mass,bilingual,,
"Fri, Mar 06, 2026",2026-03-06,Friday,St. Cecilia,"1304 N Dorothy Ave, Claremore",(918) 341-2343,Mass,8:15 AM,,Mass,English,,Weekday Mass
"Fri, Mar 06, 2026",2026-03-06,Friday,St. Charles Borromeo,"5024 N Grove, Warr Acres",(405) 789-2595,Mass,7:00 AM,,Mass,english,,livestream
"Fri, Mar 06, 2026",2026-03-06,Friday,St. Clement,"15501 S Memorial Dr, Bixby",(918) 366-3166,Mass,8:30 AM,,Mass,English,St. Clement Catholic Church,
"Fri, Mar 06, 2026",2026-03-06,Friday,St. Damien of Molokai,"8455 NW 234th St, Edmond",(405) 330-9968,Mass,6:00 PM,,Low Mass,English,,note: cancelled if only one priest available
"Fri, Mar 06, 2026",2026-03-06,Friday,St. Damien of Molokai,"8455 NW 234th St, Edmond",(405) 330-9968,Mass,8:00 AM,,Low Mass,English,,
"Fri, Mar 06, 2026",2026-03-06,Friday,St. Eugene,"2400 W Hefner Rd, Oklahoma City",(405) 751-7115,Mass,5:30 PM,,Mass,english,Church,
"Fri, Mar 06, 2026",2026-03-06,Friday,St. Eugene,"704 N Bryan St, Weatherford",(580) 772-3209,Mass,9:00 AM,,Mass,english,St. Eugene,
"Fri, Mar 06, 2026",2026-03-06,Friday,St. Francis Hospital Chapel,"6161 S Yale Ave, Tulsa",,Mass,7:15 AM,,Mass,English,Saint Francis Hospital Chapel,livestream; note: Televised in patient rooms on Channel 15
"Fri, Mar 06, 2026",2026-03-06,Friday,St. Francis Xavier,"2110 N Dogwood St, Sallisaw",(918) 775-6217,Mass,10:00 AM,,Mass,English,"St. Francis Xavier, Sallisaw",
"Fri, Mar 06, 2026",2026-03-06,Friday,St. Francis Xavier,"110 N Madison St, Enid",(580) 237-0812,Mass,12:05 PM,,Mass,English,St. Francis Xavier,
"Fri, Mar 06, 2026",2026-03-06,Friday,St. Francis Xavier,"711 N Country Club Rd, Stillwater",(405) 372-6886,Mass,12:10 PM,,Mass,english,,
"Fri, Mar 06, 2026",2026-03-06,Friday,St. Francis de Sales,"13 S.E Jefferson St, Idabel",(580) 286-3275,Mass,8:30 AM,,Mass,english,,
"Fri, Mar 06, 2026",2026-03-06,Friday,St. Francis of Assisi,"1901 NW 18th St, Oklahoma City",(405) 528-0485,Mass,7:30 AM,,Mass,english,,
"Fri, Mar 06, 2026",2026-03-06,Friday,St. Gregory's Abbey,"1900 W MacArthur St, Shawnee",(405) 878-5491,Mass,5:30 AM,,Vigils,English,,
"Fri, Mar 06, 2026",2026-03-06,Friday,St. Gregory's Abbey,"1900 W MacArthur St, Shawnee",(405) 878-5491,Mass,5:30 AM,,Vigils,English,,
"Fri, Mar 06, 2026",2026-03-06,Friday,St. Henry,"8500 N Owasso Expressway, Owasso",(918) 272-3710,Mass,8:45 AM,,Mass,english,,
"Fri, Mar 06, 2026",2026-03-06,Friday,St. James the Greater,"4201 S McKinley Ave, Oklahoma City",(405) 636-6800,Mass,8:30 AM,,Mass,English,,
"Fri, Mar 06, 2026",2026-03-06,Friday,St. John,"300 E Washington Ave, Mcalester",(918) 423-0810,Mass,5:30 PM,,Mass,English,Church,
"Fri, Mar 06, 2026",2026-03-06,Friday,St. John Before the Latin Gate Catholic Church,"715 S Johnstone Ave, Bartlesville",(918) 336-4353,Mass,9:00 AM,,Mass,English,St. John,
"Fri, Mar 06, 2026",2026-03-06,Friday,St. John Catholic Student Center (Oklahoma State University),"201 N Knoblock St, Stillwater",(405) 372-6408,Mass,7:30 AM,,Mass,English,,
"Fri, Mar 06, 2026",2026-03-06,Friday,St. John Nepomuk,"600 S Garth Brooks Blvd, Yukon",(405) 354-2743,Mass,8:30 AM,,Mass,English,,check the bulletin and website calendar for current Mass times
"Fri, Mar 06, 2026",2026-03-06,Friday,St. John the Baptist,"900 S Littler Ave, Edmond",(405) 340-0691,Mass,5:30 PM,,Mass,English,St. John the Baptist Catholic Church,
"Fri, Mar 06, 2026",2026-03-06,Friday,St. John the Baptist,"900 S Littler Ave, Edmond",(405) 340-0691,Mass,7:30 AM,,Mass,English,St. John the Baptist Catholic Church,
"Fri, Mar 06, 2026",2026-03-06,Friday,St. Joseph,"321 N Virginia St, Muskogee",(918) 687-1351,Mass,12:00 PM,,Mass,English,St. Joseph Catholic Church,
"Fri, Mar 06, 2026",2026-03-06,Friday,St. Joseph,"211 N Porter, Norman",(405) 321-8080,Mass,12:05 PM,,Mass,english,Chapel,
"Fri, Mar 06, 2026",2026-03-06,Friday,St. Joseph,"421 S Pettit, Hominy",(918) 358-2333,Mass,5:30 PM,,Mass,english,St. Joseph Parish,Hominy
"Fri, Mar 06, 2026",2026-03-06,Friday,St. Joseph,"290 NW Church St, Krebs",(918) 423-6695,Mass,8:00 AM,,Mass,english,Chapel,
"Fri, Mar 06, 2026",2026-03-06,Friday,St. Joseph,"321 N Virginia St, Muskogee",(918) 687-1351,Mass,8:15 AM,,Mass,english,St. Joseph Catholic Church,
"Fri, Mar 06, 2026",2026-03-06,Friday,St. Joseph Old Cathedral,"307 NW 4th St, Oklahoma City",(405) 235-4565,Mass,12:00 PM,,Mass,English,,
"Fri, Mar 06, 2026",2026-03-06,Friday,St. Joseph [Thánh Giuse],"14905 E 21st St S, Tulsa",(918) 438-1380,Mass,6:00 PM,,Mass,English,,
"Fri, Mar 06, 2026",2026-03-06,Friday,St. Joseph's Catholic Church,"211 N Porter Ave, Norman",+1-405-321-8080,Mass,12:05 PM,,Mass,english,Chapel,
"Fri, Mar 06, 2026",2026-03-06,Friday,St. Jude Thaddeus,"600 Davey Dr, Burkburnett",(940) 569-1222,Mass,8:00 AM,,Mass,english,St. Jude Thaddeus,Burkburnett
"Fri, Mar 06, 2026",2026-03-06,Friday,St. Mark,"1507 S Vann St, Pryor",(918) 825-4186,Mass,8:15 AM,,Mass,English,St. Mark Catholic Church,
"Fri, Mar 06, 2026",2026-03-06,Friday,St. Mark the Evangelist,"3939 W Tecumseh Rd, Norman",(405) 366-7676,Mass,12:00 PM,,Mass,English,,
"Fri, Mar 06, 2026",2026-03-06,Friday,St. Mary,"101 E Street SW, Ardmore",(580) 223-0231,Mass,12:00 PM,,Mass,english,,
"Fri, Mar 06, 2026",2026-03-06,Friday,St. Mary,"1218 Knox Ave, Clinton",(580) 323-0345,Mass,12:00 PM,,Mass,english,"St. Mary's Clinton, Ok",
"Fri, Mar 06, 2026",2026-03-06,Friday,St. Mary,"707 E Ponca Ave, Ponca City",(580) 765-7794,Mass,12:10 PM,,Mass,english,Chapel,
"Fri, Mar 06, 2026",2026-03-06,Friday,St. Mary,"1347 E 49th Pl, Tulsa",(918) 749-1423,Mass,6:30 AM,,Mass,English,Church of Saint Mary,
"Fri, Mar 06, 2026",2026-03-06,Friday,St. Mary,"825 N Weaver St, Gainesville",(940) 665-5395,Mass,8:00 AM,,Mass,english,,
"Fri, Mar 06, 2026",2026-03-06,Friday,St. Mary,"105 S Barrett St, Henrietta",(940) 538-4214,Mass,8:00 AM,,Mass,english,"St. Mary's Catholic Church, Henrietta TX",
"Fri, Mar 06, 2026",2026-03-06,Friday,St. Mary,"1230 E 7th St, Joplin",14176233333,Mass,8:30 AM,,Mass,English,St. Mary’s Catholic Church,
"Fri, Mar 06, 2026",2026-03-06,Friday,St. Mary,"1347 E 49th Pl, Tulsa",(918) 749-1423,Mass,9:00 AM,,Mass,English,Church of Saint Mary,
"Fri, Mar 06, 2026",2026-03-06,Friday,St. Mary ,"3035 S Central City Rd, Joplin",(417) 623-3333,Mass,8:30 AM,,Mass,English,,
"Fri, Mar 06, 2026",2026-03-06,Friday,St. Mary's,"321 S Cimarron Ave, Drumright",(918) 225-0644,Mass,8:00 AM,,Mass,english,St. Mary Parish,Drumright
"Fri, Mar 06, 2026",2026-03-06,Friday,St. Matthew,"3001 E Hwy 66, Elk City",(580) 225-0066,Mass,12:10 PM,12:45 PM,Daily Mass,English,,
"Fri, Mar 06, 2026",2026-03-06,Friday,St. Michael,"1025 E Pointer Trail , Van Buren",(479) 471-1211,Mass,8:00 AM,,Mass,English,,
"Fri, Mar 06, 2026",2026-03-06,Friday,St. Michael,"1004 W Gentry St, Henryetta",(918) 652-3445,Mass,9:00 AM,,Mass,english,St. Michael,
"Fri, Mar 06, 2026",2026-03-06,Friday,St. Monica,"2001 N Western Ave, Edmond",(405) 359-2700,Mass,7:30 AM,,Mass,English,Chapel,
"Fri, Mar 06, 2026",2026-03-06,Friday,St. Monica,"633 E Marshall Pl, Tulsa",(918) 607-8681,Mass,9:00 AM,,Mass,English,Church,
"Fri, Mar 06, 2026",2026-03-06,Friday,St. Patrick,"314 N Rusk Ave, Denison",(903) 463-3275,Mass,12:00 PM,,Mass,english,,
"Fri, Mar 06, 2026",2026-03-06,Friday,St. Patrick,"2121 N Portland Ave, Oklahoma City",(405) 946-4441,Mass,5:45 PM,,Mass,english,,Every in Lent; 2026-02-20 to 2026-03-27
"Fri, Mar 06, 2026",2026-03-06,Friday,St. Patrick,"2121 N Portland Ave, Oklahoma City",(405) 946-4441,Mass,6:15 PM,,Mass,spanish,,Every in Lent; 2026-02-20 to 2026-03-27
"Fri, Mar 06, 2026",2026-03-06,Friday,St. Patrick,"2121 N Portland Ave, Oklahoma City",(405) 946-4441,Mass,8:15 AM,,Mass,english,,
"Fri, Mar 06, 2026",2026-03-06,Friday,St. Patrick,"1101 W Petree Rd, Anadarko",(405) 247-5255,Mass,8:30 AM,,Mass,English,St. Patrick,
"Fri, Mar 06, 2026",2026-03-06,Friday,St. Patrick,"204 E 4th St, Sand Springs",(918) 245-5840,Mass,8:30 AM,,Mass,english,St. Patrick,
"Fri, Mar 06, 2026",2026-03-06,Friday,St. Patrick,"2103 S Mississippi Ave (US Hwy 69/75), Atoka",(580) 924-1989,Mass,9:00 AM,,Mass,English,"St. Patrick, Atoka",
"Fri, Mar 06, 2026",2026-03-06,Friday,St. Patrick,"2121 N Portland Ave, Oklahoma City",(405) 946-4441,Mass,9:00 AM,,Mass,bilingual,,Every in Lent; 2026-02-20 to 2026-03-27
"Fri, Mar 06, 2026",2026-03-06,Friday,St. Paul the Apostle,"3901 S Sunnylane Rd, Del City",(405) 677-4873,Mass,9:00 AM,,Mass,English,,
"Fri, Mar 06, 2026",2026-03-06,Friday,St. Peter,"E 2 and Quapaw, Lindsay",(405) 527-3077,Mass,12:00 PM,,Mass,english,,
"Fri, Mar 06, 2026",2026-03-06,Friday,St. Peter,"E 2 and Quapaw, Lindsay",(405) 527-3077,Mass,6:00 PM,,Mass,English,,
"Fri, Mar 06, 2026",2026-03-06,Friday,St. Peter,"2020 Oklahoma Ave, Woodward",(580) 256-5305,Mass,7:00 AM,,Mass,bilingual,St. Peter in Woodward,
"Fri, Mar 06, 2026",2026-03-06,Friday,St. Peter,"424 W Main St, Lindsay",(940) 668-7609,Mass,7:40 AM,,Mass,english,St. Peter's,
"Fri, Mar 06, 2026",2026-03-06,Friday,St. Peter Catholic Church,"East 2 and Quapaw, Lindsay",+1-405-527-3077,Mass,7:40 AM,,Mass,english,St. Peter's,
"Fri, Mar 06, 2026",2026-03-06,Friday,St. Philip Neri,"1107 Felix Pl, Midwest City",(405) 737-4476,Mass,9:00 AM,,Mass,English,,check the calendar for this week's masses
"Fri, Mar 06, 2026",2026-03-06,Friday,St. Philip Neri Newman Center,"440 S Florence Ave, Tulsa",19185990204,Mass,12:00 PM,,Mass,English,,during the academic year
"Fri, Mar 06, 2026",2026-03-06,Friday,St. Philip Neri Newman Center,"440 S Florence Ave, Tulsa",(918) 599-0204,Mass,12:00 PM,,Mass,English,,during the academic year
"Fri, Mar 06, 2026",2026-03-06,Friday,St. Pius X,"1727 S 75th E Ave, Tulsa",(918) 622-4488,Mass,8:30 AM,,Mass,english,,
"Fri, Mar 06, 2026",2026-03-06,Friday,St. Rose of Lima,"900 N Clarence Nash Blvd, Watonga",(580) 623-7740,Mass,8:00 AM,,Mass,english,,
"Fri, Mar 06, 2026",2026-03-06,Friday,St. Therese,"1007 N 19th St, Collinsville",(918) 371-2704,Mass,9:00 AM,,Mass,english,,
"Fri, Mar 06, 2026",2026-03-06,Friday,St. Thomas More,"2720 S 129th E Ave, Tulsa",(918) 437-0168,Mass,7:00 PM,,Mass,spanish,St. Thomas More Parish,
"Fri, Mar 06, 2026",2026-03-06,Friday,St. Thomas More,"2720 S 129th E Ave, Tulsa",(918) 437-0168,Mass,9:00 AM,,Mass,english,St. Thomas More Parish,
"Fri, Mar 06, 2026",2026-03-06,Friday,St. Vincent de Paul,"15842 S 297th E Ave, Coweta",(918) 486-4757,Mass,6:45 PM,,Mass,English,,
"Fri, Mar 06, 2026",2026-03-06,Friday,Sts. Peter and Paul,"405 E Oak, Cushing",(918) 225-0644,Mass,12:00 PM,,Mass,english,Sts. Peter and Paul Parish,Cushing
"Fri, Mar 06, 2026",2026-03-06,Friday,Sts. Peter and Paul,"1419 N 67th E Ave, Tulsa",(918) 836-2596,Mass,6:00 PM,,Mass,spanish,,
"Fri, Mar 06, 2026",2026-03-06,Friday,Sts. Peter and Paul,"309 S Main St, Kingfisher",(405) 375-4616 ,Mass,8:00 AM,,Mass,english,,
"Fri, Mar 06, 2026",2026-03-06,Friday,Sts. Peter and Paul,"1419 N 67th E Ave, Tulsa",(918) 836-2596,Mass,8:00 AM,,Mass,english,,
"Fri, Mar 06, 2026",2026-03-06,Friday,Blessed Stanley Rother Shrine,"700 SE 89th St, Oklahoma City",(405) 421-9800,Confession,11:30 AM,12:00 PM,Confession,English,Blessed Stanley Rother Shrine,
"Fri, Mar 06, 2026",2026-03-06,Friday,Corpus Christi,"1616 N Kelley Ave, Oklahoma City",(405) 236-4301,Confession,11:40 AM,12:05 PM,Confession,English,Corpus Christi Church,
"Fri, Mar 06, 2026",2026-03-06,Friday,Holy Cross,"1010 S Fifth Ave, Madill",(580) 795-3721,Confession,6:00 PM,,Confession,English,,
"Fri, Mar 06, 2026",2026-03-06,Friday,Holy Family Cathedral,"820 S Boulder Ave, Tulsa",918-582-6247,Confession,11:35 AM,,Confessions,English,Holy Family Cathedral,
"Fri, Mar 06, 2026",2026-03-06,Friday,Holy Family Cathedral,"820 S Boulder Ave, Tulsa",918-582-6247,Confession,6:30 AM,,Confessions,English,Holy Family Cathedral,
"Fri, Mar 06, 2026",2026-03-06,Friday,Holy Name,"408 Willow St, Coffeyville",(620) 251-0475,Confession,7:45 AM,8:10 AM,Confessions,English,Holy Name Catholic Church,
"Fri, Mar 06, 2026",2026-03-06,Friday,Immaculate Conception,"1314 Lynn Ave, Pawhuska",(918) 287-1414,Confession,5:30 PM,,Adoration/Confession,English,Pawhuska,adoration
"Fri, Mar 06, 2026",2026-03-06,Friday,Most Precious Blood,"3029 S 57th W Ave, Tulsa",918-615-8404,Confession,5:00 PM,,"Adoration, Exposition, and Confession",English,,
"Fri, Mar 06, 2026",2026-03-06,Friday,National Shrine of the Infant Jesus of Prague,"304 Jim Thorpe Blvd, Prague",(405) 567-3080,Confession,4:00 AM,6:00 AM,Confessions,English,National Shrine of the Infant Jesus,after Mass
"Fri, Mar 06, 2026",2026-03-06,Friday,National Shrine of the Infant Jesus of Prague,"304 Jim Thorpe Blvd, Prague",(405) 567-3080,Confession,8:30 AM,3:00 PM,Confessions,English,National Shrine of the Infant Jesus,or by appointment
"Fri, Mar 06, 2026",2026-03-06,Friday,Our Lady of Victory,"3300 Clarksville St, Paris",(903) 784-1000,Confession,8:30 AM,9:30 AM,Confession,English,,
"Fri, Mar 06, 2026",2026-03-06,Friday,Parish of Christ the King,"1520 S Rockford Ave, Tulsa",+1-918-584-4788,Confession,5:00 PM,5:30 PM,Confession,English,"Mary, Queen of Peace Chapel Confessional",
"Fri, Mar 06, 2026",2026-03-06,Friday,Queen of All Saints,"914 N 5th St, Sayre",(580) 225-0066,Confession,11:00 AM,12:00 PM,Adoration and Confession,English,,exposition; benediction
"Fri, Mar 06, 2026",2026-03-06,Friday,Sacred Heart,"320 S B Street, Arkansas City",(620) 442-0566,Confession,5:00 PM,6:00 PM,Confession,English,Sacred Heart Catholic Church,
"Fri, Mar 06, 2026",2026-03-06,Friday,Sacred Heart,"2706 S Shartel Ave, Oklahoma City",(405) 634-2458,Confession,5:30 PM,,Confessions,English,,
"Fri, Mar 06, 2026",2026-03-06,Friday,Sacred Heart,"320 S B Street, Arkansas City",(620) 442-0566,Confession,7:30 AM,8:00 AM,Confession,English,Sacred Heart Catholic Church,
"Fri, Mar 06, 2026",2026-03-06,Friday,Sacred Heart,"301 N Main St, Mooreland",(580) 256-5305,Confession,7:30 AM,8:00 AM,Confession,English,,after 7 AM Mass; or by appointment
"Fri, Mar 06, 2026",2026-03-06,Friday,Sacred Heart of Mary,"1301 Frank St, Barling",(479) 452-1795 or (479) 522-4245 (Fr. Tuyen),Confession,6:00 PM,6:20 PM,Confessions,vietnamese,"Sacred Heart of Mary, Barling",
"Fri, Mar 06, 2026",2026-03-06,Friday,St Catherine of Alexandria Catholic Church,"4532 S 25th W Ave, Tulsa",(918) 446-8124,Confession,TBD,,Confession,English,,before Mass; as requested
"Fri, Mar 06, 2026",2026-03-06,Friday,St. Andrew Dung-Lac,"3115 SW 59th St, Oklahoma City",(405) 681-2665,Confession,5:00 PM,,Confessions,English,3115 S. W. 59th St Oklahoma City,30 phút trước thánh lễ
"Fri, Mar 06, 2026",2026-03-06,Friday,St. Benedict,"632 N Kickapoo Ave, Shawnee",(405) 275-0001,Confession,6:00 PM,7:00 PM,Confession,english,,
"Fri, Mar 06, 2026",2026-03-06,Friday,St. Francis Xavier,"110 N Madison St, Enid",(580) 237-0812,Confession,10:30 AM,11:30 AM,Reconciliation,English,St. Francis Xavier,
"Fri, Mar 06, 2026",2026-03-06,Friday,St. Francis Xavier,"110 N Madison St, Enid",(580) 237-0812,Confession,11:00 AM,11:45 AM,Reconciliation,English,St. Francis Xavier,
"Fri, Mar 06, 2026",2026-03-06,Friday,St. Francis Xavier,"711 N Country Club Rd, Stillwater",(405) 372-6886,Confession,11:30 AM,12:00 PM,Confession,english,,
"Fri, Mar 06, 2026",2026-03-06,Friday,St. Francis of Assisi,"1901 NW 18th St, Oklahoma City",(405) 528-0485,Confession,7:00 AM,7:20 AM,Confession,English,,Before Daily Mass in the presiding priest’s office.
"Fri, Mar 06, 2026",2026-03-06,Friday,St. John Catholic Student Center (Oklahoma State University),"201 N Knoblock St, Stillwater",(405) 372-6408,Confession,8:00 AM,8:50 AM,Confession,English,,
"Fri, Mar 06, 2026",2026-03-06,Friday,St. John the Baptist,"900 S Littler Ave, Edmond",(405) 340-0691,Confession,4:00 PM,5:00 PM,Reconciliation,English,St. John the Baptist Catholic Church,
"Fri, Mar 06, 2026",2026-03-06,Friday,St. Joseph,"211 N Porter, Norman",(405) 321-8080,Confession,10:30 AM,,Confession,English,Chapel Confessional,
"Fri, Mar 06, 2026",2026-03-06,Friday,St. Joseph Old Cathedral,"307 NW 4th St, Oklahoma City",(405) 235-4565,Confession,10:45 AM,11:45 AM,Reconciliation,English,,
"Fri, Mar 06, 2026",2026-03-06,Friday,St. Joseph's Catholic Church,"211 N Porter Ave, Norman",+1-405-321-8080,Confession,10:30 AM,,Confession,English,Chapel Confessional,
"Fri, Mar 06, 2026",2026-03-06,Friday,St. Matthew,"3001 E Hwy 66, Elk City",(580) 225-0066,Confession,11:00 AM,12:00 PM,Adoration and Confession,English,,
"Fri, Mar 06, 2026",2026-03-06,Friday,St. Michael,"1025 E Pointer Trail , Van Buren",(479) 471-1211,Confession,TBD,,Confessions,English,,30 minutes before each Weekday Mass; except on Tuesday morning and Wednesday evening
"Fri, Mar 06, 2026",2026-03-06,Friday,St. Patrick,"2121 N Portland Ave, Oklahoma City",(405) 946-4441,Confession,5:00 PM,5:30 PM,Confession,English,,Every in Lent; 2026-02-20 to 2026-03-27
"Fri, Mar 06, 2026",2026-03-06,Friday,St. Peter,"2020 Oklahoma Ave, Woodward",(580) 256-5305,Confession,7:30 AM,8:00 AM,Confession,English,,
"Fri, Mar 06, 2026",2026-03-06,Friday,St. Peter,"2020 Oklahoma Ave, Woodward",(580) 256-5305,Confession,TBD,,Confession,English,,Friday after Mass; after Mass; by appointment
"Fri, Mar 06, 2026",2026-03-06,Friday,St. Teresa of Avila,"1576 Tim Holt Dr, Harrah",(405) 454-2819,Confession,8:00 AM,8:30 AM,Confession,English,St. Teresa of Avila,
"Fri, Mar 06, 2026",2026-03-06,Friday,St. Therese,"1007 N 19th St, Collinsville",(918) 371-2704,Confession,9:25 AM,10:00 AM,Confession,English,,
"Fri, Mar 06, 2026",2026-03-06,Friday,Sts. Peter and Paul,"1419 N 67th E Ave, Tulsa",(918) 836-2596,Confession,4:30 PM,5:30 PM,Confessions,English,,
"Fri, Mar 06, 2026",2026-03-06,Friday,Assumption of the Blessed Virgin Mary,"711 W Hickory Ave, Duncan",(580) 255-0590,Adoration,TBD,,Adoration,English,Duncan/Marlow,30 minutes before Mass; exposition
"Fri, Mar 06, 2026",2026-03-06,Friday,Blessed Stanley Rother Shrine,"700 SE 89th St, Oklahoma City",(405) 421-9800,Adoration,1:00 PM,2:00 PM,Adoration,English,Blessed Stanley Rother Shrine,exposition
"Fri, Mar 06, 2026",2026-03-06,Friday,Chapel of St. Joseph,"7th and Seminole, Wewoka",(405) 382-3602,Adoration,12:40 PM,1:40 PM,Adoration of the Blessed Sacrament,English,,exposition; benediction
"Fri, Mar 06, 2026",2026-03-06,Friday,Church of Saint Benedict,"2200 W Ithica St, Broken Arrow",+1-918-455-4451,Adoration,6:00 AM,6:30 AM,Adoration,English,,
"Fri, Mar 06, 2026",2026-03-06,Friday,Holy Cross,"1010 S Fifth Ave, Madill",(580) 795-3721,Adoration,8:30 AM,,Adoration,English,,exposition
"Fri, Mar 06, 2026",2026-03-06,Friday,Holy Innocents,"6114 N.W 63rd, Warr Acres",(580) 255-0590,Adoration,8:30 AM,6:00 PM,Adoration,English,Adoration Chapel,exposition
"Fri, Mar 06, 2026",2026-03-06,Friday,Holy Name,"408 Willow St, Coffeyville",(620) 251-0475,Adoration,8:45 AM,9:45 AM,Adoration,English,Church,exposition; benediction
"Fri, Mar 06, 2026",2026-03-06,Friday,Holy Name of Jesus,"210 S 7th St, Chickasha",(405) 224-6068,Adoration,8:00 AM,5:45 PM,Adoration,English,,
"Fri, Mar 06, 2026",2026-03-06,Friday,Holy Rosary,"912 Cherokee Ave, Hartshorne",(918) 308-3312,Adoration,9:30 AM,7:30 PM,Adoration,English,Holy Rosary Parish,Hartshorne
"Fri, Mar 06, 2026",2026-03-06,Friday,Our Lady of the Lake,"450 E Cimarron Dr, Mannford",918-245-5840,Adoration,5:00 PM,,Adoration,English,,exposition
"Fri, Mar 06, 2026",2026-03-06,Friday,Parish of Christ the King,"1520 S Rockford Ave, Tulsa",+1-918-584-4788,Adoration,9:00 AM,5:30 PM,Adoration,English,"Mary, Queen of Peace Chapel",
"Fri, Mar 06, 2026",2026-03-06,Friday,Resurrection,"4804 S Fulton Ave, Tulsa",(918) 663-1907,Adoration,10:00 AM,12:00 PM,Adoration,English,,
"Fri, Mar 06, 2026",2026-03-06,Friday,Sacred Heart,"1777 E Grayson Ave, Sapulpa",(918) 224-0944,Adoration,6:00 PM,7:00 PM,Exposition of the Blessed Sacrament,English,,
"Fri, Mar 06, 2026",2026-03-06,Friday,Sacred Heart,"301 N Main St, Mooreland",(580) 256-5305,Adoration,7:30 AM,4:45 PM,Adoration,English,,exposition
"Fri, Mar 06, 2026",2026-03-06,Friday,Sacred Heart,"47943 Abbey Rd, Konawa",(580) 925-2145,Adoration,9:00 AM,7:30 PM,Adoration,English,Sacred Heart,exposition
"Fri, Mar 06, 2026",2026-03-06,Friday,Sacred Heart of Mary,"1301 Frank St, Barling",(479) 452-1795 or (479) 522-4245 (Fr. Tuyen),Adoration,6:30 PM,7:00 PM,Adoration,vietnamese,"Sacred Heart of Mary, Barling",exposition
"Fri, Mar 06, 2026",2026-03-06,Friday,Saint Patrick Catholic Church,"202 E Ohio Ave, Walters",+1-580-255-0590,Adoration,TBD,,Adoration,English,,30 minutes before Mass
"Fri, Mar 06, 2026",2026-03-06,Friday,San Jose,"12th St and Lincoln St, Ryan",(580) 255-0590,Adoration,TBD,,Adoration,English,,30 minutes before Mass; exposition
"Fri, Mar 06, 2026",2026-03-06,Friday,St Rose of Lima,"115 W Walnut St, Columbus",(620) 429-2639,Adoration,8:30 AM,12:00 PM,Adoration,English,St. Rose of Lima,exposition
"Fri, Mar 06, 2026",2026-03-06,Friday,St. Andrew Dung-Lac,"3115 SW 59th St, Oklahoma City",(405) 681-2665,Adoration,6:00 PM,,Adoration,English,3115 S. W. 59th St Oklahoma City,Chầu Thánh Thể sau Thánh Lễ
"Fri, Mar 06, 2026",2026-03-06,Friday,St. Ann,"8492 State Hwy 17, Elgin",(580) 492-5914,Adoration,9:45 AM,10:45 AM,Adoration,English,St. Ann,
"Fri, Mar 06, 2026",2026-03-06,Friday,St. Anne,"301 S 9th St, Broken Arrow",(918) 251-4000,Adoration,9:00 AM,9:00 PM,Adoration,English,Chapel,exposition
"Fri, Mar 06, 2026",2026-03-06,Friday,St. Benedict,"632 N Kickapoo Ave, Shawnee",(405) 275-0001,Adoration,12:40 PM,1:40 PM,Exposition of Eucharist,English,,exposition
"Fri, Mar 06, 2026",2026-03-06,Friday,St. Benedict,"2200 W Ithica St, Broken Arrow",(918) 455-4451,Adoration,6:00 AM,6:30 AM,Adoration,English,,
"Fri, Mar 06, 2026",2026-03-06,Friday,St. Bernard of Clairvaux,"4001 E 101st St, Tulsa",(918) 299-9406,Adoration,9:00 AM,8:00 PM,Adoration of the Blessed Sacrament,English,Good Shepherd Chapel,exposition; chapel
"Fri, Mar 06, 2026",2026-03-06,Friday,St. Brigid,"807 Crafton St, Tahlequah",(918) 456-8388,Adoration,8:00 AM,5:00 PM,Eucharistic Adoration,English,,
"Fri, Mar 06, 2026",2026-03-06,Friday,St. Brigid,"807 Crafton St, Tahlequah",(918) 456-8388,Adoration,9:00 AM,5:00 PM,Eucharistic Adoration,English,,
"Fri, Mar 06, 2026",2026-03-06,Friday,St. Catherine of Siena,"205 W Bert St, Pauls Valley",(405) 238-3741,Adoration,6:00 PM,7:00 PM,Adoration,English,,exposition
"Fri, Mar 06, 2026",2026-03-06,Friday,St. Catherine of Siena,"205 W Bert St, Pauls Valley",(405) 238-3741,Adoration,7:30 PM,7:30 AM,Adoration,English,,exposition; note: ends Saturday at 07:30
"Fri, Mar 06, 2026",2026-03-06,Friday,St. Cecilia,"1304 N Dorothy Ave, Claremore",(918) 341-2343,Adoration,8:45 AM,6:00 PM,Eucharistic Adoration,English,,
"Fri, Mar 06, 2026",2026-03-06,Friday,St. Francis Xavier,"110 N Madison St, Enid",(580) 237-0812,Adoration,7:00 AM,5:00 PM,Adoration,English,St. Francis Xavier,
"Fri, Mar 06, 2026",2026-03-06,Friday,St. Francis de Sales,"13 S.E Jefferson St, Idabel",(580) 286-3275,Adoration,7:00 PM,8:00 PM,Adoration,English,,exposition
"Fri, Mar 06, 2026",2026-03-06,Friday,St. Francis de Sales,"13 S.E Jefferson St, Idabel",(580) 286-3275,Adoration,9:00 AM,10:00 AM,Adoration,English,,All other; exposition
"Fri, Mar 06, 2026",2026-03-06,Friday,St. Francis de Sales,"13 S.E Jefferson St, Idabel",(580) 286-3275,Adoration,9:00 AM,10:00 AM,Adoration,English,,exposition
"Fri, Mar 06, 2026",2026-03-06,Friday,St. Gregory the Great,"1924 W Willow Rd, Enid",(580) 233-4589,Adoration,8:30 AM,3:30 PM,Adoration,English,Adoration Chapel,exposition
"Fri, Mar 06, 2026",2026-03-06,Friday,St. John,"300 E Washington Ave, Mcalester",(918) 423-0810,Adoration,6:00 PM,,Eucharistic Adoration,English,Church,exposition
"Fri, Mar 06, 2026",2026-03-06,Friday,St. John Nepomuk,"600 S Garth Brooks Blvd, Yukon",(405) 354-2743,Adoration,9:00 AM,9:00 PM,Adoration,English,,chapel
"Fri, Mar 06, 2026",2026-03-06,Friday,St. Joseph,"421 S Pettit, Hominy",(918) 358-2333,Adoration,4:30 PM,,Adoration,english,St. Joseph Parish,Hominy
"Fri, Mar 06, 2026",2026-03-06,Friday,St. Joseph,"290 NW Church St, Krebs",(918) 423-6695,Adoration,6:00 PM,7:00 PM,Adoration,English,,exposition
"Fri, Mar 06, 2026",2026-03-06,Friday,St. Joseph Old Cathedral,"307 NW 4th St, Oklahoma City",(405) 235-4565,Adoration,TBD,,Adoration,English,,during Reconciliation; exposition
"Fri, Mar 06, 2026",2026-03-06,Friday,St. Joseph [Thánh Giuse],"14905 E 21st St S, Tulsa",(918) 438-1380,Adoration,5:30 PM,,Adoration,English,,exposition
"Fri, Mar 06, 2026",2026-03-06,Friday,St. Mary,"1347 E 49th Pl, Tulsa",(918) 749-1423,Adoration,12:00 AM,11:59 PM,Adoration,English,Chapel,
"Fri, Mar 06, 2026",2026-03-06,Friday,St. Mary,"825 N Weaver St, Gainesville",(940) 665-5395,Adoration,8:45 AM,9:30 AM,Adoration,English,,Starts after the School Mass
"Fri, Mar 06, 2026",2026-03-06,Friday,St. Patrick,"204 E 4th St, Sand Springs",(918) 245-5840,Adoration,5:00 PM,6:00 PM,Adoration,English,,St. Patrick
"Fri, Mar 06, 2026",2026-03-06,Friday,St. Patrick,"2121 N Portland Ave, Oklahoma City",(405) 946-4441,Adoration,9:00 AM,7:55 PM,Adoration,English,,tags: exposition
"Fri, Mar 06, 2026",2026-03-06,Friday,St. Peter,"2020 Oklahoma Ave, Woodward",(580) 256-5305,Adoration,7:30 AM,4:45 PM,Adoration,English,,exposition
"Fri, Mar 06, 2026",2026-03-06,Friday,St. Peter,"E 2 and Quapaw, Lindsay",(405) 527-3077,Adoration,8:00 AM,5:45 PM,Adoration,English,,exposition
"Fri, Mar 06, 2026",2026-03-06,Friday,St. Peter,"505 W Mitchell Rd, Booker",(806) 435-3802,Adoration,8:30 AM,5:30 PM,Adoration,English,Booker,St. Peter; adoration
"Fri, Mar 06, 2026",2026-03-06,Friday,St. Pius X,"1727 S 75th E Ave, Tulsa",(918) 622-4488,Adoration,9:00 AM,,Adoration,English,,exposition; note: 24 hours until Saturday 09:00
"Fri, Mar 06, 2026",2026-03-06,Friday,St. Vincent de Paul,"15842 S 297th E Ave, Coweta",(918) 486-4757,Adoration,6:00 PM,,Adoration,English,,
"Fri, Mar 06, 2026",2026-03-06,Friday,Assumption of the Blessed Virgin Mary,"711 W Hickory Ave, Duncan",(580) 255-0590,Devotions,7:00 PM,,Stations of the Cross,bilingual,Assumption-Duncan,
"Fri, Mar 06, 2026",2026-03-06,Friday,Christ the King,"1520 S Rockford Ave, Tulsa",(918) 584-4788,Devotions,2:00 PM,3:00 PM,Holy Hour with Kids,English,,family
"Fri, Mar 06, 2026",2026-03-06,Friday,Christ the King,"1520 S Rockford Ave, Tulsa",(918) 584-4788,Devotions,9:00 AM,10:00 AM,Holy Hour with Kids,English,,family
"Fri, Mar 06, 2026",2026-03-06,Friday,Holy Family (Syro-Malabar),"3916 S Highland Park Dr, Oklahoma City",(405) 677-7976,Devotions,6:00 PM,,Holy Qurbana & Novena of Nithya Sahaya Mathav,English,,malayalam
"Fri, Mar 06, 2026",2026-03-06,Friday,Holy Name of Jesus,"210 S 7th St, Chickasha",(405) 224-6068,Devotions,5:45 PM,,Benediction,English,benediction,
"Fri, Mar 06, 2026",2026-03-06,Friday,National Shrine of the Infant Jesus of Prague,"304 Jim Thorpe Blvd, Prague",(405) 567-3080,Devotions,8:30 AM,9:00 AM,Stations of the Cross,English,National Shrine of the Infant Jesus,before Mass
"Fri, Mar 06, 2026",2026-03-06,Friday,Our Lady of the Lake,"450 E Cimarron Dr, Mannford",918-245-5840,Devotions,8:00 AM,,Rosary,English,,chapel
"Fri, Mar 06, 2026",2026-03-06,Friday,Parish of Christ the King,"1520 S Rockford Ave, Tulsa",+1-918-584-4788,Devotions,2:00 PM,3:00 PM,Holy Hour with Kids,English,,family; open to mothers with small children; sounds of life welcome
"Fri, Mar 06, 2026",2026-03-06,Friday,Parish of Christ the King,"1520 S Rockford Ave, Tulsa",+1-918-584-4788,Devotions,9:00 AM,10:00 AM,Holy Hour with Kids,English,,family; open to mothers with small children; sounds of life welcome
"Fri, Mar 06, 2026",2026-03-06,Friday,Sacred Heart,"301 N Main St, Mooreland",(580) 256-5305,Devotions,4:45 PM,,Benediction & Reposition,English,,benediction
"Fri, Mar 06, 2026",2026-03-06,Friday,Sacred Heart,"2515 N Main St, Miami",(918) 542-5281,Devotions,6:30 AM,,Morning Prayer,english,Sacred Heart Catholic Church,
"Fri, Mar 06, 2026",2026-03-06,Friday,Sacred Heart,"109 W 5th St, Skiatook",(918) 396-1179,Devotions,8:30 AM,,Rosary,English,Sacred Heart Church,
"Fri, Mar 06, 2026",2026-03-06,Friday,St. Brigid,"807 Crafton St, Tahlequah",(918) 456-8388,Devotions,5:30 PM,,Stations of the Cross during Lent,english,,
"Fri, Mar 06, 2026",2026-03-06,Friday,St. Brigid,"807 Crafton St, Tahlequah",(918) 456-8388,Devotions,7:00 PM,,Stations of the Cross during Lent,spanish,,
"Fri, Mar 06, 2026",2026-03-06,Friday,St. Francis de Sales,"13 S.E Jefferson St, Idabel",(580) 286-3275,Devotions,7:50 PM,,Benediction,English,,benediction
"Fri, Mar 06, 2026",2026-03-06,Friday,St. Francis de Sales,"13 S.E Jefferson St, Idabel",(580) 286-3275,Devotions,9:50 AM,,Benediction,English,,benediction
"Fri, Mar 06, 2026",2026-03-06,Friday,St. Gregory's Abbey,"1900 W MacArthur St, Shawnee",(405) 878-5491,Devotions,11:00 AM,,Holy Hour,English,,livestream; exposition; benediction
"Fri, Mar 06, 2026",2026-03-06,Friday,St. Gregory's Abbey,"1900 W MacArthur St, Shawnee",(405) 878-5491,Devotions,5:00 PM,,Vespers,English,,
"Fri, Mar 06, 2026",2026-03-06,Friday,St. Gregory's Abbey,"1900 W MacArthur St, Shawnee",(405) 878-5491,Devotions,5:00 PM,,Vespers,English,,
"Fri, Mar 06, 2026",2026-03-06,Friday,St. Gregory's Abbey,"1900 W MacArthur St, Shawnee",(405) 878-5491,Devotions,7:15 AM,,Lauds,English,,
"Fri, Mar 06, 2026",2026-03-06,Friday,St. Gregory's Abbey,"1900 W MacArthur St, Shawnee",(405) 878-5491,Devotions,7:15 AM,,Lauds,English,,
"Fri, Mar 06, 2026",2026-03-06,Friday,St. Gregory's Abbey,"1900 W MacArthur St, Shawnee",(405) 878-5491,Devotions,7:15 PM,,Compline,English,,
"Fri, Mar 06, 2026",2026-03-06,Friday,St. Gregory's Abbey,"1900 W MacArthur St, Shawnee",(405) 878-5491,Devotions,7:15 PM,,Compline,English,,
"Fri, Mar 06, 2026",2026-03-06,Friday,St. Jude Thaddeus,"600 Davey Dr, Burkburnett",(940) 569-1222,Devotions,7:00 PM,7:30 PM,Stations of the Cross,English,St. Jude Thaddeus,Burkburnett; during Lent
"Fri, Mar 06, 2026",2026-03-06,Friday,St. Michael and All Angels ,"101 E Texas St, Denison",(903) 821-7511,Devotions,6:30 PM,,Stations of the Cross,English,"101 East Texas St, Denison TX",note: Lent Fridays
"Fri, Mar 06, 2026",2026-03-06,Friday,St. Peter,"2020 Oklahoma Ave, Woodward",(580) 256-5305,Devotions,4:45 PM,,Benediction & Reposition,English,,benediction
"Fri, Mar 06, 2026",2026-03-06,Friday,St. Peter,"E 2 and Quapaw, Lindsay",(405) 527-3077,Devotions,5:45 PM,,Benediction,English,,benediction
"Fri, Mar 06, 2026",2026-03-06,Friday,Holy Cross,"708 SW 15th St, Wagoner",539-209-9988,Education,9:00 AM,,Bible Study,English,"Holy Cross Catholic Church, Wagoner, OK",
"Fri, Mar 06, 2026",2026-03-06,Friday,St. Barbara Catholic Community  (Grieson Chapel),"3280 Crane Ave, Fort Sill",(580) 442-3302,Other,11:45 AM,,Service,English,Grierson Hill Chapel,GHC
"Fri, Mar 06, 2026",2026-03-06,Friday,St. Gregory's Abbey,"1900 W MacArthur St, Shawnee",(405) 878-5491,Other,12:00 PM,,Sext,English,,
"Fri, Mar 06, 2026",2026-03-06,Friday,St. Gregory's Abbey,"1900 W MacArthur St, Shawnee",(405) 878-5491,Other,12:50 PM,,None,English,,
"Fri, Mar 06, 2026",2026-03-06,Friday,St. Gregory's Abbey,"1900 W MacArthur St, Shawnee",(405) 878-5491,Other,12:50 PM,,None,English,,
"Fri, Mar 06, 2026",2026-03-06,Friday,St. Gregory's Abbey,"1900 W MacArthur St, Shawnee",(405) 878-5491,Other,8:15 AM,,Eucharist,English,,
"Fri, Mar 06, 2026",2026-03-06,Friday,St. Gregory's Abbey,"1900 W MacArthur St, Shawnee",(405) 878-5491,Other,8:15 AM,,Eucharist,English,,
"Fri, Mar 06, 2026",2026-03-06,Friday,St. Joseph [Thánh Giuse],"14905 E 21st St S, Tulsa",(918) 438-1380,Other,5:30 PM,,Prayer,English,,
"Fri, Mar 06, 2026",2026-03-06,Friday,St. Scholastica Monastery,"1315 S Albert Pike Ave, Fort Smith",(479) 783-4147,Other,11:50 AM,,Noon Praise,English,St. Scholastica Monastery,
"Fri, Mar 06, 2026",2026-03-06,Friday,St. Scholastica Monastery,"1315 S Albert Pike Ave, Fort Smith",(479) 783-4147,Other,5:00 PM,,Evening Praise,English,St. Scholastica Monastery,
"Fri, Mar 06, 2026",2026-03-06,Friday,St. Scholastica Monastery,"1315 S Albert Pike Ave, Fort Smith",(479) 783-4147,Other,7:00 AM,,Morning Praise,English,St. Scholastica Monastery,
"Fri, Mar 06, 2026",2026-03-06,Friday,St. Scholastica Monastery,"1315 S Albert Pike Ave, Fort Smith",(479) 783-4147,Other,7:30 AM,,Eucharist,English,St. Scholastica Monastery,
"Fri, Mar 06, 2026",2026-03-06,Friday,St. Therese of the Child Jesus (Maronite),"8315 S 107th E Ave, Tulsa",(918) 872-7400,Other,5:30 PM,,,English,,
"Fri, Mar 06, 2026",2026-03-06,Friday,Tinker AFB Chapel,"Bldg 5701 6170 Arnold St, Oklahoma City",(405) 734-2111,Other,12:00 AM,,Latté Lounge,English,,TIME_TBD; note: afternoons and evenings; for dormitory residents E-4 and below
"Fri, Mar 06, 2026",2026-03-06,Friday,St. Ann,"8492 State Hwy 17, Elgin",(580) 492-5914,Sacraments,9:15 AM,,Communion Service,English,St. Ann,note: replaces Mass in January
"Fri, Mar 06, 2026",2026-03-06,Friday,St. Teresa of Avila,"1576 Tim Holt Dr, Harrah",(405) 454-2819,Sacraments,8:30 AM,,Communion Service,English,,St. Teresa of Avila Catholic Church
"Sat, Mar 07, 2026",2026-03-07,Saturday,Blessed Sacrament,"12 SW 7th St, Lawton",(580) 355-2054,Mass,7:30 AM,,Mass,English,,
"Sat, Mar 07, 2026",2026-03-07,Saturday,Church of Saint Benedict,"2200 W Ithica St, Broken Arrow",+1-918-455-4451,Mass,8:30 AM,,Mass,English,,
"Sat, Mar 07, 2026",2026-03-07,Saturday,Holy Cross,"708 SW 15th St, Wagoner",539-209-9988,Mass,8:30 AM,,Mass,English,"Holy Cross Catholic Church, Wagoner, OK",
"Sat, Mar 07, 2026",2026-03-07,Saturday,Most Precious Blood,"3029 S 57th W Ave, Tulsa",918-615-8404,Mass,11:00 AM,,Holy Mass,English,,
"Sat, Mar 07, 2026",2026-03-07,Saturday,Most Precious Blood,"3029 S 57th W Ave, Tulsa",918-615-8404,Mass,9:00 AM,,Holy Mass,English,,
"Sat, Mar 07, 2026",2026-03-07,Saturday,Our Lady of Victory,"3300 Clarksville St, Paris",(903) 784-1000,Mass,9:00 AM,,Mass,english,,
"Sat, Mar 07, 2026",2026-03-07,Saturday,Sacred Heart,"320 S B Street, Arkansas City",(620) 442-0566,Mass,8:00 AM,,Mass,english,Sacred Heart Catholic Church,
"Sat, Mar 07, 2026",2026-03-07,Saturday,Sacred Heart,"714 N Main St, Muenster",(940) 759-2500,Mass,9:00 AM,,Mass,English,,
"Sat, Mar 07, 2026",2026-03-07,Saturday,Sacred Heart of Mary,"1301 Frank St, Barling",(479) 452-1795 or (479) 522-4245 (Fr. Tuyen),Mass,7:30 AM,,Mass,vietnamese,"Sacred Heart of Mary, Barling",
"Sat, Mar 07, 2026",2026-03-07,Saturday,St. Andrew Dung-Lac,"3115 SW 59th St, Oklahoma City",(405) 681-2665,Mass,6:00 PM,,Mass,vietnamese,3115 S. W. 59th St Oklahoma City,
"Sat, Mar 07, 2026",2026-03-07,Saturday,St. Andrew Dung-Lac,"3115 SW 59th St, Oklahoma City",(405) 681-2665,Mass,9:00 AM,,Mass,vietnamese,3115 S. W. 59th St Oklahoma City,
"Sat, Mar 07, 2026",2026-03-07,Saturday,St. Benedict,"2200 W Ithica St, Broken Arrow",(918) 455-4451,Mass,8:30 AM,,Mass,English,,
"Sat, Mar 07, 2026",2026-03-07,Saturday,St. Brigid,"807 Crafton St, Tahlequah",(918) 456-8388,Mass,9:00 AM,,Mass,English,,
"Sat, Mar 07, 2026",2026-03-07,Saturday,St. Leo,"101 Locust St, Hartford",(479) 252-2443 or (479) 652-6454 (Fr. Chan's cell),Mass,10:00 AM,,Mass,English,101 Locust St.,
"Sat, Mar 07, 2026",2026-03-07,Saturday,St. Michael,"1004 W Gentry St, Henryetta",(918) 652-3445,Mass,9:00 AM,,Mass,english,St. Michael,
"Sat, Mar 07, 2026",2026-03-07,Saturday,St. Monica,"2001 N Western Ave, Edmond",(405) 359-2700,Mass,7:30 AM,,Mass,English,Chapel,
"Sat, Mar 07, 2026",2026-03-07,Saturday,Most Precious Blood,"3029 S 57th W Ave, Tulsa",918-615-8404,Confession,9:00 AM,,"Adoration, Exposition, and Confession",English,,between and 11:00
"Sat, Mar 07, 2026",2026-03-07,Saturday,National Shrine of the Infant Jesus of Prague,"304 Jim Thorpe Blvd, Prague",(405) 567-3080,Confession,8:30 AM,10:30 AM,Confessions,English,National Shrine of the Infant Jesus,or by appointment
"Sat, Mar 07, 2026",2026-03-07,Saturday,Our Lady of Lebanon (Maronite),"500 Alameda St, Norman",(405) 321-3097,Confession,5:30 PM,,Confession,English,,
"Sat, Mar 07, 2026",2026-03-07,Saturday,St. Leo,"101 Locust St, Hartford",(479) 252-2443 or (479) 652-6454 (Fr. Chan's cell),Confession,10:00 AM,,Confession,English,,
"Sat, Mar 07, 2026",2026-03-07,Saturday,Chapel of St. Joseph,"7th and Seminole, Wewoka",(405) 382-3602,Adoration,8:30 AM,9:30 AM,Adoration of the Blessed Sacrament,English,exposition,
"Sat, Mar 07, 2026",2026-03-07,Saturday,St. Benedict,"632 N Kickapoo Ave, Shawnee",(405) 275-0001,Adoration,8:30 AM,9:30 AM,Exposition of Eucharist,English,,exposition
"Sat, Mar 07, 2026",2026-03-07,Saturday,St. John,"300 E Washington Ave, Mcalester",(918) 423-0810,Adoration,TBD,,Eucharistic Adoration,English,Church,check bulletin; note: following vigil Mass
"Sat, Mar 07, 2026",2026-03-07,Saturday,St. Joseph [Thánh Giuse],"14905 E 21st St S, Tulsa",(918) 438-1380,Adoration,4:30 PM,,Adoration,English,,exposition
"Sat, Mar 07, 2026",2026-03-07,Saturday,Our Lady of Lebanon (Maronite),"500 Alameda St, Norman",(405) 321-3097,Devotions,5:30 PM,,Rosary,English,,
"Sat, Mar 07, 2026",2026-03-07,Saturday,Our Lady of Lebanon (Maronite),"500 Alameda St, Norman",(405) 321-3097,Other,5:30 PM,,Holy Communion,English,,
"Sat, Mar 07, 2026",2026-03-07,Saturday,Our Lady of Lebanon (Maronite),"500 Alameda St, Norman",(405) 321-3097,Other,5:30 PM,,15-minute meditation,English,,
"Sat, Mar 07, 2026",2026-03-07,Saturday,Our Lady of Lebanon (Maronite),"500 Alameda St, Norman",(405) 321-3097,Other,5:30 PM,,Act of Reparation to the Immaculate Heart of the Blessed Virgin Mary,English,,
"Sat, Mar 07, 2026",2026-03-07,Saturday,St. Andrew Dung-Lac,"3115 SW 59th St, Oklahoma City",(405) 681-2665,Other,1:00 PM,,Hòa Giải Mùa Chay,English,3115 S. W. 59th St Oklahoma City,Hòa Giải Mùa Chay; Lenten Reconciliation
"Sat, Mar 07, 2026",2026-03-07,Saturday,St. Andrew Dung-Lac,"3115 SW 59th St, Oklahoma City",(405) 681-2665,Other,6:00 PM,,Hòa Giải Mùa Chay,English,3115 S. W. 59th St Oklahoma City,Hòa Giải Mùa Chay; Lenten Reconciliation
"Sat, Mar 07, 2026",2026-03-07,Saturday,St. Ann,"522 E 3rd St, Cordell",(580) 323-0345,Other,6:00 PM,,CATECHISM CLASS WITH FATHER BALA,English,,CATECHISM CLASS WITH FATHER BALA
"Sat, Mar 07, 2026",2026-03-07,Saturday,St. Mary,"1218 Knox Ave, Clinton",(580) 323-0345,Other,6:00 PM,,CATECHISM CLASS WITH FATHER BALA - CLASE DE CATECISMO CON EL PADRE BALA,English,,CATECHISM CLASS WITH FATHER BALA - CLASE DE CATECISMO CON EL PADRE BALA; check bulletin
