Date,Date Sort,Day,Church,Address,Phone,Category,Time,End Time,Service Name,Language,Location,Notes
"Sat, Feb 21, 2026",2026-02-21,Saturday,All Saints,"620 N Cedar Bluff Rd, Knoxville",(865) 531-0770,Mass,5:00 PM,,Mass,english,620 N Cedar Bluff Rd,
"Sat, Feb 21, 2026",2026-02-21,Saturday,All Saints,"620 N Cedar Bluff Rd, Knoxville",(865) 531-0770,Mass,7:00 PM,,Mass,spanish,620 N Cedar Bluff Rd,
"Sat, Feb 21, 2026",2026-02-21,Saturday,All Saints,"620 N Cedar Bluff Rd, Knoxville",(865) 531-0770,Mass,9:00 AM,,Mass,english,620 N Cedar Bluff Rd,
"Sat, Feb 21, 2026",2026-02-21,Saturday,Ave Maria,"664 S Washington St (TN-209), Ripley",(731)589-8302,Mass,5:00 PM,,Mass,english,,Vigil
"Sat, Feb 21, 2026",2026-02-21,Saturday,Basilica of Sts. Peter and Paul,"214 E 8th St, Chattanooga",(423) 266-1618,Mass,5:30 PM,,Mass,english,Basilica,vigil
"Sat, Feb 21, 2026",2026-02-21,Saturday,Blessed Sacrament,"2564 Hale Ave, Memphis",(901) 276-1412,Mass,4:00 PM,,Mass,english,Blessed Sacrament Catholic Church,vigil
"Sat, Feb 21, 2026",2026-02-21,Saturday,Cathedral of the Immaculate Conception,"1669 Central Ave, Memphis",(901) 725-2700,Mass,5:00 PM,,Mass,English,,vigil
"Sat, Feb 21, 2026",2026-02-21,Saturday,Cathedral of the Immaculate Conception,"1669 Central Ave, Memphis",(901) 725-2700,Mass,8:00 AM,,Mass,English,,
"Sat, Feb 21, 2026",2026-02-21,Saturday,Cathedral of the Incarnation,"2015 W End Ave, Nashville",(615) 327-2330,Mass,5:00 PM,,Mass,English,Cathedral,vigil
"Sat, Feb 21, 2026",2026-02-21,Saturday,Cathedral of the Incarnation,"2015 W End Ave, Nashville",(615) 327-2330,Mass,8:00 AM,,Mass,English,Cathedral,
"Sat, Feb 21, 2026",2026-02-21,Saturday,Catholic Church of the Nativity,"2793 Buckner Ln, Thompson's Station",+1-615-794-4004,Mass,5:00 PM,,Mass,English,,
"Sat, Feb 21, 2026",2026-02-21,Saturday,Chapel of St. Cecilia,"801 Dominican Dr, Nashville",16152565486,Mass,7:00 AM,,Holy Mass,English,,
"Sat, Feb 21, 2026",2026-02-21,Saturday,Chapel of St. Cecilia,"801 Dominican Dr, Nashville",16152565486,Mass,7:00 AM,8:00 AM,Holy Mass,English,Chapel,
"Sat, Feb 21, 2026",2026-02-21,Saturday,Christ the King,"785 Church Rd W, Southaven",(662) 342-1073,Mass,4:00 PM,,Vigil Mass,english,,vigil
"Sat, Feb 21, 2026",2026-02-21,Saturday,Christ the King,"3001 Belmont Blvd, Nashville",(615) 292-2884,Mass,4:30 PM,,Mass,english,,
"Sat, Feb 21, 2026",2026-02-21,Saturday,Christ the King,"820 E Main St, Abingdon",(276) 628-2941,Mass,5:00 PM,,Mass,English,Christ the King Parish,vigil
"Sat, Feb 21, 2026",2026-02-21,Saturday,Christ the King,"3001 Belmont Blvd, Nashville",(615) 292-2884,Mass,9:00 AM,,Mass,english,,
"Sat, Feb 21, 2026",2026-02-21,Saturday,Good Samaritan,"55 Church St, Ellijay",(706) 636-2772,Mass,5:00 PM,,Mass,english,,vigil
"Sat, Feb 21, 2026",2026-02-21,Saturday,Good Samaritan,"55 Church St, Ellijay",(706) 636-2772,Mass,7:00 PM,,Mass,spanish,,vigil
"Sat, Feb 21, 2026",2026-02-21,Saturday,Good Shepherd,"2021 Decherd Blvd, Decherd",(931) 967-0961,Mass,5:00 PM,,Mass,English,Good Shepherd Church,
"Sat, Feb 21, 2026",2026-02-21,Saturday,Good Shepherd,"2361 Cosby Hwy, Newport",(423) 623-5051,Mass,9:30 AM,,Mass,spanish,Church of the Good Shepherd,
"Sat, Feb 21, 2026",2026-02-21,Saturday,Holy Angels,"535 Tucker St, Dyersburg",(731) 287-8000,Mass,5:00 PM,,Mass,english,,vigil
"Sat, Feb 21, 2026",2026-02-21,Saturday,Holy Cross,"1210 E Wood St, Paris",(731) 642-4681,Mass,5:00 PM,,Mass,English,,vigil; livestream
"Sat, Feb 21, 2026",2026-02-21,Saturday,Holy Cross,"144 Wears Valley Rd, Pigeon Forge",865-429-5587,Mass,5:00 PM,,Mass,english,,vigil; livestream
"Sat, Feb 21, 2026",2026-02-21,Saturday,Holy Cross,"144 Wears Valley Rd, Pigeon Forge",865-429-5587,Mass,7:00 PM,,Mass,spanish,,vigil
"Sat, Feb 21, 2026",2026-02-21,Saturday,Holy Family,"9100 Crockett Rd, Brentwood",(615) 373-4696,Mass,5:00 PM,,Mass,English,,vigil; livestream
"Sat, Feb 21, 2026",2026-02-21,Saturday,Holy Family,"201 Black Oak Ridge Rd, Seymour",(865) 573-1203,Mass,5:30 PM,,Mass,english,,
"Sat, Feb 21, 2026",2026-02-21,Saturday,Holy Family,"431 Old Hwy 52, Lafayette",(615) 666-6466,Mass,9:00 AM,,Mass,english,"Holy Family catholic church, Lafayette, TN",
"Sat, Feb 21, 2026",2026-02-21,Saturday,Holy Family Catholic Church,"201 Black Oak Ridge Rd, Seymour",+1-865-573-1203,Mass,5:30 PM,,Mass,english,,Vigil
"Sat, Feb 21, 2026",2026-02-21,Saturday,Holy Ghost,"1041 N Central St, Knoxville",(865) 522-2205,Mass,8:00 AM,,Mass,English,,
"Sat, Feb 21, 2026",2026-02-21,Saturday,Holy Name,"521 Woodland St, Nashville",(615) 254-8847,Mass,5:00 PM,,Mass,english,Church of the Most Holy Name,vigil; Vigil
"Sat, Feb 21, 2026",2026-02-21,Saturday,Holy Rosary,"4851 Park Ave, Memphis",(901) 767-6949,Mass,4:30 PM,,Mass,English,,
"Sat, Feb 21, 2026",2026-02-21,Saturday,Holy Rosary,"192 Graylynn Dr, Nashville",(615) 889-4065,Mass,5:00 PM,,Vigil Mass,English,,vigil
"Sat, Feb 21, 2026",2026-02-21,Saturday,Holy Rosary,"192 Graylynn Dr, Nashville",(615) 889-4065,Mass,8:00 AM,,Mass,English,,
"Sat, Feb 21, 2026",2026-02-21,Saturday,Holy Spirit,"2300 Hickory Crest Dr, Memphis",(901) 754-7146,Mass,4:00 PM,,Mass,English,,vigil
"Sat, Feb 21, 2026",2026-02-21,Saturday,Holy Spirit,"10768 Dayton Pike, Soddy Daisy",(423) 332-5300,Mass,5:30 PM,,Mass,english,Holy Spirit,
"Sat, Feb 21, 2026",2026-02-21,Saturday,Holy Spirit,"545 E Commerce St, Hernando",(662) 429-7851,Mass,6:00 PM,,Mass,english,,vigil
"Sat, Feb 21, 2026",2026-02-21,Saturday,Holy Spirit,"2300 Hickory Crest Dr, Memphis",(901) 754-7146,Mass,8:00 AM,,Mass,English,,
"Sat, Feb 21, 2026",2026-02-21,Saturday,Holy Spirit Catholic Church,"10768 Dayton Pike, Soddy-Daisy",+1-423-332-5300,Mass,5:30 PM,,Mass,english,Holy Spirit,
"Sat, Feb 21, 2026",2026-02-21,Saturday,Holy Trinity,"475 N Highway 92, Jefferson City",(865) 471-0347,Mass,5:00 PM,,Mass,english,,vigil; livestream
"Sat, Feb 21, 2026",2026-02-21,Saturday,Holy Trinity,"475 N Highway 92, Jefferson City",(865) 471-0347,Mass,7:00 PM,,Mass,spanish,,vigil; livestream
"Sat, Feb 21, 2026",2026-02-21,Saturday,Immaculate Conception,"1303 E Reelfoot Ave, Union City",(731) 885-0963,Mass,4:00 PM,,Mass,english,Immaculate Conception Catholic Church,vigil
"Sat, Feb 21, 2026",2026-02-21,Saturday,Immaculate Conception,"709 Franklin St, Clarksville",(931) 645-6275,Mass,4:30 PM,,Mass,english,,vigil
"Sat, Feb 21, 2026",2026-02-21,Saturday,Immaculate Conception,"414 W Vine Ave, Knoxville",(865) 522-1508,Mass,5:00 PM,,Mass,english,Immaculate Conception,vigil
"Sat, Feb 21, 2026",2026-02-21,Saturday,Immaculate Conception,"414 W Vine Ave, Knoxville",(865) 522-1508,Mass,8:30 AM,,Mass,english,Immaculate Conception,
"Sat, Feb 21, 2026",2026-02-21,Saturday,Immaculate Conception,"709 Franklin St, Clarksville",(931) 645-6275,Mass,9:00 AM,,Mass,english,Chapel,
"Sat, Feb 21, 2026",2026-02-21,Saturday,Incarnation,"360 Bray Station Rd, Collierville",(901) 853-7468 ,Mass,5:00 PM,,Mass,English,Main Sanctuary,tags: vigil
"Sat, Feb 21, 2026",2026-02-21,Saturday,Incarnation,"360 Bray Station Rd, Collierville",(901) 853-7468 ,Mass,8:15 AM,,Mass,English,Main Sanctuary,
"Sat, Feb 21, 2026",2026-02-21,Saturday,Mission of Our Lady of the Lake,"10645 Hwy 57, Counce",(731) 925-4852,Mass,5:30 PM,,Mass,English,Our Lady of the Lake,
"Sat, Feb 21, 2026",2026-02-21,Saturday,Mission of St. John Paul II,"161 Bryan Ln, Rutledge",(865) 992-7222,Mass,5:00 PM,,Mass,english,,vigil
"Sat, Feb 21, 2026",2026-02-21,Saturday,National Shrine of St. Martin de Porres,"190 Adams Ave, Memphis",(901) 527-8282,Mass,5:00 PM,,Mass,english,Church,vigil; except: No 5 p.m. Mass on Easter Vigil
"Sat, Feb 21, 2026",2026-02-21,Saturday,Nativity,"5955 St Elmo Rd, Bartlett",(901) 382-2504,Mass,5:00 PM,,Mass,english,,vigil
"Sat, Feb 21, 2026",2026-02-21,Saturday,Nativity,"2793 Buckner Ln, Spring Hill",(615) 794-4004,Mass,5:00 PM,,Mass,English,,vigil
"Sat, Feb 21, 2026",2026-02-21,Saturday,Nativity,"5955 St Elmo Rd, Bartlett",(901) 382-2504,Mass,8:00 AM,,Mass,english,,
"Sat, Feb 21, 2026",2026-02-21,Saturday,Nativity,"2793 Buckner Ln, Spring Hill",(615) 794-4004,Mass,9:00 AM,,Mass,english,,
"Sat, Feb 21, 2026",2026-02-21,Saturday,Notre Dame,"212 Mount Bethel Rd, Greeneville",(423) 639-9381,Mass,5:00 PM,,Mass,english,Notre Dame Catholic Church,vigil
"Sat, Feb 21, 2026",2026-02-21,Saturday,Notre Dame Catholic Church,"212 Mt Bethel Rd, Greeneville",+1-423-639-9381,Mass,5:00 PM,,Mass,english,Notre Dame,
"Sat, Feb 21, 2026",2026-02-21,Saturday,Our Lady of Fatima,"858 Louisville Rd, Alcoa",(865) 982-3672,Mass,5:00 PM,,Mass,english,,vigil
"Sat, Feb 21, 2026",2026-02-21,Saturday,Our Lady of Fatima,"858 Louisville Rd, Alcoa",(865) 982-3672,Mass,7:00 PM,,Mass,spanish,,vigil; livestream
"Sat, Feb 21, 2026",2026-02-21,Saturday,Our Lady of Fatima,"858 Louisville Rd, Alcoa",(865) 982-3672,Mass,8:00 AM,,Mass,english,,
"Sat, Feb 21, 2026",2026-02-21,Saturday,Our Lady of Guadalupe,"82 Lambert Branch Rd, Cherokee",(828) 488-6766,Mass,4:30 PM,,Mass,english,Our Lady of Guadalupe,
"Sat, Feb 21, 2026",2026-02-21,Saturday,Our Lady of Guadalupe,"82 Lambert Branch Rd, Cherokee",(828) 488-6766,Mass,6:00 PM,,Mass,spanish,Our Lady of Guadalupe,
"Sat, Feb 21, 2026",2026-02-21,Saturday,Our Lady of Guadalupe,"3112 Nolensville Rd, Nashville",615-333-8660,Mass,6:00 PM,,Mass,English,,
"Sat, Feb 21, 2026",2026-02-21,Saturday,Our Lady of Lourdes,"704 Holly Ave, South Pittsburg",(423) 837-7068,Mass,5:30 PM,,Mass,English,,
"Sat, Feb 21, 2026",2026-02-21,Saturday,Our Lady of Perpetual Help,"501 S Moore Rd, Chattanooga",(423) 622-7232,Mass,4:30 PM,,Mass,english,,vigil
"Sat, Feb 21, 2026",2026-02-21,Saturday,Our Lady of Perpetual Help,"501 S Moore Rd, Chattanooga",+1-423-622-7232,Mass,4:30 PM,,Mass,english,,vigil
"Sat, Feb 21, 2026",2026-02-21,Saturday,Our Lady of Perpetual Help,"8151 Poplar Ave, Germantown",(901) 754-1204,Mass,4:30 PM,,Vigil Mass,English,main church,vigil
"Sat, Feb 21, 2026",2026-02-21,Saturday,Our Lady of Perpetual Help,"501 S Moore Rd, Chattanooga",(423) 622-7232,Mass,6:30 PM,,Mass,spanish,,vigil
"Sat, Feb 21, 2026",2026-02-21,Saturday,Our Lady of Perpetual Help,"501 S Moore Rd, Chattanooga",+1-423-622-7232,Mass,6:30 PM,,Mass,spanish,,vigil
"Sat, Feb 21, 2026",2026-02-21,Saturday,Our Lady of Perpetual Help,"8151 Poplar Ave, Germantown",(901) 754-1204,Mass,8:15 AM,,Mass,English,Chapel,
"Sat, Feb 21, 2026",2026-02-21,Saturday,Our Lady of Sorrows,"3700 Thomas St, Memphis",(901) 353-1530,Mass,4:00 PM,,Mass,english,,
"Sat, Feb 21, 2026",2026-02-21,Saturday,Our Lady of the Lake,"1729 Stop 30 Rd, Hendersonville",(615) 824-3276,Mass,5:00 PM,,Mass,English,,vigil
"Sat, Feb 21, 2026",2026-02-21,Saturday,Our Lady of the Lake,"1729 Stop 30 Rd, Hendersonville",(615) 824-3276,Mass,8:30 AM,,Mass,English,,
"Sat, Feb 21, 2026",2026-02-21,Saturday,Our Lady of the Mount,"1227 Scenic Hwy, Lookout Mountain",(706) 820-0680,Mass,5:30 PM,,Mass,english,,vigil
"Sat, Feb 21, 2026",2026-02-21,Saturday,Our Lady of the Shoals,"200 E Commons St N, Tuscumbia",(256) 383-7207,Mass,5:00 PM,,Mass,English,church building,vigil
"Sat, Feb 21, 2026",2026-02-21,Saturday,Queen of Peace,"8455 Germantown Rd, Olive Branch",(662) 895-5007,Mass,6:00 PM,,Mass,english,,vigil
"Sat, Feb 21, 2026",2026-02-21,Saturday,Sacred Heart,"2887 E Main St, Humboldt",(731) 618- 6758,Mass,4:00 PM,,Vigil Mass,English,Sacred Heart,vigil
"Sat, Feb 21, 2026",2026-02-21,Saturday,Sacred Heart,"296 W 6th St, Russellville",(270) 726-6963,Mass,5:00 PM,,Mass,English,Sacred Heart Catholic Church Russellville KY,vigil
"Sat, Feb 21, 2026",2026-02-21,Saturday,Sacred Heart,"212 Berger St, Lawrenceburg",(931) 762-3183,Mass,5:30 PM,,Mass,English,,
"Sat, Feb 21, 2026",2026-02-21,Saturday,Sacred Heart,"301 Church St, Loretto",(931) 853-4370,Mass,5:30 PM,,Mass,english,,vigil
"Sat, Feb 21, 2026",2026-02-21,Saturday,Sagrado Corazón,"2800 McGavock Pike, Nashville",(615) 391-3714,Mass,7:00 PM,,Mass,English,Sagrado Corazón De Jesús,
"Sat, Feb 21, 2026",2026-02-21,Saturday,Saint Francis of Assisi Catholic Church,"7503 Peavine Rd, Crossville",+1-931-484-3628,Mass,5:00 PM,,Mass,english,,tags: vigil
"Sat, Feb 21, 2026",2026-02-21,Saturday,St Albert the Great Catholic Church,"7200 Brickey Ln, Knoxville",+1-865-689-7011,Mass,5:00 PM,,Vigil Mass,English,,
"Sat, Feb 21, 2026",2026-02-21,Saturday,St Alphonsus Catholic Church,"151 St Alphonsus Way, Crossville",+1-931-484-2358,Mass,5:00 PM,,Mass,english,,vigil
"Sat, Feb 21, 2026",2026-02-21,Saturday,St Elizabeth's Roman Catholic Church,"510 W C St, Elizabethton",+1-423-543-3412,Mass,5:00 PM,,Mass,english,,vigil
"Sat, Feb 21, 2026",2026-02-21,Saturday,St Elizabeth's Roman Catholic Church,"510 W C St, Elizabethton",+1-423-543-3412,Mass,7:00 PM,,Mass,spanish,,vigil
"Sat, Feb 21, 2026",2026-02-21,Saturday,St Francis of Assisi Church,"1489 Donelson Pkwy, Dover",(931) 232-9422,Mass,5:30 PM,,Mass,english,"Saint Francis of Assisi Church, Dover, TN",
"Sat, Feb 21, 2026",2026-02-21,Saturday,St Joseph the Worker Catholic Church,"649 Old Tellico Hwy N, Madisonville",+1-423-442-7273,Mass,4:00 PM,,Mass,English,St. Joseph the Worker Catholic Church,vigil
"Sat, Feb 21, 2026",2026-02-21,Saturday,St Therese-Little Flower,"1644 Jackson Ave, Memphis",(901) 276-1412,Mass,4:00 PM,,Mass,english,"Blessed Sacrament, 2564 Hale Ave, Memphis, TN",vigil; Anticipated
"Sat, Feb 21, 2026",2026-02-21,Saturday,St Therese-Little Flower,"1644 Jackson Ave, Memphis",(901) 276-1412,Mass,8:15 AM,,Mass,English,"Blessed Sacrament, 2564 Hale Ave, Memphis, TN",
"Sat, Feb 21, 2026",2026-02-21,Saturday,St. Albert the Great,"7200 Brickey Ln, Knoxville",(865) 689-7011,Mass,5:00 PM,,Vigil Mass,English,,
"Sat, Feb 21, 2026",2026-02-21,Saturday,St. Alphonsus,"1225 Hwy 51 S, Covington",(901) 476-8140,Mass,4:30 PM,,Mass,English,St. Alphonsus,vigil
"Sat, Feb 21, 2026",2026-02-21,Saturday,St. Alphonsus,"151 St Alphonsus Way, Crossville",(931) 484-2358,Mass,5:00 PM,,Mass,english,Saint Alphonsus Catholic Church,vigil
"Sat, Feb 21, 2026",2026-02-21,Saturday,St. Andrew,"829 Valley View Dr, Sparta",(931) 738-2140,Mass,4:00 PM,,Mass,English,,St. Andrew Catholic Church; Sparta; TN
"Sat, Feb 21, 2026",2026-02-21,Saturday,St. Andrew the Apostle,"149 Brook St, Mars Hill",(828) 689-3719,Mass,5:00 PM,,Vigil Mass,spanish,St. Andrew,vigil
"Sat, Feb 21, 2026",2026-02-21,Saturday,St. Ann,"5101 Charlotte Ave, Nashville",(615) 298-1782,Mass,5:00 PM,,Mass,english,Church,vigil
"Sat, Feb 21, 2026",2026-02-21,Saturday,St. Anne,"706 S Highland St, Memphis",(901) 323-3817,Mass,4:00 PM,,Mass,english,,
"Sat, Feb 21, 2026",2026-02-21,Saturday,St. Anne,"316 Euclid Ave, Bristol",(276) 669-8200,Mass,5:30 PM,,Mass,English,,vigil
"Sat, Feb 21, 2026",2026-02-21,Saturday,St. Anne,"706 S Highland St, Memphis",(901) 323-3817,Mass,8:15 AM,,Mass,english,,
"Sat, Feb 21, 2026",2026-02-21,Saturday,St. Anne,"316 Euclid Ave, Bristol",(276) 669-8200,Mass,9:30 AM,,Mass,English,Chapel,
"Sat, Feb 21, 2026",2026-02-21,Saturday,St. Anthony,"967 E Main St, Blue Ridge",(706) 632-5970,Mass,4:30 PM,,Mass,english,Church,vigil
"Sat, Feb 21, 2026",2026-02-21,Saturday,St. Anthony,"1900 Huntsville Hwy, Fayetteville",(931) 433-6525,Mass,5:30 PM,,Mass,English,,
"Sat, Feb 21, 2026",2026-02-21,Saturday,St. Anthony,"1900 Huntsville Hwy, Fayetteville",(931) 433-6525,Mass,7:00 PM,,Mass,spanish,,
"Sat, Feb 21, 2026",2026-02-21,Saturday,St. Augustine,"1169 Kerr Ave, Memphis",(901) 774-2297,Mass,4:00 PM,,Mass,English,,
"Sat, Feb 21, 2026",2026-02-21,Saturday,St. Augustine,"1716 Anderson Pike, Signal Mountain",(423) 886-3424,Mass,5:30 PM,,Mass,English,,vigil; Vigil
"Sat, Feb 21, 2026",2026-02-21,Saturday,St. Augustine,"1716 Anderson Pike, Signal Mountain",(423) 886-3424,Mass,8:15 AM,,Mass,English,,
"Sat, Feb 21, 2026",2026-02-21,Saturday,St. Bridget,"320 Walnut Grove Church Rd, Dayton",(423) 775-2664,Mass,5:30 PM,,Mass,english,,vigil
"Sat, Feb 21, 2026",2026-02-21,Saturday,St. Brigid,"7801 Lowrance Rd, Memphis",(901) 758-0128,Mass,4:00 PM,,Mass,english,Main Church,vigil
"Sat, Feb 21, 2026",2026-02-21,Saturday,St. Brigid,"7801 Lowrance Rd, Memphis",(901) 758-0128,Mass,6:00 PM,,Mass,spanish,Main Church,vigil
"Sat, Feb 21, 2026",2026-02-21,Saturday,St. Catherine,"3019 Cayce Ln, Columbia",(931) 388-3803,Mass,5:00 PM,,Mass,english,Saint Catherine of Siena Catholic Church,vigil
"Sat, Feb 21, 2026",2026-02-21,Saturday,St. Catherine,"3019 Cayce Ln, Columbia",(931) 388-3803,Mass,7:00 PM,,Mass,spanish,Saint Catherine of Siena Catholic Church,vigil
"Sat, Feb 21, 2026",2026-02-21,Saturday,St. Catherine Laboure,"115 Main St, Copperhill",(423) 496-3498,Mass,4:30 PM,,Mass,English,,vigil
"Sat, Feb 21, 2026",2026-02-21,Saturday,St. Cecilia,"50 Willowbrook Dr, Waynesboro",(931) 722-5877,Mass,4:00 PM,,Vigil Mass,english,St Cecelia,
"Sat, Feb 21, 2026",2026-02-21,Saturday,St. Christopher,"160 Holt Spur Rd, Jamestown",(865) 882-9838,Mass,6:30 PM,,Sunday Vigil Mass,English,,
"Sat, Feb 21, 2026",2026-02-21,Saturday,St. Dominic,"2517 John B Dennis Hwy, Kingsport",(423) 288-8101,Mass,5:30 PM,,Mass,english,,vigil
"Sat, Feb 21, 2026",2026-02-21,Saturday,St. Edward,"188 Thompson Ln, Nashville",(615)-833-5520,Mass,5:00 PM,,Mass,English,,vigil
"Sat, Feb 21, 2026",2026-02-21,Saturday,St. Elizabeth,"510 W C Street, Elizabethton",(423) 543-3412,Mass,5:00 PM,,Mass,English,,vigil
"Sat, Feb 21, 2026",2026-02-21,Saturday,St. Elizabeth,"510 W C Street, Elizabethton",(423) 543-3412,Mass,7:00 PM,,Mass,spanish,,vigil
"Sat, Feb 21, 2026",2026-02-21,Saturday,St. Elizabeth of the Hill Country,"259 Pilgrims Way, Boone",(828) 264-8338,Mass,4:15 PM,,Mass,english,St. Elizabeth,vigil
"Sat, Feb 21, 2026",2026-02-21,Saturday,St. Frances Cabrini,"300 S Tarver Ave, Lebanon",(615) 444-0524,Mass,5:30 PM,,Mass,English,,vigil
"Sat, Feb 21, 2026",2026-02-21,Saturday,St. Francis of Assisi,"8151 Chimneyrock Blvd, Cordova",(901) 756-1213,Mass,4:00 PM,,Mass,English,St. Francis of Assisi,vigil
"Sat, Feb 21, 2026",2026-02-21,Saturday,St. Francis of Assisi,"7719 River Rd, Townsend",(865) 448-6070,Mass,4:00 PM,,Mass,English,,
"Sat, Feb 21, 2026",2026-02-21,Saturday,St. Francis of Assisi,"167 St Francis Pl, Jefferson",(336) 246-9151,Mass,4:30 PM,,Mass,english,,vigil
"Sat, Feb 21, 2026",2026-02-21,Saturday,St. Francis of Assisi,"7503 Peavine Rd, Fairfield Glade",(931) 484-3628,Mass,5:00 PM,,Mass,English,,vigil
"Sat, Feb 21, 2026",2026-02-21,Saturday,St. Francis of Assisi,"7600 Russellville Rd, Guthrie",(270) 265-5263,Mass,6:00 PM,,Mass,spanish,,vigil
"Sat, Feb 21, 2026",2026-02-21,Saturday,St. Francis of Assisi,"167 St Francis Pl, Jefferson",(336) 246-9151,Mass,7:30 PM,,Mass,spanish,,vigil
"Sat, Feb 21, 2026",2026-02-21,Saturday,St. Francis of Assisi,"8151 Chimneyrock Blvd, Cordova",(901) 756-1213,Mass,8:15 AM,,Mass,English,St. Francis of Assisi,
"Sat, Feb 21, 2026",2026-02-21,Saturday,St. Gerard Majella,"3049 Lafayette Rd, Fort Oglethorpe",(706) 861-9410,Mass,4:30 PM,,Mass,English,Saint Gerard Majella Catholic Church,vigil
"Sat, Feb 21, 2026",2026-02-21,Saturday,St. Henry,"6401 Harding Pike, Nashville",(615) 352-2259,Mass,5:00 PM,,Mass,English,,tags: vigil; livestream; note: livestream temporarily suspended
"Sat, Feb 21, 2026",2026-02-21,Saturday,St. Henry,"6401 Harding Pike, Nashville",(615) 352-2259,Mass,8:00 AM,,Mass,English,Chapel,tags: chapel
"Sat, Feb 21, 2026",2026-02-21,Saturday,St. Ignatius of Antioch,"601 Bell Rd, Nashville",615-367-0085,Mass,4:30 PM,,Vigil Mass,English,,vigil
"Sat, Feb 21, 2026",2026-02-21,Saturday,St. Ignatius of Antioch,"601 Bell Rd, Nashville",615-367-0085,Mass,8:00 AM,,Mass,English,,
"Sat, Feb 21, 2026",2026-02-21,Saturday,St. James,"4180 Leroy Ave, Memphis",(901) 767-8672,Mass,4:00 PM,,Mass,english,,vigil
"Sat, Feb 21, 2026",2026-02-21,Saturday,St. James the Less,"3189 N Harper Rd, Corinth",(662) 331-5184,Mass,9:00 AM,,Mass/Misa,English,,
"Sat, Feb 21, 2026",2026-02-21,Saturday,St. John,"910 N Washington Ave, Brownsville",(731) 668-2596,Mass,5:00 PM,,Mass,English,"St. John, Brownsville",vigil
"Sat, Feb 21, 2026",2026-02-21,Saturday,St. John Neumann,"633 Saint John Ct, Farragut",(865) 966-4540,Mass,4:30 PM,,Mass,English,,vigil
"Sat, Feb 21, 2026",2026-02-21,Saturday,St. John Neumann,"633 Saint John Ct, Farragut",(865) 966-4540,Mass,8:05 AM,,Mass,English,,
"Sat, Feb 21, 2026",2026-02-21,Saturday,St. John Vianney,"449 N Water St, Gallatin",(615) 452-2977,Mass,4:30 PM,,Mass,English,,Vigil
"Sat, Feb 21, 2026",2026-02-21,Saturday,St. John Vianney,"449 N Water St, Gallatin",(615) 452-2977,Mass,8:00 AM,,Mass,English,,
"Sat, Feb 21, 2026",2026-02-21,Saturday,St. John XXIII (U. of Tenn.),"1710 Melrose Pl, Knoxville",(865) 523-7931,Mass,5:30 PM,,Mass,english,,Not available during UTK home football weekends
"Sat, Feb 21, 2026",2026-02-21,Saturday,St. John the Evangelist,"1061 Ellington Pkwy S, Lewisburg",(931) 359-5017,Mass,5:30 PM,,Mass,english,,vigil
"Sat, Feb 21, 2026",2026-02-21,Saturday,St. John the Evangelist,"1061 Ellington Pkwy S, Lewisburg",(931) 359-5017,Mass,8:30 AM,,Mass,english,,
"Sat, Feb 21, 2026",2026-02-21,Saturday,St. Joseph,"3825 Neely Rd, Memphis",(901) 396-9996,Mass,4:00 PM,,Mass,english,,
"Sat, Feb 21, 2026",2026-02-21,Saturday,St. Joseph,"203 Plum St, Florence",(256) 764-3303,Mass,5:00 PM,,Vigil Mass,English,,
"Sat, Feb 21, 2026",2026-02-21,Saturday,St. Joseph,"968 Haig Mill Lake Rd, Dalton",(706) 278-3107,Mass,5:30 PM,,Mass,english,,vigil
"Sat, Feb 21, 2026",2026-02-21,Saturday,St. Joseph,"304 American Blvd, Saint Joseph",931-853-4370,Mass,5:30 PM,,Mass,english,,vigil
"Sat, Feb 21, 2026",2026-02-21,Saturday,St. Joseph,"203 Plum St, Florence",(256) 764-3303,Mass,7:15 AM,,Mass,English,,
"Sat, Feb 21, 2026",2026-02-21,Saturday,St. Joseph,"968 Haig Mill Lake Rd, Dalton",(706) 278-3107,Mass,7:30 PM,,Mass,spanish,,vigil
"Sat, Feb 21, 2026",2026-02-21,Saturday,St. Joseph,"968 Haig Mill Lake Rd, Dalton",(706) 278-3107,Mass,9:00 AM,,Mass,english,,
"Sat, Feb 21, 2026",2026-02-21,Saturday,St. Joseph the Worker,"649 Old Tellico Hwy N, Madisonville",(423) 442-7273,Mass,4:00 PM,,Mass,English,St. Joseph the Worker Catholic Church,vigil
"Sat, Feb 21, 2026",2026-02-21,Saturday,St. Jude,"13067 Scott Hwy, Helenwood",(423) 569-9584,Mass,4:00 PM,,Mass,english,St. Jude Church - Helenwood,vigil
"Sat, Feb 21, 2026",2026-02-21,Saturday,St. Jude,"1318 E Poplar Ave, Selmer",(731) 645-4188,Mass,4:00 PM,,Mass,English,"St. Jude Church, Selmer",vigil
"Sat, Feb 21, 2026",2026-02-21,Saturday,St. Jude,"930 Ashland Ter, Chattanooga",(423) 870-2386,Mass,5:00 PM,,Mass,english,,livestream; Vigil
"Sat, Feb 21, 2026",2026-02-21,Saturday,St. Jude,"930 Ashland Ter, Chattanooga",(423) 870-2386,Mass,7:30 PM,,Mass,spanish,,Vigil
"Sat, Feb 21, 2026",2026-02-21,Saturday,St. Jude Catholic Church,"930 Ashland Terrace, Chattanooga",+1-423-870-2386,Mass,5:00 PM,,Mass,english,,livestream
"Sat, Feb 21, 2026",2026-02-21,Saturday,St. Jude Catholic Church,"930 Ashland Terrace, Chattanooga",+1-423-870-2386,Mass,7:30 PM,,Mass,spanish,,
"Sat, Feb 21, 2026",2026-02-21,Saturday,St. Julian,"118 E Chester Ave, Middlesboro",(606) 248-2068,Mass,6:00 PM,,Mass,English,,vigil
"Sat, Feb 21, 2026",2026-02-21,Saturday,St. Katharine Drexel,"140 New England Rd, Wildwood",(706) 820-0680,Mass,5:30 PM,,Mass,english,,vigil
"Sat, Feb 21, 2026",2026-02-21,Saturday,St. Katharine Drexel,"140 New England Rd, Wildwood",(706) 820-0680,Mass,8:30 AM,,Mass,english,,
"Sat, Feb 21, 2026",2026-02-21,Saturday,St. Lawrence,"5655 Clarksville Hwy, Joelton",(615) 876-2127,Mass,5:00 PM,,Mass,English,Saint Lawrence,note: Pre-Mass rosary begins at 16:30
"Sat, Feb 21, 2026",2026-02-21,Saturday,St. Louis,"203 S White Station Rd, Memphis",(901) 255-1950,Mass,4:30 PM,,Mass,English,,
"Sat, Feb 21, 2026",2026-02-21,Saturday,St. Louis,"203 S White Station Rd, Memphis",(901) 255-1950,Mass,6:15 AM,,Mass,English,,
"Sat, Feb 21, 2026",2026-02-21,Saturday,St. Louis,"203 S White Station Rd, Memphis",(901) 255-1950,Mass,8:15 AM,,Mass,English,,
"Sat, Feb 21, 2026",2026-02-21,Saturday,St. Martha,"3331 Bell St, Ashland City",615-792-4255,Mass,5:00 PM,,Mass,English,,vigil; Vigil
"Sat, Feb 21, 2026",2026-02-21,Saturday,St. Mary,"1665 US-45 BYP, Jackson",(731) 668-2596,Mass,4:00 PM,,Mass,english,,vigil
"Sat, Feb 21, 2026",2026-02-21,Saturday,St. Mary,"2315 Pickwick St, Savannah",(731) 925-4852,Mass,4:00 PM,,Mass,English,St. Mary's,vigil
"Sat, Feb 21, 2026",2026-02-21,Saturday,St. Mary,"155 Market St, Memphis",(901) 522-9420,Mass,4:30 PM,,Mass,English,,
"Sat, Feb 21, 2026",2026-02-21,Saturday,St. Mary,"220 W Main St, Camden",(731) 584-6459,Mass,5:00 PM,,Vigil Mass,English,,
"Sat, Feb 21, 2026",2026-02-21,Saturday,St. Mary,"403 N Main St, Franklin",(270) 586-4515 or (270) 253-3230 (Rectory),Mass,5:00 PM,,Vigil Mass,English,,vigil
"Sat, Feb 21, 2026",2026-02-21,Saturday,St. Mary,"205 Eastport St E, Iuka",(662) 423-9358,Mass,5:00 PM,,Mass,english,St. Mary,
"Sat, Feb 21, 2026",2026-02-21,Saturday,St. Mary,"2211 E Lakeview Dr, Johnson City",(423) 282-6367,Mass,5:00 PM,,Mass,English,,vigil; Vigil
"Sat, Feb 21, 2026",2026-02-21,Saturday,St. Mary,"327 Vermont Ave, Oak Ridge",(865) 482-2875,Mass,5:30 PM,,Mass,English,,tags: vigil
"Sat, Feb 21, 2026",2026-02-21,Saturday,St. Mary,"223 Mecklenburg Dr, Bolivar",(731) 658-4627,Mass,6:00 PM,,Mass,English,"St. Mary’s Church, Bolivar",vigil
"Sat, Feb 21, 2026",2026-02-21,Saturday,St. Mary,"304 Airport Rd, Gatlinburg",(865) 436-4907,Mass,6:00 PM,,Mass,english,St. Mary's Catholic Church,vigil
"Sat, Feb 21, 2026",2026-02-21,Saturday,St. Mary,"1665 US-45 BYP, Jackson",(731) 668-2596,Mass,8:00 AM,,Mass,english,,
"Sat, Feb 21, 2026",2026-02-21,Saturday,St. Mary,"327 Vermont Ave, Oak Ridge",(865) 482-2875,Mass,8:00 AM,,Mass,english,,
"Sat, Feb 21, 2026",2026-02-21,Saturday,St. Mary,"2211 E Lakeview Dr, Johnson City",(423) 282-6367,Mass,8:30 AM,,Mass,English,,
"Sat, Feb 21, 2026",2026-02-21,Saturday,St. Mary of the Lake Mission,"626 Horseshoe Cir, Horseshoe Lake",(870) 733-1212,Mass,5:00 PM,,Mass,English,St. Michael's Church,vigil
"Sat, Feb 21, 2026",2026-02-21,Saturday,St. Mary of the Seven Sorrows,"328 Rep John Lewis Way N, Nashville",(615) 561-1704,Mass,5:00 PM,,Vigil Mass,English,,vigil
"Sat, Feb 21, 2026",2026-02-21,Saturday,St. Matthew,"9060 Telecom Dr, Milan",(731) 784-3904,Mass,4:00 PM,,Vigil Mass,English,Sacred Heart,vigil
"Sat, Feb 21, 2026",2026-02-21,Saturday,St. Matthew,"535 Sneed Rd W, Franklin",(615) 646-0378,Mass,5:00 PM,,Mass,english,,vigil; livestream
"Sat, Feb 21, 2026",2026-02-21,Saturday,St. Michael,"3863 Summer Ave, Memphis",(901) 323-0896,Mass,4:00 PM,,Mass,english,,vigil
"Sat, Feb 21, 2026",2026-02-21,Saturday,St. Michael,"411 Missouri St, West Memphis",(870) 733-1212,Mass,5:00 PM,,Mass,English,St. Michael's Church,vigil
"Sat, Feb 21, 2026",2026-02-21,Saturday,St. Michael,"2751 County Rd 30, Florence",(256) 764-1885,Mass,6:00 PM,,Mass,English,St. Michael's Catholic Church,vigil
"Sat, Feb 21, 2026",2026-02-21,Saturday,St. Michael,"2751 County Rd 30, Florence",(256) 764-1885,Mass,8:00 AM,,Mass,English,St. Michael's Catholic Church,
"Sat, Feb 21, 2026",2026-02-21,Saturday,St. Michael the Archangel ,"657 N Mohawk Dr, Erwin",(423) 735-0484,Mass,5:00 PM,,Mass,bilingual,Parish Center,vigil
"Sat, Feb 21, 2026",2026-02-21,Saturday,St. Patrick,"2518 W Andrew Johnson Hwy, Morristown",(423) 586-9174,Mass,4:00 PM,,Mass,English,,Vigil
"Sat, Feb 21, 2026",2026-02-21,Saturday,St. Patrick,"1219 Second Ave S, Nashville",(615) 256-6498,Mass,4:00 PM,,Mass,english,,vigil; note: fulfills Sunday obligation
"Sat, Feb 21, 2026",2026-02-21,Saturday,St. Patrick,"175 St Patrick St, McEwen",(931) 582-3633,Mass,5:00 PM,,Mass,english,"Saint Patrick Catholic Church, McEwen, TN",vigil
"Sat, Feb 21, 2026",2026-02-21,Saturday,St. Patrick,"2518 W Andrew Johnson Hwy, Morristown",(423) 586-9174,Mass,5:00 PM,,Mass,English,,during DST; Vigil
"Sat, Feb 21, 2026",2026-02-21,Saturday,St. Patrick,"1219 Second Ave S, Nashville",(615) 256-6498,Mass,7:00 AM,,Mass,english,,
"Sat, Feb 21, 2026",2026-02-21,Saturday,St. Paul the Apostle,"1425 E Shelby Dr, Memphis",(901) 346-2380,Mass,4:00 PM,,Mass,English,,vigil
"Sat, Feb 21, 2026",2026-02-21,Saturday,St. Paul the Apostle,"304 W Grizzard St, Tullahoma",(931) 455-3050,Mass,6:00 PM,,Mass,english,,vigil
"Sat, Feb 21, 2026",2026-02-21,Saturday,St. Paul the Apostle,"1425 E Shelby Dr, Memphis",(901) 346-2380,Mass,9:00 AM,,Mass,English,,
"Sat, Feb 21, 2026",2026-02-21,Saturday,St. Peter the Apostle,"208 Upper Ferry Rd, Carthage",(615) 281-8327,Mass,5:00 PM,,Mass Vigil,English,,
"Sat, Feb 21, 2026",2026-02-21,Saturday,St. Philip,"113 Second Ave S, Franklin",(615) 794-8588,Mass,5:00 PM,,Mass,english,St. Philip Catholic Church,vigil; note: except the day of Easter Vigil
"Sat, Feb 21, 2026",2026-02-21,Saturday,St. Philip,"113 Second Ave S, Franklin",(615) 794-8588,Mass,9:00 AM,,Mass,english,St. Philip Catholic Church,
"Sat, Feb 21, 2026",2026-02-21,Saturday,St. Philip the Apostle,"11710 US Hwy 64, Somerville",(901) 465-8685,Mass,4:00 PM,,Mass,English,,
"Sat, Feb 21, 2026",2026-02-21,Saturday,St. Pius X,"2800 Tucker Rd, Nashville",(615) 256-2729,Mass,5:30 PM,,Holy Mass and Communion Service,english,ST. PIUS X ACADEMY AND CHURCH,vigil; Vigil
"Sat, Feb 21, 2026",2026-02-21,Saturday,St. Pius X,"2800 Tucker Rd, Nashville",(615) 256-2729,Mass,7:30 PM,,Holy Mass and Communion Service,vietnamese,ST. PIUS X ACADEMY AND CHURCH,vigil; Vigil
"Sat, Feb 21, 2026",2026-02-21,Saturday,St. Pius X,"2800 Tucker Rd, Nashville",(615) 256-2729,Mass,8:00 AM,,Holy Mass and Communion Service,vietnamese,ST. PIUS X ACADEMY AND CHURCH,
"Sat, Feb 21, 2026",2026-02-21,Saturday,St. Pius X Church,"2800 Tucker Rd, Nashville",+1-615-244-4093,Mass,5:30 PM,,Mass,english,ST. PIUS X ACADEMY AND CHURCH,vigil; Vigil
"Sat, Feb 21, 2026",2026-02-21,Saturday,St. Pius X Church,"2800 Tucker Rd, Nashville",+1-615-244-4093,Mass,7:30 PM,,Mass,vietnamese,ST. PIUS X ACADEMY AND CHURCH,vigil; Vigil
"Sat, Feb 21, 2026",2026-02-21,Saturday,St. Pius X Church,"2800 Tucker Rd, Nashville",+1-615-244-4093,Mass,8:00 AM,,Mass,vietnamese,ST. PIUS X ACADEMY AND CHURCH,
"Sat, Feb 21, 2026",2026-02-21,Saturday,St. Rose of Lima Catholic Church,"1601 N Tennessee Blvd, Murfreesboro",(615) 893-1843,Mass,4:30 PM,,Vigil Mass,English,,vigil
"Sat, Feb 21, 2026",2026-02-21,Saturday,St. Rose of Lima Catholic Church,"1601 N Tennessee Blvd, Murfreesboro",(615) 893-1843,Mass,6:30 PM,,Mass,spanish,,
"Sat, Feb 21, 2026",2026-02-21,Saturday,St. Rose of Lima Catholic Church,"1601 N Tennessee Blvd, Murfreesboro",(615) 893-1843,Mass,8:00 AM,,Mass,English,,
"Sat, Feb 21, 2026",2026-02-21,Saturday,St. Stephen,"7111 Lee Hwy, Chattanooga",(423) 892-1261,Mass,5:00 PM,,Mass,english,St. Stephen Catholic Church,vigil
"Sat, Feb 21, 2026",2026-02-21,Saturday,St. Stephen,"14544 Lebanon Rd, Old Hickory",(615) 758-2424,Mass,5:00 PM,,Mass,english,Saint Stephen Catholic Community,
"Sat, Feb 21, 2026",2026-02-21,Saturday,St. Therese,"701 S Charles G Seivers Blvd, Clinton",(865) 457-4073,Mass,5:00 PM,,Vigil Mass,English,St. Therese Catholic Church,vigil
"Sat, Feb 21, 2026",2026-02-21,Saturday,St. Therese of Lisieux,"900 Clingan Ridge Dr NW, Cleveland",(423) 476-8123,Mass,6:00 PM,,Mass,english,,vigil
"Sat, Feb 21, 2026",2026-02-21,Saturday,St. Therese of Lisieux,"900 Clingan Ridge Dr NW, Cleveland",(423) 476-8123,Mass,8:30 AM,,Mass,english,,
"Sat, Feb 21, 2026",2026-02-21,Saturday,St. Thomas Aquinas,"421 N Washington Ave, Cookeville",(931) 526-2575,Mass,4:00 PM,,Vigil Mass,english,,vigil
"Sat, Feb 21, 2026",2026-02-21,Saturday,St. Thomas Aquinas,"421 N Washington Ave, Cookeville",(931) 526-2575,Mass,6:00 PM,,Vigil Mass,spanish,,vigil
"Sat, Feb 21, 2026",2026-02-21,Saturday,St. Thomas the Apostle,"1580 St Thomas Way, Lenoir City",(865) 986-9885,Mass,5:00 PM,,Mass,english,Saint Thomas the Apostle,
"Sat, Feb 21, 2026",2026-02-21,Saturday,St. Thomas the Apostle,"1580 St Thomas Way, Lenoir City",(865) 986-9885,Mass,7:00 PM,,Mass,spanish,Saint Thomas the Apostle,
"Sat, Feb 21, 2026",2026-02-21,Saturday,St. Thomas the Apostle,"1580 St Thomas Way, Lenoir City",(865) 986-9885,Mass,9:00 AM,,Mass,english,Saint Thomas the Apostle,
"Sat, Feb 21, 2026",2026-02-21,Saturday,St. William,"4932 Easley St, Millington",(901) 872-4099,Mass,4:30 PM,,Vigil Mass,English,St. William Catholic Church,vigil
"Sat, Feb 21, 2026",2026-02-21,Saturday,St. William,"500 S Brittain St, Shelbyville",19316848745,Mass,4:30 PM,,Mass,english,,vigil
"Sat, Feb 21, 2026",2026-02-21,Saturday,St. William,"765 Andrews Rd, Murphy",(828) 837-2000,Mass,6:00 PM,,Mass,english,St. William Catholic Church,vigil
"Sat, Feb 21, 2026",2026-02-21,Saturday,St. William,"500 S Brittain St, Shelbyville",19316848745,Mass,7:00 PM,,Mass,spanish,,vigil
"Sat, Feb 21, 2026",2026-02-21,Saturday,St. William,"4932 Easley St, Millington",(901) 872-4099,Mass,8:30 AM,,Mass,English,St. William Catholic Church,
"Sat, Feb 21, 2026",2026-02-21,Saturday,Sts. Peter and Paul,"902 E 9th St, Hopkinsville",(270) 885-8522,Mass,5:00 PM,,Mass,english,,vigil
"Sat, Feb 21, 2026",2026-02-21,Saturday,The Cathedral of the Most Sacred Heart of Jesus,"711 S Northshore Dr, Knoxville",(865) 588-0249,Mass,5:00 PM,,Mass,English,,vigil
"Sat, Feb 21, 2026",2026-02-21,Saturday,The Cathedral of the Most Sacred Heart of Jesus,"711 S Northshore Dr, Knoxville",(865) 588-0249,Mass,8:05 AM,,Mass,English,,livestream
"Sat, Feb 21, 2026",2026-02-21,Saturday,All Saints,"620 N Cedar Bluff Rd, Knoxville",(865) 531-0770,Confession,9:30 AM,,Confessions,English,620 N Cedar Bluff Rd,Immediately following Mass
"Sat, Feb 21, 2026",2026-02-21,Saturday,All Saints,"620 N Cedar Bluff Rd, Knoxville",(865) 531-0770,Confession,9:30 AM,,Confessions,English,620 N Cedar Bluff Rd,Confessions; Immediately following the 9 AM Mass
"Sat, Feb 21, 2026",2026-02-21,Saturday,Ave Maria,"664 S Washington St (TN-209), Ripley",(731)589-8302,Confession,4:00 PM,4:30 PM,Confession,English,,by appointment
"Sat, Feb 21, 2026",2026-02-21,Saturday,Basilica of Sts. Peter and Paul,"214 E 8th St, Chattanooga",(423) 266-1618,Confession,5:00 PM,5:30 PM,Confession,English,Basilica,
"Sat, Feb 21, 2026",2026-02-21,Saturday,Blessed Sacrament,"2564 Hale Ave, Memphis",(901) 276-1412,Confession,3:30 PM,,Confession,bilingual,Blessed Sacrament Catholic Church,
"Sat, Feb 21, 2026",2026-02-21,Saturday,Cathedral of the Immaculate Conception,"1669 Central Ave, Memphis",(901) 725-2700,Confession,3:30 PM,4:30 PM,Confession,English,,
"Sat, Feb 21, 2026",2026-02-21,Saturday,Cathedral of the Incarnation,"2015 W End Ave, Nashville",(615) 327-2330,Confession,3:00 PM,4:30 PM,Confession,English,Cathedral,
"Sat, Feb 21, 2026",2026-02-21,Saturday,Christ the King,"3001 Belmont Blvd, Nashville",(615) 292-2884,Confession,3:15 PM,4:15 PM,Confessions,English,,note: except Holy Saturday
"Sat, Feb 21, 2026",2026-02-21,Saturday,Christ the King,"785 Church Rd W, Southaven",(662) 342-1073,Confession,3:15 PM,3:45 PM,Reconciliation,English,,
"Sat, Feb 21, 2026",2026-02-21,Saturday,Christ the King,"820 E Main St, Abingdon",(276) 628-2941,Confession,3:30 PM,4:30 PM,Reconciliation/Confession,English,Christ the King Parish,
"Sat, Feb 21, 2026",2026-02-21,Saturday,Christ the King Catholic Church,"785 Church Rd W, Southaven",+1-662-342-1073,Confession,3:30 PM,4:30 PM,Confession,English,Fletcher Hall Confessionals,
"Sat, Feb 21, 2026",2026-02-21,Saturday,Christ the Redeemer,"1515 Woodland Dr, Centerville",(931) 729-4669,Confession,7:30 AM,8:30 AM,Confession and Adoration,English,Christ the Redeemer,
"Sat, Feb 21, 2026",2026-02-21,Saturday,Good Samaritan,"55 Church St, Ellijay",(706) 636-2772,Confession,3:30 PM,4:45 PM,Confessions,English,,Appointments available
"Sat, Feb 21, 2026",2026-02-21,Saturday,Good Shepherd,"2021 Decherd Blvd, Decherd",(931) 967-0961,Confession,4:00 PM,,Sacrament of Reconciliation,English,Good Shepherd Church,or by appointment
"Sat, Feb 21, 2026",2026-02-21,Saturday,Holy Angels,"535 Tucker St, Dyersburg",(731) 287-8000,Confession,4:00 PM,4:30 PM,Confession,English,,by appointment
"Sat, Feb 21, 2026",2026-02-21,Saturday,Holy Cross,"144 Wears Valley Rd, Pigeon Forge",865-429-5587,Confession,3:00 PM,4:00 PM,Confession,English,,
"Sat, Feb 21, 2026",2026-02-21,Saturday,Holy Cross,"144 Wears Valley Rd, Pigeon Forge",865-429-5587,Confession,6:30 PM,6:55 PM,Confession,English,,
"Sat, Feb 21, 2026",2026-02-21,Saturday,Holy Family,"9100 Crockett Rd, Brentwood",(615) 373-4696,Confession,3:30 PM,4:30 PM,Reconciliation,English,,
"Sat, Feb 21, 2026",2026-02-21,Saturday,Holy Family,"201 Black Oak Ridge Rd, Seymour",(865) 573-1203,Confession,4:30 PM,5:00 PM,Confessions,English,,
"Sat, Feb 21, 2026",2026-02-21,Saturday,Holy Family,"431 Old Hwy 52, Lafayette",(615) 666-6466,Confession,9:00 AM,11:00 AM,Confession,English,"Holy Family catholic church, Lafayette, TN",
"Sat, Feb 21, 2026",2026-02-21,Saturday,Holy Family Catholic Church,"201 Black Oak Ridge Rd, Seymour",+1-865-573-1203,Confession,4:30 PM,5:00 PM,Confession,English,,
"Sat, Feb 21, 2026",2026-02-21,Saturday,Holy Ghost,"1041 N Central St, Knoxville",(865) 522-2205,Confession,8:30 AM,,Confession,English,,note: following the 08:00am Mass
"Sat, Feb 21, 2026",2026-02-21,Saturday,Holy Name,"521 Woodland St, Nashville",(615) 254-8847,Confession,4:15 PM,4:45 PM,Confession,English,Church of the Most Holy Name,note: Appointments available. Please call Holy Name at 615-254-8847
"Sat, Feb 21, 2026",2026-02-21,Saturday,Holy Rosary,"4851 Park Ave, Memphis",(901) 767-6949,Confession,3:00 PM,4:00 PM,Confession,English,Cry Room of the Church,
"Sat, Feb 21, 2026",2026-02-21,Saturday,Holy Rosary,"192 Graylynn Dr, Nashville",(615) 889-4065,Confession,4:00 PM,,Confessions,English,,
"Sat, Feb 21, 2026",2026-02-21,Saturday,Holy Rosary,"192 Graylynn Dr, Nashville",(615) 889-4065,Confession,7:00 AM,,Confessions,English,,
"Sat, Feb 21, 2026",2026-02-21,Saturday,Holy Spirit,"10768 Dayton Pike, Soddy Daisy",(423) 332-5300,Confession,4:45 PM,5:15 PM,Confession,English,Church,note: Or call the front office if you need to schedule a different day or time.
"Sat, Feb 21, 2026",2026-02-21,Saturday,Holy Spirit,"545 E Commerce St, Hernando",(662) 429-7851,Confession,5:30 PM,5:45 PM,Confession,English,,by appointment
"Sat, Feb 21, 2026",2026-02-21,Saturday,Holy Spirit Catholic Church,"10768 Dayton Pike, Soddy-Daisy",+1-423-332-5300,Confession,4:45 PM,5:15 PM,Confession,English,Church,
"Sat, Feb 21, 2026",2026-02-21,Saturday,Immaculate Conception,"709 Franklin St, Clarksville",(931) 645-6275,Confession,3:15 PM,4:15 PM,Confession,English,Main Church,
"Sat, Feb 21, 2026",2026-02-21,Saturday,Immaculate Conception,"1303 E Reelfoot Ave, Union City",(731) 885-0963,Confession,3:15 PM,3:45 PM,Confession,English,Immaculate Conception Catholic Church,by appointment
"Sat, Feb 21, 2026",2026-02-21,Saturday,Immaculate Conception,"414 W Vine Ave, Knoxville",(865) 522-1508,Confession,4:00 PM,4:30 PM,Confession,english,Immaculate Conception,
"Sat, Feb 21, 2026",2026-02-21,Saturday,Immaculate Conception,"414 W Vine Ave, Knoxville",(865) 522-1508,Confession,4:00 PM,5:00 PM,Confession,english,Immaculate Conception,
"Sat, Feb 21, 2026",2026-02-21,Saturday,Immaculate Conception,"709 Franklin St, Clarksville",(931) 645-6275,Confession,9:45 AM,10:45 AM,Confession,English,Main Church,
"Sat, Feb 21, 2026",2026-02-21,Saturday,Incarnation,"360 Bray Station Rd, Collierville",(901) 853-7468 ,Confession,3:30 PM,4:45 PM,Confessions,English,Main Sanctuary,note: or by appointment through the church office
"Sat, Feb 21, 2026",2026-02-21,Saturday,Mission of Our Lady of the Lake,"10645 Hwy 57, Counce",(731) 925-4852,Confession,5:15 PM,5:25 PM,Confessions,English,Our Lady of the Lake,
"Sat, Feb 21, 2026",2026-02-21,Saturday,National Shrine of St. Martin de Porres,"190 Adams Ave, Memphis",(901) 527-8282,Confession,4:00 PM,4:45 PM,Confession,English,Church Sanctuary in the confessional,
"Sat, Feb 21, 2026",2026-02-21,Saturday,Nativity,"5955 St Elmo Rd, Bartlett",(901) 382-2504,Confession,3:30 PM,4:30 PM,Confession,English,,
"Sat, Feb 21, 2026",2026-02-21,Saturday,Nativity,"2793 Buckner Ln, Spring Hill",(615) 794-4004,Confession,3:30 PM,,Confessions,English,,
"Sat, Feb 21, 2026",2026-02-21,Saturday,Notre Dame,"212 Mount Bethel Rd, Greeneville",(423) 639-9381,Confession,4:00 PM,4:30 PM,Reconciliation,English,Notre Dame Catholic Church,or by appointment
"Sat, Feb 21, 2026",2026-02-21,Saturday,Notre Dame Catholic Church,"212 Mt Bethel Rd, Greeneville",+1-423-639-9381,Confession,4:00 PM,4:30 PM,Confession,English,Notre Dame,note: or by appointment
"Sat, Feb 21, 2026",2026-02-21,Saturday,Our Lady of Fatima,"858 Louisville Rd, Alcoa",(865) 982-3672,Confession,4:00 PM,,Confession,spanish,,
"Sat, Feb 21, 2026",2026-02-21,Saturday,Our Lady of Fatima,"858 Louisville Rd, Alcoa",(865) 982-3672,Confession,6:30 PM,,Confession,spanish,,
"Sat, Feb 21, 2026",2026-02-21,Saturday,Our Lady of Guadalupe,"3112 Nolensville Rd, Nashville",615-333-8660,Confession,5:00 PM,7:00 PM,Confession,English,,
"Sat, Feb 21, 2026",2026-02-21,Saturday,Our Lady of Lourdes,"704 Holly Ave, South Pittsburg",(423) 837-7068,Confession,5:00 PM,,Reconciliation,English,,or by appointment; confession
"Sat, Feb 21, 2026",2026-02-21,Saturday,Our Lady of Perpetual Help,"501 S Moore Rd, Chattanooga",(423) 622-7232,Confession,9:00 AM,10:00 AM,Confession,English,,
"Sat, Feb 21, 2026",2026-02-21,Saturday,Our Lady of Perpetual Help,"501 S Moore Rd, Chattanooga",+1-423-622-7232,Confession,9:00 AM,,Confession,English,,
"Sat, Feb 21, 2026",2026-02-21,Saturday,Our Lady of Sorrows,"3700 Thomas St, Memphis",(901) 353-1530,Confession,3:00 PM,3:30 PM,Confession,English,,
"Sat, Feb 21, 2026",2026-02-21,Saturday,Our Lady of the Lake,"1729 Stop 30 Rd, Hendersonville",(615) 824-3276,Confession,3:30 PM,,Reconciliation,English,,
"Sat, Feb 21, 2026",2026-02-21,Saturday,Our Lady of the Lake,"1729 Stop 30 Rd, Hendersonville",(615) 824-3276,Confession,7:30 AM,,Reconciliation,English,,
"Sat, Feb 21, 2026",2026-02-21,Saturday,Our Lady of the Mount,"1227 Scenic Hwy, Lookout Mountain",(706) 820-0680,Confession,4:00 PM,4:45 PM,Confession,English,,
"Sat, Feb 21, 2026",2026-02-21,Saturday,Our Lady of the Shoals,"200 E Commons St N, Tuscumbia",(256) 383-7207,Confession,4:00 PM,5:00 PM,Confession,English,back left of the church sanctuary,
"Sat, Feb 21, 2026",2026-02-21,Saturday,Queen of Peace,"8455 Germantown Rd, Olive Branch",(662) 895-5007,Confession,5:30 PM,5:45 PM,Confession,English,,
"Sat, Feb 21, 2026",2026-02-21,Saturday,Sacred Heart,"2887 E Main St, Humboldt",(731) 618- 6758,Confession,3:15 PM,3:45 PM,Sacrament of Reconciliation,English,Sacred Heart,
"Sat, Feb 21, 2026",2026-02-21,Saturday,Sacred Heart,"296 W 6th St, Russellville",(270) 726-6963,Confession,3:45 PM,4:45 PM,Sacrament of Reconciliation,English,Sacred Heart Catholic Church Russellville KY,
"Sat, Feb 21, 2026",2026-02-21,Saturday,Sacred Heart,"301 Church St, Loretto",(931) 853-4370,Confession,4:30 PM,5:20 PM,Confessions,English,Sacred Heart,
"Sat, Feb 21, 2026",2026-02-21,Saturday,Sacred Heart,"212 Berger St, Lawrenceburg",(931) 762-3183,Confession,5:00 PM,5:20 PM,Sacrament of Reconciliation,English,,
"Sat, Feb 21, 2026",2026-02-21,Saturday,Sacred Heart,"212 Berger St, Lawrenceburg",(931) 762-3183,Confession,9:30 AM,,Sacrament of Reconciliation,English,,
"Sat, Feb 21, 2026",2026-02-21,Saturday,Sagrado Corazón,"2800 McGavock Pike, Nashville",(615) 391-3714,Confession,6:30 PM,,Confessions,English,Sagrado Corazón De Jesús,
"Sat, Feb 21, 2026",2026-02-21,Saturday,St Albert the Great Catholic Church,"7200 Brickey Ln, Knoxville",+1-865-689-7011,Confession,4:00 PM,4:30 PM,Confession,English,,
"Sat, Feb 21, 2026",2026-02-21,Saturday,St Alphonsus Catholic Church,"151 St Alphonsus Way, Crossville",+1-931-484-2358,Confession,4:00 PM,4:45 PM,Confession,English,,
"Sat, Feb 21, 2026",2026-02-21,Saturday,St Elizabeth's Roman Catholic Church,"510 W C St, Elizabethton",+1-423-543-3412,Confession,4:15 PM,4:45 PM,Reconciliation,English,,by appointment
"Sat, Feb 21, 2026",2026-02-21,Saturday,St Elizabeth's Roman Catholic Church,"510 W C St, Elizabethton",+1-423-543-3412,Confession,6:30 PM,6:50 PM,Reconciliation,English,,by appointment
"Sat, Feb 21, 2026",2026-02-21,Saturday,St Francis of Assisi Church,"1489 Donelson Pkwy, Dover",(931) 232-9422,Confession,4:45 PM,5:15 PM,Confession,English,"Saint Francis of Assisi Church, Dover, TN",or by appointment
"Sat, Feb 21, 2026",2026-02-21,Saturday,St Therese-Little Flower,"1644 Jackson Ave, Memphis",(901) 276-1412,Confession,3:30 PM,3:45 PM,Confession,spanish,"Blessed Sacrament, 2564 Hale Ave, Memphis, TN",
"Sat, Feb 21, 2026",2026-02-21,Saturday,St Therese-Little Flower,"1644 Jackson Ave, Memphis",(901) 276-1412,Confession,7:30 AM,8:00 AM,Confession,spanish,"Blessed Sacrament, 2564 Hale Ave, Memphis, TN",
"Sat, Feb 21, 2026",2026-02-21,Saturday,St. Albert the Great,"7200 Brickey Ln, Knoxville",(865) 689-7011,Confession,4:00 PM,4:30 PM,Confession,English,,
"Sat, Feb 21, 2026",2026-02-21,Saturday,St. Alphonsus,"1225 Hwy 51 S, Covington",(901) 476-8140,Confession,3:30 PM,4:15 PM,Confession,English,St. Alphonsus,
"Sat, Feb 21, 2026",2026-02-21,Saturday,St. Alphonsus,"151 St Alphonsus Way, Crossville",(931) 484-2358,Confession,4:00 PM,4:45 PM,Confession,English,Saint Alphonsus Catholic Church,
"Sat, Feb 21, 2026",2026-02-21,Saturday,St. Andrew,"829 Valley View Dr, Sparta",(931) 738-2140,Confession,3:30 PM,4:00 PM,Confessions,English,,St. Andrew Catholic Church; Sparta; TN
"Sat, Feb 21, 2026",2026-02-21,Saturday,St. Ann,"5101 Charlotte Ave, Nashville",(615) 298-1782,Confession,4:00 PM,4:45 PM,Confession,English,Confessional room,
"Sat, Feb 21, 2026",2026-02-21,Saturday,St. Ann,"5101 Charlotte Ave, Nashville",(615) 298-1782,Confession,7:00 AM,7:40 AM,Confession,English,Confessional room,
"Sat, Feb 21, 2026",2026-02-21,Saturday,St. Anne,"706 S Highland St, Memphis",(901) 323-3817,Confession,3:15 PM,3:45 PM,Confession,English,,
"Sat, Feb 21, 2026",2026-02-21,Saturday,St. Anne,"316 Euclid Ave, Bristol",(276) 669-8200,Confession,4:00 PM,5:15 PM,Confession,English,,
"Sat, Feb 21, 2026",2026-02-21,Saturday,St. Anne,"316 Euclid Ave, Bristol",(276) 669-8200,Confession,8:45 AM,9:15 AM,Confession,English,,note: during Adoration
"Sat, Feb 21, 2026",2026-02-21,Saturday,St. Augustine,"1716 Anderson Pike, Signal Mountain",(423) 886-3424,Confession,4:45 PM,5:15 PM,Sacrament of Reconciliation,English,,Or By Appointment
"Sat, Feb 21, 2026",2026-02-21,Saturday,St. Catherine,"3019 Cayce Ln, Columbia",(931) 388-3803,Confession,7:15 AM,7:45 AM,Confession,English,Saint Catherine of Siena Catholic Church,
"Sat, Feb 21, 2026",2026-02-21,Saturday,St. Catherine Laboure,"115 Main St, Copperhill",(423) 496-3498,Confession,3:45 PM,4:15 PM,Confessions,English,,
"Sat, Feb 21, 2026",2026-02-21,Saturday,St. Christopher,"713 W College St, Dickson",(615) 446-3927,Confession,4:00 PM,4:45 PM,Confession,English,St. Christopher Catholic Church,
"Sat, Feb 21, 2026",2026-02-21,Saturday,St. Dominic,"2517 John B Dennis Hwy, Kingsport",(423) 288-8101,Confession,4:00 PM,5:00 PM,Confession,English,,check bulletin
"Sat, Feb 21, 2026",2026-02-21,Saturday,St. Edward,"188 Thompson Ln, Nashville",(615)-833-5520,Confession,4:00 PM,4:40 PM,Confession,English,,
"Sat, Feb 21, 2026",2026-02-21,Saturday,St. Edward,"188 Thompson Ln, Nashville",(615)-833-5520,Confession,7:00 AM,7:45 AM,Adoration & Confession,English,,
"Sat, Feb 21, 2026",2026-02-21,Saturday,St. Edward,"188 Thompson Ln, Nashville",(615)-833-5520,Confession,7:10 AM,7:45 AM,Confession,English,,
"Sat, Feb 21, 2026",2026-02-21,Saturday,St. Elizabeth,"510 W C Street, Elizabethton",(423) 543-3412,Confession,4:15 PM,4:45 PM,Reconciliation,English,,
"Sat, Feb 21, 2026",2026-02-21,Saturday,St. Elizabeth,"510 W C Street, Elizabethton",(423) 543-3412,Confession,6:30 PM,6:50 PM,Reconciliation,English,,
"Sat, Feb 21, 2026",2026-02-21,Saturday,St. Elizabeth of the Hill Country,"259 Pilgrims Way, Boone",(828) 264-8338,Confession,3:00 PM,4:00 PM,Confession,English,St. Elizabeth,
"Sat, Feb 21, 2026",2026-02-21,Saturday,St. Frances Cabrini,"300 S Tarver Ave, Lebanon",(615) 444-0524,Confession,4:00 PM,5:00 PM,Confession,English,,
"Sat, Feb 21, 2026",2026-02-21,Saturday,St. Francis of Assisi,"8151 Chimneyrock Blvd, Cordova",(901) 756-1213,Confession,2:45 PM,3:45 PM,Confessions,English,church narthex,note: or by appointment
"Sat, Feb 21, 2026",2026-02-21,Saturday,St. Francis of Assisi,"7719 River Rd, Townsend",(865) 448-6070,Confession,3:00 PM,3:40 PM,Sacrament of Reconciliation,English,,offered before weekend Mass
"Sat, Feb 21, 2026",2026-02-21,Saturday,St. Francis of Assisi,"167 St Francis Pl, Jefferson",(336) 246-9151,Confession,3:45 PM,,Confessions,English,,
"Sat, Feb 21, 2026",2026-02-21,Saturday,St. Francis of Assisi,"167 St Francis Pl, Jefferson",(336) 246-9151,Confession,6:45 PM,,Confessions,English,,
"Sat, Feb 21, 2026",2026-02-21,Saturday,St. Gerard Majella,"3049 Lafayette Rd, Fort Oglethorpe",(706) 861-9410,Confession,3:45 PM,4:15 PM,Confession,English,Saint Gerard Majella Catholic Church,note: or by appointment or walkup
"Sat, Feb 21, 2026",2026-02-21,Saturday,St. Henry,"6401 Harding Pike, Nashville",(615) 352-2259,Confession,3:30 PM,4:45 PM,Confession,English,Chapel,tags: chapel
"Sat, Feb 21, 2026",2026-02-21,Saturday,St. Ignatius of Antioch,"601 Bell Rd, Nashville",615-367-0085,Confession,3:15 PM,4:15 PM,Confession,English,,or by appointment
"Sat, Feb 21, 2026",2026-02-21,Saturday,St. John Neumann,"633 Saint John Ct, Farragut",(865) 966-4540,Confession,3:00 PM,4:15 PM,Reconciliation,English,,
"Sat, Feb 21, 2026",2026-02-21,Saturday,St. John Neumann,"633 Saint John Ct, Farragut",(865) 966-4540,Confession,8:45 AM,10:00 AM,Reconciliation,English,,
"Sat, Feb 21, 2026",2026-02-21,Saturday,St. John Vianney,"449 N Water St, Gallatin",(615) 452-2977,Confession,5:00 PM,5:45 PM,Confession,English,,
"Sat, Feb 21, 2026",2026-02-21,Saturday,St. John Vianney,"449 N Water St, Gallatin",(615) 452-2977,Confession,8:45 AM,10:00 AM,Confession,English,,
"Sat, Feb 21, 2026",2026-02-21,Saturday,St. Joseph,"203 Plum St, Florence",(256) 764-3303,Confession,3:00 PM,4:30 PM,Reconciliation,English,,
"Sat, Feb 21, 2026",2026-02-21,Saturday,St. Joseph,"968 Haig Mill Lake Rd, Dalton",(706) 278-3107,Confession,4:30 PM,5:15 PM,Confession,English,,
"Sat, Feb 21, 2026",2026-02-21,Saturday,St. Joseph,"968 Haig Mill Lake Rd, Dalton",(706) 278-3107,Confession,6:30 PM,7:15 PM,Confession,English,,
"Sat, Feb 21, 2026",2026-02-21,Saturday,St. Joseph,"968 Haig Mill Lake Rd, Dalton",(706) 278-3107,Confession,9:30 AM,,Confession,English,,
"Sat, Feb 21, 2026",2026-02-21,Saturday,St. Joseph the Worker,"649 Old Tellico Hwy N, Madisonville",(423) 442-7273,Confession,3:00 PM,,Sacrament of Penance,English,St. Joseph the Worker Catholic Church,and by appointment
"Sat, Feb 21, 2026",2026-02-21,Saturday,St. Jude,"930 Ashland Ter, Chattanooga",(423) 870-2386,Confession,3:30 PM,,Confessions,English,,Or by appointment with either priest
"Sat, Feb 21, 2026",2026-02-21,Saturday,St. Jude Catholic Church,"930 Ashland Terrace, Chattanooga",+1-423-870-2386,Confession,3:30 PM,4:30 PM,Confession,English,,
"Sat, Feb 21, 2026",2026-02-21,Saturday,St. Julian,"118 E Chester Ave, Middlesboro",(606) 248-2068,Confession,5:15 PM,5:45 PM,Confession,English,,
"Sat, Feb 21, 2026",2026-02-21,Saturday,St. Katharine Drexel,"140 New England Rd, Wildwood",(706) 820-0680,Confession,4:00 PM,4:45 PM,Confession,English,,
"Sat, Feb 21, 2026",2026-02-21,Saturday,St. Lawrence,"5655 Clarksville Hwy, Joelton",(615) 876-2127,Confession,4:15 PM,4:45 PM,Confession,English,Saint Lawrence,
"Sat, Feb 21, 2026",2026-02-21,Saturday,St. Lawrence,"5655 Clarksville Hwy, Joelton",(615) 876-2127,Confession,8:15 AM,9:00 AM,Confession,English,Saint Lawrence,
"Sat, Feb 21, 2026",2026-02-21,Saturday,St. Louis,"203 S White Station Rd, Memphis",(901) 255-1950,Confession,3:20 PM,4:20 PM,Confession,English,,
"Sat, Feb 21, 2026",2026-02-21,Saturday,St. Mary,"2315 Pickwick St, Savannah",(731) 925-4852,Confession,3:15 PM,3:45 PM,Confession,English,St. Mary's,
"Sat, Feb 21, 2026",2026-02-21,Saturday,St. Mary,"1665 US-45 BYP, Jackson",(731) 668-2596,Confession,3:20 PM,3:50 PM,Confession,English,,
"Sat, Feb 21, 2026",2026-02-21,Saturday,St. Mary,"403 N Main St, Franklin",(270) 586-4515 or (270) 253-3230 (Rectory),Confession,3:30 PM,4:30 PM,Confession,English,,
"Sat, Feb 21, 2026",2026-02-21,Saturday,St. Mary,"155 Market St, Memphis",(901) 522-9420,Confession,3:45 PM,4:15 PM,Confession,English,,and by appointment
"Sat, Feb 21, 2026",2026-02-21,Saturday,St. Mary,"220 W Main St, Camden",(731) 584-6459,Confession,4:00 PM,4:30 PM,Confession,English,,
"Sat, Feb 21, 2026",2026-02-21,Saturday,St. Mary,"2211 E Lakeview Dr, Johnson City",(423) 282-6367,Confession,4:30 PM,,Confessions,English,,
"Sat, Feb 21, 2026",2026-02-21,Saturday,St. Mary,"304 Airport Rd, Gatlinburg",(865) 436-4907,Confession,5:15 PM,5:45 PM,Confession,English,St. Mary's Catholic Church,Confessions by appointment also
"Sat, Feb 21, 2026",2026-02-21,Saturday,St. Mary,"205 Eastport St E, Iuka",(662) 423-9358,Confession,6:00 PM,,Confession,English,St. Mary,After Mass; or by appointment.
"Sat, Feb 21, 2026",2026-02-21,Saturday,St. Mary,"327 Vermont Ave, Oak Ridge",(865) 482-2875,Confession,8:30 AM,,Confessions,english,,
"Sat, Feb 21, 2026",2026-02-21,Saturday,St. Mary,"2211 E Lakeview Dr, Johnson City",(423) 282-6367,Confession,9:00 AM,,Confessions,English,,
"Sat, Feb 21, 2026",2026-02-21,Saturday,St. Mary,"327 Vermont Ave, Oak Ridge",(865) 482-2875,Confession,TBD,,Confessions,English,,"before every Mass; note: implied by ""Weekdays Monday through Saturday at 8:00 am"""
"Sat, Feb 21, 2026",2026-02-21,Saturday,St. Mary of the Seven Sorrows,"328 Rep John Lewis Way N, Nashville",(615) 561-1704,Confession,4:15 PM,,Confession,English,,
"Sat, Feb 21, 2026",2026-02-21,Saturday,St. Matthew,"9060 Telecom Dr, Milan",(731) 784-3904,Confession,3:15 PM,3:45 PM,Sacrament of Reconciliation,English,Sacred Heart,
"Sat, Feb 21, 2026",2026-02-21,Saturday,St. Matthew,"535 Sneed Rd W, Franklin",(615) 646-0378,Confession,4:00 PM,4:45 PM,Confession,english,Chapel,
"Sat, Feb 21, 2026",2026-02-21,Saturday,St. Michael,"3863 Summer Ave, Memphis",(901) 323-0896,Confession,3:00 PM,3:45 PM,Confession,English,,
"Sat, Feb 21, 2026",2026-02-21,Saturday,St. Michael,"2751 County Rd 30, Florence",(256) 764-1885,Confession,4:30 PM,5:30 PM,Confession,English,St. Michael's Catholic Church,prior to 6pm Mass
"Sat, Feb 21, 2026",2026-02-21,Saturday,St. Michael the Archangel ,"657 N Mohawk Dr, Erwin",(423) 735-0484,Confession,4:20 PM,4:40 PM,Reconciliation,bilingual,Parish Center,
"Sat, Feb 21, 2026",2026-02-21,Saturday,St. Patrick,"2518 W Andrew Johnson Hwy, Morristown",(423) 586-9174,Confession,3:00 PM,3:45 PM,Reconciliation,English,,
"Sat, Feb 21, 2026",2026-02-21,Saturday,St. Patrick,"1219 Second Ave S, Nashville",(615) 256-6498,Confession,3:00 PM,3:45 PM,Confessions,English,,
"Sat, Feb 21, 2026",2026-02-21,Saturday,St. Patrick,"175 St Patrick St, McEwen",(931) 582-3633,Confession,4:00 PM,,Confession,English,,
"Sat, Feb 21, 2026",2026-02-21,Saturday,St. Patrick,"2518 W Andrew Johnson Hwy, Morristown",(423) 586-9174,Confession,4:00 PM,4:45 PM,Reconciliation,English,,during DST
"Sat, Feb 21, 2026",2026-02-21,Saturday,St. Patrick,"1219 Second Ave S, Nashville",(615) 256-6498,Confession,6:15 AM,6:50 AM,Confessions,English,,
"Sat, Feb 21, 2026",2026-02-21,Saturday,St. Paul the Apostle,"1425 E Shelby Dr, Memphis",(901) 346-2380,Confession,3:00 PM,3:30 PM,Confession,English,,
"Sat, Feb 21, 2026",2026-02-21,Saturday,St. Paul the Apostle,"1425 E Shelby Dr, Memphis",(901) 346-2380,Confession,8:15 AM,8:45 AM,Confession,English,,
"Sat, Feb 21, 2026",2026-02-21,Saturday,St. Philip,"113 Second Ave S, Franklin",(615) 794-8588,Confession,3:00 PM,4:45 PM,Confession,English,St. Philip Catholic Church,note: except the Saturday before Palm Sunday & Holy Saturday
"Sat, Feb 21, 2026",2026-02-21,Saturday,St. Pius X,"2800 Tucker Rd, Nashville",(615) 256-2729,Confession,4:30 PM,5:15 PM,Confessions,English,ST. PIUS X ACADEMY AND CHURCH,or by appointment as needed - call Father Hung at 615-249-8028
"Sat, Feb 21, 2026",2026-02-21,Saturday,St. Rose of Lima Catholic Church,"1601 N Tennessee Blvd, Murfreesboro",(615) 893-1843,Confession,5:30 PM,,Confession,English,,
"Sat, Feb 21, 2026",2026-02-21,Saturday,St. Rose of Lima Catholic Church,"1601 N Tennessee Blvd, Murfreesboro",(615) 893-1843,Confession,8:45 AM,,Confession,English,,
"Sat, Feb 21, 2026",2026-02-21,Saturday,St. Stephen,"14544 Lebanon Rd, Old Hickory",(615) 758-2424,Confession,3:45 PM,4:45 PM,Confession,English,Saint Stephen Catholic Community,note: before 5pm mass
"Sat, Feb 21, 2026",2026-02-21,Saturday,St. Stephen,"7111 Lee Hwy, Chattanooga",(423) 892-1261,Confession,4:00 PM,4:50 PM,Confession,bilingual,St. Stephen Catholic Church,
"Sat, Feb 21, 2026",2026-02-21,Saturday,St. Therese,"701 S Charles G Seivers Blvd, Clinton",(865) 457-4073,Confession,4:00 PM,,Sacrament of Reconciliation,English,,evenings; before 17:00 Vigil Mass
"Sat, Feb 21, 2026",2026-02-21,Saturday,St. Therese of Lisieux,"900 Clingan Ridge Dr NW, Cleveland",(423) 476-8123,Confession,4:45 PM,5:45 PM,Confession,English,,note: or by request
"Sat, Feb 21, 2026",2026-02-21,Saturday,St. Thomas Aquinas,"421 N Washington Ave, Cookeville",(931) 526-2575,Confession,3:00 PM,3:50 PM,Confession,English,,
"Sat, Feb 21, 2026",2026-02-21,Saturday,St. Thomas the Apostle,"1580 St Thomas Way, Lenoir City",(865) 986-9885,Confession,9:45 AM,10:30 AM,Confessions,English,Saint Thomas the Apostle,note: or by appointment
"Sat, Feb 21, 2026",2026-02-21,Saturday,St. Thomas the Apostle (Ukrainian),"2304 Ault Rd, Knoxville",865-367-6093,Confession,4:00 PM,,Confession,English,Church,note: also by appointment
"Sat, Feb 21, 2026",2026-02-21,Saturday,St. William,"4932 Easley St, Millington",(901) 872-4099,Confession,3:00 PM,4:00 PM,Reconciliation,English,St. William Catholic Church,or by appointment
"Sat, Feb 21, 2026",2026-02-21,Saturday,St. William,"500 S Brittain St, Shelbyville",19316848745,Confession,5:45 PM,6:45 PM,Confession,English,,
"Sat, Feb 21, 2026",2026-02-21,Saturday,Sts. Peter and Paul,"902 E 9th St, Hopkinsville",(270) 885-8522,Confession,3:00 PM,4:30 PM,Reconciliation,English,,
"Sat, Feb 21, 2026",2026-02-21,Saturday,The Cathedral of the Most Sacred Heart of Jesus,"711 S Northshore Dr, Knoxville",(865) 588-0249,Confession,8:45 AM,9:45 AM,Confession,English,,
"Sat, Feb 21, 2026",2026-02-21,Saturday,Good Samaritan,"55 Church St, Ellijay",(706) 636-2772,Adoration,8:00 PM,9:30 PM,Adoration of the Blessed Sacrament,spanish,,recurring; exposition
"Sat, Feb 21, 2026",2026-02-21,Saturday,Holy Family,"431 Old Hwy 52, Lafayette",(615) 666-6466,Adoration,9:30 AM,10:30 AM,Adoration,English,"Holy Family catholic church, Lafayette, TN",exposition
"Sat, Feb 21, 2026",2026-02-21,Saturday,Korean Martyrs,"2319 Lebanon Pike, Nashville",6155256661,Adoration,8:00 AM,,Adoration,English,,Family Holy Hour 07:00-20:00
"Sat, Feb 21, 2026",2026-02-21,Saturday,St. Andrew,"829 Valley View Dr, Sparta",(931) 738-2140,Adoration,3:00 PM,4:00 PM,Adoration,English,,St. Andrew Catholic Church; Sparta; TN
"Sat, Feb 21, 2026",2026-02-21,Saturday,St. Anne,"316 Euclid Ave, Bristol",(276) 669-8200,Adoration,8:30 AM,9:30 AM,Adoration,English,Chapel,exposition
"Sat, Feb 21, 2026",2026-02-21,Saturday,St. Anne,"316 Euclid Ave, Bristol",(276) 669-8200,Adoration,8:30 AM,,No Morning Adoration,English,Chapel,No Morning Adoration; note: Fr. Tom in Richmond
"Sat, Feb 21, 2026",2026-02-21,Saturday,St. Augustine,"1716 Anderson Pike, Signal Mountain",(423) 886-3424,Adoration,7:00 AM,8:00 AM,Adoration,English,,
"Sat, Feb 21, 2026",2026-02-21,Saturday,St. Catherine,"3019 Cayce Ln, Columbia",(931) 388-3803,Adoration,7:00 AM,,Adoration,English,Saint Catherine of Siena Catholic Church,exposition
"Sat, Feb 21, 2026",2026-02-21,Saturday,St. Frances Cabrini,"300 S Tarver Ave, Lebanon",(615) 444-0524,Adoration,4:00 PM,5:00 PM,Adoration,English,,exposition
"Sat, Feb 21, 2026",2026-02-21,Saturday,St. Ignatius of Antioch,"601 Bell Rd, Nashville",615-367-0085,Adoration,7:00 AM,7:45 AM,Eucharist Adoration,English,,
"Sat, Feb 21, 2026",2026-02-21,Saturday,St. John Vianney,"449 N Water St, Gallatin",(615) 452-2977,Adoration,9:00 AM,4:00 PM,Adoration,English,,
"Sat, Feb 21, 2026",2026-02-21,Saturday,St. Louis,"203 S White Station Rd, Memphis",(901) 255-1950,Adoration,6:00 AM,10:00 PM,Adoration,English,,
"Sat, Feb 21, 2026",2026-02-21,Saturday,All Saints,"620 N Cedar Bluff Rd, Knoxville",(865) 531-0770,Devotions,4:30 PM,5:00 PM,Rosary,English,Church,
"Sat, Feb 21, 2026",2026-02-21,Saturday,All Saints,"620 N Cedar Bluff Rd, Knoxville",(865) 531-0770,Devotions,4:30 PM,,Rosary in the Church,English,Church,Rosary in the Church
"Sat, Feb 21, 2026",2026-02-21,Saturday,Chapel of St. Cecilia,"801 Dominican Dr, Nashville",16152565486,Devotions,5:30 PM,6:00 PM,Vespers,English,,
"Sat, Feb 21, 2026",2026-02-21,Saturday,Chapel of St. Cecilia,"801 Dominican Dr, Nashville",16152565486,Devotions,6:00 PM,6:30 PM,Rosary,English,,
"Sat, Feb 21, 2026",2026-02-21,Saturday,Holy Family,"9100 Crockett Rd, Brentwood",(615) 373-4696,Devotions,4:30 PM,,Rosary,English,Main Sanctuary,
"Sat, Feb 21, 2026",2026-02-21,Saturday,Holy Spirit,"2300 Hickory Crest Dr, Memphis",(901) 754-7146,Devotions,TBD,,Rosary,English,Chapel,after
"Sat, Feb 21, 2026",2026-02-21,Saturday,Our Lady of Sorrows,"3700 Thomas St, Memphis",(901) 353-1530,Devotions,3:00 PM,,Chaplet of Divine Mercy,English,,
"Sat, Feb 21, 2026",2026-02-21,Saturday,Our Lady of Sorrows,"3700 Thomas St, Memphis",(901) 353-1530,Devotions,3:30 PM,,Rosary,English,,
"Sat, Feb 21, 2026",2026-02-21,Saturday,St. Frances Cabrini,"300 S Tarver Ave, Lebanon",(615) 444-0524,Devotions,5:00 PM,,Rosary,English,,
"Sat, Feb 21, 2026",2026-02-21,Saturday,St. Martha,"3331 Bell St, Ashland City",615-792-4255,Devotions,8:30 AM,,Lauds,english,,
"Sat, Feb 21, 2026",2026-02-21,Saturday,St. Mary,"220 W Main St, Camden",(731) 584-6459,Devotions,4:30 PM,,Rosary,English,,
"Sat, Feb 21, 2026",2026-02-21,Saturday,St. Rose of Lima Catholic Church,"1601 N Tennessee Blvd, Murfreesboro",(615) 893-1843,Devotions,4:00 PM,,Rosary,English,,
"Sat, Feb 21, 2026",2026-02-21,Saturday,St. Rose of Lima Catholic Church,"1601 N Tennessee Blvd, Murfreesboro",(615) 893-1843,Devotions,6:00 PM,,Rosary,English,,
"Sat, Feb 21, 2026",2026-02-21,Saturday,St. Rose of Lima Catholic Church,"1601 N Tennessee Blvd, Murfreesboro",(615) 893-1843,Devotions,7:30 AM,,Rosary,English,,
"Sat, Feb 21, 2026",2026-02-21,Saturday,St. Therese of Lisieux,"900 Clingan Ridge Dr NW, Cleveland",(423) 476-8123,Devotions,9:00 AM,,Rosary,English,Adoration Chapel,note: following 08:30 Mass
"Sat, Feb 21, 2026",2026-02-21,Saturday,St. Thomas the Apostle (Ukrainian),"2304 Ault Rd, Knoxville",865-367-6093,Devotions,5:00 PM,,Great Vespers,English,Church,vigil
"Sat, Feb 21, 2026",2026-02-21,Saturday,Resurrection,"5475 Newberry Ave, Memphis",(901) 794-8970,Other,3:15 PM,3:45 PM,Penance,bilingual,,
"Sat, Feb 21, 2026",2026-02-21,Saturday,St. Mary,"327 Vermont Ave, Oak Ridge",(865) 482-2875,Other,6:30 PM,,Youth Trivia Night,English,,Youth Trivia Night
"Sat, Feb 21, 2026",2026-02-21,Saturday,Vietnamese Parish of Divine Mercy,"10919 Carmichael Rd, Knoxville",(865) 766-2091,Other,7:30 PM,,Lễ,English,,
"Sat, Feb 21, 2026",2026-02-21,Saturday,Vietnamese Parish of Divine Mercy,"10919 Carmichael Rd, Knoxville",(865) 766-2091,Other,8:00 AM,,Lễ,English,,
"Sat, Feb 21, 2026",2026-02-21,Saturday,Our Lady of the Shoals,"200 E Commons St N, Tuscumbia",(256) 383-7207,Sacraments,TBD,,Baptisms,English,,note: call to make an appointment
"Sun, Feb 22, 2026",2026-02-22,Sunday,All Saints,"620 N Cedar Bluff Rd, Knoxville",(865) 531-0770,Mass,10:00 AM,,Mass,english,620 N Cedar Bluff Rd,
"Sun, Feb 22, 2026",2026-02-22,Sunday,All Saints,"620 N Cedar Bluff Rd, Knoxville",(865) 531-0770,Mass,11:30 AM,,Mass,english,620 N Cedar Bluff Rd,
"Sun, Feb 22, 2026",2026-02-22,Sunday,All Saints,"620 N Cedar Bluff Rd, Knoxville",(865) 531-0770,Mass,8:00 AM,,Mass,english,620 N Cedar Bluff Rd,
"Sun, Feb 22, 2026",2026-02-22,Sunday,Ascension,"3680 Ramill Rd, Memphis",(901) 372-1364,Mass,1:00 PM,,Mass,spanish,,
"Sun, Feb 22, 2026",2026-02-22,Sunday,Ascension,"3680 Ramill Rd, Memphis",(901) 372-1364,Mass,9:30 AM,,Mass,english,,
"Sun, Feb 22, 2026",2026-02-22,Sunday,Assumption,"1227 7th Ave N, Nashville",(615) 256-2729,Mass,10:00 AM,,High Mass,latin,,
"Sun, Feb 22, 2026",2026-02-22,Sunday,Assumption,"1227 7th Ave N, Nashville",(615) 256-2729,Mass,3:30 PM,,Syro-Malabar Mass,English,,
"Sun, Feb 22, 2026",2026-02-22,Sunday,Assumption,"1227 7th Ave N, Nashville",(615) 256-2729,Mass,7:00 AM,,Low Mass,latin,,
"Sun, Feb 22, 2026",2026-02-22,Sunday,Assumption,"1227 7th Ave N, Nashville",(615) 256-2729,Mass,8:30 AM,,Low Mass,english,,
"Sun, Feb 22, 2026",2026-02-22,Sunday,Ave Maria,"664 S Washington St (TN-209), Ripley",(731)589-8302,Mass,11:30 AM,,Mass,spanish,,
"Sun, Feb 22, 2026",2026-02-22,Sunday,Ave Maria,"664 S Washington St (TN-209), Ripley",(731)589-8302,Mass,9:00 AM,,Mass,english,,
"Sun, Feb 22, 2026",2026-02-22,Sunday,Basilica of Sts. Peter and Paul,"214 E 8th St, Chattanooga",(423) 266-1618,Mass,11:30 AM,,Mass,latin,Basilica,
"Sun, Feb 22, 2026",2026-02-22,Sunday,Basilica of Sts. Peter and Paul,"214 E 8th St, Chattanooga",(423) 266-1618,Mass,1:30 PM,,Mass,spanish,Basilica,
"Sun, Feb 22, 2026",2026-02-22,Sunday,Basilica of Sts. Peter and Paul,"214 E 8th St, Chattanooga",(423) 266-1618,Mass,7:00 AM,,Mass,spanish,Basilica,
"Sun, Feb 22, 2026",2026-02-22,Sunday,Basilica of Sts. Peter and Paul,"214 E 8th St, Chattanooga",(423) 266-1618,Mass,9:00 AM,,Mass,english,Basilica,
"Sun, Feb 22, 2026",2026-02-22,Sunday,Blessed Martyr Bishops (Byzantine Catholic Church),"2319 Lebanon Pike, Nashville",(805) 765-0761,Mass,8:30 AM,,Divine Liturgy,English,Catholic Church of the Korean Martyrs,
"Sun, Feb 22, 2026",2026-02-22,Sunday,Blessed Sacrament,"2564 Hale Ave, Memphis",(901) 276-1412,Mass,10:45 AM,,Mass,english,Blessed Sacrament Catholic Church,livestream
"Sun, Feb 22, 2026",2026-02-22,Sunday,Blessed Sacrament,"2564 Hale Ave, Memphis",(901) 276-1412,Mass,1:45 PM,,Mass,spanish,Blessed Sacrament Catholic Church,
"Sun, Feb 22, 2026",2026-02-22,Sunday,Blessed Sacrament,"2564 Hale Ave, Memphis",(901) 276-1412,Mass,8:15 AM,,Mass,English,Blessed Sacrament Catholic Church,livestream
"Sun, Feb 22, 2026",2026-02-22,Sunday,Cathedral of the Immaculate Conception,"1669 Central Ave, Memphis",(901) 725-2700,Mass,10:00 AM,,Mass,English,,
"Sun, Feb 22, 2026",2026-02-22,Sunday,Cathedral of the Immaculate Conception,"1669 Central Ave, Memphis",(901) 725-2700,Mass,12:00 PM,,Mass,English,,
"Sun, Feb 22, 2026",2026-02-22,Sunday,Cathedral of the Immaculate Conception,"1669 Central Ave, Memphis",(901) 725-2700,Mass,8:00 AM,,Mass,English,,
"Sun, Feb 22, 2026",2026-02-22,Sunday,Cathedral of the Incarnation,"2015 W End Ave, Nashville",(615) 327-2330,Mass,11:00 AM,,Mass,English,Cathedral,
"Sun, Feb 22, 2026",2026-02-22,Sunday,Cathedral of the Incarnation,"2015 W End Ave, Nashville",(615) 327-2330,Mass,5:00 PM,,Mass,English,Cathedral,
"Sun, Feb 22, 2026",2026-02-22,Sunday,Cathedral of the Incarnation,"2015 W End Ave, Nashville",(615) 327-2330,Mass,8:30 AM,,Mass,English,Cathedral,
"Sun, Feb 22, 2026",2026-02-22,Sunday,Catholic Church of the Nativity,"2793 Buckner Ln, Thompson's Station",+1-615-794-4004,Mass,11:00 AM,,Mass,English,,
"Sun, Feb 22, 2026",2026-02-22,Sunday,Catholic Church of the Nativity,"2793 Buckner Ln, Thompson's Station",+1-615-794-4004,Mass,1:00 PM,,Mass,spanish,,
"Sun, Feb 22, 2026",2026-02-22,Sunday,Catholic Church of the Nativity,"2793 Buckner Ln, Thompson's Station",+1-615-794-4004,Mass,5:00 PM,,Mass,English,,
"Sun, Feb 22, 2026",2026-02-22,Sunday,Catholic Church of the Nativity,"2793 Buckner Ln, Thompson's Station",+1-615-794-4004,Mass,7:00 AM,,Mass,English,,
"Sun, Feb 22, 2026",2026-02-22,Sunday,Catholic Church of the Nativity,"2793 Buckner Ln, Thompson's Station",+1-615-794-4004,Mass,8:30 AM,,Mass,English,,
"Sun, Feb 22, 2026",2026-02-22,Sunday,Chapel of St. Cecilia,"801 Dominican Dr, Nashville",16152565486,Mass,7:45 AM,8:45 AM,Holy Mass,English,Chapel,
"Sun, Feb 22, 2026",2026-02-22,Sunday,Chapel of St. Cecilia,"801 Dominican Dr, Nashville",16152565486,Mass,7:45 AM,,Holy Mass,English,,
"Sun, Feb 22, 2026",2026-02-22,Sunday,Christ the King,"1000 Celina Rd, Tompkinsville",12704320686,Mass,10:00 AM,,Mass,English,,
"Sun, Feb 22, 2026",2026-02-22,Sunday,Christ the King,"1000 Celina Rd, Tompkinsville",12704320686,Mass,10:30 AM,,Mass,English,,
"Sun, Feb 22, 2026",2026-02-22,Sunday,Christ the King,"3001 Belmont Blvd, Nashville",(615) 292-2884,Mass,11:00 AM,,Mass,english,,
"Sun, Feb 22, 2026",2026-02-22,Sunday,Christ the King,"298 Bluegrass Dr, Scottsville",(270) 237-4404 or (270) 586-4515,Mass,11:00 AM,,Mass,English,,Every Sunday
"Sun, Feb 22, 2026",2026-02-22,Sunday,Christ the King,"785 Church Rd W, Southaven",(662) 342-1073,Mass,11:00 AM,,Mass,english,,
"Sun, Feb 22, 2026",2026-02-22,Sunday,Christ the King,"1000 Celina Rd, Tompkinsville",12704320686,Mass,11:00 AM,,Mass,English,,
"Sun, Feb 22, 2026",2026-02-22,Sunday,Christ the King,"1000 Celina Rd, Tompkinsville",12704320686,Mass,11:30 AM,,Mass,English,,
"Sun, Feb 22, 2026",2026-02-22,Sunday,Christ the King,"816 Blue Top Rd, Tazewell",(423) 562-0312,Mass,12:00 PM,,Mass,English,Christ the King Church,
"Sun, Feb 22, 2026",2026-02-22,Sunday,Christ the King,"785 Church Rd W, Southaven",(662) 342-1073,Mass,12:30 PM,,Misa,spanish,,
"Sun, Feb 22, 2026",2026-02-22,Sunday,Christ the King,"1000 Celina Rd, Tompkinsville",12704320686,Mass,12:30 PM,,Mass,English,,
"Sun, Feb 22, 2026",2026-02-22,Sunday,Christ the King,"1000 Celina Rd, Tompkinsville",12704320686,Mass,2:00 PM,,Mass,English,,
"Sun, Feb 22, 2026",2026-02-22,Sunday,Christ the King,"1000 Celina Rd, Tompkinsville",12704320686,Mass,3:00 PM,,Mass,English,,
"Sun, Feb 22, 2026",2026-02-22,Sunday,Christ the King,"1000 Celina Rd, Tompkinsville",12704320686,Mass,4:00 PM,,Mass,English,,
"Sun, Feb 22, 2026",2026-02-22,Sunday,Christ the King,"1000 Celina Rd, Tompkinsville",12704320686,Mass,4:30 PM,,Mass,English,,
"Sun, Feb 22, 2026",2026-02-22,Sunday,Christ the King,"1000 Celina Rd, Tompkinsville",12704320686,Mass,5:00 PM,,Mass,English,,
"Sun, Feb 22, 2026",2026-02-22,Sunday,Christ the King,"1000 Celina Rd, Tompkinsville",12704320686,Mass,5:30 PM,,Mass,English,,
"Sun, Feb 22, 2026",2026-02-22,Sunday,Christ the King,"3001 Belmont Blvd, Nashville",(615) 292-2884,Mass,6:00 PM,,Mass,english,,
"Sun, Feb 22, 2026",2026-02-22,Sunday,Christ the King,"1000 Celina Rd, Tompkinsville",12704320686,Mass,6:00 PM,,Mass,English,,
"Sun, Feb 22, 2026",2026-02-22,Sunday,Christ the King,"1000 Celina Rd, Tompkinsville",12704320686,Mass,6:30 PM,,Mass,English,,
"Sun, Feb 22, 2026",2026-02-22,Sunday,Christ the King,"3001 Belmont Blvd, Nashville",(615) 292-2884,Mass,7:00 AM,,Mass,english,,
"Sun, Feb 22, 2026",2026-02-22,Sunday,Christ the King,"1000 Celina Rd, Tompkinsville",12704320686,Mass,7:00 AM,,Mass,English,,
"Sun, Feb 22, 2026",2026-02-22,Sunday,Christ the King,"1000 Celina Rd, Tompkinsville",12704320686,Mass,7:00 PM,,Mass,English,,
"Sun, Feb 22, 2026",2026-02-22,Sunday,Christ the King,"1000 Celina Rd, Tompkinsville",12704320686,Mass,7:30 AM,,Mass,English,,
"Sun, Feb 22, 2026",2026-02-22,Sunday,Christ the King,"1000 Celina Rd, Tompkinsville",12704320686,Mass,8:00 AM,,Mass,English,,
"Sun, Feb 22, 2026",2026-02-22,Sunday,Christ the King,"1000 Celina Rd, Tompkinsville",12704320686,Mass,8:15 AM,,Mass,English,,
"Sun, Feb 22, 2026",2026-02-22,Sunday,Christ the King,"3001 Belmont Blvd, Nashville",(615) 292-2884,Mass,8:30 AM,,Mass,english,,
"Sun, Feb 22, 2026",2026-02-22,Sunday,Christ the King,"1000 Celina Rd, Tompkinsville",12704320686,Mass,8:30 AM,,Mass,English,,
"Sun, Feb 22, 2026",2026-02-22,Sunday,Christ the King,"1000 Celina Rd, Tompkinsville",12704320686,Mass,8:45 AM,,Mass,English,,
"Sun, Feb 22, 2026",2026-02-22,Sunday,Christ the King,"820 E Main St, Abingdon",(276) 628-2941,Mass,9:00 AM,,Mass,English,Christ the King Parish,
"Sun, Feb 22, 2026",2026-02-22,Sunday,Christ the King,"1000 Celina Rd, Tompkinsville",12704320686,Mass,9:00 AM,,Mass,English,,
"Sun, Feb 22, 2026",2026-02-22,Sunday,Christ the King,"1000 Celina Rd, Tompkinsville",12704320686,Mass,9:30 AM,,Mass,English,,
"Sun, Feb 22, 2026",2026-02-22,Sunday,Christ the Redeemer,"1515 Woodland Dr, Centerville",(931) 729-4669,Mass,8:30 AM,,Mass,English,Christ the Redeemer,
"Sun, Feb 22, 2026",2026-02-22,Sunday,Community of the Holy Spirit,"384 Eagle Ridge Dr, Jonesville",(276) 346-0269,Mass,8:00 AM,,Mass,English,"Jonesville, VA 24263",
"Sun, Feb 22, 2026",2026-02-22,Sunday,Corpus Christi SSPX Chapel,"130 Old Liberty Pike, Franklin",+1-615-791-8776,Mass,10:00 AM,,Mass,English,,
"Sun, Feb 22, 2026",2026-02-22,Sunday,Corpus Christi SSPX Chapel,"130 Old Liberty Pike, Franklin",+1-615-791-8776,Mass,8:00 AM,,Mass,English,,
"Sun, Feb 22, 2026",2026-02-22,Sunday,Emmanuel,"2546 N Hwy 127, Albany",6066881921,Mass,10:00 AM,,Mass,English,,
"Sun, Feb 22, 2026",2026-02-22,Sunday,Emmanuel,"2546 N Hwy 127, Albany",6066881921,Mass,10:30 AM,,Mass,English,,
"Sun, Feb 22, 2026",2026-02-22,Sunday,Emmanuel,"2546 N Hwy 127, Albany",6066881921,Mass,11:00 AM,,Mass,English,,
"Sun, Feb 22, 2026",2026-02-22,Sunday,Emmanuel,"2546 N Hwy 127, Albany",6066881921,Mass,11:30 AM,,Mass,English,,
"Sun, Feb 22, 2026",2026-02-22,Sunday,Emmanuel,"2546 N Hwy 127, Albany",6066881921,Mass,12:30 PM,,Mass,English,,
"Sun, Feb 22, 2026",2026-02-22,Sunday,Emmanuel,"2546 N Hwy 127, Albany",6066881921,Mass,2:00 PM,,Mass,English,,
"Sun, Feb 22, 2026",2026-02-22,Sunday,Emmanuel,"2546 N Hwy 127, Albany",6066881921,Mass,3:00 PM,,Mass,English,,
"Sun, Feb 22, 2026",2026-02-22,Sunday,Emmanuel,"2546 N Hwy 127, Albany",6066881921,Mass,4:00 PM,,Mass,English,,
"Sun, Feb 22, 2026",2026-02-22,Sunday,Emmanuel,"2546 N Hwy 127, Albany",6066881921,Mass,4:30 PM,,Mass,English,,
"Sun, Feb 22, 2026",2026-02-22,Sunday,Emmanuel,"2546 N Hwy 127, Albany",6066881921,Mass,5:00 PM,,Mass,English,,
"Sun, Feb 22, 2026",2026-02-22,Sunday,Emmanuel,"2546 N Hwy 127, Albany",6066881921,Mass,5:30 PM,,Mass,English,,
"Sun, Feb 22, 2026",2026-02-22,Sunday,Emmanuel,"2546 N Hwy 127, Albany",6066881921,Mass,6:00 PM,,Mass,English,,
"Sun, Feb 22, 2026",2026-02-22,Sunday,Emmanuel,"2546 N Hwy 127, Albany",6066881921,Mass,6:30 PM,,Mass,English,,
"Sun, Feb 22, 2026",2026-02-22,Sunday,Emmanuel,"2546 N Hwy 127, Albany",6066881921,Mass,7:00 AM,,Mass,English,,
"Sun, Feb 22, 2026",2026-02-22,Sunday,Emmanuel,"2546 N Hwy 127, Albany",6066881921,Mass,7:00 PM,,Mass,English,,
"Sun, Feb 22, 2026",2026-02-22,Sunday,Emmanuel,"2546 N Hwy 127, Albany",6066881921,Mass,7:30 AM,,Mass,English,,
"Sun, Feb 22, 2026",2026-02-22,Sunday,Emmanuel,"2546 N Hwy 127, Albany",6066881921,Mass,8:00 AM,,Mass,English,,
"Sun, Feb 22, 2026",2026-02-22,Sunday,Emmanuel,"2546 N Hwy 127, Albany",6066881921,Mass,8:15 AM,,Mass,English,,
"Sun, Feb 22, 2026",2026-02-22,Sunday,Emmanuel,"2546 N Hwy 127, Albany",6066881921,Mass,8:30 AM,,Mass,English,,
"Sun, Feb 22, 2026",2026-02-22,Sunday,Emmanuel,"2546 N Hwy 127, Albany",6066881921,Mass,8:45 AM,,Mass,English,,
"Sun, Feb 22, 2026",2026-02-22,Sunday,Emmanuel,"2546 N Hwy 127, Albany",6066881921,Mass,9:00 AM,,Mass,English,,
"Sun, Feb 22, 2026",2026-02-22,Sunday,Emmanuel,"2546 N Hwy 127, Albany",6066881921,Mass,9:30 AM,,Mass,English,,
"Sun, Feb 22, 2026",2026-02-22,Sunday,Good Samaritan,"55 Church St, Ellijay",(706) 636-2772,Mass,10:00 AM,,Mass,english,,
"Sun, Feb 22, 2026",2026-02-22,Sunday,Good Samaritan,"55 Church St, Ellijay",(706) 636-2772,Mass,12:00 PM,,Mass,english,,
"Sun, Feb 22, 2026",2026-02-22,Sunday,Good Samaritan,"55 Church St, Ellijay",(706) 636-2772,Mass,8:00 AM,,Mass,spanish,,
"Sun, Feb 22, 2026",2026-02-22,Sunday,Good Shepherd,"2021 Decherd Blvd, Decherd",(931) 967-0961,Mass,10:30 AM,,Mass,English,Good Shepherd Church,
"Sun, Feb 22, 2026",2026-02-22,Sunday,Good Shepherd,"2361 Cosby Hwy, Newport",(423) 623-5051,Mass,9:30 AM,,Mass,english,Church of the Good Shepherd,
"Sun, Feb 22, 2026",2026-02-22,Sunday,Holy Angels,"535 Tucker St, Dyersburg",(731) 287-8000,Mass,11:30 AM,,Mass,spanish,,
"Sun, Feb 22, 2026",2026-02-22,Sunday,Holy Angels,"535 Tucker St, Dyersburg",(731) 287-8000,Mass,9:00 AM,,Mass,english,,
"Sun, Feb 22, 2026",2026-02-22,Sunday,Holy Cross,"254 Glasgow Rd, Burkesville",6066881921,Mass,10:00 AM,,Mass,English,,
"Sun, Feb 22, 2026",2026-02-22,Sunday,Holy Cross,"1210 E Wood St, Paris",(731) 642-4681,Mass,10:00 AM,,Mass,English,,
"Sun, Feb 22, 2026",2026-02-22,Sunday,Holy Cross,"254 Glasgow Rd, Burkesville",6066881921,Mass,10:30 AM,,Mass,English,,
"Sun, Feb 22, 2026",2026-02-22,Sunday,Holy Cross,"144 Wears Valley Rd, Pigeon Forge",865-429-5587,Mass,10:30 AM,,Mass,english,,livestream
"Sun, Feb 22, 2026",2026-02-22,Sunday,Holy Cross,"254 Glasgow Rd, Burkesville",6066881921,Mass,11:00 AM,,Mass,English,,
"Sun, Feb 22, 2026",2026-02-22,Sunday,Holy Cross,"254 Glasgow Rd, Burkesville",6066881921,Mass,11:30 AM,,Mass,English,,
"Sun, Feb 22, 2026",2026-02-22,Sunday,Holy Cross,"1210 E Wood St, Paris",(731) 642-4681,Mass,12:00 PM,,Mass,spanish,,
"Sun, Feb 22, 2026",2026-02-22,Sunday,Holy Cross,"254 Glasgow Rd, Burkesville",6066881921,Mass,12:30 PM,,Mass,English,,
"Sun, Feb 22, 2026",2026-02-22,Sunday,Holy Cross,"254 Glasgow Rd, Burkesville",6066881921,Mass,2:00 PM,,Mass,English,,
"Sun, Feb 22, 2026",2026-02-22,Sunday,Holy Cross,"254 Glasgow Rd, Burkesville",6066881921,Mass,3:00 PM,,Mass,English,,
"Sun, Feb 22, 2026",2026-02-22,Sunday,Holy Cross,"254 Glasgow Rd, Burkesville",6066881921,Mass,4:00 PM,,Mass,English,,
"Sun, Feb 22, 2026",2026-02-22,Sunday,Holy Cross,"254 Glasgow Rd, Burkesville",6066881921,Mass,4:30 PM,,Mass,English,,
"Sun, Feb 22, 2026",2026-02-22,Sunday,Holy Cross,"254 Glasgow Rd, Burkesville",6066881921,Mass,5:00 PM,,Mass,English,,
"Sun, Feb 22, 2026",2026-02-22,Sunday,Holy Cross,"254 Glasgow Rd, Burkesville",6066881921,Mass,5:30 PM,,Mass,English,,
"Sun, Feb 22, 2026",2026-02-22,Sunday,Holy Cross,"254 Glasgow Rd, Burkesville",6066881921,Mass,6:00 PM,,Mass,English,,
"Sun, Feb 22, 2026",2026-02-22,Sunday,Holy Cross,"254 Glasgow Rd, Burkesville",6066881921,Mass,6:30 PM,,Mass,English,,
"Sun, Feb 22, 2026",2026-02-22,Sunday,Holy Cross,"254 Glasgow Rd, Burkesville",6066881921,Mass,7:00 AM,,Mass,English,,
"Sun, Feb 22, 2026",2026-02-22,Sunday,Holy Cross,"254 Glasgow Rd, Burkesville",6066881921,Mass,7:00 PM,,Mass,English,,
"Sun, Feb 22, 2026",2026-02-22,Sunday,Holy Cross,"254 Glasgow Rd, Burkesville",6066881921,Mass,7:30 AM,,Mass,English,,
"Sun, Feb 22, 2026",2026-02-22,Sunday,Holy Cross,"254 Glasgow Rd, Burkesville",6066881921,Mass,8:00 AM,,Mass,English,,
"Sun, Feb 22, 2026",2026-02-22,Sunday,Holy Cross,"1210 E Wood St, Paris",(731) 642-4681,Mass,8:00 AM,,Mass,English,,
"Sun, Feb 22, 2026",2026-02-22,Sunday,Holy Cross,"144 Wears Valley Rd, Pigeon Forge",865-429-5587,Mass,8:00 AM,,Mass,english,,livestream
"Sun, Feb 22, 2026",2026-02-22,Sunday,Holy Cross,"254 Glasgow Rd, Burkesville",6066881921,Mass,8:15 AM,,Mass,English,,
"Sun, Feb 22, 2026",2026-02-22,Sunday,Holy Cross,"254 Glasgow Rd, Burkesville",6066881921,Mass,8:30 AM,,Mass,English,,
"Sun, Feb 22, 2026",2026-02-22,Sunday,Holy Cross,"254 Glasgow Rd, Burkesville",6066881921,Mass,8:45 AM,,Mass,English,,
"Sun, Feb 22, 2026",2026-02-22,Sunday,Holy Cross,"254 Glasgow Rd, Burkesville",6066881921,Mass,9:00 AM,,Mass,English,,
"Sun, Feb 22, 2026",2026-02-22,Sunday,Holy Cross,"254 Glasgow Rd, Burkesville",6066881921,Mass,9:30 AM,,Mass,English,,
"Sun, Feb 22, 2026",2026-02-22,Sunday,Holy Cross Catholic Church,"264 Glasgow Rd, Burkesville",+1-270-864-4107,Mass,10:00 AM,,Mass,English,,
"Sun, Feb 22, 2026",2026-02-22,Sunday,Holy Cross Catholic Church,"264 Glasgow Rd, Burkesville",+1-270-864-4107,Mass,10:30 AM,,Mass,English,,
"Sun, Feb 22, 2026",2026-02-22,Sunday,Holy Cross Catholic Church,"264 Glasgow Rd, Burkesville",+1-270-864-4107,Mass,11:00 AM,,Mass,English,,
"Sun, Feb 22, 2026",2026-02-22,Sunday,Holy Cross Catholic Church,"264 Glasgow Rd, Burkesville",+1-270-864-4107,Mass,11:30 AM,,Mass,English,,
"Sun, Feb 22, 2026",2026-02-22,Sunday,Holy Cross Catholic Church,"264 Glasgow Rd, Burkesville",+1-270-864-4107,Mass,12:05 PM,,Mass,English,,
"Sun, Feb 22, 2026",2026-02-22,Sunday,Holy Cross Catholic Church,"264 Glasgow Rd, Burkesville",+1-270-864-4107,Mass,12:30 PM,,Mass,English,,
"Sun, Feb 22, 2026",2026-02-22,Sunday,Holy Cross Catholic Church,"264 Glasgow Rd, Burkesville",+1-270-864-4107,Mass,2:00 PM,,Mass,English,,
"Sun, Feb 22, 2026",2026-02-22,Sunday,Holy Cross Catholic Church,"264 Glasgow Rd, Burkesville",+1-270-864-4107,Mass,3:00 PM,,Mass,English,,
"Sun, Feb 22, 2026",2026-02-22,Sunday,Holy Cross Catholic Church,"264 Glasgow Rd, Burkesville",+1-270-864-4107,Mass,4:00 PM,,Mass,English,,
"Sun, Feb 22, 2026",2026-02-22,Sunday,Holy Cross Catholic Church,"264 Glasgow Rd, Burkesville",+1-270-864-4107,Mass,4:30 PM,,Mass,English,,
"Sun, Feb 22, 2026",2026-02-22,Sunday,Holy Cross Catholic Church,"264 Glasgow Rd, Burkesville",+1-270-864-4107,Mass,5:00 PM,,Mass,English,,
"Sun, Feb 22, 2026",2026-02-22,Sunday,Holy Cross Catholic Church,"264 Glasgow Rd, Burkesville",+1-270-864-4107,Mass,5:30 PM,,Mass,English,,
"Sun, Feb 22, 2026",2026-02-22,Sunday,Holy Cross Catholic Church,"264 Glasgow Rd, Burkesville",+1-270-864-4107,Mass,6:00 PM,,Mass,English,,
"Sun, Feb 22, 2026",2026-02-22,Sunday,Holy Cross Catholic Church,"264 Glasgow Rd, Burkesville",+1-270-864-4107,Mass,6:30 PM,,Mass,English,,
"Sun, Feb 22, 2026",2026-02-22,Sunday,Holy Cross Catholic Church,"264 Glasgow Rd, Burkesville",+1-270-864-4107,Mass,7:00 AM,,Mass,English,,
"Sun, Feb 22, 2026",2026-02-22,Sunday,Holy Cross Catholic Church,"264 Glasgow Rd, Burkesville",+1-270-864-4107,Mass,7:00 PM,,Mass,English,,
"Sun, Feb 22, 2026",2026-02-22,Sunday,Holy Cross Catholic Church,"264 Glasgow Rd, Burkesville",+1-270-864-4107,Mass,7:30 AM,,Mass,English,,
"Sun, Feb 22, 2026",2026-02-22,Sunday,Holy Cross Catholic Church,"264 Glasgow Rd, Burkesville",+1-270-864-4107,Mass,8:00 AM,,Mass,English,,
"Sun, Feb 22, 2026",2026-02-22,Sunday,Holy Cross Catholic Church,"264 Glasgow Rd, Burkesville",+1-270-864-4107,Mass,8:15 AM,,Mass,English,,
"Sun, Feb 22, 2026",2026-02-22,Sunday,Holy Cross Catholic Church,"264 Glasgow Rd, Burkesville",+1-270-864-4107,Mass,8:30 AM,,Mass,English,,
"Sun, Feb 22, 2026",2026-02-22,Sunday,Holy Cross Catholic Church,"264 Glasgow Rd, Burkesville",+1-270-864-4107,Mass,8:45 AM,,Mass,English,,
"Sun, Feb 22, 2026",2026-02-22,Sunday,Holy Cross Catholic Church,"264 Glasgow Rd, Burkesville",+1-270-864-4107,Mass,9:00 AM,,Mass,English,,
"Sun, Feb 22, 2026",2026-02-22,Sunday,Holy Cross Catholic Church,"264 Glasgow Rd, Burkesville",+1-270-864-4107,Mass,9:30 AM,,Mass,English,,
"Sun, Feb 22, 2026",2026-02-22,Sunday,Holy Family,"9100 Crockett Rd, Brentwood",(615) 373-4696,Mass,11:00 AM,,Mass,English,,
"Sun, Feb 22, 2026",2026-02-22,Sunday,Holy Family,"201 Black Oak Ridge Rd, Seymour",(865) 573-1203,Mass,11:00 AM,,Mass,english,,
"Sun, Feb 22, 2026",2026-02-22,Sunday,Holy Family,"431 Old Hwy 52, Lafayette",(615) 666-6466,Mass,12:00 PM,,Mass,spanish,"Holy Family catholic church, Lafayette, TN",
"Sun, Feb 22, 2026",2026-02-22,Sunday,Holy Family,"9100 Crockett Rd, Brentwood",(615) 373-4696,Mass,5:30 PM,,Mass,English,,youth
"Sun, Feb 22, 2026",2026-02-22,Sunday,Holy Family,"201 Black Oak Ridge Rd, Seymour",(865) 573-1203,Mass,8:00 AM,,Mass,english,,
"Sun, Feb 22, 2026",2026-02-22,Sunday,Holy Family,"9100 Crockett Rd, Brentwood",(615) 373-4696,Mass,8:30 AM,,Mass,English,,
"Sun, Feb 22, 2026",2026-02-22,Sunday,Holy Family,"431 Old Hwy 52, Lafayette",(615) 666-6466,Mass,9:00 AM,,Mass,english,"Holy Family catholic church, Lafayette, TN",
"Sun, Feb 22, 2026",2026-02-22,Sunday,Holy Family Catholic Church,"201 Black Oak Ridge Rd, Seymour",+1-865-573-1203,Mass,11:00 AM,,Mass,english,,
"Sun, Feb 22, 2026",2026-02-22,Sunday,Holy Family Catholic Church,"201 Black Oak Ridge Rd, Seymour",+1-865-573-1203,Mass,8:00 AM,,Mass,english,,
"Sun, Feb 22, 2026",2026-02-22,Sunday,Holy Ghost,"1041 N Central St, Knoxville",(865) 522-2205,Mass,10:00 AM,,Mass,English,,
"Sun, Feb 22, 2026",2026-02-22,Sunday,Holy Ghost,"1041 N Central St, Knoxville",(865) 522-2205,Mass,12:00 PM,,Mass,English,,
"Sun, Feb 22, 2026",2026-02-22,Sunday,Holy Ghost,"1041 N Central St, Knoxville",(865) 522-2205,Mass,2:30 PM,,Mass,spanish,,
"Sun, Feb 22, 2026",2026-02-22,Sunday,Holy Ghost,"1041 N Central St, Knoxville",(865) 522-2205,Mass,5:00 PM,,Mass,English,,
"Sun, Feb 22, 2026",2026-02-22,Sunday,Holy Ghost,"1041 N Central St, Knoxville",(865) 522-2205,Mass,8:00 AM,,Mass,English,,
"Sun, Feb 22, 2026",2026-02-22,Sunday,Holy Name,"521 Woodland St, Nashville",(615) 254-8847,Mass,10:30 AM,,Mass,english,Church of the Most Holy Name,
"Sun, Feb 22, 2026",2026-02-22,Sunday,Holy Name,"521 Woodland St, Nashville",(615) 254-8847,Mass,12:00 PM,,Mass,english,Church of the Most Holy Name,
"Sun, Feb 22, 2026",2026-02-22,Sunday,Holy Name,"521 Woodland St, Nashville",(615) 254-8847,Mass,5:00 PM,,Mass,English,Church of the Most Holy Name,french
"Sun, Feb 22, 2026",2026-02-22,Sunday,Holy Name,"521 Woodland St, Nashville",(615) 254-8847,Mass,8:00 AM,,Mass,english,Church of the Most Holy Name,
"Sun, Feb 22, 2026",2026-02-22,Sunday,Holy Rosary,"4851 Park Ave, Memphis",(901) 767-6949,Mass,10:30 AM,,Mass,English,,
"Sun, Feb 22, 2026",2026-02-22,Sunday,Holy Rosary,"192 Graylynn Dr, Nashville",(615) 889-4065,Mass,11:00 AM,,Mass,English,,
"Sun, Feb 22, 2026",2026-02-22,Sunday,Holy Rosary,"4851 Park Ave, Memphis",(901) 767-6949,Mass,12:15 PM,,Mass,English,,
"Sun, Feb 22, 2026",2026-02-22,Sunday,Holy Rosary,"192 Graylynn Dr, Nashville",(615) 889-4065,Mass,2:00 PM,,Mass,spanish,,
"Sun, Feb 22, 2026",2026-02-22,Sunday,Holy Rosary,"4851 Park Ave, Memphis",(901) 767-6949,Mass,7:30 AM,,Mass,English,,
"Sun, Feb 22, 2026",2026-02-22,Sunday,Holy Rosary,"192 Graylynn Dr, Nashville",(615) 889-4065,Mass,8:30 AM,,Mass,English,,
"Sun, Feb 22, 2026",2026-02-22,Sunday,Holy Rosary,"4851 Park Ave, Memphis",(901) 767-6949,Mass,9:00 AM,,Mass,English,,
"Sun, Feb 22, 2026",2026-02-22,Sunday,Holy Spirit,"2300 Hickory Crest Dr, Memphis",(901) 754-7146,Mass,10:30 AM,,Mass,English,,
"Sun, Feb 22, 2026",2026-02-22,Sunday,Holy Spirit,"10768 Dayton Pike, Soddy Daisy",(423) 332-5300,Mass,10:30 AM,,Mass,english,Holy Spirit,livestream
"Sun, Feb 22, 2026",2026-02-22,Sunday,Holy Spirit,"2300 Hickory Crest Dr, Memphis",(901) 754-7146,Mass,12:00 PM,,Mass,English,,
"Sun, Feb 22, 2026",2026-02-22,Sunday,Holy Spirit,"2300 Hickory Crest Dr, Memphis",(901) 754-7146,Mass,7:30 AM,,Mass,English,,
"Sun, Feb 22, 2026",2026-02-22,Sunday,Holy Spirit,"10768 Dayton Pike, Soddy Daisy",(423) 332-5300,Mass,8:00 AM,,Mass,english,Holy Spirit,
"Sun, Feb 22, 2026",2026-02-22,Sunday,Holy Spirit,"2300 Hickory Crest Dr, Memphis",(901) 754-7146,Mass,9:00 AM,,Mass,English,,
"Sun, Feb 22, 2026",2026-02-22,Sunday,Holy Spirit,"545 E Commerce St, Hernando",(662) 429-7851,Mass,9:30 AM,,Mass,english,,
"Sun, Feb 22, 2026",2026-02-22,Sunday,Holy Spirit Catholic Church,"10768 Dayton Pike, Soddy-Daisy",+1-423-332-5300,Mass,10:30 AM,,Mass,english,Holy Spirit,livestream
"Sun, Feb 22, 2026",2026-02-22,Sunday,Holy Spirit Catholic Church,"10768 Dayton Pike, Soddy-Daisy",+1-423-332-5300,Mass,8:00 AM,,Mass,english,Holy Spirit,
"Sun, Feb 22, 2026",2026-02-22,Sunday,Holy Trinity,"475 N Highway 92, Jefferson City",(865) 471-0347,Mass,10:30 AM,,Mass,english,,livestream
"Sun, Feb 22, 2026",2026-02-22,Sunday,Immaculate Conception,"414 W Vine Ave, Knoxville",(865) 522-1508,Mass,10:00 AM,,Mass,english,Immaculate Conception,livestream
"Sun, Feb 22, 2026",2026-02-22,Sunday,Immaculate Conception,"709 Franklin St, Clarksville",(931) 645-6275,Mass,11:00 AM,,Mass,english,,
"Sun, Feb 22, 2026",2026-02-22,Sunday,Immaculate Conception,"100 Chapel Rd, Pulaski",(931) 363-5776,Mass,11:00 AM,,Mass,English,Immaculate Conception - Pulaski,
"Sun, Feb 22, 2026",2026-02-22,Sunday,Immaculate Conception,"709 Franklin St, Clarksville",(931) 645-6275,Mass,11:30 AM,,Mass,english,Chapel,
"Sun, Feb 22, 2026",2026-02-22,Sunday,Immaculate Conception,"414 W Vine Ave, Knoxville",(865) 522-1508,Mass,11:30 AM,,Mass,english,Immaculate Conception,
"Sun, Feb 22, 2026",2026-02-22,Sunday,Immaculate Conception,"709 Franklin St, Clarksville",(931) 645-6275,Mass,1:00 PM,,Mass,spanish,,
"Sun, Feb 22, 2026",2026-02-22,Sunday,Immaculate Conception,"709 Franklin St, Clarksville",(931) 645-6275,Mass,4:30 PM,,Mass,english,,
"Sun, Feb 22, 2026",2026-02-22,Sunday,Immaculate Conception,"709 Franklin St, Clarksville",(931) 645-6275,Mass,6:30 PM,,Mass,vietnamese,Chapel,
"Sun, Feb 22, 2026",2026-02-22,Sunday,Immaculate Conception,"709 Franklin St, Clarksville",(931) 645-6275,Mass,8:00 AM,,Mass,english,,
"Sun, Feb 22, 2026",2026-02-22,Sunday,Immaculate Conception,"1303 E Reelfoot Ave, Union City",(731) 885-0963,Mass,8:00 AM,,Mass,english,Immaculate Conception Catholic Church,
"Sun, Feb 22, 2026",2026-02-22,Sunday,Immaculate Conception,"414 W Vine Ave, Knoxville",(865) 522-1508,Mass,8:15 AM,,Mass,english,Immaculate Conception,livestream
"Sun, Feb 22, 2026",2026-02-22,Sunday,Incarnation,"360 Bray Station Rd, Collierville",(901) 853-7468 ,Mass,10:30 AM,,Mass,English,Main Sanctuary,
"Sun, Feb 22, 2026",2026-02-22,Sunday,Incarnation,"360 Bray Station Rd, Collierville",(901) 853-7468 ,Mass,12:15 PM,,Mass,English,Main Sanctuary,
"Sun, Feb 22, 2026",2026-02-22,Sunday,Incarnation,"360 Bray Station Rd, Collierville",(901) 853-7468 ,Mass,2:00 PM,,Mass,spanish,Main Sanctuary,
"Sun, Feb 22, 2026",2026-02-22,Sunday,Incarnation,"360 Bray Station Rd, Collierville",(901) 853-7468 ,Mass,8:00 AM,,Mass,English,Main Sanctuary,
"Sun, Feb 22, 2026",2026-02-22,Sunday,Mission of Our Lady of the Lake,"10645 Hwy 57, Counce",(731) 925-4852,Mass,8:00 AM,,Mass,English,Our Lady of the Lake,
"Sun, Feb 22, 2026",2026-02-22,Sunday,Mission of St. John Paul II,"161 Bryan Ln, Rutledge",(865) 992-7222,Mass,11:30 AM,,Mass,spanish,,
"Sun, Feb 22, 2026",2026-02-22,Sunday,Mission of St. John Paul II,"161 Bryan Ln, Rutledge",(865) 992-7222,Mass,9:00 AM,,Mass,english,,
"Sun, Feb 22, 2026",2026-02-22,Sunday,Mission of St. Margaret Mary,"9458 Old Alto Hwy, Alto",(931) 967-0961,Mass,12:30 PM,,Misa Español,spanish,iglesia,St. Margaret Mary Mission Church; Alto; TN
"Sun, Feb 22, 2026",2026-02-22,Sunday,Mission of St. Margaret Mary,"9458 Old Alto Hwy, Alto",(931) 967-0961,Mass,8:00 AM,,Mass,English,"St. Margaret Mary Mission Church, Alto, TN",
"Sun, Feb 22, 2026",2026-02-22,Sunday,Mission of St. Michael,"3553 S Carter Rd, Cedar Hill",(615) 384-6200,Mass,8:00 AM,,Mass,English,St. Michael,
"Sun, Feb 22, 2026",2026-02-22,Sunday,Mission of the Holy Family,"265 Cotham Dr, Huntingdon",(731) 584-6459,Mass,8:30 AM,,Mass,English,"Holy Family Catholic Mission, Huntingdon, TN",
"Sun, Feb 22, 2026",2026-02-22,Sunday,National Shrine of St. Martin de Porres,"190 Adams Ave, Memphis",(901) 527-8282,Mass,11:00 AM,,Mass,english,Church,
"Sun, Feb 22, 2026",2026-02-22,Sunday,National Shrine of St. Martin de Porres,"190 Adams Ave, Memphis",(901) 527-8282,Mass,8:30 AM,,Mass,english,Church,
"Sun, Feb 22, 2026",2026-02-22,Sunday,Nativity,"5955 St Elmo Rd, Bartlett",(901) 382-2504,Mass,11:00 AM,,Mass,english,,
"Sun, Feb 22, 2026",2026-02-22,Sunday,Nativity,"2793 Buckner Ln, Spring Hill",(615) 794-4004,Mass,11:00 AM,,Mass,english,,
"Sun, Feb 22, 2026",2026-02-22,Sunday,Nativity,"2793 Buckner Ln, Spring Hill",(615) 794-4004,Mass,1:00 PM,,Mass,spanish,,
"Sun, Feb 22, 2026",2026-02-22,Sunday,Nativity,"5955 St Elmo Rd, Bartlett",(901) 382-2504,Mass,2:00 PM,,Mass,spanish,,
"Sun, Feb 22, 2026",2026-02-22,Sunday,Nativity,"2793 Buckner Ln, Spring Hill",(615) 794-4004,Mass,5:00 PM,,Mass,english,,
"Sun, Feb 22, 2026",2026-02-22,Sunday,Nativity,"2793 Buckner Ln, Spring Hill",(615) 794-4004,Mass,7:00 AM,,Mass,english,,
"Sun, Feb 22, 2026",2026-02-22,Sunday,Nativity,"5955 St Elmo Rd, Bartlett",(901) 382-2504,Mass,8:00 AM,,Mass,english,,
"Sun, Feb 22, 2026",2026-02-22,Sunday,Nativity,"2793 Buckner Ln, Spring Hill",(615) 794-4004,Mass,8:30 AM,,Mass,english,,
"Sun, Feb 22, 2026",2026-02-22,Sunday,Notre Dame,"212 Mount Bethel Rd, Greeneville",(423) 639-9381,Mass,11:00 AM,,Mass,english,Notre Dame Catholic Church,
"Sun, Feb 22, 2026",2026-02-22,Sunday,Notre Dame,"212 Mount Bethel Rd, Greeneville",(423) 639-9381,Mass,1:30 PM,,Mass,spanish,Notre Dame Catholic Church,
"Sun, Feb 22, 2026",2026-02-22,Sunday,Notre Dame,"212 Mount Bethel Rd, Greeneville",(423) 639-9381,Mass,8:00 AM,,Mass,english,Notre Dame Catholic Church,
"Sun, Feb 22, 2026",2026-02-22,Sunday,Notre Dame Catholic Church,"212 Mt Bethel Rd, Greeneville",+1-423-639-9381,Mass,11:00 AM,,Mass,english,Notre Dame,
"Sun, Feb 22, 2026",2026-02-22,Sunday,Notre Dame Catholic Church,"212 Mt Bethel Rd, Greeneville",+1-423-639-9381,Mass,1:30 PM,,Mass,spanish,Notre Dame,
"Sun, Feb 22, 2026",2026-02-22,Sunday,Notre Dame Catholic Church,"212 Mt Bethel Rd, Greeneville",+1-423-639-9381,Mass,8:00 AM,,Mass,english,Notre Dame,
"Sun, Feb 22, 2026",2026-02-22,Sunday,Our Lady of Fatima,"858 Louisville Rd, Alcoa",(865) 982-3672,Mass,11:00 AM,,Mass,english,,livestream
"Sun, Feb 22, 2026",2026-02-22,Sunday,Our Lady of Fatima,"858 Louisville Rd, Alcoa",(865) 982-3672,Mass,8:30 AM,,Mass,english,,
"Sun, Feb 22, 2026",2026-02-22,Sunday,Our Lady of Guadalupe,"3112 Nolensville Rd, Nashville",615-333-8660,Mass,12:00 PM,,Mass,English,,
"Sun, Feb 22, 2026",2026-02-22,Sunday,Our Lady of Guadalupe,"3112 Nolensville Rd, Nashville",615-333-8660,Mass,5:00 PM,,Mass,English,,
"Sun, Feb 22, 2026",2026-02-22,Sunday,Our Lady of Guadalupe,"3112 Nolensville Rd, Nashville",615-333-8660,Mass,7:00 AM,,Mass,English,,
"Sun, Feb 22, 2026",2026-02-22,Sunday,Our Lady of Guadalupe,"3112 Nolensville Rd, Nashville",615-333-8660,Mass,9:00 AM,,Mass,English,,
"Sun, Feb 22, 2026",2026-02-22,Sunday,Our Lady of Lourdes,"704 Holly Ave, South Pittsburg",(423) 837-7068,Mass,10:30 AM,,Mass,English,,May and October Sunday Masses are located at the Virgin of the Poor Shrine
"Sun, Feb 22, 2026",2026-02-22,Sunday,Our Lady of Perpetual Help,"501 S Moore Rd, Chattanooga",(423) 622-7232,Mass,10:00 AM,,Mass,english,,
"Sun, Feb 22, 2026",2026-02-22,Sunday,Our Lady of Perpetual Help,"501 S Moore Rd, Chattanooga",+1-423-622-7232,Mass,10:00 AM,,Mass,english,,
"Sun, Feb 22, 2026",2026-02-22,Sunday,Our Lady of Perpetual Help,"8151 Poplar Ave, Germantown",(901) 754-1204,Mass,10:45 AM,,Mass,English,main church,
"Sun, Feb 22, 2026",2026-02-22,Sunday,Our Lady of Perpetual Help,"501 S Moore Rd, Chattanooga",(423) 622-7232,Mass,12:00 PM,,Mass,english,,
"Sun, Feb 22, 2026",2026-02-22,Sunday,Our Lady of Perpetual Help,"501 S Moore Rd, Chattanooga",+1-423-622-7232,Mass,12:00 PM,,Mass,english,,
"Sun, Feb 22, 2026",2026-02-22,Sunday,Our Lady of Perpetual Help,"8151 Poplar Ave, Germantown",(901) 754-1204,Mass,12:30 PM,,Mass,English,main church,
"Sun, Feb 22, 2026",2026-02-22,Sunday,Our Lady of Perpetual Help,"501 S Moore Rd, Chattanooga",(423) 622-7232,Mass,2:00 PM,,Mass,spanish,,
"Sun, Feb 22, 2026",2026-02-22,Sunday,Our Lady of Perpetual Help,"501 S Moore Rd, Chattanooga",+1-423-622-7232,Mass,2:00 PM,,Mass,spanish,,
"Sun, Feb 22, 2026",2026-02-22,Sunday,Our Lady of Perpetual Help,"8151 Poplar Ave, Germantown",(901) 754-1204,Mass,6:00 PM,,Mass,English,main church,
"Sun, Feb 22, 2026",2026-02-22,Sunday,Our Lady of Perpetual Help,"8151 Poplar Ave, Germantown",(901) 754-1204,Mass,7:30 AM,,Mass,English,main church,
"Sun, Feb 22, 2026",2026-02-22,Sunday,Our Lady of Perpetual Help,"501 S Moore Rd, Chattanooga",(423) 622-7232,Mass,8:00 AM,,Mass,english,,
"Sun, Feb 22, 2026",2026-02-22,Sunday,Our Lady of Perpetual Help,"501 S Moore Rd, Chattanooga",+1-423-622-7232,Mass,8:00 AM,,Mass,english,,
"Sun, Feb 22, 2026",2026-02-22,Sunday,Our Lady of Perpetual Help,"8151 Poplar Ave, Germantown",(901) 754-1204,Mass,9:00 AM,,Mass,English,main church,
"Sun, Feb 22, 2026",2026-02-22,Sunday,Our Lady of Perpetual Help,"1142 E Elm St, Lafollette",(423) 562-0312,Mass,9:30 AM,,Mass,English,,
"Sun, Feb 22, 2026",2026-02-22,Sunday,Our Lady of Sorrows,"3700 Thomas St, Memphis",(901) 353-1530,Mass,11:00 AM,,Mass,spanish,,
"Sun, Feb 22, 2026",2026-02-22,Sunday,Our Lady of Sorrows,"3700 Thomas St, Memphis",(901) 353-1530,Mass,9:00 AM,,Mass,english,,
"Sun, Feb 22, 2026",2026-02-22,Sunday,Our Lady of the Lake,"1729 Stop 30 Rd, Hendersonville",(615) 824-3276,Mass,11:00 AM,,Mass,English,,
"Sun, Feb 22, 2026",2026-02-22,Sunday,Our Lady of the Lake,"1729 Stop 30 Rd, Hendersonville",(615) 824-3276,Mass,2:00 PM,,Mass,spanish,,
"Sun, Feb 22, 2026",2026-02-22,Sunday,Our Lady of the Lake,"1729 Stop 30 Rd, Hendersonville",(615) 824-3276,Mass,6:00 PM,,Mass,English,,
"Sun, Feb 22, 2026",2026-02-22,Sunday,Our Lady of the Lake,"1729 Stop 30 Rd, Hendersonville",(615) 824-3276,Mass,8:30 AM,,Mass,English,,
"Sun, Feb 22, 2026",2026-02-22,Sunday,Our Lady of the Mount,"1227 Scenic Hwy, Lookout Mountain",(706) 820-0680,Mass,11:30 AM,,Mass,english,,
"Sun, Feb 22, 2026",2026-02-22,Sunday,Our Lady of the Mount,"1227 Scenic Hwy, Lookout Mountain",(706) 820-0680,Mass,9:00 AM,,Mass,english,,
"Sun, Feb 22, 2026",2026-02-22,Sunday,Our Lady of the Shoals,"200 E Commons St N, Tuscumbia",(256) 383-7207,Mass,10:00 AM,,Mass,english,church building,
"Sun, Feb 22, 2026",2026-02-22,Sunday,Our Lady of the Shoals,"200 E Commons St N, Tuscumbia",(256) 383-7207,Mass,7:45 AM,,Mass,spanish,church building,
"Sun, Feb 22, 2026",2026-02-22,Sunday,Queen of Peace,"8455 Germantown Rd, Olive Branch",(662) 895-5007,Mass,10:00 AM,,Mass,english,,
"Sun, Feb 22, 2026",2026-02-22,Sunday,Sacred Heart,"296 W 6th St, Russellville",(270) 726-6963,Mass,10:00 AM,,Mass,English,Sacred Heart Catholic Church Russellville KY,
"Sun, Feb 22, 2026",2026-02-22,Sunday,Sacred Heart,"212 Berger St, Lawrenceburg",(931) 762-3183,Mass,10:30 AM,,Mass,English,,
"Sun, Feb 22, 2026",2026-02-22,Sunday,Sacred Heart,"301 Church St, Loretto",(931) 853-4370,Mass,10:30 AM,,Mass,english,,
"Sun, Feb 22, 2026",2026-02-22,Sunday,Sacred Heart,"2887 E Main St, Humboldt",(731) 618- 6758,Mass,11:00 AM,,Mass,English,Sacred Heart,
"Sun, Feb 22, 2026",2026-02-22,Sunday,Sacred Heart,"20 Summit St, Burnsville",(828) 689-3719,Mass,11:30 AM,,Mass,english,Sacred Heart,
"Sun, Feb 22, 2026",2026-02-22,Sunday,Sacred Heart,"296 W 6th St, Russellville",(270) 726-6963,Mass,12:00 PM,,Mass,spanish,Sacred Heart Catholic Church Russellville KY,
"Sun, Feb 22, 2026",2026-02-22,Sunday,Sacred Heart,"2887 E Main St, Humboldt",(731) 618- 6758,Mass,1:00 PM,,Mass,spanish,Sacred Heart,
"Sun, Feb 22, 2026",2026-02-22,Sunday,Sacred Heart,"20 Summit St, Burnsville",(828) 689-3719,Mass,1:30 PM,,Mass,spanish,Sacred Heart,
"Sun, Feb 22, 2026",2026-02-22,Sunday,Sacred Heart,"212 Berger St, Lawrenceburg",(931) 762-3183,Mass,8:00 AM,,Mass,English,,
"Sun, Feb 22, 2026",2026-02-22,Sunday,Sacred Heart of Jesus,"216 S Main St, Crawfordsville",(870) 733-1212 ,Mass,8:30 AM,,Mass,English,"Sacred Heart, Crawfordsville",
"Sun, Feb 22, 2026",2026-02-22,Sunday,Sagrado Corazón,"2800 McGavock Pike, Nashville",(615) 391-3714,Mass,10:00 AM,,Mass,English,Sagrado Corazón De Jesús,
"Sun, Feb 22, 2026",2026-02-22,Sunday,Sagrado Corazón,"2800 McGavock Pike, Nashville",(615) 391-3714,Mass,6:00 PM,,Mass,English,Sagrado Corazón de Jesús,
"Sun, Feb 22, 2026",2026-02-22,Sunday,Sagrado Corazón,"2800 McGavock Pike, Nashville",(615) 391-3714,Mass,7:00 AM,,Mass,English,Sagrado Corazón De Jesús,
"Sun, Feb 22, 2026",2026-02-22,Sunday,Saint Francis of Assisi Catholic Church,"7503 Peavine Rd, Crossville",+1-931-484-3628,Mass,10:00 AM,,Mass,english,,
"Sun, Feb 22, 2026",2026-02-22,Sunday,Saint Francis of Assisi Catholic Church,"7503 Peavine Rd, Crossville",+1-931-484-3628,Mass,8:00 AM,,Mass,english,,
"Sun, Feb 22, 2026",2026-02-22,Sunday,"Saint James the Apostle Catholic Church, Sneedville","Highway 33, Sneedville",+1-423-272-6897,Mass,12:00 PM,,Mass,English,St. James,
"Sun, Feb 22, 2026",2026-02-22,Sunday,"Saint James the Apostle Catholic Church, Sneedville","Highway 33, Sneedville",+1-423-272-6897,Mass,9:00 AM,,Mass,English,,
"Sun, Feb 22, 2026",2026-02-22,Sunday,Shepherd of the Valley,"6191 Hwy 28, Dunlap",(423) 949-6903,Mass,8:00 AM,,Mass,English,,
"Sun, Feb 22, 2026",2026-02-22,Sunday,Shepherd of the Valley Catholic Church,"6191 TN-28, Dunlap",+1-423-949-6903,Mass,8:00 AM,,Mass,english,Shepherd of the Valley,
"Sun, Feb 22, 2026",2026-02-22,Sunday,St Albert the Great Catholic Church,"7200 Brickey Ln, Knoxville",+1-865-689-7011,Mass,11:00 AM,,Mass,English,,
"Sun, Feb 22, 2026",2026-02-22,Sunday,St Albert the Great Catholic Church,"7200 Brickey Ln, Knoxville",+1-865-689-7011,Mass,9:00 AM,,Mass,English,,
"Sun, Feb 22, 2026",2026-02-22,Sunday,St Alphonsus Catholic Church,"151 St Alphonsus Way, Crossville",+1-931-484-2358,Mass,11:00 AM,,Mass,english,,
"Sun, Feb 22, 2026",2026-02-22,Sunday,St Alphonsus Catholic Church,"151 St Alphonsus Way, Crossville",+1-931-484-2358,Mass,1:30 PM,,Mass,spanish,,
"Sun, Feb 22, 2026",2026-02-22,Sunday,St Alphonsus Catholic Church,"151 St Alphonsus Way, Crossville",+1-931-484-2358,Mass,8:30 AM,,Mass,english,,
"Sun, Feb 22, 2026",2026-02-22,Sunday,St Elizabeth Ann Seton Church,"755 Hwy 49, Tennessee Ridge",(931) 721-3769,Mass,11:30 AM,,Mass,english,,
"Sun, Feb 22, 2026",2026-02-22,Sunday,St Elizabeth's Roman Catholic Church,"510 W C St, Elizabethton",+1-423-543-3412,Mass,9:00 AM,,Mass,english,,
"Sun, Feb 22, 2026",2026-02-22,Sunday,St Francis of Assisi Church,"1489 Donelson Pkwy, Dover",(931) 232-9422,Mass,8:30 AM,,Mass,english,"Saint Francis of Assisi Church, Dover, TN",
"Sun, Feb 22, 2026",2026-02-22,Sunday,St Joseph the Worker Catholic Church,"649 Old Tellico Hwy N, Madisonville",+1-423-442-7273,Mass,10:00 AM,,Mass,English,St. Joseph the Worker Catholic Church,
"Sun, Feb 22, 2026",2026-02-22,Sunday,St Joseph the Worker Catholic Church,"649 Old Tellico Hwy N, Madisonville",+1-423-442-7273,Mass,12:30 PM,,Mass,spanish,St. Joseph the Worker Catholic Church,
"Sun, Feb 22, 2026",2026-02-22,Sunday,St Joseph the Worker Catholic Church,"649 Old Tellico Hwy N, Madisonville",+1-423-442-7273,Mass,8:00 AM,,Mass,English,St. Joseph the Worker Catholic Church,
"Sun, Feb 22, 2026",2026-02-22,Sunday,St Therese-Little Flower,"1644 Jackson Ave, Memphis",(901) 276-1412,Mass,10:45 AM,,Mass,English,"Blessed Sacrament, 2564 Hale Ave, Memphis, TN",
"Sun, Feb 22, 2026",2026-02-22,Sunday,St Therese-Little Flower,"1644 Jackson Ave, Memphis",(901) 276-1412,Mass,1:45 PM,,Mass,spanish,"Blessed Sacrament, 2564 Hale Ave, Memphis, TN",
"Sun, Feb 22, 2026",2026-02-22,Sunday,St Therese-Little Flower,"1644 Jackson Ave, Memphis",(901) 276-1412,Mass,8:15 AM,,Mass,English,"Blessed Sacrament, 2564 Hale Ave, Memphis, TN",
"Sun, Feb 22, 2026",2026-02-22,Sunday,St. Albert the Great,"7200 Brickey Ln, Knoxville",(865) 689-7011,Mass,11:00 AM,,Mass,English,,
"Sun, Feb 22, 2026",2026-02-22,Sunday,St. Albert the Great,"7200 Brickey Ln, Knoxville",(865) 689-7011,Mass,9:00 AM,,Mass,English,,
"Sun, Feb 22, 2026",2026-02-22,Sunday,St. Alphonsus,"1225 Hwy 51 S, Covington",(901) 476-8140,Mass,10:30 AM,,Mass,english,St. Alphonsus,
"Sun, Feb 22, 2026",2026-02-22,Sunday,St. Alphonsus,"151 St Alphonsus Way, Crossville",(931) 484-2358,Mass,11:00 AM,,Mass,english,Saint Alphonsus Catholic Church,
"Sun, Feb 22, 2026",2026-02-22,Sunday,St. Alphonsus,"1225 Hwy 51 S, Covington",(901) 476-8140,Mass,12:15 PM,,Mass,spanish,St. Alphonsus,
"Sun, Feb 22, 2026",2026-02-22,Sunday,St. Alphonsus,"151 St Alphonsus Way, Crossville",(931) 484-2358,Mass,1:30 PM,,Mass,spanish,Saint Alphonsus Catholic Church,
"Sun, Feb 22, 2026",2026-02-22,Sunday,St. Alphonsus,"151 St Alphonsus Way, Crossville",(931) 484-2358,Mass,8:30 AM,,Mass,english,Saint Alphonsus Catholic Church,livestream
"Sun, Feb 22, 2026",2026-02-22,Sunday,St. Andrew,"829 Valley View Dr, Sparta",(931) 738-2140,Mass,8:30 AM,,Mass,English,,St. Andrew Catholic Church; Sparta; TN
"Sun, Feb 22, 2026",2026-02-22,Sunday,St. Andrew the Apostle,"149 Brook St, Mars Hill",(828) 689-3719,Mass,9:00 AM,,Mass,english,St. Andrew,
"Sun, Feb 22, 2026",2026-02-22,Sunday,St. Ann,"5101 Charlotte Ave, Nashville",(615) 298-1782,Mass,11:00 AM,,Mass,english,Church,
"Sun, Feb 22, 2026",2026-02-22,Sunday,St. Ann,"5101 Charlotte Ave, Nashville",(615) 298-1782,Mass,2:00 PM,,Mass,spanish,Church,
"Sun, Feb 22, 2026",2026-02-22,Sunday,St. Ann,"198 Ridge Rd, Lancing",(865) 882-9838,Mass,8:30 AM,,Mass,English,,
"Sun, Feb 22, 2026",2026-02-22,Sunday,St. Ann,"5101 Charlotte Ave, Nashville",(615) 298-1782,Mass,8:30 AM,,Mass,english,Church,
"Sun, Feb 22, 2026",2026-02-22,Sunday,St. Ann Catholic Church,"198 Ridge Rd, Lancing",+1-865-882-9838,Mass,8:30 AM,,Mass,english,,
"Sun, Feb 22, 2026",2026-02-22,Sunday,St. Anne,"706 S Highland St, Memphis",(901) 323-3817,Mass,10:30 AM,,Mass,english,,
"Sun, Feb 22, 2026",2026-02-22,Sunday,St. Anne,"316 Euclid Ave, Bristol",(276) 669-8200,Mass,11:30 AM,,Mass,English,,
"Sun, Feb 22, 2026",2026-02-22,Sunday,St. Anne,"316 Euclid Ave, Bristol",(276) 669-8200,Mass,2:30 PM,,Mass,spanish,,livestream
"Sun, Feb 22, 2026",2026-02-22,Sunday,St. Anne,"706 S Highland St, Memphis",(901) 323-3817,Mass,2:30 PM,,Mass,spanish,,
"Sun, Feb 22, 2026",2026-02-22,Sunday,St. Anne,"316 Euclid Ave, Bristol",(276) 669-8200,Mass,8:30 AM,,Mass,English,,livestream
"Sun, Feb 22, 2026",2026-02-22,Sunday,St. Anthony,"967 E Main St, Blue Ridge",(706) 632-5970,Mass,11:30 AM,,Mass,spanish,Church,
"Sun, Feb 22, 2026",2026-02-22,Sunday,St. Anthony,"1900 Huntsville Hwy, Fayetteville",(931) 433-6525,Mass,8:30 AM,,Mass,English,,
"Sun, Feb 22, 2026",2026-02-22,Sunday,St. Anthony,"967 E Main St, Blue Ridge",(706) 632-5970,Mass,9:00 AM,,Mass,english,Church,
"Sun, Feb 22, 2026",2026-02-22,Sunday,St. Anthony of Padua,"833 W Main St, Mountain City",(423) 727-5156,Mass,11:00 AM,,Mass,English,St. Anthony of Padua,livestream
"Sun, Feb 22, 2026",2026-02-22,Sunday,St. Augustine,"1169 Kerr Ave, Memphis",(901) 774-2297,Mass,10:00 AM,,Mass,English,,
"Sun, Feb 22, 2026",2026-02-22,Sunday,St. Augustine,"1716 Anderson Pike, Signal Mountain",(423) 886-3424,Mass,10:30 AM,,Mass,English,,
"Sun, Feb 22, 2026",2026-02-22,Sunday,St. Augustine,"1716 Anderson Pike, Signal Mountain",(423) 886-3424,Mass,8:15 AM,,Mass,English,,
"Sun, Feb 22, 2026",2026-02-22,Sunday,St. Bridget,"320 Walnut Grove Church Rd, Dayton",(423) 775-2664,Mass,10:00 AM,,Mass,english,,
"Sun, Feb 22, 2026",2026-02-22,Sunday,St. Bridget,"320 Walnut Grove Church Rd, Dayton",(423) 775-2664,Mass,12:30 PM,,Mass,spanish,,
"Sun, Feb 22, 2026",2026-02-22,Sunday,St. Brigid,"7801 Lowrance Rd, Memphis",(901) 758-0128,Mass,11:30 AM,,Mass,spanish,Main Church,
"Sun, Feb 22, 2026",2026-02-22,Sunday,St. Brigid,"7801 Lowrance Rd, Memphis",(901) 758-0128,Mass,1:30 PM,,Mass,spanish,Main Church,
"Sun, Feb 22, 2026",2026-02-22,Sunday,St. Brigid,"7801 Lowrance Rd, Memphis",(901) 758-0128,Mass,7:30 AM,,Mass,spanish,Main Church,
"Sun, Feb 22, 2026",2026-02-22,Sunday,St. Brigid,"7801 Lowrance Rd, Memphis",(901) 758-0128,Mass,9:30 AM,,Mass,english,Main Church,
"Sun, Feb 22, 2026",2026-02-22,Sunday,St. Catherine,"3019 Cayce Ln, Columbia",(931) 388-3803,Mass,10:30 AM,,Mass,english,Saint Catherine of Siena Catholic Church,
"Sun, Feb 22, 2026",2026-02-22,Sunday,St. Catherine,"3019 Cayce Ln, Columbia",(931) 388-3803,Mass,3:00 PM,,Mass,spanish,Saint Catherine of Siena Catholic Church,
"Sun, Feb 22, 2026",2026-02-22,Sunday,St. Catherine,"3019 Cayce Ln, Columbia",(931) 388-3803,Mass,8:00 AM,,Mass,english,Saint Catherine of Siena Catholic Church,
"Sun, Feb 22, 2026",2026-02-22,Sunday,St. Catherine Laboure,"115 Main St, Copperhill",(423) 496-3498,Mass,6:00 PM,,Mass,spanish,,
"Sun, Feb 22, 2026",2026-02-22,Sunday,St. Catherine Laboure,"115 Main St, Copperhill",(423) 496-3498,Mass,9:00 AM,,Mass,english,,
"Sun, Feb 22, 2026",2026-02-22,Sunday,St. Dominic,"2517 John B Dennis Hwy, Kingsport",(423) 288-8101,Mass,12:30 PM,,Mass,spanish,,
"Sun, Feb 22, 2026",2026-02-22,Sunday,St. Dominic,"2517 John B Dennis Hwy, Kingsport",(423) 288-8101,Mass,5:30 PM,,Mass,english,,
"Sun, Feb 22, 2026",2026-02-22,Sunday,St. Dominic,"2517 John B Dennis Hwy, Kingsport",(423) 288-8101,Mass,8:00 AM,,Mass,english,,
"Sun, Feb 22, 2026",2026-02-22,Sunday,St. Dominic,"2517 John B Dennis Hwy, Kingsport",(423) 288-8101,Mass,9:30 AM,,Mass,english,,
"Sun, Feb 22, 2026",2026-02-22,Sunday,St. Edward,"188 Thompson Ln, Nashville",(615)-833-5520,Mass,10:30 AM,,Mass,English,,
"Sun, Feb 22, 2026",2026-02-22,Sunday,St. Edward,"188 Thompson Ln, Nashville",(615)-833-5520,Mass,12:00 PM,,Mass,English,,No Music
"Sun, Feb 22, 2026",2026-02-22,Sunday,St. Edward,"188 Thompson Ln, Nashville",(615)-833-5520,Mass,12:15 PM,,Mass,English,,
"Sun, Feb 22, 2026",2026-02-22,Sunday,St. Edward,"188 Thompson Ln, Nashville",(615)-833-5520,Mass,6:00 PM,,Mass,English,,
"Sun, Feb 22, 2026",2026-02-22,Sunday,St. Edward,"188 Thompson Ln, Nashville",(615)-833-5520,Mass,8:00 AM,,Mass,English,,
"Sun, Feb 22, 2026",2026-02-22,Sunday,St. Elizabeth,"510 W C Street, Elizabethton",(423) 543-3412,Mass,9:00 AM,,Mass,English,,
"Sun, Feb 22, 2026",2026-02-22,Sunday,St. Elizabeth Ann Seton (Ordinariate of the Chair of St. Peter),"217 Fox Rd, Knoxville",,Mass,10:15 AM,,Mass,English,217 Fox Rd. Knoxville,
"Sun, Feb 22, 2026",2026-02-22,Sunday,"St. Elizabeth Ann Seton, Dayton","500 Oxford Dr, Dayton",(912) 508-5313,Mass,4:00 PM,,Mass,English,500 Oxford Dr. Dayton TN,note: except for first Sundays
"Sun, Feb 22, 2026",2026-02-22,Sunday,St. Elizabeth of the Hill Country,"259 Pilgrims Way, Boone",(828) 264-8338,Mass,11:30 AM,,Mass,spanish,St. Elizabeth,
"Sun, Feb 22, 2026",2026-02-22,Sunday,St. Elizabeth of the Hill Country,"259 Pilgrims Way, Boone",(828) 264-8338,Mass,9:00 AM,,Mass,english,St. Elizabeth,
"Sun, Feb 22, 2026",2026-02-22,Sunday,St. Frances Cabrini,"300 S Tarver Ave, Lebanon",(615) 444-0524,Mass,11:00 AM,,Mass,english,,
"Sun, Feb 22, 2026",2026-02-22,Sunday,St. Frances Cabrini,"300 S Tarver Ave, Lebanon",(615) 444-0524,Mass,1:00 PM,,Mass,spanish,,
"Sun, Feb 22, 2026",2026-02-22,Sunday,St. Frances Cabrini,"300 S Tarver Ave, Lebanon",(615) 444-0524,Mass,8:00 AM,,Mass,english,,
"Sun, Feb 22, 2026",2026-02-22,Sunday,St. Francis of Assisi,"7503 Peavine Rd, Fairfield Glade",(931) 484-3628,Mass,10:00 AM,,Mass,English,,
"Sun, Feb 22, 2026",2026-02-22,Sunday,St. Francis of Assisi,"8151 Chimneyrock Blvd, Cordova",(901) 756-1213,Mass,10:30 AM,,Mass,English,St. Francis of Assisi,note: Traditional Choir
"Sun, Feb 22, 2026",2026-02-22,Sunday,St. Francis of Assisi,"7600 Russellville Rd, Guthrie",(270) 265-5263,Mass,12:00 PM,,Mass,spanish,,
"Sun, Feb 22, 2026",2026-02-22,Sunday,St. Francis of Assisi,"8151 Chimneyrock Blvd, Cordova",(901) 756-1213,Mass,12:30 PM,,Mass,spanish,St. Francis of Assisi,
"Sun, Feb 22, 2026",2026-02-22,Sunday,St. Francis of Assisi,"8151 Chimneyrock Blvd, Cordova",(901) 756-1213,Mass,5:00 PM,,Mass,English,St. Francis of Assisi,
"Sun, Feb 22, 2026",2026-02-22,Sunday,St. Francis of Assisi,"8151 Chimneyrock Blvd, Cordova",(901) 756-1213,Mass,7:15 AM,,Mass,English,St. Francis of Assisi,
"Sun, Feb 22, 2026",2026-02-22,Sunday,St. Francis of Assisi,"7503 Peavine Rd, Fairfield Glade",(931) 484-3628,Mass,8:00 AM,,Mass,English,,
"Sun, Feb 22, 2026",2026-02-22,Sunday,St. Francis of Assisi,"8151 Chimneyrock Blvd, Cordova",(901) 756-1213,Mass,8:45 AM,,Mass,English,St. Francis of Assisi,
"Sun, Feb 22, 2026",2026-02-22,Sunday,St. Francis of Assisi,"7600 Russellville Rd, Guthrie",(270) 265-5263,Mass,9:00 AM,,Mass,english,,
"Sun, Feb 22, 2026",2026-02-22,Sunday,St. Francis of Assisi,"167 St Francis Pl, Jefferson",(336) 246-9151,Mass,9:00 AM,,Mass,english,,
"Sun, Feb 22, 2026",2026-02-22,Sunday,St. Francis of Assisi,"7719 River Rd, Townsend",(865) 448-6070,Mass,9:00 AM,,Mass,English,,
"Sun, Feb 22, 2026",2026-02-22,Sunday,St. Gerard Majella,"3049 Lafayette Rd, Fort Oglethorpe",(706) 861-9410,Mass,11:00 AM,,Mass,English,Saint Gerard Majella Catholic Church,
"Sun, Feb 22, 2026",2026-02-22,Sunday,St. Gerard Majella,"3049 Lafayette Rd, Fort Oglethorpe",(706) 861-9410,Mass,9:00 AM,,Mass,English,Saint Gerard Majella Catholic Church,
"Sun, Feb 22, 2026",2026-02-22,Sunday,St. Henry,"112-114 Hwy 70 N, Rogersville",(423) 272-6897,Mass,12:00 PM,,Mass,English,St. James,
"Sun, Feb 22, 2026",2026-02-22,Sunday,St. Henry,"6401 Harding Pike, Nashville",(615) 352-2259,Mass,7:30 AM,,Mass,English,,note: with ASL interpreter
"Sun, Feb 22, 2026",2026-02-22,Sunday,St. Henry,"112-114 Hwy 70 N, Rogersville",(423) 272-6897,Mass,9:00 AM,,Mass,English,,
"Sun, Feb 22, 2026",2026-02-22,Sunday,St. Ignatius of Antioch,"601 Bell Rd, Nashville",615-367-0085,Mass,10:30 AM,,Mass,English,,
"Sun, Feb 22, 2026",2026-02-22,Sunday,St. Ignatius of Antioch,"601 Bell Rd, Nashville",615-367-0085,Mass,1:00 PM,,Mass,spanish,,
"Sun, Feb 22, 2026",2026-02-22,Sunday,St. Ignatius of Antioch,"601 Bell Rd, Nashville",615-367-0085,Mass,8:00 AM,,Mass,English,,
"Sun, Feb 22, 2026",2026-02-22,Sunday,St. James,"4180 Leroy Ave, Memphis",(901) 767-8672,Mass,10:00 AM,,Mass,english,,
"Sun, Feb 22, 2026",2026-02-22,Sunday,St. James,"4180 Leroy Ave, Memphis",(901) 767-8672,Mass,12:30 PM,,Mass,spanish,,
"Sun, Feb 22, 2026",2026-02-22,Sunday,St. James the Apostle,"3652 Main St, Sneedville",(423) 272-6897,Mass,12:00 PM,,Mass,English,St. James,
"Sun, Feb 22, 2026",2026-02-22,Sunday,St. James the Apostle,"3652 Main St, Sneedville",(423) 272-6897,Mass,9:00 AM,,Mass,English,,
"Sun, Feb 22, 2026",2026-02-22,Sunday,St. James the Less,"3189 N Harper Rd, Corinth",(662) 331-5184,Mass,10:30 AM,,Mass/Misa,english,,
"Sun, Feb 22, 2026",2026-02-22,Sunday,St. James the Less,"3189 N Harper Rd, Corinth",(662) 331-5184,Mass,1:00 PM,,Mass/Misa,spanish,,
"Sun, Feb 22, 2026",2026-02-22,Sunday,St. John,"910 N Washington Ave, Brownsville",(731) 668-2596,Mass,11:30 AM,,Mass,spanish,"St. John, Brownsville",
"Sun, Feb 22, 2026",2026-02-22,Sunday,St. John,"910 N Washington Ave, Brownsville",(731) 668-2596,Mass,9:00 AM,,Mass,English,"St. John, Brownsville",
"Sun, Feb 22, 2026",2026-02-22,Sunday,St. John Neumann,"633 Saint John Ct, Farragut",(865) 966-4540,Mass,11:00 AM,,Mass,English,,
"Sun, Feb 22, 2026",2026-02-22,Sunday,St. John Neumann,"633 Saint John Ct, Farragut",(865) 966-4540,Mass,12:30 PM,,Mass,spanish,,
"Sun, Feb 22, 2026",2026-02-22,Sunday,St. John Neumann,"633 Saint John Ct, Farragut",(865) 966-4540,Mass,6:45 AM,,Mass,English,,
"Sun, Feb 22, 2026",2026-02-22,Sunday,St. John Neumann,"633 Saint John Ct, Farragut",(865) 966-4540,Mass,8:30 AM,,Mass,English,,
"Sun, Feb 22, 2026",2026-02-22,Sunday,St. John Vianney,"449 N Water St, Gallatin",(615) 452-2977,Mass,10:30 AM,,Mass,English,,
"Sun, Feb 22, 2026",2026-02-22,Sunday,St. John Vianney,"449 N Water St, Gallatin",(615) 452-2977,Mass,4:00 PM,,Mass,spanish,,
"Sun, Feb 22, 2026",2026-02-22,Sunday,St. John Vianney,"449 N Water St, Gallatin",(615) 452-2977,Mass,8:00 AM,,Mass,English,,
"Sun, Feb 22, 2026",2026-02-22,Sunday,St. John XXIII (U. of Tenn.),"1710 Melrose Pl, Knoxville",(865) 523-7931,Mass,11:15 AM,,Mass,english,,livestream
"Sun, Feb 22, 2026",2026-02-22,Sunday,St. John XXIII (U. of Tenn.),"1710 Melrose Pl, Knoxville",(865) 523-7931,Mass,5:30 PM,,Mass,english,,During the School Semester Only
"Sun, Feb 22, 2026",2026-02-22,Sunday,St. John XXIII (U. of Tenn.),"1710 Melrose Pl, Knoxville",(865) 523-7931,Mass,9:00 AM,,Mass,english,,
"Sun, Feb 22, 2026",2026-02-22,Sunday,St. John XXIII (U. of Tenn.),"1710 Melrose Pl, Knoxville",(865) 523-7931,Mass,9:00 PM,,Mass,english,,During the School Semester Only
"Sun, Feb 22, 2026",2026-02-22,Sunday,St. John the Evangelist,"1061 Ellington Pkwy S, Lewisburg",(931) 359-5017,Mass,12:00 PM,,Mass,english,,
"Sun, Feb 22, 2026",2026-02-22,Sunday,St. John the Evangelist,"1061 Ellington Pkwy S, Lewisburg",(931) 359-5017,Mass,9:00 AM,,Mass,english,,
"Sun, Feb 22, 2026",2026-02-22,Sunday,St. Joseph,"203 Plum St, Florence",(256) 764-3303,Mass,10:30 AM,,Mass,English,,
"Sun, Feb 22, 2026",2026-02-22,Sunday,St. Joseph,"304 American Blvd, Saint Joseph",931-853-4370,Mass,10:30 AM,,Mass,english,,
"Sun, Feb 22, 2026",2026-02-22,Sunday,St. Joseph,"316 Main St, Bryson City",(828) 488-6766,Mass,11:00 AM,,Mass,english,St. Joseph's,
"Sun, Feb 22, 2026",2026-02-22,Sunday,St. Joseph,"968 Haig Mill Lake Rd, Dalton",(706) 278-3107,Mass,11:30 AM,,Mass,spanish,,
"Sun, Feb 22, 2026",2026-02-22,Sunday,St. Joseph,"3825 Neely Rd, Memphis",(901) 396-9996,Mass,12:00 PM,,Mass,spanish,,Midday
"Sun, Feb 22, 2026",2026-02-22,Sunday,St. Joseph,"203 Plum St, Florence",(256) 764-3303,Mass,12:30 PM,,Mass,spanish,,
"Sun, Feb 22, 2026",2026-02-22,Sunday,St. Joseph,"968 Haig Mill Lake Rd, Dalton",(706) 278-3107,Mass,2:00 PM,,Mass,spanish,East Morris – Capilla San Juan Diego,
"Sun, Feb 22, 2026",2026-02-22,Sunday,St. Joseph,"968 Haig Mill Lake Rd, Dalton",(706) 278-3107,Mass,2:00 PM,,Mass,spanish,,
"Sun, Feb 22, 2026",2026-02-22,Sunday,St. Joseph,"203 Plum St, Florence",(256) 764-3303,Mass,5:00 PM,,Mass,English,,
"Sun, Feb 22, 2026",2026-02-22,Sunday,St. Joseph,"968 Haig Mill Lake Rd, Dalton",(706) 278-3107,Mass,6:00 PM,,Mass,spanish,,
"Sun, Feb 22, 2026",2026-02-22,Sunday,St. Joseph,"968 Haig Mill Lake Rd, Dalton",(706) 278-3107,Mass,7:30 AM,,Mass,spanish,,
"Sun, Feb 22, 2026",2026-02-22,Sunday,St. Joseph,"305 E Van Dorn Ave, Holly Springs",(662) 252-3138,Mass,7:30 AM,,Mass,English,St. Joseph,
"Sun, Feb 22, 2026",2026-02-22,Sunday,St. Joseph,"203 Plum St, Florence",(256) 764-3303,Mass,8:00 AM,,Mass,English,,
"Sun, Feb 22, 2026",2026-02-22,Sunday,St. Joseph,"305 E Van Dorn Ave, Holly Springs",(662) 252-3138,Mass,8:00 AM,,Mass,english,St. Joseph,
"Sun, Feb 22, 2026",2026-02-22,Sunday,St. Joseph,"304 American Blvd, Saint Joseph",931-853-4370,Mass,8:00 AM,,Mass,english,Saint Joseph,livestream
"Sun, Feb 22, 2026",2026-02-22,Sunday,St. Joseph,"3825 Neely Rd, Memphis",(901) 396-9996,Mass,9:00 AM,,Mass,spanish,,
"Sun, Feb 22, 2026",2026-02-22,Sunday,St. Joseph,"3425 Andersonville Hwy, Norris",(865) 494-7746,Mass,9:00 AM,,Mass,English,St. Joseph - Norris,
"Sun, Feb 22, 2026",2026-02-22,Sunday,St. Joseph,"316 Main St, Bryson City",(828) 488-6766,Mass,9:30 AM,,Mass,english,St. Joseph's,
"Sun, Feb 22, 2026",2026-02-22,Sunday,St. Joseph,"968 Haig Mill Lake Rd, Dalton",(706) 278-3107,Mass,9:30 AM,,Mass,english,,livestream
"Sun, Feb 22, 2026",2026-02-22,Sunday,St. Joseph the Worker,"649 Old Tellico Hwy N, Madisonville",(423) 442-7273,Mass,10:00 AM,,Mass,English,St. Joseph the Worker Catholic Church,
"Sun, Feb 22, 2026",2026-02-22,Sunday,St. Joseph the Worker,"649 Old Tellico Hwy N, Madisonville",(423) 442-7273,Mass,12:30 PM,,Mass,spanish,St. Joseph the Worker Catholic Church,
"Sun, Feb 22, 2026",2026-02-22,Sunday,St. Joseph the Worker,"649 Old Tellico Hwy N, Madisonville",(423) 442-7273,Mass,8:00 AM,,Mass,English,St. Joseph the Worker Catholic Church,
"Sun, Feb 22, 2026",2026-02-22,Sunday,St. Jude,"435 Moody Ave, Martin",(731) 587-9777,Mass,10:00 AM,,Mass,english,,livestream
"Sun, Feb 22, 2026",2026-02-22,Sunday,St. Jude,"930 Ashland Ter, Chattanooga",(423) 870-2386,Mass,10:30 AM,,Mass,english,,
"Sun, Feb 22, 2026",2026-02-22,Sunday,St. Jude,"1318 E Poplar Ave, Selmer",(731) 645-4188,Mass,10:30 AM,,Mass,spanish,"St. Jude Church, Selmer",
"Sun, Feb 22, 2026",2026-02-22,Sunday,St. Jude,"930 Ashland Ter, Chattanooga",(423) 870-2386,Mass,12:15 PM,,Mass,english,,
"Sun, Feb 22, 2026",2026-02-22,Sunday,St. Jude,"435 Moody Ave, Martin",(731) 587-9777,Mass,12:30 PM,,Mass,spanish,,
"Sun, Feb 22, 2026",2026-02-22,Sunday,St. Jude,"930 Ashland Ter, Chattanooga",(423) 870-2386,Mass,5:30 PM,,Mass,english,,
"Sun, Feb 22, 2026",2026-02-22,Sunday,St. Jude,"930 Ashland Ter, Chattanooga",(423) 870-2386,Mass,8:00 AM,,Mass,english,,
"Sun, Feb 22, 2026",2026-02-22,Sunday,St. Jude,"1318 E Poplar Ave, Selmer",(731) 645-4188,Mass,8:00 AM,,Mass,English,"St. Jude Church, Selmer",
"Sun, Feb 22, 2026",2026-02-22,Sunday,St. Jude Catholic Church,"930 Ashland Terrace, Chattanooga",+1-423-870-2386,Mass,10:30 AM,,Mass,english,,
"Sun, Feb 22, 2026",2026-02-22,Sunday,St. Jude Catholic Church,"930 Ashland Terrace, Chattanooga",+1-423-870-2386,Mass,12:15 PM,,Mass,english,,
"Sun, Feb 22, 2026",2026-02-22,Sunday,St. Jude Catholic Church,"930 Ashland Terrace, Chattanooga",+1-423-870-2386,Mass,5:30 PM,,Mass,english,,
"Sun, Feb 22, 2026",2026-02-22,Sunday,St. Jude Catholic Church,"930 Ashland Terrace, Chattanooga",+1-423-870-2386,Mass,8:00 AM,,Mass,english,,
"Sun, Feb 22, 2026",2026-02-22,Sunday,St. Julian,"118 E Chester Ave, Middlesboro",(606) 248-2068,Mass,11:00 AM,,Mass,English,,
"Sun, Feb 22, 2026",2026-02-22,Sunday,St. Katharine Drexel,"140 New England Rd, Wildwood",(706) 820-0680,Mass,11:30 AM,,Mass,english,Saint Katharine Drexel Mission,
"Sun, Feb 22, 2026",2026-02-22,Sunday,St. Katharine Drexel,"140 New England Rd, Wildwood",(706) 820-0680,Mass,9:00 AM,,Mass,english,,
"Sun, Feb 22, 2026",2026-02-22,Sunday,St. Lawrence,"5655 Clarksville Hwy, Joelton",(615) 876-2127,Mass,9:00 AM,,Mass,English,Saint Lawrence,note: Pre-Mass rosary begins at 08:30
"Sun, Feb 22, 2026",2026-02-22,Sunday,St. Louis,"203 S White Station Rd, Memphis",(901) 255-1950,Mass,10:30 AM,,Mass,English,,
"Sun, Feb 22, 2026",2026-02-22,Sunday,St. Louis,"203 S White Station Rd, Memphis",(901) 255-1950,Mass,12:15 PM,,Mass,English,,
"Sun, Feb 22, 2026",2026-02-22,Sunday,St. Louis,"203 S White Station Rd, Memphis",(901) 255-1950,Mass,6:00 PM,,Mass,English,,livestream
"Sun, Feb 22, 2026",2026-02-22,Sunday,St. Louis,"203 S White Station Rd, Memphis",(901) 255-1950,Mass,7:30 AM,,Mass,English,,
"Sun, Feb 22, 2026",2026-02-22,Sunday,St. Louis,"203 S White Station Rd, Memphis",(901) 255-1950,Mass,9:00 AM,,Mass,English,,
"Sun, Feb 22, 2026",2026-02-22,Sunday,St. Lucien,"695 Summit St, Spruce Pine",(828) 898-6900,Mass,8:30 AM,,Holy Mass,English,"St. Lucien, 695 Summit St. Spruce Pine, NC 28777",
"Sun, Feb 22, 2026",2026-02-22,Sunday,St. Martha,"3331 Bell St, Ashland City",615-792-4255,Mass,11:30 AM,,Mass,English,,
"Sun, Feb 22, 2026",2026-02-22,Sunday,St. Martha,"3331 Bell St, Ashland City",615-792-4255,Mass,8:30 AM,,Mass,English,,
"Sun, Feb 22, 2026",2026-02-22,Sunday,St. Mary,"2211 E Lakeview Dr, Johnson City",(423) 282-6367,Mass,10:00 AM,,Mass,english,,
"Sun, Feb 22, 2026",2026-02-22,Sunday,St. Mary,"2315 Pickwick St, Savannah",(731) 925-4852,Mass,10:00 AM,,Mass,English,St. Mary's,
"Sun, Feb 22, 2026",2026-02-22,Sunday,St. Mary,"1665 US-45 BYP, Jackson",(731) 668-2596,Mass,10:30 AM,,Mass,english,,livestream
"Sun, Feb 22, 2026",2026-02-22,Sunday,St. Mary,"155 Market St, Memphis",(901) 522-9420,Mass,10:30 AM,,Mass,English,,
"Sun, Feb 22, 2026",2026-02-22,Sunday,St. Mary,"327 Vermont Ave, Oak Ridge",(865) 482-2875,Mass,10:30 AM,,Mass,english,,
"Sun, Feb 22, 2026",2026-02-22,Sunday,St. Mary,"220 W Main St, Camden",(731) 584-6459,Mass,10:45 AM,,Mass,English,,
"Sun, Feb 22, 2026",2026-02-22,Sunday,St. Mary,"304 Airport Rd, Gatlinburg",(865) 436-4907,Mass,11:00 AM,,Mass,english,St. Mary's Catholic Church,
"Sun, Feb 22, 2026",2026-02-22,Sunday,St. Mary,"2211 E Lakeview Dr, Johnson City",(423) 282-6367,Mass,12:00 PM,,Mass,spanish,,
"Sun, Feb 22, 2026",2026-02-22,Sunday,St. Mary,"327 Vermont Ave, Oak Ridge",(865) 482-2875,Mass,12:30 PM,,Mass,spanish,,
"Sun, Feb 22, 2026",2026-02-22,Sunday,St. Mary,"1665 US-45 BYP, Jackson",(731) 668-2596,Mass,1:00 PM,,Mass,spanish,,
"Sun, Feb 22, 2026",2026-02-22,Sunday,St. Mary,"2211 E Lakeview Dr, Johnson City",(423) 282-6367,Mass,2:00 PM,,Mass,latin,,
"Sun, Feb 22, 2026",2026-02-22,Sunday,St. Mary,"403 N Main St, Franklin",(270) 586-4515 or (270) 253-3230 (Rectory),Mass,6:00 PM,,Mass,spanish,,
"Sun, Feb 22, 2026",2026-02-22,Sunday,St. Mary,"1665 US-45 BYP, Jackson",(731) 668-2596,Mass,8:00 AM,,Mass,english,,livestream
"Sun, Feb 22, 2026",2026-02-22,Sunday,St. Mary,"2211 E Lakeview Dr, Johnson City",(423) 282-6367,Mass,8:00 AM,,Mass,English,,
"Sun, Feb 22, 2026",2026-02-22,Sunday,St. Mary,"155 Market St, Memphis",(901) 522-9420,Mass,8:00 AM,,Mass,English,,
"Sun, Feb 22, 2026",2026-02-22,Sunday,St. Mary,"327 Vermont Ave, Oak Ridge",(865) 482-2875,Mass,8:00 AM,,Mass,english,,
"Sun, Feb 22, 2026",2026-02-22,Sunday,St. Mary,"403 N Main St, Franklin",(270) 586-4515 or (270) 253-3230 (Rectory),Mass,8:30 AM,,Mass,English,,
"Sun, Feb 22, 2026",2026-02-22,Sunday,St. Mary,"223 Mecklenburg Dr, Bolivar",(731) 658-4627,Mass,9:00 AM,,Mass,English,"St. Mary’s Church, Bolivar",
"Sun, Feb 22, 2026",2026-02-22,Sunday,St. Mary,"304 Airport Rd, Gatlinburg",(865) 436-4907,Mass,9:00 AM,,Mass,english,St. Mary's Catholic Church,
"Sun, Feb 22, 2026",2026-02-22,Sunday,St. Mary of the Lake Mission,"626 Horseshoe Cir, Horseshoe Lake",(870) 733-1212,Mass,10:30 AM,,Mass,English,St. Michael's Church,
"Sun, Feb 22, 2026",2026-02-22,Sunday,St. Mary of the Lake Mission,"626 Horseshoe Cir, Horseshoe Lake",(870) 733-1212,Mass,8:30 AM,,Mass,English,"Sacred Heart, Crawfordsville",
"Sun, Feb 22, 2026",2026-02-22,Sunday,St. Mary of the Seven Sorrows,"328 Rep John Lewis Way N, Nashville",(615) 561-1704,Mass,12:00 PM,,Sung Mass,English,,
"Sun, Feb 22, 2026",2026-02-22,Sunday,St. Mary of the Seven Sorrows,"328 Rep John Lewis Way N, Nashville",(615) 561-1704,Mass,9:00 AM,,Solemn Sung Mass,English,,
"Sun, Feb 22, 2026",2026-02-22,Sunday,St. Matthew,"535 Sneed Rd W, Franklin",(615) 646-0378,Mass,11:00 AM,,Mass,english,,
"Sun, Feb 22, 2026",2026-02-22,Sunday,St. Matthew,"9060 Telecom Dr, Milan",(731) 784-3904,Mass,11:00 AM,,Mass,English,Sacred Heart,
"Sun, Feb 22, 2026",2026-02-22,Sunday,St. Matthew,"9060 Telecom Dr, Milan",(731) 784-3904,Mass,1:00 PM,,Mass,spanish,Sacred Heart,
"Sun, Feb 22, 2026",2026-02-22,Sunday,St. Matthew,"535 Sneed Rd W, Franklin",(615) 646-0378,Mass,8:30 AM,,Mass,english,,livestream
"Sun, Feb 22, 2026",2026-02-22,Sunday,St. Matthew,"501 S Ermen Ln, Osceola",(870) 762-2506,Mass,9:00 AM,,Mass,English,"St. Matthew Church, Osceola",
"Sun, Feb 22, 2026",2026-02-22,Sunday,St. Michael,"2751 County Rd 30, Florence",(256) 764-1885,Mass,10:00 AM,,Mass,English,St. Michael's Catholic Church,
"Sun, Feb 22, 2026",2026-02-22,Sunday,St. Michael,"411 Missouri St, West Memphis",(870) 733-1212,Mass,10:30 AM,,Mass,English,St. Michael's Church,
"Sun, Feb 22, 2026",2026-02-22,Sunday,St. Michael,"3863 Summer Ave, Memphis",(901) 323-0896,Mass,11:00 AM,,Mass,english,,
"Sun, Feb 22, 2026",2026-02-22,Sunday,St. Michael,"3863 Summer Ave, Memphis",(901) 323-0896,Mass,1:30 PM,,Mass,spanish,,
"Sun, Feb 22, 2026",2026-02-22,Sunday,St. Michael,"3863 Summer Ave, Memphis",(901) 323-0896,Mass,7:00 PM,,Mass,spanish,,
"Sun, Feb 22, 2026",2026-02-22,Sunday,St. Michael,"2751 County Rd 30, Florence",(256) 764-1885,Mass,7:30 AM,,Mass,English,St. Michael's Catholic Church,
"Sun, Feb 22, 2026",2026-02-22,Sunday,St. Michael,"3863 Summer Ave, Memphis",(901) 323-0896,Mass,8:00 AM,,Mass,english,,
"Sun, Feb 22, 2026",2026-02-22,Sunday,St. Michael,"3863 Summer Ave, Memphis",(901) 323-0896,Mass,9:15 AM,,Mass,spanish,,
"Sun, Feb 22, 2026",2026-02-22,Sunday,St. Michael the Archangel ,"657 N Mohawk Dr, Erwin",(423) 735-0484,Mass,10:00 AM,,Mass,bilingual,Parish Center,
"Sun, Feb 22, 2026",2026-02-22,Sunday,St. Patrick,"1219 Second Ave S, Nashville",(615) 256-6498,Mass,11:00 AM,,Mass,english,,
"Sun, Feb 22, 2026",2026-02-22,Sunday,St. Patrick,"2518 W Andrew Johnson Hwy, Morristown",(423) 586-9174,Mass,12:00 PM,,Spanish Mass,English,,
"Sun, Feb 22, 2026",2026-02-22,Sunday,St. Patrick,"2518 W Andrew Johnson Hwy, Morristown",(423) 586-9174,Mass,8:00 AM,,Mass,bilingual,,livestream
"Sun, Feb 22, 2026",2026-02-22,Sunday,St. Patrick,"175 St Patrick St, McEwen",(931) 582-3633,Mass,9:00 AM,,Mass,english,"Saint Patrick Catholic Church, McEwen, TN",
"Sun, Feb 22, 2026",2026-02-22,Sunday,St. Patrick,"2518 W Andrew Johnson Hwy, Morristown",(423) 586-9174,Mass,9:30 AM,,Mass,english,,livestream
"Sun, Feb 22, 2026",2026-02-22,Sunday,St. Paul the Apostle,"1425 E Shelby Dr, Memphis",(901) 346-2380,Mass,10:00 AM,,Mass,English,,livestream
"Sun, Feb 22, 2026",2026-02-22,Sunday,St. Paul the Apostle,"1425 E Shelby Dr, Memphis",(901) 346-2380,Mass,12:30 PM,,Mass,spanish,,
"Sun, Feb 22, 2026",2026-02-22,Sunday,St. Paul the Apostle,"1425 E Shelby Dr, Memphis",(901) 346-2380,Mass,7:00 AM,,Mass,English,,
"Sun, Feb 22, 2026",2026-02-22,Sunday,St. Paul the Apostle,"304 W Grizzard St, Tullahoma",(931) 455-3050,Mass,8:30 AM,,Mass,english,,
"Sun, Feb 22, 2026",2026-02-22,Sunday,St. Peter the Apostle,"208 Upper Ferry Rd, Carthage",(615) 281-8327,Mass,9:00 AM,,Mass,English,,
"Sun, Feb 22, 2026",2026-02-22,Sunday,St. Philip,"113 Second Ave S, Franklin",(615) 794-8588,Mass,11:00 AM,,Mass,english,St. Philip Catholic Church,
"Sun, Feb 22, 2026",2026-02-22,Sunday,St. Philip,"113 Second Ave S, Franklin",(615) 794-8588,Mass,1:00 PM,,Mass,spanish,St. Philip Catholic Church,
"Sun, Feb 22, 2026",2026-02-22,Sunday,St. Philip,"113 Second Ave S, Franklin",(615) 794-8588,Mass,5:00 PM,,Mass,english,St. Philip Catholic Church,note: No 5pm Mass on Easter Sunday
"Sun, Feb 22, 2026",2026-02-22,Sunday,St. Philip,"113 Second Ave S, Franklin",(615) 794-8588,Mass,7:00 AM,,Mass,english,St. Philip Catholic Church,note: No 7am Mass on Easter Sunday
"Sun, Feb 22, 2026",2026-02-22,Sunday,St. Philip,"113 Second Ave S, Franklin",(615) 794-8588,Mass,8:30 AM,,Mass,english,St. Philip Catholic Church,
"Sun, Feb 22, 2026",2026-02-22,Sunday,St. Philip the Apostle,"11710 US Hwy 64, Somerville",(901) 465-8685,Mass,10:30 AM,,Mass,english,,livestream
"Sun, Feb 22, 2026",2026-02-22,Sunday,St. Philip the Apostle,"11710 US Hwy 64, Somerville",(901) 465-8685,Mass,8:00 AM,,Mass,English,,
"Sun, Feb 22, 2026",2026-02-22,Sunday,St. Pius X,"2800 Tucker Rd, Nashville",(615) 256-2729,Mass,10:00 AM,,Holy Mass and Communion Service,vietnamese,ST. PIUS X ACADEMY AND CHURCH,
"Sun, Feb 22, 2026",2026-02-22,Sunday,St. Pius X,"2800 Tucker Rd, Nashville",(615) 256-2729,Mass,8:00 AM,,Holy Mass and Communion Service,english,ST. PIUS X ACADEMY AND CHURCH,
"Sun, Feb 22, 2026",2026-02-22,Sunday,St. Pius X Church,"2800 Tucker Rd, Nashville",+1-615-244-4093,Mass,10:00 AM,,Mass,vietnamese,ST. PIUS X ACADEMY AND CHURCH,
"Sun, Feb 22, 2026",2026-02-22,Sunday,St. Pius X Church,"2800 Tucker Rd, Nashville",+1-615-244-4093,Mass,8:00 AM,,Mass,english,ST. PIUS X ACADEMY AND CHURCH,
"Sun, Feb 22, 2026",2026-02-22,Sunday,St. Regina,"108 Skyline Dr, Parsons",(731) 847-2054 ,Mass,11:00 AM,,Mass,English,,
"Sun, Feb 22, 2026",2026-02-22,Sunday,St. Rose of Lima Catholic Church,"1601 N Tennessee Blvd, Murfreesboro",(615) 893-1843,Mass,11:00 AM,,Mass,English,,
"Sun, Feb 22, 2026",2026-02-22,Sunday,St. Rose of Lima Catholic Church,"1601 N Tennessee Blvd, Murfreesboro",(615) 893-1843,Mass,2:00 PM,,Mass,spanish,,
"Sun, Feb 22, 2026",2026-02-22,Sunday,St. Rose of Lima Catholic Church,"1601 N Tennessee Blvd, Murfreesboro",(615) 893-1843,Mass,3:00 PM,,Mass,spanish,,
"Sun, Feb 22, 2026",2026-02-22,Sunday,St. Rose of Lima Catholic Church,"1601 N Tennessee Blvd, Murfreesboro",(615) 893-1843,Mass,5:00 PM,,Mass,English,,
"Sun, Feb 22, 2026",2026-02-22,Sunday,St. Rose of Lima Catholic Church,"1601 N Tennessee Blvd, Murfreesboro",(615) 893-1843,Mass,7:00 AM,,Mass,English,,
"Sun, Feb 22, 2026",2026-02-22,Sunday,St. Rose of Lima Catholic Church,"1601 N Tennessee Blvd, Murfreesboro",(615) 893-1843,Mass,8:30 AM,,Mass,English,,
"Sun, Feb 22, 2026",2026-02-22,Sunday,St. Stephen,"7111 Lee Hwy, Chattanooga",(423) 892-1261,Mass,11:00 AM,,Mass,english,St. Stephen Catholic Church,livestream
"Sun, Feb 22, 2026",2026-02-22,Sunday,St. Stephen,"14544 Lebanon Rd, Old Hickory",(615) 758-2424,Mass,11:00 AM,,Mass,english,Saint Stephen Catholic Community,
"Sun, Feb 22, 2026",2026-02-22,Sunday,St. Stephen,"7111 Lee Hwy, Chattanooga",(423) 892-1261,Mass,1:00 PM,,Mass,spanish,St. Stephen Catholic Church,
"Sun, Feb 22, 2026",2026-02-22,Sunday,St. Stephen,"14544 Lebanon Rd, Old Hickory",(615) 758-2424,Mass,5:00 PM,,Mass,english,Saint Stephen Catholic Community,
"Sun, Feb 22, 2026",2026-02-22,Sunday,St. Stephen,"7111 Lee Hwy, Chattanooga",(423) 892-1261,Mass,8:30 AM,,Mass,english,St. Stephen Catholic Church,
"Sun, Feb 22, 2026",2026-02-22,Sunday,St. Stephen,"14544 Lebanon Rd, Old Hickory",(615) 758-2424,Mass,8:30 AM,,Mass,english,Saint Stephen Catholic Community,livestream
"Sun, Feb 22, 2026",2026-02-22,Sunday,St. Teresa of Kolkata,"3445 Maynardville Hwy, Maynardville",(865) 992-7222,Mass,11:00 AM,,Mass,spanish,,
"Sun, Feb 22, 2026",2026-02-22,Sunday,St. Teresa of Kolkata,"3445 Maynardville Hwy, Maynardville",(865) 992-7222,Mass,9:00 AM,,Mass,English,,
"Sun, Feb 22, 2026",2026-02-22,Sunday,St. Therese,"701 S Charles G Seivers Blvd, Clinton",(865) 457-4073,Mass,11:00 AM,,Mass,English,St. Therese Catholic Church,livestream
"Sun, Feb 22, 2026",2026-02-22,Sunday,St. Therese of Lisieux,"900 Clingan Ridge Dr NW, Cleveland",(423) 476-8123,Mass,10:00 AM,,Mass,english,,
"Sun, Feb 22, 2026",2026-02-22,Sunday,St. Therese of Lisieux,"900 Clingan Ridge Dr NW, Cleveland",(423) 476-8123,Mass,12:30 PM,,Mass,english,,
"Sun, Feb 22, 2026",2026-02-22,Sunday,St. Therese of Lisieux,"900 Clingan Ridge Dr NW, Cleveland",(423) 476-8123,Mass,8:00 AM,,Mass,spanish,,
"Sun, Feb 22, 2026",2026-02-22,Sunday,St. Thomas Aquinas,"421 N Washington Ave, Cookeville",(931) 526-2575,Mass,10:45 AM,,Mass,english,,
"Sun, Feb 22, 2026",2026-02-22,Sunday,St. Thomas Aquinas,"421 N Washington Ave, Cookeville",(931) 526-2575,Mass,1:00 PM,,Mass,spanish,,
"Sun, Feb 22, 2026",2026-02-22,Sunday,St. Thomas Aquinas,"421 N Washington Ave, Cookeville",(931) 526-2575,Mass,8:00 AM,,Mass,english,,
"Sun, Feb 22, 2026",2026-02-22,Sunday,St. Thomas the Apostle,"1580 St Thomas Way, Lenoir City",(865) 986-9885,Mass,11:30 AM,,Mass,english,Saint Thomas the Apostle,
"Sun, Feb 22, 2026",2026-02-22,Sunday,St. Thomas the Apostle,"1580 St Thomas Way, Lenoir City",(865) 986-9885,Mass,1:30 PM,,Mass,spanish,Saint Thomas the Apostle,
"Sun, Feb 22, 2026",2026-02-22,Sunday,St. Thomas the Apostle,"1580 St Thomas Way, Lenoir City",(865) 986-9885,Mass,7:00 AM,,Mass,english,Saint Thomas the Apostle,
"Sun, Feb 22, 2026",2026-02-22,Sunday,St. Thomas the Apostle,"1580 St Thomas Way, Lenoir City",(865) 986-9885,Mass,9:00 AM,,Mass,english,Saint Thomas the Apostle,
"Sun, Feb 22, 2026",2026-02-22,Sunday,St. Thomas the Apostle (Ukrainian),"2304 Ault Rd, Knoxville",865-367-6093,Mass,10:00 AM,,Divine Liturgy,English,Church,
"Sun, Feb 22, 2026",2026-02-22,Sunday,St. Vincent de Paul,"1700 Heiman St, Nashville",(615) 320-0695 (Ext 100),Mass,11:00 AM,,Mass,english,,livestream
"Sun, Feb 22, 2026",2026-02-22,Sunday,St. Vincent de Paul,"1700 Heiman St, Nashville",(615) 320-0695 (Ext 100),Mass,8:30 AM,,Mass,english,,
"Sun, Feb 22, 2026",2026-02-22,Sunday,St. William,"4932 Easley St, Millington",(901) 872-4099,Mass,11:00 AM,,Mass,English,St. William Catholic Church,
"Sun, Feb 22, 2026",2026-02-22,Sunday,St. William,"765 Andrews Rd, Murphy",(828) 837-2000,Mass,11:00 AM,,Mass,english,St. William Catholic Church,
"Sun, Feb 22, 2026",2026-02-22,Sunday,St. William,"500 S Brittain St, Shelbyville",19316848745,Mass,11:30 AM,,Mass,spanish,,
"Sun, Feb 22, 2026",2026-02-22,Sunday,St. William,"4932 Easley St, Millington",(901) 872-4099,Mass,8:30 AM,,Mass,English,St. William Catholic Church,
"Sun, Feb 22, 2026",2026-02-22,Sunday,St. William,"500 S Brittain St, Shelbyville",19316848745,Mass,9:00 AM,,Mass,english,,
"Sun, Feb 22, 2026",2026-02-22,Sunday,Sts. Peter and Paul,"902 E 9th St, Hopkinsville",(270) 885-8522,Mass,10:30 AM,,Mass,english,,
"Sun, Feb 22, 2026",2026-02-22,Sunday,Sts. Peter and Paul,"902 E 9th St, Hopkinsville",(270) 885-8522,Mass,2:00 PM,,Mass,spanish,,
"Sun, Feb 22, 2026",2026-02-22,Sunday,Sts. Peter and Paul,"902 E 9th St, Hopkinsville",(270) 885-8522,Mass,8:00 AM,,Mass,english,,
"Sun, Feb 22, 2026",2026-02-22,Sunday,The Cathedral of the Most Sacred Heart of Jesus,"711 S Northshore Dr, Knoxville",(865) 588-0249,Mass,11:00 AM,,Mass,English,,livestream
"Sun, Feb 22, 2026",2026-02-22,Sunday,The Cathedral of the Most Sacred Heart of Jesus,"711 S Northshore Dr, Knoxville",(865) 588-0249,Mass,1:00 PM,,Mass,spanish,,
"Sun, Feb 22, 2026",2026-02-22,Sunday,The Cathedral of the Most Sacred Heart of Jesus,"711 S Northshore Dr, Knoxville",(865) 588-0249,Mass,7:30 AM,,Mass,English,,
"Sun, Feb 22, 2026",2026-02-22,Sunday,The Cathedral of the Most Sacred Heart of Jesus,"711 S Northshore Dr, Knoxville",(865) 588-0249,Mass,9:00 AM,,Mass,English,,livestream
"Sun, Feb 22, 2026",2026-02-22,Sunday,University Catholic (Vanderbilt and Belmont U.),"2015 W End Ave, Nashville",(629) 800-5151,Mass,5:00 PM,,UCat Mass,English,,
"Sun, Feb 22, 2026",2026-02-22,Sunday,Ave Maria,"664 S Washington St (TN-209), Ripley",(731)589-8302,Confession,8:00 AM,8:30 AM,Confession,English,,by appointment
"Sun, Feb 22, 2026",2026-02-22,Sunday,Basilica of Sts. Peter and Paul,"214 E 8th St, Chattanooga",(423) 266-1618,Confession,11:00 AM,11:30 AM,Confession,English,Basilica,
"Sun, Feb 22, 2026",2026-02-22,Sunday,Basilica of Sts. Peter and Paul,"214 E 8th St, Chattanooga",(423) 266-1618,Confession,1:00 PM,1:30 PM,Confession,English,Basilica,
"Sun, Feb 22, 2026",2026-02-22,Sunday,Basilica of Sts. Peter and Paul,"214 E 8th St, Chattanooga",(423) 266-1618,Confession,8:30 AM,9:00 AM,Confession,English,Basilica,
"Sun, Feb 22, 2026",2026-02-22,Sunday,Basilica of Sts. Peter and Paul,"214 E 8th St, Chattanooga",(423) 266-1618,Confession,TBD,,Confessions,English,,Sunday before Mass; ≥20 min; note: priest finishes a few minutes before Mass
"Sun, Feb 22, 2026",2026-02-22,Sunday,Blessed Sacrament,"2564 Hale Ave, Memphis",(901) 276-1412,Confession,7:45 AM,8:10 AM,Confession,bilingual,Blessed Sacrament Catholic Church,livestream
"Sun, Feb 22, 2026",2026-02-22,Sunday,Cathedral of the Immaculate Conception,"1669 Central Ave, Memphis",(901) 725-2700,Confession,11:30 AM,11:50 AM,Confession,English,,
"Sun, Feb 22, 2026",2026-02-22,Sunday,Cathedral of the Immaculate Conception,"1669 Central Ave, Memphis",(901) 725-2700,Confession,9:30 AM,9:50 AM,Confession,English,,
"Sun, Feb 22, 2026",2026-02-22,Sunday,Christ the King,"816 Blue Top Rd, Tazewell",(423) 562-0312,Confession,11:45 AM,11:55 AM,Confessions,English,Christ the King Church,
"Sun, Feb 22, 2026",2026-02-22,Sunday,Christ the King,"3001 Belmont Blvd, Nashville",(615) 292-2884,Confession,4:45 PM,5:45 PM,Confessions,english,,
"Sun, Feb 22, 2026",2026-02-22,Sunday,Christ the King,"816 Blue Top Rd, Tazewell",(423) 562-0312,Confession,TBD,,Confessions,English,Christ the King Church,Sunday after Mass; after Mass
"Sun, Feb 22, 2026",2026-02-22,Sunday,Christ the King Catholic Church,"785 Church Rd W, Southaven",+1-662-342-1073,Confession,10:45 AM,11:15 AM,Confession,English,Fletcher Hall Confessionals,
"Sun, Feb 22, 2026",2026-02-22,Sunday,Christ the King Catholic Church,"785 Church Rd W, Southaven",+1-662-342-1073,Confession,4:30 PM,5:00 PM,Confession,English,Fletcher Hall Confessionals,
"Sun, Feb 22, 2026",2026-02-22,Sunday,Christ the King Catholic Church,"785 Church Rd W, Southaven",+1-662-342-1073,Confession,7:30 AM,8:00 AM,Confession,English,Fletcher Hall Confessionals,
"Sun, Feb 22, 2026",2026-02-22,Sunday,Christ the King Catholic Church,"785 Church Rd W, Southaven",+1-662-342-1073,Confession,8:45 AM,9:15 AM,Confession,English,Fletcher Hall Confessionals,
"Sun, Feb 22, 2026",2026-02-22,Sunday,Christ the Redeemer,"1515 Woodland Dr, Centerville",(931) 729-4669,Confession,7:30 AM,8:30 AM,Confession and Adoration,English,,before Mass; Sundays
"Sun, Feb 22, 2026",2026-02-22,Sunday,Good Shepherd,"2361 Cosby Hwy, Newport",(423) 623-5051,Confession,8:45 AM,9:15 AM,Confessions,English,Church of the Good Shepherd  and by appointment.),note: Confessions: before Sunday Mass (≥20 min; also available by appointment
"Sun, Feb 22, 2026",2026-02-22,Sunday,Holy Angels,"535 Tucker St, Dyersburg",(731) 287-8000,Confession,8:00 AM,8:30 AM,Confession,English,,by appointment
"Sun, Feb 22, 2026",2026-02-22,Sunday,Holy Family,"201 Black Oak Ridge Rd, Seymour",(865) 573-1203,Confession,9:15 AM,10:15 AM,Confessions,English,,
"Sun, Feb 22, 2026",2026-02-22,Sunday,Holy Family Catholic Church,"201 Black Oak Ridge Rd, Seymour",+1-865-573-1203,Confession,9:15 AM,10:15 AM,Confession,English,,
"Sun, Feb 22, 2026",2026-02-22,Sunday,Holy Ghost,"1041 N Central St, Knoxville",(865) 522-2205,Confession,11:15 AM,12:15 PM,Confession,English,,
"Sun, Feb 22, 2026",2026-02-22,Sunday,Holy Ghost,"1041 N Central St, Knoxville",(865) 522-2205,Confession,9:30 AM,9:50 AM,Confession,English,,
"Sun, Feb 22, 2026",2026-02-22,Sunday,Holy Ghost,"1041 N Central St, Knoxville",(865) 522-2205,Confession,TBD,,Confessions,English,,Sunday before Mass; before Mass and by appointment.; ≥20 min; note: 9:30-9:50am and 11:15am-12:15pm
"Sun, Feb 22, 2026",2026-02-22,Sunday,Holy Rosary,"4851 Park Ave, Memphis",(901) 767-6949,Confession,10:10 AM,,Confession,English,,note: 20 min before each Mass
"Sun, Feb 22, 2026",2026-02-22,Sunday,Holy Rosary,"192 Graylynn Dr, Nashville",(615) 889-4065,Confession,10:30 AM,,Confessions,English,,a half hour before each Mass
"Sun, Feb 22, 2026",2026-02-22,Sunday,Holy Rosary,"4851 Park Ave, Memphis",(901) 767-6949,Confession,11:55 AM,,Confession,English,,note: 20 min before each Mass
"Sun, Feb 22, 2026",2026-02-22,Sunday,Holy Rosary,"192 Graylynn Dr, Nashville",(615) 889-4065,Confession,1:30 PM,,Confessions,English,,a half hour before each Mass
"Sun, Feb 22, 2026",2026-02-22,Sunday,Holy Rosary,"4851 Park Ave, Memphis",(901) 767-6949,Confession,7:10 AM,,Confession,English,,note: 20 min before each Mass
"Sun, Feb 22, 2026",2026-02-22,Sunday,Holy Rosary,"192 Graylynn Dr, Nashville",(615) 889-4065,Confession,8:00 AM,,Confessions,English,,a half hour before each Mass
"Sun, Feb 22, 2026",2026-02-22,Sunday,Holy Rosary,"4851 Park Ave, Memphis",(901) 767-6949,Confession,8:40 AM,,Confession,English,,note: 20 min before each Mass
"Sun, Feb 22, 2026",2026-02-22,Sunday,Mission of Our Lady of the Lake,"10645 Hwy 57, Counce",(731) 925-4852,Confession,7:45 AM,7:55 AM,Confessions,English,Our Lady of the Lake,
"Sun, Feb 22, 2026",2026-02-22,Sunday,Mission of St. Michael,"3553 S Carter Rd, Cedar Hill",(615) 384-6200,Confession,7:30 AM,8:00 AM,Confession,English,St. Michael,
"Sun, Feb 22, 2026",2026-02-22,Sunday,Mission of the Holy Family,"265 Cotham Dr, Huntingdon",(731) 584-6459,Confession,7:30 AM,7:45 AM,Confessions,English,"Holy Family Catholic Mission, Huntingdon, TN",
"Sun, Feb 22, 2026",2026-02-22,Sunday,Nativity,"5955 St Elmo Rd, Bartlett",(901) 382-2504,Confession,10:00 AM,10:30 AM,Confession,English,,
"Sun, Feb 22, 2026",2026-02-22,Sunday,Nativity,"2793 Buckner Ln, Spring Hill",(615) 794-4004,Confession,12:00 PM,,Confessions,spanish,,
"Sun, Feb 22, 2026",2026-02-22,Sunday,Nativity,"5955 St Elmo Rd, Bartlett",(901) 382-2504,Confession,TBD,,Confessions,English,,by appointment
"Sun, Feb 22, 2026",2026-02-22,Sunday,Our Lady of Fatima,"858 Louisville Rd, Alcoa",(865) 982-3672,Confession,9:45 AM,,Confession,spanish,,
"Sun, Feb 22, 2026",2026-02-22,Sunday,Our Lady of Perpetual Help,"1142 E Elm St, Lafollette",(423) 562-0312,Confession,9:00 AM,9:15 AM,Confessions,English,,
"Sun, Feb 22, 2026",2026-02-22,Sunday,Our Lady of the Lake,"1729 Stop 30 Rd, Hendersonville",(615) 824-3276,Confession,10:00 AM,,Reconciliation,English,,
"Sun, Feb 22, 2026",2026-02-22,Sunday,Our Lady of the Lake,"1729 Stop 30 Rd, Hendersonville",(615) 824-3276,Confession,1:00 PM,,Reconciliation,spanish,,
"Sun, Feb 22, 2026",2026-02-22,Sunday,Our Lady of the Lake,"1729 Stop 30 Rd, Hendersonville",(615) 824-3276,Confession,5:00 PM,,Reconciliation,English,,
"Sun, Feb 22, 2026",2026-02-22,Sunday,Our Lady of the Lake,"1729 Stop 30 Rd, Hendersonville",(615) 824-3276,Confession,7:30 AM,,Reconciliation,English,,
"Sun, Feb 22, 2026",2026-02-22,Sunday,Sacred Heart,"2887 E Main St, Humboldt",(731) 618- 6758,Confession,12:15 PM,12:50 PM,Sacrament of Reconciliation,English,Sacred Heart,
"Sun, Feb 22, 2026",2026-02-22,Sunday,Sacred Heart,"212 Berger St, Lawrenceburg",(931) 762-3183,Confession,7:30 AM,7:50 AM,Sacrament of Reconciliation,English,,
"Sun, Feb 22, 2026",2026-02-22,Sunday,Sacred Heart,"296 W 6th St, Russellville",(270) 726-6963,Confession,9:15 AM,9:40 AM,Sacrament of Reconciliation,English,Sacred Heart Catholic Church Russellville KY,
"Sun, Feb 22, 2026",2026-02-22,Sunday,Sagrado Corazón,"2800 McGavock Pike, Nashville",(615) 391-3714,Confession,10:00 AM,,Confessions,English,Sagrado Corazón De Jesús,during Mass
"Sun, Feb 22, 2026",2026-02-22,Sunday,"Saint James the Apostle Catholic Church, Sneedville","Highway 33, Sneedville",+1-423-272-6897,Confession,8:00 AM,,Reconciliation,English,,
"Sun, Feb 22, 2026",2026-02-22,Sunday,Shepherd of the Valley,"6191 Hwy 28, Dunlap",(423) 949-6903,Confession,7:30 AM,7:50 AM,Reconciliation,English,,before Mass
"Sun, Feb 22, 2026",2026-02-22,Sunday,Shepherd of the Valley Catholic Church,"6191 TN-28, Dunlap",+1-423-949-6903,Confession,7:30 AM,7:50 AM,Confessions,English,Shepherd of the Valley,note: and by appointment
"Sun, Feb 22, 2026",2026-02-22,Sunday,St Alphonsus Catholic Church,"151 St Alphonsus Way, Crossville",+1-931-484-2358,Confession,10:15 AM,10:45 AM,Confession,English,,
"Sun, Feb 22, 2026",2026-02-22,Sunday,St Alphonsus Catholic Church,"151 St Alphonsus Way, Crossville",+1-931-484-2358,Confession,12:45 PM,1:15 PM,Confession,English,,
"Sun, Feb 22, 2026",2026-02-22,Sunday,St Alphonsus Catholic Church,"151 St Alphonsus Way, Crossville",+1-931-484-2358,Confession,7:45 AM,8:15 AM,Confession,English,,
"Sun, Feb 22, 2026",2026-02-22,Sunday,St Elizabeth's Roman Catholic Church,"510 W C St, Elizabethton",+1-423-543-3412,Confession,8:15 AM,8:45 AM,Reconciliation,English,,by appointment
"Sun, Feb 22, 2026",2026-02-22,Sunday,St. Alphonsus,"151 St Alphonsus Way, Crossville",(931) 484-2358,Confession,10:15 AM,10:45 AM,Confession,English,Saint Alphonsus Catholic Church,
"Sun, Feb 22, 2026",2026-02-22,Sunday,St. Alphonsus,"1225 Hwy 51 S, Covington",(901) 476-8140,Confession,11:45 AM,,Confession,spanish,St. Alphonsus,
"Sun, Feb 22, 2026",2026-02-22,Sunday,St. Alphonsus,"151 St Alphonsus Way, Crossville",(931) 484-2358,Confession,12:45 PM,1:15 PM,Confession,English,Saint Alphonsus Catholic Church,
"Sun, Feb 22, 2026",2026-02-22,Sunday,St. Alphonsus,"151 St Alphonsus Way, Crossville",(931) 484-2358,Confession,7:45 AM,8:15 AM,Confession,English,Saint Alphonsus Catholic Church,
"Sun, Feb 22, 2026",2026-02-22,Sunday,St. Ann,"5101 Charlotte Ave, Nashville",(615) 298-1782,Confession,7:00 AM,7:40 AM,Confession,English,Confessional room,
"Sun, Feb 22, 2026",2026-02-22,Sunday,St. Anne,"706 S Highland St, Memphis",(901) 323-3817,Confession,1:45 AM,2:15 AM,Confession,English,,
"Sun, Feb 22, 2026",2026-02-22,Sunday,St. Anne,"316 Euclid Ave, Bristol",(276) 669-8200,Confession,TBD,,Confessions,English,,by appointment
"Sun, Feb 22, 2026",2026-02-22,Sunday,St. Augustine,"1716 Anderson Pike, Signal Mountain",(423) 886-3424,Confession,10:00 AM,10:15 AM,Sacrament of Reconciliation,English,,Or By Appointment
"Sun, Feb 22, 2026",2026-02-22,Sunday,St. Augustine,"1716 Anderson Pike, Signal Mountain",(423) 886-3424,Confession,7:45 AM,8:05 AM,Sacrament of Reconciliation,English,,Or By Appointment
"Sun, Feb 22, 2026",2026-02-22,Sunday,St. Catherine,"3019 Cayce Ln, Columbia",(931) 388-3803,Confession,7:15 AM,7:45 AM,Confession,English,Saint Catherine of Siena Catholic Church,
"Sun, Feb 22, 2026",2026-02-22,Sunday,St. Catherine,"3019 Cayce Ln, Columbia",(931) 388-3803,Confession,9:45 AM,10:15 AM,Confession,English,Saint Catherine of Siena Catholic Church,
"Sun, Feb 22, 2026",2026-02-22,Sunday,St. Edward,"188 Thompson Ln, Nashville",(615)-833-5520,Confession,7:15 AM,7:45 AM,Confession,English,,
"Sun, Feb 22, 2026",2026-02-22,Sunday,St. Edward,"188 Thompson Ln, Nashville",(615)-833-5520,Confession,9:45 AM,10:25 AM,Confession,English,,
"Sun, Feb 22, 2026",2026-02-22,Sunday,St. Elizabeth,"510 W C Street, Elizabethton",(423) 543-3412,Confession,8:15 AM,8:45 AM,Reconciliation,English,,
"Sun, Feb 22, 2026",2026-02-22,Sunday,St. Elizabeth Ann Seton (Ordinariate of the Chair of St. Peter),"217 Fox Rd, Knoxville",,Confession,9:00 AM,9:45 AM,Confession,English,217 Fox Rd. Knoxville,
"Sun, Feb 22, 2026",2026-02-22,Sunday,"St. Elizabeth Ann Seton, Dayton","500 Oxford Dr, Dayton",(912) 508-5313,Confession,3:00 PM,3:45 PM,Confessions,English,500 Oxford Dr. Dayton TN,note: except for first Sundays
"Sun, Feb 22, 2026",2026-02-22,Sunday,St. Frances Cabrini,"300 S Tarver Ave, Lebanon",(615) 444-0524,Confession,7:00 AM,7:30 AM,Confession,English,,note: or by appointment
"Sun, Feb 22, 2026",2026-02-22,Sunday,St. Francis of Assisi,"167 St Francis Pl, Jefferson",(336) 246-9151,Confession,8:15 AM,,Confessions,English,,
"Sun, Feb 22, 2026",2026-02-22,Sunday,St. Francis of Assisi,"7719 River Rd, Townsend",(865) 448-6070,Confession,8:15 AM,8:40 AM,Sacrament of Reconciliation,English,,offered before weekend Mass
"Sun, Feb 22, 2026",2026-02-22,Sunday,St. Gerard Majella,"3049 Lafayette Rd, Fort Oglethorpe",(706) 861-9410,Confession,TBD,,Confessions,English,,before every Mass; note: Every 5th Sunday Rosary at 08:30 and 10:30
"Sun, Feb 22, 2026",2026-02-22,Sunday,St. Henry,"112-114 Hwy 70 N, Rogersville",(423) 272-6897,Confession,8:00 AM,,Reconciliation,English,,
"Sun, Feb 22, 2026",2026-02-22,Sunday,St. John Vianney,"449 N Water St, Gallatin",(615) 452-2977,Confession,9:15 AM,10:15 AM,Confession,English,,
"Sun, Feb 22, 2026",2026-02-22,Sunday,St. Joseph,"304 American Blvd, Saint Joseph",931-853-4370,Confession,7:20 AM,7:50 AM,Confession,English,Saint Joseph,note: and by appointment
"Sun, Feb 22, 2026",2026-02-22,Sunday,St. Joseph,"305 E Van Dorn Ave, Holly Springs",(662) 252-3138,Confession,7:30 AM,,Confessions,english,,
"Sun, Feb 22, 2026",2026-02-22,Sunday,St. Joseph the Worker,"649 Old Tellico Hwy N, Madisonville",(423) 442-7273,Confession,11:30 AM,,Sacrament of Penance,English,St. Joseph the Worker Catholic Church,and by appointment
"Sun, Feb 22, 2026",2026-02-22,Sunday,St. Joseph the Worker,"649 Old Tellico Hwy N, Madisonville",(423) 442-7273,Confession,7:00 AM,,Sacrament of Penance,English,St. Joseph the Worker Catholic Church,and by appointment
"Sun, Feb 22, 2026",2026-02-22,Sunday,St. Joseph the Worker,"649 Old Tellico Hwy N, Madisonville",(423) 442-7273,Confession,9:00 AM,,Sacrament of Penance,English,St. Joseph the Worker Catholic Church,and by appointment
"Sun, Feb 22, 2026",2026-02-22,Sunday,St. Louis,"203 S White Station Rd, Memphis",(901) 255-1950,Confession,10:00 AM,10:20 AM,Confession,English,,
"Sun, Feb 22, 2026",2026-02-22,Sunday,St. Louis,"203 S White Station Rd, Memphis",(901) 255-1950,Confession,11:45 AM,12:05 PM,Confession,English,,
"Sun, Feb 22, 2026",2026-02-22,Sunday,St. Louis,"203 S White Station Rd, Memphis",(901) 255-1950,Confession,5:15 PM,5:50 PM,Confession,English,,
"Sun, Feb 22, 2026",2026-02-22,Sunday,St. Louis,"203 S White Station Rd, Memphis",(901) 255-1950,Confession,7:00 AM,7:20 AM,Confession,English,,
"Sun, Feb 22, 2026",2026-02-22,Sunday,St. Louis,"203 S White Station Rd, Memphis",(901) 255-1950,Confession,8:30 AM,8:50 AM,Confession,English,,
"Sun, Feb 22, 2026",2026-02-22,Sunday,St. Lucien,"695 Summit St, Spruce Pine",(828) 898-6900,Confession,7:45 AM,,Confessions,English,"St. Lucien, 695 Summit St. Spruce Pine, NC 28777",
"Sun, Feb 22, 2026",2026-02-22,Sunday,St. Mary,"1665 US-45 BYP, Jackson",(731) 668-2596,Confession,10:00 AM,10:20 AM,Confession,English,,
"Sun, Feb 22, 2026",2026-02-22,Sunday,St. Mary,"1665 US-45 BYP, Jackson",(731) 668-2596,Confession,12:30 PM,12:50 PM,Confession,English,,
"Sun, Feb 22, 2026",2026-02-22,Sunday,St. Mary,"403 N Main St, Franklin",(270) 586-4515 or (270) 253-3230 (Rectory),Confession,7:30 AM,8:00 AM,Confession,English,,
"Sun, Feb 22, 2026",2026-02-22,Sunday,St. Mary,"1665 US-45 BYP, Jackson",(731) 668-2596,Confession,7:30 AM,7:50 AM,Confession,English,,
"Sun, Feb 22, 2026",2026-02-22,Sunday,St. Mary,"1665 US-45 BYP, Jackson",(731) 668-2596,Confession,TBD,,Confessions,English,,Sunday before Mass; before Mass and by appointment.; ≥20 min; note: call parish office
"Sun, Feb 22, 2026",2026-02-22,Sunday,St. Mary,"2211 E Lakeview Dr, Johnson City",(423) 282-6367,Confession,TBD,,Confessions,English,,before each Mass on; Confessions end when the line finishes or 5 minutes before the start of Mass.
"Sun, Feb 22, 2026",2026-02-22,Sunday,St. Mary,"327 Vermont Ave, Oak Ridge",(865) 482-2875,Confession,TBD,,Confessions,English,,Sunday before Mass; before Mass and by appointment.; ≥20 min
"Sun, Feb 22, 2026",2026-02-22,Sunday,St. Mary of the Seven Sorrows,"328 Rep John Lewis Way N, Nashville",(615) 561-1704,Confession,8:15 AM,,Confession,English,,
"Sun, Feb 22, 2026",2026-02-22,Sunday,St. Matthew,"9060 Telecom Dr, Milan",(731) 784-3904,Confession,12:15 PM,12:50 PM,Sacrament of Reconciliation,English,Sacred Heart,
"Sun, Feb 22, 2026",2026-02-22,Sunday,St. Matthew,"501 S Ermen Ln, Osceola",(870) 762-2506,Confession,8:30 AM,8:45 AM,Confession,English,,note: or by appointment
"Sun, Feb 22, 2026",2026-02-22,Sunday,St. Michael the Archangel ,"657 N Mohawk Dr, Erwin",(423) 735-0484,Confession,9:00 AM,9:30 AM,Reconciliation,bilingual,Parish Center,
"Sun, Feb 22, 2026",2026-02-22,Sunday,St. Patrick,"1219 Second Ave S, Nashville",(615) 256-6498,Confession,10:00 AM,10:45 AM,Confessions,English,,
"Sun, Feb 22, 2026",2026-02-22,Sunday,St. Patrick,"2518 W Andrew Johnson Hwy, Morristown",(423) 586-9174,Confession,11:00 AM,11:45 AM,Reconciliation,english,,
"Sun, Feb 22, 2026",2026-02-22,Sunday,St. Patrick,"175 St Patrick St, McEwen",(931) 582-3633,Confession,8:00 AM,,Confession,English,,
"Sun, Feb 22, 2026",2026-02-22,Sunday,St. Rose of Lima Catholic Church,"1601 N Tennessee Blvd, Murfreesboro",(615) 893-1843,Confession,9:45 AM,,Confession,English,,
"Sun, Feb 22, 2026",2026-02-22,Sunday,St. Vincent de Paul,"1700 Heiman St, Nashville",(615) 320-0695 (Ext 100),Confession,TBD,,Confessions,English,,between the masses
"Sun, Feb 22, 2026",2026-02-22,Sunday,St. William,"500 S Brittain St, Shelbyville",19316848745,Confession,10:15 AM,11:15 AM,Confession,English,,
"Sun, Feb 22, 2026",2026-02-22,Sunday,The Catholic Community of The Sacred Heart of Jesus," Building# 5875 Desert Storm Ave, Fort Campbell",270-798-2352,Confession,11:15 AM,11:45 AM,Confessions,English,5875 - Soldiers Chapel,and/or by appointment
"Sun, Feb 22, 2026",2026-02-22,Sunday,The Catholic Community of The Sacred Heart of Jesus," Building# 5875 Desert Storm Ave, Fort Campbell",270-798-2352,Confession,9:00 AM,9:45 AM,Confessions,English,5875 - Soldiers Chapel,and/or by appointment
"Sun, Feb 22, 2026",2026-02-22,Sunday,Holy Family,"431 Old Hwy 52, Lafayette",(615) 666-6466,Adoration,11:00 AM,11:40 AM,Adoration,English,"Holy Family catholic church, Lafayette, TN",exposition
"Sun, Feb 22, 2026",2026-02-22,Sunday,Holy Rosary,"4851 Park Ave, Memphis",(901) 767-6949,Adoration,3:00 PM,4:00 PM,Adoration,English,,exposition
"Sun, Feb 22, 2026",2026-02-22,Sunday,Our Lady of the Shoals,"200 E Commons St N, Tuscumbia",(256) 383-7207,Adoration,9:00 AM,10:00 AM,Adoration,English,church building,exposition
"Sun, Feb 22, 2026",2026-02-22,Sunday,St. Andrew,"829 Valley View Dr, Sparta",(931) 738-2140,Adoration,8:00 AM,8:30 AM,Adoration,English,,St. Andrew Catholic Church; Sparta; TN
"Sun, Feb 22, 2026",2026-02-22,Sunday,St. Augustine,"1716 Anderson Pike, Signal Mountain",(423) 886-3424,Adoration,7:00 AM,8:00 AM,Adoration,English,,
"Sun, Feb 22, 2026",2026-02-22,Sunday,St. Frances Cabrini,"300 S Tarver Ave, Lebanon",(615) 444-0524,Adoration,7:00 AM,7:30 AM,Adoration,English,,exposition
"Sun, Feb 22, 2026",2026-02-22,Sunday,St. Louis,"203 S White Station Rd, Memphis",(901) 255-1950,Adoration,6:00 AM,10:00 PM,Adoration,English,,
"Sun, Feb 22, 2026",2026-02-22,Sunday,Assumption,"1227 7th Ave N, Nashville",(615) 256-2729,Devotions,6:00 PM,,Vespers,English,,
"Sun, Feb 22, 2026",2026-02-22,Sunday,St. Alphonsus,"1225 Hwy 51 S, Covington",(901) 476-8140,Devotions,10:00 AM,,Rosary,english,St. Alphonsus,
"Sun, Feb 22, 2026",2026-02-22,Sunday,St. Alphonsus,"1225 Hwy 51 S, Covington",(901) 476-8140,Devotions,11:45 AM,,Rosary,spanish,St. Alphonsus,
"Sun, Feb 22, 2026",2026-02-22,Sunday,St. Catherine Laboure,"115 Main St, Copperhill",(423) 496-3498,Devotions,8:25 AM,,Rosary,English,,
"Sun, Feb 22, 2026",2026-02-22,Sunday,St. Frances Cabrini,"300 S Tarver Ave, Lebanon",(615) 444-0524,Devotions,10:30 AM,,Rosary,English,,
"Sun, Feb 22, 2026",2026-02-22,Sunday,St. Frances Cabrini,"300 S Tarver Ave, Lebanon",(615) 444-0524,Devotions,12:30 PM,,Rosary,English,,
"Sun, Feb 22, 2026",2026-02-22,Sunday,St. Frances Cabrini,"300 S Tarver Ave, Lebanon",(615) 444-0524,Devotions,7:30 AM,,Rosary,English,,
"Sun, Feb 22, 2026",2026-02-22,Sunday,St. James the Less,"3189 N Harper Rd, Corinth",(662) 331-5184,Devotions,10:00 AM,,Rosary/Rosario,english,,
"Sun, Feb 22, 2026",2026-02-22,Sunday,St. James the Less,"3189 N Harper Rd, Corinth",(662) 331-5184,Devotions,12:30 PM,,Rosary/Rosario,spanish,,
"Sun, Feb 22, 2026",2026-02-22,Sunday,St. Joseph,"3425 Andersonville Hwy, Norris",(865) 494-7746,Devotions,8:35 AM,,Recitation of the Rosary,English,St. Joseph - Norris,before Mass
"Sun, Feb 22, 2026",2026-02-22,Sunday,Sts. Peter and Paul,"902 E 9th St, Hopkinsville",(270) 885-8522,Devotions,4:00 PM,,Holy Hour,English,,
"Sun, Feb 22, 2026",2026-02-22,Sunday,Community of the Holy Spirit,"384 Eagle Ridge Dr, Jonesville",(276) 346-0269,Education,TBD,,Adult Faith Formation,English,,2nd and 4th; After Mass
"Sun, Feb 22, 2026",2026-02-22,Sunday,Holy Trinity,"610 Kimmins St, Hohenwald",(931) 796-3738,Education,TBD,,Religious education classes,English,,Sunday after Mass; after Mass
"Sun, Feb 22, 2026",2026-02-22,Sunday,Our Lady of Guadalupe,"82 Lambert Branch Rd, Cherokee",(828) 488-6766,Education,12:30 PM,2:00 PM,Faith Formation for kids Ages 5 to 17,English,,
"Sun, Feb 22, 2026",2026-02-22,Sunday,St. Martha,"3331 Bell St, Ashland City",615-792-4255,Education,10:15 AM,11:15 AM,Religious Education,English,,
"Sun, Feb 22, 2026",2026-02-22,Sunday,St. Michael,"2751 County Rd 30, Florence",(256) 764-1885,Education,9:00 AM,,RCIA/OCIA Class,English,Church Library,starts every fall and concludes on Easter Sunday
"Sun, Feb 22, 2026",2026-02-22,Sunday,St. Rose of Lima Catholic Church,"1601 N Tennessee Blvd, Murfreesboro",(615) 893-1843,Education,TBD,,Religious Education classes,English,,exceptions are made for medical needs
"Sun, Feb 22, 2026",2026-02-22,Sunday,Community of the Holy Spirit,"384 Eagle Ridge Dr, Jonesville",(276) 346-0269,Community,TBD,,Parish Community Meeting,English,,3rd of each month; After Mass
"Sun, Feb 22, 2026",2026-02-22,Sunday,St. Mary,"327 Vermont Ave, Oak Ridge",(865) 482-2875,Community,TBD,,Knights of Columbus Breakfast,English,,after and 10:30 Masses
"Sun, Feb 22, 2026",2026-02-22,Sunday,Community of the Holy Spirit,"384 Eagle Ridge Dr, Jonesville",(276) 346-0269,Other,TBD,,Catholicism,English,,The Pivitol Players: 2nd and 4th of each month; After Mass
"Sun, Feb 22, 2026",2026-02-22,Sunday,Holy Trinity,"610 Kimmins St, Hohenwald",(931) 796-3738,Other,10:30 AM,,Holy Liturgy,english,Holy Trinity,
"Sun, Feb 22, 2026",2026-02-22,Sunday,Immaculate Conception,"100 Chapel Rd, Pulaski",(931) 363-5776,Other,TBD,,Birthday party,English,Immaculate Conception - Pulaski,Jan. after Mass
"Sun, Feb 22, 2026",2026-02-22,Sunday,Immaculate Conception,"100 Chapel Rd, Pulaski",(931) 363-5776,Other,TBD,,Lenten retreat,English,Immaculate Conception - Pulaski,after Mass
"Sun, Feb 22, 2026",2026-02-22,Sunday,St. Alphonsus,"1225 Hwy 51 S, Covington",(901) 476-8140,Other,10:30 AM,,I Sunday of Lent and Scrutiny of Catechumens,English,St. Alphonsus,I Sunday of Lent and Scrutiny of Catechumens
"Sun, Feb 22, 2026",2026-02-22,Sunday,St. Katharine Drexel,"140 New England Rd, Wildwood",(706) 820-0680,Other,10:00 AM,,New Parishioner Breakfast/Coffee,English,Fellowship Hall,note: after the 09:00 Mass
"Sun, Feb 22, 2026",2026-02-22,Sunday,The Cathedral of the Most Sacred Heart of Jesus,"711 S Northshore Dr, Knoxville",(865) 588-0249,Other,8:45 AM,12:15 PM,Nursery,English,,childcare for parents
"Sun, Feb 22, 2026",2026-02-22,Sunday,The Catholic Community of The Sacred Heart of Jesus," Building# 5875 Desert Storm Ave, Fort Campbell",270-798-2352,Other,10:00 AM,,Catholic Worship Services,English,5875 - Soldiers Chapel,
"Sun, Feb 22, 2026",2026-02-22,Sunday,The Catholic Community of The Sacred Heart of Jesus," Building# 5875 Desert Storm Ave, Fort Campbell",270-798-2352,Other,12:00 PM,,Catholic Worship Services,English,5875 - Soldiers Chapel,
"Sun, Feb 22, 2026",2026-02-22,Sunday,Vietnamese Parish of Divine Mercy,"10919 Carmichael Rd, Knoxville",(865) 766-2091,Other,9:00 AM,,Lễ,English,,
"Sun, Feb 22, 2026",2026-02-22,Sunday,Vietnamese Parish of Divine Mercy,"10919 Carmichael Rd, Knoxville",(865) 766-2091,Other,TBD,,Rửa tội trẻ em,English,,Sunday after Mass; tuần 2 hằng tháng; note: after Sunday Mass
"Sun, Feb 22, 2026",2026-02-22,Sunday,St. Michael,"2751 County Rd 30, Florence",(256) 764-1885,Sacraments,9:00 AM,,Confirmation Preparation,English,Church Library,High School freshmen and sophomores; 2 years of preparation
"Mon, Feb 23, 2026",2026-02-23,Monday,All Saints,"620 N Cedar Bluff Rd, Knoxville",(865) 531-0770,Mass,6:30 AM,,Mass,english,620 N Cedar Bluff Rd,
"Mon, Feb 23, 2026",2026-02-23,Monday,All Saints,"620 N Cedar Bluff Rd, Knoxville",(865) 531-0770,Mass,9:00 AM,,Mass,english,620 N Cedar Bluff Rd,
"Mon, Feb 23, 2026",2026-02-23,Monday,Ave Maria,"664 S Washington St (TN-209), Ripley",(731)589-8302,Mass,8:15 AM,,Mass,english,,
"Mon, Feb 23, 2026",2026-02-23,Monday,Basilica of Sts. Peter and Paul,"214 E 8th St, Chattanooga",(423) 266-1618,Mass,12:00 PM,,Mass,english,Basilica,
"Mon, Feb 23, 2026",2026-02-23,Monday,Cathedral of the Immaculate Conception,"1669 Central Ave, Memphis",(901) 725-2700,Mass,12:00 PM,,Mass,English,,
"Mon, Feb 23, 2026",2026-02-23,Monday,Cathedral of the Immaculate Conception,"1669 Central Ave, Memphis",(901) 725-2700,Mass,6:30 AM,,Mass,English,,
"Mon, Feb 23, 2026",2026-02-23,Monday,Cathedral of the Incarnation,"2015 W End Ave, Nashville",(615) 327-2330,Mass,12:10 PM,,Mass,English,Cathedral,
"Mon, Feb 23, 2026",2026-02-23,Monday,Cathedral of the Incarnation,"2015 W End Ave, Nashville",(615) 327-2330,Mass,7:00 AM,,Mass,English,Cathedral,
"Mon, Feb 23, 2026",2026-02-23,Monday,Catholic Church of the Nativity,"2793 Buckner Ln, Thompson's Station",+1-615-794-4004,Mass,9:00 AM,,Mass,English,,exception: not 7 days/week
"Mon, Feb 23, 2026",2026-02-23,Monday,Catholic Student Center -UM,"3625 Mynders Ave, Memphis",(901) 323-3051,Mass,4:30 PM,,Mass,english,Catholic Student Center,
"Mon, Feb 23, 2026",2026-02-23,Monday,Christ the King,"3001 Belmont Blvd, Nashville",(615) 292-2884,Mass,7:00 AM,,Mass,english,,
"Mon, Feb 23, 2026",2026-02-23,Monday,Good Samaritan,"55 Church St, Ellijay",(706) 636-2772,Mass,9:00 AM,,Mass,english,,
"Mon, Feb 23, 2026",2026-02-23,Monday,Holy Angels,"535 Tucker St, Dyersburg",(731) 287-8000,Mass,8:15 AM,,Mass,english,,
"Mon, Feb 23, 2026",2026-02-23,Monday,Holy Cross,"1210 E Wood St, Paris",(731) 642-4681,Mass,12:00 PM,,Mass,English,,
"Mon, Feb 23, 2026",2026-02-23,Monday,Holy Family,"201 Black Oak Ridge Rd, Seymour",(865) 573-1203,Mass,12:00 PM,,Mass,english,,
"Mon, Feb 23, 2026",2026-02-23,Monday,Holy Family,"201 Black Oak Ridge Rd, Seymour",(865) 573-1203,Mass,8:30 AM,,Mass,english,,
"Mon, Feb 23, 2026",2026-02-23,Monday,Holy Family,"9100 Crockett Rd, Brentwood",(615) 373-4696,Mass,9:00 AM,,Mass,English,,livestream
"Mon, Feb 23, 2026",2026-02-23,Monday,Holy Family Catholic Church,"201 Black Oak Ridge Rd, Seymour",+1-865-573-1203,Mass,12:00 PM,,Mass,english,,
"Mon, Feb 23, 2026",2026-02-23,Monday,Holy Family Catholic Church,"201 Black Oak Ridge Rd, Seymour",+1-865-573-1203,Mass,8:30 AM,,Mass,english,,
"Mon, Feb 23, 2026",2026-02-23,Monday,Holy Ghost,"1041 N Central St, Knoxville",(865) 522-2205,Mass,6:30 AM,,Mass,English,,
"Mon, Feb 23, 2026",2026-02-23,Monday,Holy Ghost,"1041 N Central St, Knoxville",(865) 522-2205,Mass,8:00 AM,,Mass,English,,
"Mon, Feb 23, 2026",2026-02-23,Monday,Holy Rosary,"4851 Park Ave, Memphis",(901) 767-6949,Mass,6:15 AM,,Mass,English,,
"Mon, Feb 23, 2026",2026-02-23,Monday,Holy Rosary,"192 Graylynn Dr, Nashville",(615) 889-4065,Mass,6:15 PM,,Mass,English,,
"Mon, Feb 23, 2026",2026-02-23,Monday,Holy Rosary,"4851 Park Ave, Memphis",(901) 767-6949,Mass,8:15 AM,,Mass,English,,
"Mon, Feb 23, 2026",2026-02-23,Monday,Holy Spirit,"2300 Hickory Crest Dr, Memphis",(901) 754-7146,Mass,6:30 AM,,Mass,English,,
"Mon, Feb 23, 2026",2026-02-23,Monday,Holy Spirit,"2300 Hickory Crest Dr, Memphis",(901) 754-7146,Mass,8:00 AM,,Mass,English,,
"Mon, Feb 23, 2026",2026-02-23,Monday,Immaculate Conception,"414 W Vine Ave, Knoxville",(865) 522-1508,Mass,12:10 PM,,Mass,english,Immaculate Conception,
"Mon, Feb 23, 2026",2026-02-23,Monday,Immaculate Conception,"1303 E Reelfoot Ave, Union City",(731) 885-0963,Mass,8:00 AM,,Mass,english,Immaculate Conception Catholic Church,
"Mon, Feb 23, 2026",2026-02-23,Monday,Immaculate Conception,"709 Franklin St, Clarksville",(931) 645-6275,Mass,9:00 AM,,Mass,english,Chapel,
"Mon, Feb 23, 2026",2026-02-23,Monday,Immaculate Conception,"100 Chapel Rd, Pulaski",(931) 363-5776,Mass,9:00 AM,,Mass,English,Immaculate Conception - Pulaski,
"Mon, Feb 23, 2026",2026-02-23,Monday,Incarnation,"360 Bray Station Rd, Collierville",(901) 853-7468 ,Mass,8:15 AM,,Mass,English,St. Therese Chapel,tags: chapel
"Mon, Feb 23, 2026",2026-02-23,Monday,Mission of Our Lady of the Lake,"10645 Hwy 57, Counce",(731) 925-4852,Mass,12:00 PM,,Mass,English,Our Lady of the Lake,
"Mon, Feb 23, 2026",2026-02-23,Monday,National Shrine of St. Martin de Porres,"190 Adams Ave, Memphis",(901) 527-8282,Mass,12:05 PM,,Mass,english,St. Martin de Porres National Shrine Chapel,
"Mon, Feb 23, 2026",2026-02-23,Monday,Nativity,"5955 St Elmo Rd, Bartlett",(901) 382-2504,Mass,8:00 AM,,Mass,english,,
"Mon, Feb 23, 2026",2026-02-23,Monday,Nativity,"2793 Buckner Ln, Spring Hill",(615) 794-4004,Mass,9:00 AM,,Mass,english,,
"Mon, Feb 23, 2026",2026-02-23,Monday,Nativity,"2793 Buckner Ln, Spring Hill",(615) 794-4004,Mass,9:00 AM,,Mass,english,,
"Mon, Feb 23, 2026",2026-02-23,Monday,Our Lady of Fatima,"858 Louisville Rd, Alcoa",(865) 982-3672,Mass,8:00 AM,,Mass,english,,
"Mon, Feb 23, 2026",2026-02-23,Monday,Our Lady of Fatima,"858 Louisville Rd, Alcoa",(865) 982-3672,Mass,8:00 AM,,Mass,english,,livestream
"Mon, Feb 23, 2026",2026-02-23,Monday,Our Lady of Guadalupe,"3112 Nolensville Rd, Nashville",615-333-8660,Mass,6:00 PM,,Mass,English,,
"Mon, Feb 23, 2026",2026-02-23,Monday,Our Lady of Lourdes,"704 Holly Ave, South Pittsburg",(423) 837-7068,Mass,7:30 AM,,Mass,English,,
"Mon, Feb 23, 2026",2026-02-23,Monday,Our Lady of Perpetual Help,"8151 Poplar Ave, Germantown",(901) 754-1204,Mass,12:00 PM,,Mass,English,chapel,livestream
"Mon, Feb 23, 2026",2026-02-23,Monday,Our Lady of Perpetual Help,"8151 Poplar Ave, Germantown",(901) 754-1204,Mass,6:15 AM,,Mass,English,chapel,livestream
"Mon, Feb 23, 2026",2026-02-23,Monday,Our Lady of Perpetual Help,"501 S Moore Rd, Chattanooga",(423) 622-7232,Mass,8:15 AM,,Daily Mass,english,,
"Mon, Feb 23, 2026",2026-02-23,Monday,Our Lady of Perpetual Help,"501 S Moore Rd, Chattanooga",+1-423-622-7232,Mass,8:15 AM,,Mass,english,,
"Mon, Feb 23, 2026",2026-02-23,Monday,Our Lady of Perpetual Help,"8151 Poplar Ave, Germantown",(901) 754-1204,Mass,8:15 AM,,Mass,English,chapel,livestream
"Mon, Feb 23, 2026",2026-02-23,Monday,Our Lady of the Lake,"1729 Stop 30 Rd, Hendersonville",(615) 824-3276,Mass,6:30 AM,,Mass,English,,
"Mon, Feb 23, 2026",2026-02-23,Monday,Our Lady of the Lake,"1729 Stop 30 Rd, Hendersonville",(615) 824-3276,Mass,9:15 AM,,Mass,English,,
"Mon, Feb 23, 2026",2026-02-23,Monday,Our Lady of the Shoals,"200 E Commons St N, Tuscumbia",(256) 383-7207,Mass,6:00 PM,,Mass,English,chapel,chapel
"Mon, Feb 23, 2026",2026-02-23,Monday,Queen of Peace,"8455 Germantown Rd, Olive Branch",(662) 895-5007,Mass,12:00 PM,,Mass,english,,
"Mon, Feb 23, 2026",2026-02-23,Monday,St Albert the Great Catholic Church,"7200 Brickey Ln, Knoxville",+1-865-689-7011,Mass,9:00 AM,,Mass,English,,when schools are closed there will be no weekday morning Mass; all parish activities will be cancelled; and the office will be closed
"Mon, Feb 23, 2026",2026-02-23,Monday,St Elizabeth Ann Seton Church,"755 Hwy 49, Tennessee Ridge",(931) 721-3769,Mass,10:30 AM,,Mass,english,,
"Mon, Feb 23, 2026",2026-02-23,Monday,St Elizabeth's Roman Catholic Church,"510 W C St, Elizabethton",+1-423-543-3412,Mass,8:00 AM,,Mass,english,,
"Mon, Feb 23, 2026",2026-02-23,Monday,St Therese-Little Flower,"1644 Jackson Ave, Memphis",(901) 276-1412,Mass,8:15 AM,,Mass,English,"Blessed Sacrament, 2564 Hale Ave, Memphis, TN",
"Mon, Feb 23, 2026",2026-02-23,Monday,St. Albert the Great,"7200 Brickey Ln, Knoxville",(865) 689-7011,Mass,9:00 AM,,Mass,English,,when schools are closed there will be no weekday morning Mass; all parish activities will be cancelled; and the office will be closed
"Mon, Feb 23, 2026",2026-02-23,Monday,St. Alphonsus,"1225 Hwy 51 S, Covington",(901) 476-8140,Mass,8:00 AM,,Mass,english,St. Alphonsus,
"Mon, Feb 23, 2026",2026-02-23,Monday,St. Andrew the Apostle,"149 Brook St, Mars Hill",(828) 689-3719,Mass,7:00 PM,,Mass,spanish,St. Andrew,
"Mon, Feb 23, 2026",2026-02-23,Monday,St. Anne,"706 S Highland St, Memphis",(901) 323-3817,Mass,12:00 PM,,Mass,english,,
"Mon, Feb 23, 2026",2026-02-23,Monday,St. Anne,"316 Euclid Ave, Bristol",(276) 669-8200,Mass,1:00 PM,,Funeral Mass,English,,Funeral Mass; Jeff Ginther
"Mon, Feb 23, 2026",2026-02-23,Monday,St. Anne,"316 Euclid Ave, Bristol",(276) 669-8200,Mass,6:00 PM,,Mass,English,Chapel,note: except first Monday of the month
"Mon, Feb 23, 2026",2026-02-23,Monday,St. Anne,"706 S Highland St, Memphis",(901) 323-3817,Mass,6:00 PM,,Mass,spanish,,
"Mon, Feb 23, 2026",2026-02-23,Monday,St. Anthony,"967 E Main St, Blue Ridge",(706) 632-5970,Mass,12:00 PM,,Mass,English,Adoration Chapel,
"Mon, Feb 23, 2026",2026-02-23,Monday,St. Augustine,"1716 Anderson Pike, Signal Mountain",(423) 886-3424,Mass,8:15 AM,,Mass,English,,
"Mon, Feb 23, 2026",2026-02-23,Monday,St. Brigid,"7801 Lowrance Rd, Memphis",(901) 758-0128,Mass,12:00 PM,,Mass,english,Main Church,
"Mon, Feb 23, 2026",2026-02-23,Monday,St. Brigid,"7801 Lowrance Rd, Memphis",(901) 758-0128,Mass,7:00 PM,,Mass,spanish,Main Church,
"Mon, Feb 23, 2026",2026-02-23,Monday,St. Catherine,"3019 Cayce Ln, Columbia",(931) 388-3803,Mass,8:00 AM,,Mass,english,Saint Catherine of Siena Catholic Church,
"Mon, Feb 23, 2026",2026-02-23,Monday,St. Catherine Laboure,"115 Main St, Copperhill",(423) 496-3498,Mass,9:00 AM,,Mass,English,,check bulletin
"Mon, Feb 23, 2026",2026-02-23,Monday,St. Dominic,"2517 John B Dennis Hwy, Kingsport",(423) 288-8101,Mass,8:15 AM,,Mass,english,Church,
"Mon, Feb 23, 2026",2026-02-23,Monday,St. Edward,"188 Thompson Ln, Nashville",(615)-833-5520,Mass,8:00 AM,,Mass,English,,
"Mon, Feb 23, 2026",2026-02-23,Monday,St. Elizabeth,"510 W C Street, Elizabethton",(423) 543-3412,Mass,8:00 AM,,Mass,english,,
"Mon, Feb 23, 2026",2026-02-23,Monday,St. Frances Cabrini,"300 S Tarver Ave, Lebanon",(615) 444-0524,Mass,8:00 AM,,Mass,english,,
"Mon, Feb 23, 2026",2026-02-23,Monday,St. Francis of Assisi,"8151 Chimneyrock Blvd, Cordova",(901) 756-1213,Mass,12:00 PM,,Mass,English,St. Francis of Assisi,
"Mon, Feb 23, 2026",2026-02-23,Monday,St. Francis of Assisi,"8151 Chimneyrock Blvd, Cordova",(901) 756-1213,Mass,8:15 AM,,Mass,English,St. Francis of Assisi,
"Mon, Feb 23, 2026",2026-02-23,Monday,St. Gerard Majella,"3049 Lafayette Rd, Fort Oglethorpe",(706) 861-9410,Mass,9:00 AM,,Mass,English,Saint Gerard Majella Catholic Church,
"Mon, Feb 23, 2026",2026-02-23,Monday,St. Henry,"6401 Harding Pike, Nashville",(615) 352-2259,Mass,11:00 AM,,Mass,English,Chapel,tags: chapel
"Mon, Feb 23, 2026",2026-02-23,Monday,St. Ignatius of Antioch,"601 Bell Rd, Nashville",615-367-0085,Mass,9:00 AM,,Mass,English,,
"Mon, Feb 23, 2026",2026-02-23,Monday,St. James,"4180 Leroy Ave, Memphis",(901) 767-8672,Mass,9:00 AM,,Mass,english,,
"Mon, Feb 23, 2026",2026-02-23,Monday,St. John Neumann,"633 Saint John Ct, Farragut",(865) 966-4540,Mass,8:05 AM,,Mass,English,,
"Mon, Feb 23, 2026",2026-02-23,Monday,St. John XXIII (U. of Tenn.),"1710 Melrose Pl, Knoxville",(865) 523-7931,Mass,12:00 PM,,Mass,english,,except for Holidays
"Mon, Feb 23, 2026",2026-02-23,Monday,St. John the Evangelist,"1061 Ellington Pkwy S, Lewisburg",(931) 359-5017,Mass,8:30 AM,,Mass,english,,
"Mon, Feb 23, 2026",2026-02-23,Monday,St. Joseph,"316 Main St, Bryson City",(828) 488-6766,Mass,12:00 PM,,Mass,English,St Joseph's,
"Mon, Feb 23, 2026",2026-02-23,Monday,St. Joseph,"968 Haig Mill Lake Rd, Dalton",(706) 278-3107,Mass,7:30 PM,,Mass,spanish,East Morris – Capilla San Juan Diego,
"Mon, Feb 23, 2026",2026-02-23,Monday,St. Joseph,"305 E Van Dorn Ave, Holly Springs",(662) 252-3138,Mass,8:00 AM,,Mass,english,St. Joseph,
"Mon, Feb 23, 2026",2026-02-23,Monday,St. Joseph,"968 Haig Mill Lake Rd, Dalton",(706) 278-3107,Mass,9:00 AM,,Mass,english,,
"Mon, Feb 23, 2026",2026-02-23,Monday,St. Jude,"930 Ashland Ter, Chattanooga",(423) 870-2386,Mass,8:15 AM,,Mass,english,,
"Mon, Feb 23, 2026",2026-02-23,Monday,St. Jude Catholic Church,"930 Ashland Terrace, Chattanooga",+1-423-870-2386,Mass,8:15 AM,,Mass,English,,
"Mon, Feb 23, 2026",2026-02-23,Monday,St. Katharine Drexel,"140 New England Rd, Wildwood",(706) 820-0680,Mass,8:30 AM,,Mass,english,,
"Mon, Feb 23, 2026",2026-02-23,Monday,St. Lawrence,"5655 Clarksville Hwy, Joelton",(615) 876-2127,Mass,9:00 AM,,Mass,English,Saint Lawrence,
"Mon, Feb 23, 2026",2026-02-23,Monday,St. Louis,"203 S White Station Rd, Memphis",(901) 255-1950,Mass,12:00 PM,,Mass,English,,
"Mon, Feb 23, 2026",2026-02-23,Monday,St. Louis,"203 S White Station Rd, Memphis",(901) 255-1950,Mass,6:15 AM,,Mass,English,,
"Mon, Feb 23, 2026",2026-02-23,Monday,St. Louis,"203 S White Station Rd, Memphis",(901) 255-1950,Mass,8:15 AM,,Mass,English,,
"Mon, Feb 23, 2026",2026-02-23,Monday,St. Martha,"3331 Bell St, Ashland City",615-792-4255,Mass,8:30 AM,,Mass,English,Adoration Chapel,
"Mon, Feb 23, 2026",2026-02-23,Monday,St. Mary,"220 W Main St, Camden",(731) 584-6459,Mass,12:00 PM,,Mass,English,,
"Mon, Feb 23, 2026",2026-02-23,Monday,St. Mary,"155 Market St, Memphis",(901) 522-9420,Mass,5:30 PM,,Mass,English,,note: Weekday Masses will resume on January 29th
"Mon, Feb 23, 2026",2026-02-23,Monday,St. Mary,"1665 US-45 BYP, Jackson",(731) 668-2596,Mass,7:00 AM,,Mass,english,,
"Mon, Feb 23, 2026",2026-02-23,Monday,St. Mary,"2211 E Lakeview Dr, Johnson City",(423) 282-6367,Mass,7:00 AM,,Mass,English,,
"Mon, Feb 23, 2026",2026-02-23,Monday,St. Mary,"403 N Main St, Franklin",(270) 586-4515 or (270) 253-3230 (Rectory),Mass,8:00 AM,,Mass,English,,exceptions: First Friday Mass is 18:00
"Mon, Feb 23, 2026",2026-02-23,Monday,St. Mary,"304 Airport Rd, Gatlinburg",(865) 436-4907,Mass,8:00 AM,,Mass,english,St. Mary's Catholic Church,
"Mon, Feb 23, 2026",2026-02-23,Monday,St. Mary,"327 Vermont Ave, Oak Ridge",(865) 482-2875,Mass,8:00 AM,,Mass,english,,
"Mon, Feb 23, 2026",2026-02-23,Monday,St. Mary,"2211 E Lakeview Dr, Johnson City",(423) 282-6367,Mass,8:30 AM,,Mass,English,,
"Mon, Feb 23, 2026",2026-02-23,Monday,St. Matthew,"535 Sneed Rd W, Franklin",(615) 646-0378,Mass,8:00 AM,,Mass,english,,
"Mon, Feb 23, 2026",2026-02-23,Monday,St. Michael,"2751 County Rd 30, Florence",(256) 764-1885,Mass,12:00 PM,,Mass,English,St. Michael's Catholic Church,
"Mon, Feb 23, 2026",2026-02-23,Monday,St. Michael,"3863 Summer Ave, Memphis",(901) 323-0896,Mass,5:30 PM,,Mass,spanish,,
"Mon, Feb 23, 2026",2026-02-23,Monday,St. Michael,"2751 County Rd 30, Florence",(256) 764-1885,Mass,7:30 AM,,Mass,English,St. Michael's Catholic Church,
"Mon, Feb 23, 2026",2026-02-23,Monday,St. Michael,"2751 County Rd 30, Florence",(256) 764-1885,Mass,7:30 AM,,Mass,English,St. Michael's Catholic Church,
"Mon, Feb 23, 2026",2026-02-23,Monday,St. Michael,"3863 Summer Ave, Memphis",(901) 323-0896,Mass,8:15 AM,,Mass,english,,
"Mon, Feb 23, 2026",2026-02-23,Monday,St. Michael the Archangel ,"657 N Mohawk Dr, Erwin",(423) 735-0484,Mass,8:30 AM,,Mass,english,Parish Center,
"Mon, Feb 23, 2026",2026-02-23,Monday,St. Patrick,"1219 Second Ave S, Nashville",(615) 256-6498,Mass,7:00 AM,,Mass,english,,
"Mon, Feb 23, 2026",2026-02-23,Monday,St. Patrick,"175 St Patrick St, McEwen",(931) 582-3633,Mass,8:00 AM,,Mass,english,"Saint Patrick Catholic Church, McEwen, TN",
"Mon, Feb 23, 2026",2026-02-23,Monday,St. Paul the Apostle,"1425 E Shelby Dr, Memphis",(901) 346-2380,Mass,6:00 AM,,Mass,English,,note: During school year calendar
"Mon, Feb 23, 2026",2026-02-23,Monday,St. Paul the Apostle,"304 W Grizzard St, Tullahoma",(931) 455-3050,Mass,8:00 AM,,Mass,english,,
"Mon, Feb 23, 2026",2026-02-23,Monday,St. Paul the Apostle,"1425 E Shelby Dr, Memphis",(901) 346-2380,Mass,8:15 AM,,Mass,English,,
"Mon, Feb 23, 2026",2026-02-23,Monday,St. Peter the Apostle,"208 Upper Ferry Rd, Carthage",(615) 281-8327,Mass,5:00 PM,,Daily Mass,English,,
"Mon, Feb 23, 2026",2026-02-23,Monday,St. Philip,"113 Second Ave S, Franklin",(615) 794-8588,Mass,7:00 AM,,Mass,english,St. Philip Catholic Church,
"Mon, Feb 23, 2026",2026-02-23,Monday,St. Philip,"113 Second Ave S, Franklin",(615) 794-8588,Mass,9:00 AM,,Mass,english,St. Philip Catholic Church,
"Mon, Feb 23, 2026",2026-02-23,Monday,St. Pius X,"2800 Tucker Rd, Nashville",(615) 256-2729,Mass,7:15 AM,,Holy Mass and Communion Service,english,ST. PIUS X ACADEMY AND CHURCH,
"Mon, Feb 23, 2026",2026-02-23,Monday,St. Pius X Church,"2800 Tucker Rd, Nashville",+1-615-244-4093,Mass,7:15 AM,,Mass,english,ST. PIUS X ACADEMY AND CHURCH,
"Mon, Feb 23, 2026",2026-02-23,Monday,St. Rose of Lima Catholic Church,"1601 N Tennessee Blvd, Murfreesboro",(615) 893-1843,Mass,7:00 AM,,Mass,English,,
"Mon, Feb 23, 2026",2026-02-23,Monday,St. Stephen,"14544 Lebanon Rd, Old Hickory",(615) 758-2424,Mass,8:00 AM,,Mass,english,Saint Stephen Catholic Community,
"Mon, Feb 23, 2026",2026-02-23,Monday,St. Stephen,"7111 Lee Hwy, Chattanooga",(423) 892-1261,Mass,8:30 AM,,Mass,english,St. Stephen Catholic Church,
"Mon, Feb 23, 2026",2026-02-23,Monday,St. Teresa of Kolkata,"3445 Maynardville Hwy, Maynardville",(865) 992-7222,Mass,8:30 AM,,Mass,bilingual,St. Teresa of Kolkata,
"Mon, Feb 23, 2026",2026-02-23,Monday,St. Therese of Lisieux,"900 Clingan Ridge Dr NW, Cleveland",(423) 476-8123,Mass,8:30 AM,,Mass,english,,
"Mon, Feb 23, 2026",2026-02-23,Monday,St. Thomas Aquinas,"421 N Washington Ave, Cookeville",(931) 526-2575,Mass,8:00 AM,,Mass,english,,
"Mon, Feb 23, 2026",2026-02-23,Monday,St. Thomas the Apostle,"1580 St Thomas Way, Lenoir City",(865) 986-9885,Mass,8:30 AM,,Mass,english,Saint Thomas the Apostle,
"Mon, Feb 23, 2026",2026-02-23,Monday,St. William,"500 S Brittain St, Shelbyville",19316848745,Mass,7:00 PM,,Mass,spanish,St Joseph Chapel,
"Mon, Feb 23, 2026",2026-02-23,Monday,St. William,"4932 Easley St, Millington",(901) 872-4099,Mass,8:30 AM,,Mass,English,St. William Catholic Church,
"Mon, Feb 23, 2026",2026-02-23,Monday,Sts. Peter and Paul,"902 E 9th St, Hopkinsville",(270) 885-8522,Mass,8:00 AM,,Mass,english,,
"Mon, Feb 23, 2026",2026-02-23,Monday,The Cathedral of the Most Sacred Heart of Jesus,"711 S Northshore Dr, Knoxville",(865) 588-0249,Mass,12:00 PM,,Mass,English,,
"Mon, Feb 23, 2026",2026-02-23,Monday,The Cathedral of the Most Sacred Heart of Jesus,"711 S Northshore Dr, Knoxville",(865) 588-0249,Mass,8:05 AM,,Mass,English,,livestream
"Mon, Feb 23, 2026",2026-02-23,Monday,Basilica of Sts. Peter and Paul,"214 E 8th St, Chattanooga",(423) 266-1618,Confession,11:30 AM,12:00 PM,Confession,English,Basilica,
"Mon, Feb 23, 2026",2026-02-23,Monday,Basilica of Sts. Peter and Paul,"214 E 8th St, Chattanooga",(423) 266-1618,Confession,TBD,,Confessions,English,,30 minutes before each Mass except the 7am
"Mon, Feb 23, 2026",2026-02-23,Monday,Cathedral of the Incarnation,"2015 W End Ave, Nashville",(615) 327-2330,Confession,11:00 AM,12:00 PM,Confession,English,Cathedral,
"Mon, Feb 23, 2026",2026-02-23,Monday,Catholic Student Center -UM,"3625 Mynders Ave, Memphis",(901) 323-3051,Confession,4:00 PM,4:30 PM,Confession,English,Catholic Student Center,
"Mon, Feb 23, 2026",2026-02-23,Monday,Holy Rosary,"192 Graylynn Dr, Nashville",(615) 889-4065,Confession,5:00 PM,,Confessions,English,,
"Mon, Feb 23, 2026",2026-02-23,Monday,Immaculate Conception,"414 W Vine Ave, Knoxville",(865) 522-1508,Confession,11:00 AM,12:00 PM,Confession,english,Immaculate Conception,
"Mon, Feb 23, 2026",2026-02-23,Monday,Immaculate Conception,"414 W Vine Ave, Knoxville",(865) 522-1508,Confession,11:30 AM,12:00 PM,Confession,english,Immaculate Conception,
"Mon, Feb 23, 2026",2026-02-23,Monday,Mission of St. John Paul II,"161 Bryan Ln, Rutledge",(865) 992-7222,Confession,5:30 PM,,Confession,English,Adoration Chapel,
"Mon, Feb 23, 2026",2026-02-23,Monday,National Shrine of St. Martin de Porres,"190 Adams Ave, Memphis",(901) 527-8282,Confession,11:30 AM,12:00 PM,Confession,English,St. Martin de Porres Shrine Chapel,
"Mon, Feb 23, 2026",2026-02-23,Monday,Our Lady of the Lake,"1729 Stop 30 Rd, Hendersonville",(615) 824-3276,Confession,5:30 AM,,Reconciliation,English,,
"Mon, Feb 23, 2026",2026-02-23,Monday,Our Lady of the Lake,"1729 Stop 30 Rd, Hendersonville",(615) 824-3276,Confession,8:15 AM,,Reconciliation,English,,
"Mon, Feb 23, 2026",2026-02-23,Monday,St Elizabeth Ann Seton Church,"755 Hwy 49, Tennessee Ridge",(931) 721-3769,Confession,8:30 AM,9:30 AM,Confession,English,,Confessions also heard by appointment.
"Mon, Feb 23, 2026",2026-02-23,Monday,St Therese-Little Flower,"1644 Jackson Ave, Memphis",(901) 276-1412,Confession,3:30 PM,4:00 PM,Confession,spanish,"Blessed Sacrament, 2564 Hale Ave, Memphis, TN",
"Mon, Feb 23, 2026",2026-02-23,Monday,St. Augustine,"1716 Anderson Pike, Signal Mountain",(423) 886-3424,Confession,7:00 AM,8:00 AM,Sacrament of Reconciliation,English,,Or By Appointment
"Mon, Feb 23, 2026",2026-02-23,Monday,St. Edward,"188 Thompson Ln, Nashville",(615)-833-5520,Confession,7:00 AM,7:45 AM,Adoration & Confession,English,,
"Mon, Feb 23, 2026",2026-02-23,Monday,St. Edward,"188 Thompson Ln, Nashville",(615)-833-5520,Confession,7:00 AM,7:45 AM,Confession,English,,
"Mon, Feb 23, 2026",2026-02-23,Monday,St. Lawrence,"5655 Clarksville Hwy, Joelton",(615) 876-2127,Confession,8:15 AM,9:00 AM,Confession,English,Saint Lawrence,
"Mon, Feb 23, 2026",2026-02-23,Monday,St. Mary,"327 Vermont Ave, Oak Ridge",(865) 482-2875,Confession,TBD,,Confessions,English,,"before every Mass; note: implied by ""Weekdays Monday through Saturday at 8:00 am"""
"Mon, Feb 23, 2026",2026-02-23,Monday,St. Patrick,"1219 Second Ave S, Nashville",(615) 256-6498,Confession,6:15 AM,6:50 AM,Confessions,English,,
"Mon, Feb 23, 2026",2026-02-23,Monday,St. William,"500 S Brittain St, Shelbyville",19316848745,Confession,5:45 PM,6:45 PM,Confession,English,,
"Mon, Feb 23, 2026",2026-02-23,Monday,Catholic Student Center -UM,"3625 Mynders Ave, Memphis",(901) 323-3051,Adoration,3:30 PM,4:30 PM,Adoration,English,Catholic Student Center,Available according to University Schedule
"Mon, Feb 23, 2026",2026-02-23,Monday,Chapel of St. Cecilia,"801 Dominican Dr, Nashville",16152565486,Adoration,2:00 PM,,Exposition and Adoration,English,Chapel,exposition; adoration
"Mon, Feb 23, 2026",2026-02-23,Monday,Holy Rosary,"192 Graylynn Dr, Nashville",(615) 889-4065,Adoration,5:00 PM,6:00 PM,Adoration,English,,
"Mon, Feb 23, 2026",2026-02-23,Monday,Our Lady of Lourdes,"704 Holly Ave, South Pittsburg",(423) 837-7068,Adoration,7:30 AM,,Adoration,English,,after Mass
"Mon, Feb 23, 2026",2026-02-23,Monday,Our Lady of the Shoals,"200 E Commons St N, Tuscumbia",(256) 383-7207,Adoration,TBD,,Adoration,English,,30 minutes before weekday masses; exposition
"Mon, Feb 23, 2026",2026-02-23,Monday,St Elizabeth Ann Seton Church,"755 Hwy 49, Tennessee Ridge",(931) 721-3769,Adoration,8:30 AM,9:30 AM,Adoration,English,,exposition
"Mon, Feb 23, 2026",2026-02-23,Monday,St. Andrew the Apostle,"149 Brook St, Mars Hill",(828) 689-3719,Adoration,8:00 AM,9:00 AM,Adoration,English,St. Andrew,exposition
"Mon, Feb 23, 2026",2026-02-23,Monday,St. Anthony,"967 E Main St, Blue Ridge",(706) 632-5970,Adoration,1:00 PM,6:00 PM,Exposition of the Blessed Sacrament,English,Adoration Chapel,exposition
"Mon, Feb 23, 2026",2026-02-23,Monday,St. Augustine,"1716 Anderson Pike, Signal Mountain",(423) 886-3424,Adoration,7:00 AM,8:00 AM,Adoration,English,,
"Mon, Feb 23, 2026",2026-02-23,Monday,St. Frances Cabrini,"300 S Tarver Ave, Lebanon",(615) 444-0524,Adoration,7:00 AM,,Adoration,English,,exposition
"Mon, Feb 23, 2026",2026-02-23,Monday,St. Gerard Majella,"3049 Lafayette Rd, Fort Oglethorpe",(706) 861-9410,Adoration,7:30 AM,9:00 AM,Adoration,English,Saint Gerard Majella Catholic Church,exposition
"Mon, Feb 23, 2026",2026-02-23,Monday,St. Ignatius of Antioch,"601 Bell Rd, Nashville",615-367-0085,Adoration,7:45 AM,8:45 AM,Eucharist Adoration,English,,
"Mon, Feb 23, 2026",2026-02-23,Monday,St. Louis,"203 S White Station Rd, Memphis",(901) 255-1950,Adoration,6:00 AM,10:00 PM,Adoration,English,,
"Mon, Feb 23, 2026",2026-02-23,Monday,Chapel of St. Cecilia,"801 Dominican Dr, Nashville",16152565486,Devotions,5:30 PM,6:00 PM,Vespers,English,,
"Mon, Feb 23, 2026",2026-02-23,Monday,Chapel of St. Cecilia,"801 Dominican Dr, Nashville",16152565486,Devotions,6:00 PM,6:30 PM,Rosary,English,,
"Mon, Feb 23, 2026",2026-02-23,Monday,Holy Spirit,"2300 Hickory Crest Dr, Memphis",(901) 754-7146,Devotions,TBD,,Rosary,English,Chapel,after
"Mon, Feb 23, 2026",2026-02-23,Monday,National Shrine of St. Martin de Porres,"190 Adams Ave, Memphis",(901) 527-8282,Devotions,7:30 PM,8:00 PM,Rosary,English,,zoom; Virtual
"Mon, Feb 23, 2026",2026-02-23,Monday,Queen of Peace,"8455 Germantown Rd, Olive Branch",(662) 895-5007,Devotions,11:30 AM,,Rosary,English,,
"Mon, Feb 23, 2026",2026-02-23,Monday,Saint Francis of Assisi Catholic Church,"7503 Peavine Rd, Crossville",+1-931-484-3628,Devotions,7:40 AM,,Divine Mercy Chaplet,English,,
"Mon, Feb 23, 2026",2026-02-23,Monday,St. Anthony,"967 E Main St, Blue Ridge",(706) 632-5970,Devotions,6:00 PM,,Benediction,English,Adoration Chapel,benediction
"Mon, Feb 23, 2026",2026-02-23,Monday,St. Frances Cabrini,"300 S Tarver Ave, Lebanon",(615) 444-0524,Devotions,7:30 AM,,Rosary,English,,
"Mon, Feb 23, 2026",2026-02-23,Monday,St. Francis of Assisi,"7503 Peavine Rd, Fairfield Glade",(931) 484-3628,Devotions,7:40 AM,,Divine Mercy Chaplet,English,,
"Mon, Feb 23, 2026",2026-02-23,Monday,St. Gerard Majella,"3049 Lafayette Rd, Fort Oglethorpe",(706) 861-9410,Devotions,8:30 AM,,Recitation of the Rosary,English,Saint Gerard Majella Catholic Church,
"Mon, Feb 23, 2026",2026-02-23,Monday,St. Philip the Apostle,"11710 US Hwy 64, Somerville",(901) 465-8685,Devotions,12:00 PM,,Rosary,English,,
"Mon, Feb 23, 2026",2026-02-23,Monday,St. Rose of Lima Catholic Church,"1601 N Tennessee Blvd, Murfreesboro",(615) 893-1843,Devotions,6:30 AM,,Rosary,English,,
"Mon, Feb 23, 2026",2026-02-23,Monday,St. Therese of Lisieux,"900 Clingan Ridge Dr NW, Cleveland",(423) 476-8123,Devotions,9:00 AM,,Rosary,English,Adoration Chapel,note: following 08:30 Mass
"Mon, Feb 23, 2026",2026-02-23,Monday,Good Shepherd,"2021 Decherd Blvd, Decherd",(931) 967-0961,Other,9:00 AM,,No Service,English,Good Shepherd Church,
"Mon, Feb 23, 2026",2026-02-23,Monday,St. James the Less,"3189 N Harper Rd, Corinth",(662) 331-5184,Other,6:00 PM,,Word & Communion /Palabra y Comunión,English,,
"Mon, Feb 23, 2026",2026-02-23,Monday,St. Mary,"220 W Main St, Camden",(731) 584-6459,Other,10:00 AM,,Needle Works Ministry,English,,Each; note: meets at 10:00 a.m. Please join them as they work on group and individual projects or just enjoy the company of the ladies of our parish!
"Mon, Feb 23, 2026",2026-02-23,Monday,St. Mary,"403 N Main St, Franklin",(270) 586-4515 or (270) 253-3230 (Rectory),Other,1:00 PM,,Small Group,English,,"thly, 2nd week, Thu; classroom #1"
"Mon, Feb 23, 2026",2026-02-23,Monday,St. Mary,"403 N Main St, Franklin",(270) 586-4515 or (270) 253-3230 (Rectory),Other,6:30 PM,,Small Group,English,,"thly, 2nd week,; Parish Center"
"Mon, Feb 23, 2026",2026-02-23,Monday,The Catholic Community of The Sacred Heart of Jesus," Building# 5875 Desert Storm Ave, Fort Campbell",270-798-2352,Other,11:45 AM,,Catholic Worship Services,English,5875 - Soldiers Chapel,
"Mon, Feb 23, 2026",2026-02-23,Monday,Vietnamese Parish of Divine Mercy,"10919 Carmichael Rd, Knoxville",(865) 766-2091,Other,8:00 AM,,Lễ,English,,
"Mon, Feb 23, 2026",2026-02-23,Monday,Holy Name,"521 Woodland St, Nashville",(615) 254-8847,Sacraments,8:00 AM,,Communion Service Only,english,Church of the Most Holy Name,
"Mon, Feb 23, 2026",2026-02-23,Monday,Saint Francis of Assisi Catholic Church,"7503 Peavine Rd, Crossville",+1-931-484-3628,Sacraments,8:00 AM,,Communion Service,english,,
"Mon, Feb 23, 2026",2026-02-23,Monday,St. Francis of Assisi,"7503 Peavine Rd, Fairfield Glade",(931) 484-3628,Sacraments,8:00 AM,,Communion Service,English,,
"Mon, Feb 23, 2026",2026-02-23,Monday,St. Lawrence,"5655 Clarksville Hwy, Joelton",(615) 876-2127,Private,9:00 AM,4:00 PM,Church Open for Prayer,English,Saint Lawrence,
"Mon, Feb 23, 2026",2026-02-23,Monday,St. Patrick,"2518 W Andrew Johnson Hwy, Morristown",(423) 586-9174,Sacraments,8:30 AM,,Communion Service,English,,
"Tue, Feb 24, 2026",2026-02-24,Tuesday,All Saints,"620 N Cedar Bluff Rd, Knoxville",(865) 531-0770,Mass,12:10 PM,,Mass,english,620 N Cedar Bluff Rd,
"Tue, Feb 24, 2026",2026-02-24,Tuesday,All Saints,"620 N Cedar Bluff Rd, Knoxville",(865) 531-0770,Mass,9:00 AM,,Mass,english,620 N Cedar Bluff Rd,
"Tue, Feb 24, 2026",2026-02-24,Tuesday,Ascension,"3680 Ramill Rd, Memphis",(901) 372-1364,Mass,6:30 PM,,Mass,spanish,,
"Tue, Feb 24, 2026",2026-02-24,Tuesday,Assumption,"1227 7th Ave N, Nashville",(615) 256-2729,Mass,7:00 AM,,Low Mass,latin,,
"Tue, Feb 24, 2026",2026-02-24,Tuesday,Basilica of Sts. Peter and Paul,"214 E 8th St, Chattanooga",(423) 266-1618,Mass,12:00 PM,,Mass,english,Basilica,
"Tue, Feb 24, 2026",2026-02-24,Tuesday,Cathedral of the Immaculate Conception,"1669 Central Ave, Memphis",(901) 725-2700,Mass,12:00 PM,,Mass,English,,
"Tue, Feb 24, 2026",2026-02-24,Tuesday,Cathedral of the Immaculate Conception,"1669 Central Ave, Memphis",(901) 725-2700,Mass,6:30 AM,,Mass,English,,
"Tue, Feb 24, 2026",2026-02-24,Tuesday,Cathedral of the Incarnation,"2015 W End Ave, Nashville",(615) 327-2330,Mass,12:10 PM,,Mass,English,Cathedral,
"Tue, Feb 24, 2026",2026-02-24,Tuesday,Cathedral of the Incarnation,"2015 W End Ave, Nashville",(615) 327-2330,Mass,7:00 AM,,Mass,English,Cathedral,
"Tue, Feb 24, 2026",2026-02-24,Tuesday,Catholic Church of the Nativity,"2793 Buckner Ln, Thompson's Station",+1-615-794-4004,Mass,9:00 AM,,Mass,English,,exception: not 7 days/week
"Tue, Feb 24, 2026",2026-02-24,Tuesday,Catholic Student Center -UM,"3625 Mynders Ave, Memphis",(901) 323-3051,Mass,4:30 PM,,Mass,english,Catholic Student Center,
"Tue, Feb 24, 2026",2026-02-24,Tuesday,Christ the King,"298 Bluegrass Dr, Scottsville",(270) 237-4404 or (270) 586-4515,Mass,5:00 PM,,Mass,English,CTK,
"Tue, Feb 24, 2026",2026-02-24,Tuesday,Christ the King,"3001 Belmont Blvd, Nashville",(615) 292-2884,Mass,8:00 AM,,Mass,english,,note: school year only; check bulletin
"Tue, Feb 24, 2026",2026-02-24,Tuesday,Good Samaritan,"55 Church St, Ellijay",(706) 636-2772,Mass,7:00 PM,,Mass,spanish,,
"Tue, Feb 24, 2026",2026-02-24,Tuesday,Good Shepherd,"2361 Cosby Hwy, Newport",(423) 623-5051,Mass,10:00 AM,,Mass,english,Church of the Good Shepherd,
"Tue, Feb 24, 2026",2026-02-24,Tuesday,Holy Cross,"1210 E Wood St, Paris",(731) 642-4681,Mass,12:00 PM,,Mass,English,,
"Tue, Feb 24, 2026",2026-02-24,Tuesday,Holy Cross,"144 Wears Valley Rd, Pigeon Forge",865-429-5587,Mass,12:00 PM,,Mass,english,,
"Tue, Feb 24, 2026",2026-02-24,Tuesday,Holy Family,"201 Black Oak Ridge Rd, Seymour",(865) 573-1203,Mass,12:00 PM,,Mass,english,,
"Tue, Feb 24, 2026",2026-02-24,Tuesday,Holy Family,"431 Old Hwy 52, Lafayette",(615) 666-6466,Mass,4:30 PM,,Mass,english,"Holy Family catholic church, Lafayette, TN",
"Tue, Feb 24, 2026",2026-02-24,Tuesday,Holy Family,"9100 Crockett Rd, Brentwood",(615) 373-4696,Mass,6:30 AM,,Mass,English,,livestream
"Tue, Feb 24, 2026",2026-02-24,Tuesday,Holy Family,"431 Old Hwy 52, Lafayette",(615) 666-6466,Mass,7:00 PM,,Mass,spanish,"Holy Family catholic church, Lafayette, TN",
"Tue, Feb 24, 2026",2026-02-24,Tuesday,Holy Family,"201 Black Oak Ridge Rd, Seymour",(865) 573-1203,Mass,8:30 AM,,Mass,english,,
"Tue, Feb 24, 2026",2026-02-24,Tuesday,Holy Family Catholic Church,"201 Black Oak Ridge Rd, Seymour",+1-865-573-1203,Mass,12:00 PM,,Mass,english,,
"Tue, Feb 24, 2026",2026-02-24,Tuesday,Holy Family Catholic Church,"201 Black Oak Ridge Rd, Seymour",+1-865-573-1203,Mass,8:30 AM,,Mass,english,,
"Tue, Feb 24, 2026",2026-02-24,Tuesday,Holy Ghost,"1041 N Central St, Knoxville",(865) 522-2205,Mass,6:30 AM,,Mass,English,,
"Tue, Feb 24, 2026",2026-02-24,Tuesday,Holy Ghost,"1041 N Central St, Knoxville",(865) 522-2205,Mass,8:00 AM,,Mass,English,,
"Tue, Feb 24, 2026",2026-02-24,Tuesday,Holy Name,"521 Woodland St, Nashville",(615) 254-8847,Mass,12:00 PM,,Mass,english,Church of the Most Holy Name,
"Tue, Feb 24, 2026",2026-02-24,Tuesday,Holy Rosary,"4851 Park Ave, Memphis",(901) 767-6949,Mass,6:15 AM,,Mass,English,,
"Tue, Feb 24, 2026",2026-02-24,Tuesday,Holy Rosary,"192 Graylynn Dr, Nashville",(615) 889-4065,Mass,6:15 PM,,Mass,English,,
"Tue, Feb 24, 2026",2026-02-24,Tuesday,Holy Rosary,"192 Graylynn Dr, Nashville",(615) 889-4065,Mass,8:00 AM,,Mass,English,,during the school year
"Tue, Feb 24, 2026",2026-02-24,Tuesday,Holy Rosary,"4851 Park Ave, Memphis",(901) 767-6949,Mass,8:15 AM,,Mass,English,,
"Tue, Feb 24, 2026",2026-02-24,Tuesday,Holy Spirit,"10768 Dayton Pike, Soddy Daisy",(423) 332-5300,Mass,6:00 PM,,Mass,english,Holy Spirit,
"Tue, Feb 24, 2026",2026-02-24,Tuesday,Holy Spirit,"2300 Hickory Crest Dr, Memphis",(901) 754-7146,Mass,6:30 AM,,Mass,English,,
"Tue, Feb 24, 2026",2026-02-24,Tuesday,Holy Spirit,"2300 Hickory Crest Dr, Memphis",(901) 754-7146,Mass,8:00 AM,,Mass,English,,
"Tue, Feb 24, 2026",2026-02-24,Tuesday,Holy Spirit Catholic Church,"10768 Dayton Pike, Soddy-Daisy",+1-423-332-5300,Mass,6:00 PM,,Mass,english,Holy Spirit,
"Tue, Feb 24, 2026",2026-02-24,Tuesday,Holy Trinity,"475 N Highway 92, Jefferson City",(865) 471-0347,Mass,9:00 AM,,Mass,english,,
"Tue, Feb 24, 2026",2026-02-24,Tuesday,Immaculate Conception,"414 W Vine Ave, Knoxville",(865) 522-1508,Mass,12:10 PM,,Mass,english,Immaculate Conception,
"Tue, Feb 24, 2026",2026-02-24,Tuesday,Immaculate Conception,"709 Franklin St, Clarksville",(931) 645-6275,Mass,9:00 AM,,Mass,english,Chapel,
"Tue, Feb 24, 2026",2026-02-24,Tuesday,Incarnation,"360 Bray Station Rd, Collierville",(901) 853-7468 ,Mass,8:15 AM,,Mass,English,St. Therese Chapel,tags: chapel
"Tue, Feb 24, 2026",2026-02-24,Tuesday,Mission of Our Lady of the Lake,"10645 Hwy 57, Counce",(731) 925-4852,Mass,8:30 AM,,Mass,English,Our Lady of the Lake,
"Tue, Feb 24, 2026",2026-02-24,Tuesday,Mission of St. John Paul II,"161 Bryan Ln, Rutledge",(865) 992-7222,Mass,6:00 PM,,Mass,english,,
"Tue, Feb 24, 2026",2026-02-24,Tuesday,Mission of St. Michael,"3553 S Carter Rd, Cedar Hill",(615) 384-6200,Mass,8:30 AM,,Mass,English,Our Lady of Lourdes,
"Tue, Feb 24, 2026",2026-02-24,Tuesday,Mother Teresa ,"7668 Nolensville Rd (house on the hill ), Nolensville",(651) 283-3119,Mass,6:30 PM,,Mass,English,Parish Chapel,
"Tue, Feb 24, 2026",2026-02-24,Tuesday,National Shrine of St. Martin de Porres,"190 Adams Ave, Memphis",(901) 527-8282,Mass,12:05 PM,,Mass,english,St. Martin de Porres National Shrine Chapel,
"Tue, Feb 24, 2026",2026-02-24,Tuesday,Nativity,"5955 St Elmo Rd, Bartlett",(901) 382-2504,Mass,8:00 AM,,Mass,english,,
"Tue, Feb 24, 2026",2026-02-24,Tuesday,Nativity,"2793 Buckner Ln, Spring Hill",(615) 794-4004,Mass,9:00 AM,,Mass,english,,
"Tue, Feb 24, 2026",2026-02-24,Tuesday,Nativity,"2793 Buckner Ln, Spring Hill",(615) 794-4004,Mass,9:00 AM,,Mass,english,,
"Tue, Feb 24, 2026",2026-02-24,Tuesday,Notre Dame,"212 Mount Bethel Rd, Greeneville",(423) 639-9381,Mass,8:30 AM,,Mass,english,Notre Dame Catholic Church,
"Tue, Feb 24, 2026",2026-02-24,Tuesday,Notre Dame Catholic Church,"212 Mt Bethel Rd, Greeneville",+1-423-639-9381,Mass,8:30 AM,,Mass,english,Notre Dame,
"Tue, Feb 24, 2026",2026-02-24,Tuesday,Our Lady of Fatima,"858 Louisville Rd, Alcoa",(865) 982-3672,Mass,12:00 PM,,Mass,english,,livestream
"Tue, Feb 24, 2026",2026-02-24,Tuesday,Our Lady of Guadalupe,"3112 Nolensville Rd, Nashville",615-333-8660,Mass,6:00 PM,,Mass,English,,
"Tue, Feb 24, 2026",2026-02-24,Tuesday,Our Lady of Lourdes,"704 Holly Ave, South Pittsburg",(423) 837-7068,Mass,7:30 AM,,Mass,English,,
"Tue, Feb 24, 2026",2026-02-24,Tuesday,Our Lady of Perpetual Help,"8151 Poplar Ave, Germantown",(901) 754-1204,Mass,12:00 PM,,Mass,English,chapel,livestream
"Tue, Feb 24, 2026",2026-02-24,Tuesday,Our Lady of Perpetual Help,"8151 Poplar Ave, Germantown",(901) 754-1204,Mass,6:15 AM,,Mass,English,chapel,livestream
"Tue, Feb 24, 2026",2026-02-24,Tuesday,Our Lady of Perpetual Help,"501 S Moore Rd, Chattanooga",(423) 622-7232,Mass,8:15 AM,,Daily Mass,english,,
"Tue, Feb 24, 2026",2026-02-24,Tuesday,Our Lady of Perpetual Help,"501 S Moore Rd, Chattanooga",+1-423-622-7232,Mass,8:15 AM,,Mass,english,,
"Tue, Feb 24, 2026",2026-02-24,Tuesday,Our Lady of Perpetual Help,"8151 Poplar Ave, Germantown",(901) 754-1204,Mass,8:15 AM,,Mass,English,chapel,livestream
"Tue, Feb 24, 2026",2026-02-24,Tuesday,Our Lady of the Lake,"1729 Stop 30 Rd, Hendersonville",(615) 824-3276,Mass,6:30 AM,,Mass,English,,
"Tue, Feb 24, 2026",2026-02-24,Tuesday,Our Lady of the Lake,"1729 Stop 30 Rd, Hendersonville",(615) 824-3276,Mass,9:15 AM,,Mass,English,,
"Tue, Feb 24, 2026",2026-02-24,Tuesday,Our Lady of the Shoals,"200 E Commons St N, Tuscumbia",(256) 383-7207,Mass,9:00 AM,,Mass,English,chapel,chapel
"Tue, Feb 24, 2026",2026-02-24,Tuesday,Queen of Peace,"8455 Germantown Rd, Olive Branch",(662) 895-5007,Mass,12:00 PM,,Mass,english,,
"Tue, Feb 24, 2026",2026-02-24,Tuesday,Sacred Heart,"296 W 6th St, Russellville",(270) 726-6963,Mass,11:00 AM,,Mass,English,Sacred Heart Catholic Church Russellville KY,
"Tue, Feb 24, 2026",2026-02-24,Tuesday,Sacred Heart,"411 E Moulton St, Hickman",(270) 472-2742,Mass,5:00 PM,,Mass,English,"Sacred Heart, Hickman",
"Tue, Feb 24, 2026",2026-02-24,Tuesday,Sacred Heart,"212 Berger St, Lawrenceburg",(931) 762-3183,Mass,8:00 AM,,Mass,English,,
"Tue, Feb 24, 2026",2026-02-24,Tuesday,Saint Francis of Assisi Catholic Church,"7503 Peavine Rd, Crossville",+1-931-484-3628,Mass,8:00 AM,,Mass,english,,
"Tue, Feb 24, 2026",2026-02-24,Tuesday,"Saint James the Apostle Catholic Church, Sneedville","Highway 33, Sneedville",+1-423-272-6897,Mass,12:00 PM,,Mass,English,,
"Tue, Feb 24, 2026",2026-02-24,Tuesday,St Albert the Great Catholic Church,"7200 Brickey Ln, Knoxville",+1-865-689-7011,Mass,9:00 AM,,Mass,English,,when schools are closed there will be no weekday morning Mass; all parish activities will be cancelled; and the office will be closed
"Tue, Feb 24, 2026",2026-02-24,Tuesday,St Alphonsus Catholic Church,"151 St Alphonsus Way, Crossville",+1-931-484-2358,Mass,8:30 AM,,Mass,english,,
"Tue, Feb 24, 2026",2026-02-24,Tuesday,St Elizabeth's Roman Catholic Church,"510 W C St, Elizabethton",+1-423-543-3412,Mass,8:00 AM,,Mass,english,,
"Tue, Feb 24, 2026",2026-02-24,Tuesday,St Joseph the Worker Catholic Church,"649 Old Tellico Hwy N, Madisonville",+1-423-442-7273,Mass,9:00 AM,,Mass,English,St. Joseph the Worker Catholic Church,
"Tue, Feb 24, 2026",2026-02-24,Tuesday,St Therese-Little Flower,"1644 Jackson Ave, Memphis",(901) 276-1412,Mass,5:30 PM,,Mass,English,"Blessed Sacrament, 2564 Hale Ave, Memphis, TN",
"Tue, Feb 24, 2026",2026-02-24,Tuesday,St. Albert the Great,"7200 Brickey Ln, Knoxville",(865) 689-7011,Mass,9:00 AM,,Mass,English,,when schools are closed there will be no weekday morning Mass; all parish activities will be cancelled; and the office will be closed
"Tue, Feb 24, 2026",2026-02-24,Tuesday,St. Alphonsus,"1225 Hwy 51 S, Covington",(901) 476-8140,Mass,8:00 AM,,Mass,english,St. Alphonsus,
"Tue, Feb 24, 2026",2026-02-24,Tuesday,St. Alphonsus,"151 St Alphonsus Way, Crossville",(931) 484-2358,Mass,8:30 AM,,Mass,english,Saint Alphonsus Catholic Church,
"Tue, Feb 24, 2026",2026-02-24,Tuesday,St. Andrew the Apostle,"149 Brook St, Mars Hill",(828) 689-3719,Mass,9:00 AM,,Mass,english,St. Andrew,
"Tue, Feb 24, 2026",2026-02-24,Tuesday,St. Ann,"5101 Charlotte Ave, Nashville",(615) 298-1782,Mass,5:45 PM,,Mass,english,Church,
"Tue, Feb 24, 2026",2026-02-24,Tuesday,St. Anne,"316 Euclid Ave, Bristol",(276) 669-8200,Mass,8:30 AM,,Mass,English,,
"Tue, Feb 24, 2026",2026-02-24,Tuesday,St. Anthony,"967 E Main St, Blue Ridge",(706) 632-5970,Mass,12:00 PM,,Mass,English,Adoration Chapel,
"Tue, Feb 24, 2026",2026-02-24,Tuesday,St. Anthony,"1900 Huntsville Hwy, Fayetteville",(931) 433-6525,Mass,9:00 AM,,Mass,English,,
"Tue, Feb 24, 2026",2026-02-24,Tuesday,St. Augustine,"1716 Anderson Pike, Signal Mountain",(423) 886-3424,Mass,8:15 AM,,Mass,English,,
"Tue, Feb 24, 2026",2026-02-24,Tuesday,St. Bridget,"320 Walnut Grove Church Rd, Dayton",(423) 775-2664,Mass,8:30 AM,,Mass,english,,
"Tue, Feb 24, 2026",2026-02-24,Tuesday,St. Brigid,"7801 Lowrance Rd, Memphis",(901) 758-0128,Mass,7:00 PM,,Mass,spanish,Main Church,
"Tue, Feb 24, 2026",2026-02-24,Tuesday,St. Catherine,"3019 Cayce Ln, Columbia",(931) 388-3803,Mass,8:00 AM,,Mass,english,Saint Catherine of Siena Catholic Church,
"Tue, Feb 24, 2026",2026-02-24,Tuesday,St. Catherine Laboure,"115 Main St, Copperhill",(423) 496-3498,Mass,9:00 AM,,Mass,English,,check bulletin
"Tue, Feb 24, 2026",2026-02-24,Tuesday,St. Dominic,"2517 John B Dennis Hwy, Kingsport",(423) 288-8101,Mass,8:15 AM,,Mass,english,School,note: Mass is at Church when school is not in session
"Tue, Feb 24, 2026",2026-02-24,Tuesday,St. Edward,"188 Thompson Ln, Nashville",(615)-833-5520,Mass,8:00 AM,,Mass,English,,
"Tue, Feb 24, 2026",2026-02-24,Tuesday,St. Elizabeth,"510 W C Street, Elizabethton",(423) 543-3412,Mass,8:00 AM,,Mass,english,,
"Tue, Feb 24, 2026",2026-02-24,Tuesday,St. Elizabeth Ann Seton (Ordinariate of the Chair of St. Peter),"217 Fox Rd, Knoxville",,Mass,8:00 AM,,Mass,English,217 Fox Rd. Knoxville,
"Tue, Feb 24, 2026",2026-02-24,Tuesday,St. Elizabeth of the Hill Country,"259 Pilgrims Way, Boone",(828) 264-8338,Mass,6:00 PM,,Mass,english,St. Elizabeth,
"Tue, Feb 24, 2026",2026-02-24,Tuesday,St. Francis of Assisi,"8151 Chimneyrock Blvd, Cordova",(901) 756-1213,Mass,12:00 PM,,Mass,English,St. Francis of Assisi,
"Tue, Feb 24, 2026",2026-02-24,Tuesday,St. Francis of Assisi,"167 St Francis Pl, Jefferson",(336) 246-9151,Mass,12:00 PM,,Mass,english,,
"Tue, Feb 24, 2026",2026-02-24,Tuesday,St. Francis of Assisi,"167 St Francis Pl, Jefferson",(336) 246-9151,Mass,6:45 PM,,Mass,spanish,,
"Tue, Feb 24, 2026",2026-02-24,Tuesday,St. Francis of Assisi,"7503 Peavine Rd, Fairfield Glade",(931) 484-3628,Mass,8:00 AM,,Mass,English,,
"Tue, Feb 24, 2026",2026-02-24,Tuesday,St. Francis of Assisi,"8151 Chimneyrock Blvd, Cordova",(901) 756-1213,Mass,8:15 AM,,Mass,English,St. Francis of Assisi,
"Tue, Feb 24, 2026",2026-02-24,Tuesday,St. Gerard Majella,"3049 Lafayette Rd, Fort Oglethorpe",(706) 861-9410,Mass,9:00 AM,,Mass,English,Saint Gerard Majella Catholic Church,
"Tue, Feb 24, 2026",2026-02-24,Tuesday,St. Henry,"112-114 Hwy 70 N, Rogersville",(423) 272-6897,Mass,12:00 PM,,Mass,English,,note: Weekday Masses
"Tue, Feb 24, 2026",2026-02-24,Tuesday,St. Henry,"6401 Harding Pike, Nashville",(615) 352-2259,Mass,6:30 AM,,Mass,English,Chapel,tags: chapel
"Tue, Feb 24, 2026",2026-02-24,Tuesday,St. Henry,"6401 Harding Pike, Nashville",(615) 352-2259,Mass,8:00 AM,,Mass,English,Chapel,tags: chapel
"Tue, Feb 24, 2026",2026-02-24,Tuesday,St. Ignatius of Antioch,"601 Bell Rd, Nashville",615-367-0085,Mass,7:00 PM,,Mass,spanish,,
"Tue, Feb 24, 2026",2026-02-24,Tuesday,St. Ignatius of Antioch,"601 Bell Rd, Nashville",615-367-0085,Mass,9:00 AM,,Mass,English,,
"Tue, Feb 24, 2026",2026-02-24,Tuesday,St. James the Apostle,"3652 Main St, Sneedville",(423) 272-6897,Mass,12:00 PM,,Mass,English,,noon
"Tue, Feb 24, 2026",2026-02-24,Tuesday,St. James the Less,"3189 N Harper Rd, Corinth",(662) 331-5184,Mass,6:00 PM,,Mass/Misa,English,,
"Tue, Feb 24, 2026",2026-02-24,Tuesday,St. John Neumann,"633 Saint John Ct, Farragut",(865) 966-4540,Mass,6:45 AM,,Mass,English,,
"Tue, Feb 24, 2026",2026-02-24,Tuesday,St. John Neumann,"633 Saint John Ct, Farragut",(865) 966-4540,Mass,8:05 AM,,Mass,English,,
"Tue, Feb 24, 2026",2026-02-24,Tuesday,St. John Vianney,"449 N Water St, Gallatin",(615) 452-2977,Mass,12:00 PM,,Mass,English,,
"Tue, Feb 24, 2026",2026-02-24,Tuesday,St. Joseph,"304 American Blvd, Saint Joseph",931-853-4370,Mass,6:00 PM,,Mass,english,Saint Joseph,
"Tue, Feb 24, 2026",2026-02-24,Tuesday,St. Joseph,"203 Plum St, Florence",(256) 764-3303,Mass,7:15 AM,,Mass,English,,
"Tue, Feb 24, 2026",2026-02-24,Tuesday,St. Joseph,"968 Haig Mill Lake Rd, Dalton",(706) 278-3107,Mass,9:00 AM,,Mass,english,,
"Tue, Feb 24, 2026",2026-02-24,Tuesday,St. Joseph,"3425 Andersonville Hwy, Norris",(865) 494-7746,Mass,9:00 AM,,Mass,English,St. Joseph - Norris,
"Tue, Feb 24, 2026",2026-02-24,Tuesday,St. Joseph the Worker,"649 Old Tellico Hwy N, Madisonville",(423) 442-7273,Mass,9:00 AM,,Mass,English,St. Joseph the Worker Catholic Church,
"Tue, Feb 24, 2026",2026-02-24,Tuesday,St. Jude,"1318 E Poplar Ave, Selmer",(731) 645-4188,Mass,8:00 AM,,Mass,English,"St. Jude Church, Selmer",
"Tue, Feb 24, 2026",2026-02-24,Tuesday,St. Jude,"930 Ashland Ter, Chattanooga",(423) 870-2386,Mass,8:15 AM,,Mass,english,,
"Tue, Feb 24, 2026",2026-02-24,Tuesday,St. Jude Catholic Church,"930 Ashland Terrace, Chattanooga",+1-423-870-2386,Mass,8:15 AM,,Mass,English,,
"Tue, Feb 24, 2026",2026-02-24,Tuesday,St. Julian,"118 E Chester Ave, Middlesboro",(606) 248-2068,Mass,6:30 PM,,Mass,English,,vigil
"Tue, Feb 24, 2026",2026-02-24,Tuesday,St. Katharine Drexel,"140 New England Rd, Wildwood",(706) 820-0680,Mass,8:30 AM,,Mass,english,,
"Tue, Feb 24, 2026",2026-02-24,Tuesday,St. Lawrence,"5655 Clarksville Hwy, Joelton",(615) 876-2127,Mass,9:00 AM,,Mass,English,Saint Lawrence,
"Tue, Feb 24, 2026",2026-02-24,Tuesday,St. Louis,"203 S White Station Rd, Memphis",(901) 255-1950,Mass,12:00 PM,,Mass,English,,
"Tue, Feb 24, 2026",2026-02-24,Tuesday,St. Louis,"203 S White Station Rd, Memphis",(901) 255-1950,Mass,6:15 AM,,Mass,English,,
"Tue, Feb 24, 2026",2026-02-24,Tuesday,St. Louis,"203 S White Station Rd, Memphis",(901) 255-1950,Mass,8:15 AM,,Mass,English,,
"Tue, Feb 24, 2026",2026-02-24,Tuesday,St. Lucien,"695 Summit St, Spruce Pine",(828) 898-6900,Mass,6:00 PM,,Holy Mass,English,"St. Lucien, 695 Summit St. Spruce Pine, NC 28777",
"Tue, Feb 24, 2026",2026-02-24,Tuesday,St. Mary,"403 N Main St, Franklin",(270) 586-4515 or (270) 253-3230 (Rectory),Mass,12:00 PM,,Mass,English,,
"Tue, Feb 24, 2026",2026-02-24,Tuesday,St. Mary,"1665 US-45 BYP, Jackson",(731) 668-2596,Mass,6:15 PM,,Mass,bilingual,,
"Tue, Feb 24, 2026",2026-02-24,Tuesday,St. Mary,"1665 US-45 BYP, Jackson",(731) 668-2596,Mass,7:00 AM,,Mass,english,,
"Tue, Feb 24, 2026",2026-02-24,Tuesday,St. Mary,"2211 E Lakeview Dr, Johnson City",(423) 282-6367,Mass,7:00 AM,,Mass,English,,
"Tue, Feb 24, 2026",2026-02-24,Tuesday,St. Mary,"304 Airport Rd, Gatlinburg",(865) 436-4907,Mass,8:00 AM,,Mass,english,St. Mary's Catholic Church,
"Tue, Feb 24, 2026",2026-02-24,Tuesday,St. Mary,"327 Vermont Ave, Oak Ridge",(865) 482-2875,Mass,8:00 AM,,Mass,english,,
"Tue, Feb 24, 2026",2026-02-24,Tuesday,St. Mary,"2211 E Lakeview Dr, Johnson City",(423) 282-6367,Mass,8:30 AM,,Mass,English,,
"Tue, Feb 24, 2026",2026-02-24,Tuesday,St. Mary of the Seven Sorrows,"328 Rep John Lewis Way N, Nashville",(615) 561-1704,Mass,12:10 PM,,Mass,English,,
"Tue, Feb 24, 2026",2026-02-24,Tuesday,St. Matthew,"535 Sneed Rd W, Franklin",(615) 646-0378,Mass,8:00 AM,,Mass,english,,
"Tue, Feb 24, 2026",2026-02-24,Tuesday,St. Matthew,"535 Sneed Rd W, Franklin",(615) 646-0378,Mass,8:00 AM,,Mass,English,,tags: livestream; note: when school is in session
"Tue, Feb 24, 2026",2026-02-24,Tuesday,St. Michael,"2751 County Rd 30, Florence",(256) 764-1885,Mass,12:00 PM,,Mass,English,St. Michael's Catholic Church,
"Tue, Feb 24, 2026",2026-02-24,Tuesday,St. Michael,"2751 County Rd 30, Florence",(256) 764-1885,Mass,12:00 PM,,Mass,English,St. Michael's Catholic Church,
"Tue, Feb 24, 2026",2026-02-24,Tuesday,St. Michael,"3863 Summer Ave, Memphis",(901) 323-0896,Mass,5:30 PM,,Mass,spanish,,
"Tue, Feb 24, 2026",2026-02-24,Tuesday,St. Michael,"2751 County Rd 30, Florence",(256) 764-1885,Mass,7:30 AM,,Mass,English,St. Michael's Catholic Church,
"Tue, Feb 24, 2026",2026-02-24,Tuesday,St. Michael,"3863 Summer Ave, Memphis",(901) 323-0896,Mass,8:15 AM,,Mass,english,,
"Tue, Feb 24, 2026",2026-02-24,Tuesday,St. Patrick,"2518 W Andrew Johnson Hwy, Morristown",(423) 586-9174,Mass,6:00 PM,,Spanish Mass,English,,
"Tue, Feb 24, 2026",2026-02-24,Tuesday,St. Patrick,"1219 Second Ave S, Nashville",(615) 256-6498,Mass,7:00 AM,,Mass,english,,
"Tue, Feb 24, 2026",2026-02-24,Tuesday,St. Patrick,"175 St Patrick St, McEwen",(931) 582-3633,Mass,8:00 AM,,Mass,english,"Saint Patrick Catholic Church, McEwen, TN",
"Tue, Feb 24, 2026",2026-02-24,Tuesday,St. Patrick,"2518 W Andrew Johnson Hwy, Morristown",(423) 586-9174,Mass,8:30 AM,,Mass,English,,
"Tue, Feb 24, 2026",2026-02-24,Tuesday,St. Paul the Apostle,"1425 E Shelby Dr, Memphis",(901) 346-2380,Mass,6:00 AM,,Mass,English,,note: During school year calendar
"Tue, Feb 24, 2026",2026-02-24,Tuesday,St. Paul the Apostle,"304 W Grizzard St, Tullahoma",(931) 455-3050,Mass,8:00 AM,,Mass,english,,
"Tue, Feb 24, 2026",2026-02-24,Tuesday,St. Paul the Apostle,"1425 E Shelby Dr, Memphis",(901) 346-2380,Mass,8:15 AM,,Mass,English,,
"Tue, Feb 24, 2026",2026-02-24,Tuesday,St. Peter the Apostle,"208 Upper Ferry Rd, Carthage",(615) 281-8327,Mass,5:00 PM,,Daily Mass,English,,
"Tue, Feb 24, 2026",2026-02-24,Tuesday,St. Philip,"113 Second Ave S, Franklin",(615) 794-8588,Mass,7:00 AM,,Mass,english,St. Philip Catholic Church,
"Tue, Feb 24, 2026",2026-02-24,Tuesday,St. Philip,"113 Second Ave S, Franklin",(615) 794-8588,Mass,7:00 PM,,Mass,spanish,St. Philip Catholic Church,
"Tue, Feb 24, 2026",2026-02-24,Tuesday,St. Philip,"113 Second Ave S, Franklin",(615) 794-8588,Mass,9:00 AM,,Mass,english,St. Philip Catholic Church,
"Tue, Feb 24, 2026",2026-02-24,Tuesday,St. Philip the Apostle,"11710 US Hwy 64, Somerville",(901) 465-8685,Mass,8:30 AM,,Mass,english,,
"Tue, Feb 24, 2026",2026-02-24,Tuesday,St. Pius X,"2800 Tucker Rd, Nashville",(615) 256-2729,Mass,7:00 PM,,Holy Mass and Communion Service,vietnamese,ST. PIUS X ACADEMY AND CHURCH,
"Tue, Feb 24, 2026",2026-02-24,Tuesday,St. Pius X,"2800 Tucker Rd, Nashville",(615) 256-2729,Mass,7:15 AM,,Holy Mass and Communion Service,english,ST. PIUS X ACADEMY AND CHURCH,
"Tue, Feb 24, 2026",2026-02-24,Tuesday,St. Pius X Church,"2800 Tucker Rd, Nashville",+1-615-244-4093,Mass,7:00 PM,,Mass,vietnamese,ST. PIUS X ACADEMY AND CHURCH,
"Tue, Feb 24, 2026",2026-02-24,Tuesday,St. Pius X Church,"2800 Tucker Rd, Nashville",+1-615-244-4093,Mass,7:15 AM,,Mass,english,ST. PIUS X ACADEMY AND CHURCH,
"Tue, Feb 24, 2026",2026-02-24,Tuesday,St. Rose of Lima Catholic Church,"1601 N Tennessee Blvd, Murfreesboro",(615) 893-1843,Mass,7:00 AM,,Mass,English,,
"Tue, Feb 24, 2026",2026-02-24,Tuesday,St. Rose of Lima Catholic Church,"1601 N Tennessee Blvd, Murfreesboro",(615) 893-1843,Mass,7:00 PM,,Mass,spanish,,
"Tue, Feb 24, 2026",2026-02-24,Tuesday,St. Stephen,"14544 Lebanon Rd, Old Hickory",(615) 758-2424,Mass,8:00 AM,,Mass,english,Saint Stephen Catholic Community,
"Tue, Feb 24, 2026",2026-02-24,Tuesday,St. Stephen,"7111 Lee Hwy, Chattanooga",(423) 892-1261,Mass,8:30 AM,,Mass,english,St. Stephen Catholic Church,
"Tue, Feb 24, 2026",2026-02-24,Tuesday,St. Therese of Lisieux,"900 Clingan Ridge Dr NW, Cleveland",(423) 476-8123,Mass,8:30 AM,,Mass,english,,
"Tue, Feb 24, 2026",2026-02-24,Tuesday,St. Thomas Aquinas,"421 N Washington Ave, Cookeville",(931) 526-2575,Mass,8:00 AM,,Mass,english,,
"Tue, Feb 24, 2026",2026-02-24,Tuesday,St. Thomas the Apostle,"1580 St Thomas Way, Lenoir City",(865) 986-9885,Mass,8:30 AM,,Mass,english,Saint Thomas the Apostle,
"Tue, Feb 24, 2026",2026-02-24,Tuesday,St. Vincent de Paul,"1700 Heiman St, Nashville",(615) 320-0695 (Ext 100),Mass,9:00 AM,,Mass,english,,
"Tue, Feb 24, 2026",2026-02-24,Tuesday,St. William,"4932 Easley St, Millington",(901) 872-4099,Mass,11:30 AM,,Mass,English,St. William Catholic Church,
"Tue, Feb 24, 2026",2026-02-24,Tuesday,St. William,"765 Andrews Rd, Murphy",(828) 837-2000,Mass,12:00 PM,,Mass,english,St. William Catholic Church,
"Tue, Feb 24, 2026",2026-02-24,Tuesday,St. William,"500 S Brittain St, Shelbyville",19316848745,Mass,8:00 AM,,Mass,english,St Joseph Chapel,
"Tue, Feb 24, 2026",2026-02-24,Tuesday,Sts. Peter and Paul,"902 E 9th St, Hopkinsville",(270) 885-8522,Mass,8:00 AM,,Mass,english,,
"Tue, Feb 24, 2026",2026-02-24,Tuesday,The Cathedral of the Most Sacred Heart of Jesus,"711 S Northshore Dr, Knoxville",(865) 588-0249,Mass,12:00 PM,,Mass,English,,
"Tue, Feb 24, 2026",2026-02-24,Tuesday,The Cathedral of the Most Sacred Heart of Jesus,"711 S Northshore Dr, Knoxville",(865) 588-0249,Mass,8:05 AM,,Mass,English,,livestream
"Tue, Feb 24, 2026",2026-02-24,Tuesday,Ascension,"3680 Ramill Rd, Memphis",(901) 372-1364,Confession,5:00 PM,6:00 PM,Confession,spanish,Ascension,
"Tue, Feb 24, 2026",2026-02-24,Tuesday,Basilica of Sts. Peter and Paul,"214 E 8th St, Chattanooga",(423) 266-1618,Confession,11:30 AM,12:00 PM,Confession,English,Basilica,
"Tue, Feb 24, 2026",2026-02-24,Tuesday,Basilica of Sts. Peter and Paul,"214 E 8th St, Chattanooga",(423) 266-1618,Confession,TBD,,Confessions,English,,30 minutes before each Mass except the 7am
"Tue, Feb 24, 2026",2026-02-24,Tuesday,Cathedral of the Incarnation,"2015 W End Ave, Nashville",(615) 327-2330,Confession,11:00 AM,12:00 PM,Confession,English,Cathedral,
"Tue, Feb 24, 2026",2026-02-24,Tuesday,Catholic Student Center -UM,"3625 Mynders Ave, Memphis",(901) 323-3051,Confession,4:00 PM,4:30 PM,Confession,English,Catholic Student Center,
"Tue, Feb 24, 2026",2026-02-24,Tuesday,Christ the King Catholic Church,"785 Church Rd W, Southaven",+1-662-342-1073,Confession,5:00 PM,5:30 PM,Confession,English,"Mary, Queen of Peace Chapel Confessional",
"Tue, Feb 24, 2026",2026-02-24,Tuesday,Good Samaritan,"55 Church St, Ellijay",(706) 636-2772,Confession,6:15 PM,7:00 PM,Confessions,English,,Appointments available
"Tue, Feb 24, 2026",2026-02-24,Tuesday,Holy Family,"431 Old Hwy 52, Lafayette",(615) 666-6466,Confession,6:00 PM,7:00 PM,Confession,English,"Holy Family catholic church, Lafayette, TN",
"Tue, Feb 24, 2026",2026-02-24,Tuesday,Holy Rosary,"192 Graylynn Dr, Nashville",(615) 889-4065,Confession,5:00 PM,,Confessions,English,,
"Tue, Feb 24, 2026",2026-02-24,Tuesday,Immaculate Conception,"414 W Vine Ave, Knoxville",(865) 522-1508,Confession,11:00 AM,12:00 PM,Confession,english,Immaculate Conception,
"Tue, Feb 24, 2026",2026-02-24,Tuesday,Immaculate Conception,"414 W Vine Ave, Knoxville",(865) 522-1508,Confession,11:30 AM,12:00 PM,Confession,english,Immaculate Conception,
"Tue, Feb 24, 2026",2026-02-24,Tuesday,Immaculate Conception,"414 W Vine Ave, Knoxville",(865) 522-1508,Confession,7:00 PM,8:00 PM,Confession,English,Immaculate Conception,tags: exposition; benediction
"Tue, Feb 24, 2026",2026-02-24,Tuesday,Mission of St. John Paul II,"161 Bryan Ln, Rutledge",(865) 992-7222,Confession,5:30 PM,,Confession,English,Adoration Chapel,
"Tue, Feb 24, 2026",2026-02-24,Tuesday,Mother Teresa ,"7668 Nolensville Rd (house on the hill ), Nolensville",(651) 283-3119,Confession,5:30 PM,6:30 PM,Adoration and Confession,English,,weekly; exposition
"Tue, Feb 24, 2026",2026-02-24,Tuesday,Mother Teresa ,"7668 Nolensville Rd (house on the hill ), Nolensville",(651) 283-3119,Confession,5:30 PM,6:30 PM,Confession,English,,weekly
"Tue, Feb 24, 2026",2026-02-24,Tuesday,National Shrine of St. Martin de Porres,"190 Adams Ave, Memphis",(901) 527-8282,Confession,11:30 AM,12:00 PM,Confession,English,St. Martin de Porres Shrine Chapel,
"Tue, Feb 24, 2026",2026-02-24,Tuesday,Our Lady of the Lake,"1729 Stop 30 Rd, Hendersonville",(615) 824-3276,Confession,5:30 AM,,Reconciliation,English,,
"Tue, Feb 24, 2026",2026-02-24,Tuesday,Our Lady of the Lake,"1729 Stop 30 Rd, Hendersonville",(615) 824-3276,Confession,8:15 AM,,Reconciliation,English,,
"Tue, Feb 24, 2026",2026-02-24,Tuesday,St Alphonsus Catholic Church,"151 St Alphonsus Way, Crossville",+1-931-484-2358,Confession,7:30 AM,8:15 AM,Confession,English,,
"Tue, Feb 24, 2026",2026-02-24,Tuesday,St Therese-Little Flower,"1644 Jackson Ave, Memphis",(901) 276-1412,Confession,3:30 PM,4:00 PM,Confession,spanish,"Blessed Sacrament, 2564 Hale Ave, Memphis, TN",
"Tue, Feb 24, 2026",2026-02-24,Tuesday,St. Alphonsus,"151 St Alphonsus Way, Crossville",(931) 484-2358,Confession,7:30 AM,8:15 AM,Confession,English,Saint Alphonsus Catholic Church,
"Tue, Feb 24, 2026",2026-02-24,Tuesday,St. Andrew the Apostle,"149 Brook St, Mars Hill",(828) 689-3719,Confession,TBD,,Confession,English,St. Andrew,after Mass
"Tue, Feb 24, 2026",2026-02-24,Tuesday,St. Ann,"5101 Charlotte Ave, Nashville",(615) 298-1782,Confession,4:30 PM,5:30 PM,Confession,English,Confessional room,
"Tue, Feb 24, 2026",2026-02-24,Tuesday,St. Anne,"316 Euclid Ave, Bristol",(276) 669-8200,Confession,5:00 PM,6:00 PM,Confession,English,,
"Tue, Feb 24, 2026",2026-02-24,Tuesday,St. Augustine,"1716 Anderson Pike, Signal Mountain",(423) 886-3424,Confession,7:00 AM,8:00 AM,Sacrament of Reconciliation,English,,Or By Appointment
"Tue, Feb 24, 2026",2026-02-24,Tuesday,St. Edward,"188 Thompson Ln, Nashville",(615)-833-5520,Confession,7:00 AM,7:45 AM,Adoration & Confession,English,,
"Tue, Feb 24, 2026",2026-02-24,Tuesday,St. Edward,"188 Thompson Ln, Nashville",(615)-833-5520,Confession,7:00 AM,7:45 AM,Confession,English,,
"Tue, Feb 24, 2026",2026-02-24,Tuesday,St. Francis of Assisi,"167 St Francis Pl, Jefferson",(336) 246-9151,Confession,5:30 PM,6:15 PM,Confessions,bilingual,,during Adoration
"Tue, Feb 24, 2026",2026-02-24,Tuesday,St. John Vianney,"449 N Water St, Gallatin",(615) 452-2977,Confession,11:30 AM,11:50 AM,Confession,English,,
"Tue, Feb 24, 2026",2026-02-24,Tuesday,St. Joseph the Worker,"649 Old Tellico Hwy N, Madisonville",(423) 442-7273,Confession,8:00 AM,,Sacrament of Penance,English,St. Joseph the Worker Catholic Church,and by appointment
"Tue, Feb 24, 2026",2026-02-24,Tuesday,St. Lawrence,"5655 Clarksville Hwy, Joelton",(615) 876-2127,Confession,8:15 AM,9:00 AM,Confession,English,Saint Lawrence,
"Tue, Feb 24, 2026",2026-02-24,Tuesday,St. Lucien,"695 Summit St, Spruce Pine",(828) 898-6900,Confession,5:00 PM,,Confessions,English,"St. Lucien, 695 Summit St. Spruce Pine, NC 28777",exposition
"Tue, Feb 24, 2026",2026-02-24,Tuesday,St. Mary,"1665 US-45 BYP, Jackson",(731) 668-2596,Confession,5:45 PM,6:15 PM,Confession,English,,
"Tue, Feb 24, 2026",2026-02-24,Tuesday,St. Mary of the Seven Sorrows,"328 Rep John Lewis Way N, Nashville",(615) 561-1704,Confession,11:30 AM,,Confession,English,,
"Tue, Feb 24, 2026",2026-02-24,Tuesday,St. Michael,"2751 County Rd 30, Florence",(256) 764-1885,Confession,9:30 AM,3:30 PM,Confession,English,St. Michael's Catholic Church,
"Tue, Feb 24, 2026",2026-02-24,Tuesday,St. Patrick,"1219 Second Ave S, Nashville",(615) 256-6498,Confession,6:15 AM,6:50 AM,Confessions,English,,
"Tue, Feb 24, 2026",2026-02-24,Tuesday,St. Philip,"113 Second Ave S, Franklin",(615) 794-8588,Confession,5:30 PM,6:50 PM,Confession,English,St. Philip Catholic Church,
"Tue, Feb 24, 2026",2026-02-24,Tuesday,St. Rose of Lima Catholic Church,"1601 N Tennessee Blvd, Murfreesboro",(615) 893-1843,Confession,6:00 PM,,Confession,English,,
"Tue, Feb 24, 2026",2026-02-24,Tuesday,St. Thomas the Apostle,"1580 St Thomas Way, Lenoir City",(865) 986-9885,Confession,5:00 PM,7:30 PM,Confessions,English,Saint Thomas the Apostle,note: or by appointment
"Tue, Feb 24, 2026",2026-02-24,Tuesday,Catholic Student Center -UM,"3625 Mynders Ave, Memphis",(901) 323-3051,Adoration,3:30 PM,4:30 PM,Adoration,English,Catholic Student Center,Available according to University Schedule
"Tue, Feb 24, 2026",2026-02-24,Tuesday,Chapel of St. Cecilia,"801 Dominican Dr, Nashville",16152565486,Adoration,2:00 PM,,Exposition and Adoration,English,Chapel,exposition; adoration
"Tue, Feb 24, 2026",2026-02-24,Tuesday,Christ the King,"785 Church Rd W, Southaven",(662) 342-1073,Adoration,6:00 PM,7:30 PM,Eucharistic Adoration with Vespers,English,,adoration; benediction
"Tue, Feb 24, 2026",2026-02-24,Tuesday,Christ the King Catholic Church,"785 Church Rd W, Southaven",+1-662-342-1073,Adoration,9:00 AM,9:00 PM,Adoration,English,"Mary, Queen of Peace Chapel",exposition
"Tue, Feb 24, 2026",2026-02-24,Tuesday,Good Samaritan,"55 Church St, Ellijay",(706) 636-2772,Adoration,7:30 PM,9:30 PM,Adoration of the Blessed Sacrament,spanish,,exposition
"Tue, Feb 24, 2026",2026-02-24,Tuesday,Holy Rosary,"192 Graylynn Dr, Nashville",(615) 889-4065,Adoration,5:00 PM,6:00 PM,Adoration,English,,
"Tue, Feb 24, 2026",2026-02-24,Tuesday,Holy Spirit,"545 E Commerce St, Hernando",(662) 429-7851,Adoration,10:00 AM,11:00 AM,Adoration,English,,
"Tue, Feb 24, 2026",2026-02-24,Tuesday,Immaculate Conception,"414 W Vine Ave, Knoxville",(865) 522-1508,Adoration,7:00 PM,8:00 PM,Adoration,English,Immaculate Conception,tags: exposition
"Tue, Feb 24, 2026",2026-02-24,Tuesday,Our Lady of Fatima,"858 Louisville Rd, Alcoa",(865) 982-3672,Adoration,12:30 PM,6:00 PM,Eucharistic Exposition,English,,tags: exposition
"Tue, Feb 24, 2026",2026-02-24,Tuesday,Our Lady of Lourdes,"704 Holly Ave, South Pittsburg",(423) 837-7068,Adoration,7:30 AM,,Adoration,English,,after Mass
"Tue, Feb 24, 2026",2026-02-24,Tuesday,Our Lady of the Shoals,"200 E Commons St N, Tuscumbia",(256) 383-7207,Adoration,TBD,,Adoration,English,,30 minutes before weekday masses; exposition
"Tue, Feb 24, 2026",2026-02-24,Tuesday,Saint Francis of Assisi Catholic Church,"7503 Peavine Rd, Crossville",+1-931-484-3628,Adoration,7:30 AM,8:00 AM,Adoration,English,,tags: exposition
"Tue, Feb 24, 2026",2026-02-24,Tuesday,St Alphonsus Catholic Church,"151 St Alphonsus Way, Crossville",+1-931-484-2358,Adoration,7:30 AM,8:15 AM,Adoration,English,,
"Tue, Feb 24, 2026",2026-02-24,Tuesday,St. Alphonsus,"151 St Alphonsus Way, Crossville",(931) 484-2358,Adoration,7:30 AM,8:15 AM,Adoration,English,Saint Alphonsus Catholic Church,exposition
"Tue, Feb 24, 2026",2026-02-24,Tuesday,St. Andrew the Apostle,"149 Brook St, Mars Hill",(828) 689-3719,Adoration,8:00 AM,9:00 AM,Adoration,English,St. Andrew,exposition
"Tue, Feb 24, 2026",2026-02-24,Tuesday,St. Anne,"316 Euclid Ave, Bristol",(276) 669-8200,Adoration,9:15 AM,10:00 AM,Adoration,English,,note: following Daily Mass
"Tue, Feb 24, 2026",2026-02-24,Tuesday,St. Augustine,"1716 Anderson Pike, Signal Mountain",(423) 886-3424,Adoration,7:00 AM,8:00 AM,Adoration,English,,
"Tue, Feb 24, 2026",2026-02-24,Tuesday,St. Francis of Assisi,"7503 Peavine Rd, Fairfield Glade",(931) 484-3628,Adoration,7:30 AM,8:00 AM,Adoration,English,,exposition
"Tue, Feb 24, 2026",2026-02-24,Tuesday,St. Gerard Majella,"3049 Lafayette Rd, Fort Oglethorpe",(706) 861-9410,Adoration,7:30 AM,9:00 AM,Adoration,English,Saint Gerard Majella Catholic Church,exposition
"Tue, Feb 24, 2026",2026-02-24,Tuesday,St. Ignatius of Antioch,"601 Bell Rd, Nashville",615-367-0085,Adoration,7:45 AM,8:45 AM,Eucharist Adoration,English,,
"Tue, Feb 24, 2026",2026-02-24,Tuesday,St. Louis,"203 S White Station Rd, Memphis",(901) 255-1950,Adoration,6:00 AM,10:00 PM,Adoration,English,,
"Tue, Feb 24, 2026",2026-02-24,Tuesday,St. Lucien,"695 Summit St, Spruce Pine",(828) 898-6900,Adoration,5:00 PM,,Adoration,English,"St. Lucien, 695 Summit St. Spruce Pine, NC 28777",confession; exposition
"Tue, Feb 24, 2026",2026-02-24,Tuesday,St. Philip,"113 Second Ave S, Franklin",(615) 794-8588,Adoration,5:30 PM,6:50 PM,Adoration,English,St. Philip Catholic Church,exposition
"Tue, Feb 24, 2026",2026-02-24,Tuesday,Chapel of St. Cecilia,"801 Dominican Dr, Nashville",16152565486,Devotions,5:30 PM,6:00 PM,Vespers,English,,
"Tue, Feb 24, 2026",2026-02-24,Tuesday,Chapel of St. Cecilia,"801 Dominican Dr, Nashville",16152565486,Devotions,6:00 PM,6:30 PM,Rosary,English,,
"Tue, Feb 24, 2026",2026-02-24,Tuesday,Good Shepherd,"2361 Cosby Hwy, Newport",(423) 623-5051,Devotions,10:00 AM,,Rosary,english,Church of the Good Shepherd,
"Tue, Feb 24, 2026",2026-02-24,Tuesday,Holy Spirit,"2300 Hickory Crest Dr, Memphis",(901) 754-7146,Devotions,7:00 PM,,Centering Prayer,English,,zoom
"Tue, Feb 24, 2026",2026-02-24,Tuesday,Holy Spirit,"2300 Hickory Crest Dr, Memphis",(901) 754-7146,Devotions,TBD,,Rosary,English,Chapel,after
"Tue, Feb 24, 2026",2026-02-24,Tuesday,Our Lady of Fatima,"858 Louisville Rd, Alcoa",(865) 982-3672,Devotions,6:00 PM,,Benediction,English,,tags: benediction
"Tue, Feb 24, 2026",2026-02-24,Tuesday,Queen of Peace,"8455 Germantown Rd, Olive Branch",(662) 895-5007,Devotions,11:30 AM,,Rosary,English,,
"Tue, Feb 24, 2026",2026-02-24,Tuesday,St. Gerard Majella,"3049 Lafayette Rd, Fort Oglethorpe",(706) 861-9410,Devotions,8:30 AM,,Recitation of the Rosary,English,Saint Gerard Majella Catholic Church,
"Tue, Feb 24, 2026",2026-02-24,Tuesday,St. Rose of Lima Catholic Church,"1601 N Tennessee Blvd, Murfreesboro",(615) 893-1843,Devotions,6:30 AM,,Rosary,English,,
"Tue, Feb 24, 2026",2026-02-24,Tuesday,St. Therese of Lisieux,"900 Clingan Ridge Dr NW, Cleveland",(423) 476-8123,Devotions,9:00 AM,,Rosary,English,Adoration Chapel,note: following 08:30 Mass
"Tue, Feb 24, 2026",2026-02-24,Tuesday,University Catholic (Vanderbilt and Belmont U.),"2015 W End Ave, Nashville",(629) 800-5151,Devotions,11:30 AM,,Rosary,English,Campus,
"Tue, Feb 24, 2026",2026-02-24,Tuesday,The Catholic Community of The Sacred Heart of Jesus," Building# 5875 Desert Storm Ave, Fort Campbell",270-798-2352,Other,11:45 AM,,Catholic Worship Services,English,5875 - Soldiers Chapel,
"Tue, Feb 24, 2026",2026-02-24,Tuesday,University Catholic (Vanderbilt and Belmont U.),"2015 W End Ave, Nashville",(629) 800-5151,Other,6:00 PM,,Veritas,English,,
"Tue, Feb 24, 2026",2026-02-24,Tuesday,Vietnamese Parish of Divine Mercy,"10919 Carmichael Rd, Knoxville",(865) 766-2091,Other,8:00 AM,,Lễ,English,,
"Tue, Feb 24, 2026",2026-02-24,Tuesday,Good Shepherd,"2021 Decherd Blvd, Decherd",(931) 967-0961,Sacraments,9:00 AM,,Communion Service,English,Good Shepherd Church,
"Tue, Feb 24, 2026",2026-02-24,Tuesday,Notre Dame,"212 Mount Bethel Rd, Greeneville",(423) 639-9381,Sacraments,8:30 AM,,Communion Service,english,Notre Dame Catholic Church,recurring: Jan 13 – Feb 13; 2026
"Tue, Feb 24, 2026",2026-02-24,Tuesday,St. Brigid,"7801 Lowrance Rd, Memphis",(901) 758-0128,Sacraments,8:15 AM,,Communion Service,english,Main Church,
"Tue, Feb 24, 2026",2026-02-24,Tuesday,St. Lawrence,"5655 Clarksville Hwy, Joelton",(615) 876-2127,Private,9:00 AM,4:00 PM,Church Open for Prayer,English,Saint Lawrence,
"Tue, Feb 24, 2026",2026-02-24,Tuesday,St. Mary,"155 Market St, Memphis",(901) 522-9420,Sacraments,5:30 PM,,Communion Service,English,,
"Wed, Feb 25, 2026",2026-02-25,Wednesday,All Saints,"620 N Cedar Bluff Rd, Knoxville",(865) 531-0770,Mass,6:30 AM,,Mass,english,620 N Cedar Bluff Rd,
"Wed, Feb 25, 2026",2026-02-25,Wednesday,All Saints,"620 N Cedar Bluff Rd, Knoxville",(865) 531-0770,Mass,9:00 AM,,Mass,english,620 N Cedar Bluff Rd,
"Wed, Feb 25, 2026",2026-02-25,Wednesday,Assumption,"1227 7th Ave N, Nashville",(615) 256-2729,Mass,7:00 AM,,Low Mass,latin,,
"Wed, Feb 25, 2026",2026-02-25,Wednesday,Ave Maria,"664 S Washington St (TN-209), Ripley",(731)589-8302,Mass,6:00 PM,,Mass,english,,
"Wed, Feb 25, 2026",2026-02-25,Wednesday,Basilica of Sts. Peter and Paul,"214 E 8th St, Chattanooga",(423) 266-1618,Mass,12:00 PM,,Mass,english,Basilica,
"Wed, Feb 25, 2026",2026-02-25,Wednesday,Basilica of Sts. Peter and Paul,"214 E 8th St, Chattanooga",(423) 266-1618,Mass,7:00 AM,,Mass,english,Basilica,
"Wed, Feb 25, 2026",2026-02-25,Wednesday,Cathedral of the Immaculate Conception,"1669 Central Ave, Memphis",(901) 725-2700,Mass,12:00 PM,,Mass,English,,
"Wed, Feb 25, 2026",2026-02-25,Wednesday,Cathedral of the Immaculate Conception,"1669 Central Ave, Memphis",(901) 725-2700,Mass,6:30 AM,,Mass,English,,
"Wed, Feb 25, 2026",2026-02-25,Wednesday,Cathedral of the Incarnation,"2015 W End Ave, Nashville",(615) 327-2330,Mass,12:10 PM,,Mass,English,Cathedral,
"Wed, Feb 25, 2026",2026-02-25,Wednesday,Cathedral of the Incarnation,"2015 W End Ave, Nashville",(615) 327-2330,Mass,7:00 AM,,Mass,English,Cathedral,
"Wed, Feb 25, 2026",2026-02-25,Wednesday,Catholic Church of the Nativity,"2793 Buckner Ln, Thompson's Station",+1-615-794-4004,Mass,6:00 PM,,Mass,English,,
"Wed, Feb 25, 2026",2026-02-25,Wednesday,Catholic Church of the Nativity,"2793 Buckner Ln, Thompson's Station",+1-615-794-4004,Mass,9:00 AM,,Mass,English,,
"Wed, Feb 25, 2026",2026-02-25,Wednesday,Catholic Student Center -UM,"3625 Mynders Ave, Memphis",(901) 323-3051,Mass,4:30 PM,,Mass,english,Catholic Student Center,
"Wed, Feb 25, 2026",2026-02-25,Wednesday,Christ the King,"785 Church Rd W, Southaven",(662) 342-1073,Mass,12:00 PM,,Mass,english,,
"Wed, Feb 25, 2026",2026-02-25,Wednesday,Christ the King,"820 E Main St, Abingdon",(276) 628-2941,Mass,6:00 PM,,Mass,English,Christ the King Parish,
"Wed, Feb 25, 2026",2026-02-25,Wednesday,Christ the King,"3001 Belmont Blvd, Nashville",(615) 292-2884,Mass,6:00 PM,,Mass,english,,
"Wed, Feb 25, 2026",2026-02-25,Wednesday,Christ the King,"298 Bluegrass Dr, Scottsville",(270) 237-4404 or (270) 586-4515,Mass,8:00 AM,,Mass,English,CTK,
"Wed, Feb 25, 2026",2026-02-25,Wednesday,Good Samaritan,"55 Church St, Ellijay",(706) 636-2772,Mass,9:00 AM,,Mass,english,,
"Wed, Feb 25, 2026",2026-02-25,Wednesday,Good Shepherd,"2361 Cosby Hwy, Newport",(423) 623-5051,Mass,7:00 PM,,Mass,english,Church of the Good Shepherd,
"Wed, Feb 25, 2026",2026-02-25,Wednesday,Good Shepherd,"2021 Decherd Blvd, Decherd",(931) 967-0961,Mass,9:00 AM,,Mass,English,Good Shepherd Church,
"Wed, Feb 25, 2026",2026-02-25,Wednesday,Holy Angels,"535 Tucker St, Dyersburg",(731) 287-8000,Mass,6:00 PM,,Mass,english,,
"Wed, Feb 25, 2026",2026-02-25,Wednesday,Holy Cross,"1210 E Wood St, Paris",(731) 642-4681,Mass,12:00 PM,,Mass,English,,
"Wed, Feb 25, 2026",2026-02-25,Wednesday,Holy Cross,"144 Wears Valley Rd, Pigeon Forge",865-429-5587,Mass,12:00 PM,,Mass,english,,
"Wed, Feb 25, 2026",2026-02-25,Wednesday,Holy Family,"201 Black Oak Ridge Rd, Seymour",(865) 573-1203,Mass,12:00 PM,,Mass,english,,
"Wed, Feb 25, 2026",2026-02-25,Wednesday,Holy Family,"431 Old Hwy 52, Lafayette",(615) 666-6466,Mass,4:30 PM,,Mass,english,"Holy Family catholic church, Lafayette, TN",
"Wed, Feb 25, 2026",2026-02-25,Wednesday,Holy Family,"9100 Crockett Rd, Brentwood",(615) 373-4696,Mass,6:30 PM,,Mass,English,,note: no livestream
"Wed, Feb 25, 2026",2026-02-25,Wednesday,Holy Family,"201 Black Oak Ridge Rd, Seymour",(865) 573-1203,Mass,8:30 AM,,Mass,english,,
"Wed, Feb 25, 2026",2026-02-25,Wednesday,Holy Family,"9100 Crockett Rd, Brentwood",(615) 373-4696,Mass,9:00 AM,,Mass,English,,livestream
"Wed, Feb 25, 2026",2026-02-25,Wednesday,Holy Family Catholic Church,"201 Black Oak Ridge Rd, Seymour",+1-865-573-1203,Mass,12:00 PM,,Mass,english,,
"Wed, Feb 25, 2026",2026-02-25,Wednesday,Holy Family Catholic Church,"201 Black Oak Ridge Rd, Seymour",+1-865-573-1203,Mass,8:30 AM,,Mass,english,,
"Wed, Feb 25, 2026",2026-02-25,Wednesday,Holy Ghost,"1041 N Central St, Knoxville",(865) 522-2205,Mass,6:30 AM,,Mass,English,,
"Wed, Feb 25, 2026",2026-02-25,Wednesday,Holy Ghost,"1041 N Central St, Knoxville",(865) 522-2205,Mass,8:00 AM,,Mass,English,,
"Wed, Feb 25, 2026",2026-02-25,Wednesday,Holy Name,"521 Woodland St, Nashville",(615) 254-8847,Mass,8:00 AM,,Mass,english,Church of the Most Holy Name,
"Wed, Feb 25, 2026",2026-02-25,Wednesday,Holy Rosary,"4851 Park Ave, Memphis",(901) 767-6949,Mass,6:15 AM,,Mass,English,,
"Wed, Feb 25, 2026",2026-02-25,Wednesday,Holy Rosary,"192 Graylynn Dr, Nashville",(615) 889-4065,Mass,6:15 PM,,Mass,English,,
"Wed, Feb 25, 2026",2026-02-25,Wednesday,Holy Rosary,"192 Graylynn Dr, Nashville",(615) 889-4065,Mass,8:00 AM,,Mass,English,,
"Wed, Feb 25, 2026",2026-02-25,Wednesday,Holy Rosary,"4851 Park Ave, Memphis",(901) 767-6949,Mass,8:15 AM,,Mass,English,,
"Wed, Feb 25, 2026",2026-02-25,Wednesday,Holy Spirit,"2300 Hickory Crest Dr, Memphis",(901) 754-7146,Mass,6:30 AM,,Mass,English,,
"Wed, Feb 25, 2026",2026-02-25,Wednesday,Holy Spirit,"2300 Hickory Crest Dr, Memphis",(901) 754-7146,Mass,8:00 AM,,Mass,English,,
"Wed, Feb 25, 2026",2026-02-25,Wednesday,Holy Spirit,"10768 Dayton Pike, Soddy Daisy",(423) 332-5300,Mass,9:00 AM,,Mass,english,Holy Spirit,
"Wed, Feb 25, 2026",2026-02-25,Wednesday,Holy Spirit Catholic Church,"10768 Dayton Pike, Soddy-Daisy",+1-423-332-5300,Mass,9:00 AM,,Mass,english,Holy Spirit,
"Wed, Feb 25, 2026",2026-02-25,Wednesday,Immaculate Conception,"709 Franklin St, Clarksville",(931) 645-6275,Mass,11:00 AM,,Mass,english,Main Church,
"Wed, Feb 25, 2026",2026-02-25,Wednesday,Immaculate Conception,"100 Chapel Rd, Pulaski",(931) 363-5776,Mass,11:00 AM,,Mass,English,Immaculate Conception - Pulaski,
"Wed, Feb 25, 2026",2026-02-25,Wednesday,Immaculate Conception,"414 W Vine Ave, Knoxville",(865) 522-1508,Mass,12:10 PM,,Mass,english,Immaculate Conception,
"Wed, Feb 25, 2026",2026-02-25,Wednesday,Immaculate Conception,"709 Franklin St, Clarksville",(931) 645-6275,Mass,6:30 PM,,Mass,spanish,Capilla,
"Wed, Feb 25, 2026",2026-02-25,Wednesday,Incarnation,"360 Bray Station Rd, Collierville",(901) 853-7468 ,Mass,8:15 AM,,Mass,English,St. Therese Chapel,tags: chapel
"Wed, Feb 25, 2026",2026-02-25,Wednesday,Mission of Our Lady of the Lake,"10645 Hwy 57, Counce",(731) 925-4852,Mass,6:00 PM,,Mass,English,St. Mary's,
"Wed, Feb 25, 2026",2026-02-25,Wednesday,Mission of St. John Paul II,"161 Bryan Ln, Rutledge",(865) 992-7222,Mass,6:00 PM,,Mass,spanish,,
"Wed, Feb 25, 2026",2026-02-25,Wednesday,Mission of the Holy Family,"265 Cotham Dr, Huntingdon",(731) 584-6459,Mass,12:00 PM,,Mass,English,"Holy Family Catholic Mission, Huntingdon, TN",
"Wed, Feb 25, 2026",2026-02-25,Wednesday,Mother Teresa ,"7668 Nolensville Rd (house on the hill ), Nolensville",(651) 283-3119,Mass,7:00 AM,,Mass,English,Parish Chapel,
"Wed, Feb 25, 2026",2026-02-25,Wednesday,National Shrine of St. Martin de Porres,"190 Adams Ave, Memphis",(901) 527-8282,Mass,12:05 PM,,Mass,english,St. Martin de Porres National Shrine Chapel,
"Wed, Feb 25, 2026",2026-02-25,Wednesday,Nativity,"2793 Buckner Ln, Spring Hill",(615) 794-4004,Mass,6:00 PM,,Mass,english,,
"Wed, Feb 25, 2026",2026-02-25,Wednesday,Nativity,"5955 St Elmo Rd, Bartlett",(901) 382-2504,Mass,8:00 AM,,Mass,english,,
"Wed, Feb 25, 2026",2026-02-25,Wednesday,Nativity,"2793 Buckner Ln, Spring Hill",(615) 794-4004,Mass,9:00 AM,,Mass,english,,
"Wed, Feb 25, 2026",2026-02-25,Wednesday,Nativity,"2793 Buckner Ln, Spring Hill",(615) 794-4004,Mass,9:00 AM,,Mass,english,,
"Wed, Feb 25, 2026",2026-02-25,Wednesday,Notre Dame Catholic Church,"212 Mt Bethel Rd, Greeneville",+1-423-639-9381,Mass,6:00 PM,,Mass,english,Notre Dame,
"Wed, Feb 25, 2026",2026-02-25,Wednesday,Our Lady of Fatima,"858 Louisville Rd, Alcoa",(865) 982-3672,Mass,8:00 AM,,Mass,english,,livestream
"Wed, Feb 25, 2026",2026-02-25,Wednesday,Our Lady of Guadalupe,"3112 Nolensville Rd, Nashville",615-333-8660,Mass,6:00 PM,,Mass,English,,
"Wed, Feb 25, 2026",2026-02-25,Wednesday,Our Lady of Lourdes,"704 Holly Ave, South Pittsburg",(423) 837-7068,Mass,5:30 PM,,Mass,English,,
"Wed, Feb 25, 2026",2026-02-25,Wednesday,Our Lady of Perpetual Help,"8151 Poplar Ave, Germantown",(901) 754-1204,Mass,12:00 PM,,Mass,English,chapel,livestream
"Wed, Feb 25, 2026",2026-02-25,Wednesday,Our Lady of Perpetual Help,"8151 Poplar Ave, Germantown",(901) 754-1204,Mass,6:15 AM,,Mass,English,chapel,livestream
"Wed, Feb 25, 2026",2026-02-25,Wednesday,Our Lady of Perpetual Help,"501 S Moore Rd, Chattanooga",(423) 622-7232,Mass,8:15 AM,,Daily Mass,english,,
"Wed, Feb 25, 2026",2026-02-25,Wednesday,Our Lady of Perpetual Help,"501 S Moore Rd, Chattanooga",+1-423-622-7232,Mass,8:15 AM,,Mass,english,,
"Wed, Feb 25, 2026",2026-02-25,Wednesday,Our Lady of Perpetual Help,"8151 Poplar Ave, Germantown",(901) 754-1204,Mass,8:15 AM,,Mass,English,chapel,livestream
"Wed, Feb 25, 2026",2026-02-25,Wednesday,Our Lady of Perpetual Help,"1142 E Elm St, Lafollette",(423) 562-0312,Mass,9:30 AM,,Mass,English,,
"Wed, Feb 25, 2026",2026-02-25,Wednesday,Our Lady of Sorrows,"3700 Thomas St, Memphis",(901) 353-1530,Mass,6:30 PM,,Mass,spanish,,
"Wed, Feb 25, 2026",2026-02-25,Wednesday,Our Lady of the Lake,"1729 Stop 30 Rd, Hendersonville",(615) 824-3276,Mass,6:00 PM,,Mass,English,,
"Wed, Feb 25, 2026",2026-02-25,Wednesday,Our Lady of the Lake,"1729 Stop 30 Rd, Hendersonville",(615) 824-3276,Mass,6:30 AM,,Mass,English,,
"Wed, Feb 25, 2026",2026-02-25,Wednesday,Our Lady of the Lake,"1729 Stop 30 Rd, Hendersonville",(615) 824-3276,Mass,9:15 AM,,Mass,English,,
"Wed, Feb 25, 2026",2026-02-25,Wednesday,Our Lady of the Shoals,"200 E Commons St N, Tuscumbia",(256) 383-7207,Mass,6:00 PM,,Mass,English,chapel,chapel
"Wed, Feb 25, 2026",2026-02-25,Wednesday,Queen of Peace,"8455 Germantown Rd, Olive Branch",(662) 895-5007,Mass,12:00 PM,,Mass,english,,
"Wed, Feb 25, 2026",2026-02-25,Wednesday,Sacred Heart,"296 W 6th St, Russellville",(270) 726-6963,Mass,11:00 AM,,Mass,English,Sacred Heart Catholic Church Russellville KY,
"Wed, Feb 25, 2026",2026-02-25,Wednesday,Sacred Heart,"20 Summit St, Burnsville",(828) 689-3719,Mass,12:00 PM,,Mass,english,Sacred Heart,
"Wed, Feb 25, 2026",2026-02-25,Wednesday,Sacred Heart,"2887 E Main St, Humboldt",(731) 618- 6758,Mass,8:00 AM,,Mass,spanish,Sacred Heart,
"Wed, Feb 25, 2026",2026-02-25,Wednesday,Sacred Heart,"212 Berger St, Lawrenceburg",(931) 762-3183,Mass,8:00 AM,,Mass,English,,
"Wed, Feb 25, 2026",2026-02-25,Wednesday,Sagrado Corazón,"2800 McGavock Pike, Nashville",(615) 391-3714,Mass,7:00 PM,,Misa Carismatica,spanish,Sagrado Corazón de Jesús,adoration
"Wed, Feb 25, 2026",2026-02-25,Wednesday,Saint Francis of Assisi Catholic Church,"7503 Peavine Rd, Crossville",+1-931-484-3628,Mass,8:00 AM,,Mass,english,,
"Wed, Feb 25, 2026",2026-02-25,Wednesday,"Saint James the Apostle Catholic Church, Sneedville","Highway 33, Sneedville",+1-423-272-6897,Mass,5:15 PM,,Mass,English,,
"Wed, Feb 25, 2026",2026-02-25,Wednesday,St Albert the Great Catholic Church,"7200 Brickey Ln, Knoxville",+1-865-689-7011,Mass,9:00 AM,,Mass,English,,when schools are closed there will be no weekday morning Mass; all parish activities will be cancelled; and the office will be closed
"Wed, Feb 25, 2026",2026-02-25,Wednesday,St Alphonsus Catholic Church,"151 St Alphonsus Way, Crossville",+1-931-484-2358,Mass,6:30 AM,,Mass,english,,
"Wed, Feb 25, 2026",2026-02-25,Wednesday,St Elizabeth's Roman Catholic Church,"510 W C St, Elizabethton",+1-423-543-3412,Mass,12:00 PM,,Mass,english,,
"Wed, Feb 25, 2026",2026-02-25,Wednesday,St Francis of Assisi Church,"1489 Donelson Pkwy, Dover",(931) 232-9422,Mass,5:30 PM,,Mass,english,"Saint Francis of Assisi Church, Dover, TN",
"Wed, Feb 25, 2026",2026-02-25,Wednesday,St Joseph the Worker Catholic Church,"649 Old Tellico Hwy N, Madisonville",+1-423-442-7273,Mass,9:00 AM,,Mass,English,St. Joseph the Worker Catholic Church,
"Wed, Feb 25, 2026",2026-02-25,Wednesday,St Therese-Little Flower,"1644 Jackson Ave, Memphis",(901) 276-1412,Mass,8:15 AM,,Mass,English,"Blessed Sacrament, 2564 Hale Ave, Memphis, TN",
"Wed, Feb 25, 2026",2026-02-25,Wednesday,St. Albert the Great,"7200 Brickey Ln, Knoxville",(865) 689-7011,Mass,9:00 AM,,Mass,English,,when schools are closed there will be no weekday morning Mass; all parish activities will be cancelled; and the office will be closed
"Wed, Feb 25, 2026",2026-02-25,Wednesday,St. Alphonsus,"151 St Alphonsus Way, Crossville",(931) 484-2358,Mass,6:30 AM,,Mass,english,Saint Alphonsus Catholic Church,
"Wed, Feb 25, 2026",2026-02-25,Wednesday,St. Alphonsus,"1225 Hwy 51 S, Covington",(901) 476-8140,Mass,8:00 AM,,Mass,english,St. Alphonsus,
"Wed, Feb 25, 2026",2026-02-25,Wednesday,St. Andrew,"829 Valley View Dr, Sparta",(931) 738-2140,Mass,5:00 PM,,Mass,English,,St. Andrew Catholic Church; Sparta; TN
"Wed, Feb 25, 2026",2026-02-25,Wednesday,St. Ann,"5101 Charlotte Ave, Nashville",(615) 298-1782,Mass,8:00 AM,,Mass,english,Church,
"Wed, Feb 25, 2026",2026-02-25,Wednesday,St. Anne,"706 S Highland St, Memphis",(901) 323-3817,Mass,12:00 PM,,Mass,english,,
"Wed, Feb 25, 2026",2026-02-25,Wednesday,St. Anne,"706 S Highland St, Memphis",(901) 323-3817,Mass,6:00 PM,,Mass,spanish,,
"Wed, Feb 25, 2026",2026-02-25,Wednesday,St. Anne,"316 Euclid Ave, Bristol",(276) 669-8200,Mass,8:30 AM,,Mass,English,,
"Wed, Feb 25, 2026",2026-02-25,Wednesday,St. Anthony,"967 E Main St, Blue Ridge",(706) 632-5970,Mass,12:00 PM,,Mass,English,Adoration Chapel,
"Wed, Feb 25, 2026",2026-02-25,Wednesday,St. Anthony,"1900 Huntsville Hwy, Fayetteville",(931) 433-6525,Mass,9:00 AM,,Mass,English,,
"Wed, Feb 25, 2026",2026-02-25,Wednesday,St. Anthony of Padua,"833 W Main St, Mountain City",(423) 727-5156,Mass,6:00 PM,,Mass,English,St. Anthony of Padua,
"Wed, Feb 25, 2026",2026-02-25,Wednesday,St. Augustine,"1716 Anderson Pike, Signal Mountain",(423) 886-3424,Mass,6:00 PM,,Mass,English,,
"Wed, Feb 25, 2026",2026-02-25,Wednesday,St. Bridget,"320 Walnut Grove Church Rd, Dayton",(423) 775-2664,Mass,6:30 PM,,Mass,english,,
"Wed, Feb 25, 2026",2026-02-25,Wednesday,St. Brigid,"7801 Lowrance Rd, Memphis",(901) 758-0128,Mass,7:00 PM,,Mass,spanish,Main Church,
"Wed, Feb 25, 2026",2026-02-25,Wednesday,St. Brigid,"7801 Lowrance Rd, Memphis",(901) 758-0128,Mass,8:15 AM,,Mass,english,Main Church,
"Wed, Feb 25, 2026",2026-02-25,Wednesday,St. Catherine,"3019 Cayce Ln, Columbia",(931) 388-3803,Mass,5:00 PM,,Mass,english,Saint Catherine of Siena Catholic Church,
"Wed, Feb 25, 2026",2026-02-25,Wednesday,St. Catherine Laboure,"115 Main St, Copperhill",(423) 496-3498,Mass,9:00 AM,,Mass,English,,check bulletin
"Wed, Feb 25, 2026",2026-02-25,Wednesday,St. Dominic,"2517 John B Dennis Hwy, Kingsport",(423) 288-8101,Mass,5:30 PM,,Mass,english,Church,
"Wed, Feb 25, 2026",2026-02-25,Wednesday,St. Dominic,"2517 John B Dennis Hwy, Kingsport",(423) 288-8101,Mass,8:15 AM,,Mass,english,Church,
"Wed, Feb 25, 2026",2026-02-25,Wednesday,St. Edward,"188 Thompson Ln, Nashville",(615)-833-5520,Mass,5:30 PM,,Mass,English,,
"Wed, Feb 25, 2026",2026-02-25,Wednesday,St. Elizabeth,"510 W C Street, Elizabethton",(423) 543-3412,Mass,12:00 PM,,Mass,english,,
"Wed, Feb 25, 2026",2026-02-25,Wednesday,St. Elizabeth Ann Seton (Ordinariate of the Chair of St. Peter),"217 Fox Rd, Knoxville",,Mass,8:00 AM,,Mass,English,217 Fox Rd. Knoxville,
"Wed, Feb 25, 2026",2026-02-25,Wednesday,St. Elizabeth of the Hill Country,"259 Pilgrims Way, Boone",(828) 264-8338,Mass,12:15 PM,,Mass,english,St. Elizabeth,
"Wed, Feb 25, 2026",2026-02-25,Wednesday,St. Frances Cabrini,"300 S Tarver Ave, Lebanon",(615) 444-0524,Mass,8:00 AM,,Mass,english,,
"Wed, Feb 25, 2026",2026-02-25,Wednesday,St. Francis of Assisi,"8151 Chimneyrock Blvd, Cordova",(901) 756-1213,Mass,12:00 PM,,Mass,English,St. Francis of Assisi,
"Wed, Feb 25, 2026",2026-02-25,Wednesday,St. Francis of Assisi,"167 St Francis Pl, Jefferson",(336) 246-9151,Mass,12:00 PM,,Mass,english,,
"Wed, Feb 25, 2026",2026-02-25,Wednesday,St. Francis of Assisi,"7503 Peavine Rd, Fairfield Glade",(931) 484-3628,Mass,8:00 AM,,Mass,English,,
"Wed, Feb 25, 2026",2026-02-25,Wednesday,St. Francis of Assisi,"8151 Chimneyrock Blvd, Cordova",(901) 756-1213,Mass,8:15 AM,,Mass,English,St. Francis of Assisi,
"Wed, Feb 25, 2026",2026-02-25,Wednesday,St. Francis of Assisi,"7719 River Rd, Townsend",(865) 448-6070,Mass,8:30 AM,,Mass,English,,"Mon, Tue, Thu, Fri; daily Mass excluded on Wed"
"Wed, Feb 25, 2026",2026-02-25,Wednesday,St. Gerard Majella,"3049 Lafayette Rd, Fort Oglethorpe",(706) 861-9410,Mass,9:00 AM,,Mass,English,Saint Gerard Majella Catholic Church,
"Wed, Feb 25, 2026",2026-02-25,Wednesday,St. Henry,"112-114 Hwy 70 N, Rogersville",(423) 272-6897,Mass,5:15 PM,,Mass,English,,
"Wed, Feb 25, 2026",2026-02-25,Wednesday,St. Henry,"6401 Harding Pike, Nashville",(615) 352-2259,Mass,6:30 AM,,Mass,English,Chapel,tags: chapel
"Wed, Feb 25, 2026",2026-02-25,Wednesday,St. Henry,"6401 Harding Pike, Nashville",(615) 352-2259,Mass,8:00 AM,,Mass,English,Chapel,tags: chapel
"Wed, Feb 25, 2026",2026-02-25,Wednesday,St. Ignatius of Antioch,"601 Bell Rd, Nashville",615-367-0085,Mass,9:00 AM,,Mass,English,,
"Wed, Feb 25, 2026",2026-02-25,Wednesday,St. James,"4180 Leroy Ave, Memphis",(901) 767-8672,Mass,9:00 AM,,Mass,english,,
"Wed, Feb 25, 2026",2026-02-25,Wednesday,St. James the Apostle,"3652 Main St, Sneedville",(423) 272-6897,Mass,5:15 PM,,Mass,English,,
"Wed, Feb 25, 2026",2026-02-25,Wednesday,St. James the Less,"3189 N Harper Rd, Corinth",(662) 331-5184,Mass,6:00 PM,,Mass/Misa,English,,
"Wed, Feb 25, 2026",2026-02-25,Wednesday,St. John,"910 N Washington Ave, Brownsville",(731) 668-2596,Mass,6:00 PM,,Mass,English,"St. John, Brownsville",
"Wed, Feb 25, 2026",2026-02-25,Wednesday,St. John Neumann,"633 Saint John Ct, Farragut",(865) 966-4540,Mass,8:05 AM,,Mass,English,,
"Wed, Feb 25, 2026",2026-02-25,Wednesday,St. John Vianney,"449 N Water St, Gallatin",(615) 452-2977,Mass,7:00 PM,,Mass,spanish,,
"Wed, Feb 25, 2026",2026-02-25,Wednesday,St. John the Evangelist,"1061 Ellington Pkwy S, Lewisburg",(931) 359-5017,Mass,6:30 PM,,Mass,spanish,,
"Wed, Feb 25, 2026",2026-02-25,Wednesday,St. John the Evangelist,"1061 Ellington Pkwy S, Lewisburg",(931) 359-5017,Mass,8:30 PM,,Mass,english,,
"Wed, Feb 25, 2026",2026-02-25,Wednesday,St. Joseph,"203 Plum St, Florence",(256) 764-3303,Mass,5:30 PM,,Mass,English,,
"Wed, Feb 25, 2026",2026-02-25,Wednesday,St. Joseph,"316 Main St, Bryson City",(828) 488-6766,Mass,6:00 PM,,Mass,English,St Joseph's,
"Wed, Feb 25, 2026",2026-02-25,Wednesday,St. Joseph,"968 Haig Mill Lake Rd, Dalton",(706) 278-3107,Mass,7:30 PM,,Mass,spanish,East Morris – Capilla San Juan Diego,
"Wed, Feb 25, 2026",2026-02-25,Wednesday,St. Joseph,"203 Plum St, Florence",(256) 764-3303,Mass,8:15 AM,,Mass,English,,
"Wed, Feb 25, 2026",2026-02-25,Wednesday,St. Joseph,"968 Haig Mill Lake Rd, Dalton",(706) 278-3107,Mass,9:00 AM,,Mass,english,,
"Wed, Feb 25, 2026",2026-02-25,Wednesday,St. Joseph the Worker,"649 Old Tellico Hwy N, Madisonville",(423) 442-7273,Mass,9:00 AM,,Mass,English,St. Joseph the Worker Catholic Church,
"Wed, Feb 25, 2026",2026-02-25,Wednesday,St. Jude,"435 Moody Ave, Martin",(731) 587-9777,Mass,5:30 PM,,Mass,english,,
"Wed, Feb 25, 2026",2026-02-25,Wednesday,St. Jude,"930 Ashland Ter, Chattanooga",(423) 870-2386,Mass,7:00 PM,,Mass,English,,livestream
"Wed, Feb 25, 2026",2026-02-25,Wednesday,St. Jude,"1318 E Poplar Ave, Selmer",(731) 645-4188,Mass,8:00 AM,,Mass,English,"St. Jude Church, Selmer",
"Wed, Feb 25, 2026",2026-02-25,Wednesday,St. Jude,"930 Ashland Ter, Chattanooga",(423) 870-2386,Mass,8:15 AM,,Mass,english,,
"Wed, Feb 25, 2026",2026-02-25,Wednesday,St. Jude Catholic Church,"930 Ashland Terrace, Chattanooga",+1-423-870-2386,Mass,7:00 PM,,Mass,english,,livestream
"Wed, Feb 25, 2026",2026-02-25,Wednesday,St. Jude Catholic Church,"930 Ashland Terrace, Chattanooga",+1-423-870-2386,Mass,8:15 AM,,Mass,English,,
"Wed, Feb 25, 2026",2026-02-25,Wednesday,St. Julian,"118 E Chester Ave, Middlesboro",(606) 248-2068,Mass,8:00 AM,,Mass,English,,
"Wed, Feb 25, 2026",2026-02-25,Wednesday,St. Katharine Drexel,"140 New England Rd, Wildwood",(706) 820-0680,Mass,5:00 PM,,Mass,english,Saint Katharine Drexel Mission,
"Wed, Feb 25, 2026",2026-02-25,Wednesday,St. Lawrence,"5655 Clarksville Hwy, Joelton",(615) 876-2127,Mass,9:00 AM,,Mass,English,Saint Lawrence,
"Wed, Feb 25, 2026",2026-02-25,Wednesday,St. Louis,"203 S White Station Rd, Memphis",(901) 255-1950,Mass,12:00 PM,,Mass,English,,
"Wed, Feb 25, 2026",2026-02-25,Wednesday,St. Louis,"203 S White Station Rd, Memphis",(901) 255-1950,Mass,6:15 AM,,Mass,English,,
"Wed, Feb 25, 2026",2026-02-25,Wednesday,St. Louis,"203 S White Station Rd, Memphis",(901) 255-1950,Mass,8:15 AM,,Mass,English,,
"Wed, Feb 25, 2026",2026-02-25,Wednesday,St. Lucien,"695 Summit St, Spruce Pine",(828) 898-6900,Mass,9:00 AM,,Holy Mass,English,"St. Lucien, 695 Summit St. Spruce Pine, NC 28777",
"Wed, Feb 25, 2026",2026-02-25,Wednesday,St. Martha,"3331 Bell St, Ashland City",615-792-4255,Mass,8:30 AM,,Mass,English,Adoration Chapel,
"Wed, Feb 25, 2026",2026-02-25,Wednesday,St. Mary,"205 Eastport St E, Iuka",(662) 423-9358,Mass,10:00 AM,,Mass,english,St. Mary,
"Wed, Feb 25, 2026",2026-02-25,Wednesday,St. Mary,"1665 US-45 BYP, Jackson",(731) 668-2596,Mass,12:00 PM,,Mass,english,,
"Wed, Feb 25, 2026",2026-02-25,Wednesday,St. Mary,"155 Market St, Memphis",(901) 522-9420,Mass,5:30 PM,,Mass,English,,note: Weekday Masses will resume on January 29th
"Wed, Feb 25, 2026",2026-02-25,Wednesday,St. Mary,"403 N Main St, Franklin",(270) 586-4515 or (270) 253-3230 (Rectory),Mass,6:00 PM,,Mass,English,,
"Wed, Feb 25, 2026",2026-02-25,Wednesday,St. Mary,"304 Airport Rd, Gatlinburg",(865) 436-4907,Mass,6:00 PM,,Mass,spanish,St. Mary's Catholic Church,CCD Classes immediately following Mass
"Wed, Feb 25, 2026",2026-02-25,Wednesday,St. Mary,"327 Vermont Ave, Oak Ridge",(865) 482-2875,Mass,6:00 PM,,Mass,english,,
"Wed, Feb 25, 2026",2026-02-25,Wednesday,St. Mary,"2315 Pickwick St, Savannah",(731) 925-4852,Mass,6:00 PM,,Mass,English,St. Mary's,
"Wed, Feb 25, 2026",2026-02-25,Wednesday,St. Mary,"1665 US-45 BYP, Jackson",(731) 668-2596,Mass,7:00 AM,,Mass,english,,
"Wed, Feb 25, 2026",2026-02-25,Wednesday,St. Mary,"2211 E Lakeview Dr, Johnson City",(423) 282-6367,Mass,7:00 AM,,Mass,English,,
"Wed, Feb 25, 2026",2026-02-25,Wednesday,St. Mary,"304 Airport Rd, Gatlinburg",(865) 436-4907,Mass,8:00 AM,,Mass,english,St. Mary's Catholic Church,
"Wed, Feb 25, 2026",2026-02-25,Wednesday,St. Mary,"327 Vermont Ave, Oak Ridge",(865) 482-2875,Mass,8:00 AM,,Mass,english,,
"Wed, Feb 25, 2026",2026-02-25,Wednesday,St. Mary,"2211 E Lakeview Dr, Johnson City",(423) 282-6367,Mass,8:30 AM,,Mass,English,,
"Wed, Feb 25, 2026",2026-02-25,Wednesday,St. Mary of the Seven Sorrows,"328 Rep John Lewis Way N, Nashville",(615) 561-1704,Mass,12:10 PM,,Mass,English,,
"Wed, Feb 25, 2026",2026-02-25,Wednesday,St. Matthew,"535 Sneed Rd W, Franklin",(615) 646-0378,Mass,7:00 PM,,Mass,english,,
"Wed, Feb 25, 2026",2026-02-25,Wednesday,St. Matthew,"9060 Telecom Dr, Milan",(731) 784-3904,Mass,8:00 AM,,Mass,spanish,Sacred Heart,
"Wed, Feb 25, 2026",2026-02-25,Wednesday,St. Michael,"2751 County Rd 30, Florence",(256) 764-1885,Mass,12:00 PM,,Mass,English,St. Michael's Catholic Church,
"Wed, Feb 25, 2026",2026-02-25,Wednesday,St. Michael,"3863 Summer Ave, Memphis",(901) 323-0896,Mass,5:30 PM,,Mass,spanish,,
"Wed, Feb 25, 2026",2026-02-25,Wednesday,St. Michael,"2751 County Rd 30, Florence",(256) 764-1885,Mass,6:00 PM,,Mass,English,St. Michael's Catholic Church,
"Wed, Feb 25, 2026",2026-02-25,Wednesday,St. Michael,"2751 County Rd 30, Florence",(256) 764-1885,Mass,7:30 AM,,Mass,English,St. Michael's Catholic Church,
"Wed, Feb 25, 2026",2026-02-25,Wednesday,St. Michael,"3863 Summer Ave, Memphis",(901) 323-0896,Mass,8:15 AM,,Mass,english,,
"Wed, Feb 25, 2026",2026-02-25,Wednesday,St. Michael the Archangel ,"657 N Mohawk Dr, Erwin",(423) 735-0484,Mass,8:30 AM,,Mass,english,Parish Center,
"Wed, Feb 25, 2026",2026-02-25,Wednesday,St. Patrick,"1219 Second Ave S, Nashville",(615) 256-6498,Mass,11:45 AM,,Mass,english,,
"Wed, Feb 25, 2026",2026-02-25,Wednesday,St. Patrick,"2518 W Andrew Johnson Hwy, Morristown",(423) 586-9174,Mass,6:00 PM,,Mass,English,,
"Wed, Feb 25, 2026",2026-02-25,Wednesday,St. Paul the Apostle,"1425 E Shelby Dr, Memphis",(901) 346-2380,Mass,6:00 AM,,Mass,English,,note: During school year calendar
"Wed, Feb 25, 2026",2026-02-25,Wednesday,St. Paul the Apostle,"304 W Grizzard St, Tullahoma",(931) 455-3050,Mass,6:00 PM,,Mass,english,,
"Wed, Feb 25, 2026",2026-02-25,Wednesday,St. Paul the Apostle,"1425 E Shelby Dr, Memphis",(901) 346-2380,Mass,7:30 PM,,Mass,spanish,,
"Wed, Feb 25, 2026",2026-02-25,Wednesday,St. Paul the Apostle,"304 W Grizzard St, Tullahoma",(931) 455-3050,Mass,8:00 AM,,Mass,english,,
"Wed, Feb 25, 2026",2026-02-25,Wednesday,St. Paul the Apostle,"1425 E Shelby Dr, Memphis",(901) 346-2380,Mass,8:15 AM,,Mass,English,,
"Wed, Feb 25, 2026",2026-02-25,Wednesday,St. Peter the Apostle,"208 Upper Ferry Rd, Carthage",(615) 281-8327,Mass,5:00 PM,,Daily Mass,English,,
"Wed, Feb 25, 2026",2026-02-25,Wednesday,St. Philip,"113 Second Ave S, Franklin",(615) 794-8588,Mass,7:00 AM,,Mass,english,St. Philip Catholic Church,
"Wed, Feb 25, 2026",2026-02-25,Wednesday,St. Philip,"113 Second Ave S, Franklin",(615) 794-8588,Mass,9:00 AM,,Mass,english,St. Philip Catholic Church,
"Wed, Feb 25, 2026",2026-02-25,Wednesday,St. Philip the Apostle,"11710 US Hwy 64, Somerville",(901) 465-8685,Mass,7:00 PM,,Mass,spanish,,
"Wed, Feb 25, 2026",2026-02-25,Wednesday,St. Philip the Apostle,"11710 US Hwy 64, Somerville",(901) 465-8685,Mass,8:30 AM,,Mass,english,,
"Wed, Feb 25, 2026",2026-02-25,Wednesday,St. Pius X,"2800 Tucker Rd, Nashville",(615) 256-2729,Mass,8:00 AM,,Holy Mass and Communion Service,english,ST. PIUS X ACADEMY AND CHURCH,all school mass
"Wed, Feb 25, 2026",2026-02-25,Wednesday,St. Pius X Church,"2800 Tucker Rd, Nashville",+1-615-244-4093,Mass,8:00 AM,,Mass,english,ST. PIUS X ACADEMY AND CHURCH,school
"Wed, Feb 25, 2026",2026-02-25,Wednesday,St. Regina,"108 Skyline Dr, Parsons",(731) 847-2054 ,Mass,5:00 PM,6:00 PM,Mass,English,,
"Wed, Feb 25, 2026",2026-02-25,Wednesday,St. Rose of Lima Catholic Church,"1601 N Tennessee Blvd, Murfreesboro",(615) 893-1843,Mass,6:00 PM,,Mass,English,,
"Wed, Feb 25, 2026",2026-02-25,Wednesday,St. Rose of Lima Catholic Church,"1601 N Tennessee Blvd, Murfreesboro",(615) 893-1843,Mass,7:00 AM,,Mass,English,,
"Wed, Feb 25, 2026",2026-02-25,Wednesday,St. Stephen,"7111 Lee Hwy, Chattanooga",(423) 892-1261,Mass,6:00 PM,,Mass,english,St. Stephen Catholic Church,
"Wed, Feb 25, 2026",2026-02-25,Wednesday,St. Stephen,"14544 Lebanon Rd, Old Hickory",(615) 758-2424,Mass,6:00 PM,,Mass,english,Saint Stephen Catholic Community,
"Wed, Feb 25, 2026",2026-02-25,Wednesday,St. Stephen,"14544 Lebanon Rd, Old Hickory",(615) 758-2424,Mass,8:00 AM,,Mass,english,Saint Stephen Catholic Community,
"Wed, Feb 25, 2026",2026-02-25,Wednesday,St. Teresa of Kolkata,"3445 Maynardville Hwy, Maynardville",(865) 992-7222,Mass,6:30 PM,,Mass,bilingual,St. Teresa of Kolkata,
"Wed, Feb 25, 2026",2026-02-25,Wednesday,St. Therese,"701 S Charles G Seivers Blvd, Clinton",(865) 457-4073,Mass,9:00 AM,,Mass,English,St. Therese Catholic Church,Please join us after Mass for coffee & donuts!
"Wed, Feb 25, 2026",2026-02-25,Wednesday,St. Therese of Lisieux,"900 Clingan Ridge Dr NW, Cleveland",(423) 476-8123,Mass,5:30 PM,,Mass,english,,
"Wed, Feb 25, 2026",2026-02-25,Wednesday,St. Thomas Aquinas,"421 N Washington Ave, Cookeville",(931) 526-2575,Mass,5:30 PM,,Mass,spanish,,
"Wed, Feb 25, 2026",2026-02-25,Wednesday,St. Thomas Aquinas,"421 N Washington Ave, Cookeville",(931) 526-2575,Mass,8:00 AM,,Mass,english,,
"Wed, Feb 25, 2026",2026-02-25,Wednesday,St. Thomas the Apostle,"1580 St Thomas Way, Lenoir City",(865) 986-9885,Mass,8:30 AM,,Mass,english,Saint Thomas the Apostle,
"Wed, Feb 25, 2026",2026-02-25,Wednesday,St. Thomas the Apostle (Ukrainian),"2304 Ault Rd, Knoxville",865-367-6093,Mass,7:00 PM,,Divine Liturgy,English,Church,note: during Great Lent
"Wed, Feb 25, 2026",2026-02-25,Wednesday,St. William,"4932 Easley St, Millington",(901) 872-4099,Mass,8:30 AM,,Mass,English,St. William Catholic Church,
"Wed, Feb 25, 2026",2026-02-25,Wednesday,Sts. Peter and Paul,"902 E 9th St, Hopkinsville",(270) 885-8522,Mass,5:30 PM,,Mass,english,,
"Wed, Feb 25, 2026",2026-02-25,Wednesday,Sts. Peter and Paul,"902 E 9th St, Hopkinsville",(270) 885-8522,Mass,8:00 AM,,Mass,english,,
"Wed, Feb 25, 2026",2026-02-25,Wednesday,The Cathedral of the Most Sacred Heart of Jesus,"711 S Northshore Dr, Knoxville",(865) 588-0249,Mass,12:00 PM,,Mass,English,,
"Wed, Feb 25, 2026",2026-02-25,Wednesday,The Cathedral of the Most Sacred Heart of Jesus,"711 S Northshore Dr, Knoxville",(865) 588-0249,Mass,8:05 AM,,Mass,English,,livestream
"Wed, Feb 25, 2026",2026-02-25,Wednesday,Basilica of Sts. Peter and Paul,"214 E 8th St, Chattanooga",(423) 266-1618,Confession,11:30 AM,12:00 PM,Confession,English,Basilica,
"Wed, Feb 25, 2026",2026-02-25,Wednesday,Basilica of Sts. Peter and Paul,"214 E 8th St, Chattanooga",(423) 266-1618,Confession,TBD,,Confessions,English,,30 minutes before each Mass except the 7am
"Wed, Feb 25, 2026",2026-02-25,Wednesday,Cathedral of the Incarnation,"2015 W End Ave, Nashville",(615) 327-2330,Confession,11:00 AM,12:00 PM,Confession,English,Cathedral,
"Wed, Feb 25, 2026",2026-02-25,Wednesday,Catholic Student Center -UM,"3625 Mynders Ave, Memphis",(901) 323-3051,Confession,4:00 PM,4:30 PM,Confession,English,Catholic Student Center,
"Wed, Feb 25, 2026",2026-02-25,Wednesday,Christ the King,"3001 Belmont Blvd, Nashville",(615) 292-2884,Confession,1:00 PM,2:00 PM,Confessions,english,Marian chapel confessionals,
"Wed, Feb 25, 2026",2026-02-25,Wednesday,Christ the King Catholic Church,"785 Church Rd W, Southaven",+1-662-342-1073,Confession,5:00 PM,5:30 PM,Confession,English,"Mary, Queen of Peace Chapel Confessional",
"Wed, Feb 25, 2026",2026-02-25,Wednesday,Good Samaritan,"55 Church St, Ellijay",(706) 636-2772,Confession,8:15 AM,9:00 AM,Confessions,English,,Appointments available
"Wed, Feb 25, 2026",2026-02-25,Wednesday,Holy Family,"431 Old Hwy 52, Lafayette",(615) 666-6466,Confession,5:00 PM,6:00 PM,Confession,English,"Holy Family catholic church, Lafayette, TN",
"Wed, Feb 25, 2026",2026-02-25,Wednesday,Holy Family,"9100 Crockett Rd, Brentwood",(615) 373-4696,Confession,5:45 PM,6:15 PM,Reconciliation,English,,
"Wed, Feb 25, 2026",2026-02-25,Wednesday,Holy Rosary,"192 Graylynn Dr, Nashville",(615) 889-4065,Confession,5:00 PM,,Confessions,English,,
"Wed, Feb 25, 2026",2026-02-25,Wednesday,Immaculate Conception,"414 W Vine Ave, Knoxville",(865) 522-1508,Confession,11:00 AM,12:00 PM,Confession,english,Immaculate Conception,
"Wed, Feb 25, 2026",2026-02-25,Wednesday,Immaculate Conception,"414 W Vine Ave, Knoxville",(865) 522-1508,Confession,11:30 AM,12:00 PM,Confession,english,Immaculate Conception,
"Wed, Feb 25, 2026",2026-02-25,Wednesday,Mission of St. John Paul II,"161 Bryan Ln, Rutledge",(865) 992-7222,Confession,5:30 PM,,Confession,English,Adoration Chapel,
"Wed, Feb 25, 2026",2026-02-25,Wednesday,National Shrine of St. Martin de Porres,"190 Adams Ave, Memphis",(901) 527-8282,Confession,11:30 AM,12:00 PM,Confession,English,St. Martin de Porres Shrine Chapel,
"Wed, Feb 25, 2026",2026-02-25,Wednesday,Nativity,"2793 Buckner Ln, Spring Hill",(615) 794-4004,Confession,6:25 PM,7:00 PM,Confessions,English,,
"Wed, Feb 25, 2026",2026-02-25,Wednesday,Our Lady of Guadalupe,"3112 Nolensville Rd, Nashville",615-333-8660,Confession,5:00 PM,7:00 PM,Confession,English,,
"Wed, Feb 25, 2026",2026-02-25,Wednesday,Our Lady of Lourdes,"704 Holly Ave, South Pittsburg",(423) 837-7068,Confession,5:00 PM,,Reconciliation,English,,or by appointment; confession
"Wed, Feb 25, 2026",2026-02-25,Wednesday,Our Lady of Perpetual Help,"501 S Moore Rd, Chattanooga",(423) 622-7232,Confession,5:30 PM,6:30 PM,Confession,English,,
"Wed, Feb 25, 2026",2026-02-25,Wednesday,Our Lady of Perpetual Help,"501 S Moore Rd, Chattanooga",+1-423-622-7232,Confession,5:30 PM,6:30 PM,Confession,English,,
"Wed, Feb 25, 2026",2026-02-25,Wednesday,Our Lady of the Lake,"1729 Stop 30 Rd, Hendersonville",(615) 824-3276,Confession,5:00 PM,,Reconciliation,English,,
"Wed, Feb 25, 2026",2026-02-25,Wednesday,Our Lady of the Lake,"1729 Stop 30 Rd, Hendersonville",(615) 824-3276,Confession,5:30 AM,,Reconciliation,English,,
"Wed, Feb 25, 2026",2026-02-25,Wednesday,Our Lady of the Lake,"1729 Stop 30 Rd, Hendersonville",(615) 824-3276,Confession,8:15 AM,,Reconciliation,English,,
"Wed, Feb 25, 2026",2026-02-25,Wednesday,Sacred Heart,"301 Church St, Loretto",(931) 853-4370,Confession,7:00 AM,7:45 AM,Confessions,English,SACRED HEART,
"Wed, Feb 25, 2026",2026-02-25,Wednesday,Sacred Heart,"20 Summit St, Burnsville",(828) 689-3719,Confession,TBD,,Confession,English,Sacred Heart,after Mass
"Wed, Feb 25, 2026",2026-02-25,Wednesday,St Albert the Great Catholic Church,"7200 Brickey Ln, Knoxville",+1-865-689-7011,Confession,5:30 PM,7:00 PM,Confession,English,,
"Wed, Feb 25, 2026",2026-02-25,Wednesday,St Alphonsus Catholic Church,"151 St Alphonsus Way, Crossville",+1-931-484-2358,Confession,6:00 PM,7:00 PM,Confession,English,,
"Wed, Feb 25, 2026",2026-02-25,Wednesday,St Therese-Little Flower,"1644 Jackson Ave, Memphis",(901) 276-1412,Confession,3:30 PM,4:00 PM,Confession,spanish,"Blessed Sacrament, 2564 Hale Ave, Memphis, TN",
"Wed, Feb 25, 2026",2026-02-25,Wednesday,St. Albert the Great,"7200 Brickey Ln, Knoxville",(865) 689-7011,Confession,5:30 PM,7:00 PM,Confession,English,,
"Wed, Feb 25, 2026",2026-02-25,Wednesday,St. Alphonsus,"151 St Alphonsus Way, Crossville",(931) 484-2358,Confession,6:00 PM,7:00 PM,Lenten Confessions,English,Saint Alphonsus Catholic Church,Lenten Confessions
"Wed, Feb 25, 2026",2026-02-25,Wednesday,St. Andrew,"829 Valley View Dr, Sparta",(931) 738-2140,Confession,4:30 PM,5:00 PM,Confessions,English,,St. Andrew Catholic Church; Sparta; TN
"Wed, Feb 25, 2026",2026-02-25,Wednesday,St. Ann,"5101 Charlotte Ave, Nashville",(615) 298-1782,Confession,7:00 AM,7:40 AM,Confession,English,Confessional room,
"Wed, Feb 25, 2026",2026-02-25,Wednesday,St. Anne,"316 Euclid Ave, Bristol",(276) 669-8200,Confession,5:00 PM,6:00 PM,Confession,English,,
"Wed, Feb 25, 2026",2026-02-25,Wednesday,St. Augustine,"1716 Anderson Pike, Signal Mountain",(423) 886-3424,Confession,5:00 PM,5:45 PM,Sacrament of Reconciliation,English,,Or By Appointment
"Wed, Feb 25, 2026",2026-02-25,Wednesday,St. Catherine,"3019 Cayce Ln, Columbia",(931) 388-3803,Confession,4:15 PM,4:45 PM,Confession,English,Saint Catherine of Siena Catholic Church,
"Wed, Feb 25, 2026",2026-02-25,Wednesday,St. Catherine,"3019 Cayce Ln, Columbia",(931) 388-3803,Confession,7:00 PM,7:30 PM,Confession,spanish,Saint Catherine of Siena Catholic Church,
"Wed, Feb 25, 2026",2026-02-25,Wednesday,St. Christopher,"713 W College St, Dickson",(615) 446-3927,Confession,5:30 PM,6:15 PM,Confession,English,St. Christopher Catholic Church,
"Wed, Feb 25, 2026",2026-02-25,Wednesday,St. Dominic,"2517 John B Dennis Hwy, Kingsport",(423) 288-8101,Confession,12:00 PM,1:00 PM,Confession,English,,check bulletin
"Wed, Feb 25, 2026",2026-02-25,Wednesday,St. Edward,"188 Thompson Ln, Nashville",(615)-833-5520,Confession,4:30 PM,5:15 PM,Adoration & Confession,English,,
"Wed, Feb 25, 2026",2026-02-25,Wednesday,St. Edward,"188 Thompson Ln, Nashville",(615)-833-5520,Confession,4:30 PM,5:10 PM,Confession,English,,
"Wed, Feb 25, 2026",2026-02-25,Wednesday,St. Elizabeth of the Hill Country,"259 Pilgrims Way, Boone",(828) 264-8338,Confession,11:45 AM,12:10 PM,Confession,English,St. Elizabeth,
"Wed, Feb 25, 2026",2026-02-25,Wednesday,St. Elizabeth of the Hill Country,"259 Pilgrims Way, Boone",(828) 264-8338,Confession,5:00 PM,6:00 PM,Confession,English,St. Elizabeth,
"Wed, Feb 25, 2026",2026-02-25,Wednesday,St. John Neumann,"633 Saint John Ct, Farragut",(865) 966-4540,Confession,5:00 PM,5:50 PM,Reconciliation,English,,
"Wed, Feb 25, 2026",2026-02-25,Wednesday,St. John Vianney,"449 N Water St, Gallatin",(615) 452-2977,Confession,6:00 PM,6:45 PM,Confession,English,,
"Wed, Feb 25, 2026",2026-02-25,Wednesday,St. Joseph,"203 Plum St, Florence",(256) 764-3303,Confession,4:00 PM,5:15 PM,Reconciliation,English,,
"Wed, Feb 25, 2026",2026-02-25,Wednesday,St. Joseph,"968 Haig Mill Lake Rd, Dalton",(706) 278-3107,Confession,8:00 PM,,Confession,English,,
"Wed, Feb 25, 2026",2026-02-25,Wednesday,St. Joseph the Worker,"649 Old Tellico Hwy N, Madisonville",(423) 442-7273,Confession,8:00 AM,,Sacrament of Penance,English,St. Joseph the Worker Catholic Church,and by appointment
"Wed, Feb 25, 2026",2026-02-25,Wednesday,St. Jude,"435 Moody Ave, Martin",(731) 587-9777,Confession,4:30 PM,5:15 PM,Confession,English,,by appointment
"Wed, Feb 25, 2026",2026-02-25,Wednesday,St. Jude,"930 Ashland Ter, Chattanooga",(423) 870-2386,Confession,6:00 PM,6:45 PM,Confessions,English,,follow directions on door
"Wed, Feb 25, 2026",2026-02-25,Wednesday,St. Jude Catholic Church,"930 Ashland Terrace, Chattanooga",+1-423-870-2386,Confession,6:00 PM,6:45 PM,Confession,English,,follow directions on door
"Wed, Feb 25, 2026",2026-02-25,Wednesday,St. Julian,"118 E Chester Ave, Middlesboro",(606) 248-2068,Confession,5:30 PM,6:30 PM,Confession,English,,every; during Adoration
"Wed, Feb 25, 2026",2026-02-25,Wednesday,St. Katharine Drexel,"140 New England Rd, Wildwood",(706) 820-0680,Confession,4:00 PM,,Confession,English,Saint Katharine Drexel Mission,
"Wed, Feb 25, 2026",2026-02-25,Wednesday,St. Katharine Drexel,"140 New England Rd, Wildwood",(706) 820-0680,Confession,4:00 PM,,Confession,English,Saint Katharine Drexel Mission ),
"Wed, Feb 25, 2026",2026-02-25,Wednesday,St. Lawrence,"5655 Clarksville Hwy, Joelton",(615) 876-2127,Confession,8:15 AM,9:00 AM,Confession,English,Saint Lawrence,
"Wed, Feb 25, 2026",2026-02-25,Wednesday,St. Mary,"205 Eastport St E, Iuka",(662) 423-9358,Confession,11:00 AM,,Confession,English,St. Mary,After Mass; or by appointment.
"Wed, Feb 25, 2026",2026-02-25,Wednesday,St. Mary,"1665 US-45 BYP, Jackson",(731) 668-2596,Confession,11:30 AM,12:00 PM,Confession,English,,
"Wed, Feb 25, 2026",2026-02-25,Wednesday,St. Mary,"2211 E Lakeview Dr, Johnson City",(423) 282-6367,Confession,6:00 PM,,Confessions,English,,
"Wed, Feb 25, 2026",2026-02-25,Wednesday,St. Mary,"327 Vermont Ave, Oak Ridge",(865) 482-2875,Confession,6:30 PM,,Confessions,english,,
"Wed, Feb 25, 2026",2026-02-25,Wednesday,St. Mary of the Seven Sorrows,"328 Rep John Lewis Way N, Nashville",(615) 561-1704,Confession,11:30 AM,,Confession,English,,
"Wed, Feb 25, 2026",2026-02-25,Wednesday,St. Matthew,"535 Sneed Rd W, Franklin",(615) 646-0378,Confession,6:00 PM,,Confession,english,,
"Wed, Feb 25, 2026",2026-02-25,Wednesday,St. Michael,"2751 County Rd 30, Florence",(256) 764-1885,Confession,4:30 PM,5:30 PM,Confession,English,St. Michael's Catholic Church,prior to Wednesday evening Mass
"Wed, Feb 25, 2026",2026-02-25,Wednesday,St. Michael,"2751 County Rd 30, Florence",(256) 764-1885,Confession,9:30 AM,3:30 PM,Confession,English,St. Michael's Catholic Church,
"Wed, Feb 25, 2026",2026-02-25,Wednesday,St. Patrick,"1219 Second Ave S, Nashville",(615) 256-6498,Confession,11:00 AM,11:35 AM,Confessions,English,,
"Wed, Feb 25, 2026",2026-02-25,Wednesday,St. Paul the Apostle,"1425 E Shelby Dr, Memphis",(901) 346-2380,Confession,6:00 PM,7:00 PM,Confession,English,,note: Or by appointment
"Wed, Feb 25, 2026",2026-02-25,Wednesday,St. Pius X,"2800 Tucker Rd, Nashville",(615) 256-2729,Confession,4:30 PM,5:30 PM,Adoration - Benediction - Confession,English,ST. PIUS X ACADEMY AND CHURCH,
"Wed, Feb 25, 2026",2026-02-25,Wednesday,St. Pius X Church,"2800 Tucker Rd, Nashville",+1-615-244-4093,Confession,4:30 PM,5:30 PM,Confession,English,ST. PIUS X ACADEMY AND CHURCH,
"Wed, Feb 25, 2026",2026-02-25,Wednesday,St. Regina,"108 Skyline Dr, Parsons",(731) 847-2054 ,Confession,TBD,,RECONCILIATION,English,,during adoration or by appointment
"Wed, Feb 25, 2026",2026-02-25,Wednesday,St. Rose of Lima Catholic Church,"1601 N Tennessee Blvd, Murfreesboro",(615) 893-1843,Confession,5:00 PM,5:45 PM,Confession,English,,
"Wed, Feb 25, 2026",2026-02-25,Wednesday,St. Stephen,"14544 Lebanon Rd, Old Hickory",(615) 758-2424,Confession,6:30 PM,7:00 PM,Confession,English,Saint Stephen Catholic Community,note: begin immediately after mass
"Wed, Feb 25, 2026",2026-02-25,Wednesday,Sts. Peter and Paul,"902 E 9th St, Hopkinsville",(270) 885-8522,Confession,4:30 PM,,Reconciliation,English,,
"Wed, Feb 25, 2026",2026-02-25,Wednesday,The Cathedral of the Most Sacred Heart of Jesus,"711 S Northshore Dr, Knoxville",(865) 588-0249,Confession,5:00 PM,6:30 PM,Confession,English,,Every
"Wed, Feb 25, 2026",2026-02-25,Wednesday,Catholic Student Center -UM,"3625 Mynders Ave, Memphis",(901) 323-3051,Adoration,3:30 PM,4:30 PM,Adoration,English,Catholic Student Center,Available according to University Schedule
"Wed, Feb 25, 2026",2026-02-25,Wednesday,Chapel of St. Cecilia,"801 Dominican Dr, Nashville",16152565486,Adoration,2:00 PM,,Exposition and Adoration,English,Chapel,exposition; adoration
"Wed, Feb 25, 2026",2026-02-25,Wednesday,Christ the King Catholic Church,"785 Church Rd W, Southaven",+1-662-342-1073,Adoration,9:00 AM,9:00 PM,Adoration,English,"Mary, Queen of Peace Chapel",exposition
"Wed, Feb 25, 2026",2026-02-25,Wednesday,Holy Family,"9100 Crockett Rd, Brentwood",(615) 373-4696,Adoration,9:30 AM,6:00 PM,Eucharistic Adoration,English,Main Sanctuary,exposition
"Wed, Feb 25, 2026",2026-02-25,Wednesday,Holy Name,"521 Woodland St, Nashville",(615) 254-8847,Adoration,8:30 AM,10:30 AM,Adoration of the Blessed Sacrament,English,Church of the Most Holy Name,exposition
"Wed, Feb 25, 2026",2026-02-25,Wednesday,Holy Rosary,"4851 Park Ave, Memphis",(901) 767-6949,Adoration,1:00 PM,5:00 PM,Adoration,English,,exposition
"Wed, Feb 25, 2026",2026-02-25,Wednesday,Holy Rosary,"192 Graylynn Dr, Nashville",(615) 889-4065,Adoration,5:00 PM,6:00 PM,Adoration,English,,
"Wed, Feb 25, 2026",2026-02-25,Wednesday,Holy Spirit,"545 E Commerce St, Hernando",(662) 429-7851,Adoration,6:00 PM,7:00 PM,Adoration,English,,
"Wed, Feb 25, 2026",2026-02-25,Wednesday,Mission of Our Lady of the Lake,"10645 Hwy 57, Counce",(731) 925-4852,Adoration,6:30 PM,7:00 PM,Adoration,English,,immediately following Mass
"Wed, Feb 25, 2026",2026-02-25,Wednesday,Mission of St. Michael,"3553 S Carter Rd, Cedar Hill",(615) 384-6200,Adoration,3:00 PM,6:00 PM,Adoration,English,,
"Wed, Feb 25, 2026",2026-02-25,Wednesday,Nativity,"2793 Buckner Ln, Spring Hill",(615) 794-4004,Adoration,9:30 AM,6:00 PM,Adoration,English,,exposition
"Wed, Feb 25, 2026",2026-02-25,Wednesday,Our Lady of Fatima,"858 Louisville Rd, Alcoa",(865) 982-3672,Adoration,8:30 AM,8:00 PM,Eucharistic Exposition,English,,tags: exposition
"Wed, Feb 25, 2026",2026-02-25,Wednesday,Our Lady of Perpetual Help,"501 S Moore Rd, Chattanooga",(423) 622-7232,Adoration,9:00 AM,6:30 PM,Adoration,English,,exposition; subject to change if there is a funeral
"Wed, Feb 25, 2026",2026-02-25,Wednesday,Our Lady of Perpetual Help,"501 S Moore Rd, Chattanooga",+1-423-622-7232,Adoration,9:00 AM,6:30 PM,Adoration,English,,subject to change if there is a funeral
"Wed, Feb 25, 2026",2026-02-25,Wednesday,Our Lady of the Shoals,"200 E Commons St N, Tuscumbia",(256) 383-7207,Adoration,TBD,,Adoration,English,,30 minutes before weekday masses; exposition
"Wed, Feb 25, 2026",2026-02-25,Wednesday,Queen of Peace,"8455 Germantown Rd, Olive Branch",(662) 895-5007,Adoration,9:00 AM,10:00 AM,Adoration,English,,
"Wed, Feb 25, 2026",2026-02-25,Wednesday,Sacred Heart,"20 Summit St, Burnsville",(828) 689-3719,Adoration,11:00 AM,12:00 PM,Adoration,english,Sacred Heart,exposition
"Wed, Feb 25, 2026",2026-02-25,Wednesday,Sacred Heart,"301 Church St, Loretto",(931) 853-4370,Adoration,7:00 AM,7:45 AM,Adoration,English,SACRED HEART,exposition
"Wed, Feb 25, 2026",2026-02-25,Wednesday,Saint Francis of Assisi Catholic Church,"7503 Peavine Rd, Crossville",+1-931-484-3628,Adoration,7:30 AM,8:00 AM,Adoration,English,,tags: exposition
"Wed, Feb 25, 2026",2026-02-25,Wednesday,St Francis of Assisi Church,"1489 Donelson Pkwy, Dover",(931) 232-9422,Adoration,4:30 PM,5:30 PM,Adoration,English,"Saint Francis of Assisi Church, Dover, TN",
"Wed, Feb 25, 2026",2026-02-25,Wednesday,St. Andrew,"829 Valley View Dr, Sparta",(931) 738-2140,Adoration,4:00 PM,5:00 PM,Adoration,English,,St. Andrew Catholic Church; Sparta; TN
"Wed, Feb 25, 2026",2026-02-25,Wednesday,St. Anne,"316 Euclid Ave, Bristol",(276) 669-8200,Adoration,6:00 PM,7:00 PM,Adoration,English,Chapel,"exposition; note: ""Simple"" Exposition following confessions"
"Wed, Feb 25, 2026",2026-02-25,Wednesday,St. Augustine,"1716 Anderson Pike, Signal Mountain",(423) 886-3424,Adoration,5:00 PM,6:00 PM,Adoration,English,,
"Wed, Feb 25, 2026",2026-02-25,Wednesday,St. Elizabeth of the Hill Country,"259 Pilgrims Way, Boone",(828) 264-8338,Adoration,5:00 PM,6:00 PM,Adoration,English,St. Elizabeth,exposition
"Wed, Feb 25, 2026",2026-02-25,Wednesday,St. Frances Cabrini,"300 S Tarver Ave, Lebanon",(615) 444-0524,Adoration,7:00 AM,,Adoration,English,,exposition
"Wed, Feb 25, 2026",2026-02-25,Wednesday,St. Francis of Assisi,"7503 Peavine Rd, Fairfield Glade",(931) 484-3628,Adoration,7:30 AM,8:00 AM,Adoration,English,,exposition
"Wed, Feb 25, 2026",2026-02-25,Wednesday,St. Gerard Majella,"3049 Lafayette Rd, Fort Oglethorpe",(706) 861-9410,Adoration,7:30 AM,9:00 AM,Adoration,English,Saint Gerard Majella Catholic Church,exposition
"Wed, Feb 25, 2026",2026-02-25,Wednesday,St. Ignatius of Antioch,"601 Bell Rd, Nashville",615-367-0085,Adoration,7:45 AM,8:45 AM,Eucharist Adoration,English,,
"Wed, Feb 25, 2026",2026-02-25,Wednesday,St. John,"910 N Washington Ave, Brownsville",(731) 668-2596,Adoration,6:30 PM,7:30 PM,Adoration,English,"St. John, Brownsville",exposition
"Wed, Feb 25, 2026",2026-02-25,Wednesday,St. Jude,"435 Moody Ave, Martin",(731) 587-9777,Adoration,4:30 PM,5:15 PM,Adoration,English,,
"Wed, Feb 25, 2026",2026-02-25,Wednesday,St. Julian,"118 E Chester Ave, Middlesboro",(606) 248-2068,Adoration,5:30 PM,6:30 PM,Eucharistic Adoration,English,,every Wed; Wednesday Adoration Hour
"Wed, Feb 25, 2026",2026-02-25,Wednesday,St. Louis,"203 S White Station Rd, Memphis",(901) 255-1950,Adoration,6:00 AM,10:00 PM,Adoration,English,,
"Wed, Feb 25, 2026",2026-02-25,Wednesday,St. Mary,"2315 Pickwick St, Savannah",(731) 925-4852,Adoration,6:30 PM,7:00 PM,Adoration,English,,immediately following Mass
"Wed, Feb 25, 2026",2026-02-25,Wednesday,St. Matthew,"535 Sneed Rd W, Franklin",(615) 646-0378,Adoration,6:00 PM,,Exposition,English,,tags: exposition
"Wed, Feb 25, 2026",2026-02-25,Wednesday,St. Paul the Apostle,"1425 E Shelby Dr, Memphis",(901) 346-2380,Adoration,6:00 PM,7:00 PM,Adoration,English,,
"Wed, Feb 25, 2026",2026-02-25,Wednesday,St. Pius X Church,"2800 Tucker Rd, Nashville",+1-615-244-4093,Adoration,4:30 PM,5:30 PM,Adoration,English,ST. PIUS X ACADEMY AND CHURCH,
"Wed, Feb 25, 2026",2026-02-25,Wednesday,St. Regina,"108 Skyline Dr, Parsons",(731) 847-2054 ,Adoration,5:00 PM,6:00 PM,Adoration,English,,during Holy Hour
"Wed, Feb 25, 2026",2026-02-25,Wednesday,The Cathedral of the Most Sacred Heart of Jesus,"711 S Northshore Dr, Knoxville",(865) 588-0249,Adoration,5:30 PM,6:30 PM,Adoration,English,,Every
"Wed, Feb 25, 2026",2026-02-25,Wednesday,Chapel of St. Cecilia,"801 Dominican Dr, Nashville",16152565486,Devotions,5:30 PM,6:00 PM,Vespers,English,,
"Wed, Feb 25, 2026",2026-02-25,Wednesday,Chapel of St. Cecilia,"801 Dominican Dr, Nashville",16152565486,Devotions,6:00 PM,6:30 PM,Rosary,English,,
"Wed, Feb 25, 2026",2026-02-25,Wednesday,Christ the King,"785 Church Rd W, Southaven",(662) 342-1073,Devotions,11:30 AM,11:50 AM,Rosary,English,,
"Wed, Feb 25, 2026",2026-02-25,Wednesday,Holy Spirit,"2300 Hickory Crest Dr, Memphis",(901) 754-7146,Devotions,TBD,,Rosary,English,Chapel,after
"Wed, Feb 25, 2026",2026-02-25,Wednesday,Our Lady of Fatima,"858 Louisville Rd, Alcoa",(865) 982-3672,Devotions,8:00 PM,,Benediction,English,,tags: benediction
"Wed, Feb 25, 2026",2026-02-25,Wednesday,St. Frances Cabrini,"300 S Tarver Ave, Lebanon",(615) 444-0524,Devotions,7:30 AM,,Rosary,English,,
"Wed, Feb 25, 2026",2026-02-25,Wednesday,St. Gerard Majella,"3049 Lafayette Rd, Fort Oglethorpe",(706) 861-9410,Devotions,8:30 AM,,Recitation of the Rosary,English,Saint Gerard Majella Catholic Church,
"Wed, Feb 25, 2026",2026-02-25,Wednesday,St. Philip the Apostle,"11710 US Hwy 64, Somerville",(901) 465-8685,Devotions,7:30 PM,,Prayer Group,spanish,,
"Wed, Feb 25, 2026",2026-02-25,Wednesday,St. Pius X Church,"2800 Tucker Rd, Nashville",+1-615-244-4093,Devotions,4:30 PM,5:30 PM,Benediction,English,ST. PIUS X ACADEMY AND CHURCH,
"Wed, Feb 25, 2026",2026-02-25,Wednesday,St. Regina,"108 Skyline Dr, Parsons",(731) 847-2054 ,Devotions,5:00 PM,6:00 PM,Holy Hour,English,,
"Wed, Feb 25, 2026",2026-02-25,Wednesday,St. Rose of Lima Catholic Church,"1601 N Tennessee Blvd, Murfreesboro",(615) 893-1843,Devotions,6:30 AM,,Rosary,English,,
"Wed, Feb 25, 2026",2026-02-25,Wednesday,St. Therese of Lisieux,"900 Clingan Ridge Dr NW, Cleveland",(423) 476-8123,Devotions,5:05 PM,,Rosary / Litany of Loretto Devotion,English,,note: before Wednesday evening Mass
"Wed, Feb 25, 2026",2026-02-25,Wednesday,Holy Trinity,"610 Kimmins St, Hohenwald",(931) 796-3738,Other,8:00 AM,,Holy Liturgy,english,Holy Trinity,
"Wed, Feb 25, 2026",2026-02-25,Wednesday,Memphis VA Medical Center,"116 N Pauline St, Memphis","800-636-8262, ext. 17326",Other,12:30 PM,,Worship services,English,,no location specified
"Wed, Feb 25, 2026",2026-02-25,Wednesday,Our Lady of Sorrows,"3700 Thomas St, Memphis",(901) 353-1530,Other,6:30 PM,8:00 PM,P.R.E. Times,spanish,,September – May
"Wed, Feb 25, 2026",2026-02-25,Wednesday,St. Pius X,"2800 Tucker Rd, Nashville",(615) 256-2729,Other,5:45 PM,,Breaking Open God's Word,English,,note: check bulletin for end time
"Wed, Feb 25, 2026",2026-02-25,Wednesday,St. Pius X Church,"2800 Tucker Rd, Nashville",+1-615-244-4093,Other,5:45 PM,,Breaking Open God's Word,English,,bible study
"Wed, Feb 25, 2026",2026-02-25,Wednesday,The Catholic Community of The Sacred Heart of Jesus," Building# 5875 Desert Storm Ave, Fort Campbell",270-798-2352,Other,11:45 AM,,Catholic Worship Services,English,5875 - Soldiers Chapel,
"Wed, Feb 25, 2026",2026-02-25,Wednesday,University Catholic (Vanderbilt and Belmont U.),"2015 W End Ave, Nashville",(629) 800-5151,Other,6:00 PM,,Study Break,English,,
"Wed, Feb 25, 2026",2026-02-25,Wednesday,Vietnamese Parish of Divine Mercy,"10919 Carmichael Rd, Knoxville",(865) 766-2091,Other,8:00 AM,,Lễ,English,,
"Wed, Feb 25, 2026",2026-02-25,Wednesday,Notre Dame,"212 Mount Bethel Rd, Greeneville",(423) 639-9381,Sacraments,6:00 PM,,Communion Service,english,Notre Dame Catholic Church,recurring: Jan 13 – Feb 13; 2026
"Wed, Feb 25, 2026",2026-02-25,Wednesday,St. Brigid,"7801 Lowrance Rd, Memphis",(901) 758-0128,Sacraments,7:00 PM,,Communion Service,spanish,Main Church,
"Wed, Feb 25, 2026",2026-02-25,Wednesday,St. Lawrence,"5655 Clarksville Hwy, Joelton",(615) 876-2127,Private,9:00 AM,4:00 PM,Church Open for Prayer,English,Saint Lawrence,
"Wed, Feb 25, 2026",2026-02-25,Wednesday,St. Michael,"2751 County Rd 30, Florence",(256) 764-1885,Sacraments,6:00 PM,,Anointing of the Sick,English,St. Michael's Catholic Church,Quarterly; check bulletins and calendars for the dates
"Thu, Feb 26, 2026",2026-02-26,Thursday,All Saints,"620 N Cedar Bluff Rd, Knoxville",(865) 531-0770,Mass,12:10 PM,,Mass,english,620 N Cedar Bluff Rd,
"Thu, Feb 26, 2026",2026-02-26,Thursday,All Saints,"620 N Cedar Bluff Rd, Knoxville",(865) 531-0770,Mass,9:00 AM,,Mass,english,620 N Cedar Bluff Rd,
"Thu, Feb 26, 2026",2026-02-26,Thursday,Assumption,"1227 7th Ave N, Nashville",(615) 256-2729,Mass,7:00 AM,,Low Mass,latin,,
"Thu, Feb 26, 2026",2026-02-26,Thursday,Ave Maria,"664 S Washington St (TN-209), Ripley",(731)589-8302,Mass,8:15 AM,,Mass,english,,
"Thu, Feb 26, 2026",2026-02-26,Thursday,Basilica of Sts. Peter and Paul,"214 E 8th St, Chattanooga",(423) 266-1618,Mass,12:00 PM,,Mass,english,Basilica,
"Thu, Feb 26, 2026",2026-02-26,Thursday,Cathedral of the Immaculate Conception,"1669 Central Ave, Memphis",(901) 725-2700,Mass,12:00 PM,,Mass,English,,
"Thu, Feb 26, 2026",2026-02-26,Thursday,Cathedral of the Immaculate Conception,"1669 Central Ave, Memphis",(901) 725-2700,Mass,6:30 AM,,Mass,English,,
"Thu, Feb 26, 2026",2026-02-26,Thursday,Cathedral of the Incarnation,"2015 W End Ave, Nashville",(615) 327-2330,Mass,12:10 PM,,Mass,English,Cathedral,
"Thu, Feb 26, 2026",2026-02-26,Thursday,Cathedral of the Incarnation,"2015 W End Ave, Nashville",(615) 327-2330,Mass,7:00 AM,,Mass,English,Cathedral,
"Thu, Feb 26, 2026",2026-02-26,Thursday,Catholic Church of the Nativity,"2793 Buckner Ln, Thompson's Station",+1-615-794-4004,Mass,9:00 AM,,Mass,English,,exception: not 7 days/week
"Thu, Feb 26, 2026",2026-02-26,Thursday,Catholic Student Center -UM,"3625 Mynders Ave, Memphis",(901) 323-3051,Mass,4:30 PM,,Mass,english,Catholic Student Center,
"Thu, Feb 26, 2026",2026-02-26,Thursday,Christ the King,"816 Blue Top Rd, Tazewell",(423) 562-0312,Mass,10:00 AM,,Mass,English,Christ the King Church,unless announced otherwise
"Thu, Feb 26, 2026",2026-02-26,Thursday,Christ the King,"785 Church Rd W, Southaven",(662) 342-1073,Mass,12:00 PM,,Mass,english,,
"Thu, Feb 26, 2026",2026-02-26,Thursday,Christ the King,"3001 Belmont Blvd, Nashville",(615) 292-2884,Mass,6:00 PM,,Mass,english,,
"Thu, Feb 26, 2026",2026-02-26,Thursday,Christ the King,"820 E Main St, Abingdon",(276) 628-2941,Mass,8:00 AM,,Mass,English,Christ the King Parish,
"Thu, Feb 26, 2026",2026-02-26,Thursday,Christ the Redeemer,"1515 Woodland Dr, Centerville",(931) 729-4669,Mass,6:30 PM,,Mass,English,Christ the Redeemer,
"Thu, Feb 26, 2026",2026-02-26,Thursday,Community of the Holy Spirit,"384 Eagle Ridge Dr, Jonesville",(276) 346-0269,Mass,6:00 PM,,Mass,English,"Jonesville, VA 24263",
"Thu, Feb 26, 2026",2026-02-26,Thursday,Good Shepherd,"2361 Cosby Hwy, Newport",(423) 623-5051,Mass,10:00 AM,,Mass,english,Church of the Good Shepherd,
"Thu, Feb 26, 2026",2026-02-26,Thursday,Good Shepherd,"2021 Decherd Blvd, Decherd",(931) 967-0961,Mass,9:00 AM,,Mass,English,Good Shepherd Church,
"Thu, Feb 26, 2026",2026-02-26,Thursday,Holy Angels,"535 Tucker St, Dyersburg",(731) 287-8000,Mass,8:15 AM,,Mass,english,,
"Thu, Feb 26, 2026",2026-02-26,Thursday,Holy Cross,"1210 E Wood St, Paris",(731) 642-4681,Mass,12:00 PM,,Mass,English,,
"Thu, Feb 26, 2026",2026-02-26,Thursday,Holy Cross,"144 Wears Valley Rd, Pigeon Forge",865-429-5587,Mass,12:00 PM,,Mass,english,,
"Thu, Feb 26, 2026",2026-02-26,Thursday,Holy Family,"431 Old Hwy 52, Lafayette",(615) 666-6466,Mass,11:00 AM,,Mass,english,"Holy Family catholic church, Lafayette, TN",
"Thu, Feb 26, 2026",2026-02-26,Thursday,Holy Family,"9100 Crockett Rd, Brentwood",(615) 373-4696,Mass,12:00 PM,,Mass,English,,livestream
"Thu, Feb 26, 2026",2026-02-26,Thursday,Holy Family,"201 Black Oak Ridge Rd, Seymour",(865) 573-1203,Mass,12:00 PM,,Mass,english,,
"Thu, Feb 26, 2026",2026-02-26,Thursday,Holy Family,"201 Black Oak Ridge Rd, Seymour",(865) 573-1203,Mass,8:30 AM,,Mass,english,,
"Thu, Feb 26, 2026",2026-02-26,Thursday,Holy Family Catholic Church,"201 Black Oak Ridge Rd, Seymour",+1-865-573-1203,Mass,12:00 PM,,Mass,english,,
"Thu, Feb 26, 2026",2026-02-26,Thursday,Holy Family Catholic Church,"201 Black Oak Ridge Rd, Seymour",+1-865-573-1203,Mass,8:30 AM,,Mass,english,,
"Thu, Feb 26, 2026",2026-02-26,Thursday,Holy Ghost,"1041 N Central St, Knoxville",(865) 522-2205,Mass,6:30 AM,,Mass,English,,
"Thu, Feb 26, 2026",2026-02-26,Thursday,Holy Ghost,"1041 N Central St, Knoxville",(865) 522-2205,Mass,8:00 AM,,Mass,English,,
"Thu, Feb 26, 2026",2026-02-26,Thursday,Holy Name,"521 Woodland St, Nashville",(615) 254-8847,Mass,12:00 PM,,Mass,english,Church of the Most Holy Name,
"Thu, Feb 26, 2026",2026-02-26,Thursday,Holy Rosary,"4851 Park Ave, Memphis",(901) 767-6949,Mass,6:15 AM,,Mass,English,,
"Thu, Feb 26, 2026",2026-02-26,Thursday,Holy Rosary,"192 Graylynn Dr, Nashville",(615) 889-4065,Mass,6:15 PM,,Mass,English,,
"Thu, Feb 26, 2026",2026-02-26,Thursday,Holy Rosary,"192 Graylynn Dr, Nashville",(615) 889-4065,Mass,8:00 AM,,Mass,English,,
"Thu, Feb 26, 2026",2026-02-26,Thursday,Holy Rosary,"4851 Park Ave, Memphis",(901) 767-6949,Mass,8:15 AM,,Mass,English,,
"Thu, Feb 26, 2026",2026-02-26,Thursday,Holy Spirit,"2300 Hickory Crest Dr, Memphis",(901) 754-7146,Mass,6:30 AM,,Mass,English,,
"Thu, Feb 26, 2026",2026-02-26,Thursday,Holy Spirit,"545 E Commerce St, Hernando",(662) 429-7851,Mass,8:00 AM,,Mass,english,,
"Thu, Feb 26, 2026",2026-02-26,Thursday,Holy Spirit,"2300 Hickory Crest Dr, Memphis",(901) 754-7146,Mass,8:00 AM,,Mass,English,,
"Thu, Feb 26, 2026",2026-02-26,Thursday,Holy Spirit,"10768 Dayton Pike, Soddy Daisy",(423) 332-5300,Mass,9:00 AM,,Mass,english,Holy Spirit,
"Thu, Feb 26, 2026",2026-02-26,Thursday,Holy Spirit Catholic Church,"10768 Dayton Pike, Soddy-Daisy",+1-423-332-5300,Mass,9:00 AM,,Mass,english,Holy Spirit,
"Thu, Feb 26, 2026",2026-02-26,Thursday,Holy Trinity,"475 N Highway 92, Jefferson City",(865) 471-0347,Mass,9:00 AM,,Mass,english,,
"Thu, Feb 26, 2026",2026-02-26,Thursday,Immaculate Conception,"414 W Vine Ave, Knoxville",(865) 522-1508,Mass,12:10 PM,,Mass,english,Immaculate Conception,
"Thu, Feb 26, 2026",2026-02-26,Thursday,Immaculate Conception,"709 Franklin St, Clarksville",(931) 645-6275,Mass,9:00 AM,,Mass,english,Chapel,
"Thu, Feb 26, 2026",2026-02-26,Thursday,Incarnation,"360 Bray Station Rd, Collierville",(901) 853-7468 ,Mass,8:15 AM,,Mass,English,St. Therese Chapel,tags: chapel
"Thu, Feb 26, 2026",2026-02-26,Thursday,Mission of St. Michael,"3553 S Carter Rd, Cedar Hill",(615) 384-6200,Mass,8:30 AM,,Mass,English,Our Lady of Lourdes,
"Thu, Feb 26, 2026",2026-02-26,Thursday,Mission of the Holy Family,"265 Cotham Dr, Huntingdon",(731) 584-6459,Mass,12:00 PM,,Mass,English,"Holy Family Catholic Mission, Huntingdon, TN",
"Thu, Feb 26, 2026",2026-02-26,Thursday,Mother Teresa ,"7668 Nolensville Rd (house on the hill ), Nolensville",(651) 283-3119,Mass,9:00 AM,,Mass,English,Parish Chapel,
"Thu, Feb 26, 2026",2026-02-26,Thursday,National Shrine of St. Martin de Porres,"190 Adams Ave, Memphis",(901) 527-8282,Mass,12:05 PM,,Mass,english,St. Martin de Porres National Shrine Chapel,
"Thu, Feb 26, 2026",2026-02-26,Thursday,Nativity,"5955 St Elmo Rd, Bartlett",(901) 382-2504,Mass,8:00 AM,,Mass,english,,
"Thu, Feb 26, 2026",2026-02-26,Thursday,Nativity,"2793 Buckner Ln, Spring Hill",(615) 794-4004,Mass,9:00 AM,,Mass,english,,
"Thu, Feb 26, 2026",2026-02-26,Thursday,Nativity,"2793 Buckner Ln, Spring Hill",(615) 794-4004,Mass,9:00 AM,,Mass,english,,
"Thu, Feb 26, 2026",2026-02-26,Thursday,Notre Dame,"212 Mount Bethel Rd, Greeneville",(423) 639-9381,Mass,8:30 AM,,Mass,english,Notre Dame Catholic Church,
"Thu, Feb 26, 2026",2026-02-26,Thursday,Notre Dame Catholic Church,"212 Mt Bethel Rd, Greeneville",+1-423-639-9381,Mass,8:30 AM,,Mass,english,Notre Dame,
"Thu, Feb 26, 2026",2026-02-26,Thursday,Our Lady of Fatima,"858 Louisville Rd, Alcoa",(865) 982-3672,Mass,12:00 PM,,Mass,english,,livestream
"Thu, Feb 26, 2026",2026-02-26,Thursday,Our Lady of Guadalupe,"3112 Nolensville Rd, Nashville",615-333-8660,Mass,6:00 PM,,Mass,English,,
"Thu, Feb 26, 2026",2026-02-26,Thursday,Our Lady of Lourdes,"704 Holly Ave, South Pittsburg",(423) 837-7068,Mass,7:30 AM,,Mass,English,,
"Thu, Feb 26, 2026",2026-02-26,Thursday,Our Lady of Perpetual Help,"8151 Poplar Ave, Germantown",(901) 754-1204,Mass,12:00 PM,,Mass,English,chapel,livestream
"Thu, Feb 26, 2026",2026-02-26,Thursday,Our Lady of Perpetual Help,"8151 Poplar Ave, Germantown",(901) 754-1204,Mass,6:15 AM,,Mass,English,chapel,livestream
"Thu, Feb 26, 2026",2026-02-26,Thursday,Our Lady of Perpetual Help,"501 S Moore Rd, Chattanooga",(423) 622-7232,Mass,8:15 AM,,Daily Mass,english,,
"Thu, Feb 26, 2026",2026-02-26,Thursday,Our Lady of Perpetual Help,"501 S Moore Rd, Chattanooga",+1-423-622-7232,Mass,8:15 AM,,Mass,english,,
"Thu, Feb 26, 2026",2026-02-26,Thursday,Our Lady of Perpetual Help,"8151 Poplar Ave, Germantown",(901) 754-1204,Mass,8:15 AM,,Mass,English,chapel,livestream
"Thu, Feb 26, 2026",2026-02-26,Thursday,Our Lady of Sorrows,"3700 Thomas St, Memphis",(901) 353-1530,Mass,6:30 PM,,Mass,spanish,,
"Thu, Feb 26, 2026",2026-02-26,Thursday,Our Lady of the Lake,"1729 Stop 30 Rd, Hendersonville",(615) 824-3276,Mass,6:30 AM,,Mass,English,,
"Thu, Feb 26, 2026",2026-02-26,Thursday,Our Lady of the Lake,"1729 Stop 30 Rd, Hendersonville",(615) 824-3276,Mass,9:15 AM,,Mass,English,,
"Thu, Feb 26, 2026",2026-02-26,Thursday,Our Lady of the Shoals,"200 E Commons St N, Tuscumbia",(256) 383-7207,Mass,9:00 AM,,Mass,English,chapel,chapel
"Thu, Feb 26, 2026",2026-02-26,Thursday,Queen of Peace,"8455 Germantown Rd, Olive Branch",(662) 895-5007,Mass,12:00 PM,,Mass,english,,
"Thu, Feb 26, 2026",2026-02-26,Thursday,Sacred Heart,"296 W 6th St, Russellville",(270) 726-6963,Mass,11:00 AM,,Mass,English,Sacred Heart Catholic Church Russellville KY,
"Thu, Feb 26, 2026",2026-02-26,Thursday,Sacred Heart,"411 E Moulton St, Hickman",(270) 472-2742,Mass,5:30 PM,,Mass,English,"St. Jude, Clinton",
"Thu, Feb 26, 2026",2026-02-26,Thursday,Sacred Heart,"2887 E Main St, Humboldt",(731) 618- 6758,Mass,6:30 PM,,Mass,spanish,Sacred Heart,
"Thu, Feb 26, 2026",2026-02-26,Thursday,Saint Francis of Assisi Catholic Church,"7503 Peavine Rd, Crossville",+1-931-484-3628,Mass,8:00 AM,,Mass,english,,
"Thu, Feb 26, 2026",2026-02-26,Thursday,"Saint James the Apostle Catholic Church, Sneedville","Highway 33, Sneedville",+1-423-272-6897,Mass,12:00 PM,,Mass,English,,
"Thu, Feb 26, 2026",2026-02-26,Thursday,Shepherd of the Valley,"6191 Hwy 28, Dunlap",(423) 949-6903,Mass,7:00 PM,,Mass,spanish,,
"Thu, Feb 26, 2026",2026-02-26,Thursday,Shepherd of the Valley Catholic Church,"6191 TN-28, Dunlap",+1-423-949-6903,Mass,7:00 PM,,Mass,spanish,Shepherd of the Valley,
"Thu, Feb 26, 2026",2026-02-26,Thursday,St Albert the Great Catholic Church,"7200 Brickey Ln, Knoxville",+1-865-689-7011,Mass,9:00 AM,,Mass,English,,when schools are closed there will be no weekday morning Mass; all parish activities will be cancelled; and the office will be closed
"Thu, Feb 26, 2026",2026-02-26,Thursday,St Alphonsus Catholic Church,"151 St Alphonsus Way, Crossville",+1-931-484-2358,Mass,8:30 AM,,Mass,english,,
"Thu, Feb 26, 2026",2026-02-26,Thursday,St Elizabeth Ann Seton Church,"755 Hwy 49, Tennessee Ridge",(931) 721-3769,Mass,10:30 AM,,Mass,english,,
"Thu, Feb 26, 2026",2026-02-26,Thursday,St Joseph the Worker Catholic Church,"649 Old Tellico Hwy N, Madisonville",+1-423-442-7273,Mass,9:00 AM,,Mass,English,St. Joseph the Worker Catholic Church,
"Thu, Feb 26, 2026",2026-02-26,Thursday,St Therese-Little Flower,"1644 Jackson Ave, Memphis",(901) 276-1412,Mass,8:15 AM,,Mass,English,"Blessed Sacrament, 2564 Hale Ave, Memphis, TN",
"Thu, Feb 26, 2026",2026-02-26,Thursday,St. Albert the Great,"7200 Brickey Ln, Knoxville",(865) 689-7011,Mass,9:00 AM,,Mass,English,,when schools are closed there will be no weekday morning Mass; all parish activities will be cancelled; and the office will be closed
"Thu, Feb 26, 2026",2026-02-26,Thursday,St. Alphonsus,"1225 Hwy 51 S, Covington",(901) 476-8140,Mass,8:00 AM,,Mass,english,St. Alphonsus,
"Thu, Feb 26, 2026",2026-02-26,Thursday,St. Alphonsus,"151 St Alphonsus Way, Crossville",(931) 484-2358,Mass,8:30 AM,,Mass,english,Saint Alphonsus Catholic Church,
"Thu, Feb 26, 2026",2026-02-26,Thursday,St. Andrew,"829 Valley View Dr, Sparta",(931) 738-2140,Mass,9:30 AM,,Mass,English,,St. Andrew Catholic Church; Sparta; TN
"Thu, Feb 26, 2026",2026-02-26,Thursday,St. Andrew the Apostle,"149 Brook St, Mars Hill",(828) 689-3719,Mass,9:00 AM,,Mass,english,St. Andrew,
"Thu, Feb 26, 2026",2026-02-26,Thursday,St. Ann,"5101 Charlotte Ave, Nashville",(615) 298-1782,Mass,8:00 AM,,Mass,english,Church,
"Thu, Feb 26, 2026",2026-02-26,Thursday,St. Anne,"316 Euclid Ave, Bristol",(276) 669-8200,Mass,6:00 PM,,Mass,English,,
"Thu, Feb 26, 2026",2026-02-26,Thursday,St. Anne,"706 S Highland St, Memphis",(901) 323-3817,Mass,6:00 PM,,Mass,spanish,,
"Thu, Feb 26, 2026",2026-02-26,Thursday,St. Anthony,"967 E Main St, Blue Ridge",(706) 632-5970,Mass,12:00 PM,,Mass,English,Adoration Chapel,
"Thu, Feb 26, 2026",2026-02-26,Thursday,St. Anthony,"1900 Huntsville Hwy, Fayetteville",(931) 433-6525,Mass,9:00 AM,,Mass,English,,
"Thu, Feb 26, 2026",2026-02-26,Thursday,St. Augustine,"1716 Anderson Pike, Signal Mountain",(423) 886-3424,Mass,8:15 AM,,Mass,English,,
"Thu, Feb 26, 2026",2026-02-26,Thursday,St. Bridget,"320 Walnut Grove Church Rd, Dayton",(423) 775-2664,Mass,8:30 AM,,Mass,english,,
"Thu, Feb 26, 2026",2026-02-26,Thursday,St. Brigid,"7801 Lowrance Rd, Memphis",(901) 758-0128,Mass,7:00 PM,,Mass,spanish,Main Church,
"Thu, Feb 26, 2026",2026-02-26,Thursday,St. Brigid,"7801 Lowrance Rd, Memphis",(901) 758-0128,Mass,8:15 AM,,Mass,english,Main Church,
"Thu, Feb 26, 2026",2026-02-26,Thursday,St. Catherine,"3019 Cayce Ln, Columbia",(931) 388-3803,Mass,7:00 PM,,Mass,spanish,Saint Catherine of Siena Catholic Church,
"Thu, Feb 26, 2026",2026-02-26,Thursday,St. Catherine,"3019 Cayce Ln, Columbia",(931) 388-3803,Mass,8:00 AM,,Mass,english,Saint Catherine of Siena Catholic Church,
"Thu, Feb 26, 2026",2026-02-26,Thursday,St. Catherine Laboure,"115 Main St, Copperhill",(423) 496-3498,Mass,9:00 AM,,Mass,English,,check bulletin
"Thu, Feb 26, 2026",2026-02-26,Thursday,St. Dominic,"2517 John B Dennis Hwy, Kingsport",(423) 288-8101,Mass,8:15 AM,,Mass,english,School,note: Mass is at Church when school is not in session
"Thu, Feb 26, 2026",2026-02-26,Thursday,St. Edward,"188 Thompson Ln, Nashville",(615)-833-5520,Mass,8:00 AM,,Mass,English,,
"Thu, Feb 26, 2026",2026-02-26,Thursday,St. Elizabeth Ann Seton (Ordinariate of the Chair of St. Peter),"217 Fox Rd, Knoxville",,Mass,8:00 AM,,Mass,English,217 Fox Rd. Knoxville,
"Thu, Feb 26, 2026",2026-02-26,Thursday,St. Elizabeth of the Hill Country,"259 Pilgrims Way, Boone",(828) 264-8338,Mass,9:30 AM,,Mass,english,St. Elizabeth,
"Thu, Feb 26, 2026",2026-02-26,Thursday,St. Frances Cabrini,"300 S Tarver Ave, Lebanon",(615) 444-0524,Mass,7:00 PM,,Mass,spanish,,
"Thu, Feb 26, 2026",2026-02-26,Thursday,St. Frances Cabrini,"300 S Tarver Ave, Lebanon",(615) 444-0524,Mass,8:00 AM,,Mass,english,,
"Thu, Feb 26, 2026",2026-02-26,Thursday,St. Francis of Assisi,"8151 Chimneyrock Blvd, Cordova",(901) 756-1213,Mass,12:00 PM,,Mass,English,St. Francis of Assisi,
"Thu, Feb 26, 2026",2026-02-26,Thursday,St. Francis of Assisi,"7503 Peavine Rd, Fairfield Glade",(931) 484-3628,Mass,8:00 AM,,Mass,English,,
"Thu, Feb 26, 2026",2026-02-26,Thursday,St. Francis of Assisi,"8151 Chimneyrock Blvd, Cordova",(901) 756-1213,Mass,8:15 AM,,Mass,English,St. Francis of Assisi,
"Thu, Feb 26, 2026",2026-02-26,Thursday,St. Gerard Majella,"3049 Lafayette Rd, Fort Oglethorpe",(706) 861-9410,Mass,9:00 AM,,Mass,English,Saint Gerard Majella Catholic Church,
"Thu, Feb 26, 2026",2026-02-26,Thursday,St. Henry,"112-114 Hwy 70 N, Rogersville",(423) 272-6897,Mass,12:00 PM,,Mass,English,,note: Weekday Masses
"Thu, Feb 26, 2026",2026-02-26,Thursday,St. Henry,"6401 Harding Pike, Nashville",(615) 352-2259,Mass,6:30 AM,,Mass,English,Chapel,tags: chapel
"Thu, Feb 26, 2026",2026-02-26,Thursday,St. Henry,"6401 Harding Pike, Nashville",(615) 352-2259,Mass,8:00 AM,,Mass,English,Chapel,tags: chapel
"Thu, Feb 26, 2026",2026-02-26,Thursday,St. Ignatius of Antioch,"601 Bell Rd, Nashville",615-367-0085,Mass,9:00 AM,,Mass,English,,
"Thu, Feb 26, 2026",2026-02-26,Thursday,St. James,"4180 Leroy Ave, Memphis",(901) 767-8672,Mass,9:00 AM,,Mass,english,,
"Thu, Feb 26, 2026",2026-02-26,Thursday,St. James the Apostle,"3652 Main St, Sneedville",(423) 272-6897,Mass,12:00 PM,,Mass,English,,noon
"Thu, Feb 26, 2026",2026-02-26,Thursday,St. James the Less,"3189 N Harper Rd, Corinth",(662) 331-5184,Mass,6:00 PM,,Mass/Misa,English,,
"Thu, Feb 26, 2026",2026-02-26,Thursday,St. John,"910 N Washington Ave, Brownsville",(731) 668-2596,Mass,8:30 AM,,Mass,spanish,"St. John, Brownsville",
"Thu, Feb 26, 2026",2026-02-26,Thursday,St. John Neumann,"633 Saint John Ct, Farragut",(865) 966-4540,Mass,6:45 AM,,Mass,English,,
"Thu, Feb 26, 2026",2026-02-26,Thursday,St. John Neumann,"633 Saint John Ct, Farragut",(865) 966-4540,Mass,8:05 AM,,Mass,English,,
"Thu, Feb 26, 2026",2026-02-26,Thursday,St. John Vianney,"449 N Water St, Gallatin",(615) 452-2977,Mass,12:00 PM,,Mass,English,,
"Thu, Feb 26, 2026",2026-02-26,Thursday,St. John XXIII (U. of Tenn.),"1710 Melrose Pl, Knoxville",(865) 523-7931,Mass,12:00 PM,,Mass,english,,except for Holidays
"Thu, Feb 26, 2026",2026-02-26,Thursday,St. John the Evangelist,"1061 Ellington Pkwy S, Lewisburg",(931) 359-5017,Mass,8:30 AM,,Mass,english,,
"Thu, Feb 26, 2026",2026-02-26,Thursday,St. Joseph,"316 Main St, Bryson City",(828) 488-6766,Mass,12:00 PM,,Mass,English,St Joseph's,
"Thu, Feb 26, 2026",2026-02-26,Thursday,St. Joseph,"203 Plum St, Florence",(256) 764-3303,Mass,7:00 PM,,Mass,spanish,,
"Thu, Feb 26, 2026",2026-02-26,Thursday,St. Joseph,"203 Plum St, Florence",(256) 764-3303,Mass,7:15 AM,,Mass,English,,
"Thu, Feb 26, 2026",2026-02-26,Thursday,St. Joseph,"968 Haig Mill Lake Rd, Dalton",(706) 278-3107,Mass,9:00 AM,,Mass,english,,
"Thu, Feb 26, 2026",2026-02-26,Thursday,St. Joseph,"3425 Andersonville Hwy, Norris",(865) 494-7746,Mass,9:00 AM,,Mass,English,St. Joseph - Norris,
"Thu, Feb 26, 2026",2026-02-26,Thursday,St. Joseph the Worker,"649 Old Tellico Hwy N, Madisonville",(423) 442-7273,Mass,9:00 AM,,Mass,English,St. Joseph the Worker Catholic Church,
"Thu, Feb 26, 2026",2026-02-26,Thursday,St. Jude,"435 Moody Ave, Martin",(731) 587-9777,Mass,12:10 PM,,Mass,english,,
"Thu, Feb 26, 2026",2026-02-26,Thursday,St. Jude,"1318 E Poplar Ave, Selmer",(731) 645-4188,Mass,8:00 AM,,Mass,English,"St. Jude Church, Selmer",
"Thu, Feb 26, 2026",2026-02-26,Thursday,St. Jude,"930 Ashland Ter, Chattanooga",(423) 870-2386,Mass,8:15 AM,,Mass,english,,
"Thu, Feb 26, 2026",2026-02-26,Thursday,St. Jude Catholic Church,"930 Ashland Terrace, Chattanooga",+1-423-870-2386,Mass,8:15 AM,,Mass,English,,
"Thu, Feb 26, 2026",2026-02-26,Thursday,St. Julian,"118 E Chester Ave, Middlesboro",(606) 248-2068,Mass,8:00 AM,,Mass,English,,
"Thu, Feb 26, 2026",2026-02-26,Thursday,St. Katharine Drexel,"140 New England Rd, Wildwood",(706) 820-0680,Mass,8:30 AM,,Mass,english,,
"Thu, Feb 26, 2026",2026-02-26,Thursday,St. Lawrence,"5655 Clarksville Hwy, Joelton",(615) 876-2127,Mass,5:00 PM,,Mass,English,Saint Lawrence,
"Thu, Feb 26, 2026",2026-02-26,Thursday,St. Louis,"203 S White Station Rd, Memphis",(901) 255-1950,Mass,12:00 PM,,Mass,English,,
"Thu, Feb 26, 2026",2026-02-26,Thursday,St. Louis,"203 S White Station Rd, Memphis",(901) 255-1950,Mass,6:15 AM,,Mass,English,,
"Thu, Feb 26, 2026",2026-02-26,Thursday,St. Louis,"203 S White Station Rd, Memphis",(901) 255-1950,Mass,8:15 AM,,Mass,English,,
"Thu, Feb 26, 2026",2026-02-26,Thursday,St. Lucien,"695 Summit St, Spruce Pine",(828) 898-6900,Mass,9:00 AM,,Holy Mass,English,"St. Lucien, 695 Summit St. Spruce Pine, NC 28777",
"Thu, Feb 26, 2026",2026-02-26,Thursday,St. Martha,"3331 Bell St, Ashland City",615-792-4255,Mass,6:00 PM,,Mass,English,Adoration Chapel,
"Thu, Feb 26, 2026",2026-02-26,Thursday,St. Mary,"2315 Pickwick St, Savannah",(731) 925-4852,Mass,12:00 PM,,Mass,English,St. Mary's,
"Thu, Feb 26, 2026",2026-02-26,Thursday,St. Mary,"223 Mecklenburg Dr, Bolivar",(731) 658-4627,Mass,5:00 PM,,Mass,English,"St. Mary’s Church, Bolivar",
"Thu, Feb 26, 2026",2026-02-26,Thursday,St. Mary,"155 Market St, Memphis",(901) 522-9420,Mass,5:30 PM,,Mass,English,,note: Weekday Masses will resume on January 29th
"Thu, Feb 26, 2026",2026-02-26,Thursday,St. Mary,"1665 US-45 BYP, Jackson",(731) 668-2596,Mass,7:00 AM,,Mass,english,,
"Thu, Feb 26, 2026",2026-02-26,Thursday,St. Mary,"2211 E Lakeview Dr, Johnson City",(423) 282-6367,Mass,7:00 AM,,Mass,English,,
"Thu, Feb 26, 2026",2026-02-26,Thursday,St. Mary,"403 N Main St, Franklin",(270) 586-4515 or (270) 253-3230 (Rectory),Mass,8:00 AM,,Mass,English,,
"Thu, Feb 26, 2026",2026-02-26,Thursday,St. Mary,"304 Airport Rd, Gatlinburg",(865) 436-4907,Mass,8:00 AM,,Mass,english,St. Mary's Catholic Church,
"Thu, Feb 26, 2026",2026-02-26,Thursday,St. Mary,"327 Vermont Ave, Oak Ridge",(865) 482-2875,Mass,8:00 AM,,Mass,english,,
"Thu, Feb 26, 2026",2026-02-26,Thursday,St. Mary,"2211 E Lakeview Dr, Johnson City",(423) 282-6367,Mass,8:30 AM,,Mass,English,,
"Thu, Feb 26, 2026",2026-02-26,Thursday,St. Mary of the Seven Sorrows,"328 Rep John Lewis Way N, Nashville",(615) 561-1704,Mass,12:10 PM,,Mass,English,,
"Thu, Feb 26, 2026",2026-02-26,Thursday,St. Matthew,"9060 Telecom Dr, Milan",(731) 784-3904,Mass,6:30 PM,,Mass,spanish,Sacred Heart,
"Thu, Feb 26, 2026",2026-02-26,Thursday,St. Matthew,"535 Sneed Rd W, Franklin",(615) 646-0378,Mass,8:00 AM,,Mass,english,,
"Thu, Feb 26, 2026",2026-02-26,Thursday,St. Matthew,"535 Sneed Rd W, Franklin",(615) 646-0378,Mass,8:00 AM,,Mass,English,,tags: livestream; note: when school is in session
"Thu, Feb 26, 2026",2026-02-26,Thursday,St. Michael,"2751 County Rd 30, Florence",(256) 764-1885,Mass,12:00 PM,,Mass,English,St. Michael's Catholic Church,
"Thu, Feb 26, 2026",2026-02-26,Thursday,St. Michael,"2751 County Rd 30, Florence",(256) 764-1885,Mass,12:00 PM,,Mass,English,St. Michael's Catholic Church,
"Thu, Feb 26, 2026",2026-02-26,Thursday,St. Michael,"3863 Summer Ave, Memphis",(901) 323-0896,Mass,5:30 PM,,Mass,spanish,,
"Thu, Feb 26, 2026",2026-02-26,Thursday,St. Michael,"2751 County Rd 30, Florence",(256) 764-1885,Mass,7:30 AM,,Mass,English,St. Michael's Catholic Church,
"Thu, Feb 26, 2026",2026-02-26,Thursday,St. Michael,"3863 Summer Ave, Memphis",(901) 323-0896,Mass,8:15 AM,,Mass,english,,
"Thu, Feb 26, 2026",2026-02-26,Thursday,St. Patrick,"1219 Second Ave S, Nashville",(615) 256-6498,Mass,7:00 AM,,Mass,english,,
"Thu, Feb 26, 2026",2026-02-26,Thursday,St. Patrick,"175 St Patrick St, McEwen",(931) 582-3633,Mass,8:00 AM,,Mass,english,"Saint Patrick Catholic Church, McEwen, TN",
"Thu, Feb 26, 2026",2026-02-26,Thursday,St. Patrick,"2518 W Andrew Johnson Hwy, Morristown",(423) 586-9174,Mass,8:30 AM,,Mass,English,,
"Thu, Feb 26, 2026",2026-02-26,Thursday,St. Paul the Apostle,"1425 E Shelby Dr, Memphis",(901) 346-2380,Mass,6:00 AM,,Mass,English,,note: During school year calendar
"Thu, Feb 26, 2026",2026-02-26,Thursday,St. Paul the Apostle,"1425 E Shelby Dr, Memphis",(901) 346-2380,Mass,6:00 PM,,Mass,english,,
"Thu, Feb 26, 2026",2026-02-26,Thursday,St. Paul the Apostle,"304 W Grizzard St, Tullahoma",(931) 455-3050,Mass,8:00 AM,,Mass,english,,
"Thu, Feb 26, 2026",2026-02-26,Thursday,St. Paul the Apostle,"1425 E Shelby Dr, Memphis",(901) 346-2380,Mass,8:15 AM,,Mass,English,,
"Thu, Feb 26, 2026",2026-02-26,Thursday,St. Peter the Apostle,"208 Upper Ferry Rd, Carthage",(615) 281-8327,Mass,5:00 PM,,Daily Mass,English,,
"Thu, Feb 26, 2026",2026-02-26,Thursday,St. Philip,"113 Second Ave S, Franklin",(615) 794-8588,Mass,7:00 AM,,Mass,english,St. Philip Catholic Church,
"Thu, Feb 26, 2026",2026-02-26,Thursday,St. Philip,"113 Second Ave S, Franklin",(615) 794-8588,Mass,9:00 AM,,Mass,english,St. Philip Catholic Church,
"Thu, Feb 26, 2026",2026-02-26,Thursday,St. Philip the Apostle,"11710 US Hwy 64, Somerville",(901) 465-8685,Mass,8:30 AM,,Mass,english,,
"Thu, Feb 26, 2026",2026-02-26,Thursday,St. Pius X,"2800 Tucker Rd, Nashville",(615) 256-2729,Mass,7:15 AM,,Holy Mass and Communion Service,english,ST. PIUS X ACADEMY AND CHURCH,
"Thu, Feb 26, 2026",2026-02-26,Thursday,St. Pius X Church,"2800 Tucker Rd, Nashville",+1-615-244-4093,Mass,7:15 AM,,Mass,english,ST. PIUS X ACADEMY AND CHURCH,
"Thu, Feb 26, 2026",2026-02-26,Thursday,St. Rose of Lima Catholic Church,"1601 N Tennessee Blvd, Murfreesboro",(615) 893-1843,Mass,7:00 AM,,Mass,English,,
"Thu, Feb 26, 2026",2026-02-26,Thursday,St. Stephen,"14544 Lebanon Rd, Old Hickory",(615) 758-2424,Mass,8:00 AM,,Mass,english,Saint Stephen Catholic Community,
"Thu, Feb 26, 2026",2026-02-26,Thursday,St. Stephen,"7111 Lee Hwy, Chattanooga",(423) 892-1261,Mass,8:30 AM,,Mass,english,St. Stephen Catholic Church,
"Thu, Feb 26, 2026",2026-02-26,Thursday,St. Therese of Lisieux,"900 Clingan Ridge Dr NW, Cleveland",(423) 476-8123,Mass,8:30 AM,,Mass,english,,
"Thu, Feb 26, 2026",2026-02-26,Thursday,St. Thomas Aquinas,"421 N Washington Ave, Cookeville",(931) 526-2575,Mass,5:30 PM,,Mass,english,,
"Thu, Feb 26, 2026",2026-02-26,Thursday,St. Thomas Aquinas,"421 N Washington Ave, Cookeville",(931) 526-2575,Mass,8:00 AM,,Mass,english,,
"Thu, Feb 26, 2026",2026-02-26,Thursday,St. Thomas the Apostle,"1580 St Thomas Way, Lenoir City",(865) 986-9885,Mass,8:30 AM,,Mass,english,Saint Thomas the Apostle,
"Thu, Feb 26, 2026",2026-02-26,Thursday,St. Vincent de Paul,"1700 Heiman St, Nashville",(615) 320-0695 (Ext 100),Mass,9:00 AM,,Mass,english,,
"Thu, Feb 26, 2026",2026-02-26,Thursday,St. William,"4932 Easley St, Millington",(901) 872-4099,Mass,11:30 AM,,Mass,English,St. William Catholic Church,
"Thu, Feb 26, 2026",2026-02-26,Thursday,St. William,"765 Andrews Rd, Murphy",(828) 837-2000,Mass,5:00 PM,,Mass,english,St. William Catholic Church,
"Thu, Feb 26, 2026",2026-02-26,Thursday,St. William,"500 S Brittain St, Shelbyville",19316848745,Mass,7:00 PM,,Mass,spanish,St Joseph Chapel,
"Thu, Feb 26, 2026",2026-02-26,Thursday,Sts. Peter and Paul,"902 E 9th St, Hopkinsville",(270) 885-8522,Mass,8:00 AM,,Mass,english,,
"Thu, Feb 26, 2026",2026-02-26,Thursday,The Cathedral of the Most Sacred Heart of Jesus,"711 S Northshore Dr, Knoxville",(865) 588-0249,Mass,12:00 PM,,Mass,English,,
"Thu, Feb 26, 2026",2026-02-26,Thursday,The Cathedral of the Most Sacred Heart of Jesus,"711 S Northshore Dr, Knoxville",(865) 588-0249,Mass,8:05 AM,,Mass,English,,livestream
"Thu, Feb 26, 2026",2026-02-26,Thursday,Assumption,"1227 7th Ave N, Nashville",(615) 256-2729,Confession,6:00 PM,,Confession,English,,
"Thu, Feb 26, 2026",2026-02-26,Thursday,Basilica of Sts. Peter and Paul,"214 E 8th St, Chattanooga",(423) 266-1618,Confession,11:30 AM,12:00 PM,Confession,English,Basilica,
"Thu, Feb 26, 2026",2026-02-26,Thursday,Basilica of Sts. Peter and Paul,"214 E 8th St, Chattanooga",(423) 266-1618,Confession,TBD,,Confessions,English,,30 minutes before each Mass except the 7am
"Thu, Feb 26, 2026",2026-02-26,Thursday,Cathedral of the Incarnation,"2015 W End Ave, Nashville",(615) 327-2330,Confession,11:00 AM,12:00 PM,Confession,English,Cathedral,
"Thu, Feb 26, 2026",2026-02-26,Thursday,Catholic Student Center -UM,"3625 Mynders Ave, Memphis",(901) 323-3051,Confession,4:00 PM,4:30 PM,Confession,English,Catholic Student Center,
"Thu, Feb 26, 2026",2026-02-26,Thursday,Christ the King,"820 E Main St, Abingdon",(276) 628-2941,Confession,5:30 PM,6:30 PM,Reconciliation/Confession,English,Christ the King Parish,
"Thu, Feb 26, 2026",2026-02-26,Thursday,Christ the King Catholic Church,"785 Church Rd W, Southaven",+1-662-342-1073,Confession,5:00 PM,5:30 PM,Confession,English,"Mary, Queen of Peace Chapel Confessional",
"Thu, Feb 26, 2026",2026-02-26,Thursday,Christ the Redeemer,"1515 Woodland Dr, Centerville",(931) 729-4669,Confession,5:30 AM,6:30 AM,Confession and Adoration,English,,before Mass; Thursdays
"Thu, Feb 26, 2026",2026-02-26,Thursday,Holy Ghost,"1041 N Central St, Knoxville",(865) 522-2205,Confession,5:00 PM,7:30 PM,Confession,English,,note: during silent Adoration
"Thu, Feb 26, 2026",2026-02-26,Thursday,Holy Rosary,"192 Graylynn Dr, Nashville",(615) 889-4065,Confession,5:00 PM,,Confessions,English,,
"Thu, Feb 26, 2026",2026-02-26,Thursday,Immaculate Conception,"414 W Vine Ave, Knoxville",(865) 522-1508,Confession,11:00 AM,12:00 PM,Confession,english,Immaculate Conception,
"Thu, Feb 26, 2026",2026-02-26,Thursday,Immaculate Conception,"414 W Vine Ave, Knoxville",(865) 522-1508,Confession,11:30 AM,12:00 PM,Confession,english,Immaculate Conception,
"Thu, Feb 26, 2026",2026-02-26,Thursday,Mission of St. John Paul II,"161 Bryan Ln, Rutledge",(865) 992-7222,Confession,5:30 PM,,Confession,English,Adoration Chapel,
"Thu, Feb 26, 2026",2026-02-26,Thursday,National Shrine of St. Martin de Porres,"190 Adams Ave, Memphis",(901) 527-8282,Confession,11:30 AM,12:00 PM,Confession,English,St. Martin de Porres Shrine Chapel,
"Thu, Feb 26, 2026",2026-02-26,Thursday,Nativity,"5955 St Elmo Rd, Bartlett",(901) 382-2504,Confession,6:00 PM,8:00 PM,Confession,English,,
"Thu, Feb 26, 2026",2026-02-26,Thursday,Our Lady of Guadalupe,"3112 Nolensville Rd, Nashville",615-333-8660,Confession,5:00 PM,7:00 PM,Confession,English,,
"Thu, Feb 26, 2026",2026-02-26,Thursday,Our Lady of Guadalupe,"82 Lambert Branch Rd, Cherokee",(828) 488-6766,Confession,7:10 PM,8:00 PM,Confessions,English,OLG,
"Thu, Feb 26, 2026",2026-02-26,Thursday,Our Lady of Sorrows,"3700 Thomas St, Memphis",(901) 353-1530,Confession,7:00 PM,8:00 PM,Confession,spanish,,
"Thu, Feb 26, 2026",2026-02-26,Thursday,Our Lady of the Lake,"1729 Stop 30 Rd, Hendersonville",(615) 824-3276,Confession,5:30 AM,,Reconciliation,English,,
"Thu, Feb 26, 2026",2026-02-26,Thursday,Our Lady of the Lake,"1729 Stop 30 Rd, Hendersonville",(615) 824-3276,Confession,8:15 AM,,Reconciliation,English,,
"Thu, Feb 26, 2026",2026-02-26,Thursday,St Alphonsus Catholic Church,"151 St Alphonsus Way, Crossville",+1-931-484-2358,Confession,7:30 AM,8:15 AM,Confession,English,,
"Thu, Feb 26, 2026",2026-02-26,Thursday,St Elizabeth Ann Seton Church,"755 Hwy 49, Tennessee Ridge",(931) 721-3769,Confession,8:30 AM,9:30 AM,Confession,English,,Confessions also heard by appointment.
"Thu, Feb 26, 2026",2026-02-26,Thursday,St Therese-Little Flower,"1644 Jackson Ave, Memphis",(901) 276-1412,Confession,3:30 PM,4:00 PM,Confession,spanish,"Blessed Sacrament, 2564 Hale Ave, Memphis, TN",
"Thu, Feb 26, 2026",2026-02-26,Thursday,St Therese-Little Flower,"1644 Jackson Ave, Memphis",(901) 276-1412,Confession,5:00 PM,7:00 PM,Confession,spanish,"Blessed Sacrament, 2564 Hale Ave, Memphis, TN",
"Thu, Feb 26, 2026",2026-02-26,Thursday,St. Alphonsus,"151 St Alphonsus Way, Crossville",(931) 484-2358,Confession,7:30 AM,8:15 AM,Confession,English,Saint Alphonsus Catholic Church,
"Thu, Feb 26, 2026",2026-02-26,Thursday,St. Alphonsus,"1225 Hwy 51 S, Covington",(901) 476-8140,Confession,8:30 AM,,Confession,English,St. Alphonsus,note: after 08:00 Mass
"Thu, Feb 26, 2026",2026-02-26,Thursday,St. Andrew the Apostle,"149 Brook St, Mars Hill",(828) 689-3719,Confession,TBD,,Confession,English,St. Andrew,after Mass
"Thu, Feb 26, 2026",2026-02-26,Thursday,St. Ann,"5101 Charlotte Ave, Nashville",(615) 298-1782,Confession,7:00 AM,7:40 AM,Confession,English,Confessional room,
"Thu, Feb 26, 2026",2026-02-26,Thursday,St. Anne,"316 Euclid Ave, Bristol",(276) 669-8200,Confession,5:00 PM,6:00 PM,Confession,English,,
"Thu, Feb 26, 2026",2026-02-26,Thursday,St. Augustine,"1716 Anderson Pike, Signal Mountain",(423) 886-3424,Confession,7:00 AM,8:00 AM,Sacrament of Reconciliation,English,,Or By Appointment
"Thu, Feb 26, 2026",2026-02-26,Thursday,St. Catherine,"3019 Cayce Ln, Columbia",(931) 388-3803,Confession,6:00 PM,6:55 PM,Confession,spanish,Saint Catherine of Siena Catholic Church,
"Thu, Feb 26, 2026",2026-02-26,Thursday,St. Edward,"188 Thompson Ln, Nashville",(615)-833-5520,Confession,7:00 AM,7:45 AM,Confession,English,,
"Thu, Feb 26, 2026",2026-02-26,Thursday,St. Edward,"188 Thompson Ln, Nashville",(615)-833-5520,Confession,7:00 AM,7:45 AM,Adoration & Confession,English,,
"Thu, Feb 26, 2026",2026-02-26,Thursday,St. Elizabeth of the Hill Country,"259 Pilgrims Way, Boone",(828) 264-8338,Confession,9:00 AM,9:25 AM,Confession,English,St. Elizabeth,
"Thu, Feb 26, 2026",2026-02-26,Thursday,St. John Vianney,"449 N Water St, Gallatin",(615) 452-2977,Confession,11:30 AM,11:50 AM,Confession,English,,
"Thu, Feb 26, 2026",2026-02-26,Thursday,St. Joseph,"203 Plum St, Florence",(256) 764-3303,Confession,5:30 PM,6:30 PM,Reconciliation,English,,
"Thu, Feb 26, 2026",2026-02-26,Thursday,St. Joseph the Worker,"649 Old Tellico Hwy N, Madisonville",(423) 442-7273,Confession,8:00 AM,,Sacrament of Penance,English,St. Joseph the Worker Catholic Church,and by appointment
"Thu, Feb 26, 2026",2026-02-26,Thursday,St. Lawrence,"5655 Clarksville Hwy, Joelton",(615) 876-2127,Confession,4:15 PM,4:45 PM,Confession,English,Saint Lawrence,
"Thu, Feb 26, 2026",2026-02-26,Thursday,St. Mary of the Seven Sorrows,"328 Rep John Lewis Way N, Nashville",(615) 561-1704,Confession,11:30 AM,,Confession,English,,
"Thu, Feb 26, 2026",2026-02-26,Thursday,St. Michael,"3863 Summer Ave, Memphis",(901) 323-0896,Confession,6:00 PM,7:30 PM,Confession,English,,
"Thu, Feb 26, 2026",2026-02-26,Thursday,St. Michael,"2751 County Rd 30, Florence",(256) 764-1885,Confession,9:30 AM,3:30 PM,Confession,English,St. Michael's Catholic Church,
"Thu, Feb 26, 2026",2026-02-26,Thursday,St. Patrick,"1219 Second Ave S, Nashville",(615) 256-6498,Confession,6:15 AM,6:50 AM,Confessions,English,,
"Thu, Feb 26, 2026",2026-02-26,Thursday,St. Rose of Lima Catholic Church,"1601 N Tennessee Blvd, Murfreesboro",(615) 893-1843,Confession,6:30 PM,8:00 PM,Confession,English,,
"Thu, Feb 26, 2026",2026-02-26,Thursday,St. William,"500 S Brittain St, Shelbyville",19316848745,Confession,5:45 PM,6:45 PM,Confession,English,,
"Thu, Feb 26, 2026",2026-02-26,Thursday,Catholic Student Center -UM,"3625 Mynders Ave, Memphis",(901) 323-3051,Adoration,3:30 PM,4:30 PM,Adoration,English,Catholic Student Center,Available according to University Schedule
"Thu, Feb 26, 2026",2026-02-26,Thursday,Chapel of St. Cecilia,"801 Dominican Dr, Nashville",16152565486,Adoration,2:00 PM,,Exposition and Adoration,English,Chapel,exposition; adoration
"Thu, Feb 26, 2026",2026-02-26,Thursday,Christ the King,"820 E Main St, Abingdon",(276) 628-2941,Adoration,9:00 AM,7:00 PM,Adoration,English,Christ the King Parish,exposition
"Thu, Feb 26, 2026",2026-02-26,Thursday,Christ the King Catholic Church,"785 Church Rd W, Southaven",+1-662-342-1073,Adoration,9:00 AM,9:00 PM,Adoration,English,"Mary, Queen of Peace Chapel",exposition
"Thu, Feb 26, 2026",2026-02-26,Thursday,Holy Ghost,"1041 N Central St, Knoxville",(865) 522-2205,Adoration,5:00 PM,7:30 PM,Adoration,English,,exposition; note: silent
"Thu, Feb 26, 2026",2026-02-26,Thursday,Holy Rosary,"192 Graylynn Dr, Nashville",(615) 889-4065,Adoration,5:00 PM,6:00 PM,Adoration,English,,
"Thu, Feb 26, 2026",2026-02-26,Thursday,Nativity,"5955 St Elmo Rd, Bartlett",(901) 382-2504,Adoration,6:00 PM,8:00 PM,Adoration,English,,exposition
"Thu, Feb 26, 2026",2026-02-26,Thursday,Notre Dame,"212 Mount Bethel Rd, Greeneville",(423) 639-9381,Adoration,7:00 PM,8:00 PM,Adoration,spanish,,exposition
"Thu, Feb 26, 2026",2026-02-26,Thursday,Notre Dame Catholic Church,"212 Mt Bethel Rd, Greeneville",+1-423-639-9381,Adoration,7:00 PM,8:00 PM,Adoration,spanish,Notre Dame,exposition
"Thu, Feb 26, 2026",2026-02-26,Thursday,Our Lady of Guadalupe,"82 Lambert Branch Rd, Cherokee",(828) 488-6766,Adoration,7:00 PM,8:00 PM,Eucharistic Adoration,spanish,Our Lady of Guadalupe,exposition
"Thu, Feb 26, 2026",2026-02-26,Thursday,Our Lady of Lourdes,"704 Holly Ave, South Pittsburg",(423) 837-7068,Adoration,7:30 AM,,Adoration,English,,after Mass
"Thu, Feb 26, 2026",2026-02-26,Thursday,Our Lady of Sorrows,"3700 Thomas St, Memphis",(901) 353-1530,Adoration,7:00 PM,8:00 PM,Adoration,spanish,,
"Thu, Feb 26, 2026",2026-02-26,Thursday,Our Lady of the Shoals,"200 E Commons St N, Tuscumbia",(256) 383-7207,Adoration,TBD,,Adoration,English,,30 minutes before weekday masses; exposition
"Thu, Feb 26, 2026",2026-02-26,Thursday,Saint Francis of Assisi Catholic Church,"7503 Peavine Rd, Crossville",+1-931-484-3628,Adoration,7:30 AM,8:00 AM,Adoration,English,,tags: exposition
"Thu, Feb 26, 2026",2026-02-26,Thursday,St Alphonsus Catholic Church,"151 St Alphonsus Way, Crossville",+1-931-484-2358,Adoration,7:30 AM,8:15 AM,Adoration,English,,
"Thu, Feb 26, 2026",2026-02-26,Thursday,St Elizabeth Ann Seton Church,"755 Hwy 49, Tennessee Ridge",(931) 721-3769,Adoration,8:30 AM,9:30 AM,Adoration,English,,exposition
"Thu, Feb 26, 2026",2026-02-26,Thursday,St Therese-Little Flower,"1644 Jackson Ave, Memphis",(901) 276-1412,Adoration,5:00 PM,7:00 PM,Adoration,English,,
"Thu, Feb 26, 2026",2026-02-26,Thursday,St. Alphonsus,"151 St Alphonsus Way, Crossville",(931) 484-2358,Adoration,7:30 AM,8:15 AM,Adoration,English,Saint Alphonsus Catholic Church,exposition
"Thu, Feb 26, 2026",2026-02-26,Thursday,St. Alphonsus,"1225 Hwy 51 S, Covington",(901) 476-8140,Adoration,8:30 AM,,Adoration,English,St. Alphonsus,exposition; note: after 08:00 Mass
"Thu, Feb 26, 2026",2026-02-26,Thursday,St. Andrew the Apostle,"149 Brook St, Mars Hill",(828) 689-3719,Adoration,8:00 AM,9:00 AM,Adoration,English,St. Andrew,exposition
"Thu, Feb 26, 2026",2026-02-26,Thursday,St. Augustine,"1716 Anderson Pike, Signal Mountain",(423) 886-3424,Adoration,7:00 AM,8:00 AM,Adoration,English,,
"Thu, Feb 26, 2026",2026-02-26,Thursday,St. Elizabeth of the Hill Country,"259 Pilgrims Way, Boone",(828) 264-8338,Adoration,10:00 AM,7:00 PM,Adoration,English,St. Elizabeth,exposition
"Thu, Feb 26, 2026",2026-02-26,Thursday,St. Frances Cabrini,"300 S Tarver Ave, Lebanon",(615) 444-0524,Adoration,6:00 PM,,Adoration,English,,exposition
"Thu, Feb 26, 2026",2026-02-26,Thursday,St. Frances Cabrini,"300 S Tarver Ave, Lebanon",(615) 444-0524,Adoration,7:00 AM,,Adoration,English,,exposition
"Thu, Feb 26, 2026",2026-02-26,Thursday,St. Francis of Assisi,"7600 Russellville Rd, Guthrie",(270) 265-5263,Adoration,10:00 AM,12:00 PM,Adoration,English,,
"Thu, Feb 26, 2026",2026-02-26,Thursday,St. Francis of Assisi,"7503 Peavine Rd, Fairfield Glade",(931) 484-3628,Adoration,7:30 AM,8:00 AM,Adoration,English,,exposition
"Thu, Feb 26, 2026",2026-02-26,Thursday,St. Gerard Majella,"3049 Lafayette Rd, Fort Oglethorpe",(706) 861-9410,Adoration,7:30 AM,9:00 AM,Adoration,English,Saint Gerard Majella Catholic Church,exposition
"Thu, Feb 26, 2026",2026-02-26,Thursday,St. Ignatius of Antioch,"601 Bell Rd, Nashville",615-367-0085,Adoration,7:45 AM,8:45 AM,Eucharist Adoration,English,,
"Thu, Feb 26, 2026",2026-02-26,Thursday,St. Joseph,"316 Main St, Bryson City",(828) 488-6766,Adoration,6:00 PM,7:00 PM,Adoration & Benediction,spanish,,Every; adoration; benediction
"Thu, Feb 26, 2026",2026-02-26,Thursday,St. Joseph,"203 Plum St, Florence",(256) 764-3303,Adoration,8:00 AM,7:00 PM,Adoration of the Blessed Sacrament,English,,Every
"Thu, Feb 26, 2026",2026-02-26,Thursday,St. Louis,"203 S White Station Rd, Memphis",(901) 255-1950,Adoration,6:00 AM,10:00 PM,Adoration,English,,
"Thu, Feb 26, 2026",2026-02-26,Thursday,St. Mary,"403 N Main St, Franklin",(270) 586-4515 or (270) 253-3230 (Rectory),Adoration,8:30 AM,10:00 PM,Adoration,English,,
"Thu, Feb 26, 2026",2026-02-26,Thursday,St. William,"500 S Brittain St, Shelbyville",19316848745,Adoration,5:45 PM,7:00 PM,Adoration,English,,
"Thu, Feb 26, 2026",2026-02-26,Thursday,Basilica of Sts. Peter and Paul,"214 E 8th St, Chattanooga",(423) 266-1618,Devotions,5:00 PM,,Vespers,english,Basilica,
"Thu, Feb 26, 2026",2026-02-26,Thursday,Chapel of St. Cecilia,"801 Dominican Dr, Nashville",16152565486,Devotions,5:30 PM,6:00 PM,Vespers,English,,
"Thu, Feb 26, 2026",2026-02-26,Thursday,Chapel of St. Cecilia,"801 Dominican Dr, Nashville",16152565486,Devotions,6:00 PM,6:30 PM,Rosary,English,,
"Thu, Feb 26, 2026",2026-02-26,Thursday,Good Shepherd,"2361 Cosby Hwy, Newport",(423) 623-5051,Devotions,10:00 AM,,Rosary,english,Church of the Good Shepherd,
"Thu, Feb 26, 2026",2026-02-26,Thursday,Holy Spirit,"2300 Hickory Crest Dr, Memphis",(901) 754-7146,Devotions,TBD,,Rosary,English,Chapel,after
"Thu, Feb 26, 2026",2026-02-26,Thursday,Holy Trinity,"610 Kimmins St, Hohenwald",(931) 796-3738,Devotions,4:30 PM,,Rosary,English,Holy Trinity,
"Thu, Feb 26, 2026",2026-02-26,Thursday,Queen of Peace,"8455 Germantown Rd, Olive Branch",(662) 895-5007,Devotions,9:00 AM,,Rosary,English,,
"Thu, Feb 26, 2026",2026-02-26,Thursday,St. Alphonsus,"1225 Hwy 51 S, Covington",(901) 476-8140,Devotions,8:00 AM,,Rosary,english,St. Alphonsus,
"Thu, Feb 26, 2026",2026-02-26,Thursday,St. Frances Cabrini,"300 S Tarver Ave, Lebanon",(615) 444-0524,Devotions,7:30 AM,,Rosary,English,,
"Thu, Feb 26, 2026",2026-02-26,Thursday,St. Gerard Majella,"3049 Lafayette Rd, Fort Oglethorpe",(706) 861-9410,Devotions,8:30 AM,,Recitation of the Rosary,English,Saint Gerard Majella Catholic Church,
"Thu, Feb 26, 2026",2026-02-26,Thursday,St. Rose of Lima Catholic Church,"1601 N Tennessee Blvd, Murfreesboro",(615) 893-1843,Devotions,6:30 AM,,Rosary,English,,
"Thu, Feb 26, 2026",2026-02-26,Thursday,St. Therese of Lisieux,"900 Clingan Ridge Dr NW, Cleveland",(423) 476-8123,Devotions,9:00 AM,,Rosary,English,Adoration Chapel,note: following 08:30 Mass
"Thu, Feb 26, 2026",2026-02-26,Thursday,Community of the Holy Spirit,"384 Eagle Ridge Dr, Jonesville",(276) 346-0269,Education,6:30 PM,,Bible Study,English,,after Mass; after Mass
"Thu, Feb 26, 2026",2026-02-26,Thursday,Our Lady of Guadalupe,"82 Lambert Branch Rd, Cherokee",(828) 488-6766,Education,12:30 PM,1:30 PM,Faith Formation for Adults,English,,
"Thu, Feb 26, 2026",2026-02-26,Thursday,Ascension,"3680 Ramill Rd, Memphis",(901) 372-1364,Other,6:30 PM,8:00 PM,P.R.E. Times,bilingual,,note: August – May
"Thu, Feb 26, 2026",2026-02-26,Thursday,Holy Trinity,"610 Kimmins St, Hohenwald",(931) 796-3738,Other,5:00 PM,,Holy Liturgy,english,Holy Trinity,
"Thu, Feb 26, 2026",2026-02-26,Thursday,Memphis VA Medical Center,"116 N Pauline St, Memphis","800-636-8262, ext. 17326",Other,12:30 PM,,Worship services,English,,no location specified
"Thu, Feb 26, 2026",2026-02-26,Thursday,Sagrado Corazón,"2800 McGavock Pike, Nashville",(615) 391-3714,Other,6:00 PM,,Hora Santa,English,Sagrado Corazón de Jesús,
"Thu, Feb 26, 2026",2026-02-26,Thursday,The Catholic Community of The Sacred Heart of Jesus," Building# 5875 Desert Storm Ave, Fort Campbell",270-798-2352,Other,11:45 AM,,Catholic Worship Services,English,5875 - Soldiers Chapel,
"Thu, Feb 26, 2026",2026-02-26,Thursday,Vietnamese Parish of Divine Mercy,"10919 Carmichael Rd, Knoxville",(865) 766-2091,Other,8:00 AM,,Lễ,English,,
"Thu, Feb 26, 2026",2026-02-26,Thursday,Notre Dame,"212 Mount Bethel Rd, Greeneville",(423) 639-9381,Sacraments,8:30 AM,,Communion Service,english,Notre Dame Catholic Church,recurring: Jan 13 – Feb 13; 2026
"Thu, Feb 26, 2026",2026-02-26,Thursday,St. Lawrence,"5655 Clarksville Hwy, Joelton",(615) 876-2127,Private,9:00 AM,4:00 PM,Church Open for Prayer,English,Saint Lawrence,
"Fri, Feb 27, 2026",2026-02-27,Friday,All Saints,"620 N Cedar Bluff Rd, Knoxville",(865) 531-0770,Mass,6:30 AM,,Mass,english,620 N Cedar Bluff Rd,
"Fri, Feb 27, 2026",2026-02-27,Friday,All Saints,"620 N Cedar Bluff Rd, Knoxville",(865) 531-0770,Mass,9:00 AM,,Mass,english,620 N Cedar Bluff Rd,
"Fri, Feb 27, 2026",2026-02-27,Friday,Ascension,"3680 Ramill Rd, Memphis",(901) 372-1364,Mass,6:30 PM,,Mass,spanish,,
"Fri, Feb 27, 2026",2026-02-27,Friday,Assumption,"1227 7th Ave N, Nashville",(615) 256-2729,Mass,7:00 AM,,Low Mass,latin,,
"Fri, Feb 27, 2026",2026-02-27,Friday,Ave Maria,"664 S Washington St (TN-209), Ripley",(731)589-8302,Mass,12:00 PM,,Mass,english,,
"Fri, Feb 27, 2026",2026-02-27,Friday,Basilica of Sts. Peter and Paul,"214 E 8th St, Chattanooga",(423) 266-1618,Mass,12:00 PM,,Mass,english,Basilica,
"Fri, Feb 27, 2026",2026-02-27,Friday,Basilica of Sts. Peter and Paul,"214 E 8th St, Chattanooga",(423) 266-1618,Mass,7:00 AM,,Mass,english,Basilica,
"Fri, Feb 27, 2026",2026-02-27,Friday,Cathedral of the Immaculate Conception,"1669 Central Ave, Memphis",(901) 725-2700,Mass,12:00 PM,,Mass,English,,
"Fri, Feb 27, 2026",2026-02-27,Friday,Cathedral of the Immaculate Conception,"1669 Central Ave, Memphis",(901) 725-2700,Mass,6:30 AM,,Mass,English,,
"Fri, Feb 27, 2026",2026-02-27,Friday,Cathedral of the Incarnation,"2015 W End Ave, Nashville",(615) 327-2330,Mass,12:10 PM,,Mass,English,Cathedral,
"Fri, Feb 27, 2026",2026-02-27,Friday,Cathedral of the Incarnation,"2015 W End Ave, Nashville",(615) 327-2330,Mass,7:00 AM,,Mass,English,Cathedral,
"Fri, Feb 27, 2026",2026-02-27,Friday,Catholic Church of the Nativity,"2793 Buckner Ln, Thompson's Station",+1-615-794-4004,Mass,9:00 AM,,Mass,English,,exception: not 7 days/week
"Fri, Feb 27, 2026",2026-02-27,Friday,Christ the King,"3001 Belmont Blvd, Nashville",(615) 292-2884,Mass,12:00 PM,,Mass,english,,
"Fri, Feb 27, 2026",2026-02-27,Friday,Christ the King,"820 E Main St, Abingdon",(276) 628-2941,Mass,12:10 PM,,Mass,English,Christ the King Parish,
"Fri, Feb 27, 2026",2026-02-27,Friday,Good Samaritan,"55 Church St, Ellijay",(706) 636-2772,Mass,7:00 PM,,Mass,spanish,,
"Fri, Feb 27, 2026",2026-02-27,Friday,Good Shepherd,"2021 Decherd Blvd, Decherd",(931) 967-0961,Mass,9:00 AM,,Mass,English,Good Shepherd Church,
"Fri, Feb 27, 2026",2026-02-27,Friday,Holy Angels,"535 Tucker St, Dyersburg",(731) 287-8000,Mass,12:00 PM,,Mass,english,,
"Fri, Feb 27, 2026",2026-02-27,Friday,Holy Cross,"1210 E Wood St, Paris",(731) 642-4681,Mass,12:00 PM,,Mass,English,,
"Fri, Feb 27, 2026",2026-02-27,Friday,Holy Cross,"144 Wears Valley Rd, Pigeon Forge",865-429-5587,Mass,12:00 PM,,Mass,english,,
"Fri, Feb 27, 2026",2026-02-27,Friday,Holy Family,"201 Black Oak Ridge Rd, Seymour",(865) 573-1203,Mass,12:00 PM,,Mass,english,,
"Fri, Feb 27, 2026",2026-02-27,Friday,Holy Family,"431 Old Hwy 52, Lafayette",(615) 666-6466,Mass,4:30 PM,,Mass,english,"Holy Family catholic church, Lafayette, TN",
"Fri, Feb 27, 2026",2026-02-27,Friday,Holy Family,"201 Black Oak Ridge Rd, Seymour",(865) 573-1203,Mass,8:30 AM,,Mass,english,,
"Fri, Feb 27, 2026",2026-02-27,Friday,Holy Family,"9100 Crockett Rd, Brentwood",(615) 373-4696,Mass,9:00 AM,,Mass,English,,livestream
"Fri, Feb 27, 2026",2026-02-27,Friday,Holy Family Catholic Church,"201 Black Oak Ridge Rd, Seymour",+1-865-573-1203,Mass,12:00 PM,,Mass,english,,
"Fri, Feb 27, 2026",2026-02-27,Friday,Holy Family Catholic Church,"201 Black Oak Ridge Rd, Seymour",+1-865-573-1203,Mass,8:30 AM,,Mass,english,,
"Fri, Feb 27, 2026",2026-02-27,Friday,Holy Ghost,"1041 N Central St, Knoxville",(865) 522-2205,Mass,6:30 AM,,Mass,English,,
"Fri, Feb 27, 2026",2026-02-27,Friday,Holy Ghost,"1041 N Central St, Knoxville",(865) 522-2205,Mass,8:00 AM,,Mass,English,,
"Fri, Feb 27, 2026",2026-02-27,Friday,Holy Name,"521 Woodland St, Nashville",(615) 254-8847,Mass,8:00 AM,,Mass,english,Church of the Most Holy Name,
"Fri, Feb 27, 2026",2026-02-27,Friday,Holy Rosary,"4851 Park Ave, Memphis",(901) 767-6949,Mass,6:15 AM,,Mass,English,,
"Fri, Feb 27, 2026",2026-02-27,Friday,Holy Rosary,"192 Graylynn Dr, Nashville",(615) 889-4065,Mass,7:00 AM,,Mass,English,,
"Fri, Feb 27, 2026",2026-02-27,Friday,Holy Rosary,"4851 Park Ave, Memphis",(901) 767-6949,Mass,8:15 AM,,Mass,English,,
"Fri, Feb 27, 2026",2026-02-27,Friday,Holy Spirit,"10768 Dayton Pike, Soddy Daisy",(423) 332-5300,Mass,6:00 AM,,Mass,english,Holy Spirit,
"Fri, Feb 27, 2026",2026-02-27,Friday,Holy Spirit,"2300 Hickory Crest Dr, Memphis",(901) 754-7146,Mass,6:30 AM,,Mass,English,,
"Fri, Feb 27, 2026",2026-02-27,Friday,Holy Spirit,"545 E Commerce St, Hernando",(662) 429-7851,Mass,8:00 AM,,Mass,english,,
"Fri, Feb 27, 2026",2026-02-27,Friday,Holy Spirit,"2300 Hickory Crest Dr, Memphis",(901) 754-7146,Mass,8:00 AM,,Mass,English,,
"Fri, Feb 27, 2026",2026-02-27,Friday,Holy Spirit Catholic Church,"10768 Dayton Pike, Soddy-Daisy",+1-423-332-5300,Mass,6:00 AM,,Mass,english,Holy Spirit,
"Fri, Feb 27, 2026",2026-02-27,Friday,Immaculate Conception,"414 W Vine Ave, Knoxville",(865) 522-1508,Mass,12:10 PM,,Mass,english,Immaculate Conception,
"Fri, Feb 27, 2026",2026-02-27,Friday,Immaculate Conception,"709 Franklin St, Clarksville",(931) 645-6275,Mass,6:30 PM,,Mass,spanish,Capilla,
"Fri, Feb 27, 2026",2026-02-27,Friday,Immaculate Conception,"709 Franklin St, Clarksville",(931) 645-6275,Mass,7:00 AM,,Mass,english,Main Church,
"Fri, Feb 27, 2026",2026-02-27,Friday,Immaculate Conception,"1303 E Reelfoot Ave, Union City",(731) 885-0963,Mass,8:00 AM,,Mass,english,Immaculate Conception Catholic Church,
"Fri, Feb 27, 2026",2026-02-27,Friday,Incarnation,"360 Bray Station Rd, Collierville",(901) 853-7468 ,Mass,8:15 AM,,Mass,English,St. Therese Chapel,tags: chapel
"Fri, Feb 27, 2026",2026-02-27,Friday,Mission of St. John Paul II,"161 Bryan Ln, Rutledge",(865) 992-7222,Mass,9:00 AM,,Mass,english,,
"Fri, Feb 27, 2026",2026-02-27,Friday,Mission of St. Michael,"3553 S Carter Rd, Cedar Hill",(615) 384-6200,Mass,8:30 AM,,Mass,English,Our Lady of Lourdes,
"Fri, Feb 27, 2026",2026-02-27,Friday,Mother Teresa ,"7668 Nolensville Rd (house on the hill ), Nolensville",(651) 283-3119,Mass,12:00 PM,,Mass,English,Parish Chapel,
"Fri, Feb 27, 2026",2026-02-27,Friday,National Shrine of St. Martin de Porres,"190 Adams Ave, Memphis",(901) 527-8282,Mass,12:05 PM,,Mass,english,St. Martin de Porres National Shrine Chapel,
"Fri, Feb 27, 2026",2026-02-27,Friday,Nativity,"5955 St Elmo Rd, Bartlett",(901) 382-2504,Mass,8:00 AM,,Mass,english,,
"Fri, Feb 27, 2026",2026-02-27,Friday,Nativity,"2793 Buckner Ln, Spring Hill",(615) 794-4004,Mass,9:00 AM,,Mass,english,,
"Fri, Feb 27, 2026",2026-02-27,Friday,Nativity,"2793 Buckner Ln, Spring Hill",(615) 794-4004,Mass,9:00 AM,,Mass,english,,
"Fri, Feb 27, 2026",2026-02-27,Friday,Notre Dame,"212 Mount Bethel Rd, Greeneville",(423) 639-9381,Mass,8:30 AM,,Mass,english,Notre Dame Catholic Church,
"Fri, Feb 27, 2026",2026-02-27,Friday,Notre Dame Catholic Church,"212 Mt Bethel Rd, Greeneville",+1-423-639-9381,Mass,8:30 AM,,Mass,english,Notre Dame,
"Fri, Feb 27, 2026",2026-02-27,Friday,Our Lady of Fatima,"858 Louisville Rd, Alcoa",(865) 982-3672,Mass,8:00 AM,,Mass,english,,livestream
"Fri, Feb 27, 2026",2026-02-27,Friday,Our Lady of Guadalupe,"3112 Nolensville Rd, Nashville",615-333-8660,Mass,6:00 PM,,Mass,English,,
"Fri, Feb 27, 2026",2026-02-27,Friday,Our Lady of Lourdes,"704 Holly Ave, South Pittsburg",(423) 837-7068,Mass,7:30 AM,,Mass,English,,
"Fri, Feb 27, 2026",2026-02-27,Friday,Our Lady of Perpetual Help,"8151 Poplar Ave, Germantown",(901) 754-1204,Mass,12:00 PM,,Mass,English,chapel,livestream
"Fri, Feb 27, 2026",2026-02-27,Friday,Our Lady of Perpetual Help,"8151 Poplar Ave, Germantown",(901) 754-1204,Mass,6:15 AM,,Mass,English,chapel,livestream
"Fri, Feb 27, 2026",2026-02-27,Friday,Our Lady of Perpetual Help,"501 S Moore Rd, Chattanooga",(423) 622-7232,Mass,8:15 AM,,Daily Mass,english,,
"Fri, Feb 27, 2026",2026-02-27,Friday,Our Lady of Perpetual Help,"501 S Moore Rd, Chattanooga",+1-423-622-7232,Mass,8:15 AM,,Mass,english,,
"Fri, Feb 27, 2026",2026-02-27,Friday,Our Lady of Perpetual Help,"8151 Poplar Ave, Germantown",(901) 754-1204,Mass,8:15 AM,,Mass,English,chapel,livestream
"Fri, Feb 27, 2026",2026-02-27,Friday,Our Lady of Perpetual Help,"1142 E Elm St, Lafollette",(423) 562-0312,Mass,9:30 AM,,Mass,English,,
"Fri, Feb 27, 2026",2026-02-27,Friday,Our Lady of Sorrows,"3700 Thomas St, Memphis",(901) 353-1530,Mass,9:00 AM,,Mass,english,,
"Fri, Feb 27, 2026",2026-02-27,Friday,Our Lady of the Lake,"1729 Stop 30 Rd, Hendersonville",(615) 824-3276,Mass,6:30 AM,,Mass,English,,
"Fri, Feb 27, 2026",2026-02-27,Friday,Our Lady of the Lake,"1729 Stop 30 Rd, Hendersonville",(615) 824-3276,Mass,9:15 AM,,Mass,English,,
"Fri, Feb 27, 2026",2026-02-27,Friday,Our Lady of the Shoals,"200 E Commons St N, Tuscumbia",(256) 383-7207,Mass,6:30 PM,,Mass,spanish,chapel,chapel
"Fri, Feb 27, 2026",2026-02-27,Friday,Our Lady of the Shoals,"200 E Commons St N, Tuscumbia",(256) 383-7207,Mass,9:00 AM,,Mass,english,chapel,chapel
"Fri, Feb 27, 2026",2026-02-27,Friday,Queen of Peace,"8455 Germantown Rd, Olive Branch",(662) 895-5007,Mass,12:00 PM,,Mass,english,,
"Fri, Feb 27, 2026",2026-02-27,Friday,Sacred Heart,"296 W 6th St, Russellville",(270) 726-6963,Mass,11:00 AM,,Mass,English,Sacred Heart Catholic Church Russellville KY,
"Fri, Feb 27, 2026",2026-02-27,Friday,Sacred Heart,"20 Summit St, Burnsville",(828) 689-3719,Mass,7:00 PM,,Mass,spanish,Sacred Heart,
"Fri, Feb 27, 2026",2026-02-27,Friday,Sagrado Corazón,"2800 McGavock Pike, Nashville",(615) 391-3714,Mass,7:00 PM,,Mass,English,Sagrado Corazón De Jesús,
"Fri, Feb 27, 2026",2026-02-27,Friday,Saint Francis of Assisi Catholic Church,"7503 Peavine Rd, Crossville",+1-931-484-3628,Mass,8:00 AM,,Mass,english,,
"Fri, Feb 27, 2026",2026-02-27,Friday,"Saint James the Apostle Catholic Church, Sneedville","Highway 33, Sneedville",+1-423-272-6897,Mass,12:00 PM,,Mass,English,,
"Fri, Feb 27, 2026",2026-02-27,Friday,St Albert the Great Catholic Church,"7200 Brickey Ln, Knoxville",+1-865-689-7011,Mass,9:00 AM,,Mass,English,,when schools are closed there will be no weekday morning Mass; all parish activities will be cancelled; and the office will be closed
"Fri, Feb 27, 2026",2026-02-27,Friday,St Alphonsus Catholic Church,"151 St Alphonsus Way, Crossville",+1-931-484-2358,Mass,8:30 AM,,Mass,english,,
"Fri, Feb 27, 2026",2026-02-27,Friday,St Francis of Assisi Church,"1489 Donelson Pkwy, Dover",(931) 232-9422,Mass,9:00 AM,,Mass,english,"Saint Francis of Assisi Church, Dover, TN",
"Fri, Feb 27, 2026",2026-02-27,Friday,St Joseph the Worker Catholic Church,"649 Old Tellico Hwy N, Madisonville",+1-423-442-7273,Mass,9:00 AM,,Mass,English,St. Joseph the Worker Catholic Church,
"Fri, Feb 27, 2026",2026-02-27,Friday,St Therese-Little Flower,"1644 Jackson Ave, Memphis",(901) 276-1412,Mass,8:15 AM,,Mass,English,"Blessed Sacrament, 2564 Hale Ave, Memphis, TN",
"Fri, Feb 27, 2026",2026-02-27,Friday,St. Albert the Great,"7200 Brickey Ln, Knoxville",(865) 689-7011,Mass,9:00 AM,,Mass,English,,when schools are closed there will be no weekday morning Mass; all parish activities will be cancelled; and the office will be closed
"Fri, Feb 27, 2026",2026-02-27,Friday,St. Alphonsus,"151 St Alphonsus Way, Crossville",(931) 484-2358,Mass,8:30 AM,,Mass,english,Saint Alphonsus Catholic Church,
"Fri, Feb 27, 2026",2026-02-27,Friday,St. Ann,"5101 Charlotte Ave, Nashville",(615) 298-1782,Mass,8:00 AM,,Mass,english,Church,
"Fri, Feb 27, 2026",2026-02-27,Friday,St. Anne,"706 S Highland St, Memphis",(901) 323-3817,Mass,12:00 PM,,Mass,english,,
"Fri, Feb 27, 2026",2026-02-27,Friday,St. Anne,"316 Euclid Ave, Bristol",(276) 669-8200,Mass,6:00 PM,,Mass,spanish,,
"Fri, Feb 27, 2026",2026-02-27,Friday,St. Anne,"316 Euclid Ave, Bristol",(276) 669-8200,Mass,8:30 AM,,Mass,English,,
"Fri, Feb 27, 2026",2026-02-27,Friday,St. Anthony,"967 E Main St, Blue Ridge",(706) 632-5970,Mass,12:00 PM,,Mass,English,Adoration Chapel,
"Fri, Feb 27, 2026",2026-02-27,Friday,St. Anthony,"1900 Huntsville Hwy, Fayetteville",(931) 433-6525,Mass,9:00 AM,,Mass,English,,
"Fri, Feb 27, 2026",2026-02-27,Friday,St. Augustine,"1716 Anderson Pike, Signal Mountain",(423) 886-3424,Mass,8:15 AM,,Mass,English,,
"Fri, Feb 27, 2026",2026-02-27,Friday,St. Brigid,"7801 Lowrance Rd, Memphis",(901) 758-0128,Mass,7:00 PM,,Mass,spanish,Main Church,
"Fri, Feb 27, 2026",2026-02-27,Friday,St. Brigid,"7801 Lowrance Rd, Memphis",(901) 758-0128,Mass,8:15 AM,,Mass,english,Main Church,
"Fri, Feb 27, 2026",2026-02-27,Friday,St. Catherine,"3019 Cayce Ln, Columbia",(931) 388-3803,Mass,8:00 AM,,Mass,english,Saint Catherine of Siena Catholic Church,
"Fri, Feb 27, 2026",2026-02-27,Friday,St. Dominic,"2517 John B Dennis Hwy, Kingsport",(423) 288-8101,Mass,8:15 AM,,Mass,english,Church,
"Fri, Feb 27, 2026",2026-02-27,Friday,St. Elizabeth Ann Seton (Ordinariate of the Chair of St. Peter),"217 Fox Rd, Knoxville",,Mass,8:00 AM,,Mass,English,217 Fox Rd. Knoxville,
"Fri, Feb 27, 2026",2026-02-27,Friday,St. Frances Cabrini,"300 S Tarver Ave, Lebanon",(615) 444-0524,Mass,8:00 AM,,Mass,english,,
"Fri, Feb 27, 2026",2026-02-27,Friday,St. Francis of Assisi,"8151 Chimneyrock Blvd, Cordova",(901) 756-1213,Mass,12:00 PM,,Mass,English,St. Francis of Assisi,
"Fri, Feb 27, 2026",2026-02-27,Friday,St. Francis of Assisi,"7503 Peavine Rd, Fairfield Glade",(931) 484-3628,Mass,8:00 AM,,Mass,English,,
"Fri, Feb 27, 2026",2026-02-27,Friday,St. Francis of Assisi,"8151 Chimneyrock Blvd, Cordova",(901) 756-1213,Mass,8:15 AM,,Mass,English,St. Francis of Assisi,
"Fri, Feb 27, 2026",2026-02-27,Friday,St. Francis of Assisi,"167 St Francis Pl, Jefferson",(336) 246-9151,Mass,9:00 AM,,Mass,english,,
"Fri, Feb 27, 2026",2026-02-27,Friday,St. Gerard Majella,"3049 Lafayette Rd, Fort Oglethorpe",(706) 861-9410,Mass,9:00 AM,,Mass,English,Saint Gerard Majella Catholic Church,
"Fri, Feb 27, 2026",2026-02-27,Friday,St. Henry,"112-114 Hwy 70 N, Rogersville",(423) 272-6897,Mass,12:00 PM,,Mass,English,,note: Weekday Masses
"Fri, Feb 27, 2026",2026-02-27,Friday,St. Henry,"6401 Harding Pike, Nashville",(615) 352-2259,Mass,8:00 AM,,Mass,English,Chapel,tags: chapel
"Fri, Feb 27, 2026",2026-02-27,Friday,St. Ignatius of Antioch,"601 Bell Rd, Nashville",615-367-0085,Mass,9:00 AM,,Mass,English,,
"Fri, Feb 27, 2026",2026-02-27,Friday,St. James,"4180 Leroy Ave, Memphis",(901) 767-8672,Mass,9:00 AM,,Mass,english,,
"Fri, Feb 27, 2026",2026-02-27,Friday,St. James the Apostle,"3652 Main St, Sneedville",(423) 272-6897,Mass,12:00 PM,,Mass,English,,noon
"Fri, Feb 27, 2026",2026-02-27,Friday,St. James the Less,"3189 N Harper Rd, Corinth",(662) 331-5184,Mass,6:00 PM,,Mass/Misa,English,,
"Fri, Feb 27, 2026",2026-02-27,Friday,St. John,"910 N Washington Ave, Brownsville",(731) 668-2596,Mass,8:30 AM,,Mass,English,"St. John, Brownsville",
"Fri, Feb 27, 2026",2026-02-27,Friday,St. John Neumann,"633 Saint John Ct, Farragut",(865) 966-4540,Mass,8:05 AM,,Mass,English,,
"Fri, Feb 27, 2026",2026-02-27,Friday,St. John Vianney,"449 N Water St, Gallatin",(615) 452-2977,Mass,8:00 AM,,Mass,English,,
"Fri, Feb 27, 2026",2026-02-27,Friday,St. John XXIII (U. of Tenn.),"1710 Melrose Pl, Knoxville",(865) 523-7931,Mass,12:00 PM,,Mass,english,,During the School Semester Only
"Fri, Feb 27, 2026",2026-02-27,Friday,St. John the Evangelist,"1061 Ellington Pkwy S, Lewisburg",(931) 359-5017,Mass,8:30 AM,,Mass,english,,
"Fri, Feb 27, 2026",2026-02-27,Friday,St. Joseph,"316 Main St, Bryson City",(828) 488-6766,Mass,12:00 PM,,Mass,English,St Joseph's,
"Fri, Feb 27, 2026",2026-02-27,Friday,St. Joseph,"203 Plum St, Florence",(256) 764-3303,Mass,7:15 AM,,Mass,English,,
"Fri, Feb 27, 2026",2026-02-27,Friday,St. Joseph,"968 Haig Mill Lake Rd, Dalton",(706) 278-3107,Mass,7:30 PM,,Mass,spanish,East Morris – Capilla San Juan Diego,
"Fri, Feb 27, 2026",2026-02-27,Friday,St. Joseph,"3825 Neely Rd, Memphis",(901) 396-9996,Mass,7:30 PM,,Mass,spanish,,
"Fri, Feb 27, 2026",2026-02-27,Friday,St. Joseph,"305 E Van Dorn Ave, Holly Springs",(662) 252-3138,Mass,8:00 AM,,Mass,english,St. Joseph,
"Fri, Feb 27, 2026",2026-02-27,Friday,St. Joseph,"968 Haig Mill Lake Rd, Dalton",(706) 278-3107,Mass,9:00 AM,,Mass,english,,
"Fri, Feb 27, 2026",2026-02-27,Friday,St. Joseph the Worker,"649 Old Tellico Hwy N, Madisonville",(423) 442-7273,Mass,9:00 AM,,Mass,English,St. Joseph the Worker Catholic Church,
"Fri, Feb 27, 2026",2026-02-27,Friday,St. Jude,"1318 E Poplar Ave, Selmer",(731) 645-4188,Mass,8:00 AM,,Mass,English,"St. Jude Church, Selmer",
"Fri, Feb 27, 2026",2026-02-27,Friday,St. Jude,"930 Ashland Ter, Chattanooga",(423) 870-2386,Mass,8:15 AM,,Mass,english,,
"Fri, Feb 27, 2026",2026-02-27,Friday,St. Jude Catholic Church,"930 Ashland Terrace, Chattanooga",+1-423-870-2386,Mass,8:15 AM,,Mass,English,,
"Fri, Feb 27, 2026",2026-02-27,Friday,St. Julian,"118 E Chester Ave, Middlesboro",(606) 248-2068,Mass,8:00 AM,,Mass,English,,
"Fri, Feb 27, 2026",2026-02-27,Friday,St. Louis,"203 S White Station Rd, Memphis",(901) 255-1950,Mass,12:00 PM,,Mass,English,,
"Fri, Feb 27, 2026",2026-02-27,Friday,St. Louis,"203 S White Station Rd, Memphis",(901) 255-1950,Mass,6:15 AM,,Mass,English,,
"Fri, Feb 27, 2026",2026-02-27,Friday,St. Louis,"203 S White Station Rd, Memphis",(901) 255-1950,Mass,8:15 AM,,Mass,English,,
"Fri, Feb 27, 2026",2026-02-27,Friday,St. Mary,"220 W Main St, Camden",(731) 584-6459,Mass,12:00 PM,,Mass,English,,
"Fri, Feb 27, 2026",2026-02-27,Friday,St. Mary,"2315 Pickwick St, Savannah",(731) 925-4852,Mass,12:00 PM,,Mass,English,St. Mary's,
"Fri, Feb 27, 2026",2026-02-27,Friday,St. Mary,"155 Market St, Memphis",(901) 522-9420,Mass,5:30 PM,,Mass,English,,note: Weekday Masses will resume on January 29th
"Fri, Feb 27, 2026",2026-02-27,Friday,St. Mary,"1665 US-45 BYP, Jackson",(731) 668-2596,Mass,7:00 AM,,Mass,english,,
"Fri, Feb 27, 2026",2026-02-27,Friday,St. Mary,"2211 E Lakeview Dr, Johnson City",(423) 282-6367,Mass,7:00 AM,,Mass,English,,
"Fri, Feb 27, 2026",2026-02-27,Friday,St. Mary,"403 N Main St, Franklin",(270) 586-4515 or (270) 253-3230 (Rectory),Mass,8:00 AM,,Mass,English,,exceptions: First Friday Mass is 18:00
"Fri, Feb 27, 2026",2026-02-27,Friday,St. Mary,"304 Airport Rd, Gatlinburg",(865) 436-4907,Mass,8:00 AM,,Mass,english,St. Mary's Catholic Church,
"Fri, Feb 27, 2026",2026-02-27,Friday,St. Mary,"327 Vermont Ave, Oak Ridge",(865) 482-2875,Mass,8:00 AM,,Mass,english,,
"Fri, Feb 27, 2026",2026-02-27,Friday,St. Mary,"2211 E Lakeview Dr, Johnson City",(423) 282-6367,Mass,8:30 AM,,Mass,English,,
"Fri, Feb 27, 2026",2026-02-27,Friday,St. Mary of the Seven Sorrows,"328 Rep John Lewis Way N, Nashville",(615) 561-1704,Mass,12:10 PM,,Mass,English,,
"Fri, Feb 27, 2026",2026-02-27,Friday,St. Matthew,"535 Sneed Rd W, Franklin",(615) 646-0378,Mass,8:00 AM,,Mass,english,,
"Fri, Feb 27, 2026",2026-02-27,Friday,St. Michael,"2751 County Rd 30, Florence",(256) 764-1885,Mass,12:00 PM,,Mass,English,St. Michael's Catholic Church,
"Fri, Feb 27, 2026",2026-02-27,Friday,St. Michael,"3863 Summer Ave, Memphis",(901) 323-0896,Mass,5:30 PM,,Mass,spanish,,
"Fri, Feb 27, 2026",2026-02-27,Friday,St. Michael,"2751 County Rd 30, Florence",(256) 764-1885,Mass,7:30 AM,,Mass,English,St. Michael's Catholic Church,
"Fri, Feb 27, 2026",2026-02-27,Friday,St. Michael,"2751 County Rd 30, Florence",(256) 764-1885,Mass,7:30 AM,,Mass,English,St. Michael's Catholic Church,
"Fri, Feb 27, 2026",2026-02-27,Friday,St. Michael,"3863 Summer Ave, Memphis",(901) 323-0896,Mass,8:15 AM,,Mass,english,,
"Fri, Feb 27, 2026",2026-02-27,Friday,St. Michael the Archangel ,"657 N Mohawk Dr, Erwin",(423) 735-0484,Mass,8:30 AM,,Mass,english,Parish Center,
"Fri, Feb 27, 2026",2026-02-27,Friday,St. Patrick,"175 St Patrick St, McEwen",(931) 582-3633,Mass,8:00 AM,,Mass,english,"Saint Patrick Catholic Church, McEwen, TN",
"Fri, Feb 27, 2026",2026-02-27,Friday,St. Patrick,"2518 W Andrew Johnson Hwy, Morristown",(423) 586-9174,Mass,8:30 AM,,Mass,English,,
"Fri, Feb 27, 2026",2026-02-27,Friday,St. Paul the Apostle,"1425 E Shelby Dr, Memphis",(901) 346-2380,Mass,6:00 AM,,Mass,English,,note: During school year calendar
"Fri, Feb 27, 2026",2026-02-27,Friday,St. Paul the Apostle,"304 W Grizzard St, Tullahoma",(931) 455-3050,Mass,8:00 AM,,Mass,english,,
"Fri, Feb 27, 2026",2026-02-27,Friday,St. Paul the Apostle,"1425 E Shelby Dr, Memphis",(901) 346-2380,Mass,8:15 AM,,Mass,English,,
"Fri, Feb 27, 2026",2026-02-27,Friday,St. Peter the Apostle,"208 Upper Ferry Rd, Carthage",(615) 281-8327,Mass,5:00 PM,,Daily Mass,English,,
"Fri, Feb 27, 2026",2026-02-27,Friday,St. Philip,"113 Second Ave S, Franklin",(615) 794-8588,Mass,7:00 AM,,Mass,english,St. Philip Catholic Church,
"Fri, Feb 27, 2026",2026-02-27,Friday,St. Philip,"113 Second Ave S, Franklin",(615) 794-8588,Mass,9:00 AM,,Mass,english,St. Philip Catholic Church,
"Fri, Feb 27, 2026",2026-02-27,Friday,St. Philip the Apostle,"11710 US Hwy 64, Somerville",(901) 465-8685,Mass,8:30 AM,,Mass,english,,
"Fri, Feb 27, 2026",2026-02-27,Friday,St. Pius X,"2800 Tucker Rd, Nashville",(615) 256-2729,Mass,7:15 AM,,Holy Mass and Communion Service,english,ST. PIUS X ACADEMY AND CHURCH,
"Fri, Feb 27, 2026",2026-02-27,Friday,St. Pius X Church,"2800 Tucker Rd, Nashville",+1-615-244-4093,Mass,7:15 AM,,Mass,english,ST. PIUS X ACADEMY AND CHURCH,
"Fri, Feb 27, 2026",2026-02-27,Friday,St. Rose of Lima Catholic Church,"1601 N Tennessee Blvd, Murfreesboro",(615) 893-1843,Mass,7:00 AM,,Mass,English,,
"Fri, Feb 27, 2026",2026-02-27,Friday,St. Rose of Lima Catholic Church,"1601 N Tennessee Blvd, Murfreesboro",(615) 893-1843,Mass,8:10 AM,,Mass,English,,
"Fri, Feb 27, 2026",2026-02-27,Friday,St. Stephen,"14544 Lebanon Rd, Old Hickory",(615) 758-2424,Mass,12:00 PM,,Mass,english,Saint Stephen Catholic Community,
"Fri, Feb 27, 2026",2026-02-27,Friday,St. Stephen,"14544 Lebanon Rd, Old Hickory",(615) 758-2424,Mass,8:00 AM,,Mass,english,Saint Stephen Catholic Community,
"Fri, Feb 27, 2026",2026-02-27,Friday,St. Therese of Lisieux,"900 Clingan Ridge Dr NW, Cleveland",(423) 476-8123,Mass,8:30 AM,,Mass,english,,
"Fri, Feb 27, 2026",2026-02-27,Friday,St. Thomas Aquinas,"421 N Washington Ave, Cookeville",(931) 526-2575,Mass,8:00 AM,,Mass,english,,
"Fri, Feb 27, 2026",2026-02-27,Friday,St. Thomas the Apostle,"1580 St Thomas Way, Lenoir City",(865) 986-9885,Mass,8:30 AM,,Mass,english,Saint Thomas the Apostle,
"Fri, Feb 27, 2026",2026-02-27,Friday,St. William,"500 S Brittain St, Shelbyville",19316848745,Mass,8:00 AM,,Mass,english,St Joseph Chapel,
"Fri, Feb 27, 2026",2026-02-27,Friday,St. William,"4932 Easley St, Millington",(901) 872-4099,Mass,8:30 AM,,Mass,English,St. William Catholic Church,
"Fri, Feb 27, 2026",2026-02-27,Friday,Sts. Peter and Paul,"902 E 9th St, Hopkinsville",(270) 885-8522,Mass,8:00 AM,,Mass,english,,
"Fri, Feb 27, 2026",2026-02-27,Friday,The Cathedral of the Most Sacred Heart of Jesus,"711 S Northshore Dr, Knoxville",(865) 588-0249,Mass,12:00 PM,,Mass,English,,
"Fri, Feb 27, 2026",2026-02-27,Friday,The Cathedral of the Most Sacred Heart of Jesus,"711 S Northshore Dr, Knoxville",(865) 588-0249,Mass,8:05 AM,,Mass,English,,livestream
"Fri, Feb 27, 2026",2026-02-27,Friday,Basilica of Sts. Peter and Paul,"214 E 8th St, Chattanooga",(423) 266-1618,Confession,11:30 AM,12:00 PM,Confession,English,Basilica,
"Fri, Feb 27, 2026",2026-02-27,Friday,Basilica of Sts. Peter and Paul,"214 E 8th St, Chattanooga",(423) 266-1618,Confession,TBD,,Confessions,English,,30 minutes before each Mass except the 7am
"Fri, Feb 27, 2026",2026-02-27,Friday,Cathedral of the Incarnation,"2015 W End Ave, Nashville",(615) 327-2330,Confession,11:00 AM,12:00 PM,Confession,English,Cathedral,
"Fri, Feb 27, 2026",2026-02-27,Friday,Christ the King Catholic Church,"785 Church Rd W, Southaven",+1-662-342-1073,Confession,5:00 PM,5:30 PM,Confession,English,"Mary, Queen of Peace Chapel Confessional",
"Fri, Feb 27, 2026",2026-02-27,Friday,Holy Rosary,"192 Graylynn Dr, Nashville",(615) 889-4065,Confession,6:00 AM,,Confessions,English,,
"Fri, Feb 27, 2026",2026-02-27,Friday,Immaculate Conception,"414 W Vine Ave, Knoxville",(865) 522-1508,Confession,11:00 AM,12:00 PM,Confession,english,Immaculate Conception,
"Fri, Feb 27, 2026",2026-02-27,Friday,Immaculate Conception,"414 W Vine Ave, Knoxville",(865) 522-1508,Confession,11:30 AM,12:00 PM,Confession,english,Immaculate Conception,
"Fri, Feb 27, 2026",2026-02-27,Friday,Mission of St. John Paul II,"161 Bryan Ln, Rutledge",(865) 992-7222,Confession,5:30 PM,,Confession,English,Adoration Chapel,
"Fri, Feb 27, 2026",2026-02-27,Friday,Mother Teresa ,"7668 Nolensville Rd (house on the hill ), Nolensville",(651) 283-3119,Confession,11:00 AM,12:00 PM,Confession,English,,weekly
"Fri, Feb 27, 2026",2026-02-27,Friday,Mother Teresa ,"7668 Nolensville Rd (house on the hill ), Nolensville",(651) 283-3119,Confession,11:00 AM,12:00 PM,Adoration and Confession,English,,weekly; exposition
"Fri, Feb 27, 2026",2026-02-27,Friday,National Shrine of St. Martin de Porres,"190 Adams Ave, Memphis",(901) 527-8282,Confession,11:30 AM,12:00 PM,Confession,English,St. Martin de Porres Shrine Chapel,
"Fri, Feb 27, 2026",2026-02-27,Friday,Our Lady of the Lake,"1729 Stop 30 Rd, Hendersonville",(615) 824-3276,Confession,5:30 AM,,Reconciliation,English,,
"Fri, Feb 27, 2026",2026-02-27,Friday,Our Lady of the Lake,"1729 Stop 30 Rd, Hendersonville",(615) 824-3276,Confession,8:15 AM,,Reconciliation,English,,
"Fri, Feb 27, 2026",2026-02-27,Friday,Sacred Heart,"301 Church St, Loretto",(931) 853-4370,Confession,7:00 AM,7:45 AM,Confessions,English,SACRED HEART,
"Fri, Feb 27, 2026",2026-02-27,Friday,St Alphonsus Catholic Church,"151 St Alphonsus Way, Crossville",+1-931-484-2358,Confession,7:30 AM,8:15 AM,Confession,English,,
"Fri, Feb 27, 2026",2026-02-27,Friday,St Therese-Little Flower,"1644 Jackson Ave, Memphis",(901) 276-1412,Confession,3:30 PM,4:00 PM,Confession,spanish,"Blessed Sacrament, 2564 Hale Ave, Memphis, TN",
"Fri, Feb 27, 2026",2026-02-27,Friday,St. Alphonsus,"151 St Alphonsus Way, Crossville",(931) 484-2358,Confession,7:30 AM,8:15 AM,Confession,English,Saint Alphonsus Catholic Church,
"Fri, Feb 27, 2026",2026-02-27,Friday,St. Ann,"5101 Charlotte Ave, Nashville",(615) 298-1782,Confession,4:30 PM,5:30 PM,Confession,English,Confessional room,
"Fri, Feb 27, 2026",2026-02-27,Friday,St. Augustine,"1716 Anderson Pike, Signal Mountain",(423) 886-3424,Confession,7:00 AM,8:00 AM,Sacrament of Reconciliation,English,,Or By Appointment
"Fri, Feb 27, 2026",2026-02-27,Friday,St. Francis of Assisi,"167 St Francis Pl, Jefferson",(336) 246-9151,Confession,9:30 AM,10:30 AM,Confessions,bilingual,,during Adoration
"Fri, Feb 27, 2026",2026-02-27,Friday,St. John Vianney,"449 N Water St, Gallatin",(615) 452-2977,Confession,3:15 PM,4:00 PM,Confession,English,,
"Fri, Feb 27, 2026",2026-02-27,Friday,St. Joseph,"316 Main St, Bryson City",(828) 488-6766,Confession,11:15 AM,11:50 AM,Confessions,English,St. Joseph's,
"Fri, Feb 27, 2026",2026-02-27,Friday,St. Joseph,"3825 Neely Rd, Memphis",(901) 396-9996,Confession,6:30 PM,7:30 PM,Confessions,English,,or by appointment
"Fri, Feb 27, 2026",2026-02-27,Friday,St. Joseph the Worker,"649 Old Tellico Hwy N, Madisonville",(423) 442-7273,Confession,8:00 AM,,Sacrament of Penance,English,St. Joseph the Worker Catholic Church,and by appointment
"Fri, Feb 27, 2026",2026-02-27,Friday,St. Mary of the Seven Sorrows,"328 Rep John Lewis Way N, Nashville",(615) 561-1704,Confession,11:30 AM,,Confession,English,,
"Fri, Feb 27, 2026",2026-02-27,Friday,St. Michael,"2751 County Rd 30, Florence",(256) 764-1885,Confession,9:30 AM,3:30 PM,Confession,English,St. Michael's Catholic Church,
"Fri, Feb 27, 2026",2026-02-27,Friday,St. Rose of Lima Catholic Church,"1601 N Tennessee Blvd, Murfreesboro",(615) 893-1843,Confession,6:00 AM,6:45 AM,Confession,English,,
"Fri, Feb 27, 2026",2026-02-27,Friday,St. William,"500 S Brittain St, Shelbyville",19316848745,Confession,5:45 PM,6:45 PM,Confession,English,,For the Christmas Season
"Fri, Feb 27, 2026",2026-02-27,Friday,Chapel of St. Cecilia,"801 Dominican Dr, Nashville",16152565486,Adoration,2:00 PM,,Exposition and Adoration,English,Chapel,exposition; adoration
"Fri, Feb 27, 2026",2026-02-27,Friday,Christ the King Catholic Church,"785 Church Rd W, Southaven",+1-662-342-1073,Adoration,2:00 PM,3:00 PM,Adoration,English,"Mary, Queen of Peace Chapel",exposition; note: Holy Hour with Kids
"Fri, Feb 27, 2026",2026-02-27,Friday,Christ the King Catholic Church,"785 Church Rd W, Southaven",+1-662-342-1073,Adoration,9:00 AM,10:00 AM,Adoration,English,"Mary, Queen of Peace Chapel",exposition; note: Holy Hour with Kids
"Fri, Feb 27, 2026",2026-02-27,Friday,Christ the King Catholic Church,"785 Church Rd W, Southaven",+1-662-342-1073,Adoration,9:00 AM,5:30 PM,Adoration,English,"Mary, Queen of Peace Chapel",exposition
"Fri, Feb 27, 2026",2026-02-27,Friday,Holy Rosary,"4851 Park Ave, Memphis",(901) 767-6949,Adoration,1:00 PM,5:00 PM,Adoration,English,,exposition
"Fri, Feb 27, 2026",2026-02-27,Friday,Holy Rosary,"192 Graylynn Dr, Nashville",(615) 889-4065,Adoration,8:00 AM,,Adoration,English,,24 hours starting at 8:00 am
"Fri, Feb 27, 2026",2026-02-27,Friday,Korean Martyrs,"2319 Lebanon Pike, Nashville",6155256661,Adoration,8:00 AM,,Adoration,English,,Family Holy Hour 07:00-20:00
"Fri, Feb 27, 2026",2026-02-27,Friday,Our Lady of Fatima,"858 Louisville Rd, Alcoa",(865) 982-3672,Adoration,8:30 AM,7:00 PM,Eucharistic Exposition,English,,tags: exposition
"Fri, Feb 27, 2026",2026-02-27,Friday,Our Lady of Lourdes,"704 Holly Ave, South Pittsburg",(423) 837-7068,Adoration,7:30 AM,,Adoration,English,,after Mass
"Fri, Feb 27, 2026",2026-02-27,Friday,Our Lady of the Shoals,"200 E Commons St N, Tuscumbia",(256) 383-7207,Adoration,TBD,,Adoration,English,,30 minutes before weekday masses; exposition
"Fri, Feb 27, 2026",2026-02-27,Friday,Queen of Peace,"8455 Germantown Rd, Olive Branch",(662) 895-5007,Adoration,6:00 PM,7:00 PM,Adoration,English,,
"Fri, Feb 27, 2026",2026-02-27,Friday,Sacred Heart,"296 W 6th St, Russellville",(270) 726-6963,Adoration,11:45 AM,12:30 PM,Exposition of the Blessed Sacrament,English,Sacred Heart Catholic Church Russellville KY,exposition
"Fri, Feb 27, 2026",2026-02-27,Friday,Sacred Heart,"20 Summit St, Burnsville",(828) 689-3719,Adoration,6:00 PM,7:00 PM,Adoration,spanish,Sacred Heart,exposition
"Fri, Feb 27, 2026",2026-02-27,Friday,Sacred Heart,"301 Church St, Loretto",(931) 853-4370,Adoration,7:00 AM,7:45 PM,Adoration,English,SACRED HEART,exposition
"Fri, Feb 27, 2026",2026-02-27,Friday,Saint Francis of Assisi Catholic Church,"7503 Peavine Rd, Crossville",+1-931-484-3628,Adoration,7:30 AM,8:00 AM,Adoration,English,,tags: exposition
"Fri, Feb 27, 2026",2026-02-27,Friday,St Alphonsus Catholic Church,"151 St Alphonsus Way, Crossville",+1-931-484-2358,Adoration,7:30 AM,8:15 AM,Adoration,English,,
"Fri, Feb 27, 2026",2026-02-27,Friday,St Francis of Assisi Church,"1489 Donelson Pkwy, Dover",(931) 232-9422,Adoration,8:30 AM,9:30 AM,Adoration,English,"Saint Francis of Assisi Church, Dover, TN",confession
"Fri, Feb 27, 2026",2026-02-27,Friday,St Joseph the Worker Catholic Church,"649 Old Tellico Hwy N, Madisonville",+1-423-442-7273,Adoration,9:30 AM,12:00 PM,Adoration of Blessed Sacrament,English,,every
"Fri, Feb 27, 2026",2026-02-27,Friday,St. Alphonsus,"151 St Alphonsus Way, Crossville",(931) 484-2358,Adoration,7:30 AM,8:15 AM,Adoration,English,Saint Alphonsus Catholic Church,exposition
"Fri, Feb 27, 2026",2026-02-27,Friday,St. Augustine,"1716 Anderson Pike, Signal Mountain",(423) 886-3424,Adoration,7:00 AM,8:00 AM,Adoration,English,,
"Fri, Feb 27, 2026",2026-02-27,Friday,St. Catherine,"3019 Cayce Ln, Columbia",(931) 388-3803,Adoration,8:30 AM,7:00 PM,Adoration,English,Saint Catherine of Siena Catholic Church,exposition; benediction
"Fri, Feb 27, 2026",2026-02-27,Friday,St. Frances Cabrini,"300 S Tarver Ave, Lebanon",(615) 444-0524,Adoration,7:00 AM,,Adoration,English,,exposition
"Fri, Feb 27, 2026",2026-02-27,Friday,St. Francis of Assisi,"7600 Russellville Rd, Guthrie",(270) 265-5263,Adoration,6:00 PM,8:00 PM,Adoration,English,,
"Fri, Feb 27, 2026",2026-02-27,Friday,St. Francis of Assisi,"7503 Peavine Rd, Fairfield Glade",(931) 484-3628,Adoration,7:30 AM,8:00 AM,Adoration,English,,exposition
"Fri, Feb 27, 2026",2026-02-27,Friday,St. Gerard Majella,"3049 Lafayette Rd, Fort Oglethorpe",(706) 861-9410,Adoration,7:30 AM,9:00 AM,Adoration,English,Saint Gerard Majella Catholic Church,exposition
"Fri, Feb 27, 2026",2026-02-27,Friday,St. Gerard Majella,"3049 Lafayette Rd, Fort Oglethorpe",(706) 861-9410,Adoration,9:00 AM,12:00 PM,Adoration,English,Saint Gerard Majella Catholic Church,exposition
"Fri, Feb 27, 2026",2026-02-27,Friday,St. Ignatius of Antioch,"601 Bell Rd, Nashville",615-367-0085,Adoration,9:30 AM,12:00 PM,Eucharist Adoration,English,,
"Fri, Feb 27, 2026",2026-02-27,Friday,St. Joseph,"316 Main St, Bryson City",(828) 488-6766,Adoration,11:00 AM,12:00 PM,Eucharistic Adoration,English,St. Joseph's,adoration
"Fri, Feb 27, 2026",2026-02-27,Friday,St. Joseph,"316 Main St, Bryson City",(828) 488-6766,Adoration,11:00 AM,12:00 PM,Adoration of the Most Blessed Sacrament,English,,Every; adoration
"Fri, Feb 27, 2026",2026-02-27,Friday,St. Joseph,"3825 Neely Rd, Memphis",(901) 396-9996,Adoration,6:30 PM,7:30 PM,Exposition of the Blessed Sacrament,English,,exposition
"Fri, Feb 27, 2026",2026-02-27,Friday,St. Joseph the Worker,"649 Old Tellico Hwy N, Madisonville",(423) 442-7273,Adoration,9:30 AM,12:00 PM,Adoration of Blessed Sacrament,English,,every
"Fri, Feb 27, 2026",2026-02-27,Friday,St. Louis,"203 S White Station Rd, Memphis",(901) 255-1950,Adoration,6:00 AM,10:00 PM,Adoration,English,,
"Fri, Feb 27, 2026",2026-02-27,Friday,St. Philip the Apostle,"11710 US Hwy 64, Somerville",(901) 465-8685,Adoration,9:00 AM,9:30 AM,Adoration,English,exposition,
"Fri, Feb 27, 2026",2026-02-27,Friday,St. Rose of Lima Catholic Church,"1601 N Tennessee Blvd, Murfreesboro",(615) 893-1843,Adoration,6:00 AM,6:45 AM,Eucharistic Adoration,English,,
"Fri, Feb 27, 2026",2026-02-27,Friday,St. Rose of Lima Catholic Church,"1601 N Tennessee Blvd, Murfreesboro",(615) 893-1843,Adoration,7:30 AM,,Eucharistic Adoration,English,,Thu; exposition; lasts until Fri 06:45
"Fri, Feb 27, 2026",2026-02-27,Friday,St. Therese,"701 S Charles G Seivers Blvd, Clinton",(865) 457-4073,Adoration,9:30 AM,10:00 AM,Adoration of the Blessed Sacrament,English,St. Therese Catholic Church,exposition
"Fri, Feb 27, 2026",2026-02-27,Friday,Basilica of Sts. Peter and Paul,"214 E 8th St, Chattanooga",(423) 266-1618,Devotions,5:00 PM,,Vespers,english,Basilica,
"Fri, Feb 27, 2026",2026-02-27,Friday,Chapel of St. Cecilia,"801 Dominican Dr, Nashville",16152565486,Devotions,5:30 PM,6:00 PM,Vespers,English,,
"Fri, Feb 27, 2026",2026-02-27,Friday,Chapel of St. Cecilia,"801 Dominican Dr, Nashville",16152565486,Devotions,6:00 PM,6:30 PM,Rosary,English,,
"Fri, Feb 27, 2026",2026-02-27,Friday,Holy Spirit,"2300 Hickory Crest Dr, Memphis",(901) 754-7146,Devotions,2:00 PM,,Centering Prayer,English,,zoom
"Fri, Feb 27, 2026",2026-02-27,Friday,Holy Spirit,"2300 Hickory Crest Dr, Memphis",(901) 754-7146,Devotions,TBD,,Rosary,English,Chapel,after
"Fri, Feb 27, 2026",2026-02-27,Friday,Holy Trinity,"610 Kimmins St, Hohenwald",(931) 796-3738,Devotions,TBD,,Rosary and Divine Mercy Chaplet,English,Holy Trinity,before Mass
"Fri, Feb 27, 2026",2026-02-27,Friday,Immaculate Conception,"414 W Vine Ave, Knoxville",(865) 522-1508,Devotions,7:00 PM,,Stations of the Cross,English,Immaculate Conception,note: Fridays during Lent
"Fri, Feb 27, 2026",2026-02-27,Friday,Our Lady of Fatima,"858 Louisville Rd, Alcoa",(865) 982-3672,Devotions,7:00 PM,,Benediction,English,,tags: benediction
"Fri, Feb 27, 2026",2026-02-27,Friday,Saint Francis of Assisi Catholic Church,"7503 Peavine Rd, Crossville",+1-931-484-3628,Devotions,7:40 AM,,Divine Mercy Chaplet,English,,
"Fri, Feb 27, 2026",2026-02-27,Friday,St. Frances Cabrini,"300 S Tarver Ave, Lebanon",(615) 444-0524,Devotions,7:30 AM,,Rosary,English,,
"Fri, Feb 27, 2026",2026-02-27,Friday,St. Francis of Assisi,"7503 Peavine Rd, Fairfield Glade",(931) 484-3628,Devotions,7:40 AM,,Divine Mercy Chaplet,English,,
"Fri, Feb 27, 2026",2026-02-27,Friday,St. Gerard Majella,"3049 Lafayette Rd, Fort Oglethorpe",(706) 861-9410,Devotions,6:00 PM,,Stations of the Cross,English,Saint Gerard Majella Catholic Church,
"Fri, Feb 27, 2026",2026-02-27,Friday,St. Gerard Majella,"3049 Lafayette Rd, Fort Oglethorpe",(706) 861-9410,Devotions,8:30 AM,,Recitation of the Rosary,English,Saint Gerard Majella Catholic Church,
"Fri, Feb 27, 2026",2026-02-27,Friday,St. Rose of Lima Catholic Church,"1601 N Tennessee Blvd, Murfreesboro",(615) 893-1843,Devotions,6:30 AM,,Rosary,English,,
"Fri, Feb 27, 2026",2026-02-27,Friday,St. Therese of Lisieux,"900 Clingan Ridge Dr NW, Cleveland",(423) 476-8123,Devotions,9:00 AM,,Rosary,English,Adoration Chapel,note: following 08:30 Mass
"Fri, Feb 27, 2026",2026-02-27,Friday,The Cathedral of the Most Sacred Heart of Jesus,"711 S Northshore Dr, Knoxville",(865) 588-0249,Devotions,3:00 PM,,Chaplet of Divine Mercy,English,,Every
"Fri, Feb 27, 2026",2026-02-27,Friday,Community of the Holy Spirit,"384 Eagle Ridge Dr, Jonesville",(276) 346-0269,Education,6:00 PM,,Bible Study,English,,see calendar for more info
"Fri, Feb 27, 2026",2026-02-27,Friday,St. Mary,"220 W Main St, Camden",(731) 584-6459,Education,10:00 AM,,Men’s Bible Study,English,,Every; note: meet to read and discuss the Bible. Please bring your Bible.
"Fri, Feb 27, 2026",2026-02-27,Friday,Ascension,"3680 Ramill Rd, Memphis",(901) 372-1364,Other,6:30 PM,8:00 PM,P.R.E. Times,bilingual,,note: August – May
"Fri, Feb 27, 2026",2026-02-27,Friday,Holy Trinity,"610 Kimmins St, Hohenwald",(931) 796-3738,Other,3:00 PM,,Holy Liturgy,english,Holy Trinity,
"Fri, Feb 27, 2026",2026-02-27,Friday,Resurrection,"5475 Newberry Ave, Memphis",(901) 794-8970,Other,6:00 PM,7:00 PM,Penance,bilingual,,
"Fri, Feb 27, 2026",2026-02-27,Friday,St. Alphonsus,"1225 Hwy 51 S, Covington",(901) 476-8140,Other,5:00 PM,,Via Crucis,English,St. Alphonsus,Via Crucis
"Fri, Feb 27, 2026",2026-02-27,Friday,St. Gerard Majella,"3049 Lafayette Rd, Fort Oglethorpe",(706) 861-9410,Other,4:30 PM,7:00 PM,Fish Fry,English,Saint Gerard Majella Catholic Church,note: Knights of Columbus
"Fri, Feb 27, 2026",2026-02-27,Friday,St. John the Evangelist,"1061 Ellington Pkwy S, Lewisburg",(931) 359-5017,Other,12:00 AM,,K o C Fish Fry,English,,TIME_TBD; check bulletin
"Fri, Feb 27, 2026",2026-02-27,Friday,The Catholic Community of The Sacred Heart of Jesus," Building# 5875 Desert Storm Ave, Fort Campbell",270-798-2352,Other,11:45 AM,,Catholic Worship Services,English,5875 - Soldiers Chapel,
"Fri, Feb 27, 2026",2026-02-27,Friday,Vietnamese Parish of Divine Mercy,"10919 Carmichael Rd, Knoxville",(865) 766-2091,Other,6:30 PM,,Giáo Lý Rửa Tội,English,,note: for parents/godparents of children to be baptized
"Fri, Feb 27, 2026",2026-02-27,Friday,Vietnamese Parish of Divine Mercy,"10919 Carmichael Rd, Knoxville",(865) 766-2091,Other,8:00 AM,,Lễ,English,,
"Fri, Feb 27, 2026",2026-02-27,Friday,Notre Dame,"212 Mount Bethel Rd, Greeneville",(423) 639-9381,Sacraments,8:30 AM,,Communion Service,english,Notre Dame Catholic Church,recurring: Jan 13 – Feb 13; 2026
"Fri, Feb 27, 2026",2026-02-27,Friday,St. Stephen,"7111 Lee Hwy, Chattanooga",(423) 892-1261,Sacraments,8:30 AM,,Communion Service,english,St. Stephen Catholic Church,
"Fri, Feb 27, 2026",2026-02-27,Friday,St. Therese,"701 S Charles G Seivers Blvd, Clinton",(865) 457-4073,Sacraments,9:00 AM,,Communion Service,English,St. Therese Catholic Church,
"Sat, Feb 28, 2026",2026-02-28,Saturday,All Saints,"620 N Cedar Bluff Rd, Knoxville",(865) 531-0770,Mass,5:00 PM,,Mass,english,620 N Cedar Bluff Rd,
"Sat, Feb 28, 2026",2026-02-28,Saturday,All Saints,"620 N Cedar Bluff Rd, Knoxville",(865) 531-0770,Mass,7:00 PM,,Mass,spanish,620 N Cedar Bluff Rd,
"Sat, Feb 28, 2026",2026-02-28,Saturday,All Saints,"620 N Cedar Bluff Rd, Knoxville",(865) 531-0770,Mass,9:00 AM,,Mass,english,620 N Cedar Bluff Rd,
"Sat, Feb 28, 2026",2026-02-28,Saturday,Ave Maria,"664 S Washington St (TN-209), Ripley",(731)589-8302,Mass,5:00 PM,,Mass,english,,Vigil
"Sat, Feb 28, 2026",2026-02-28,Saturday,Basilica of Sts. Peter and Paul,"214 E 8th St, Chattanooga",(423) 266-1618,Mass,5:30 PM,,Mass,english,Basilica,vigil
"Sat, Feb 28, 2026",2026-02-28,Saturday,Blessed Sacrament,"2564 Hale Ave, Memphis",(901) 276-1412,Mass,4:00 PM,,Mass,english,Blessed Sacrament Catholic Church,vigil
"Sat, Feb 28, 2026",2026-02-28,Saturday,Cathedral of the Immaculate Conception,"1669 Central Ave, Memphis",(901) 725-2700,Mass,5:00 PM,,Mass,English,,vigil
"Sat, Feb 28, 2026",2026-02-28,Saturday,Cathedral of the Immaculate Conception,"1669 Central Ave, Memphis",(901) 725-2700,Mass,8:00 AM,,Mass,English,,
"Sat, Feb 28, 2026",2026-02-28,Saturday,Cathedral of the Incarnation,"2015 W End Ave, Nashville",(615) 327-2330,Mass,5:00 PM,,Mass,English,Cathedral,vigil
"Sat, Feb 28, 2026",2026-02-28,Saturday,Cathedral of the Incarnation,"2015 W End Ave, Nashville",(615) 327-2330,Mass,8:00 AM,,Mass,English,Cathedral,
"Sat, Feb 28, 2026",2026-02-28,Saturday,Catholic Church of the Nativity,"2793 Buckner Ln, Thompson's Station",+1-615-794-4004,Mass,5:00 PM,,Mass,English,,
"Sat, Feb 28, 2026",2026-02-28,Saturday,Chapel of St. Cecilia,"801 Dominican Dr, Nashville",16152565486,Mass,7:00 AM,,Holy Mass,English,,
"Sat, Feb 28, 2026",2026-02-28,Saturday,Chapel of St. Cecilia,"801 Dominican Dr, Nashville",16152565486,Mass,7:00 AM,8:00 AM,Holy Mass,English,Chapel,
"Sat, Feb 28, 2026",2026-02-28,Saturday,Christ the King,"785 Church Rd W, Southaven",(662) 342-1073,Mass,4:00 PM,,Vigil Mass,english,,vigil
"Sat, Feb 28, 2026",2026-02-28,Saturday,Christ the King,"3001 Belmont Blvd, Nashville",(615) 292-2884,Mass,4:30 PM,,Mass,english,,
"Sat, Feb 28, 2026",2026-02-28,Saturday,Christ the King,"820 E Main St, Abingdon",(276) 628-2941,Mass,5:00 PM,,Mass,English,Christ the King Parish,vigil
"Sat, Feb 28, 2026",2026-02-28,Saturday,Christ the King,"3001 Belmont Blvd, Nashville",(615) 292-2884,Mass,9:00 AM,,Mass,english,,
"Sat, Feb 28, 2026",2026-02-28,Saturday,Good Samaritan,"55 Church St, Ellijay",(706) 636-2772,Mass,5:00 PM,,Mass,english,,vigil
"Sat, Feb 28, 2026",2026-02-28,Saturday,Good Samaritan,"55 Church St, Ellijay",(706) 636-2772,Mass,7:00 PM,,Mass,spanish,,vigil
"Sat, Feb 28, 2026",2026-02-28,Saturday,Good Shepherd,"2021 Decherd Blvd, Decherd",(931) 967-0961,Mass,5:00 PM,,Mass,English,Good Shepherd Church,
"Sat, Feb 28, 2026",2026-02-28,Saturday,Good Shepherd,"2361 Cosby Hwy, Newport",(423) 623-5051,Mass,9:30 AM,,Mass,spanish,Church of the Good Shepherd,
"Sat, Feb 28, 2026",2026-02-28,Saturday,Holy Angels,"535 Tucker St, Dyersburg",(731) 287-8000,Mass,5:00 PM,,Mass,english,,vigil
"Sat, Feb 28, 2026",2026-02-28,Saturday,Holy Cross,"1210 E Wood St, Paris",(731) 642-4681,Mass,5:00 PM,,Mass,English,,vigil; livestream
"Sat, Feb 28, 2026",2026-02-28,Saturday,Holy Cross,"144 Wears Valley Rd, Pigeon Forge",865-429-5587,Mass,5:00 PM,,Mass,english,,vigil; livestream
"Sat, Feb 28, 2026",2026-02-28,Saturday,Holy Cross,"144 Wears Valley Rd, Pigeon Forge",865-429-5587,Mass,7:00 PM,,Mass,spanish,,vigil
"Sat, Feb 28, 2026",2026-02-28,Saturday,Holy Family,"9100 Crockett Rd, Brentwood",(615) 373-4696,Mass,5:00 PM,,Mass,English,,vigil; livestream
"Sat, Feb 28, 2026",2026-02-28,Saturday,Holy Family,"201 Black Oak Ridge Rd, Seymour",(865) 573-1203,Mass,5:30 PM,,Mass,english,,
"Sat, Feb 28, 2026",2026-02-28,Saturday,Holy Family,"431 Old Hwy 52, Lafayette",(615) 666-6466,Mass,9:00 AM,,Mass,english,"Holy Family catholic church, Lafayette, TN",
"Sat, Feb 28, 2026",2026-02-28,Saturday,Holy Family Catholic Church,"201 Black Oak Ridge Rd, Seymour",+1-865-573-1203,Mass,5:30 PM,,Mass,english,,Vigil
"Sat, Feb 28, 2026",2026-02-28,Saturday,Holy Ghost,"1041 N Central St, Knoxville",(865) 522-2205,Mass,8:00 AM,,Mass,English,,
"Sat, Feb 28, 2026",2026-02-28,Saturday,Holy Name,"521 Woodland St, Nashville",(615) 254-8847,Mass,5:00 PM,,Mass,english,Church of the Most Holy Name,vigil; Vigil
"Sat, Feb 28, 2026",2026-02-28,Saturday,Holy Rosary,"4851 Park Ave, Memphis",(901) 767-6949,Mass,4:30 PM,,Mass,English,,
"Sat, Feb 28, 2026",2026-02-28,Saturday,Holy Rosary,"192 Graylynn Dr, Nashville",(615) 889-4065,Mass,5:00 PM,,Vigil Mass,English,,vigil
"Sat, Feb 28, 2026",2026-02-28,Saturday,Holy Rosary,"192 Graylynn Dr, Nashville",(615) 889-4065,Mass,8:00 AM,,Mass,English,,
"Sat, Feb 28, 2026",2026-02-28,Saturday,Holy Spirit,"2300 Hickory Crest Dr, Memphis",(901) 754-7146,Mass,4:00 PM,,Mass,English,,vigil
"Sat, Feb 28, 2026",2026-02-28,Saturday,Holy Spirit,"10768 Dayton Pike, Soddy Daisy",(423) 332-5300,Mass,5:30 PM,,Mass,english,Holy Spirit,
"Sat, Feb 28, 2026",2026-02-28,Saturday,Holy Spirit,"545 E Commerce St, Hernando",(662) 429-7851,Mass,6:00 PM,,Mass,english,,vigil
"Sat, Feb 28, 2026",2026-02-28,Saturday,Holy Spirit,"2300 Hickory Crest Dr, Memphis",(901) 754-7146,Mass,8:00 AM,,Mass,English,,
"Sat, Feb 28, 2026",2026-02-28,Saturday,Holy Spirit Catholic Church,"10768 Dayton Pike, Soddy-Daisy",+1-423-332-5300,Mass,5:30 PM,,Mass,english,Holy Spirit,
"Sat, Feb 28, 2026",2026-02-28,Saturday,Holy Trinity,"475 N Highway 92, Jefferson City",(865) 471-0347,Mass,5:00 PM,,Mass,english,,vigil; livestream
"Sat, Feb 28, 2026",2026-02-28,Saturday,Holy Trinity,"475 N Highway 92, Jefferson City",(865) 471-0347,Mass,7:00 PM,,Mass,spanish,,vigil; livestream
"Sat, Feb 28, 2026",2026-02-28,Saturday,Immaculate Conception,"1303 E Reelfoot Ave, Union City",(731) 885-0963,Mass,4:00 PM,,Mass,english,Immaculate Conception Catholic Church,vigil
"Sat, Feb 28, 2026",2026-02-28,Saturday,Immaculate Conception,"709 Franklin St, Clarksville",(931) 645-6275,Mass,4:30 PM,,Mass,english,,vigil
"Sat, Feb 28, 2026",2026-02-28,Saturday,Immaculate Conception,"414 W Vine Ave, Knoxville",(865) 522-1508,Mass,5:00 PM,,Mass,english,Immaculate Conception,vigil
"Sat, Feb 28, 2026",2026-02-28,Saturday,Immaculate Conception,"414 W Vine Ave, Knoxville",(865) 522-1508,Mass,8:30 AM,,Mass,english,Immaculate Conception,
"Sat, Feb 28, 2026",2026-02-28,Saturday,Immaculate Conception,"709 Franklin St, Clarksville",(931) 645-6275,Mass,9:00 AM,,Mass,english,Chapel,
"Sat, Feb 28, 2026",2026-02-28,Saturday,Incarnation,"360 Bray Station Rd, Collierville",(901) 853-7468 ,Mass,5:00 PM,,Mass,English,Main Sanctuary,tags: vigil
"Sat, Feb 28, 2026",2026-02-28,Saturday,Incarnation,"360 Bray Station Rd, Collierville",(901) 853-7468 ,Mass,8:15 AM,,Mass,English,Main Sanctuary,
"Sat, Feb 28, 2026",2026-02-28,Saturday,Mission of Our Lady of the Lake,"10645 Hwy 57, Counce",(731) 925-4852,Mass,5:30 PM,,Mass,English,Our Lady of the Lake,
"Sat, Feb 28, 2026",2026-02-28,Saturday,Mission of St. John Paul II,"161 Bryan Ln, Rutledge",(865) 992-7222,Mass,5:00 PM,,Mass,english,,vigil
"Sat, Feb 28, 2026",2026-02-28,Saturday,National Shrine of St. Martin de Porres,"190 Adams Ave, Memphis",(901) 527-8282,Mass,5:00 PM,,Mass,english,Church,vigil; except: No 5 p.m. Mass on Easter Vigil
"Sat, Feb 28, 2026",2026-02-28,Saturday,Nativity,"5955 St Elmo Rd, Bartlett",(901) 382-2504,Mass,5:00 PM,,Mass,english,,vigil
"Sat, Feb 28, 2026",2026-02-28,Saturday,Nativity,"2793 Buckner Ln, Spring Hill",(615) 794-4004,Mass,5:00 PM,,Mass,English,,vigil
"Sat, Feb 28, 2026",2026-02-28,Saturday,Nativity,"5955 St Elmo Rd, Bartlett",(901) 382-2504,Mass,8:00 AM,,Mass,english,,
"Sat, Feb 28, 2026",2026-02-28,Saturday,Nativity,"2793 Buckner Ln, Spring Hill",(615) 794-4004,Mass,9:00 AM,,Mass,english,,
"Sat, Feb 28, 2026",2026-02-28,Saturday,Notre Dame,"212 Mount Bethel Rd, Greeneville",(423) 639-9381,Mass,5:00 PM,,Mass,english,Notre Dame Catholic Church,vigil
"Sat, Feb 28, 2026",2026-02-28,Saturday,Notre Dame Catholic Church,"212 Mt Bethel Rd, Greeneville",+1-423-639-9381,Mass,5:00 PM,,Mass,english,Notre Dame,
"Sat, Feb 28, 2026",2026-02-28,Saturday,Our Lady of Fatima,"858 Louisville Rd, Alcoa",(865) 982-3672,Mass,5:00 PM,,Mass,english,,vigil
"Sat, Feb 28, 2026",2026-02-28,Saturday,Our Lady of Fatima,"858 Louisville Rd, Alcoa",(865) 982-3672,Mass,7:00 PM,,Mass,spanish,,vigil; livestream
"Sat, Feb 28, 2026",2026-02-28,Saturday,Our Lady of Fatima,"858 Louisville Rd, Alcoa",(865) 982-3672,Mass,8:00 AM,,Mass,english,,
"Sat, Feb 28, 2026",2026-02-28,Saturday,Our Lady of Guadalupe,"82 Lambert Branch Rd, Cherokee",(828) 488-6766,Mass,4:30 PM,,Mass,english,Our Lady of Guadalupe,
"Sat, Feb 28, 2026",2026-02-28,Saturday,Our Lady of Guadalupe,"82 Lambert Branch Rd, Cherokee",(828) 488-6766,Mass,6:00 PM,,Mass,spanish,Our Lady of Guadalupe,
"Sat, Feb 28, 2026",2026-02-28,Saturday,Our Lady of Guadalupe,"3112 Nolensville Rd, Nashville",615-333-8660,Mass,6:00 PM,,Mass,English,,
"Sat, Feb 28, 2026",2026-02-28,Saturday,Our Lady of Lourdes,"704 Holly Ave, South Pittsburg",(423) 837-7068,Mass,5:30 PM,,Mass,English,,
"Sat, Feb 28, 2026",2026-02-28,Saturday,Our Lady of Perpetual Help,"501 S Moore Rd, Chattanooga",(423) 622-7232,Mass,4:30 PM,,Mass,english,,vigil
"Sat, Feb 28, 2026",2026-02-28,Saturday,Our Lady of Perpetual Help,"501 S Moore Rd, Chattanooga",+1-423-622-7232,Mass,4:30 PM,,Mass,english,,vigil
"Sat, Feb 28, 2026",2026-02-28,Saturday,Our Lady of Perpetual Help,"8151 Poplar Ave, Germantown",(901) 754-1204,Mass,4:30 PM,,Vigil Mass,English,main church,vigil
"Sat, Feb 28, 2026",2026-02-28,Saturday,Our Lady of Perpetual Help,"501 S Moore Rd, Chattanooga",(423) 622-7232,Mass,6:30 PM,,Mass,spanish,,vigil
"Sat, Feb 28, 2026",2026-02-28,Saturday,Our Lady of Perpetual Help,"501 S Moore Rd, Chattanooga",+1-423-622-7232,Mass,6:30 PM,,Mass,spanish,,vigil
"Sat, Feb 28, 2026",2026-02-28,Saturday,Our Lady of Perpetual Help,"8151 Poplar Ave, Germantown",(901) 754-1204,Mass,8:15 AM,,Mass,English,Chapel,
"Sat, Feb 28, 2026",2026-02-28,Saturday,Our Lady of Sorrows,"3700 Thomas St, Memphis",(901) 353-1530,Mass,4:00 PM,,Mass,english,,
"Sat, Feb 28, 2026",2026-02-28,Saturday,Our Lady of the Lake,"1729 Stop 30 Rd, Hendersonville",(615) 824-3276,Mass,5:00 PM,,Mass,English,,vigil
"Sat, Feb 28, 2026",2026-02-28,Saturday,Our Lady of the Lake,"1729 Stop 30 Rd, Hendersonville",(615) 824-3276,Mass,8:30 AM,,Mass,English,,
"Sat, Feb 28, 2026",2026-02-28,Saturday,Our Lady of the Mount,"1227 Scenic Hwy, Lookout Mountain",(706) 820-0680,Mass,5:30 PM,,Mass,english,,vigil
"Sat, Feb 28, 2026",2026-02-28,Saturday,Our Lady of the Shoals,"200 E Commons St N, Tuscumbia",(256) 383-7207,Mass,5:00 PM,,Mass,English,church building,vigil
"Sat, Feb 28, 2026",2026-02-28,Saturday,Queen of Peace,"8455 Germantown Rd, Olive Branch",(662) 895-5007,Mass,6:00 PM,,Mass,english,,vigil
"Sat, Feb 28, 2026",2026-02-28,Saturday,Sacred Heart,"2887 E Main St, Humboldt",(731) 618- 6758,Mass,4:00 PM,,Vigil Mass,English,Sacred Heart,vigil
"Sat, Feb 28, 2026",2026-02-28,Saturday,Sacred Heart,"296 W 6th St, Russellville",(270) 726-6963,Mass,5:00 PM,,Mass,English,Sacred Heart Catholic Church Russellville KY,vigil
"Sat, Feb 28, 2026",2026-02-28,Saturday,Sacred Heart,"212 Berger St, Lawrenceburg",(931) 762-3183,Mass,5:30 PM,,Mass,English,,
"Sat, Feb 28, 2026",2026-02-28,Saturday,Sacred Heart,"301 Church St, Loretto",(931) 853-4370,Mass,5:30 PM,,Mass,english,,vigil
"Sat, Feb 28, 2026",2026-02-28,Saturday,Sagrado Corazón,"2800 McGavock Pike, Nashville",(615) 391-3714,Mass,7:00 PM,,Mass,English,Sagrado Corazón De Jesús,
"Sat, Feb 28, 2026",2026-02-28,Saturday,Saint Francis of Assisi Catholic Church,"7503 Peavine Rd, Crossville",+1-931-484-3628,Mass,5:00 PM,,Mass,english,,tags: vigil
"Sat, Feb 28, 2026",2026-02-28,Saturday,St Albert the Great Catholic Church,"7200 Brickey Ln, Knoxville",+1-865-689-7011,Mass,5:00 PM,,Vigil Mass,English,,
"Sat, Feb 28, 2026",2026-02-28,Saturday,St Alphonsus Catholic Church,"151 St Alphonsus Way, Crossville",+1-931-484-2358,Mass,5:00 PM,,Mass,english,,vigil
"Sat, Feb 28, 2026",2026-02-28,Saturday,St Elizabeth's Roman Catholic Church,"510 W C St, Elizabethton",+1-423-543-3412,Mass,5:00 PM,,Mass,english,,vigil
"Sat, Feb 28, 2026",2026-02-28,Saturday,St Elizabeth's Roman Catholic Church,"510 W C St, Elizabethton",+1-423-543-3412,Mass,7:00 PM,,Mass,spanish,,vigil
"Sat, Feb 28, 2026",2026-02-28,Saturday,St Francis of Assisi Church,"1489 Donelson Pkwy, Dover",(931) 232-9422,Mass,5:30 PM,,Mass,english,"Saint Francis of Assisi Church, Dover, TN",
"Sat, Feb 28, 2026",2026-02-28,Saturday,St Joseph the Worker Catholic Church,"649 Old Tellico Hwy N, Madisonville",+1-423-442-7273,Mass,4:00 PM,,Mass,English,St. Joseph the Worker Catholic Church,vigil
"Sat, Feb 28, 2026",2026-02-28,Saturday,St Therese-Little Flower,"1644 Jackson Ave, Memphis",(901) 276-1412,Mass,4:00 PM,,Mass,english,"Blessed Sacrament, 2564 Hale Ave, Memphis, TN",vigil; Anticipated
"Sat, Feb 28, 2026",2026-02-28,Saturday,St Therese-Little Flower,"1644 Jackson Ave, Memphis",(901) 276-1412,Mass,8:15 AM,,Mass,English,"Blessed Sacrament, 2564 Hale Ave, Memphis, TN",
"Sat, Feb 28, 2026",2026-02-28,Saturday,St. Albert the Great,"7200 Brickey Ln, Knoxville",(865) 689-7011,Mass,5:00 PM,,Vigil Mass,English,,
"Sat, Feb 28, 2026",2026-02-28,Saturday,St. Alphonsus,"1225 Hwy 51 S, Covington",(901) 476-8140,Mass,4:30 PM,,Mass,English,St. Alphonsus,vigil
"Sat, Feb 28, 2026",2026-02-28,Saturday,St. Alphonsus,"151 St Alphonsus Way, Crossville",(931) 484-2358,Mass,5:00 PM,,Mass,english,Saint Alphonsus Catholic Church,vigil
"Sat, Feb 28, 2026",2026-02-28,Saturday,St. Andrew,"829 Valley View Dr, Sparta",(931) 738-2140,Mass,4:00 PM,,Mass,English,,St. Andrew Catholic Church; Sparta; TN
"Sat, Feb 28, 2026",2026-02-28,Saturday,St. Andrew the Apostle,"149 Brook St, Mars Hill",(828) 689-3719,Mass,5:00 PM,,Vigil Mass,spanish,St. Andrew,vigil
"Sat, Feb 28, 2026",2026-02-28,Saturday,St. Ann,"5101 Charlotte Ave, Nashville",(615) 298-1782,Mass,5:00 PM,,Mass,english,Church,vigil
"Sat, Feb 28, 2026",2026-02-28,Saturday,St. Anne,"706 S Highland St, Memphis",(901) 323-3817,Mass,4:00 PM,,Mass,english,,
"Sat, Feb 28, 2026",2026-02-28,Saturday,St. Anne,"316 Euclid Ave, Bristol",(276) 669-8200,Mass,5:30 PM,,Mass,English,,vigil
"Sat, Feb 28, 2026",2026-02-28,Saturday,St. Anne,"706 S Highland St, Memphis",(901) 323-3817,Mass,8:15 AM,,Mass,english,,
"Sat, Feb 28, 2026",2026-02-28,Saturday,St. Anne,"316 Euclid Ave, Bristol",(276) 669-8200,Mass,9:30 AM,,Mass,English,Chapel,
"Sat, Feb 28, 2026",2026-02-28,Saturday,St. Anthony,"967 E Main St, Blue Ridge",(706) 632-5970,Mass,4:30 PM,,Mass,english,Church,vigil
"Sat, Feb 28, 2026",2026-02-28,Saturday,St. Anthony,"1900 Huntsville Hwy, Fayetteville",(931) 433-6525,Mass,5:30 PM,,Mass,English,,
"Sat, Feb 28, 2026",2026-02-28,Saturday,St. Anthony,"1900 Huntsville Hwy, Fayetteville",(931) 433-6525,Mass,7:00 PM,,Mass,spanish,,
"Sat, Feb 28, 2026",2026-02-28,Saturday,St. Augustine,"1169 Kerr Ave, Memphis",(901) 774-2297,Mass,4:00 PM,,Mass,English,,
"Sat, Feb 28, 2026",2026-02-28,Saturday,St. Augustine,"1716 Anderson Pike, Signal Mountain",(423) 886-3424,Mass,5:30 PM,,Mass,English,,vigil; Vigil
"Sat, Feb 28, 2026",2026-02-28,Saturday,St. Augustine,"1716 Anderson Pike, Signal Mountain",(423) 886-3424,Mass,8:15 AM,,Mass,English,,
"Sat, Feb 28, 2026",2026-02-28,Saturday,St. Bridget,"320 Walnut Grove Church Rd, Dayton",(423) 775-2664,Mass,5:30 PM,,Mass,english,,vigil
"Sat, Feb 28, 2026",2026-02-28,Saturday,St. Brigid,"7801 Lowrance Rd, Memphis",(901) 758-0128,Mass,4:00 PM,,Mass,english,Main Church,vigil
"Sat, Feb 28, 2026",2026-02-28,Saturday,St. Brigid,"7801 Lowrance Rd, Memphis",(901) 758-0128,Mass,6:00 PM,,Mass,spanish,Main Church,vigil
"Sat, Feb 28, 2026",2026-02-28,Saturday,St. Catherine,"3019 Cayce Ln, Columbia",(931) 388-3803,Mass,5:00 PM,,Mass,english,Saint Catherine of Siena Catholic Church,vigil
"Sat, Feb 28, 2026",2026-02-28,Saturday,St. Catherine,"3019 Cayce Ln, Columbia",(931) 388-3803,Mass,7:00 PM,,Mass,spanish,Saint Catherine of Siena Catholic Church,vigil
"Sat, Feb 28, 2026",2026-02-28,Saturday,St. Catherine Laboure,"115 Main St, Copperhill",(423) 496-3498,Mass,4:30 PM,,Mass,English,,vigil
"Sat, Feb 28, 2026",2026-02-28,Saturday,St. Cecilia,"50 Willowbrook Dr, Waynesboro",(931) 722-5877,Mass,4:00 PM,,Vigil Mass,english,St Cecelia,
"Sat, Feb 28, 2026",2026-02-28,Saturday,St. Christopher,"160 Holt Spur Rd, Jamestown",(865) 882-9838,Mass,6:30 PM,,Sunday Vigil Mass,English,,
"Sat, Feb 28, 2026",2026-02-28,Saturday,St. Dominic,"2517 John B Dennis Hwy, Kingsport",(423) 288-8101,Mass,5:30 PM,,Mass,english,,vigil
"Sat, Feb 28, 2026",2026-02-28,Saturday,St. Edward,"188 Thompson Ln, Nashville",(615)-833-5520,Mass,5:00 PM,,Mass,English,,vigil
"Sat, Feb 28, 2026",2026-02-28,Saturday,St. Elizabeth,"510 W C Street, Elizabethton",(423) 543-3412,Mass,5:00 PM,,Mass,English,,vigil
"Sat, Feb 28, 2026",2026-02-28,Saturday,St. Elizabeth,"510 W C Street, Elizabethton",(423) 543-3412,Mass,7:00 PM,,Mass,spanish,,vigil
"Sat, Feb 28, 2026",2026-02-28,Saturday,St. Elizabeth of the Hill Country,"259 Pilgrims Way, Boone",(828) 264-8338,Mass,4:15 PM,,Mass,english,St. Elizabeth,vigil
"Sat, Feb 28, 2026",2026-02-28,Saturday,St. Frances Cabrini,"300 S Tarver Ave, Lebanon",(615) 444-0524,Mass,5:30 PM,,Mass,English,,vigil
"Sat, Feb 28, 2026",2026-02-28,Saturday,St. Francis of Assisi,"8151 Chimneyrock Blvd, Cordova",(901) 756-1213,Mass,4:00 PM,,Mass,English,St. Francis of Assisi,vigil
"Sat, Feb 28, 2026",2026-02-28,Saturday,St. Francis of Assisi,"7719 River Rd, Townsend",(865) 448-6070,Mass,4:00 PM,,Mass,English,,
"Sat, Feb 28, 2026",2026-02-28,Saturday,St. Francis of Assisi,"167 St Francis Pl, Jefferson",(336) 246-9151,Mass,4:30 PM,,Mass,english,,vigil
"Sat, Feb 28, 2026",2026-02-28,Saturday,St. Francis of Assisi,"7503 Peavine Rd, Fairfield Glade",(931) 484-3628,Mass,5:00 PM,,Mass,English,,vigil
"Sat, Feb 28, 2026",2026-02-28,Saturday,St. Francis of Assisi,"7600 Russellville Rd, Guthrie",(270) 265-5263,Mass,6:00 PM,,Mass,spanish,,vigil
"Sat, Feb 28, 2026",2026-02-28,Saturday,St. Francis of Assisi,"167 St Francis Pl, Jefferson",(336) 246-9151,Mass,7:30 PM,,Mass,spanish,,vigil
"Sat, Feb 28, 2026",2026-02-28,Saturday,St. Francis of Assisi,"8151 Chimneyrock Blvd, Cordova",(901) 756-1213,Mass,8:15 AM,,Mass,English,St. Francis of Assisi,
"Sat, Feb 28, 2026",2026-02-28,Saturday,St. Gerard Majella,"3049 Lafayette Rd, Fort Oglethorpe",(706) 861-9410,Mass,4:30 PM,,Mass,English,Saint Gerard Majella Catholic Church,vigil
"Sat, Feb 28, 2026",2026-02-28,Saturday,St. Henry,"6401 Harding Pike, Nashville",(615) 352-2259,Mass,5:00 PM,,Mass,English,,tags: vigil; livestream; note: livestream temporarily suspended
"Sat, Feb 28, 2026",2026-02-28,Saturday,St. Henry,"6401 Harding Pike, Nashville",(615) 352-2259,Mass,8:00 AM,,Mass,English,Chapel,tags: chapel
"Sat, Feb 28, 2026",2026-02-28,Saturday,St. Ignatius of Antioch,"601 Bell Rd, Nashville",615-367-0085,Mass,4:30 PM,,Vigil Mass,English,,vigil
"Sat, Feb 28, 2026",2026-02-28,Saturday,St. Ignatius of Antioch,"601 Bell Rd, Nashville",615-367-0085,Mass,8:00 AM,,Mass,English,,
"Sat, Feb 28, 2026",2026-02-28,Saturday,St. James,"4180 Leroy Ave, Memphis",(901) 767-8672,Mass,4:00 PM,,Mass,english,,vigil
"Sat, Feb 28, 2026",2026-02-28,Saturday,St. James the Less,"3189 N Harper Rd, Corinth",(662) 331-5184,Mass,9:00 AM,,Mass/Misa,English,,
"Sat, Feb 28, 2026",2026-02-28,Saturday,St. John,"910 N Washington Ave, Brownsville",(731) 668-2596,Mass,5:00 PM,,Mass,English,"St. John, Brownsville",vigil
"Sat, Feb 28, 2026",2026-02-28,Saturday,St. John Neumann,"633 Saint John Ct, Farragut",(865) 966-4540,Mass,4:30 PM,,Mass,English,,vigil
"Sat, Feb 28, 2026",2026-02-28,Saturday,St. John Neumann,"633 Saint John Ct, Farragut",(865) 966-4540,Mass,8:05 AM,,Mass,English,,
"Sat, Feb 28, 2026",2026-02-28,Saturday,St. John Vianney,"449 N Water St, Gallatin",(615) 452-2977,Mass,4:30 PM,,Mass,English,,Vigil
"Sat, Feb 28, 2026",2026-02-28,Saturday,St. John Vianney,"449 N Water St, Gallatin",(615) 452-2977,Mass,8:00 AM,,Mass,English,,
"Sat, Feb 28, 2026",2026-02-28,Saturday,St. John XXIII (U. of Tenn.),"1710 Melrose Pl, Knoxville",(865) 523-7931,Mass,5:30 PM,,Mass,english,,Not available during UTK home football weekends
"Sat, Feb 28, 2026",2026-02-28,Saturday,St. John the Evangelist,"1061 Ellington Pkwy S, Lewisburg",(931) 359-5017,Mass,5:30 PM,,Mass,english,,vigil
"Sat, Feb 28, 2026",2026-02-28,Saturday,St. John the Evangelist,"1061 Ellington Pkwy S, Lewisburg",(931) 359-5017,Mass,8:30 AM,,Mass,english,,
"Sat, Feb 28, 2026",2026-02-28,Saturday,St. Joseph,"3825 Neely Rd, Memphis",(901) 396-9996,Mass,4:00 PM,,Mass,english,,
"Sat, Feb 28, 2026",2026-02-28,Saturday,St. Joseph,"203 Plum St, Florence",(256) 764-3303,Mass,5:00 PM,,Vigil Mass,English,,
"Sat, Feb 28, 2026",2026-02-28,Saturday,St. Joseph,"968 Haig Mill Lake Rd, Dalton",(706) 278-3107,Mass,5:30 PM,,Mass,english,,vigil
"Sat, Feb 28, 2026",2026-02-28,Saturday,St. Joseph,"304 American Blvd, Saint Joseph",931-853-4370,Mass,5:30 PM,,Mass,english,,vigil
"Sat, Feb 28, 2026",2026-02-28,Saturday,St. Joseph,"203 Plum St, Florence",(256) 764-3303,Mass,7:15 AM,,Mass,English,,
"Sat, Feb 28, 2026",2026-02-28,Saturday,St. Joseph,"968 Haig Mill Lake Rd, Dalton",(706) 278-3107,Mass,7:30 PM,,Mass,spanish,,vigil
"Sat, Feb 28, 2026",2026-02-28,Saturday,St. Joseph,"968 Haig Mill Lake Rd, Dalton",(706) 278-3107,Mass,9:00 AM,,Mass,english,,
"Sat, Feb 28, 2026",2026-02-28,Saturday,St. Joseph the Worker,"649 Old Tellico Hwy N, Madisonville",(423) 442-7273,Mass,4:00 PM,,Mass,English,St. Joseph the Worker Catholic Church,vigil
"Sat, Feb 28, 2026",2026-02-28,Saturday,St. Jude,"13067 Scott Hwy, Helenwood",(423) 569-9584,Mass,4:00 PM,,Mass,english,St. Jude Church - Helenwood,vigil
"Sat, Feb 28, 2026",2026-02-28,Saturday,St. Jude,"1318 E Poplar Ave, Selmer",(731) 645-4188,Mass,4:00 PM,,Mass,English,"St. Jude Church, Selmer",vigil
"Sat, Feb 28, 2026",2026-02-28,Saturday,St. Jude,"930 Ashland Ter, Chattanooga",(423) 870-2386,Mass,5:00 PM,,Mass,english,,livestream; Vigil
"Sat, Feb 28, 2026",2026-02-28,Saturday,St. Jude,"930 Ashland Ter, Chattanooga",(423) 870-2386,Mass,7:30 PM,,Mass,spanish,,Vigil
"Sat, Feb 28, 2026",2026-02-28,Saturday,St. Jude Catholic Church,"930 Ashland Terrace, Chattanooga",+1-423-870-2386,Mass,5:00 PM,,Mass,english,,livestream
"Sat, Feb 28, 2026",2026-02-28,Saturday,St. Jude Catholic Church,"930 Ashland Terrace, Chattanooga",+1-423-870-2386,Mass,7:30 PM,,Mass,spanish,,
"Sat, Feb 28, 2026",2026-02-28,Saturday,St. Julian,"118 E Chester Ave, Middlesboro",(606) 248-2068,Mass,6:00 PM,,Mass,English,,vigil
"Sat, Feb 28, 2026",2026-02-28,Saturday,St. Katharine Drexel,"140 New England Rd, Wildwood",(706) 820-0680,Mass,5:30 PM,,Mass,english,,vigil
"Sat, Feb 28, 2026",2026-02-28,Saturday,St. Katharine Drexel,"140 New England Rd, Wildwood",(706) 820-0680,Mass,8:30 AM,,Mass,english,,
"Sat, Feb 28, 2026",2026-02-28,Saturday,St. Lawrence,"5655 Clarksville Hwy, Joelton",(615) 876-2127,Mass,5:00 PM,,Mass,English,Saint Lawrence,note: Pre-Mass rosary begins at 16:30
"Sat, Feb 28, 2026",2026-02-28,Saturday,St. Louis,"203 S White Station Rd, Memphis",(901) 255-1950,Mass,4:30 PM,,Mass,English,,
"Sat, Feb 28, 2026",2026-02-28,Saturday,St. Louis,"203 S White Station Rd, Memphis",(901) 255-1950,Mass,6:15 AM,,Mass,English,,
"Sat, Feb 28, 2026",2026-02-28,Saturday,St. Louis,"203 S White Station Rd, Memphis",(901) 255-1950,Mass,8:15 AM,,Mass,English,,
"Sat, Feb 28, 2026",2026-02-28,Saturday,St. Martha,"3331 Bell St, Ashland City",615-792-4255,Mass,5:00 PM,,Mass,English,,vigil; Vigil
"Sat, Feb 28, 2026",2026-02-28,Saturday,St. Mary,"1665 US-45 BYP, Jackson",(731) 668-2596,Mass,4:00 PM,,Mass,english,,vigil
"Sat, Feb 28, 2026",2026-02-28,Saturday,St. Mary,"2315 Pickwick St, Savannah",(731) 925-4852,Mass,4:00 PM,,Mass,English,St. Mary's,vigil
"Sat, Feb 28, 2026",2026-02-28,Saturday,St. Mary,"155 Market St, Memphis",(901) 522-9420,Mass,4:30 PM,,Mass,English,,
"Sat, Feb 28, 2026",2026-02-28,Saturday,St. Mary,"220 W Main St, Camden",(731) 584-6459,Mass,5:00 PM,,Vigil Mass,English,,
"Sat, Feb 28, 2026",2026-02-28,Saturday,St. Mary,"403 N Main St, Franklin",(270) 586-4515 or (270) 253-3230 (Rectory),Mass,5:00 PM,,Vigil Mass,English,,vigil
"Sat, Feb 28, 2026",2026-02-28,Saturday,St. Mary,"205 Eastport St E, Iuka",(662) 423-9358,Mass,5:00 PM,,Mass,english,St. Mary,
"Sat, Feb 28, 2026",2026-02-28,Saturday,St. Mary,"2211 E Lakeview Dr, Johnson City",(423) 282-6367,Mass,5:00 PM,,Mass,English,,vigil; Vigil
"Sat, Feb 28, 2026",2026-02-28,Saturday,St. Mary,"327 Vermont Ave, Oak Ridge",(865) 482-2875,Mass,5:30 PM,,Mass,English,,tags: vigil
"Sat, Feb 28, 2026",2026-02-28,Saturday,St. Mary,"223 Mecklenburg Dr, Bolivar",(731) 658-4627,Mass,6:00 PM,,Mass,English,"St. Mary’s Church, Bolivar",vigil
"Sat, Feb 28, 2026",2026-02-28,Saturday,St. Mary,"304 Airport Rd, Gatlinburg",(865) 436-4907,Mass,6:00 PM,,Mass,english,St. Mary's Catholic Church,vigil
"Sat, Feb 28, 2026",2026-02-28,Saturday,St. Mary,"1665 US-45 BYP, Jackson",(731) 668-2596,Mass,8:00 AM,,Mass,english,,
"Sat, Feb 28, 2026",2026-02-28,Saturday,St. Mary,"327 Vermont Ave, Oak Ridge",(865) 482-2875,Mass,8:00 AM,,Mass,english,,
"Sat, Feb 28, 2026",2026-02-28,Saturday,St. Mary,"2211 E Lakeview Dr, Johnson City",(423) 282-6367,Mass,8:30 AM,,Mass,English,,
"Sat, Feb 28, 2026",2026-02-28,Saturday,St. Mary of the Lake Mission,"626 Horseshoe Cir, Horseshoe Lake",(870) 733-1212,Mass,5:00 PM,,Mass,English,St. Michael's Church,vigil
"Sat, Feb 28, 2026",2026-02-28,Saturday,St. Mary of the Seven Sorrows,"328 Rep John Lewis Way N, Nashville",(615) 561-1704,Mass,5:00 PM,,Vigil Mass,English,,vigil
"Sat, Feb 28, 2026",2026-02-28,Saturday,St. Matthew,"9060 Telecom Dr, Milan",(731) 784-3904,Mass,4:00 PM,,Vigil Mass,English,Sacred Heart,vigil
"Sat, Feb 28, 2026",2026-02-28,Saturday,St. Matthew,"535 Sneed Rd W, Franklin",(615) 646-0378,Mass,5:00 PM,,Mass,english,,vigil; livestream
"Sat, Feb 28, 2026",2026-02-28,Saturday,St. Michael,"3863 Summer Ave, Memphis",(901) 323-0896,Mass,4:00 PM,,Mass,english,,vigil
"Sat, Feb 28, 2026",2026-02-28,Saturday,St. Michael,"411 Missouri St, West Memphis",(870) 733-1212,Mass,5:00 PM,,Mass,English,St. Michael's Church,vigil
"Sat, Feb 28, 2026",2026-02-28,Saturday,St. Michael,"2751 County Rd 30, Florence",(256) 764-1885,Mass,6:00 PM,,Mass,English,St. Michael's Catholic Church,vigil
"Sat, Feb 28, 2026",2026-02-28,Saturday,St. Michael,"2751 County Rd 30, Florence",(256) 764-1885,Mass,8:00 AM,,Mass,English,St. Michael's Catholic Church,
"Sat, Feb 28, 2026",2026-02-28,Saturday,St. Michael the Archangel ,"657 N Mohawk Dr, Erwin",(423) 735-0484,Mass,5:00 PM,,Mass,bilingual,Parish Center,vigil
"Sat, Feb 28, 2026",2026-02-28,Saturday,St. Patrick,"2518 W Andrew Johnson Hwy, Morristown",(423) 586-9174,Mass,4:00 PM,,Mass,English,,Vigil
"Sat, Feb 28, 2026",2026-02-28,Saturday,St. Patrick,"1219 Second Ave S, Nashville",(615) 256-6498,Mass,4:00 PM,,Mass,english,,vigil; note: fulfills Sunday obligation
"Sat, Feb 28, 2026",2026-02-28,Saturday,St. Patrick,"175 St Patrick St, McEwen",(931) 582-3633,Mass,5:00 PM,,Mass,english,"Saint Patrick Catholic Church, McEwen, TN",vigil
"Sat, Feb 28, 2026",2026-02-28,Saturday,St. Patrick,"2518 W Andrew Johnson Hwy, Morristown",(423) 586-9174,Mass,5:00 PM,,Mass,English,,during DST; Vigil
"Sat, Feb 28, 2026",2026-02-28,Saturday,St. Patrick,"1219 Second Ave S, Nashville",(615) 256-6498,Mass,7:00 AM,,Mass,english,,
"Sat, Feb 28, 2026",2026-02-28,Saturday,St. Paul the Apostle,"1425 E Shelby Dr, Memphis",(901) 346-2380,Mass,4:00 PM,,Mass,English,,vigil
"Sat, Feb 28, 2026",2026-02-28,Saturday,St. Paul the Apostle,"304 W Grizzard St, Tullahoma",(931) 455-3050,Mass,6:00 PM,,Mass,english,,vigil
"Sat, Feb 28, 2026",2026-02-28,Saturday,St. Paul the Apostle,"1425 E Shelby Dr, Memphis",(901) 346-2380,Mass,9:00 AM,,Mass,English,,
"Sat, Feb 28, 2026",2026-02-28,Saturday,St. Peter the Apostle,"208 Upper Ferry Rd, Carthage",(615) 281-8327,Mass,5:00 PM,,Mass Vigil,English,,
"Sat, Feb 28, 2026",2026-02-28,Saturday,St. Philip,"113 Second Ave S, Franklin",(615) 794-8588,Mass,5:00 PM,,Mass,english,St. Philip Catholic Church,vigil; note: except the day of Easter Vigil
"Sat, Feb 28, 2026",2026-02-28,Saturday,St. Philip,"113 Second Ave S, Franklin",(615) 794-8588,Mass,9:00 AM,,Mass,english,St. Philip Catholic Church,
"Sat, Feb 28, 2026",2026-02-28,Saturday,St. Philip the Apostle,"11710 US Hwy 64, Somerville",(901) 465-8685,Mass,4:00 PM,,Mass,English,,
"Sat, Feb 28, 2026",2026-02-28,Saturday,St. Pius X,"2800 Tucker Rd, Nashville",(615) 256-2729,Mass,5:30 PM,,Holy Mass and Communion Service,english,ST. PIUS X ACADEMY AND CHURCH,vigil; Vigil
"Sat, Feb 28, 2026",2026-02-28,Saturday,St. Pius X,"2800 Tucker Rd, Nashville",(615) 256-2729,Mass,7:30 PM,,Holy Mass and Communion Service,vietnamese,ST. PIUS X ACADEMY AND CHURCH,vigil; Vigil
"Sat, Feb 28, 2026",2026-02-28,Saturday,St. Pius X,"2800 Tucker Rd, Nashville",(615) 256-2729,Mass,8:00 AM,,Holy Mass and Communion Service,vietnamese,ST. PIUS X ACADEMY AND CHURCH,
"Sat, Feb 28, 2026",2026-02-28,Saturday,St. Pius X Church,"2800 Tucker Rd, Nashville",+1-615-244-4093,Mass,5:30 PM,,Mass,english,ST. PIUS X ACADEMY AND CHURCH,vigil; Vigil
"Sat, Feb 28, 2026",2026-02-28,Saturday,St. Pius X Church,"2800 Tucker Rd, Nashville",+1-615-244-4093,Mass,7:30 PM,,Mass,vietnamese,ST. PIUS X ACADEMY AND CHURCH,vigil; Vigil
"Sat, Feb 28, 2026",2026-02-28,Saturday,St. Pius X Church,"2800 Tucker Rd, Nashville",+1-615-244-4093,Mass,8:00 AM,,Mass,vietnamese,ST. PIUS X ACADEMY AND CHURCH,
"Sat, Feb 28, 2026",2026-02-28,Saturday,St. Rose of Lima Catholic Church,"1601 N Tennessee Blvd, Murfreesboro",(615) 893-1843,Mass,4:30 PM,,Vigil Mass,English,,vigil
"Sat, Feb 28, 2026",2026-02-28,Saturday,St. Rose of Lima Catholic Church,"1601 N Tennessee Blvd, Murfreesboro",(615) 893-1843,Mass,6:30 PM,,Mass,spanish,,
"Sat, Feb 28, 2026",2026-02-28,Saturday,St. Rose of Lima Catholic Church,"1601 N Tennessee Blvd, Murfreesboro",(615) 893-1843,Mass,8:00 AM,,Mass,English,,
"Sat, Feb 28, 2026",2026-02-28,Saturday,St. Stephen,"7111 Lee Hwy, Chattanooga",(423) 892-1261,Mass,5:00 PM,,Mass,english,St. Stephen Catholic Church,vigil
"Sat, Feb 28, 2026",2026-02-28,Saturday,St. Stephen,"14544 Lebanon Rd, Old Hickory",(615) 758-2424,Mass,5:00 PM,,Mass,english,Saint Stephen Catholic Community,
"Sat, Feb 28, 2026",2026-02-28,Saturday,St. Therese,"701 S Charles G Seivers Blvd, Clinton",(865) 457-4073,Mass,5:00 PM,,Vigil Mass,English,St. Therese Catholic Church,vigil
"Sat, Feb 28, 2026",2026-02-28,Saturday,St. Therese of Lisieux,"900 Clingan Ridge Dr NW, Cleveland",(423) 476-8123,Mass,6:00 PM,,Mass,english,,vigil
"Sat, Feb 28, 2026",2026-02-28,Saturday,St. Therese of Lisieux,"900 Clingan Ridge Dr NW, Cleveland",(423) 476-8123,Mass,8:30 AM,,Mass,english,,
"Sat, Feb 28, 2026",2026-02-28,Saturday,St. Thomas Aquinas,"421 N Washington Ave, Cookeville",(931) 526-2575,Mass,4:00 PM,,Vigil Mass,english,,vigil
"Sat, Feb 28, 2026",2026-02-28,Saturday,St. Thomas Aquinas,"421 N Washington Ave, Cookeville",(931) 526-2575,Mass,6:00 PM,,Vigil Mass,spanish,,vigil
"Sat, Feb 28, 2026",2026-02-28,Saturday,St. Thomas the Apostle,"1580 St Thomas Way, Lenoir City",(865) 986-9885,Mass,5:00 PM,,Mass,english,Saint Thomas the Apostle,
"Sat, Feb 28, 2026",2026-02-28,Saturday,St. Thomas the Apostle,"1580 St Thomas Way, Lenoir City",(865) 986-9885,Mass,7:00 PM,,Mass,spanish,Saint Thomas the Apostle,
"Sat, Feb 28, 2026",2026-02-28,Saturday,St. Thomas the Apostle,"1580 St Thomas Way, Lenoir City",(865) 986-9885,Mass,9:00 AM,,Mass,english,Saint Thomas the Apostle,
"Sat, Feb 28, 2026",2026-02-28,Saturday,St. William,"4932 Easley St, Millington",(901) 872-4099,Mass,4:30 PM,,Vigil Mass,English,St. William Catholic Church,vigil
"Sat, Feb 28, 2026",2026-02-28,Saturday,St. William,"500 S Brittain St, Shelbyville",19316848745,Mass,4:30 PM,,Mass,english,,vigil
"Sat, Feb 28, 2026",2026-02-28,Saturday,St. William,"765 Andrews Rd, Murphy",(828) 837-2000,Mass,6:00 PM,,Mass,english,St. William Catholic Church,vigil
"Sat, Feb 28, 2026",2026-02-28,Saturday,St. William,"500 S Brittain St, Shelbyville",19316848745,Mass,7:00 PM,,Mass,spanish,,vigil
"Sat, Feb 28, 2026",2026-02-28,Saturday,St. William,"4932 Easley St, Millington",(901) 872-4099,Mass,8:30 AM,,Mass,English,St. William Catholic Church,
"Sat, Feb 28, 2026",2026-02-28,Saturday,Sts. Peter and Paul,"902 E 9th St, Hopkinsville",(270) 885-8522,Mass,5:00 PM,,Mass,english,,vigil
"Sat, Feb 28, 2026",2026-02-28,Saturday,The Cathedral of the Most Sacred Heart of Jesus,"711 S Northshore Dr, Knoxville",(865) 588-0249,Mass,5:00 PM,,Mass,English,,vigil
"Sat, Feb 28, 2026",2026-02-28,Saturday,The Cathedral of the Most Sacred Heart of Jesus,"711 S Northshore Dr, Knoxville",(865) 588-0249,Mass,8:05 AM,,Mass,English,,livestream
"Sat, Feb 28, 2026",2026-02-28,Saturday,All Saints,"620 N Cedar Bluff Rd, Knoxville",(865) 531-0770,Confession,9:30 AM,,Confessions,English,620 N Cedar Bluff Rd,Immediately following Mass
"Sat, Feb 28, 2026",2026-02-28,Saturday,All Saints,"620 N Cedar Bluff Rd, Knoxville",(865) 531-0770,Confession,9:30 AM,,Confessions,English,620 N Cedar Bluff Rd,Confessions; Immediately following the 9 AM Mass
"Sat, Feb 28, 2026",2026-02-28,Saturday,Ave Maria,"664 S Washington St (TN-209), Ripley",(731)589-8302,Confession,4:00 PM,4:30 PM,Confession,English,,by appointment
"Sat, Feb 28, 2026",2026-02-28,Saturday,Basilica of Sts. Peter and Paul,"214 E 8th St, Chattanooga",(423) 266-1618,Confession,5:00 PM,5:30 PM,Confession,English,Basilica,
"Sat, Feb 28, 2026",2026-02-28,Saturday,Blessed Sacrament,"2564 Hale Ave, Memphis",(901) 276-1412,Confession,3:30 PM,,Confession,bilingual,Blessed Sacrament Catholic Church,
"Sat, Feb 28, 2026",2026-02-28,Saturday,Cathedral of the Immaculate Conception,"1669 Central Ave, Memphis",(901) 725-2700,Confession,3:30 PM,4:30 PM,Confession,English,,
"Sat, Feb 28, 2026",2026-02-28,Saturday,Cathedral of the Incarnation,"2015 W End Ave, Nashville",(615) 327-2330,Confession,3:00 PM,4:30 PM,Confession,English,Cathedral,
"Sat, Feb 28, 2026",2026-02-28,Saturday,Christ the King,"3001 Belmont Blvd, Nashville",(615) 292-2884,Confession,3:15 PM,4:15 PM,Confessions,English,,note: except Holy Saturday
"Sat, Feb 28, 2026",2026-02-28,Saturday,Christ the King,"785 Church Rd W, Southaven",(662) 342-1073,Confession,3:15 PM,3:45 PM,Reconciliation,English,,
"Sat, Feb 28, 2026",2026-02-28,Saturday,Christ the King,"820 E Main St, Abingdon",(276) 628-2941,Confession,3:30 PM,4:30 PM,Reconciliation/Confession,English,Christ the King Parish,
"Sat, Feb 28, 2026",2026-02-28,Saturday,Christ the King Catholic Church,"785 Church Rd W, Southaven",+1-662-342-1073,Confession,3:30 PM,4:30 PM,Confession,English,Fletcher Hall Confessionals,
"Sat, Feb 28, 2026",2026-02-28,Saturday,Christ the Redeemer,"1515 Woodland Dr, Centerville",(931) 729-4669,Confession,7:30 AM,8:30 AM,Confession and Adoration,English,Christ the Redeemer,
"Sat, Feb 28, 2026",2026-02-28,Saturday,Good Samaritan,"55 Church St, Ellijay",(706) 636-2772,Confession,3:30 PM,4:45 PM,Confessions,English,,Appointments available
"Sat, Feb 28, 2026",2026-02-28,Saturday,Good Shepherd,"2021 Decherd Blvd, Decherd",(931) 967-0961,Confession,4:00 PM,,Sacrament of Reconciliation,English,Good Shepherd Church,or by appointment
"Sat, Feb 28, 2026",2026-02-28,Saturday,Holy Angels,"535 Tucker St, Dyersburg",(731) 287-8000,Confession,4:00 PM,4:30 PM,Confession,English,,by appointment
"Sat, Feb 28, 2026",2026-02-28,Saturday,Holy Cross,"144 Wears Valley Rd, Pigeon Forge",865-429-5587,Confession,3:00 PM,4:00 PM,Confession,English,,
"Sat, Feb 28, 2026",2026-02-28,Saturday,Holy Cross,"144 Wears Valley Rd, Pigeon Forge",865-429-5587,Confession,6:30 PM,6:55 PM,Confession,English,,
"Sat, Feb 28, 2026",2026-02-28,Saturday,Holy Family,"9100 Crockett Rd, Brentwood",(615) 373-4696,Confession,3:30 PM,4:30 PM,Reconciliation,English,,
"Sat, Feb 28, 2026",2026-02-28,Saturday,Holy Family,"201 Black Oak Ridge Rd, Seymour",(865) 573-1203,Confession,4:30 PM,5:00 PM,Confessions,English,,
"Sat, Feb 28, 2026",2026-02-28,Saturday,Holy Family,"431 Old Hwy 52, Lafayette",(615) 666-6466,Confession,9:00 AM,11:00 AM,Confession,English,"Holy Family catholic church, Lafayette, TN",
"Sat, Feb 28, 2026",2026-02-28,Saturday,Holy Family Catholic Church,"201 Black Oak Ridge Rd, Seymour",+1-865-573-1203,Confession,4:30 PM,5:00 PM,Confession,English,,
"Sat, Feb 28, 2026",2026-02-28,Saturday,Holy Ghost,"1041 N Central St, Knoxville",(865) 522-2205,Confession,8:30 AM,,Confession,English,,note: following the 08:00am Mass
"Sat, Feb 28, 2026",2026-02-28,Saturday,Holy Name,"521 Woodland St, Nashville",(615) 254-8847,Confession,4:15 PM,4:45 PM,Confession,English,Church of the Most Holy Name,note: Appointments available. Please call Holy Name at 615-254-8847
"Sat, Feb 28, 2026",2026-02-28,Saturday,Holy Rosary,"4851 Park Ave, Memphis",(901) 767-6949,Confession,3:00 PM,4:00 PM,Confession,English,Cry Room of the Church,
"Sat, Feb 28, 2026",2026-02-28,Saturday,Holy Rosary,"192 Graylynn Dr, Nashville",(615) 889-4065,Confession,4:00 PM,,Confessions,English,,
"Sat, Feb 28, 2026",2026-02-28,Saturday,Holy Rosary,"192 Graylynn Dr, Nashville",(615) 889-4065,Confession,7:00 AM,,Confessions,English,,
"Sat, Feb 28, 2026",2026-02-28,Saturday,Holy Spirit,"10768 Dayton Pike, Soddy Daisy",(423) 332-5300,Confession,4:45 PM,5:15 PM,Confession,English,Church,note: Or call the front office if you need to schedule a different day or time.
"Sat, Feb 28, 2026",2026-02-28,Saturday,Holy Spirit,"545 E Commerce St, Hernando",(662) 429-7851,Confession,5:30 PM,5:45 PM,Confession,English,,by appointment
"Sat, Feb 28, 2026",2026-02-28,Saturday,Holy Spirit Catholic Church,"10768 Dayton Pike, Soddy-Daisy",+1-423-332-5300,Confession,4:45 PM,5:15 PM,Confession,English,Church,
"Sat, Feb 28, 2026",2026-02-28,Saturday,Immaculate Conception,"709 Franklin St, Clarksville",(931) 645-6275,Confession,3:15 PM,4:15 PM,Confession,English,Main Church,
"Sat, Feb 28, 2026",2026-02-28,Saturday,Immaculate Conception,"1303 E Reelfoot Ave, Union City",(731) 885-0963,Confession,3:15 PM,3:45 PM,Confession,English,Immaculate Conception Catholic Church,by appointment
"Sat, Feb 28, 2026",2026-02-28,Saturday,Immaculate Conception,"414 W Vine Ave, Knoxville",(865) 522-1508,Confession,4:00 PM,4:30 PM,Confession,english,Immaculate Conception,
"Sat, Feb 28, 2026",2026-02-28,Saturday,Immaculate Conception,"414 W Vine Ave, Knoxville",(865) 522-1508,Confession,4:00 PM,5:00 PM,Confession,english,Immaculate Conception,
"Sat, Feb 28, 2026",2026-02-28,Saturday,Immaculate Conception,"709 Franklin St, Clarksville",(931) 645-6275,Confession,9:45 AM,10:45 AM,Confession,English,Main Church,
"Sat, Feb 28, 2026",2026-02-28,Saturday,Incarnation,"360 Bray Station Rd, Collierville",(901) 853-7468 ,Confession,3:30 PM,4:45 PM,Confessions,English,Main Sanctuary,note: or by appointment through the church office
"Sat, Feb 28, 2026",2026-02-28,Saturday,Mission of Our Lady of the Lake,"10645 Hwy 57, Counce",(731) 925-4852,Confession,5:15 PM,5:25 PM,Confessions,English,Our Lady of the Lake,
"Sat, Feb 28, 2026",2026-02-28,Saturday,National Shrine of St. Martin de Porres,"190 Adams Ave, Memphis",(901) 527-8282,Confession,4:00 PM,4:45 PM,Confession,English,Church Sanctuary in the confessional,
"Sat, Feb 28, 2026",2026-02-28,Saturday,Nativity,"5955 St Elmo Rd, Bartlett",(901) 382-2504,Confession,3:30 PM,4:30 PM,Confession,English,,
"Sat, Feb 28, 2026",2026-02-28,Saturday,Nativity,"2793 Buckner Ln, Spring Hill",(615) 794-4004,Confession,3:30 PM,,Confessions,English,,
"Sat, Feb 28, 2026",2026-02-28,Saturday,Notre Dame,"212 Mount Bethel Rd, Greeneville",(423) 639-9381,Confession,4:00 PM,4:30 PM,Reconciliation,English,Notre Dame Catholic Church,or by appointment
"Sat, Feb 28, 2026",2026-02-28,Saturday,Notre Dame Catholic Church,"212 Mt Bethel Rd, Greeneville",+1-423-639-9381,Confession,4:00 PM,4:30 PM,Confession,English,Notre Dame,note: or by appointment
"Sat, Feb 28, 2026",2026-02-28,Saturday,Our Lady of Fatima,"858 Louisville Rd, Alcoa",(865) 982-3672,Confession,4:00 PM,,Confession,spanish,,
"Sat, Feb 28, 2026",2026-02-28,Saturday,Our Lady of Fatima,"858 Louisville Rd, Alcoa",(865) 982-3672,Confession,6:30 PM,,Confession,spanish,,
"Sat, Feb 28, 2026",2026-02-28,Saturday,Our Lady of Guadalupe,"3112 Nolensville Rd, Nashville",615-333-8660,Confession,5:00 PM,7:00 PM,Confession,English,,
"Sat, Feb 28, 2026",2026-02-28,Saturday,Our Lady of Lourdes,"704 Holly Ave, South Pittsburg",(423) 837-7068,Confession,5:00 PM,,Reconciliation,English,,or by appointment; confession
"Sat, Feb 28, 2026",2026-02-28,Saturday,Our Lady of Perpetual Help,"501 S Moore Rd, Chattanooga",(423) 622-7232,Confession,9:00 AM,10:00 AM,Confession,English,,
"Sat, Feb 28, 2026",2026-02-28,Saturday,Our Lady of Perpetual Help,"501 S Moore Rd, Chattanooga",+1-423-622-7232,Confession,9:00 AM,,Confession,English,,
"Sat, Feb 28, 2026",2026-02-28,Saturday,Our Lady of Sorrows,"3700 Thomas St, Memphis",(901) 353-1530,Confession,3:00 PM,3:30 PM,Confession,English,,
"Sat, Feb 28, 2026",2026-02-28,Saturday,Our Lady of the Lake,"1729 Stop 30 Rd, Hendersonville",(615) 824-3276,Confession,3:30 PM,,Reconciliation,English,,
"Sat, Feb 28, 2026",2026-02-28,Saturday,Our Lady of the Lake,"1729 Stop 30 Rd, Hendersonville",(615) 824-3276,Confession,7:30 AM,,Reconciliation,English,,
"Sat, Feb 28, 2026",2026-02-28,Saturday,Our Lady of the Mount,"1227 Scenic Hwy, Lookout Mountain",(706) 820-0680,Confession,4:00 PM,4:45 PM,Confession,English,,
"Sat, Feb 28, 2026",2026-02-28,Saturday,Our Lady of the Shoals,"200 E Commons St N, Tuscumbia",(256) 383-7207,Confession,4:00 PM,5:00 PM,Confession,English,back left of the church sanctuary,
"Sat, Feb 28, 2026",2026-02-28,Saturday,Queen of Peace,"8455 Germantown Rd, Olive Branch",(662) 895-5007,Confession,5:30 PM,5:45 PM,Confession,English,,
"Sat, Feb 28, 2026",2026-02-28,Saturday,Sacred Heart,"2887 E Main St, Humboldt",(731) 618- 6758,Confession,3:15 PM,3:45 PM,Sacrament of Reconciliation,English,Sacred Heart,
"Sat, Feb 28, 2026",2026-02-28,Saturday,Sacred Heart,"296 W 6th St, Russellville",(270) 726-6963,Confession,3:45 PM,4:45 PM,Sacrament of Reconciliation,English,Sacred Heart Catholic Church Russellville KY,
"Sat, Feb 28, 2026",2026-02-28,Saturday,Sacred Heart,"301 Church St, Loretto",(931) 853-4370,Confession,4:30 PM,5:20 PM,Confessions,English,Sacred Heart,
"Sat, Feb 28, 2026",2026-02-28,Saturday,Sacred Heart,"212 Berger St, Lawrenceburg",(931) 762-3183,Confession,5:00 PM,5:20 PM,Sacrament of Reconciliation,English,,
"Sat, Feb 28, 2026",2026-02-28,Saturday,Sacred Heart,"212 Berger St, Lawrenceburg",(931) 762-3183,Confession,9:30 AM,,Sacrament of Reconciliation,English,,
"Sat, Feb 28, 2026",2026-02-28,Saturday,Sagrado Corazón,"2800 McGavock Pike, Nashville",(615) 391-3714,Confession,6:30 PM,,Confessions,English,Sagrado Corazón De Jesús,
"Sat, Feb 28, 2026",2026-02-28,Saturday,St Albert the Great Catholic Church,"7200 Brickey Ln, Knoxville",+1-865-689-7011,Confession,4:00 PM,4:30 PM,Confession,English,,
"Sat, Feb 28, 2026",2026-02-28,Saturday,St Alphonsus Catholic Church,"151 St Alphonsus Way, Crossville",+1-931-484-2358,Confession,4:00 PM,4:45 PM,Confession,English,,
"Sat, Feb 28, 2026",2026-02-28,Saturday,St Elizabeth's Roman Catholic Church,"510 W C St, Elizabethton",+1-423-543-3412,Confession,4:15 PM,4:45 PM,Reconciliation,English,,by appointment
"Sat, Feb 28, 2026",2026-02-28,Saturday,St Elizabeth's Roman Catholic Church,"510 W C St, Elizabethton",+1-423-543-3412,Confession,6:30 PM,6:50 PM,Reconciliation,English,,by appointment
"Sat, Feb 28, 2026",2026-02-28,Saturday,St Francis of Assisi Church,"1489 Donelson Pkwy, Dover",(931) 232-9422,Confession,4:45 PM,5:15 PM,Confession,English,"Saint Francis of Assisi Church, Dover, TN",or by appointment
"Sat, Feb 28, 2026",2026-02-28,Saturday,St Therese-Little Flower,"1644 Jackson Ave, Memphis",(901) 276-1412,Confession,3:30 PM,3:45 PM,Confession,spanish,"Blessed Sacrament, 2564 Hale Ave, Memphis, TN",
"Sat, Feb 28, 2026",2026-02-28,Saturday,St Therese-Little Flower,"1644 Jackson Ave, Memphis",(901) 276-1412,Confession,7:30 AM,8:00 AM,Confession,spanish,"Blessed Sacrament, 2564 Hale Ave, Memphis, TN",
"Sat, Feb 28, 2026",2026-02-28,Saturday,St. Albert the Great,"7200 Brickey Ln, Knoxville",(865) 689-7011,Confession,4:00 PM,4:30 PM,Confession,English,,
"Sat, Feb 28, 2026",2026-02-28,Saturday,St. Alphonsus,"1225 Hwy 51 S, Covington",(901) 476-8140,Confession,3:30 PM,4:15 PM,Confession,English,St. Alphonsus,
"Sat, Feb 28, 2026",2026-02-28,Saturday,St. Alphonsus,"151 St Alphonsus Way, Crossville",(931) 484-2358,Confession,4:00 PM,4:45 PM,Confession,English,Saint Alphonsus Catholic Church,
"Sat, Feb 28, 2026",2026-02-28,Saturday,St. Andrew,"829 Valley View Dr, Sparta",(931) 738-2140,Confession,3:30 PM,4:00 PM,Confessions,English,,St. Andrew Catholic Church; Sparta; TN
"Sat, Feb 28, 2026",2026-02-28,Saturday,St. Ann,"5101 Charlotte Ave, Nashville",(615) 298-1782,Confession,4:00 PM,4:45 PM,Confession,English,Confessional room,
"Sat, Feb 28, 2026",2026-02-28,Saturday,St. Ann,"5101 Charlotte Ave, Nashville",(615) 298-1782,Confession,7:00 AM,7:40 AM,Confession,English,Confessional room,
"Sat, Feb 28, 2026",2026-02-28,Saturday,St. Anne,"706 S Highland St, Memphis",(901) 323-3817,Confession,3:15 PM,3:45 PM,Confession,English,,
"Sat, Feb 28, 2026",2026-02-28,Saturday,St. Anne,"316 Euclid Ave, Bristol",(276) 669-8200,Confession,4:00 PM,5:15 PM,Confession,English,,
"Sat, Feb 28, 2026",2026-02-28,Saturday,St. Anne,"316 Euclid Ave, Bristol",(276) 669-8200,Confession,8:45 AM,9:15 AM,Confession,English,,note: during Adoration
"Sat, Feb 28, 2026",2026-02-28,Saturday,St. Augustine,"1716 Anderson Pike, Signal Mountain",(423) 886-3424,Confession,4:45 PM,5:15 PM,Sacrament of Reconciliation,English,,Or By Appointment
"Sat, Feb 28, 2026",2026-02-28,Saturday,St. Catherine,"3019 Cayce Ln, Columbia",(931) 388-3803,Confession,7:15 AM,7:45 AM,Confession,English,Saint Catherine of Siena Catholic Church,
"Sat, Feb 28, 2026",2026-02-28,Saturday,St. Catherine Laboure,"115 Main St, Copperhill",(423) 496-3498,Confession,3:45 PM,4:15 PM,Confessions,English,,
"Sat, Feb 28, 2026",2026-02-28,Saturday,St. Christopher,"713 W College St, Dickson",(615) 446-3927,Confession,4:00 PM,4:45 PM,Confession,English,St. Christopher Catholic Church,
"Sat, Feb 28, 2026",2026-02-28,Saturday,St. Dominic,"2517 John B Dennis Hwy, Kingsport",(423) 288-8101,Confession,4:00 PM,5:00 PM,Confession,English,,check bulletin
"Sat, Feb 28, 2026",2026-02-28,Saturday,St. Edward,"188 Thompson Ln, Nashville",(615)-833-5520,Confession,4:00 PM,4:40 PM,Confession,English,,
"Sat, Feb 28, 2026",2026-02-28,Saturday,St. Edward,"188 Thompson Ln, Nashville",(615)-833-5520,Confession,7:00 AM,7:45 AM,Adoration & Confession,English,,
"Sat, Feb 28, 2026",2026-02-28,Saturday,St. Edward,"188 Thompson Ln, Nashville",(615)-833-5520,Confession,7:10 AM,7:45 AM,Confession,English,,
"Sat, Feb 28, 2026",2026-02-28,Saturday,St. Elizabeth,"510 W C Street, Elizabethton",(423) 543-3412,Confession,4:15 PM,4:45 PM,Reconciliation,English,,
"Sat, Feb 28, 2026",2026-02-28,Saturday,St. Elizabeth,"510 W C Street, Elizabethton",(423) 543-3412,Confession,6:30 PM,6:50 PM,Reconciliation,English,,
"Sat, Feb 28, 2026",2026-02-28,Saturday,St. Elizabeth of the Hill Country,"259 Pilgrims Way, Boone",(828) 264-8338,Confession,3:00 PM,4:00 PM,Confession,English,St. Elizabeth,
"Sat, Feb 28, 2026",2026-02-28,Saturday,St. Frances Cabrini,"300 S Tarver Ave, Lebanon",(615) 444-0524,Confession,4:00 PM,5:00 PM,Confession,English,,
"Sat, Feb 28, 2026",2026-02-28,Saturday,St. Francis of Assisi,"8151 Chimneyrock Blvd, Cordova",(901) 756-1213,Confession,2:45 PM,3:45 PM,Confessions,English,church narthex,note: or by appointment
"Sat, Feb 28, 2026",2026-02-28,Saturday,St. Francis of Assisi,"7719 River Rd, Townsend",(865) 448-6070,Confession,3:00 PM,3:40 PM,Sacrament of Reconciliation,English,,offered before weekend Mass
"Sat, Feb 28, 2026",2026-02-28,Saturday,St. Francis of Assisi,"167 St Francis Pl, Jefferson",(336) 246-9151,Confession,3:45 PM,,Confessions,English,,
"Sat, Feb 28, 2026",2026-02-28,Saturday,St. Francis of Assisi,"167 St Francis Pl, Jefferson",(336) 246-9151,Confession,6:45 PM,,Confessions,English,,
"Sat, Feb 28, 2026",2026-02-28,Saturday,St. Gerard Majella,"3049 Lafayette Rd, Fort Oglethorpe",(706) 861-9410,Confession,3:45 PM,4:15 PM,Confession,English,Saint Gerard Majella Catholic Church,note: or by appointment or walkup
"Sat, Feb 28, 2026",2026-02-28,Saturday,St. Henry,"6401 Harding Pike, Nashville",(615) 352-2259,Confession,3:30 PM,4:45 PM,Confession,English,Chapel,tags: chapel
"Sat, Feb 28, 2026",2026-02-28,Saturday,St. Ignatius of Antioch,"601 Bell Rd, Nashville",615-367-0085,Confession,3:15 PM,4:15 PM,Confession,English,,or by appointment
"Sat, Feb 28, 2026",2026-02-28,Saturday,St. John Neumann,"633 Saint John Ct, Farragut",(865) 966-4540,Confession,3:00 PM,4:15 PM,Reconciliation,English,,
"Sat, Feb 28, 2026",2026-02-28,Saturday,St. John Neumann,"633 Saint John Ct, Farragut",(865) 966-4540,Confession,8:45 AM,10:00 AM,Reconciliation,English,,
"Sat, Feb 28, 2026",2026-02-28,Saturday,St. John Vianney,"449 N Water St, Gallatin",(615) 452-2977,Confession,5:00 PM,5:45 PM,Confession,English,,
"Sat, Feb 28, 2026",2026-02-28,Saturday,St. John Vianney,"449 N Water St, Gallatin",(615) 452-2977,Confession,8:45 AM,10:00 AM,Confession,English,,
"Sat, Feb 28, 2026",2026-02-28,Saturday,St. Joseph,"203 Plum St, Florence",(256) 764-3303,Confession,3:00 PM,4:30 PM,Reconciliation,English,,
"Sat, Feb 28, 2026",2026-02-28,Saturday,St. Joseph,"968 Haig Mill Lake Rd, Dalton",(706) 278-3107,Confession,4:30 PM,5:15 PM,Confession,English,,
"Sat, Feb 28, 2026",2026-02-28,Saturday,St. Joseph,"968 Haig Mill Lake Rd, Dalton",(706) 278-3107,Confession,6:30 PM,7:15 PM,Confession,English,,
"Sat, Feb 28, 2026",2026-02-28,Saturday,St. Joseph,"968 Haig Mill Lake Rd, Dalton",(706) 278-3107,Confession,9:30 AM,,Confession,English,,
"Sat, Feb 28, 2026",2026-02-28,Saturday,St. Joseph the Worker,"649 Old Tellico Hwy N, Madisonville",(423) 442-7273,Confession,3:00 PM,,Sacrament of Penance,English,St. Joseph the Worker Catholic Church,and by appointment
"Sat, Feb 28, 2026",2026-02-28,Saturday,St. Jude,"930 Ashland Ter, Chattanooga",(423) 870-2386,Confession,3:30 PM,,Confessions,English,,Or by appointment with either priest
"Sat, Feb 28, 2026",2026-02-28,Saturday,St. Jude Catholic Church,"930 Ashland Terrace, Chattanooga",+1-423-870-2386,Confession,3:30 PM,4:30 PM,Confession,English,,
"Sat, Feb 28, 2026",2026-02-28,Saturday,St. Julian,"118 E Chester Ave, Middlesboro",(606) 248-2068,Confession,5:15 PM,5:45 PM,Confession,English,,
"Sat, Feb 28, 2026",2026-02-28,Saturday,St. Katharine Drexel,"140 New England Rd, Wildwood",(706) 820-0680,Confession,4:00 PM,4:45 PM,Confession,English,,
"Sat, Feb 28, 2026",2026-02-28,Saturday,St. Lawrence,"5655 Clarksville Hwy, Joelton",(615) 876-2127,Confession,4:15 PM,4:45 PM,Confession,English,Saint Lawrence,
"Sat, Feb 28, 2026",2026-02-28,Saturday,St. Lawrence,"5655 Clarksville Hwy, Joelton",(615) 876-2127,Confession,8:15 AM,9:00 AM,Confession,English,Saint Lawrence,
"Sat, Feb 28, 2026",2026-02-28,Saturday,St. Louis,"203 S White Station Rd, Memphis",(901) 255-1950,Confession,3:20 PM,4:20 PM,Confession,English,,
"Sat, Feb 28, 2026",2026-02-28,Saturday,St. Mary,"2315 Pickwick St, Savannah",(731) 925-4852,Confession,3:15 PM,3:45 PM,Confession,English,St. Mary's,
"Sat, Feb 28, 2026",2026-02-28,Saturday,St. Mary,"1665 US-45 BYP, Jackson",(731) 668-2596,Confession,3:20 PM,3:50 PM,Confession,English,,
"Sat, Feb 28, 2026",2026-02-28,Saturday,St. Mary,"403 N Main St, Franklin",(270) 586-4515 or (270) 253-3230 (Rectory),Confession,3:30 PM,4:30 PM,Confession,English,,
"Sat, Feb 28, 2026",2026-02-28,Saturday,St. Mary,"155 Market St, Memphis",(901) 522-9420,Confession,3:45 PM,4:15 PM,Confession,English,,and by appointment
"Sat, Feb 28, 2026",2026-02-28,Saturday,St. Mary,"220 W Main St, Camden",(731) 584-6459,Confession,4:00 PM,4:30 PM,Confession,English,,
"Sat, Feb 28, 2026",2026-02-28,Saturday,St. Mary,"2211 E Lakeview Dr, Johnson City",(423) 282-6367,Confession,4:30 PM,,Confessions,English,,
"Sat, Feb 28, 2026",2026-02-28,Saturday,St. Mary,"304 Airport Rd, Gatlinburg",(865) 436-4907,Confession,5:15 PM,5:45 PM,Confession,English,St. Mary's Catholic Church,Confessions by appointment also
"Sat, Feb 28, 2026",2026-02-28,Saturday,St. Mary,"205 Eastport St E, Iuka",(662) 423-9358,Confession,6:00 PM,,Confession,English,St. Mary,After Mass; or by appointment.
"Sat, Feb 28, 2026",2026-02-28,Saturday,St. Mary,"327 Vermont Ave, Oak Ridge",(865) 482-2875,Confession,8:30 AM,,Confessions,english,,
"Sat, Feb 28, 2026",2026-02-28,Saturday,St. Mary,"2211 E Lakeview Dr, Johnson City",(423) 282-6367,Confession,9:00 AM,,Confessions,English,,
"Sat, Feb 28, 2026",2026-02-28,Saturday,St. Mary,"327 Vermont Ave, Oak Ridge",(865) 482-2875,Confession,TBD,,Confessions,English,,"before every Mass; note: implied by ""Weekdays Monday through Saturday at 8:00 am"""
"Sat, Feb 28, 2026",2026-02-28,Saturday,St. Mary of the Seven Sorrows,"328 Rep John Lewis Way N, Nashville",(615) 561-1704,Confession,4:15 PM,,Confession,English,,
"Sat, Feb 28, 2026",2026-02-28,Saturday,St. Matthew,"9060 Telecom Dr, Milan",(731) 784-3904,Confession,3:15 PM,3:45 PM,Sacrament of Reconciliation,English,Sacred Heart,
"Sat, Feb 28, 2026",2026-02-28,Saturday,St. Matthew,"535 Sneed Rd W, Franklin",(615) 646-0378,Confession,4:00 PM,4:45 PM,Confession,english,Chapel,
"Sat, Feb 28, 2026",2026-02-28,Saturday,St. Michael,"3863 Summer Ave, Memphis",(901) 323-0896,Confession,3:00 PM,3:45 PM,Confession,English,,
"Sat, Feb 28, 2026",2026-02-28,Saturday,St. Michael,"2751 County Rd 30, Florence",(256) 764-1885,Confession,4:30 PM,5:30 PM,Confession,English,St. Michael's Catholic Church,prior to 6pm Mass
"Sat, Feb 28, 2026",2026-02-28,Saturday,St. Michael the Archangel ,"657 N Mohawk Dr, Erwin",(423) 735-0484,Confession,4:20 PM,4:40 PM,Reconciliation,bilingual,Parish Center,
"Sat, Feb 28, 2026",2026-02-28,Saturday,St. Patrick,"2518 W Andrew Johnson Hwy, Morristown",(423) 586-9174,Confession,3:00 PM,3:45 PM,Reconciliation,English,,
"Sat, Feb 28, 2026",2026-02-28,Saturday,St. Patrick,"1219 Second Ave S, Nashville",(615) 256-6498,Confession,3:00 PM,3:45 PM,Confessions,English,,
"Sat, Feb 28, 2026",2026-02-28,Saturday,St. Patrick,"175 St Patrick St, McEwen",(931) 582-3633,Confession,4:00 PM,,Confession,English,,
"Sat, Feb 28, 2026",2026-02-28,Saturday,St. Patrick,"2518 W Andrew Johnson Hwy, Morristown",(423) 586-9174,Confession,4:00 PM,4:45 PM,Reconciliation,English,,during DST
"Sat, Feb 28, 2026",2026-02-28,Saturday,St. Patrick,"1219 Second Ave S, Nashville",(615) 256-6498,Confession,6:15 AM,6:50 AM,Confessions,English,,
"Sat, Feb 28, 2026",2026-02-28,Saturday,St. Paul the Apostle,"1425 E Shelby Dr, Memphis",(901) 346-2380,Confession,3:00 PM,3:30 PM,Confession,English,,
"Sat, Feb 28, 2026",2026-02-28,Saturday,St. Paul the Apostle,"1425 E Shelby Dr, Memphis",(901) 346-2380,Confession,8:15 AM,8:45 AM,Confession,English,,
"Sat, Feb 28, 2026",2026-02-28,Saturday,St. Philip,"113 Second Ave S, Franklin",(615) 794-8588,Confession,3:00 PM,4:45 PM,Confession,English,St. Philip Catholic Church,note: except the Saturday before Palm Sunday & Holy Saturday
"Sat, Feb 28, 2026",2026-02-28,Saturday,St. Pius X,"2800 Tucker Rd, Nashville",(615) 256-2729,Confession,4:30 PM,5:15 PM,Confessions,English,ST. PIUS X ACADEMY AND CHURCH,or by appointment as needed - call Father Hung at 615-249-8028
"Sat, Feb 28, 2026",2026-02-28,Saturday,St. Rose of Lima Catholic Church,"1601 N Tennessee Blvd, Murfreesboro",(615) 893-1843,Confession,5:30 PM,,Confession,English,,
"Sat, Feb 28, 2026",2026-02-28,Saturday,St. Rose of Lima Catholic Church,"1601 N Tennessee Blvd, Murfreesboro",(615) 893-1843,Confession,8:45 AM,,Confession,English,,
"Sat, Feb 28, 2026",2026-02-28,Saturday,St. Stephen,"14544 Lebanon Rd, Old Hickory",(615) 758-2424,Confession,3:45 PM,4:45 PM,Confession,English,Saint Stephen Catholic Community,note: before 5pm mass
"Sat, Feb 28, 2026",2026-02-28,Saturday,St. Stephen,"7111 Lee Hwy, Chattanooga",(423) 892-1261,Confession,4:00 PM,4:50 PM,Confession,bilingual,St. Stephen Catholic Church,
"Sat, Feb 28, 2026",2026-02-28,Saturday,St. Therese,"701 S Charles G Seivers Blvd, Clinton",(865) 457-4073,Confession,4:00 PM,,Sacrament of Reconciliation,English,,evenings; before 17:00 Vigil Mass
"Sat, Feb 28, 2026",2026-02-28,Saturday,St. Therese of Lisieux,"900 Clingan Ridge Dr NW, Cleveland",(423) 476-8123,Confession,4:45 PM,5:45 PM,Confession,English,,note: or by request
"Sat, Feb 28, 2026",2026-02-28,Saturday,St. Thomas Aquinas,"421 N Washington Ave, Cookeville",(931) 526-2575,Confession,3:00 PM,3:50 PM,Confession,English,,
"Sat, Feb 28, 2026",2026-02-28,Saturday,St. Thomas the Apostle,"1580 St Thomas Way, Lenoir City",(865) 986-9885,Confession,9:45 AM,10:30 AM,Confessions,English,Saint Thomas the Apostle,note: or by appointment
"Sat, Feb 28, 2026",2026-02-28,Saturday,St. Thomas the Apostle (Ukrainian),"2304 Ault Rd, Knoxville",865-367-6093,Confession,4:00 PM,,Confession,English,Church,note: also by appointment
"Sat, Feb 28, 2026",2026-02-28,Saturday,St. William,"4932 Easley St, Millington",(901) 872-4099,Confession,3:00 PM,4:00 PM,Reconciliation,English,St. William Catholic Church,or by appointment
"Sat, Feb 28, 2026",2026-02-28,Saturday,St. William,"500 S Brittain St, Shelbyville",19316848745,Confession,5:45 PM,6:45 PM,Confession,English,,
"Sat, Feb 28, 2026",2026-02-28,Saturday,Sts. Peter and Paul,"902 E 9th St, Hopkinsville",(270) 885-8522,Confession,3:00 PM,4:30 PM,Reconciliation,English,,
"Sat, Feb 28, 2026",2026-02-28,Saturday,The Cathedral of the Most Sacred Heart of Jesus,"711 S Northshore Dr, Knoxville",(865) 588-0249,Confession,8:45 AM,9:45 AM,Confession,English,,
"Sat, Feb 28, 2026",2026-02-28,Saturday,Good Samaritan,"55 Church St, Ellijay",(706) 636-2772,Adoration,8:00 PM,9:30 PM,Adoration of the Blessed Sacrament,spanish,,recurring; exposition
"Sat, Feb 28, 2026",2026-02-28,Saturday,Holy Family,"431 Old Hwy 52, Lafayette",(615) 666-6466,Adoration,9:30 AM,10:30 AM,Adoration,English,"Holy Family catholic church, Lafayette, TN",exposition
"Sat, Feb 28, 2026",2026-02-28,Saturday,Korean Martyrs,"2319 Lebanon Pike, Nashville",6155256661,Adoration,8:00 AM,,Adoration,English,,Family Holy Hour 07:00-20:00
"Sat, Feb 28, 2026",2026-02-28,Saturday,St. Andrew,"829 Valley View Dr, Sparta",(931) 738-2140,Adoration,3:00 PM,4:00 PM,Adoration,English,,St. Andrew Catholic Church; Sparta; TN
"Sat, Feb 28, 2026",2026-02-28,Saturday,St. Anne,"316 Euclid Ave, Bristol",(276) 669-8200,Adoration,8:30 AM,9:30 AM,Adoration,English,Chapel,exposition
"Sat, Feb 28, 2026",2026-02-28,Saturday,St. Augustine,"1716 Anderson Pike, Signal Mountain",(423) 886-3424,Adoration,7:00 AM,8:00 AM,Adoration,English,,
"Sat, Feb 28, 2026",2026-02-28,Saturday,St. Catherine,"3019 Cayce Ln, Columbia",(931) 388-3803,Adoration,7:00 AM,,Adoration,English,Saint Catherine of Siena Catholic Church,exposition
"Sat, Feb 28, 2026",2026-02-28,Saturday,St. Frances Cabrini,"300 S Tarver Ave, Lebanon",(615) 444-0524,Adoration,4:00 PM,5:00 PM,Adoration,English,,exposition
"Sat, Feb 28, 2026",2026-02-28,Saturday,St. Ignatius of Antioch,"601 Bell Rd, Nashville",615-367-0085,Adoration,7:00 AM,7:45 AM,Eucharist Adoration,English,,
"Sat, Feb 28, 2026",2026-02-28,Saturday,St. John Vianney,"449 N Water St, Gallatin",(615) 452-2977,Adoration,9:00 AM,4:00 PM,Adoration,English,,
"Sat, Feb 28, 2026",2026-02-28,Saturday,St. Louis,"203 S White Station Rd, Memphis",(901) 255-1950,Adoration,6:00 AM,10:00 PM,Adoration,English,,
"Sat, Feb 28, 2026",2026-02-28,Saturday,All Saints,"620 N Cedar Bluff Rd, Knoxville",(865) 531-0770,Devotions,4:30 PM,5:00 PM,Rosary,English,Church,
"Sat, Feb 28, 2026",2026-02-28,Saturday,Chapel of St. Cecilia,"801 Dominican Dr, Nashville",16152565486,Devotions,5:30 PM,6:00 PM,Vespers,English,,
"Sat, Feb 28, 2026",2026-02-28,Saturday,Chapel of St. Cecilia,"801 Dominican Dr, Nashville",16152565486,Devotions,6:00 PM,6:30 PM,Rosary,English,,
"Sat, Feb 28, 2026",2026-02-28,Saturday,Holy Family,"9100 Crockett Rd, Brentwood",(615) 373-4696,Devotions,4:30 PM,,Rosary,English,Main Sanctuary,
"Sat, Feb 28, 2026",2026-02-28,Saturday,Holy Spirit,"2300 Hickory Crest Dr, Memphis",(901) 754-7146,Devotions,TBD,,Rosary,English,Chapel,after
"Sat, Feb 28, 2026",2026-02-28,Saturday,Our Lady of Sorrows,"3700 Thomas St, Memphis",(901) 353-1530,Devotions,3:00 PM,,Chaplet of Divine Mercy,English,,
"Sat, Feb 28, 2026",2026-02-28,Saturday,Our Lady of Sorrows,"3700 Thomas St, Memphis",(901) 353-1530,Devotions,3:30 PM,,Rosary,English,,
"Sat, Feb 28, 2026",2026-02-28,Saturday,St. Frances Cabrini,"300 S Tarver Ave, Lebanon",(615) 444-0524,Devotions,5:00 PM,,Rosary,English,,
"Sat, Feb 28, 2026",2026-02-28,Saturday,St. Martha,"3331 Bell St, Ashland City",615-792-4255,Devotions,8:30 AM,,Lauds,english,,
"Sat, Feb 28, 2026",2026-02-28,Saturday,St. Mary,"220 W Main St, Camden",(731) 584-6459,Devotions,4:30 PM,,Rosary,English,,
"Sat, Feb 28, 2026",2026-02-28,Saturday,St. Rose of Lima Catholic Church,"1601 N Tennessee Blvd, Murfreesboro",(615) 893-1843,Devotions,4:00 PM,,Rosary,English,,
"Sat, Feb 28, 2026",2026-02-28,Saturday,St. Rose of Lima Catholic Church,"1601 N Tennessee Blvd, Murfreesboro",(615) 893-1843,Devotions,6:00 PM,,Rosary,English,,
"Sat, Feb 28, 2026",2026-02-28,Saturday,St. Rose of Lima Catholic Church,"1601 N Tennessee Blvd, Murfreesboro",(615) 893-1843,Devotions,7:30 AM,,Rosary,English,,
"Sat, Feb 28, 2026",2026-02-28,Saturday,St. Therese of Lisieux,"900 Clingan Ridge Dr NW, Cleveland",(423) 476-8123,Devotions,9:00 AM,,Rosary,English,Adoration Chapel,note: following 08:30 Mass
"Sat, Feb 28, 2026",2026-02-28,Saturday,St. Thomas the Apostle (Ukrainian),"2304 Ault Rd, Knoxville",865-367-6093,Devotions,5:00 PM,,Great Vespers,English,Church,vigil
"Sat, Feb 28, 2026",2026-02-28,Saturday,Resurrection,"5475 Newberry Ave, Memphis",(901) 794-8970,Other,3:15 PM,3:45 PM,Penance,bilingual,,
"Sat, Feb 28, 2026",2026-02-28,Saturday,Vietnamese Parish of Divine Mercy,"10919 Carmichael Rd, Knoxville",(865) 766-2091,Other,7:30 PM,,Lễ,English,,
"Sat, Feb 28, 2026",2026-02-28,Saturday,Vietnamese Parish of Divine Mercy,"10919 Carmichael Rd, Knoxville",(865) 766-2091,Other,8:00 AM,,Lễ,English,,
"Sat, Feb 28, 2026",2026-02-28,Saturday,Our Lady of the Shoals,"200 E Commons St N, Tuscumbia",(256) 383-7207,Sacraments,TBD,,Baptisms,English,,note: call to make an appointment
"Sun, Mar 01, 2026",2026-03-01,Sunday,All Saints,"620 N Cedar Bluff Rd, Knoxville",(865) 531-0770,Mass,10:00 AM,,Mass,english,620 N Cedar Bluff Rd,
"Sun, Mar 01, 2026",2026-03-01,Sunday,All Saints,"620 N Cedar Bluff Rd, Knoxville",(865) 531-0770,Mass,11:30 AM,,Mass,english,620 N Cedar Bluff Rd,
"Sun, Mar 01, 2026",2026-03-01,Sunday,All Saints,"620 N Cedar Bluff Rd, Knoxville",(865) 531-0770,Mass,8:00 AM,,Mass,english,620 N Cedar Bluff Rd,
"Sun, Mar 01, 2026",2026-03-01,Sunday,Ascension,"3680 Ramill Rd, Memphis",(901) 372-1364,Mass,1:00 PM,,Mass,spanish,,
"Sun, Mar 01, 2026",2026-03-01,Sunday,Ascension,"3680 Ramill Rd, Memphis",(901) 372-1364,Mass,9:30 AM,,Mass,english,,
"Sun, Mar 01, 2026",2026-03-01,Sunday,Assumption,"1227 7th Ave N, Nashville",(615) 256-2729,Mass,10:00 AM,,High Mass,latin,,
"Sun, Mar 01, 2026",2026-03-01,Sunday,Assumption,"1227 7th Ave N, Nashville",(615) 256-2729,Mass,3:30 PM,,Syro-Malabar Mass,English,,
"Sun, Mar 01, 2026",2026-03-01,Sunday,Assumption,"1227 7th Ave N, Nashville",(615) 256-2729,Mass,7:00 AM,,Low Mass,latin,,
"Sun, Mar 01, 2026",2026-03-01,Sunday,Assumption,"1227 7th Ave N, Nashville",(615) 256-2729,Mass,8:30 AM,,Low Mass,english,,
"Sun, Mar 01, 2026",2026-03-01,Sunday,Ave Maria,"664 S Washington St (TN-209), Ripley",(731)589-8302,Mass,11:30 AM,,Mass,spanish,,
"Sun, Mar 01, 2026",2026-03-01,Sunday,Ave Maria,"664 S Washington St (TN-209), Ripley",(731)589-8302,Mass,9:00 AM,,Mass,english,,
"Sun, Mar 01, 2026",2026-03-01,Sunday,Basilica of Sts. Peter and Paul,"214 E 8th St, Chattanooga",(423) 266-1618,Mass,11:30 AM,,Mass,latin,Basilica,
"Sun, Mar 01, 2026",2026-03-01,Sunday,Basilica of Sts. Peter and Paul,"214 E 8th St, Chattanooga",(423) 266-1618,Mass,1:30 PM,,Mass,spanish,Basilica,
"Sun, Mar 01, 2026",2026-03-01,Sunday,Basilica of Sts. Peter and Paul,"214 E 8th St, Chattanooga",(423) 266-1618,Mass,7:00 AM,,Mass,spanish,Basilica,
"Sun, Mar 01, 2026",2026-03-01,Sunday,Basilica of Sts. Peter and Paul,"214 E 8th St, Chattanooga",(423) 266-1618,Mass,9:00 AM,,Mass,english,Basilica,
"Sun, Mar 01, 2026",2026-03-01,Sunday,Blessed Martyr Bishops (Byzantine Catholic Church),"2319 Lebanon Pike, Nashville",(805) 765-0761,Mass,8:30 AM,,Divine Liturgy,English,Catholic Church of the Korean Martyrs,
"Sun, Mar 01, 2026",2026-03-01,Sunday,Blessed Sacrament,"2564 Hale Ave, Memphis",(901) 276-1412,Mass,10:45 AM,,Mass,english,Blessed Sacrament Catholic Church,livestream
"Sun, Mar 01, 2026",2026-03-01,Sunday,Blessed Sacrament,"2564 Hale Ave, Memphis",(901) 276-1412,Mass,1:45 PM,,Mass,spanish,Blessed Sacrament Catholic Church,
"Sun, Mar 01, 2026",2026-03-01,Sunday,Blessed Sacrament,"2564 Hale Ave, Memphis",(901) 276-1412,Mass,8:15 AM,,Mass,English,Blessed Sacrament Catholic Church,livestream
"Sun, Mar 01, 2026",2026-03-01,Sunday,Cathedral of the Immaculate Conception,"1669 Central Ave, Memphis",(901) 725-2700,Mass,10:00 AM,,Mass,English,,
"Sun, Mar 01, 2026",2026-03-01,Sunday,Cathedral of the Immaculate Conception,"1669 Central Ave, Memphis",(901) 725-2700,Mass,12:00 PM,,Mass,English,,
"Sun, Mar 01, 2026",2026-03-01,Sunday,Cathedral of the Immaculate Conception,"1669 Central Ave, Memphis",(901) 725-2700,Mass,8:00 AM,,Mass,English,,
"Sun, Mar 01, 2026",2026-03-01,Sunday,Cathedral of the Incarnation,"2015 W End Ave, Nashville",(615) 327-2330,Mass,11:00 AM,,Mass,English,Cathedral,
"Sun, Mar 01, 2026",2026-03-01,Sunday,Cathedral of the Incarnation,"2015 W End Ave, Nashville",(615) 327-2330,Mass,5:00 PM,,Mass,English,Cathedral,
"Sun, Mar 01, 2026",2026-03-01,Sunday,Cathedral of the Incarnation,"2015 W End Ave, Nashville",(615) 327-2330,Mass,8:30 AM,,Mass,English,Cathedral,
"Sun, Mar 01, 2026",2026-03-01,Sunday,Catholic Church of the Nativity,"2793 Buckner Ln, Thompson's Station",+1-615-794-4004,Mass,11:00 AM,,Mass,English,,
"Sun, Mar 01, 2026",2026-03-01,Sunday,Catholic Church of the Nativity,"2793 Buckner Ln, Thompson's Station",+1-615-794-4004,Mass,1:00 PM,,Mass,spanish,,
"Sun, Mar 01, 2026",2026-03-01,Sunday,Catholic Church of the Nativity,"2793 Buckner Ln, Thompson's Station",+1-615-794-4004,Mass,5:00 PM,,Mass,English,,
"Sun, Mar 01, 2026",2026-03-01,Sunday,Catholic Church of the Nativity,"2793 Buckner Ln, Thompson's Station",+1-615-794-4004,Mass,7:00 AM,,Mass,English,,
"Sun, Mar 01, 2026",2026-03-01,Sunday,Catholic Church of the Nativity,"2793 Buckner Ln, Thompson's Station",+1-615-794-4004,Mass,8:30 AM,,Mass,English,,
"Sun, Mar 01, 2026",2026-03-01,Sunday,Chapel of St. Cecilia,"801 Dominican Dr, Nashville",16152565486,Mass,7:45 AM,8:45 AM,Holy Mass,English,Chapel,
"Sun, Mar 01, 2026",2026-03-01,Sunday,Chapel of St. Cecilia,"801 Dominican Dr, Nashville",16152565486,Mass,7:45 AM,,Holy Mass,English,,
"Sun, Mar 01, 2026",2026-03-01,Sunday,Christ the King,"1000 Celina Rd, Tompkinsville",12704320686,Mass,10:00 AM,,Mass,English,,
"Sun, Mar 01, 2026",2026-03-01,Sunday,Christ the King,"1000 Celina Rd, Tompkinsville",12704320686,Mass,10:30 AM,,Mass,English,,
"Sun, Mar 01, 2026",2026-03-01,Sunday,Christ the King,"3001 Belmont Blvd, Nashville",(615) 292-2884,Mass,11:00 AM,,Mass,english,,
"Sun, Mar 01, 2026",2026-03-01,Sunday,Christ the King,"298 Bluegrass Dr, Scottsville",(270) 237-4404 or (270) 586-4515,Mass,11:00 AM,,Mass,English,,Every Sunday
"Sun, Mar 01, 2026",2026-03-01,Sunday,Christ the King,"785 Church Rd W, Southaven",(662) 342-1073,Mass,11:00 AM,,Mass,english,,
"Sun, Mar 01, 2026",2026-03-01,Sunday,Christ the King,"1000 Celina Rd, Tompkinsville",12704320686,Mass,11:00 AM,,Mass,English,,
"Sun, Mar 01, 2026",2026-03-01,Sunday,Christ the King,"1000 Celina Rd, Tompkinsville",12704320686,Mass,11:30 AM,,Mass,English,,
"Sun, Mar 01, 2026",2026-03-01,Sunday,Christ the King,"816 Blue Top Rd, Tazewell",(423) 562-0312,Mass,12:00 PM,,Mass,English,Christ the King Church,
"Sun, Mar 01, 2026",2026-03-01,Sunday,Christ the King,"785 Church Rd W, Southaven",(662) 342-1073,Mass,12:30 PM,,Misa,spanish,,
"Sun, Mar 01, 2026",2026-03-01,Sunday,Christ the King,"1000 Celina Rd, Tompkinsville",12704320686,Mass,12:30 PM,,Mass,English,,
"Sun, Mar 01, 2026",2026-03-01,Sunday,Christ the King,"1000 Celina Rd, Tompkinsville",12704320686,Mass,2:00 PM,,Mass,English,,
"Sun, Mar 01, 2026",2026-03-01,Sunday,Christ the King,"1000 Celina Rd, Tompkinsville",12704320686,Mass,3:00 PM,,Mass,English,,
"Sun, Mar 01, 2026",2026-03-01,Sunday,Christ the King,"1000 Celina Rd, Tompkinsville",12704320686,Mass,4:00 PM,,Mass,English,,
"Sun, Mar 01, 2026",2026-03-01,Sunday,Christ the King,"1000 Celina Rd, Tompkinsville",12704320686,Mass,4:30 PM,,Mass,English,,
"Sun, Mar 01, 2026",2026-03-01,Sunday,Christ the King,"1000 Celina Rd, Tompkinsville",12704320686,Mass,5:00 PM,,Mass,English,,
"Sun, Mar 01, 2026",2026-03-01,Sunday,Christ the King,"1000 Celina Rd, Tompkinsville",12704320686,Mass,5:30 PM,,Mass,English,,
"Sun, Mar 01, 2026",2026-03-01,Sunday,Christ the King,"3001 Belmont Blvd, Nashville",(615) 292-2884,Mass,6:00 PM,,Mass,english,,
"Sun, Mar 01, 2026",2026-03-01,Sunday,Christ the King,"1000 Celina Rd, Tompkinsville",12704320686,Mass,6:00 PM,,Mass,English,,
"Sun, Mar 01, 2026",2026-03-01,Sunday,Christ the King,"1000 Celina Rd, Tompkinsville",12704320686,Mass,6:30 PM,,Mass,English,,
"Sun, Mar 01, 2026",2026-03-01,Sunday,Christ the King,"3001 Belmont Blvd, Nashville",(615) 292-2884,Mass,7:00 AM,,Mass,english,,
"Sun, Mar 01, 2026",2026-03-01,Sunday,Christ the King,"1000 Celina Rd, Tompkinsville",12704320686,Mass,7:00 AM,,Mass,English,,
"Sun, Mar 01, 2026",2026-03-01,Sunday,Christ the King,"1000 Celina Rd, Tompkinsville",12704320686,Mass,7:00 PM,,Mass,English,,
"Sun, Mar 01, 2026",2026-03-01,Sunday,Christ the King,"1000 Celina Rd, Tompkinsville",12704320686,Mass,7:30 AM,,Mass,English,,
"Sun, Mar 01, 2026",2026-03-01,Sunday,Christ the King,"1000 Celina Rd, Tompkinsville",12704320686,Mass,8:00 AM,,Mass,English,,
"Sun, Mar 01, 2026",2026-03-01,Sunday,Christ the King,"1000 Celina Rd, Tompkinsville",12704320686,Mass,8:15 AM,,Mass,English,,
"Sun, Mar 01, 2026",2026-03-01,Sunday,Christ the King,"3001 Belmont Blvd, Nashville",(615) 292-2884,Mass,8:30 AM,,Mass,english,,
"Sun, Mar 01, 2026",2026-03-01,Sunday,Christ the King,"1000 Celina Rd, Tompkinsville",12704320686,Mass,8:30 AM,,Mass,English,,
"Sun, Mar 01, 2026",2026-03-01,Sunday,Christ the King,"1000 Celina Rd, Tompkinsville",12704320686,Mass,8:45 AM,,Mass,English,,
"Sun, Mar 01, 2026",2026-03-01,Sunday,Christ the King,"820 E Main St, Abingdon",(276) 628-2941,Mass,9:00 AM,,Mass,English,Christ the King Parish,
"Sun, Mar 01, 2026",2026-03-01,Sunday,Christ the King,"1000 Celina Rd, Tompkinsville",12704320686,Mass,9:00 AM,,Mass,English,,
"Sun, Mar 01, 2026",2026-03-01,Sunday,Christ the King,"1000 Celina Rd, Tompkinsville",12704320686,Mass,9:30 AM,,Mass,English,,
"Sun, Mar 01, 2026",2026-03-01,Sunday,Christ the Redeemer,"1515 Woodland Dr, Centerville",(931) 729-4669,Mass,8:30 AM,,Mass,English,Christ the Redeemer,
"Sun, Mar 01, 2026",2026-03-01,Sunday,Community of the Holy Spirit,"384 Eagle Ridge Dr, Jonesville",(276) 346-0269,Mass,8:00 AM,,Mass,English,"Jonesville, VA 24263",
"Sun, Mar 01, 2026",2026-03-01,Sunday,Corpus Christi SSPX Chapel,"130 Old Liberty Pike, Franklin",+1-615-791-8776,Mass,10:00 AM,,Mass,English,,
"Sun, Mar 01, 2026",2026-03-01,Sunday,Corpus Christi SSPX Chapel,"130 Old Liberty Pike, Franklin",+1-615-791-8776,Mass,8:00 AM,,Mass,English,,
"Sun, Mar 01, 2026",2026-03-01,Sunday,Emmanuel,"2546 N Hwy 127, Albany",6066881921,Mass,10:00 AM,,Mass,English,,
"Sun, Mar 01, 2026",2026-03-01,Sunday,Emmanuel,"2546 N Hwy 127, Albany",6066881921,Mass,10:30 AM,,Mass,English,,
"Sun, Mar 01, 2026",2026-03-01,Sunday,Emmanuel,"2546 N Hwy 127, Albany",6066881921,Mass,11:00 AM,,Mass,English,,
"Sun, Mar 01, 2026",2026-03-01,Sunday,Emmanuel,"2546 N Hwy 127, Albany",6066881921,Mass,11:30 AM,,Mass,English,,
"Sun, Mar 01, 2026",2026-03-01,Sunday,Emmanuel,"2546 N Hwy 127, Albany",6066881921,Mass,12:30 PM,,Mass,English,,
"Sun, Mar 01, 2026",2026-03-01,Sunday,Emmanuel,"2546 N Hwy 127, Albany",6066881921,Mass,2:00 PM,,Mass,English,,
"Sun, Mar 01, 2026",2026-03-01,Sunday,Emmanuel,"2546 N Hwy 127, Albany",6066881921,Mass,3:00 PM,,Mass,English,,
"Sun, Mar 01, 2026",2026-03-01,Sunday,Emmanuel,"2546 N Hwy 127, Albany",6066881921,Mass,4:00 PM,,Mass,English,,
"Sun, Mar 01, 2026",2026-03-01,Sunday,Emmanuel,"2546 N Hwy 127, Albany",6066881921,Mass,4:30 PM,,Mass,English,,
"Sun, Mar 01, 2026",2026-03-01,Sunday,Emmanuel,"2546 N Hwy 127, Albany",6066881921,Mass,5:00 PM,,Mass,English,,
"Sun, Mar 01, 2026",2026-03-01,Sunday,Emmanuel,"2546 N Hwy 127, Albany",6066881921,Mass,5:30 PM,,Mass,English,,
"Sun, Mar 01, 2026",2026-03-01,Sunday,Emmanuel,"2546 N Hwy 127, Albany",6066881921,Mass,6:00 PM,,Mass,English,,
"Sun, Mar 01, 2026",2026-03-01,Sunday,Emmanuel,"2546 N Hwy 127, Albany",6066881921,Mass,6:30 PM,,Mass,English,,
"Sun, Mar 01, 2026",2026-03-01,Sunday,Emmanuel,"2546 N Hwy 127, Albany",6066881921,Mass,7:00 AM,,Mass,English,,
"Sun, Mar 01, 2026",2026-03-01,Sunday,Emmanuel,"2546 N Hwy 127, Albany",6066881921,Mass,7:00 PM,,Mass,English,,
"Sun, Mar 01, 2026",2026-03-01,Sunday,Emmanuel,"2546 N Hwy 127, Albany",6066881921,Mass,7:30 AM,,Mass,English,,
"Sun, Mar 01, 2026",2026-03-01,Sunday,Emmanuel,"2546 N Hwy 127, Albany",6066881921,Mass,8:00 AM,,Mass,English,,
"Sun, Mar 01, 2026",2026-03-01,Sunday,Emmanuel,"2546 N Hwy 127, Albany",6066881921,Mass,8:15 AM,,Mass,English,,
"Sun, Mar 01, 2026",2026-03-01,Sunday,Emmanuel,"2546 N Hwy 127, Albany",6066881921,Mass,8:30 AM,,Mass,English,,
"Sun, Mar 01, 2026",2026-03-01,Sunday,Emmanuel,"2546 N Hwy 127, Albany",6066881921,Mass,8:45 AM,,Mass,English,,
"Sun, Mar 01, 2026",2026-03-01,Sunday,Emmanuel,"2546 N Hwy 127, Albany",6066881921,Mass,9:00 AM,,Mass,English,,
"Sun, Mar 01, 2026",2026-03-01,Sunday,Emmanuel,"2546 N Hwy 127, Albany",6066881921,Mass,9:30 AM,,Mass,English,,
"Sun, Mar 01, 2026",2026-03-01,Sunday,Good Samaritan,"55 Church St, Ellijay",(706) 636-2772,Mass,10:00 AM,,Mass,english,,
"Sun, Mar 01, 2026",2026-03-01,Sunday,Good Samaritan,"55 Church St, Ellijay",(706) 636-2772,Mass,12:00 PM,,Mass,english,,
"Sun, Mar 01, 2026",2026-03-01,Sunday,Good Samaritan,"55 Church St, Ellijay",(706) 636-2772,Mass,8:00 AM,,Mass,spanish,,
"Sun, Mar 01, 2026",2026-03-01,Sunday,Good Shepherd,"2021 Decherd Blvd, Decherd",(931) 967-0961,Mass,10:30 AM,,Mass,English,Good Shepherd Church,
"Sun, Mar 01, 2026",2026-03-01,Sunday,Good Shepherd,"2361 Cosby Hwy, Newport",(423) 623-5051,Mass,9:30 AM,,Mass,english,Church of the Good Shepherd,
"Sun, Mar 01, 2026",2026-03-01,Sunday,Holy Angels,"535 Tucker St, Dyersburg",(731) 287-8000,Mass,11:30 AM,,Mass,spanish,,
"Sun, Mar 01, 2026",2026-03-01,Sunday,Holy Angels,"535 Tucker St, Dyersburg",(731) 287-8000,Mass,9:00 AM,,Mass,english,,
"Sun, Mar 01, 2026",2026-03-01,Sunday,Holy Cross,"254 Glasgow Rd, Burkesville",6066881921,Mass,10:00 AM,,Mass,English,,
"Sun, Mar 01, 2026",2026-03-01,Sunday,Holy Cross,"1210 E Wood St, Paris",(731) 642-4681,Mass,10:00 AM,,Mass,English,,
"Sun, Mar 01, 2026",2026-03-01,Sunday,Holy Cross,"254 Glasgow Rd, Burkesville",6066881921,Mass,10:30 AM,,Mass,English,,
"Sun, Mar 01, 2026",2026-03-01,Sunday,Holy Cross,"144 Wears Valley Rd, Pigeon Forge",865-429-5587,Mass,10:30 AM,,Mass,english,,livestream
"Sun, Mar 01, 2026",2026-03-01,Sunday,Holy Cross,"254 Glasgow Rd, Burkesville",6066881921,Mass,11:00 AM,,Mass,English,,
"Sun, Mar 01, 2026",2026-03-01,Sunday,Holy Cross,"254 Glasgow Rd, Burkesville",6066881921,Mass,11:30 AM,,Mass,English,,
"Sun, Mar 01, 2026",2026-03-01,Sunday,Holy Cross,"1210 E Wood St, Paris",(731) 642-4681,Mass,12:00 PM,,Mass,spanish,,
"Sun, Mar 01, 2026",2026-03-01,Sunday,Holy Cross,"254 Glasgow Rd, Burkesville",6066881921,Mass,12:30 PM,,Mass,English,,
"Sun, Mar 01, 2026",2026-03-01,Sunday,Holy Cross,"254 Glasgow Rd, Burkesville",6066881921,Mass,2:00 PM,,Mass,English,,
"Sun, Mar 01, 2026",2026-03-01,Sunday,Holy Cross,"254 Glasgow Rd, Burkesville",6066881921,Mass,3:00 PM,,Mass,English,,
"Sun, Mar 01, 2026",2026-03-01,Sunday,Holy Cross,"254 Glasgow Rd, Burkesville",6066881921,Mass,4:00 PM,,Mass,English,,
"Sun, Mar 01, 2026",2026-03-01,Sunday,Holy Cross,"254 Glasgow Rd, Burkesville",6066881921,Mass,4:30 PM,,Mass,English,,
"Sun, Mar 01, 2026",2026-03-01,Sunday,Holy Cross,"254 Glasgow Rd, Burkesville",6066881921,Mass,5:00 PM,,Mass,English,,
"Sun, Mar 01, 2026",2026-03-01,Sunday,Holy Cross,"254 Glasgow Rd, Burkesville",6066881921,Mass,5:30 PM,,Mass,English,,
"Sun, Mar 01, 2026",2026-03-01,Sunday,Holy Cross,"254 Glasgow Rd, Burkesville",6066881921,Mass,6:00 PM,,Mass,English,,
"Sun, Mar 01, 2026",2026-03-01,Sunday,Holy Cross,"254 Glasgow Rd, Burkesville",6066881921,Mass,6:30 PM,,Mass,English,,
"Sun, Mar 01, 2026",2026-03-01,Sunday,Holy Cross,"254 Glasgow Rd, Burkesville",6066881921,Mass,7:00 AM,,Mass,English,,
"Sun, Mar 01, 2026",2026-03-01,Sunday,Holy Cross,"254 Glasgow Rd, Burkesville",6066881921,Mass,7:00 PM,,Mass,English,,
"Sun, Mar 01, 2026",2026-03-01,Sunday,Holy Cross,"254 Glasgow Rd, Burkesville",6066881921,Mass,7:30 AM,,Mass,English,,
"Sun, Mar 01, 2026",2026-03-01,Sunday,Holy Cross,"254 Glasgow Rd, Burkesville",6066881921,Mass,8:00 AM,,Mass,English,,
"Sun, Mar 01, 2026",2026-03-01,Sunday,Holy Cross,"1210 E Wood St, Paris",(731) 642-4681,Mass,8:00 AM,,Mass,English,,
"Sun, Mar 01, 2026",2026-03-01,Sunday,Holy Cross,"144 Wears Valley Rd, Pigeon Forge",865-429-5587,Mass,8:00 AM,,Mass,english,,livestream
"Sun, Mar 01, 2026",2026-03-01,Sunday,Holy Cross,"254 Glasgow Rd, Burkesville",6066881921,Mass,8:15 AM,,Mass,English,,
"Sun, Mar 01, 2026",2026-03-01,Sunday,Holy Cross,"254 Glasgow Rd, Burkesville",6066881921,Mass,8:30 AM,,Mass,English,,
"Sun, Mar 01, 2026",2026-03-01,Sunday,Holy Cross,"254 Glasgow Rd, Burkesville",6066881921,Mass,8:45 AM,,Mass,English,,
"Sun, Mar 01, 2026",2026-03-01,Sunday,Holy Cross,"254 Glasgow Rd, Burkesville",6066881921,Mass,9:00 AM,,Mass,English,,
"Sun, Mar 01, 2026",2026-03-01,Sunday,Holy Cross,"254 Glasgow Rd, Burkesville",6066881921,Mass,9:30 AM,,Mass,English,,
"Sun, Mar 01, 2026",2026-03-01,Sunday,Holy Cross Catholic Church,"264 Glasgow Rd, Burkesville",+1-270-864-4107,Mass,10:00 AM,,Mass,English,,
"Sun, Mar 01, 2026",2026-03-01,Sunday,Holy Cross Catholic Church,"264 Glasgow Rd, Burkesville",+1-270-864-4107,Mass,10:30 AM,,Mass,English,,
"Sun, Mar 01, 2026",2026-03-01,Sunday,Holy Cross Catholic Church,"264 Glasgow Rd, Burkesville",+1-270-864-4107,Mass,11:00 AM,,Mass,English,,
"Sun, Mar 01, 2026",2026-03-01,Sunday,Holy Cross Catholic Church,"264 Glasgow Rd, Burkesville",+1-270-864-4107,Mass,11:30 AM,,Mass,English,,
"Sun, Mar 01, 2026",2026-03-01,Sunday,Holy Cross Catholic Church,"264 Glasgow Rd, Burkesville",+1-270-864-4107,Mass,12:05 PM,,Mass,English,,
"Sun, Mar 01, 2026",2026-03-01,Sunday,Holy Cross Catholic Church,"264 Glasgow Rd, Burkesville",+1-270-864-4107,Mass,12:30 PM,,Mass,English,,
"Sun, Mar 01, 2026",2026-03-01,Sunday,Holy Cross Catholic Church,"264 Glasgow Rd, Burkesville",+1-270-864-4107,Mass,2:00 PM,,Mass,English,,
"Sun, Mar 01, 2026",2026-03-01,Sunday,Holy Cross Catholic Church,"264 Glasgow Rd, Burkesville",+1-270-864-4107,Mass,3:00 PM,,Mass,English,,
"Sun, Mar 01, 2026",2026-03-01,Sunday,Holy Cross Catholic Church,"264 Glasgow Rd, Burkesville",+1-270-864-4107,Mass,4:00 PM,,Mass,English,,
"Sun, Mar 01, 2026",2026-03-01,Sunday,Holy Cross Catholic Church,"264 Glasgow Rd, Burkesville",+1-270-864-4107,Mass,4:30 PM,,Mass,English,,
"Sun, Mar 01, 2026",2026-03-01,Sunday,Holy Cross Catholic Church,"264 Glasgow Rd, Burkesville",+1-270-864-4107,Mass,5:00 PM,,Mass,English,,
"Sun, Mar 01, 2026",2026-03-01,Sunday,Holy Cross Catholic Church,"264 Glasgow Rd, Burkesville",+1-270-864-4107,Mass,5:30 PM,,Mass,English,,
"Sun, Mar 01, 2026",2026-03-01,Sunday,Holy Cross Catholic Church,"264 Glasgow Rd, Burkesville",+1-270-864-4107,Mass,6:00 PM,,Mass,English,,
"Sun, Mar 01, 2026",2026-03-01,Sunday,Holy Cross Catholic Church,"264 Glasgow Rd, Burkesville",+1-270-864-4107,Mass,6:30 PM,,Mass,English,,
"Sun, Mar 01, 2026",2026-03-01,Sunday,Holy Cross Catholic Church,"264 Glasgow Rd, Burkesville",+1-270-864-4107,Mass,7:00 AM,,Mass,English,,
"Sun, Mar 01, 2026",2026-03-01,Sunday,Holy Cross Catholic Church,"264 Glasgow Rd, Burkesville",+1-270-864-4107,Mass,7:00 PM,,Mass,English,,
"Sun, Mar 01, 2026",2026-03-01,Sunday,Holy Cross Catholic Church,"264 Glasgow Rd, Burkesville",+1-270-864-4107,Mass,7:30 AM,,Mass,English,,
"Sun, Mar 01, 2026",2026-03-01,Sunday,Holy Cross Catholic Church,"264 Glasgow Rd, Burkesville",+1-270-864-4107,Mass,8:00 AM,,Mass,English,,
"Sun, Mar 01, 2026",2026-03-01,Sunday,Holy Cross Catholic Church,"264 Glasgow Rd, Burkesville",+1-270-864-4107,Mass,8:15 AM,,Mass,English,,
"Sun, Mar 01, 2026",2026-03-01,Sunday,Holy Cross Catholic Church,"264 Glasgow Rd, Burkesville",+1-270-864-4107,Mass,8:30 AM,,Mass,English,,
"Sun, Mar 01, 2026",2026-03-01,Sunday,Holy Cross Catholic Church,"264 Glasgow Rd, Burkesville",+1-270-864-4107,Mass,8:45 AM,,Mass,English,,
"Sun, Mar 01, 2026",2026-03-01,Sunday,Holy Cross Catholic Church,"264 Glasgow Rd, Burkesville",+1-270-864-4107,Mass,9:00 AM,,Mass,English,,
"Sun, Mar 01, 2026",2026-03-01,Sunday,Holy Cross Catholic Church,"264 Glasgow Rd, Burkesville",+1-270-864-4107,Mass,9:30 AM,,Mass,English,,
"Sun, Mar 01, 2026",2026-03-01,Sunday,Holy Family,"9100 Crockett Rd, Brentwood",(615) 373-4696,Mass,11:00 AM,,Mass,English,,
"Sun, Mar 01, 2026",2026-03-01,Sunday,Holy Family,"201 Black Oak Ridge Rd, Seymour",(865) 573-1203,Mass,11:00 AM,,Mass,english,,
"Sun, Mar 01, 2026",2026-03-01,Sunday,Holy Family,"431 Old Hwy 52, Lafayette",(615) 666-6466,Mass,12:00 PM,,Mass,spanish,"Holy Family catholic church, Lafayette, TN",
"Sun, Mar 01, 2026",2026-03-01,Sunday,Holy Family,"9100 Crockett Rd, Brentwood",(615) 373-4696,Mass,5:30 PM,,Mass,English,,youth
"Sun, Mar 01, 2026",2026-03-01,Sunday,Holy Family,"201 Black Oak Ridge Rd, Seymour",(865) 573-1203,Mass,8:00 AM,,Mass,english,,
"Sun, Mar 01, 2026",2026-03-01,Sunday,Holy Family,"9100 Crockett Rd, Brentwood",(615) 373-4696,Mass,8:30 AM,,Mass,English,,
"Sun, Mar 01, 2026",2026-03-01,Sunday,Holy Family,"431 Old Hwy 52, Lafayette",(615) 666-6466,Mass,9:00 AM,,Mass,english,"Holy Family catholic church, Lafayette, TN",
"Sun, Mar 01, 2026",2026-03-01,Sunday,Holy Family Catholic Church,"201 Black Oak Ridge Rd, Seymour",+1-865-573-1203,Mass,11:00 AM,,Mass,english,,
"Sun, Mar 01, 2026",2026-03-01,Sunday,Holy Family Catholic Church,"201 Black Oak Ridge Rd, Seymour",+1-865-573-1203,Mass,8:00 AM,,Mass,english,,
"Sun, Mar 01, 2026",2026-03-01,Sunday,Holy Ghost,"1041 N Central St, Knoxville",(865) 522-2205,Mass,10:00 AM,,Mass,English,,
"Sun, Mar 01, 2026",2026-03-01,Sunday,Holy Ghost,"1041 N Central St, Knoxville",(865) 522-2205,Mass,12:00 PM,,Mass,English,,
"Sun, Mar 01, 2026",2026-03-01,Sunday,Holy Ghost,"1041 N Central St, Knoxville",(865) 522-2205,Mass,2:30 PM,,Mass,spanish,,
"Sun, Mar 01, 2026",2026-03-01,Sunday,Holy Ghost,"1041 N Central St, Knoxville",(865) 522-2205,Mass,5:00 PM,,Mass,English,,
"Sun, Mar 01, 2026",2026-03-01,Sunday,Holy Ghost,"1041 N Central St, Knoxville",(865) 522-2205,Mass,8:00 AM,,Mass,English,,
"Sun, Mar 01, 2026",2026-03-01,Sunday,Holy Name,"521 Woodland St, Nashville",(615) 254-8847,Mass,10:30 AM,,Mass,english,Church of the Most Holy Name,
"Sun, Mar 01, 2026",2026-03-01,Sunday,Holy Name,"521 Woodland St, Nashville",(615) 254-8847,Mass,12:00 PM,,Mass,english,Church of the Most Holy Name,
"Sun, Mar 01, 2026",2026-03-01,Sunday,Holy Name,"521 Woodland St, Nashville",(615) 254-8847,Mass,5:00 PM,,Mass,English,Church of the Most Holy Name,french
"Sun, Mar 01, 2026",2026-03-01,Sunday,Holy Name,"521 Woodland St, Nashville",(615) 254-8847,Mass,8:00 AM,,Mass,english,Church of the Most Holy Name,
"Sun, Mar 01, 2026",2026-03-01,Sunday,Holy Rosary,"4851 Park Ave, Memphis",(901) 767-6949,Mass,10:30 AM,,Mass,English,,
"Sun, Mar 01, 2026",2026-03-01,Sunday,Holy Rosary,"192 Graylynn Dr, Nashville",(615) 889-4065,Mass,11:00 AM,,Mass,English,,
"Sun, Mar 01, 2026",2026-03-01,Sunday,Holy Rosary,"4851 Park Ave, Memphis",(901) 767-6949,Mass,12:15 PM,,Mass,English,,
"Sun, Mar 01, 2026",2026-03-01,Sunday,Holy Rosary,"192 Graylynn Dr, Nashville",(615) 889-4065,Mass,2:00 PM,,Mass,spanish,,
"Sun, Mar 01, 2026",2026-03-01,Sunday,Holy Rosary,"4851 Park Ave, Memphis",(901) 767-6949,Mass,7:30 AM,,Mass,English,,
"Sun, Mar 01, 2026",2026-03-01,Sunday,Holy Rosary,"192 Graylynn Dr, Nashville",(615) 889-4065,Mass,8:30 AM,,Mass,English,,
"Sun, Mar 01, 2026",2026-03-01,Sunday,Holy Rosary,"4851 Park Ave, Memphis",(901) 767-6949,Mass,9:00 AM,,Mass,English,,
"Sun, Mar 01, 2026",2026-03-01,Sunday,Holy Spirit,"2300 Hickory Crest Dr, Memphis",(901) 754-7146,Mass,10:30 AM,,Mass,English,,
"Sun, Mar 01, 2026",2026-03-01,Sunday,Holy Spirit,"10768 Dayton Pike, Soddy Daisy",(423) 332-5300,Mass,10:30 AM,,Mass,english,Holy Spirit,livestream
"Sun, Mar 01, 2026",2026-03-01,Sunday,Holy Spirit,"2300 Hickory Crest Dr, Memphis",(901) 754-7146,Mass,12:00 PM,,Mass,English,,
"Sun, Mar 01, 2026",2026-03-01,Sunday,Holy Spirit,"2300 Hickory Crest Dr, Memphis",(901) 754-7146,Mass,7:30 AM,,Mass,English,,
"Sun, Mar 01, 2026",2026-03-01,Sunday,Holy Spirit,"10768 Dayton Pike, Soddy Daisy",(423) 332-5300,Mass,8:00 AM,,Mass,english,Holy Spirit,
"Sun, Mar 01, 2026",2026-03-01,Sunday,Holy Spirit,"2300 Hickory Crest Dr, Memphis",(901) 754-7146,Mass,9:00 AM,,Mass,English,,
"Sun, Mar 01, 2026",2026-03-01,Sunday,Holy Spirit,"545 E Commerce St, Hernando",(662) 429-7851,Mass,9:30 AM,,Mass,english,,
"Sun, Mar 01, 2026",2026-03-01,Sunday,Holy Spirit Catholic Church,"10768 Dayton Pike, Soddy-Daisy",+1-423-332-5300,Mass,10:30 AM,,Mass,english,Holy Spirit,livestream
"Sun, Mar 01, 2026",2026-03-01,Sunday,Holy Spirit Catholic Church,"10768 Dayton Pike, Soddy-Daisy",+1-423-332-5300,Mass,8:00 AM,,Mass,english,Holy Spirit,
"Sun, Mar 01, 2026",2026-03-01,Sunday,Holy Trinity,"475 N Highway 92, Jefferson City",(865) 471-0347,Mass,10:30 AM,,Mass,english,,livestream
"Sun, Mar 01, 2026",2026-03-01,Sunday,Immaculate Conception,"414 W Vine Ave, Knoxville",(865) 522-1508,Mass,10:00 AM,,Mass,english,Immaculate Conception,livestream
"Sun, Mar 01, 2026",2026-03-01,Sunday,Immaculate Conception,"709 Franklin St, Clarksville",(931) 645-6275,Mass,11:00 AM,,Mass,english,,
"Sun, Mar 01, 2026",2026-03-01,Sunday,Immaculate Conception,"100 Chapel Rd, Pulaski",(931) 363-5776,Mass,11:00 AM,,Mass,English,Immaculate Conception - Pulaski,
"Sun, Mar 01, 2026",2026-03-01,Sunday,Immaculate Conception,"709 Franklin St, Clarksville",(931) 645-6275,Mass,11:30 AM,,Mass,english,Chapel,
"Sun, Mar 01, 2026",2026-03-01,Sunday,Immaculate Conception,"414 W Vine Ave, Knoxville",(865) 522-1508,Mass,11:30 AM,,Mass,english,Immaculate Conception,
"Sun, Mar 01, 2026",2026-03-01,Sunday,Immaculate Conception,"709 Franklin St, Clarksville",(931) 645-6275,Mass,1:00 PM,,Mass,spanish,,
"Sun, Mar 01, 2026",2026-03-01,Sunday,Immaculate Conception,"709 Franklin St, Clarksville",(931) 645-6275,Mass,4:30 PM,,Mass,english,,
"Sun, Mar 01, 2026",2026-03-01,Sunday,Immaculate Conception,"709 Franklin St, Clarksville",(931) 645-6275,Mass,6:30 PM,,Mass,vietnamese,Chapel,
"Sun, Mar 01, 2026",2026-03-01,Sunday,Immaculate Conception,"709 Franklin St, Clarksville",(931) 645-6275,Mass,8:00 AM,,Mass,english,,
"Sun, Mar 01, 2026",2026-03-01,Sunday,Immaculate Conception,"1303 E Reelfoot Ave, Union City",(731) 885-0963,Mass,8:00 AM,,Mass,english,Immaculate Conception Catholic Church,
"Sun, Mar 01, 2026",2026-03-01,Sunday,Immaculate Conception,"414 W Vine Ave, Knoxville",(865) 522-1508,Mass,8:15 AM,,Mass,english,Immaculate Conception,livestream
"Sun, Mar 01, 2026",2026-03-01,Sunday,Incarnation,"360 Bray Station Rd, Collierville",(901) 853-7468 ,Mass,10:30 AM,,Mass,English,Main Sanctuary,
"Sun, Mar 01, 2026",2026-03-01,Sunday,Incarnation,"360 Bray Station Rd, Collierville",(901) 853-7468 ,Mass,12:15 PM,,Mass,English,Main Sanctuary,
"Sun, Mar 01, 2026",2026-03-01,Sunday,Incarnation,"360 Bray Station Rd, Collierville",(901) 853-7468 ,Mass,2:00 PM,,Mass,spanish,Main Sanctuary,
"Sun, Mar 01, 2026",2026-03-01,Sunday,Incarnation,"360 Bray Station Rd, Collierville",(901) 853-7468 ,Mass,8:00 AM,,Mass,English,Main Sanctuary,
"Sun, Mar 01, 2026",2026-03-01,Sunday,Mission of Our Lady of the Lake,"10645 Hwy 57, Counce",(731) 925-4852,Mass,8:00 AM,,Mass,English,Our Lady of the Lake,
"Sun, Mar 01, 2026",2026-03-01,Sunday,Mission of St. John Paul II,"161 Bryan Ln, Rutledge",(865) 992-7222,Mass,11:30 AM,,Mass,spanish,,
"Sun, Mar 01, 2026",2026-03-01,Sunday,Mission of St. John Paul II,"161 Bryan Ln, Rutledge",(865) 992-7222,Mass,9:00 AM,,Mass,english,,
"Sun, Mar 01, 2026",2026-03-01,Sunday,Mission of St. Margaret Mary,"9458 Old Alto Hwy, Alto",(931) 967-0961,Mass,12:30 PM,,Misa Español,spanish,iglesia,St. Margaret Mary Mission Church; Alto; TN
"Sun, Mar 01, 2026",2026-03-01,Sunday,Mission of St. Margaret Mary,"9458 Old Alto Hwy, Alto",(931) 967-0961,Mass,8:00 AM,,Mass,English,"St. Margaret Mary Mission Church, Alto, TN",
"Sun, Mar 01, 2026",2026-03-01,Sunday,Mission of St. Michael,"3553 S Carter Rd, Cedar Hill",(615) 384-6200,Mass,8:00 AM,,Mass,English,St. Michael,
"Sun, Mar 01, 2026",2026-03-01,Sunday,Mission of the Holy Family,"265 Cotham Dr, Huntingdon",(731) 584-6459,Mass,8:30 AM,,Mass,English,"Holy Family Catholic Mission, Huntingdon, TN",
"Sun, Mar 01, 2026",2026-03-01,Sunday,National Shrine of St. Martin de Porres,"190 Adams Ave, Memphis",(901) 527-8282,Mass,11:00 AM,,Mass,english,Church,
"Sun, Mar 01, 2026",2026-03-01,Sunday,National Shrine of St. Martin de Porres,"190 Adams Ave, Memphis",(901) 527-8282,Mass,8:30 AM,,Mass,english,Church,
"Sun, Mar 01, 2026",2026-03-01,Sunday,Nativity,"5955 St Elmo Rd, Bartlett",(901) 382-2504,Mass,11:00 AM,,Mass,english,,
"Sun, Mar 01, 2026",2026-03-01,Sunday,Nativity,"2793 Buckner Ln, Spring Hill",(615) 794-4004,Mass,11:00 AM,,Mass,english,,
"Sun, Mar 01, 2026",2026-03-01,Sunday,Nativity,"5955 St Elmo Rd, Bartlett",(901) 382-2504,Mass,12:30 PM,1:30 PM,Mass,english,,1st of the month; note: Filipino Mass
"Sun, Mar 01, 2026",2026-03-01,Sunday,Nativity,"2793 Buckner Ln, Spring Hill",(615) 794-4004,Mass,1:00 PM,,Mass,spanish,,
"Sun, Mar 01, 2026",2026-03-01,Sunday,Nativity,"5955 St Elmo Rd, Bartlett",(901) 382-2504,Mass,2:00 PM,,Mass,spanish,,
"Sun, Mar 01, 2026",2026-03-01,Sunday,Nativity,"2793 Buckner Ln, Spring Hill",(615) 794-4004,Mass,5:00 PM,,Mass,english,,
"Sun, Mar 01, 2026",2026-03-01,Sunday,Nativity,"2793 Buckner Ln, Spring Hill",(615) 794-4004,Mass,7:00 AM,,Mass,english,,
"Sun, Mar 01, 2026",2026-03-01,Sunday,Nativity,"5955 St Elmo Rd, Bartlett",(901) 382-2504,Mass,8:00 AM,,Mass,english,,
"Sun, Mar 01, 2026",2026-03-01,Sunday,Nativity,"2793 Buckner Ln, Spring Hill",(615) 794-4004,Mass,8:30 AM,,Mass,english,,
"Sun, Mar 01, 2026",2026-03-01,Sunday,Notre Dame,"212 Mount Bethel Rd, Greeneville",(423) 639-9381,Mass,11:00 AM,,Mass,english,Notre Dame Catholic Church,
"Sun, Mar 01, 2026",2026-03-01,Sunday,Notre Dame,"212 Mount Bethel Rd, Greeneville",(423) 639-9381,Mass,1:30 PM,,Mass,spanish,Notre Dame Catholic Church,
"Sun, Mar 01, 2026",2026-03-01,Sunday,Notre Dame,"212 Mount Bethel Rd, Greeneville",(423) 639-9381,Mass,8:00 AM,,Mass,english,Notre Dame Catholic Church,
"Sun, Mar 01, 2026",2026-03-01,Sunday,Notre Dame Catholic Church,"212 Mt Bethel Rd, Greeneville",+1-423-639-9381,Mass,11:00 AM,,Mass,english,Notre Dame,
"Sun, Mar 01, 2026",2026-03-01,Sunday,Notre Dame Catholic Church,"212 Mt Bethel Rd, Greeneville",+1-423-639-9381,Mass,1:30 PM,,Mass,spanish,Notre Dame,
"Sun, Mar 01, 2026",2026-03-01,Sunday,Notre Dame Catholic Church,"212 Mt Bethel Rd, Greeneville",+1-423-639-9381,Mass,8:00 AM,,Mass,english,Notre Dame,
"Sun, Mar 01, 2026",2026-03-01,Sunday,Our Lady of Fatima,"858 Louisville Rd, Alcoa",(865) 982-3672,Mass,11:00 AM,,Mass,english,,livestream
"Sun, Mar 01, 2026",2026-03-01,Sunday,Our Lady of Fatima,"858 Louisville Rd, Alcoa",(865) 982-3672,Mass,8:30 AM,,Mass,english,,
"Sun, Mar 01, 2026",2026-03-01,Sunday,Our Lady of Guadalupe,"3112 Nolensville Rd, Nashville",615-333-8660,Mass,12:00 PM,,Mass,English,,
"Sun, Mar 01, 2026",2026-03-01,Sunday,Our Lady of Guadalupe,"3112 Nolensville Rd, Nashville",615-333-8660,Mass,5:00 PM,,Mass,English,,
"Sun, Mar 01, 2026",2026-03-01,Sunday,Our Lady of Guadalupe,"3112 Nolensville Rd, Nashville",615-333-8660,Mass,7:00 AM,,Mass,English,,
"Sun, Mar 01, 2026",2026-03-01,Sunday,Our Lady of Guadalupe,"3112 Nolensville Rd, Nashville",615-333-8660,Mass,9:00 AM,,Mass,English,,
"Sun, Mar 01, 2026",2026-03-01,Sunday,Our Lady of Lourdes,"704 Holly Ave, South Pittsburg",(423) 837-7068,Mass,10:30 AM,,Mass,English,,May and October Sunday Masses are located at the Virgin of the Poor Shrine
"Sun, Mar 01, 2026",2026-03-01,Sunday,Our Lady of Perpetual Help,"501 S Moore Rd, Chattanooga",(423) 622-7232,Mass,10:00 AM,,Mass,english,,
"Sun, Mar 01, 2026",2026-03-01,Sunday,Our Lady of Perpetual Help,"501 S Moore Rd, Chattanooga",+1-423-622-7232,Mass,10:00 AM,,Mass,english,,
"Sun, Mar 01, 2026",2026-03-01,Sunday,Our Lady of Perpetual Help,"8151 Poplar Ave, Germantown",(901) 754-1204,Mass,10:45 AM,,Mass,English,main church,
"Sun, Mar 01, 2026",2026-03-01,Sunday,Our Lady of Perpetual Help,"501 S Moore Rd, Chattanooga",(423) 622-7232,Mass,12:00 PM,,Mass,english,,
"Sun, Mar 01, 2026",2026-03-01,Sunday,Our Lady of Perpetual Help,"501 S Moore Rd, Chattanooga",+1-423-622-7232,Mass,12:00 PM,,Mass,english,,
"Sun, Mar 01, 2026",2026-03-01,Sunday,Our Lady of Perpetual Help,"8151 Poplar Ave, Germantown",(901) 754-1204,Mass,12:30 PM,,Mass,English,main church,
"Sun, Mar 01, 2026",2026-03-01,Sunday,Our Lady of Perpetual Help,"501 S Moore Rd, Chattanooga",(423) 622-7232,Mass,2:00 PM,,Mass,spanish,,
"Sun, Mar 01, 2026",2026-03-01,Sunday,Our Lady of Perpetual Help,"501 S Moore Rd, Chattanooga",+1-423-622-7232,Mass,2:00 PM,,Mass,spanish,,
"Sun, Mar 01, 2026",2026-03-01,Sunday,Our Lady of Perpetual Help,"8151 Poplar Ave, Germantown",(901) 754-1204,Mass,6:00 PM,,Mass,English,main church,
"Sun, Mar 01, 2026",2026-03-01,Sunday,Our Lady of Perpetual Help,"8151 Poplar Ave, Germantown",(901) 754-1204,Mass,7:30 AM,,Mass,English,main church,
"Sun, Mar 01, 2026",2026-03-01,Sunday,Our Lady of Perpetual Help,"501 S Moore Rd, Chattanooga",(423) 622-7232,Mass,8:00 AM,,Mass,english,,
"Sun, Mar 01, 2026",2026-03-01,Sunday,Our Lady of Perpetual Help,"501 S Moore Rd, Chattanooga",+1-423-622-7232,Mass,8:00 AM,,Mass,english,,
"Sun, Mar 01, 2026",2026-03-01,Sunday,Our Lady of Perpetual Help,"8151 Poplar Ave, Germantown",(901) 754-1204,Mass,9:00 AM,,Mass,English,main church,
"Sun, Mar 01, 2026",2026-03-01,Sunday,Our Lady of Perpetual Help,"1142 E Elm St, Lafollette",(423) 562-0312,Mass,9:30 AM,,Mass,English,,
"Sun, Mar 01, 2026",2026-03-01,Sunday,Our Lady of Sorrows,"3700 Thomas St, Memphis",(901) 353-1530,Mass,11:00 AM,,Mass,spanish,,
"Sun, Mar 01, 2026",2026-03-01,Sunday,Our Lady of Sorrows,"3700 Thomas St, Memphis",(901) 353-1530,Mass,9:00 AM,,Mass,english,,
"Sun, Mar 01, 2026",2026-03-01,Sunday,Our Lady of the Lake,"1729 Stop 30 Rd, Hendersonville",(615) 824-3276,Mass,11:00 AM,,Mass,English,,
"Sun, Mar 01, 2026",2026-03-01,Sunday,Our Lady of the Lake,"1729 Stop 30 Rd, Hendersonville",(615) 824-3276,Mass,2:00 PM,,Mass,spanish,,
"Sun, Mar 01, 2026",2026-03-01,Sunday,Our Lady of the Lake,"1729 Stop 30 Rd, Hendersonville",(615) 824-3276,Mass,6:00 PM,,Mass,English,,
"Sun, Mar 01, 2026",2026-03-01,Sunday,Our Lady of the Lake,"1729 Stop 30 Rd, Hendersonville",(615) 824-3276,Mass,8:30 AM,,Mass,English,,
"Sun, Mar 01, 2026",2026-03-01,Sunday,Our Lady of the Mount,"1227 Scenic Hwy, Lookout Mountain",(706) 820-0680,Mass,11:30 AM,,Mass,english,,
"Sun, Mar 01, 2026",2026-03-01,Sunday,Our Lady of the Mount,"1227 Scenic Hwy, Lookout Mountain",(706) 820-0680,Mass,9:00 AM,,Mass,english,,
"Sun, Mar 01, 2026",2026-03-01,Sunday,Our Lady of the Shoals,"200 E Commons St N, Tuscumbia",(256) 383-7207,Mass,10:00 AM,,Mass,english,church building,
"Sun, Mar 01, 2026",2026-03-01,Sunday,Our Lady of the Shoals,"200 E Commons St N, Tuscumbia",(256) 383-7207,Mass,7:45 AM,,Mass,spanish,church building,
"Sun, Mar 01, 2026",2026-03-01,Sunday,Queen of Peace,"8455 Germantown Rd, Olive Branch",(662) 895-5007,Mass,10:00 AM,,Mass,english,,
"Sun, Mar 01, 2026",2026-03-01,Sunday,Sacred Heart,"296 W 6th St, Russellville",(270) 726-6963,Mass,10:00 AM,,Mass,English,Sacred Heart Catholic Church Russellville KY,
"Sun, Mar 01, 2026",2026-03-01,Sunday,Sacred Heart,"212 Berger St, Lawrenceburg",(931) 762-3183,Mass,10:30 AM,,Mass,English,,
"Sun, Mar 01, 2026",2026-03-01,Sunday,Sacred Heart,"301 Church St, Loretto",(931) 853-4370,Mass,10:30 AM,,Mass,english,,
"Sun, Mar 01, 2026",2026-03-01,Sunday,Sacred Heart,"2887 E Main St, Humboldt",(731) 618- 6758,Mass,11:00 AM,,Mass,English,Sacred Heart,
"Sun, Mar 01, 2026",2026-03-01,Sunday,Sacred Heart,"20 Summit St, Burnsville",(828) 689-3719,Mass,11:30 AM,,Mass,english,Sacred Heart,
"Sun, Mar 01, 2026",2026-03-01,Sunday,Sacred Heart,"296 W 6th St, Russellville",(270) 726-6963,Mass,12:00 PM,,Mass,spanish,Sacred Heart Catholic Church Russellville KY,
"Sun, Mar 01, 2026",2026-03-01,Sunday,Sacred Heart,"2887 E Main St, Humboldt",(731) 618- 6758,Mass,1:00 PM,,Mass,spanish,Sacred Heart,
"Sun, Mar 01, 2026",2026-03-01,Sunday,Sacred Heart,"20 Summit St, Burnsville",(828) 689-3719,Mass,1:30 PM,,Mass,spanish,Sacred Heart,
"Sun, Mar 01, 2026",2026-03-01,Sunday,Sacred Heart,"212 Berger St, Lawrenceburg",(931) 762-3183,Mass,8:00 AM,,Mass,English,,
"Sun, Mar 01, 2026",2026-03-01,Sunday,Sacred Heart of Jesus,"216 S Main St, Crawfordsville",(870) 733-1212 ,Mass,8:30 AM,,Mass,English,"Sacred Heart, Crawfordsville",
"Sun, Mar 01, 2026",2026-03-01,Sunday,Sagrado Corazón,"2800 McGavock Pike, Nashville",(615) 391-3714,Mass,10:00 AM,,Mass,English,Sagrado Corazón De Jesús,
"Sun, Mar 01, 2026",2026-03-01,Sunday,Sagrado Corazón,"2800 McGavock Pike, Nashville",(615) 391-3714,Mass,6:00 PM,,Mass,English,Sagrado Corazón de Jesús,
"Sun, Mar 01, 2026",2026-03-01,Sunday,Sagrado Corazón,"2800 McGavock Pike, Nashville",(615) 391-3714,Mass,7:00 AM,,Mass,English,Sagrado Corazón De Jesús,
"Sun, Mar 01, 2026",2026-03-01,Sunday,Saint Francis of Assisi Catholic Church,"7503 Peavine Rd, Crossville",+1-931-484-3628,Mass,10:00 AM,,Mass,english,,
"Sun, Mar 01, 2026",2026-03-01,Sunday,Saint Francis of Assisi Catholic Church,"7503 Peavine Rd, Crossville",+1-931-484-3628,Mass,8:00 AM,,Mass,english,,
"Sun, Mar 01, 2026",2026-03-01,Sunday,"Saint James the Apostle Catholic Church, Sneedville","Highway 33, Sneedville",+1-423-272-6897,Mass,12:00 PM,,Mass,English,St. James,
"Sun, Mar 01, 2026",2026-03-01,Sunday,"Saint James the Apostle Catholic Church, Sneedville","Highway 33, Sneedville",+1-423-272-6897,Mass,9:00 AM,,Mass,English,,
"Sun, Mar 01, 2026",2026-03-01,Sunday,Shepherd of the Valley,"6191 Hwy 28, Dunlap",(423) 949-6903,Mass,8:00 AM,,Mass,English,,
"Sun, Mar 01, 2026",2026-03-01,Sunday,Shepherd of the Valley Catholic Church,"6191 TN-28, Dunlap",+1-423-949-6903,Mass,8:00 AM,,Mass,english,Shepherd of the Valley,
"Sun, Mar 01, 2026",2026-03-01,Sunday,St Albert the Great Catholic Church,"7200 Brickey Ln, Knoxville",+1-865-689-7011,Mass,11:00 AM,,Mass,English,,
"Sun, Mar 01, 2026",2026-03-01,Sunday,St Albert the Great Catholic Church,"7200 Brickey Ln, Knoxville",+1-865-689-7011,Mass,9:00 AM,,Mass,English,,
"Sun, Mar 01, 2026",2026-03-01,Sunday,St Alphonsus Catholic Church,"151 St Alphonsus Way, Crossville",+1-931-484-2358,Mass,11:00 AM,,Mass,english,,
"Sun, Mar 01, 2026",2026-03-01,Sunday,St Alphonsus Catholic Church,"151 St Alphonsus Way, Crossville",+1-931-484-2358,Mass,1:30 PM,,Mass,spanish,,
"Sun, Mar 01, 2026",2026-03-01,Sunday,St Alphonsus Catholic Church,"151 St Alphonsus Way, Crossville",+1-931-484-2358,Mass,8:30 AM,,Mass,english,,
"Sun, Mar 01, 2026",2026-03-01,Sunday,St Elizabeth Ann Seton Church,"755 Hwy 49, Tennessee Ridge",(931) 721-3769,Mass,11:30 AM,,Mass,english,,
"Sun, Mar 01, 2026",2026-03-01,Sunday,St Elizabeth's Roman Catholic Church,"510 W C St, Elizabethton",+1-423-543-3412,Mass,9:00 AM,,Mass,english,,
"Sun, Mar 01, 2026",2026-03-01,Sunday,St Francis of Assisi Church,"1489 Donelson Pkwy, Dover",(931) 232-9422,Mass,8:30 AM,,Mass,english,"Saint Francis of Assisi Church, Dover, TN",
"Sun, Mar 01, 2026",2026-03-01,Sunday,St Joseph the Worker Catholic Church,"649 Old Tellico Hwy N, Madisonville",+1-423-442-7273,Mass,10:00 AM,,Mass,English,St. Joseph the Worker Catholic Church,
"Sun, Mar 01, 2026",2026-03-01,Sunday,St Joseph the Worker Catholic Church,"649 Old Tellico Hwy N, Madisonville",+1-423-442-7273,Mass,12:30 PM,,Mass,spanish,St. Joseph the Worker Catholic Church,
"Sun, Mar 01, 2026",2026-03-01,Sunday,St Joseph the Worker Catholic Church,"649 Old Tellico Hwy N, Madisonville",+1-423-442-7273,Mass,8:00 AM,,Mass,English,St. Joseph the Worker Catholic Church,
"Sun, Mar 01, 2026",2026-03-01,Sunday,St Therese-Little Flower,"1644 Jackson Ave, Memphis",(901) 276-1412,Mass,10:45 AM,,Mass,English,"Blessed Sacrament, 2564 Hale Ave, Memphis, TN",
"Sun, Mar 01, 2026",2026-03-01,Sunday,St Therese-Little Flower,"1644 Jackson Ave, Memphis",(901) 276-1412,Mass,1:45 PM,,Mass,spanish,"Blessed Sacrament, 2564 Hale Ave, Memphis, TN",
"Sun, Mar 01, 2026",2026-03-01,Sunday,St Therese-Little Flower,"1644 Jackson Ave, Memphis",(901) 276-1412,Mass,8:15 AM,,Mass,English,"Blessed Sacrament, 2564 Hale Ave, Memphis, TN",
"Sun, Mar 01, 2026",2026-03-01,Sunday,St. Albert the Great,"7200 Brickey Ln, Knoxville",(865) 689-7011,Mass,11:00 AM,,Mass,English,,
"Sun, Mar 01, 2026",2026-03-01,Sunday,St. Albert the Great,"7200 Brickey Ln, Knoxville",(865) 689-7011,Mass,9:00 AM,,Mass,English,,
"Sun, Mar 01, 2026",2026-03-01,Sunday,St. Alphonsus,"1225 Hwy 51 S, Covington",(901) 476-8140,Mass,10:30 AM,,Mass,english,St. Alphonsus,
"Sun, Mar 01, 2026",2026-03-01,Sunday,St. Alphonsus,"151 St Alphonsus Way, Crossville",(931) 484-2358,Mass,11:00 AM,,Mass,english,Saint Alphonsus Catholic Church,
"Sun, Mar 01, 2026",2026-03-01,Sunday,St. Alphonsus,"1225 Hwy 51 S, Covington",(901) 476-8140,Mass,12:15 PM,,Mass,spanish,St. Alphonsus,
"Sun, Mar 01, 2026",2026-03-01,Sunday,St. Alphonsus,"151 St Alphonsus Way, Crossville",(931) 484-2358,Mass,1:30 PM,,Mass,spanish,Saint Alphonsus Catholic Church,
"Sun, Mar 01, 2026",2026-03-01,Sunday,St. Alphonsus,"151 St Alphonsus Way, Crossville",(931) 484-2358,Mass,8:30 AM,,Mass,english,Saint Alphonsus Catholic Church,livestream
"Sun, Mar 01, 2026",2026-03-01,Sunday,St. Andrew,"829 Valley View Dr, Sparta",(931) 738-2140,Mass,8:30 AM,,Mass,English,,St. Andrew Catholic Church; Sparta; TN
"Sun, Mar 01, 2026",2026-03-01,Sunday,St. Andrew the Apostle,"149 Brook St, Mars Hill",(828) 689-3719,Mass,9:00 AM,,Mass,english,St. Andrew,
"Sun, Mar 01, 2026",2026-03-01,Sunday,St. Ann,"5101 Charlotte Ave, Nashville",(615) 298-1782,Mass,11:00 AM,,Mass,english,Church,
"Sun, Mar 01, 2026",2026-03-01,Sunday,St. Ann,"5101 Charlotte Ave, Nashville",(615) 298-1782,Mass,2:00 PM,,Mass,spanish,Church,
"Sun, Mar 01, 2026",2026-03-01,Sunday,St. Ann,"198 Ridge Rd, Lancing",(865) 882-9838,Mass,8:30 AM,,Mass,English,,
"Sun, Mar 01, 2026",2026-03-01,Sunday,St. Ann,"5101 Charlotte Ave, Nashville",(615) 298-1782,Mass,8:30 AM,,Mass,english,Church,
"Sun, Mar 01, 2026",2026-03-01,Sunday,St. Ann Catholic Church,"198 Ridge Rd, Lancing",+1-865-882-9838,Mass,8:30 AM,,Mass,english,,
"Sun, Mar 01, 2026",2026-03-01,Sunday,St. Anne,"706 S Highland St, Memphis",(901) 323-3817,Mass,10:30 AM,,Mass,english,,
"Sun, Mar 01, 2026",2026-03-01,Sunday,St. Anne,"316 Euclid Ave, Bristol",(276) 669-8200,Mass,11:30 AM,,Mass,English,,
"Sun, Mar 01, 2026",2026-03-01,Sunday,St. Anne,"316 Euclid Ave, Bristol",(276) 669-8200,Mass,2:30 PM,,Mass,spanish,,livestream
"Sun, Mar 01, 2026",2026-03-01,Sunday,St. Anne,"706 S Highland St, Memphis",(901) 323-3817,Mass,2:30 PM,,Mass,spanish,,
"Sun, Mar 01, 2026",2026-03-01,Sunday,St. Anne,"316 Euclid Ave, Bristol",(276) 669-8200,Mass,8:30 AM,,Mass,English,,livestream
"Sun, Mar 01, 2026",2026-03-01,Sunday,St. Anthony,"967 E Main St, Blue Ridge",(706) 632-5970,Mass,11:30 AM,,Mass,spanish,Church,
"Sun, Mar 01, 2026",2026-03-01,Sunday,St. Anthony,"1900 Huntsville Hwy, Fayetteville",(931) 433-6525,Mass,8:30 AM,,Mass,English,,
"Sun, Mar 01, 2026",2026-03-01,Sunday,St. Anthony,"967 E Main St, Blue Ridge",(706) 632-5970,Mass,9:00 AM,,Mass,english,Church,
"Sun, Mar 01, 2026",2026-03-01,Sunday,St. Anthony of Padua,"833 W Main St, Mountain City",(423) 727-5156,Mass,11:00 AM,,Mass,English,St. Anthony of Padua,livestream
"Sun, Mar 01, 2026",2026-03-01,Sunday,St. Augustine,"1169 Kerr Ave, Memphis",(901) 774-2297,Mass,10:00 AM,,Mass,English,,
"Sun, Mar 01, 2026",2026-03-01,Sunday,St. Augustine,"1716 Anderson Pike, Signal Mountain",(423) 886-3424,Mass,10:30 AM,,Mass,English,,
"Sun, Mar 01, 2026",2026-03-01,Sunday,St. Augustine,"1716 Anderson Pike, Signal Mountain",(423) 886-3424,Mass,8:15 AM,,Mass,English,,
"Sun, Mar 01, 2026",2026-03-01,Sunday,St. Bridget,"320 Walnut Grove Church Rd, Dayton",(423) 775-2664,Mass,10:00 AM,,Mass,english,,
"Sun, Mar 01, 2026",2026-03-01,Sunday,St. Bridget,"320 Walnut Grove Church Rd, Dayton",(423) 775-2664,Mass,12:30 PM,,Mass,spanish,,
"Sun, Mar 01, 2026",2026-03-01,Sunday,St. Brigid,"7801 Lowrance Rd, Memphis",(901) 758-0128,Mass,11:30 AM,,Mass,spanish,Main Church,
"Sun, Mar 01, 2026",2026-03-01,Sunday,St. Brigid,"7801 Lowrance Rd, Memphis",(901) 758-0128,Mass,1:30 PM,,Mass,spanish,Main Church,
"Sun, Mar 01, 2026",2026-03-01,Sunday,St. Brigid,"7801 Lowrance Rd, Memphis",(901) 758-0128,Mass,7:30 AM,,Mass,spanish,Main Church,
"Sun, Mar 01, 2026",2026-03-01,Sunday,St. Brigid,"7801 Lowrance Rd, Memphis",(901) 758-0128,Mass,9:30 AM,,Mass,english,Main Church,
"Sun, Mar 01, 2026",2026-03-01,Sunday,St. Catherine,"3019 Cayce Ln, Columbia",(931) 388-3803,Mass,10:30 AM,,Mass,english,Saint Catherine of Siena Catholic Church,
"Sun, Mar 01, 2026",2026-03-01,Sunday,St. Catherine,"3019 Cayce Ln, Columbia",(931) 388-3803,Mass,3:00 PM,,Mass,spanish,Saint Catherine of Siena Catholic Church,
"Sun, Mar 01, 2026",2026-03-01,Sunday,St. Catherine,"3019 Cayce Ln, Columbia",(931) 388-3803,Mass,8:00 AM,,Mass,english,Saint Catherine of Siena Catholic Church,
"Sun, Mar 01, 2026",2026-03-01,Sunday,St. Catherine Laboure,"115 Main St, Copperhill",(423) 496-3498,Mass,6:00 PM,,Mass,spanish,,
"Sun, Mar 01, 2026",2026-03-01,Sunday,St. Catherine Laboure,"115 Main St, Copperhill",(423) 496-3498,Mass,9:00 AM,,Mass,english,,
"Sun, Mar 01, 2026",2026-03-01,Sunday,St. Dominic,"2517 John B Dennis Hwy, Kingsport",(423) 288-8101,Mass,12:30 PM,,Mass,spanish,,
"Sun, Mar 01, 2026",2026-03-01,Sunday,St. Dominic,"2517 John B Dennis Hwy, Kingsport",(423) 288-8101,Mass,5:30 PM,,Mass,english,,
"Sun, Mar 01, 2026",2026-03-01,Sunday,St. Dominic,"2517 John B Dennis Hwy, Kingsport",(423) 288-8101,Mass,8:00 AM,,Mass,english,,
"Sun, Mar 01, 2026",2026-03-01,Sunday,St. Dominic,"2517 John B Dennis Hwy, Kingsport",(423) 288-8101,Mass,9:30 AM,,Mass,english,,
"Sun, Mar 01, 2026",2026-03-01,Sunday,St. Edward,"188 Thompson Ln, Nashville",(615)-833-5520,Mass,10:30 AM,,Mass,English,,
"Sun, Mar 01, 2026",2026-03-01,Sunday,St. Edward,"188 Thompson Ln, Nashville",(615)-833-5520,Mass,12:00 PM,,Mass,English,,No Music
"Sun, Mar 01, 2026",2026-03-01,Sunday,St. Edward,"188 Thompson Ln, Nashville",(615)-833-5520,Mass,12:15 PM,,Mass,English,,
"Sun, Mar 01, 2026",2026-03-01,Sunday,St. Edward,"188 Thompson Ln, Nashville",(615)-833-5520,Mass,2:30 PM,,Nigerian Catholic Community Mass,English,,1st of the Month; Feb–Dec
"Sun, Mar 01, 2026",2026-03-01,Sunday,St. Edward,"188 Thompson Ln, Nashville",(615)-833-5520,Mass,6:00 PM,,Mass,English,,
"Sun, Mar 01, 2026",2026-03-01,Sunday,St. Edward,"188 Thompson Ln, Nashville",(615)-833-5520,Mass,8:00 AM,,Mass,English,,
"Sun, Mar 01, 2026",2026-03-01,Sunday,St. Elizabeth,"510 W C Street, Elizabethton",(423) 543-3412,Mass,9:00 AM,,Mass,English,,
"Sun, Mar 01, 2026",2026-03-01,Sunday,St. Elizabeth Ann Seton (Ordinariate of the Chair of St. Peter),"217 Fox Rd, Knoxville",,Mass,10:15 AM,,Mass,English,217 Fox Rd. Knoxville,
"Sun, Mar 01, 2026",2026-03-01,Sunday,"St. Elizabeth Ann Seton, Dayton","500 Oxford Dr, Dayton",(912) 508-5313,Mass,4:00 PM,,Mass,English,500 Oxford Dr. Dayton TN,note: except for first Sundays
"Sun, Mar 01, 2026",2026-03-01,Sunday,St. Elizabeth of the Hill Country,"259 Pilgrims Way, Boone",(828) 264-8338,Mass,11:30 AM,,Mass,spanish,St. Elizabeth,
"Sun, Mar 01, 2026",2026-03-01,Sunday,St. Elizabeth of the Hill Country,"259 Pilgrims Way, Boone",(828) 264-8338,Mass,9:00 AM,,Mass,english,St. Elizabeth,
"Sun, Mar 01, 2026",2026-03-01,Sunday,St. Frances Cabrini,"300 S Tarver Ave, Lebanon",(615) 444-0524,Mass,11:00 AM,,Mass,english,,
"Sun, Mar 01, 2026",2026-03-01,Sunday,St. Frances Cabrini,"300 S Tarver Ave, Lebanon",(615) 444-0524,Mass,1:00 PM,,Mass,spanish,,
"Sun, Mar 01, 2026",2026-03-01,Sunday,St. Frances Cabrini,"300 S Tarver Ave, Lebanon",(615) 444-0524,Mass,8:00 AM,,Mass,english,,
"Sun, Mar 01, 2026",2026-03-01,Sunday,St. Francis of Assisi,"7503 Peavine Rd, Fairfield Glade",(931) 484-3628,Mass,10:00 AM,,Mass,English,,
"Sun, Mar 01, 2026",2026-03-01,Sunday,St. Francis of Assisi,"8151 Chimneyrock Blvd, Cordova",(901) 756-1213,Mass,10:30 AM,,Mass,English,St. Francis of Assisi,note: Traditional Choir
"Sun, Mar 01, 2026",2026-03-01,Sunday,St. Francis of Assisi,"7600 Russellville Rd, Guthrie",(270) 265-5263,Mass,12:00 PM,,Mass,spanish,,
"Sun, Mar 01, 2026",2026-03-01,Sunday,St. Francis of Assisi,"8151 Chimneyrock Blvd, Cordova",(901) 756-1213,Mass,12:30 PM,,Mass,spanish,St. Francis of Assisi,
"Sun, Mar 01, 2026",2026-03-01,Sunday,St. Francis of Assisi,"8151 Chimneyrock Blvd, Cordova",(901) 756-1213,Mass,5:00 PM,,Mass,English,St. Francis of Assisi,
"Sun, Mar 01, 2026",2026-03-01,Sunday,St. Francis of Assisi,"8151 Chimneyrock Blvd, Cordova",(901) 756-1213,Mass,7:15 AM,,Mass,English,St. Francis of Assisi,
"Sun, Mar 01, 2026",2026-03-01,Sunday,St. Francis of Assisi,"7503 Peavine Rd, Fairfield Glade",(931) 484-3628,Mass,8:00 AM,,Mass,English,,
"Sun, Mar 01, 2026",2026-03-01,Sunday,St. Francis of Assisi,"8151 Chimneyrock Blvd, Cordova",(901) 756-1213,Mass,8:45 AM,,Mass,English,St. Francis of Assisi,
"Sun, Mar 01, 2026",2026-03-01,Sunday,St. Francis of Assisi,"7600 Russellville Rd, Guthrie",(270) 265-5263,Mass,9:00 AM,,Mass,english,,
"Sun, Mar 01, 2026",2026-03-01,Sunday,St. Francis of Assisi,"167 St Francis Pl, Jefferson",(336) 246-9151,Mass,9:00 AM,,Mass,english,,
"Sun, Mar 01, 2026",2026-03-01,Sunday,St. Francis of Assisi,"7719 River Rd, Townsend",(865) 448-6070,Mass,9:00 AM,,Mass,English,,
"Sun, Mar 01, 2026",2026-03-01,Sunday,St. Gerard Majella,"3049 Lafayette Rd, Fort Oglethorpe",(706) 861-9410,Mass,11:00 AM,,Mass,English,Saint Gerard Majella Catholic Church,
"Sun, Mar 01, 2026",2026-03-01,Sunday,St. Gerard Majella,"3049 Lafayette Rd, Fort Oglethorpe",(706) 861-9410,Mass,9:00 AM,,Mass,English,Saint Gerard Majella Catholic Church,
"Sun, Mar 01, 2026",2026-03-01,Sunday,St. Henry,"112-114 Hwy 70 N, Rogersville",(423) 272-6897,Mass,12:00 PM,,Mass,English,St. James,
"Sun, Mar 01, 2026",2026-03-01,Sunday,St. Henry,"6401 Harding Pike, Nashville",(615) 352-2259,Mass,7:30 AM,,Mass,English,,note: with ASL interpreter
"Sun, Mar 01, 2026",2026-03-01,Sunday,St. Henry,"112-114 Hwy 70 N, Rogersville",(423) 272-6897,Mass,9:00 AM,,Mass,English,,
"Sun, Mar 01, 2026",2026-03-01,Sunday,St. Ignatius of Antioch,"601 Bell Rd, Nashville",615-367-0085,Mass,10:30 AM,,Mass,English,,
"Sun, Mar 01, 2026",2026-03-01,Sunday,St. Ignatius of Antioch,"601 Bell Rd, Nashville",615-367-0085,Mass,1:00 PM,,Mass,spanish,,
"Sun, Mar 01, 2026",2026-03-01,Sunday,St. Ignatius of Antioch,"601 Bell Rd, Nashville",615-367-0085,Mass,8:00 AM,,Mass,English,,
"Sun, Mar 01, 2026",2026-03-01,Sunday,St. James,"4180 Leroy Ave, Memphis",(901) 767-8672,Mass,10:00 AM,,Mass,english,,
"Sun, Mar 01, 2026",2026-03-01,Sunday,St. James,"4180 Leroy Ave, Memphis",(901) 767-8672,Mass,12:30 PM,,Mass,spanish,,
"Sun, Mar 01, 2026",2026-03-01,Sunday,St. James the Apostle,"3652 Main St, Sneedville",(423) 272-6897,Mass,12:00 PM,,Mass,English,St. James,
"Sun, Mar 01, 2026",2026-03-01,Sunday,St. James the Apostle,"3652 Main St, Sneedville",(423) 272-6897,Mass,9:00 AM,,Mass,English,,
"Sun, Mar 01, 2026",2026-03-01,Sunday,St. James the Less,"3189 N Harper Rd, Corinth",(662) 331-5184,Mass,10:30 AM,,Mass/Misa,english,,
"Sun, Mar 01, 2026",2026-03-01,Sunday,St. James the Less,"3189 N Harper Rd, Corinth",(662) 331-5184,Mass,1:00 PM,,Mass/Misa,spanish,,
"Sun, Mar 01, 2026",2026-03-01,Sunday,St. John,"910 N Washington Ave, Brownsville",(731) 668-2596,Mass,11:30 AM,,Mass,spanish,"St. John, Brownsville",
"Sun, Mar 01, 2026",2026-03-01,Sunday,St. John,"910 N Washington Ave, Brownsville",(731) 668-2596,Mass,9:00 AM,,Mass,English,"St. John, Brownsville",
"Sun, Mar 01, 2026",2026-03-01,Sunday,St. John Neumann,"633 Saint John Ct, Farragut",(865) 966-4540,Mass,11:00 AM,,Mass,English,,
"Sun, Mar 01, 2026",2026-03-01,Sunday,St. John Neumann,"633 Saint John Ct, Farragut",(865) 966-4540,Mass,12:30 PM,,Mass,spanish,,
"Sun, Mar 01, 2026",2026-03-01,Sunday,St. John Neumann,"633 Saint John Ct, Farragut",(865) 966-4540,Mass,6:45 AM,,Mass,English,,
"Sun, Mar 01, 2026",2026-03-01,Sunday,St. John Neumann,"633 Saint John Ct, Farragut",(865) 966-4540,Mass,8:30 AM,,Mass,English,,
"Sun, Mar 01, 2026",2026-03-01,Sunday,St. John Vianney,"449 N Water St, Gallatin",(615) 452-2977,Mass,10:30 AM,,Mass,English,,
"Sun, Mar 01, 2026",2026-03-01,Sunday,St. John Vianney,"449 N Water St, Gallatin",(615) 452-2977,Mass,4:00 PM,,Mass,spanish,,
"Sun, Mar 01, 2026",2026-03-01,Sunday,St. John Vianney,"449 N Water St, Gallatin",(615) 452-2977,Mass,8:00 AM,,Mass,English,,
"Sun, Mar 01, 2026",2026-03-01,Sunday,St. John XXIII (U. of Tenn.),"1710 Melrose Pl, Knoxville",(865) 523-7931,Mass,11:15 AM,,Mass,english,,livestream
"Sun, Mar 01, 2026",2026-03-01,Sunday,St. John XXIII (U. of Tenn.),"1710 Melrose Pl, Knoxville",(865) 523-7931,Mass,5:30 PM,,Mass,english,,During the School Semester Only
"Sun, Mar 01, 2026",2026-03-01,Sunday,St. John XXIII (U. of Tenn.),"1710 Melrose Pl, Knoxville",(865) 523-7931,Mass,9:00 AM,,Mass,english,,
"Sun, Mar 01, 2026",2026-03-01,Sunday,St. John XXIII (U. of Tenn.),"1710 Melrose Pl, Knoxville",(865) 523-7931,Mass,9:00 PM,,Mass,english,,During the School Semester Only
"Sun, Mar 01, 2026",2026-03-01,Sunday,St. John the Evangelist,"1061 Ellington Pkwy S, Lewisburg",(931) 359-5017,Mass,12:00 PM,,Mass,english,,
"Sun, Mar 01, 2026",2026-03-01,Sunday,St. John the Evangelist,"1061 Ellington Pkwy S, Lewisburg",(931) 359-5017,Mass,9:00 AM,,Mass,english,,
"Sun, Mar 01, 2026",2026-03-01,Sunday,St. Joseph,"203 Plum St, Florence",(256) 764-3303,Mass,10:30 AM,,Mass,English,,
"Sun, Mar 01, 2026",2026-03-01,Sunday,St. Joseph,"304 American Blvd, Saint Joseph",931-853-4370,Mass,10:30 AM,,Mass,english,,
"Sun, Mar 01, 2026",2026-03-01,Sunday,St. Joseph,"316 Main St, Bryson City",(828) 488-6766,Mass,11:00 AM,,Mass,english,St. Joseph's,
"Sun, Mar 01, 2026",2026-03-01,Sunday,St. Joseph,"968 Haig Mill Lake Rd, Dalton",(706) 278-3107,Mass,11:30 AM,,Mass,spanish,,
"Sun, Mar 01, 2026",2026-03-01,Sunday,St. Joseph,"3825 Neely Rd, Memphis",(901) 396-9996,Mass,12:00 PM,,Mass,spanish,,Midday
"Sun, Mar 01, 2026",2026-03-01,Sunday,St. Joseph,"203 Plum St, Florence",(256) 764-3303,Mass,12:30 PM,,Mass,spanish,,
"Sun, Mar 01, 2026",2026-03-01,Sunday,St. Joseph,"968 Haig Mill Lake Rd, Dalton",(706) 278-3107,Mass,2:00 PM,,Mass,spanish,East Morris – Capilla San Juan Diego,
"Sun, Mar 01, 2026",2026-03-01,Sunday,St. Joseph,"968 Haig Mill Lake Rd, Dalton",(706) 278-3107,Mass,2:00 PM,,Mass,spanish,,
"Sun, Mar 01, 2026",2026-03-01,Sunday,St. Joseph,"203 Plum St, Florence",(256) 764-3303,Mass,5:00 PM,,Mass,English,,
"Sun, Mar 01, 2026",2026-03-01,Sunday,St. Joseph,"968 Haig Mill Lake Rd, Dalton",(706) 278-3107,Mass,6:00 PM,,Mass,spanish,,
"Sun, Mar 01, 2026",2026-03-01,Sunday,St. Joseph,"968 Haig Mill Lake Rd, Dalton",(706) 278-3107,Mass,7:30 AM,,Mass,spanish,,
"Sun, Mar 01, 2026",2026-03-01,Sunday,St. Joseph,"305 E Van Dorn Ave, Holly Springs",(662) 252-3138,Mass,7:30 AM,,Mass,English,St. Joseph,
"Sun, Mar 01, 2026",2026-03-01,Sunday,St. Joseph,"203 Plum St, Florence",(256) 764-3303,Mass,8:00 AM,,Mass,English,,
"Sun, Mar 01, 2026",2026-03-01,Sunday,St. Joseph,"305 E Van Dorn Ave, Holly Springs",(662) 252-3138,Mass,8:00 AM,,Mass,english,St. Joseph,
"Sun, Mar 01, 2026",2026-03-01,Sunday,St. Joseph,"304 American Blvd, Saint Joseph",931-853-4370,Mass,8:00 AM,,Mass,english,Saint Joseph,livestream
"Sun, Mar 01, 2026",2026-03-01,Sunday,St. Joseph,"3825 Neely Rd, Memphis",(901) 396-9996,Mass,9:00 AM,,Mass,spanish,,
"Sun, Mar 01, 2026",2026-03-01,Sunday,St. Joseph,"3425 Andersonville Hwy, Norris",(865) 494-7746,Mass,9:00 AM,,Mass,English,St. Joseph - Norris,
"Sun, Mar 01, 2026",2026-03-01,Sunday,St. Joseph,"316 Main St, Bryson City",(828) 488-6766,Mass,9:30 AM,,Mass,english,St. Joseph's,
"Sun, Mar 01, 2026",2026-03-01,Sunday,St. Joseph,"968 Haig Mill Lake Rd, Dalton",(706) 278-3107,Mass,9:30 AM,,Mass,english,,livestream
"Sun, Mar 01, 2026",2026-03-01,Sunday,St. Joseph the Worker,"649 Old Tellico Hwy N, Madisonville",(423) 442-7273,Mass,10:00 AM,,Mass,English,St. Joseph the Worker Catholic Church,
"Sun, Mar 01, 2026",2026-03-01,Sunday,St. Joseph the Worker,"649 Old Tellico Hwy N, Madisonville",(423) 442-7273,Mass,12:30 PM,,Mass,spanish,St. Joseph the Worker Catholic Church,
"Sun, Mar 01, 2026",2026-03-01,Sunday,St. Joseph the Worker,"649 Old Tellico Hwy N, Madisonville",(423) 442-7273,Mass,8:00 AM,,Mass,English,St. Joseph the Worker Catholic Church,
"Sun, Mar 01, 2026",2026-03-01,Sunday,St. Jude,"435 Moody Ave, Martin",(731) 587-9777,Mass,10:00 AM,,Mass,english,,livestream
"Sun, Mar 01, 2026",2026-03-01,Sunday,St. Jude,"930 Ashland Ter, Chattanooga",(423) 870-2386,Mass,10:30 AM,,Mass,english,,
"Sun, Mar 01, 2026",2026-03-01,Sunday,St. Jude,"1318 E Poplar Ave, Selmer",(731) 645-4188,Mass,10:30 AM,,Mass,spanish,"St. Jude Church, Selmer",
"Sun, Mar 01, 2026",2026-03-01,Sunday,St. Jude,"930 Ashland Ter, Chattanooga",(423) 870-2386,Mass,12:15 PM,,Mass,english,,
"Sun, Mar 01, 2026",2026-03-01,Sunday,St. Jude,"435 Moody Ave, Martin",(731) 587-9777,Mass,12:30 PM,,Mass,spanish,,
"Sun, Mar 01, 2026",2026-03-01,Sunday,St. Jude,"930 Ashland Ter, Chattanooga",(423) 870-2386,Mass,5:30 PM,,Mass,english,,
"Sun, Mar 01, 2026",2026-03-01,Sunday,St. Jude,"930 Ashland Ter, Chattanooga",(423) 870-2386,Mass,8:00 AM,,Mass,english,,
"Sun, Mar 01, 2026",2026-03-01,Sunday,St. Jude,"1318 E Poplar Ave, Selmer",(731) 645-4188,Mass,8:00 AM,,Mass,English,"St. Jude Church, Selmer",
"Sun, Mar 01, 2026",2026-03-01,Sunday,St. Jude Catholic Church,"930 Ashland Terrace, Chattanooga",+1-423-870-2386,Mass,10:30 AM,,Mass,english,,
"Sun, Mar 01, 2026",2026-03-01,Sunday,St. Jude Catholic Church,"930 Ashland Terrace, Chattanooga",+1-423-870-2386,Mass,12:15 PM,,Mass,english,,
"Sun, Mar 01, 2026",2026-03-01,Sunday,St. Jude Catholic Church,"930 Ashland Terrace, Chattanooga",+1-423-870-2386,Mass,5:30 PM,,Mass,english,,
"Sun, Mar 01, 2026",2026-03-01,Sunday,St. Jude Catholic Church,"930 Ashland Terrace, Chattanooga",+1-423-870-2386,Mass,8:00 AM,,Mass,english,,
"Sun, Mar 01, 2026",2026-03-01,Sunday,St. Julian,"118 E Chester Ave, Middlesboro",(606) 248-2068,Mass,11:00 AM,,Mass,English,,
"Sun, Mar 01, 2026",2026-03-01,Sunday,St. Katharine Drexel,"140 New England Rd, Wildwood",(706) 820-0680,Mass,11:30 AM,,Mass,english,Saint Katharine Drexel Mission,
"Sun, Mar 01, 2026",2026-03-01,Sunday,St. Katharine Drexel,"140 New England Rd, Wildwood",(706) 820-0680,Mass,9:00 AM,,Mass,english,,
"Sun, Mar 01, 2026",2026-03-01,Sunday,St. Lawrence,"5655 Clarksville Hwy, Joelton",(615) 876-2127,Mass,9:00 AM,,Mass,English,Saint Lawrence,note: Pre-Mass rosary begins at 08:30
"Sun, Mar 01, 2026",2026-03-01,Sunday,St. Louis,"203 S White Station Rd, Memphis",(901) 255-1950,Mass,10:30 AM,,Mass,English,,
"Sun, Mar 01, 2026",2026-03-01,Sunday,St. Louis,"203 S White Station Rd, Memphis",(901) 255-1950,Mass,12:15 PM,,Mass,English,,
"Sun, Mar 01, 2026",2026-03-01,Sunday,St. Louis,"203 S White Station Rd, Memphis",(901) 255-1950,Mass,6:00 PM,,Mass,English,,livestream
"Sun, Mar 01, 2026",2026-03-01,Sunday,St. Louis,"203 S White Station Rd, Memphis",(901) 255-1950,Mass,7:30 AM,,Mass,English,,
"Sun, Mar 01, 2026",2026-03-01,Sunday,St. Louis,"203 S White Station Rd, Memphis",(901) 255-1950,Mass,9:00 AM,,Mass,English,,
"Sun, Mar 01, 2026",2026-03-01,Sunday,St. Lucien,"695 Summit St, Spruce Pine",(828) 898-6900,Mass,8:30 AM,,Holy Mass,English,"St. Lucien, 695 Summit St. Spruce Pine, NC 28777",
"Sun, Mar 01, 2026",2026-03-01,Sunday,St. Martha,"3331 Bell St, Ashland City",615-792-4255,Mass,11:30 AM,,Mass,English,,
"Sun, Mar 01, 2026",2026-03-01,Sunday,St. Martha,"3331 Bell St, Ashland City",615-792-4255,Mass,8:30 AM,,Mass,English,,
"Sun, Mar 01, 2026",2026-03-01,Sunday,St. Mary,"2211 E Lakeview Dr, Johnson City",(423) 282-6367,Mass,10:00 AM,,Mass,english,,
"Sun, Mar 01, 2026",2026-03-01,Sunday,St. Mary,"2315 Pickwick St, Savannah",(731) 925-4852,Mass,10:00 AM,,Mass,English,St. Mary's,
"Sun, Mar 01, 2026",2026-03-01,Sunday,St. Mary,"1665 US-45 BYP, Jackson",(731) 668-2596,Mass,10:30 AM,,Mass,english,,livestream
"Sun, Mar 01, 2026",2026-03-01,Sunday,St. Mary,"155 Market St, Memphis",(901) 522-9420,Mass,10:30 AM,,Mass,English,,
"Sun, Mar 01, 2026",2026-03-01,Sunday,St. Mary,"327 Vermont Ave, Oak Ridge",(865) 482-2875,Mass,10:30 AM,,Mass,english,,
"Sun, Mar 01, 2026",2026-03-01,Sunday,St. Mary,"220 W Main St, Camden",(731) 584-6459,Mass,10:45 AM,,Mass,English,,
"Sun, Mar 01, 2026",2026-03-01,Sunday,St. Mary,"304 Airport Rd, Gatlinburg",(865) 436-4907,Mass,11:00 AM,,Mass,english,St. Mary's Catholic Church,
"Sun, Mar 01, 2026",2026-03-01,Sunday,St. Mary,"2211 E Lakeview Dr, Johnson City",(423) 282-6367,Mass,12:00 PM,,Mass,spanish,,
"Sun, Mar 01, 2026",2026-03-01,Sunday,St. Mary,"327 Vermont Ave, Oak Ridge",(865) 482-2875,Mass,12:30 PM,,Mass,spanish,,
"Sun, Mar 01, 2026",2026-03-01,Sunday,St. Mary,"1665 US-45 BYP, Jackson",(731) 668-2596,Mass,1:00 PM,,Mass,spanish,,
"Sun, Mar 01, 2026",2026-03-01,Sunday,St. Mary,"2211 E Lakeview Dr, Johnson City",(423) 282-6367,Mass,2:00 PM,,Mass,latin,,
"Sun, Mar 01, 2026",2026-03-01,Sunday,St. Mary,"403 N Main St, Franklin",(270) 586-4515 or (270) 253-3230 (Rectory),Mass,6:00 PM,,Mass,spanish,,
"Sun, Mar 01, 2026",2026-03-01,Sunday,St. Mary,"1665 US-45 BYP, Jackson",(731) 668-2596,Mass,8:00 AM,,Mass,english,,livestream
"Sun, Mar 01, 2026",2026-03-01,Sunday,St. Mary,"2211 E Lakeview Dr, Johnson City",(423) 282-6367,Mass,8:00 AM,,Mass,English,,
"Sun, Mar 01, 2026",2026-03-01,Sunday,St. Mary,"155 Market St, Memphis",(901) 522-9420,Mass,8:00 AM,,Mass,English,,
"Sun, Mar 01, 2026",2026-03-01,Sunday,St. Mary,"327 Vermont Ave, Oak Ridge",(865) 482-2875,Mass,8:00 AM,,Mass,english,,
"Sun, Mar 01, 2026",2026-03-01,Sunday,St. Mary,"403 N Main St, Franklin",(270) 586-4515 or (270) 253-3230 (Rectory),Mass,8:30 AM,,Mass,English,,
"Sun, Mar 01, 2026",2026-03-01,Sunday,St. Mary,"223 Mecklenburg Dr, Bolivar",(731) 658-4627,Mass,9:00 AM,,Mass,English,"St. Mary’s Church, Bolivar",
"Sun, Mar 01, 2026",2026-03-01,Sunday,St. Mary,"304 Airport Rd, Gatlinburg",(865) 436-4907,Mass,9:00 AM,,Mass,english,St. Mary's Catholic Church,
"Sun, Mar 01, 2026",2026-03-01,Sunday,St. Mary of the Lake Mission,"626 Horseshoe Cir, Horseshoe Lake",(870) 733-1212,Mass,10:30 AM,,Mass,English,St. Michael's Church,
"Sun, Mar 01, 2026",2026-03-01,Sunday,St. Mary of the Lake Mission,"626 Horseshoe Cir, Horseshoe Lake",(870) 733-1212,Mass,8:30 AM,,Mass,English,"Sacred Heart, Crawfordsville",
"Sun, Mar 01, 2026",2026-03-01,Sunday,St. Mary of the Seven Sorrows,"328 Rep John Lewis Way N, Nashville",(615) 561-1704,Mass,12:00 PM,,Sung Mass,English,,
"Sun, Mar 01, 2026",2026-03-01,Sunday,St. Mary of the Seven Sorrows,"328 Rep John Lewis Way N, Nashville",(615) 561-1704,Mass,9:00 AM,,Solemn Sung Mass,English,,
"Sun, Mar 01, 2026",2026-03-01,Sunday,St. Matthew,"535 Sneed Rd W, Franklin",(615) 646-0378,Mass,11:00 AM,,Mass,english,,
"Sun, Mar 01, 2026",2026-03-01,Sunday,St. Matthew,"9060 Telecom Dr, Milan",(731) 784-3904,Mass,11:00 AM,,Mass,English,Sacred Heart,
"Sun, Mar 01, 2026",2026-03-01,Sunday,St. Matthew,"9060 Telecom Dr, Milan",(731) 784-3904,Mass,1:00 PM,,Mass,spanish,Sacred Heart,
"Sun, Mar 01, 2026",2026-03-01,Sunday,St. Matthew,"535 Sneed Rd W, Franklin",(615) 646-0378,Mass,8:30 AM,,Mass,english,,livestream
"Sun, Mar 01, 2026",2026-03-01,Sunday,St. Matthew,"501 S Ermen Ln, Osceola",(870) 762-2506,Mass,9:00 AM,,Mass,English,"St. Matthew Church, Osceola",
"Sun, Mar 01, 2026",2026-03-01,Sunday,St. Michael,"2751 County Rd 30, Florence",(256) 764-1885,Mass,10:00 AM,,Mass,English,St. Michael's Catholic Church,
"Sun, Mar 01, 2026",2026-03-01,Sunday,St. Michael,"411 Missouri St, West Memphis",(870) 733-1212,Mass,10:30 AM,,Mass,English,St. Michael's Church,
"Sun, Mar 01, 2026",2026-03-01,Sunday,St. Michael,"3863 Summer Ave, Memphis",(901) 323-0896,Mass,11:00 AM,,Mass,english,,
"Sun, Mar 01, 2026",2026-03-01,Sunday,St. Michael,"3863 Summer Ave, Memphis",(901) 323-0896,Mass,1:30 PM,,Mass,spanish,,
"Sun, Mar 01, 2026",2026-03-01,Sunday,St. Michael,"3863 Summer Ave, Memphis",(901) 323-0896,Mass,7:00 PM,,Mass,spanish,,
"Sun, Mar 01, 2026",2026-03-01,Sunday,St. Michael,"2751 County Rd 30, Florence",(256) 764-1885,Mass,7:30 AM,,Mass,English,St. Michael's Catholic Church,
"Sun, Mar 01, 2026",2026-03-01,Sunday,St. Michael,"3863 Summer Ave, Memphis",(901) 323-0896,Mass,8:00 AM,,Mass,english,,
"Sun, Mar 01, 2026",2026-03-01,Sunday,St. Michael,"3863 Summer Ave, Memphis",(901) 323-0896,Mass,9:15 AM,,Mass,spanish,,
"Sun, Mar 01, 2026",2026-03-01,Sunday,St. Michael the Archangel ,"657 N Mohawk Dr, Erwin",(423) 735-0484,Mass,10:00 AM,,Mass,bilingual,Parish Center,
"Sun, Mar 01, 2026",2026-03-01,Sunday,St. Patrick,"1219 Second Ave S, Nashville",(615) 256-6498,Mass,11:00 AM,,Mass,english,,
"Sun, Mar 01, 2026",2026-03-01,Sunday,St. Patrick,"2518 W Andrew Johnson Hwy, Morristown",(423) 586-9174,Mass,12:00 PM,,Spanish Mass,English,,
"Sun, Mar 01, 2026",2026-03-01,Sunday,St. Patrick,"2518 W Andrew Johnson Hwy, Morristown",(423) 586-9174,Mass,8:00 AM,,Mass,bilingual,,livestream
"Sun, Mar 01, 2026",2026-03-01,Sunday,St. Patrick,"175 St Patrick St, McEwen",(931) 582-3633,Mass,9:00 AM,,Mass,english,"Saint Patrick Catholic Church, McEwen, TN",
"Sun, Mar 01, 2026",2026-03-01,Sunday,St. Patrick,"2518 W Andrew Johnson Hwy, Morristown",(423) 586-9174,Mass,9:30 AM,,Mass,english,,livestream
"Sun, Mar 01, 2026",2026-03-01,Sunday,St. Paul the Apostle,"1425 E Shelby Dr, Memphis",(901) 346-2380,Mass,10:00 AM,,Mass,English,,livestream
"Sun, Mar 01, 2026",2026-03-01,Sunday,St. Paul the Apostle,"1425 E Shelby Dr, Memphis",(901) 346-2380,Mass,12:30 PM,,Mass,spanish,,
"Sun, Mar 01, 2026",2026-03-01,Sunday,St. Paul the Apostle,"1425 E Shelby Dr, Memphis",(901) 346-2380,Mass,7:00 AM,,Mass,English,,
"Sun, Mar 01, 2026",2026-03-01,Sunday,St. Paul the Apostle,"304 W Grizzard St, Tullahoma",(931) 455-3050,Mass,8:30 AM,,Mass,english,,
"Sun, Mar 01, 2026",2026-03-01,Sunday,St. Peter the Apostle,"208 Upper Ferry Rd, Carthage",(615) 281-8327,Mass,9:00 AM,,Mass,English,,
"Sun, Mar 01, 2026",2026-03-01,Sunday,St. Philip,"113 Second Ave S, Franklin",(615) 794-8588,Mass,11:00 AM,,Mass,english,St. Philip Catholic Church,
"Sun, Mar 01, 2026",2026-03-01,Sunday,St. Philip,"113 Second Ave S, Franklin",(615) 794-8588,Mass,1:00 PM,,Mass,spanish,St. Philip Catholic Church,
"Sun, Mar 01, 2026",2026-03-01,Sunday,St. Philip,"113 Second Ave S, Franklin",(615) 794-8588,Mass,5:00 PM,,Mass,english,St. Philip Catholic Church,note: No 5pm Mass on Easter Sunday
"Sun, Mar 01, 2026",2026-03-01,Sunday,St. Philip,"113 Second Ave S, Franklin",(615) 794-8588,Mass,7:00 AM,,Mass,english,St. Philip Catholic Church,note: No 7am Mass on Easter Sunday
"Sun, Mar 01, 2026",2026-03-01,Sunday,St. Philip,"113 Second Ave S, Franklin",(615) 794-8588,Mass,8:30 AM,,Mass,english,St. Philip Catholic Church,
"Sun, Mar 01, 2026",2026-03-01,Sunday,St. Philip the Apostle,"11710 US Hwy 64, Somerville",(901) 465-8685,Mass,10:30 AM,,Mass,english,,livestream
"Sun, Mar 01, 2026",2026-03-01,Sunday,St. Philip the Apostle,"11710 US Hwy 64, Somerville",(901) 465-8685,Mass,8:00 AM,,Mass,English,,
"Sun, Mar 01, 2026",2026-03-01,Sunday,St. Pius X,"2800 Tucker Rd, Nashville",(615) 256-2729,Mass,10:00 AM,,Holy Mass and Communion Service,vietnamese,ST. PIUS X ACADEMY AND CHURCH,
"Sun, Mar 01, 2026",2026-03-01,Sunday,St. Pius X,"2800 Tucker Rd, Nashville",(615) 256-2729,Mass,8:00 AM,,Holy Mass and Communion Service,english,ST. PIUS X ACADEMY AND CHURCH,
"Sun, Mar 01, 2026",2026-03-01,Sunday,St. Pius X Church,"2800 Tucker Rd, Nashville",+1-615-244-4093,Mass,10:00 AM,,Mass,vietnamese,ST. PIUS X ACADEMY AND CHURCH,
"Sun, Mar 01, 2026",2026-03-01,Sunday,St. Pius X Church,"2800 Tucker Rd, Nashville",+1-615-244-4093,Mass,8:00 AM,,Mass,english,ST. PIUS X ACADEMY AND CHURCH,
"Sun, Mar 01, 2026",2026-03-01,Sunday,St. Regina,"108 Skyline Dr, Parsons",(731) 847-2054 ,Mass,11:00 AM,,Mass,English,,
"Sun, Mar 01, 2026",2026-03-01,Sunday,St. Rose of Lima Catholic Church,"1601 N Tennessee Blvd, Murfreesboro",(615) 893-1843,Mass,11:00 AM,,Mass,English,,
"Sun, Mar 01, 2026",2026-03-01,Sunday,St. Rose of Lima Catholic Church,"1601 N Tennessee Blvd, Murfreesboro",(615) 893-1843,Mass,2:00 PM,,Mass,spanish,,
"Sun, Mar 01, 2026",2026-03-01,Sunday,St. Rose of Lima Catholic Church,"1601 N Tennessee Blvd, Murfreesboro",(615) 893-1843,Mass,3:00 PM,,Mass,spanish,,
"Sun, Mar 01, 2026",2026-03-01,Sunday,St. Rose of Lima Catholic Church,"1601 N Tennessee Blvd, Murfreesboro",(615) 893-1843,Mass,5:00 PM,,Mass,English,,
"Sun, Mar 01, 2026",2026-03-01,Sunday,St. Rose of Lima Catholic Church,"1601 N Tennessee Blvd, Murfreesboro",(615) 893-1843,Mass,7:00 AM,,Mass,English,,
"Sun, Mar 01, 2026",2026-03-01,Sunday,St. Rose of Lima Catholic Church,"1601 N Tennessee Blvd, Murfreesboro",(615) 893-1843,Mass,8:30 AM,,Mass,English,,
"Sun, Mar 01, 2026",2026-03-01,Sunday,St. Stephen,"7111 Lee Hwy, Chattanooga",(423) 892-1261,Mass,11:00 AM,,Mass,english,St. Stephen Catholic Church,livestream
"Sun, Mar 01, 2026",2026-03-01,Sunday,St. Stephen,"14544 Lebanon Rd, Old Hickory",(615) 758-2424,Mass,11:00 AM,,Mass,english,Saint Stephen Catholic Community,
"Sun, Mar 01, 2026",2026-03-01,Sunday,St. Stephen,"7111 Lee Hwy, Chattanooga",(423) 892-1261,Mass,1:00 PM,,Mass,spanish,St. Stephen Catholic Church,
"Sun, Mar 01, 2026",2026-03-01,Sunday,St. Stephen,"14544 Lebanon Rd, Old Hickory",(615) 758-2424,Mass,5:00 PM,,Mass,english,Saint Stephen Catholic Community,
"Sun, Mar 01, 2026",2026-03-01,Sunday,St. Stephen,"7111 Lee Hwy, Chattanooga",(423) 892-1261,Mass,8:30 AM,,Mass,english,St. Stephen Catholic Church,
"Sun, Mar 01, 2026",2026-03-01,Sunday,St. Stephen,"14544 Lebanon Rd, Old Hickory",(615) 758-2424,Mass,8:30 AM,,Mass,english,Saint Stephen Catholic Community,livestream
"Sun, Mar 01, 2026",2026-03-01,Sunday,St. Teresa of Kolkata,"3445 Maynardville Hwy, Maynardville",(865) 992-7222,Mass,11:00 AM,,Mass,spanish,,
"Sun, Mar 01, 2026",2026-03-01,Sunday,St. Teresa of Kolkata,"3445 Maynardville Hwy, Maynardville",(865) 992-7222,Mass,9:00 AM,,Mass,English,,
"Sun, Mar 01, 2026",2026-03-01,Sunday,St. Therese,"701 S Charles G Seivers Blvd, Clinton",(865) 457-4073,Mass,11:00 AM,,Mass,English,St. Therese Catholic Church,livestream
"Sun, Mar 01, 2026",2026-03-01,Sunday,St. Therese of Lisieux,"900 Clingan Ridge Dr NW, Cleveland",(423) 476-8123,Mass,10:00 AM,,Mass,english,,
"Sun, Mar 01, 2026",2026-03-01,Sunday,St. Therese of Lisieux,"900 Clingan Ridge Dr NW, Cleveland",(423) 476-8123,Mass,12:30 PM,,Mass,english,,
"Sun, Mar 01, 2026",2026-03-01,Sunday,St. Therese of Lisieux,"900 Clingan Ridge Dr NW, Cleveland",(423) 476-8123,Mass,8:00 AM,,Mass,spanish,,
"Sun, Mar 01, 2026",2026-03-01,Sunday,St. Thomas Aquinas,"421 N Washington Ave, Cookeville",(931) 526-2575,Mass,10:45 AM,,Mass,english,,
"Sun, Mar 01, 2026",2026-03-01,Sunday,St. Thomas Aquinas,"421 N Washington Ave, Cookeville",(931) 526-2575,Mass,1:00 PM,,Mass,spanish,,
"Sun, Mar 01, 2026",2026-03-01,Sunday,St. Thomas Aquinas,"421 N Washington Ave, Cookeville",(931) 526-2575,Mass,8:00 AM,,Mass,english,,
"Sun, Mar 01, 2026",2026-03-01,Sunday,St. Thomas the Apostle,"1580 St Thomas Way, Lenoir City",(865) 986-9885,Mass,11:30 AM,,Mass,english,Saint Thomas the Apostle,
"Sun, Mar 01, 2026",2026-03-01,Sunday,St. Thomas the Apostle,"1580 St Thomas Way, Lenoir City",(865) 986-9885,Mass,1:30 PM,,Mass,spanish,Saint Thomas the Apostle,
"Sun, Mar 01, 2026",2026-03-01,Sunday,St. Thomas the Apostle,"1580 St Thomas Way, Lenoir City",(865) 986-9885,Mass,7:00 AM,,Mass,english,Saint Thomas the Apostle,
"Sun, Mar 01, 2026",2026-03-01,Sunday,St. Thomas the Apostle,"1580 St Thomas Way, Lenoir City",(865) 986-9885,Mass,9:00 AM,,Mass,english,Saint Thomas the Apostle,
"Sun, Mar 01, 2026",2026-03-01,Sunday,St. Thomas the Apostle (Ukrainian),"2304 Ault Rd, Knoxville",865-367-6093,Mass,10:00 AM,,Divine Liturgy,English,Church,
"Sun, Mar 01, 2026",2026-03-01,Sunday,St. Vincent de Paul,"1700 Heiman St, Nashville",(615) 320-0695 (Ext 100),Mass,11:00 AM,,Mass,english,,livestream
"Sun, Mar 01, 2026",2026-03-01,Sunday,St. Vincent de Paul,"1700 Heiman St, Nashville",(615) 320-0695 (Ext 100),Mass,8:30 AM,,Mass,english,,
"Sun, Mar 01, 2026",2026-03-01,Sunday,St. William,"4932 Easley St, Millington",(901) 872-4099,Mass,11:00 AM,,Mass,English,St. William Catholic Church,
"Sun, Mar 01, 2026",2026-03-01,Sunday,St. William,"765 Andrews Rd, Murphy",(828) 837-2000,Mass,11:00 AM,,Mass,english,St. William Catholic Church,
"Sun, Mar 01, 2026",2026-03-01,Sunday,St. William,"500 S Brittain St, Shelbyville",19316848745,Mass,11:30 AM,,Mass,spanish,,
"Sun, Mar 01, 2026",2026-03-01,Sunday,St. William,"4932 Easley St, Millington",(901) 872-4099,Mass,8:30 AM,,Mass,English,St. William Catholic Church,
"Sun, Mar 01, 2026",2026-03-01,Sunday,St. William,"500 S Brittain St, Shelbyville",19316848745,Mass,9:00 AM,,Mass,english,,
"Sun, Mar 01, 2026",2026-03-01,Sunday,Sts. Peter and Paul,"902 E 9th St, Hopkinsville",(270) 885-8522,Mass,10:30 AM,,Mass,english,,
"Sun, Mar 01, 2026",2026-03-01,Sunday,Sts. Peter and Paul,"902 E 9th St, Hopkinsville",(270) 885-8522,Mass,2:00 PM,,Mass,spanish,,
"Sun, Mar 01, 2026",2026-03-01,Sunday,Sts. Peter and Paul,"902 E 9th St, Hopkinsville",(270) 885-8522,Mass,8:00 AM,,Mass,english,,
"Sun, Mar 01, 2026",2026-03-01,Sunday,The Cathedral of the Most Sacred Heart of Jesus,"711 S Northshore Dr, Knoxville",(865) 588-0249,Mass,11:00 AM,,Mass,English,,livestream
"Sun, Mar 01, 2026",2026-03-01,Sunday,The Cathedral of the Most Sacred Heart of Jesus,"711 S Northshore Dr, Knoxville",(865) 588-0249,Mass,1:00 PM,,Mass,spanish,,
"Sun, Mar 01, 2026",2026-03-01,Sunday,The Cathedral of the Most Sacred Heart of Jesus,"711 S Northshore Dr, Knoxville",(865) 588-0249,Mass,3:00 PM,,Mass,polish,,First of Every Month
"Sun, Mar 01, 2026",2026-03-01,Sunday,The Cathedral of the Most Sacred Heart of Jesus,"711 S Northshore Dr, Knoxville",(865) 588-0249,Mass,7:30 AM,,Mass,English,,
"Sun, Mar 01, 2026",2026-03-01,Sunday,The Cathedral of the Most Sacred Heart of Jesus,"711 S Northshore Dr, Knoxville",(865) 588-0249,Mass,9:00 AM,,Mass,English,,livestream
"Sun, Mar 01, 2026",2026-03-01,Sunday,University Catholic (Vanderbilt and Belmont U.),"2015 W End Ave, Nashville",(629) 800-5151,Mass,5:00 PM,,UCat Mass,English,,
"Sun, Mar 01, 2026",2026-03-01,Sunday,Ave Maria,"664 S Washington St (TN-209), Ripley",(731)589-8302,Confession,8:00 AM,8:30 AM,Confession,English,,by appointment
"Sun, Mar 01, 2026",2026-03-01,Sunday,Basilica of Sts. Peter and Paul,"214 E 8th St, Chattanooga",(423) 266-1618,Confession,11:00 AM,11:30 AM,Confession,English,Basilica,
"Sun, Mar 01, 2026",2026-03-01,Sunday,Basilica of Sts. Peter and Paul,"214 E 8th St, Chattanooga",(423) 266-1618,Confession,1:00 PM,1:30 PM,Confession,English,Basilica,
"Sun, Mar 01, 2026",2026-03-01,Sunday,Basilica of Sts. Peter and Paul,"214 E 8th St, Chattanooga",(423) 266-1618,Confession,8:30 AM,9:00 AM,Confession,English,Basilica,
"Sun, Mar 01, 2026",2026-03-01,Sunday,Basilica of Sts. Peter and Paul,"214 E 8th St, Chattanooga",(423) 266-1618,Confession,TBD,,Confessions,English,,Sunday before Mass; ≥20 min; note: priest finishes a few minutes before Mass
"Sun, Mar 01, 2026",2026-03-01,Sunday,Blessed Sacrament,"2564 Hale Ave, Memphis",(901) 276-1412,Confession,7:45 AM,8:10 AM,Confession,bilingual,Blessed Sacrament Catholic Church,livestream
"Sun, Mar 01, 2026",2026-03-01,Sunday,Cathedral of the Immaculate Conception,"1669 Central Ave, Memphis",(901) 725-2700,Confession,11:30 AM,11:50 AM,Confession,English,,
"Sun, Mar 01, 2026",2026-03-01,Sunday,Cathedral of the Immaculate Conception,"1669 Central Ave, Memphis",(901) 725-2700,Confession,9:30 AM,9:50 AM,Confession,English,,
"Sun, Mar 01, 2026",2026-03-01,Sunday,Christ the King,"816 Blue Top Rd, Tazewell",(423) 562-0312,Confession,11:45 AM,11:55 AM,Confessions,English,Christ the King Church,
"Sun, Mar 01, 2026",2026-03-01,Sunday,Christ the King,"3001 Belmont Blvd, Nashville",(615) 292-2884,Confession,4:45 PM,5:45 PM,Confessions,english,,
"Sun, Mar 01, 2026",2026-03-01,Sunday,Christ the King,"816 Blue Top Rd, Tazewell",(423) 562-0312,Confession,TBD,,Confessions,English,Christ the King Church,Sunday after Mass; after Mass
"Sun, Mar 01, 2026",2026-03-01,Sunday,Christ the King Catholic Church,"785 Church Rd W, Southaven",+1-662-342-1073,Confession,10:45 AM,11:15 AM,Confession,English,Fletcher Hall Confessionals,
"Sun, Mar 01, 2026",2026-03-01,Sunday,Christ the King Catholic Church,"785 Church Rd W, Southaven",+1-662-342-1073,Confession,4:30 PM,5:00 PM,Confession,English,Fletcher Hall Confessionals,
"Sun, Mar 01, 2026",2026-03-01,Sunday,Christ the King Catholic Church,"785 Church Rd W, Southaven",+1-662-342-1073,Confession,7:30 AM,8:00 AM,Confession,English,Fletcher Hall Confessionals,
"Sun, Mar 01, 2026",2026-03-01,Sunday,Christ the King Catholic Church,"785 Church Rd W, Southaven",+1-662-342-1073,Confession,8:45 AM,9:15 AM,Confession,English,Fletcher Hall Confessionals,
"Sun, Mar 01, 2026",2026-03-01,Sunday,Christ the Redeemer,"1515 Woodland Dr, Centerville",(931) 729-4669,Confession,7:30 AM,8:30 AM,Confession and Adoration,English,,before Mass; Sundays
"Sun, Mar 01, 2026",2026-03-01,Sunday,Good Shepherd,"2361 Cosby Hwy, Newport",(423) 623-5051,Confession,8:45 AM,9:15 AM,Confessions,English,Church of the Good Shepherd  and by appointment.),note: Confessions: before Sunday Mass (≥20 min; also available by appointment
"Sun, Mar 01, 2026",2026-03-01,Sunday,Holy Angels,"535 Tucker St, Dyersburg",(731) 287-8000,Confession,8:00 AM,8:30 AM,Confession,English,,by appointment
"Sun, Mar 01, 2026",2026-03-01,Sunday,Holy Family,"201 Black Oak Ridge Rd, Seymour",(865) 573-1203,Confession,9:15 AM,10:15 AM,Confessions,English,,
"Sun, Mar 01, 2026",2026-03-01,Sunday,Holy Family Catholic Church,"201 Black Oak Ridge Rd, Seymour",+1-865-573-1203,Confession,9:15 AM,10:15 AM,Confession,English,,
"Sun, Mar 01, 2026",2026-03-01,Sunday,Holy Ghost,"1041 N Central St, Knoxville",(865) 522-2205,Confession,11:15 AM,12:15 PM,Confession,English,,
"Sun, Mar 01, 2026",2026-03-01,Sunday,Holy Ghost,"1041 N Central St, Knoxville",(865) 522-2205,Confession,9:30 AM,9:50 AM,Confession,English,,
"Sun, Mar 01, 2026",2026-03-01,Sunday,Holy Ghost,"1041 N Central St, Knoxville",(865) 522-2205,Confession,TBD,,Confessions,English,,Sunday before Mass; before Mass and by appointment.; ≥20 min; note: 9:30-9:50am and 11:15am-12:15pm
"Sun, Mar 01, 2026",2026-03-01,Sunday,Holy Rosary,"4851 Park Ave, Memphis",(901) 767-6949,Confession,10:10 AM,,Confession,English,,note: 20 min before each Mass
"Sun, Mar 01, 2026",2026-03-01,Sunday,Holy Rosary,"192 Graylynn Dr, Nashville",(615) 889-4065,Confession,10:30 AM,,Confessions,English,,a half hour before each Mass
"Sun, Mar 01, 2026",2026-03-01,Sunday,Holy Rosary,"4851 Park Ave, Memphis",(901) 767-6949,Confession,11:55 AM,,Confession,English,,note: 20 min before each Mass
"Sun, Mar 01, 2026",2026-03-01,Sunday,Holy Rosary,"192 Graylynn Dr, Nashville",(615) 889-4065,Confession,1:30 PM,,Confessions,English,,a half hour before each Mass
"Sun, Mar 01, 2026",2026-03-01,Sunday,Holy Rosary,"4851 Park Ave, Memphis",(901) 767-6949,Confession,7:10 AM,,Confession,English,,note: 20 min before each Mass
"Sun, Mar 01, 2026",2026-03-01,Sunday,Holy Rosary,"192 Graylynn Dr, Nashville",(615) 889-4065,Confession,8:00 AM,,Confessions,English,,a half hour before each Mass
"Sun, Mar 01, 2026",2026-03-01,Sunday,Holy Rosary,"4851 Park Ave, Memphis",(901) 767-6949,Confession,8:40 AM,,Confession,English,,note: 20 min before each Mass
"Sun, Mar 01, 2026",2026-03-01,Sunday,Holy Trinity,"475 N Highway 92, Jefferson City",(865) 471-0347,Confession,4:15 PM,4:45 PM,Confession,English,,confessions may also be heard upon request.; Exception: Confessions are not ordinarily heard at the Vigil Mass for the First Sunday of the month. When possible
"Sun, Mar 01, 2026",2026-03-01,Sunday,Mission of Our Lady of the Lake,"10645 Hwy 57, Counce",(731) 925-4852,Confession,7:45 AM,7:55 AM,Confessions,English,Our Lady of the Lake,
"Sun, Mar 01, 2026",2026-03-01,Sunday,Mission of St. Michael,"3553 S Carter Rd, Cedar Hill",(615) 384-6200,Confession,7:30 AM,8:00 AM,Confession,English,St. Michael,
"Sun, Mar 01, 2026",2026-03-01,Sunday,Mission of the Holy Family,"265 Cotham Dr, Huntingdon",(731) 584-6459,Confession,7:30 AM,7:45 AM,Confessions,English,"Holy Family Catholic Mission, Huntingdon, TN",
"Sun, Mar 01, 2026",2026-03-01,Sunday,Nativity,"5955 St Elmo Rd, Bartlett",(901) 382-2504,Confession,10:00 AM,10:30 AM,Confession,English,,
"Sun, Mar 01, 2026",2026-03-01,Sunday,Nativity,"2793 Buckner Ln, Spring Hill",(615) 794-4004,Confession,12:00 PM,,Confessions,spanish,,
"Sun, Mar 01, 2026",2026-03-01,Sunday,Nativity,"5955 St Elmo Rd, Bartlett",(901) 382-2504,Confession,TBD,,Confessions,English,,by appointment
"Sun, Mar 01, 2026",2026-03-01,Sunday,Our Lady of Fatima,"858 Louisville Rd, Alcoa",(865) 982-3672,Confession,9:45 AM,,Confession,spanish,,
"Sun, Mar 01, 2026",2026-03-01,Sunday,Our Lady of Perpetual Help,"1142 E Elm St, Lafollette",(423) 562-0312,Confession,9:00 AM,9:15 AM,Confessions,English,,
"Sun, Mar 01, 2026",2026-03-01,Sunday,Our Lady of the Lake,"1729 Stop 30 Rd, Hendersonville",(615) 824-3276,Confession,10:00 AM,,Reconciliation,English,,
"Sun, Mar 01, 2026",2026-03-01,Sunday,Our Lady of the Lake,"1729 Stop 30 Rd, Hendersonville",(615) 824-3276,Confession,1:00 PM,,Reconciliation,spanish,,
"Sun, Mar 01, 2026",2026-03-01,Sunday,Our Lady of the Lake,"1729 Stop 30 Rd, Hendersonville",(615) 824-3276,Confession,5:00 PM,,Reconciliation,English,,
"Sun, Mar 01, 2026",2026-03-01,Sunday,Our Lady of the Lake,"1729 Stop 30 Rd, Hendersonville",(615) 824-3276,Confession,7:30 AM,,Reconciliation,English,,
"Sun, Mar 01, 2026",2026-03-01,Sunday,Sacred Heart,"2887 E Main St, Humboldt",(731) 618- 6758,Confession,12:15 PM,12:50 PM,Sacrament of Reconciliation,English,Sacred Heart,
"Sun, Mar 01, 2026",2026-03-01,Sunday,Sacred Heart,"212 Berger St, Lawrenceburg",(931) 762-3183,Confession,7:30 AM,7:50 AM,Sacrament of Reconciliation,English,,
"Sun, Mar 01, 2026",2026-03-01,Sunday,Sacred Heart,"296 W 6th St, Russellville",(270) 726-6963,Confession,9:15 AM,9:40 AM,Sacrament of Reconciliation,English,Sacred Heart Catholic Church Russellville KY,
"Sun, Mar 01, 2026",2026-03-01,Sunday,Sagrado Corazón,"2800 McGavock Pike, Nashville",(615) 391-3714,Confession,10:00 AM,,Confessions,English,Sagrado Corazón De Jesús,during Mass
"Sun, Mar 01, 2026",2026-03-01,Sunday,"Saint James the Apostle Catholic Church, Sneedville","Highway 33, Sneedville",+1-423-272-6897,Confession,8:00 AM,,Reconciliation,English,,
"Sun, Mar 01, 2026",2026-03-01,Sunday,Shepherd of the Valley,"6191 Hwy 28, Dunlap",(423) 949-6903,Confession,7:30 AM,7:50 AM,Reconciliation,English,,before Mass
"Sun, Mar 01, 2026",2026-03-01,Sunday,Shepherd of the Valley Catholic Church,"6191 TN-28, Dunlap",+1-423-949-6903,Confession,7:30 AM,7:50 AM,Confessions,English,Shepherd of the Valley,note: and by appointment
"Sun, Mar 01, 2026",2026-03-01,Sunday,St Alphonsus Catholic Church,"151 St Alphonsus Way, Crossville",+1-931-484-2358,Confession,10:15 AM,10:45 AM,Confession,English,,
"Sun, Mar 01, 2026",2026-03-01,Sunday,St Alphonsus Catholic Church,"151 St Alphonsus Way, Crossville",+1-931-484-2358,Confession,12:45 PM,1:15 PM,Confession,English,,
"Sun, Mar 01, 2026",2026-03-01,Sunday,St Alphonsus Catholic Church,"151 St Alphonsus Way, Crossville",+1-931-484-2358,Confession,7:45 AM,8:15 AM,Confession,English,,
"Sun, Mar 01, 2026",2026-03-01,Sunday,St Elizabeth's Roman Catholic Church,"510 W C St, Elizabethton",+1-423-543-3412,Confession,8:15 AM,8:45 AM,Reconciliation,English,,by appointment
"Sun, Mar 01, 2026",2026-03-01,Sunday,St. Alphonsus,"151 St Alphonsus Way, Crossville",(931) 484-2358,Confession,10:15 AM,10:45 AM,Confession,English,Saint Alphonsus Catholic Church,
"Sun, Mar 01, 2026",2026-03-01,Sunday,St. Alphonsus,"1225 Hwy 51 S, Covington",(901) 476-8140,Confession,11:45 AM,,Confession,spanish,St. Alphonsus,
"Sun, Mar 01, 2026",2026-03-01,Sunday,St. Alphonsus,"151 St Alphonsus Way, Crossville",(931) 484-2358,Confession,12:45 PM,1:15 PM,Confession,English,Saint Alphonsus Catholic Church,
"Sun, Mar 01, 2026",2026-03-01,Sunday,St. Alphonsus,"151 St Alphonsus Way, Crossville",(931) 484-2358,Confession,7:45 AM,8:15 AM,Confession,English,Saint Alphonsus Catholic Church,
"Sun, Mar 01, 2026",2026-03-01,Sunday,St. Ann,"5101 Charlotte Ave, Nashville",(615) 298-1782,Confession,7:00 AM,7:40 AM,Confession,English,Confessional room,
"Sun, Mar 01, 2026",2026-03-01,Sunday,St. Anne,"706 S Highland St, Memphis",(901) 323-3817,Confession,1:45 AM,2:15 AM,Confession,English,,
"Sun, Mar 01, 2026",2026-03-01,Sunday,St. Anne,"316 Euclid Ave, Bristol",(276) 669-8200,Confession,TBD,,Confessions,English,,by appointment
"Sun, Mar 01, 2026",2026-03-01,Sunday,St. Augustine,"1716 Anderson Pike, Signal Mountain",(423) 886-3424,Confession,10:00 AM,10:15 AM,Sacrament of Reconciliation,English,,Or By Appointment
"Sun, Mar 01, 2026",2026-03-01,Sunday,St. Augustine,"1716 Anderson Pike, Signal Mountain",(423) 886-3424,Confession,7:45 AM,8:05 AM,Sacrament of Reconciliation,English,,Or By Appointment
"Sun, Mar 01, 2026",2026-03-01,Sunday,St. Catherine,"3019 Cayce Ln, Columbia",(931) 388-3803,Confession,7:15 AM,7:45 AM,Confession,English,Saint Catherine of Siena Catholic Church,
"Sun, Mar 01, 2026",2026-03-01,Sunday,St. Catherine,"3019 Cayce Ln, Columbia",(931) 388-3803,Confession,9:45 AM,10:15 AM,Confession,English,Saint Catherine of Siena Catholic Church,
"Sun, Mar 01, 2026",2026-03-01,Sunday,St. Edward,"188 Thompson Ln, Nashville",(615)-833-5520,Confession,7:15 AM,7:45 AM,Confession,English,,
"Sun, Mar 01, 2026",2026-03-01,Sunday,St. Edward,"188 Thompson Ln, Nashville",(615)-833-5520,Confession,9:45 AM,10:25 AM,Confession,English,,
"Sun, Mar 01, 2026",2026-03-01,Sunday,St. Elizabeth,"510 W C Street, Elizabethton",(423) 543-3412,Confession,8:15 AM,8:45 AM,Reconciliation,English,,
"Sun, Mar 01, 2026",2026-03-01,Sunday,St. Elizabeth Ann Seton (Ordinariate of the Chair of St. Peter),"217 Fox Rd, Knoxville",,Confession,9:00 AM,9:45 AM,Confession,English,217 Fox Rd. Knoxville,
"Sun, Mar 01, 2026",2026-03-01,Sunday,"St. Elizabeth Ann Seton, Dayton","500 Oxford Dr, Dayton",(912) 508-5313,Confession,3:00 PM,3:45 PM,Confessions,English,500 Oxford Dr. Dayton TN,note: except for first Sundays
"Sun, Mar 01, 2026",2026-03-01,Sunday,St. Frances Cabrini,"300 S Tarver Ave, Lebanon",(615) 444-0524,Confession,7:00 AM,7:30 AM,Confession,English,,note: or by appointment
"Sun, Mar 01, 2026",2026-03-01,Sunday,St. Francis of Assisi,"167 St Francis Pl, Jefferson",(336) 246-9151,Confession,8:15 AM,,Confessions,English,,
"Sun, Mar 01, 2026",2026-03-01,Sunday,St. Francis of Assisi,"7719 River Rd, Townsend",(865) 448-6070,Confession,8:15 AM,8:40 AM,Sacrament of Reconciliation,English,,offered before weekend Mass
"Sun, Mar 01, 2026",2026-03-01,Sunday,St. Gerard Majella,"3049 Lafayette Rd, Fort Oglethorpe",(706) 861-9410,Confession,TBD,,Confessions,English,,before every Mass; note: Every 5th Sunday Rosary at 08:30 and 10:30
"Sun, Mar 01, 2026",2026-03-01,Sunday,St. Henry,"112-114 Hwy 70 N, Rogersville",(423) 272-6897,Confession,8:00 AM,,Reconciliation,English,,
"Sun, Mar 01, 2026",2026-03-01,Sunday,St. John Vianney,"449 N Water St, Gallatin",(615) 452-2977,Confession,9:15 AM,10:15 AM,Confession,English,,
"Sun, Mar 01, 2026",2026-03-01,Sunday,St. Joseph,"304 American Blvd, Saint Joseph",931-853-4370,Confession,7:20 AM,7:50 AM,Confession,English,Saint Joseph,note: and by appointment
"Sun, Mar 01, 2026",2026-03-01,Sunday,St. Joseph,"305 E Van Dorn Ave, Holly Springs",(662) 252-3138,Confession,7:30 AM,,Confessions,english,,
"Sun, Mar 01, 2026",2026-03-01,Sunday,St. Joseph the Worker,"649 Old Tellico Hwy N, Madisonville",(423) 442-7273,Confession,11:30 AM,,Sacrament of Penance,English,St. Joseph the Worker Catholic Church,and by appointment
"Sun, Mar 01, 2026",2026-03-01,Sunday,St. Joseph the Worker,"649 Old Tellico Hwy N, Madisonville",(423) 442-7273,Confession,7:00 AM,,Sacrament of Penance,English,St. Joseph the Worker Catholic Church,and by appointment
"Sun, Mar 01, 2026",2026-03-01,Sunday,St. Joseph the Worker,"649 Old Tellico Hwy N, Madisonville",(423) 442-7273,Confession,9:00 AM,,Sacrament of Penance,English,St. Joseph the Worker Catholic Church,and by appointment
"Sun, Mar 01, 2026",2026-03-01,Sunday,St. Louis,"203 S White Station Rd, Memphis",(901) 255-1950,Confession,10:00 AM,10:20 AM,Confession,English,,
"Sun, Mar 01, 2026",2026-03-01,Sunday,St. Louis,"203 S White Station Rd, Memphis",(901) 255-1950,Confession,11:45 AM,12:05 PM,Confession,English,,
"Sun, Mar 01, 2026",2026-03-01,Sunday,St. Louis,"203 S White Station Rd, Memphis",(901) 255-1950,Confession,5:15 PM,5:50 PM,Confession,English,,
"Sun, Mar 01, 2026",2026-03-01,Sunday,St. Louis,"203 S White Station Rd, Memphis",(901) 255-1950,Confession,7:00 AM,7:20 AM,Confession,English,,
"Sun, Mar 01, 2026",2026-03-01,Sunday,St. Louis,"203 S White Station Rd, Memphis",(901) 255-1950,Confession,8:30 AM,8:50 AM,Confession,English,,
"Sun, Mar 01, 2026",2026-03-01,Sunday,St. Lucien,"695 Summit St, Spruce Pine",(828) 898-6900,Confession,7:45 AM,,Confessions,English,"St. Lucien, 695 Summit St. Spruce Pine, NC 28777",
"Sun, Mar 01, 2026",2026-03-01,Sunday,St. Mary,"1665 US-45 BYP, Jackson",(731) 668-2596,Confession,10:00 AM,10:20 AM,Confession,English,,
"Sun, Mar 01, 2026",2026-03-01,Sunday,St. Mary,"1665 US-45 BYP, Jackson",(731) 668-2596,Confession,12:30 PM,12:50 PM,Confession,English,,
"Sun, Mar 01, 2026",2026-03-01,Sunday,St. Mary,"403 N Main St, Franklin",(270) 586-4515 or (270) 253-3230 (Rectory),Confession,7:30 AM,8:00 AM,Confession,English,,
"Sun, Mar 01, 2026",2026-03-01,Sunday,St. Mary,"1665 US-45 BYP, Jackson",(731) 668-2596,Confession,7:30 AM,7:50 AM,Confession,English,,
"Sun, Mar 01, 2026",2026-03-01,Sunday,St. Mary,"1665 US-45 BYP, Jackson",(731) 668-2596,Confession,TBD,,Confessions,English,,Sunday before Mass; before Mass and by appointment.; ≥20 min; note: call parish office
"Sun, Mar 01, 2026",2026-03-01,Sunday,St. Mary,"2211 E Lakeview Dr, Johnson City",(423) 282-6367,Confession,TBD,,Confessions,English,,before each Mass on; Confessions end when the line finishes or 5 minutes before the start of Mass.
"Sun, Mar 01, 2026",2026-03-01,Sunday,St. Mary,"327 Vermont Ave, Oak Ridge",(865) 482-2875,Confession,TBD,,Confessions,English,,Sunday before Mass; before Mass and by appointment.; ≥20 min
"Sun, Mar 01, 2026",2026-03-01,Sunday,St. Mary of the Seven Sorrows,"328 Rep John Lewis Way N, Nashville",(615) 561-1704,Confession,8:15 AM,,Confession,English,,
"Sun, Mar 01, 2026",2026-03-01,Sunday,St. Matthew,"9060 Telecom Dr, Milan",(731) 784-3904,Confession,12:15 PM,12:50 PM,Sacrament of Reconciliation,English,Sacred Heart,
"Sun, Mar 01, 2026",2026-03-01,Sunday,St. Matthew,"501 S Ermen Ln, Osceola",(870) 762-2506,Confession,8:30 AM,8:45 AM,Confession,English,,note: or by appointment
"Sun, Mar 01, 2026",2026-03-01,Sunday,St. Michael the Archangel ,"657 N Mohawk Dr, Erwin",(423) 735-0484,Confession,9:00 AM,9:30 AM,Reconciliation,bilingual,Parish Center,
"Sun, Mar 01, 2026",2026-03-01,Sunday,St. Patrick,"1219 Second Ave S, Nashville",(615) 256-6498,Confession,10:00 AM,10:45 AM,Confessions,English,,
"Sun, Mar 01, 2026",2026-03-01,Sunday,St. Patrick,"2518 W Andrew Johnson Hwy, Morristown",(423) 586-9174,Confession,11:00 AM,11:45 AM,Reconciliation,english,,
"Sun, Mar 01, 2026",2026-03-01,Sunday,St. Patrick,"175 St Patrick St, McEwen",(931) 582-3633,Confession,8:00 AM,,Confession,English,,
"Sun, Mar 01, 2026",2026-03-01,Sunday,St. Rose of Lima Catholic Church,"1601 N Tennessee Blvd, Murfreesboro",(615) 893-1843,Confession,9:45 AM,,Confession,English,,
"Sun, Mar 01, 2026",2026-03-01,Sunday,St. Vincent de Paul,"1700 Heiman St, Nashville",(615) 320-0695 (Ext 100),Confession,TBD,,Confessions,English,,between the masses
"Sun, Mar 01, 2026",2026-03-01,Sunday,St. William,"500 S Brittain St, Shelbyville",19316848745,Confession,10:15 AM,11:15 AM,Confession,English,,
"Sun, Mar 01, 2026",2026-03-01,Sunday,The Catholic Community of The Sacred Heart of Jesus," Building# 5875 Desert Storm Ave, Fort Campbell",270-798-2352,Confession,11:15 AM,11:45 AM,Confessions,English,5875 - Soldiers Chapel,and/or by appointment
"Sun, Mar 01, 2026",2026-03-01,Sunday,The Catholic Community of The Sacred Heart of Jesus," Building# 5875 Desert Storm Ave, Fort Campbell",270-798-2352,Confession,9:00 AM,9:45 AM,Confessions,English,5875 - Soldiers Chapel,and/or by appointment
"Sun, Mar 01, 2026",2026-03-01,Sunday,Holy Family,"431 Old Hwy 52, Lafayette",(615) 666-6466,Adoration,11:00 AM,11:40 AM,Adoration,English,"Holy Family catholic church, Lafayette, TN",exposition
"Sun, Mar 01, 2026",2026-03-01,Sunday,Holy Rosary,"4851 Park Ave, Memphis",(901) 767-6949,Adoration,3:00 PM,4:00 PM,Adoration,English,,exposition
"Sun, Mar 01, 2026",2026-03-01,Sunday,Our Lady of the Shoals,"200 E Commons St N, Tuscumbia",(256) 383-7207,Adoration,9:00 AM,10:00 AM,Adoration,English,church building,exposition
"Sun, Mar 01, 2026",2026-03-01,Sunday,St. Andrew,"829 Valley View Dr, Sparta",(931) 738-2140,Adoration,8:00 AM,8:30 AM,Adoration,English,,St. Andrew Catholic Church; Sparta; TN
"Sun, Mar 01, 2026",2026-03-01,Sunday,St. Augustine,"1716 Anderson Pike, Signal Mountain",(423) 886-3424,Adoration,7:00 AM,8:00 AM,Adoration,English,,
"Sun, Mar 01, 2026",2026-03-01,Sunday,St. Frances Cabrini,"300 S Tarver Ave, Lebanon",(615) 444-0524,Adoration,7:00 AM,7:30 AM,Adoration,English,,exposition
"Sun, Mar 01, 2026",2026-03-01,Sunday,St. Louis,"203 S White Station Rd, Memphis",(901) 255-1950,Adoration,6:00 AM,10:00 PM,Adoration,English,,
"Sun, Mar 01, 2026",2026-03-01,Sunday,St. Michael,"2751 County Rd 30, Florence",(256) 764-1885,Adoration,11:00 AM,3:00 PM,Adoration,English,,First of the Month; following after the 10am Mass
"Sun, Mar 01, 2026",2026-03-01,Sunday,Assumption,"1227 7th Ave N, Nashville",(615) 256-2729,Devotions,6:00 PM,,Vespers,English,,
"Sun, Mar 01, 2026",2026-03-01,Sunday,St. Alphonsus,"1225 Hwy 51 S, Covington",(901) 476-8140,Devotions,10:00 AM,,Rosary,english,St. Alphonsus,
"Sun, Mar 01, 2026",2026-03-01,Sunday,St. Alphonsus,"1225 Hwy 51 S, Covington",(901) 476-8140,Devotions,11:45 AM,,Rosary,spanish,St. Alphonsus,
"Sun, Mar 01, 2026",2026-03-01,Sunday,St. Catherine Laboure,"115 Main St, Copperhill",(423) 496-3498,Devotions,8:25 AM,,Rosary,English,,
"Sun, Mar 01, 2026",2026-03-01,Sunday,St. Frances Cabrini,"300 S Tarver Ave, Lebanon",(615) 444-0524,Devotions,10:30 AM,,Rosary,English,,
"Sun, Mar 01, 2026",2026-03-01,Sunday,St. Frances Cabrini,"300 S Tarver Ave, Lebanon",(615) 444-0524,Devotions,12:30 PM,,Rosary,English,,
"Sun, Mar 01, 2026",2026-03-01,Sunday,St. Frances Cabrini,"300 S Tarver Ave, Lebanon",(615) 444-0524,Devotions,7:30 AM,,Rosary,English,,
"Sun, Mar 01, 2026",2026-03-01,Sunday,St. James the Less,"3189 N Harper Rd, Corinth",(662) 331-5184,Devotions,10:00 AM,,Rosary/Rosario,english,,
"Sun, Mar 01, 2026",2026-03-01,Sunday,St. James the Less,"3189 N Harper Rd, Corinth",(662) 331-5184,Devotions,12:30 PM,,Rosary/Rosario,spanish,,
"Sun, Mar 01, 2026",2026-03-01,Sunday,St. Joseph,"3425 Andersonville Hwy, Norris",(865) 494-7746,Devotions,8:35 AM,,Recitation of the Rosary,English,St. Joseph - Norris,before Mass
"Sun, Mar 01, 2026",2026-03-01,Sunday,Sts. Peter and Paul,"902 E 9th St, Hopkinsville",(270) 885-8522,Devotions,4:00 PM,,Holy Hour,English,,
"Sun, Mar 01, 2026",2026-03-01,Sunday,Community of the Holy Spirit,"384 Eagle Ridge Dr, Jonesville",(276) 346-0269,Education,TBD,,Adult Faith Formation,English,,2nd and 4th; After Mass
"Sun, Mar 01, 2026",2026-03-01,Sunday,Holy Trinity,"610 Kimmins St, Hohenwald",(931) 796-3738,Education,TBD,,Religious education classes,English,,Sunday after Mass; after Mass
"Sun, Mar 01, 2026",2026-03-01,Sunday,Our Lady of Guadalupe,"82 Lambert Branch Rd, Cherokee",(828) 488-6766,Education,12:30 PM,2:00 PM,Faith Formation for kids Ages 5 to 17,English,,
"Sun, Mar 01, 2026",2026-03-01,Sunday,St. Martha,"3331 Bell St, Ashland City",615-792-4255,Education,10:15 AM,11:15 AM,Religious Education,English,,
"Sun, Mar 01, 2026",2026-03-01,Sunday,St. Michael,"2751 County Rd 30, Florence",(256) 764-1885,Education,9:00 AM,,RCIA/OCIA Class,English,Church Library,starts every fall and concludes on Easter Sunday
"Sun, Mar 01, 2026",2026-03-01,Sunday,St. Rose of Lima Catholic Church,"1601 N Tennessee Blvd, Murfreesboro",(615) 893-1843,Education,TBD,,Religious Education classes,English,,exceptions are made for medical needs
"Sun, Mar 01, 2026",2026-03-01,Sunday,Community of the Holy Spirit,"384 Eagle Ridge Dr, Jonesville",(276) 346-0269,Community,TBD,,Parish Community Meeting,English,,3rd of each month; After Mass
"Sun, Mar 01, 2026",2026-03-01,Sunday,St. Mary,"327 Vermont Ave, Oak Ridge",(865) 482-2875,Community,TBD,,Knights of Columbus Breakfast,English,,after and 10:30 Masses
"Sun, Mar 01, 2026",2026-03-01,Sunday,Basilica of Sts. Peter and Paul,"214 E 8th St, Chattanooga",(423) 266-1618,Other,10:00 AM,11:30 AM,Coffee Bar,English,Rectory lawn,note: between 9:00 and 11:30 Masses
"Sun, Mar 01, 2026",2026-03-01,Sunday,Community of the Holy Spirit,"384 Eagle Ridge Dr, Jonesville",(276) 346-0269,Other,TBD,,Catholicism,English,,The Pivitol Players: 2nd and 4th of each month; After Mass
"Sun, Mar 01, 2026",2026-03-01,Sunday,Holy Trinity,"610 Kimmins St, Hohenwald",(931) 796-3738,Other,10:30 AM,,Holy Liturgy,english,Holy Trinity,
"Sun, Mar 01, 2026",2026-03-01,Sunday,Immaculate Conception,"100 Chapel Rd, Pulaski",(931) 363-5776,Other,TBD,,Birthday party,English,Immaculate Conception - Pulaski,Jan. after Mass
"Sun, Mar 01, 2026",2026-03-01,Sunday,Immaculate Conception,"100 Chapel Rd, Pulaski",(931) 363-5776,Other,TBD,,Lenten retreat,English,Immaculate Conception - Pulaski,after Mass
"Sun, Mar 01, 2026",2026-03-01,Sunday,St. Mary,"220 W Main St, Camden",(731) 584-6459,Other,10:45 AM,,Hospitality Sunday,English,,First of each month; note: after 10:45 Mass. Bring a dish to pass and join us for great meals and fellowship.
"Sun, Mar 01, 2026",2026-03-01,Sunday,The Cathedral of the Most Sacred Heart of Jesus,"711 S Northshore Dr, Knoxville",(865) 588-0249,Other,8:45 AM,12:15 PM,Nursery,English,,childcare for parents
"Sun, Mar 01, 2026",2026-03-01,Sunday,The Catholic Community of The Sacred Heart of Jesus," Building# 5875 Desert Storm Ave, Fort Campbell",270-798-2352,Other,10:00 AM,,Catholic Worship Services,English,5875 - Soldiers Chapel,
"Sun, Mar 01, 2026",2026-03-01,Sunday,The Catholic Community of The Sacred Heart of Jesus," Building# 5875 Desert Storm Ave, Fort Campbell",270-798-2352,Other,12:00 PM,,Catholic Worship Services,English,5875 - Soldiers Chapel,
"Sun, Mar 01, 2026",2026-03-01,Sunday,Vietnamese Parish of Divine Mercy,"10919 Carmichael Rd, Knoxville",(865) 766-2091,Other,9:00 AM,,Lễ,English,,
"Sun, Mar 01, 2026",2026-03-01,Sunday,Vietnamese Parish of Divine Mercy,"10919 Carmichael Rd, Knoxville",(865) 766-2091,Other,TBD,,Rửa tội trẻ em,English,,Sunday after Mass; tuần 2 hằng tháng; note: after Sunday Mass
"Sun, Mar 01, 2026",2026-03-01,Sunday,St. Michael,"2751 County Rd 30, Florence",(256) 764-1885,Sacraments,9:00 AM,,Confirmation Preparation,English,Church Library,High School freshmen and sophomores; 2 years of preparation
"Mon, Mar 02, 2026",2026-03-02,Monday,All Saints,"620 N Cedar Bluff Rd, Knoxville",(865) 531-0770,Mass,6:30 AM,,Mass,english,620 N Cedar Bluff Rd,
"Mon, Mar 02, 2026",2026-03-02,Monday,All Saints,"620 N Cedar Bluff Rd, Knoxville",(865) 531-0770,Mass,9:00 AM,,Mass,english,620 N Cedar Bluff Rd,
"Mon, Mar 02, 2026",2026-03-02,Monday,Ave Maria,"664 S Washington St (TN-209), Ripley",(731)589-8302,Mass,8:15 AM,,Mass,english,,
"Mon, Mar 02, 2026",2026-03-02,Monday,Basilica of Sts. Peter and Paul,"214 E 8th St, Chattanooga",(423) 266-1618,Mass,12:00 PM,,Mass,english,Basilica,
"Mon, Mar 02, 2026",2026-03-02,Monday,Cathedral of the Immaculate Conception,"1669 Central Ave, Memphis",(901) 725-2700,Mass,12:00 PM,,Mass,English,,
"Mon, Mar 02, 2026",2026-03-02,Monday,Cathedral of the Immaculate Conception,"1669 Central Ave, Memphis",(901) 725-2700,Mass,6:30 AM,,Mass,English,,
"Mon, Mar 02, 2026",2026-03-02,Monday,Cathedral of the Incarnation,"2015 W End Ave, Nashville",(615) 327-2330,Mass,12:10 PM,,Mass,English,Cathedral,
"Mon, Mar 02, 2026",2026-03-02,Monday,Cathedral of the Incarnation,"2015 W End Ave, Nashville",(615) 327-2330,Mass,7:00 AM,,Mass,English,Cathedral,
"Mon, Mar 02, 2026",2026-03-02,Monday,Catholic Church of the Nativity,"2793 Buckner Ln, Thompson's Station",+1-615-794-4004,Mass,9:00 AM,,Mass,English,,exception: not 7 days/week
"Mon, Mar 02, 2026",2026-03-02,Monday,Catholic Student Center -UM,"3625 Mynders Ave, Memphis",(901) 323-3051,Mass,4:30 PM,,Mass,english,Catholic Student Center,
"Mon, Mar 02, 2026",2026-03-02,Monday,Christ the King,"3001 Belmont Blvd, Nashville",(615) 292-2884,Mass,7:00 AM,,Mass,english,,
"Mon, Mar 02, 2026",2026-03-02,Monday,Good Samaritan,"55 Church St, Ellijay",(706) 636-2772,Mass,9:00 AM,,Mass,english,,
"Mon, Mar 02, 2026",2026-03-02,Monday,Holy Angels,"535 Tucker St, Dyersburg",(731) 287-8000,Mass,8:15 AM,,Mass,english,,
"Mon, Mar 02, 2026",2026-03-02,Monday,Holy Cross,"1210 E Wood St, Paris",(731) 642-4681,Mass,12:00 PM,,Mass,English,,
"Mon, Mar 02, 2026",2026-03-02,Monday,Holy Family,"201 Black Oak Ridge Rd, Seymour",(865) 573-1203,Mass,12:00 PM,,Mass,english,,
"Mon, Mar 02, 2026",2026-03-02,Monday,Holy Family,"201 Black Oak Ridge Rd, Seymour",(865) 573-1203,Mass,8:30 AM,,Mass,english,,
"Mon, Mar 02, 2026",2026-03-02,Monday,Holy Family,"9100 Crockett Rd, Brentwood",(615) 373-4696,Mass,9:00 AM,,Mass,English,,livestream
"Mon, Mar 02, 2026",2026-03-02,Monday,Holy Family Catholic Church,"201 Black Oak Ridge Rd, Seymour",+1-865-573-1203,Mass,12:00 PM,,Mass,english,,
"Mon, Mar 02, 2026",2026-03-02,Monday,Holy Family Catholic Church,"201 Black Oak Ridge Rd, Seymour",+1-865-573-1203,Mass,8:30 AM,,Mass,english,,
"Mon, Mar 02, 2026",2026-03-02,Monday,Holy Ghost,"1041 N Central St, Knoxville",(865) 522-2205,Mass,6:30 AM,,Mass,English,,
"Mon, Mar 02, 2026",2026-03-02,Monday,Holy Ghost,"1041 N Central St, Knoxville",(865) 522-2205,Mass,8:00 AM,,Mass,English,,
"Mon, Mar 02, 2026",2026-03-02,Monday,Holy Rosary,"4851 Park Ave, Memphis",(901) 767-6949,Mass,6:15 AM,,Mass,English,,
"Mon, Mar 02, 2026",2026-03-02,Monday,Holy Rosary,"192 Graylynn Dr, Nashville",(615) 889-4065,Mass,6:15 PM,,Mass,English,,
"Mon, Mar 02, 2026",2026-03-02,Monday,Holy Rosary,"4851 Park Ave, Memphis",(901) 767-6949,Mass,8:15 AM,,Mass,English,,
"Mon, Mar 02, 2026",2026-03-02,Monday,Holy Spirit,"2300 Hickory Crest Dr, Memphis",(901) 754-7146,Mass,6:30 AM,,Mass,English,,
"Mon, Mar 02, 2026",2026-03-02,Monday,Holy Spirit,"2300 Hickory Crest Dr, Memphis",(901) 754-7146,Mass,8:00 AM,,Mass,English,,
"Mon, Mar 02, 2026",2026-03-02,Monday,Immaculate Conception,"414 W Vine Ave, Knoxville",(865) 522-1508,Mass,12:10 PM,,Mass,english,Immaculate Conception,
"Mon, Mar 02, 2026",2026-03-02,Monday,Immaculate Conception,"1303 E Reelfoot Ave, Union City",(731) 885-0963,Mass,8:00 AM,,Mass,english,Immaculate Conception Catholic Church,
"Mon, Mar 02, 2026",2026-03-02,Monday,Immaculate Conception,"709 Franklin St, Clarksville",(931) 645-6275,Mass,9:00 AM,,Mass,english,Chapel,
"Mon, Mar 02, 2026",2026-03-02,Monday,Immaculate Conception,"100 Chapel Rd, Pulaski",(931) 363-5776,Mass,9:00 AM,,Mass,English,Immaculate Conception - Pulaski,
"Mon, Mar 02, 2026",2026-03-02,Monday,Incarnation,"360 Bray Station Rd, Collierville",(901) 853-7468 ,Mass,8:15 AM,,Mass,English,St. Therese Chapel,tags: chapel
"Mon, Mar 02, 2026",2026-03-02,Monday,Mission of Our Lady of the Lake,"10645 Hwy 57, Counce",(731) 925-4852,Mass,12:00 PM,,Mass,English,Our Lady of the Lake,
"Mon, Mar 02, 2026",2026-03-02,Monday,National Shrine of St. Martin de Porres,"190 Adams Ave, Memphis",(901) 527-8282,Mass,12:05 PM,,Mass,english,St. Martin de Porres National Shrine Chapel,
"Mon, Mar 02, 2026",2026-03-02,Monday,Nativity,"5955 St Elmo Rd, Bartlett",(901) 382-2504,Mass,8:00 AM,,Mass,english,,
"Mon, Mar 02, 2026",2026-03-02,Monday,Nativity,"2793 Buckner Ln, Spring Hill",(615) 794-4004,Mass,9:00 AM,,Mass,english,,
"Mon, Mar 02, 2026",2026-03-02,Monday,Nativity,"2793 Buckner Ln, Spring Hill",(615) 794-4004,Mass,9:00 AM,,Mass,english,,
"Mon, Mar 02, 2026",2026-03-02,Monday,Our Lady of Fatima,"858 Louisville Rd, Alcoa",(865) 982-3672,Mass,8:00 AM,,Mass,english,,
"Mon, Mar 02, 2026",2026-03-02,Monday,Our Lady of Fatima,"858 Louisville Rd, Alcoa",(865) 982-3672,Mass,8:00 AM,,Mass,english,,livestream
"Mon, Mar 02, 2026",2026-03-02,Monday,Our Lady of Guadalupe,"3112 Nolensville Rd, Nashville",615-333-8660,Mass,6:00 PM,,Mass,English,,
"Mon, Mar 02, 2026",2026-03-02,Monday,Our Lady of Lourdes,"704 Holly Ave, South Pittsburg",(423) 837-7068,Mass,7:30 AM,,Mass,English,,
"Mon, Mar 02, 2026",2026-03-02,Monday,Our Lady of Perpetual Help,"8151 Poplar Ave, Germantown",(901) 754-1204,Mass,12:00 PM,,Mass,English,chapel,livestream
"Mon, Mar 02, 2026",2026-03-02,Monday,Our Lady of Perpetual Help,"8151 Poplar Ave, Germantown",(901) 754-1204,Mass,6:15 AM,,Mass,English,chapel,livestream
"Mon, Mar 02, 2026",2026-03-02,Monday,Our Lady of Perpetual Help,"501 S Moore Rd, Chattanooga",(423) 622-7232,Mass,8:15 AM,,Daily Mass,english,,
"Mon, Mar 02, 2026",2026-03-02,Monday,Our Lady of Perpetual Help,"501 S Moore Rd, Chattanooga",+1-423-622-7232,Mass,8:15 AM,,Mass,english,,
"Mon, Mar 02, 2026",2026-03-02,Monday,Our Lady of Perpetual Help,"8151 Poplar Ave, Germantown",(901) 754-1204,Mass,8:15 AM,,Mass,English,chapel,livestream
"Mon, Mar 02, 2026",2026-03-02,Monday,Our Lady of the Lake,"1729 Stop 30 Rd, Hendersonville",(615) 824-3276,Mass,6:30 AM,,Mass,English,,
"Mon, Mar 02, 2026",2026-03-02,Monday,Our Lady of the Lake,"1729 Stop 30 Rd, Hendersonville",(615) 824-3276,Mass,9:15 AM,,Mass,English,,
"Mon, Mar 02, 2026",2026-03-02,Monday,Our Lady of the Shoals,"200 E Commons St N, Tuscumbia",(256) 383-7207,Mass,6:00 PM,,Mass,English,chapel,chapel
"Mon, Mar 02, 2026",2026-03-02,Monday,Queen of Peace,"8455 Germantown Rd, Olive Branch",(662) 895-5007,Mass,12:00 PM,,Mass,english,,
"Mon, Mar 02, 2026",2026-03-02,Monday,St Albert the Great Catholic Church,"7200 Brickey Ln, Knoxville",+1-865-689-7011,Mass,9:00 AM,,Mass,English,,when schools are closed there will be no weekday morning Mass; all parish activities will be cancelled; and the office will be closed
"Mon, Mar 02, 2026",2026-03-02,Monday,St Elizabeth Ann Seton Church,"755 Hwy 49, Tennessee Ridge",(931) 721-3769,Mass,10:30 AM,,Mass,english,,
"Mon, Mar 02, 2026",2026-03-02,Monday,St Elizabeth's Roman Catholic Church,"510 W C St, Elizabethton",+1-423-543-3412,Mass,8:00 AM,,Mass,english,,
"Mon, Mar 02, 2026",2026-03-02,Monday,St Therese-Little Flower,"1644 Jackson Ave, Memphis",(901) 276-1412,Mass,8:15 AM,,Mass,English,"Blessed Sacrament, 2564 Hale Ave, Memphis, TN",
"Mon, Mar 02, 2026",2026-03-02,Monday,St. Albert the Great,"7200 Brickey Ln, Knoxville",(865) 689-7011,Mass,9:00 AM,,Mass,English,,when schools are closed there will be no weekday morning Mass; all parish activities will be cancelled; and the office will be closed
"Mon, Mar 02, 2026",2026-03-02,Monday,St. Alphonsus,"1225 Hwy 51 S, Covington",(901) 476-8140,Mass,8:00 AM,,Mass,english,St. Alphonsus,
"Mon, Mar 02, 2026",2026-03-02,Monday,St. Andrew the Apostle,"149 Brook St, Mars Hill",(828) 689-3719,Mass,7:00 PM,,Mass,spanish,St. Andrew,
"Mon, Mar 02, 2026",2026-03-02,Monday,St. Anne,"706 S Highland St, Memphis",(901) 323-3817,Mass,12:00 PM,,Mass,english,,
"Mon, Mar 02, 2026",2026-03-02,Monday,St. Anne,"316 Euclid Ave, Bristol",(276) 669-8200,Mass,6:00 PM,,Mass,English,Chapel,note: except first Monday of the month
"Mon, Mar 02, 2026",2026-03-02,Monday,St. Anne,"706 S Highland St, Memphis",(901) 323-3817,Mass,6:00 PM,,Mass,spanish,,
"Mon, Mar 02, 2026",2026-03-02,Monday,St. Anthony,"967 E Main St, Blue Ridge",(706) 632-5970,Mass,12:00 PM,,Mass,English,Adoration Chapel,
"Mon, Mar 02, 2026",2026-03-02,Monday,St. Augustine,"1716 Anderson Pike, Signal Mountain",(423) 886-3424,Mass,8:15 AM,,Mass,English,,
"Mon, Mar 02, 2026",2026-03-02,Monday,St. Brigid,"7801 Lowrance Rd, Memphis",(901) 758-0128,Mass,12:00 PM,,Mass,english,Main Church,
"Mon, Mar 02, 2026",2026-03-02,Monday,St. Brigid,"7801 Lowrance Rd, Memphis",(901) 758-0128,Mass,7:00 PM,,Mass,spanish,Main Church,
"Mon, Mar 02, 2026",2026-03-02,Monday,St. Catherine,"3019 Cayce Ln, Columbia",(931) 388-3803,Mass,8:00 AM,,Mass,english,Saint Catherine of Siena Catholic Church,
"Mon, Mar 02, 2026",2026-03-02,Monday,St. Catherine Laboure,"115 Main St, Copperhill",(423) 496-3498,Mass,9:00 AM,,Mass,English,,check bulletin
"Mon, Mar 02, 2026",2026-03-02,Monday,St. Dominic,"2517 John B Dennis Hwy, Kingsport",(423) 288-8101,Mass,8:15 AM,,Mass,english,Church,
"Mon, Mar 02, 2026",2026-03-02,Monday,St. Edward,"188 Thompson Ln, Nashville",(615)-833-5520,Mass,8:00 AM,,Mass,English,,
"Mon, Mar 02, 2026",2026-03-02,Monday,St. Elizabeth,"510 W C Street, Elizabethton",(423) 543-3412,Mass,8:00 AM,,Mass,english,,
"Mon, Mar 02, 2026",2026-03-02,Monday,St. Frances Cabrini,"300 S Tarver Ave, Lebanon",(615) 444-0524,Mass,8:00 AM,,Mass,english,,
"Mon, Mar 02, 2026",2026-03-02,Monday,St. Francis of Assisi,"8151 Chimneyrock Blvd, Cordova",(901) 756-1213,Mass,12:00 PM,,Mass,English,St. Francis of Assisi,
"Mon, Mar 02, 2026",2026-03-02,Monday,St. Francis of Assisi,"8151 Chimneyrock Blvd, Cordova",(901) 756-1213,Mass,8:15 AM,,Mass,English,St. Francis of Assisi,
"Mon, Mar 02, 2026",2026-03-02,Monday,St. Gerard Majella,"3049 Lafayette Rd, Fort Oglethorpe",(706) 861-9410,Mass,9:00 AM,,Mass,English,Saint Gerard Majella Catholic Church,
"Mon, Mar 02, 2026",2026-03-02,Monday,St. Henry,"6401 Harding Pike, Nashville",(615) 352-2259,Mass,11:00 AM,,Mass,English,Chapel,tags: chapel
"Mon, Mar 02, 2026",2026-03-02,Monday,St. Ignatius of Antioch,"601 Bell Rd, Nashville",615-367-0085,Mass,9:00 AM,,Mass,English,,
"Mon, Mar 02, 2026",2026-03-02,Monday,St. James,"4180 Leroy Ave, Memphis",(901) 767-8672,Mass,9:00 AM,,Mass,english,,
"Mon, Mar 02, 2026",2026-03-02,Monday,St. John Neumann,"633 Saint John Ct, Farragut",(865) 966-4540,Mass,8:05 AM,,Mass,English,,
"Mon, Mar 02, 2026",2026-03-02,Monday,St. John XXIII (U. of Tenn.),"1710 Melrose Pl, Knoxville",(865) 523-7931,Mass,12:00 PM,,Mass,english,,except for Holidays
"Mon, Mar 02, 2026",2026-03-02,Monday,St. John the Evangelist,"1061 Ellington Pkwy S, Lewisburg",(931) 359-5017,Mass,8:30 AM,,Mass,english,,
"Mon, Mar 02, 2026",2026-03-02,Monday,St. Joseph,"316 Main St, Bryson City",(828) 488-6766,Mass,12:00 PM,,Mass,English,St Joseph's,
"Mon, Mar 02, 2026",2026-03-02,Monday,St. Joseph,"968 Haig Mill Lake Rd, Dalton",(706) 278-3107,Mass,7:30 PM,,Mass,spanish,East Morris – Capilla San Juan Diego,
"Mon, Mar 02, 2026",2026-03-02,Monday,St. Joseph,"305 E Van Dorn Ave, Holly Springs",(662) 252-3138,Mass,8:00 AM,,Mass,english,St. Joseph,
"Mon, Mar 02, 2026",2026-03-02,Monday,St. Joseph,"968 Haig Mill Lake Rd, Dalton",(706) 278-3107,Mass,9:00 AM,,Mass,english,,
"Mon, Mar 02, 2026",2026-03-02,Monday,St. Jude,"930 Ashland Ter, Chattanooga",(423) 870-2386,Mass,8:15 AM,,Mass,english,,
"Mon, Mar 02, 2026",2026-03-02,Monday,St. Jude Catholic Church,"930 Ashland Terrace, Chattanooga",+1-423-870-2386,Mass,8:15 AM,,Mass,English,,
"Mon, Mar 02, 2026",2026-03-02,Monday,St. Katharine Drexel,"140 New England Rd, Wildwood",(706) 820-0680,Mass,8:30 AM,,Mass,english,,
"Mon, Mar 02, 2026",2026-03-02,Monday,St. Lawrence,"5655 Clarksville Hwy, Joelton",(615) 876-2127,Mass,9:00 AM,,Mass,English,Saint Lawrence,
"Mon, Mar 02, 2026",2026-03-02,Monday,St. Louis,"203 S White Station Rd, Memphis",(901) 255-1950,Mass,12:00 PM,,Mass,English,,
"Mon, Mar 02, 2026",2026-03-02,Monday,St. Louis,"203 S White Station Rd, Memphis",(901) 255-1950,Mass,6:15 AM,,Mass,English,,
"Mon, Mar 02, 2026",2026-03-02,Monday,St. Louis,"203 S White Station Rd, Memphis",(901) 255-1950,Mass,8:15 AM,,Mass,English,,
"Mon, Mar 02, 2026",2026-03-02,Monday,St. Martha,"3331 Bell St, Ashland City",615-792-4255,Mass,8:30 AM,,Mass,English,Adoration Chapel,
"Mon, Mar 02, 2026",2026-03-02,Monday,St. Mary,"220 W Main St, Camden",(731) 584-6459,Mass,12:00 PM,,Mass,English,,
"Mon, Mar 02, 2026",2026-03-02,Monday,St. Mary,"155 Market St, Memphis",(901) 522-9420,Mass,5:30 PM,,Mass,English,,note: Weekday Masses will resume on January 29th
"Mon, Mar 02, 2026",2026-03-02,Monday,St. Mary,"1665 US-45 BYP, Jackson",(731) 668-2596,Mass,7:00 AM,,Mass,english,,
"Mon, Mar 02, 2026",2026-03-02,Monday,St. Mary,"2211 E Lakeview Dr, Johnson City",(423) 282-6367,Mass,7:00 AM,,Mass,English,,
"Mon, Mar 02, 2026",2026-03-02,Monday,St. Mary,"403 N Main St, Franklin",(270) 586-4515 or (270) 253-3230 (Rectory),Mass,8:00 AM,,Mass,English,,exceptions: First Friday Mass is 18:00
"Mon, Mar 02, 2026",2026-03-02,Monday,St. Mary,"304 Airport Rd, Gatlinburg",(865) 436-4907,Mass,8:00 AM,,Mass,english,St. Mary's Catholic Church,
"Mon, Mar 02, 2026",2026-03-02,Monday,St. Mary,"327 Vermont Ave, Oak Ridge",(865) 482-2875,Mass,8:00 AM,,Mass,english,,
"Mon, Mar 02, 2026",2026-03-02,Monday,St. Mary,"2211 E Lakeview Dr, Johnson City",(423) 282-6367,Mass,8:30 AM,,Mass,English,,
"Mon, Mar 02, 2026",2026-03-02,Monday,St. Matthew,"535 Sneed Rd W, Franklin",(615) 646-0378,Mass,8:00 AM,,Mass,english,,
"Mon, Mar 02, 2026",2026-03-02,Monday,St. Michael,"2751 County Rd 30, Florence",(256) 764-1885,Mass,12:00 PM,,Mass,English,St. Michael's Catholic Church,
"Mon, Mar 02, 2026",2026-03-02,Monday,St. Michael,"3863 Summer Ave, Memphis",(901) 323-0896,Mass,5:30 PM,,Mass,spanish,,
"Mon, Mar 02, 2026",2026-03-02,Monday,St. Michael,"2751 County Rd 30, Florence",(256) 764-1885,Mass,7:30 AM,,Mass,English,St. Michael's Catholic Church,
"Mon, Mar 02, 2026",2026-03-02,Monday,St. Michael,"2751 County Rd 30, Florence",(256) 764-1885,Mass,7:30 AM,,Mass,English,St. Michael's Catholic Church,
"Mon, Mar 02, 2026",2026-03-02,Monday,St. Michael,"3863 Summer Ave, Memphis",(901) 323-0896,Mass,8:15 AM,,Mass,english,,
"Mon, Mar 02, 2026",2026-03-02,Monday,St. Michael the Archangel ,"657 N Mohawk Dr, Erwin",(423) 735-0484,Mass,8:30 AM,,Mass,english,Parish Center,
"Mon, Mar 02, 2026",2026-03-02,Monday,St. Patrick,"1219 Second Ave S, Nashville",(615) 256-6498,Mass,7:00 AM,,Mass,english,,
"Mon, Mar 02, 2026",2026-03-02,Monday,St. Patrick,"175 St Patrick St, McEwen",(931) 582-3633,Mass,8:00 AM,,Mass,english,"Saint Patrick Catholic Church, McEwen, TN",
"Mon, Mar 02, 2026",2026-03-02,Monday,St. Paul the Apostle,"1425 E Shelby Dr, Memphis",(901) 346-2380,Mass,6:00 AM,,Mass,English,,note: During school year calendar
"Mon, Mar 02, 2026",2026-03-02,Monday,St. Paul the Apostle,"304 W Grizzard St, Tullahoma",(931) 455-3050,Mass,8:00 AM,,Mass,english,,
"Mon, Mar 02, 2026",2026-03-02,Monday,St. Paul the Apostle,"1425 E Shelby Dr, Memphis",(901) 346-2380,Mass,8:15 AM,,Mass,English,,
"Mon, Mar 02, 2026",2026-03-02,Monday,St. Peter the Apostle,"208 Upper Ferry Rd, Carthage",(615) 281-8327,Mass,5:00 PM,,Daily Mass,English,,
"Mon, Mar 02, 2026",2026-03-02,Monday,St. Philip,"113 Second Ave S, Franklin",(615) 794-8588,Mass,7:00 AM,,Mass,english,St. Philip Catholic Church,
"Mon, Mar 02, 2026",2026-03-02,Monday,St. Philip,"113 Second Ave S, Franklin",(615) 794-8588,Mass,9:00 AM,,Mass,english,St. Philip Catholic Church,
"Mon, Mar 02, 2026",2026-03-02,Monday,St. Pius X,"2800 Tucker Rd, Nashville",(615) 256-2729,Mass,7:15 AM,,Holy Mass and Communion Service,english,ST. PIUS X ACADEMY AND CHURCH,
"Mon, Mar 02, 2026",2026-03-02,Monday,St. Pius X Church,"2800 Tucker Rd, Nashville",+1-615-244-4093,Mass,7:15 AM,,Mass,english,ST. PIUS X ACADEMY AND CHURCH,
"Mon, Mar 02, 2026",2026-03-02,Monday,St. Rose of Lima Catholic Church,"1601 N Tennessee Blvd, Murfreesboro",(615) 893-1843,Mass,7:00 AM,,Mass,English,,
"Mon, Mar 02, 2026",2026-03-02,Monday,St. Stephen,"14544 Lebanon Rd, Old Hickory",(615) 758-2424,Mass,8:00 AM,,Mass,english,Saint Stephen Catholic Community,
"Mon, Mar 02, 2026",2026-03-02,Monday,St. Stephen,"7111 Lee Hwy, Chattanooga",(423) 892-1261,Mass,8:30 AM,,Mass,english,St. Stephen Catholic Church,
"Mon, Mar 02, 2026",2026-03-02,Monday,St. Teresa of Kolkata,"3445 Maynardville Hwy, Maynardville",(865) 992-7222,Mass,8:30 AM,,Mass,bilingual,St. Teresa of Kolkata,
"Mon, Mar 02, 2026",2026-03-02,Monday,St. Therese of Lisieux,"900 Clingan Ridge Dr NW, Cleveland",(423) 476-8123,Mass,8:30 AM,,Mass,english,,
"Mon, Mar 02, 2026",2026-03-02,Monday,St. Thomas Aquinas,"421 N Washington Ave, Cookeville",(931) 526-2575,Mass,8:00 AM,,Mass,english,,
"Mon, Mar 02, 2026",2026-03-02,Monday,St. Thomas the Apostle,"1580 St Thomas Way, Lenoir City",(865) 986-9885,Mass,8:30 AM,,Mass,english,Saint Thomas the Apostle,
"Mon, Mar 02, 2026",2026-03-02,Monday,St. William,"500 S Brittain St, Shelbyville",19316848745,Mass,7:00 PM,,Mass,spanish,St Joseph Chapel,
"Mon, Mar 02, 2026",2026-03-02,Monday,St. William,"4932 Easley St, Millington",(901) 872-4099,Mass,8:30 AM,,Mass,English,St. William Catholic Church,
"Mon, Mar 02, 2026",2026-03-02,Monday,Sts. Peter and Paul,"902 E 9th St, Hopkinsville",(270) 885-8522,Mass,8:00 AM,,Mass,english,,
"Mon, Mar 02, 2026",2026-03-02,Monday,The Cathedral of the Most Sacred Heart of Jesus,"711 S Northshore Dr, Knoxville",(865) 588-0249,Mass,12:00 PM,,Mass,English,,
"Mon, Mar 02, 2026",2026-03-02,Monday,The Cathedral of the Most Sacred Heart of Jesus,"711 S Northshore Dr, Knoxville",(865) 588-0249,Mass,8:05 AM,,Mass,English,,livestream
"Mon, Mar 02, 2026",2026-03-02,Monday,Basilica of Sts. Peter and Paul,"214 E 8th St, Chattanooga",(423) 266-1618,Confession,11:30 AM,12:00 PM,Confession,English,Basilica,
"Mon, Mar 02, 2026",2026-03-02,Monday,Basilica of Sts. Peter and Paul,"214 E 8th St, Chattanooga",(423) 266-1618,Confession,TBD,,Confessions,English,,30 minutes before each Mass except the 7am
"Mon, Mar 02, 2026",2026-03-02,Monday,Cathedral of the Incarnation,"2015 W End Ave, Nashville",(615) 327-2330,Confession,11:00 AM,12:00 PM,Confession,English,Cathedral,
"Mon, Mar 02, 2026",2026-03-02,Monday,Catholic Student Center -UM,"3625 Mynders Ave, Memphis",(901) 323-3051,Confession,4:00 PM,4:30 PM,Confession,English,Catholic Student Center,
"Mon, Mar 02, 2026",2026-03-02,Monday,Holy Rosary,"192 Graylynn Dr, Nashville",(615) 889-4065,Confession,5:00 PM,,Confessions,English,,
"Mon, Mar 02, 2026",2026-03-02,Monday,Immaculate Conception,"414 W Vine Ave, Knoxville",(865) 522-1508,Confession,11:00 AM,12:00 PM,Confession,english,Immaculate Conception,
"Mon, Mar 02, 2026",2026-03-02,Monday,Immaculate Conception,"414 W Vine Ave, Knoxville",(865) 522-1508,Confession,11:30 AM,12:00 PM,Confession,english,Immaculate Conception,
"Mon, Mar 02, 2026",2026-03-02,Monday,Mission of St. John Paul II,"161 Bryan Ln, Rutledge",(865) 992-7222,Confession,5:30 PM,,Confession,English,Adoration Chapel,
"Mon, Mar 02, 2026",2026-03-02,Monday,National Shrine of St. Martin de Porres,"190 Adams Ave, Memphis",(901) 527-8282,Confession,11:30 AM,12:00 PM,Confession,English,St. Martin de Porres Shrine Chapel,
"Mon, Mar 02, 2026",2026-03-02,Monday,Our Lady of the Lake,"1729 Stop 30 Rd, Hendersonville",(615) 824-3276,Confession,5:30 AM,,Reconciliation,English,,
"Mon, Mar 02, 2026",2026-03-02,Monday,Our Lady of the Lake,"1729 Stop 30 Rd, Hendersonville",(615) 824-3276,Confession,8:15 AM,,Reconciliation,English,,
"Mon, Mar 02, 2026",2026-03-02,Monday,St Elizabeth Ann Seton Church,"755 Hwy 49, Tennessee Ridge",(931) 721-3769,Confession,8:30 AM,9:30 AM,Confession,English,,Confessions also heard by appointment.
"Mon, Mar 02, 2026",2026-03-02,Monday,St Therese-Little Flower,"1644 Jackson Ave, Memphis",(901) 276-1412,Confession,3:30 PM,4:00 PM,Confession,spanish,"Blessed Sacrament, 2564 Hale Ave, Memphis, TN",
"Mon, Mar 02, 2026",2026-03-02,Monday,St. Augustine,"1716 Anderson Pike, Signal Mountain",(423) 886-3424,Confession,7:00 AM,8:00 AM,Sacrament of Reconciliation,English,,Or By Appointment
"Mon, Mar 02, 2026",2026-03-02,Monday,St. Edward,"188 Thompson Ln, Nashville",(615)-833-5520,Confession,7:00 AM,7:45 AM,Adoration & Confession,English,,
"Mon, Mar 02, 2026",2026-03-02,Monday,St. Edward,"188 Thompson Ln, Nashville",(615)-833-5520,Confession,7:00 AM,7:45 AM,Confession,English,,
"Mon, Mar 02, 2026",2026-03-02,Monday,St. Lawrence,"5655 Clarksville Hwy, Joelton",(615) 876-2127,Confession,8:15 AM,9:00 AM,Confession,English,Saint Lawrence,
"Mon, Mar 02, 2026",2026-03-02,Monday,St. Mary,"327 Vermont Ave, Oak Ridge",(865) 482-2875,Confession,TBD,,Confessions,English,,"before every Mass; note: implied by ""Weekdays Monday through Saturday at 8:00 am"""
"Mon, Mar 02, 2026",2026-03-02,Monday,St. Patrick,"1219 Second Ave S, Nashville",(615) 256-6498,Confession,6:15 AM,6:50 AM,Confessions,English,,
"Mon, Mar 02, 2026",2026-03-02,Monday,St. William,"500 S Brittain St, Shelbyville",19316848745,Confession,5:45 PM,6:45 PM,Confession,English,,
"Mon, Mar 02, 2026",2026-03-02,Monday,Catholic Student Center -UM,"3625 Mynders Ave, Memphis",(901) 323-3051,Adoration,3:30 PM,4:30 PM,Adoration,English,Catholic Student Center,Available according to University Schedule
"Mon, Mar 02, 2026",2026-03-02,Monday,Chapel of St. Cecilia,"801 Dominican Dr, Nashville",16152565486,Adoration,2:00 PM,,Exposition and Adoration,English,Chapel,exposition; adoration
"Mon, Mar 02, 2026",2026-03-02,Monday,Holy Rosary,"192 Graylynn Dr, Nashville",(615) 889-4065,Adoration,5:00 PM,6:00 PM,Adoration,English,,
"Mon, Mar 02, 2026",2026-03-02,Monday,Our Lady of Lourdes,"704 Holly Ave, South Pittsburg",(423) 837-7068,Adoration,7:30 AM,,Adoration,English,,after Mass
"Mon, Mar 02, 2026",2026-03-02,Monday,Our Lady of the Shoals,"200 E Commons St N, Tuscumbia",(256) 383-7207,Adoration,TBD,,Adoration,English,,30 minutes before weekday masses; exposition
"Mon, Mar 02, 2026",2026-03-02,Monday,St Elizabeth Ann Seton Church,"755 Hwy 49, Tennessee Ridge",(931) 721-3769,Adoration,8:30 AM,9:30 AM,Adoration,English,,exposition
"Mon, Mar 02, 2026",2026-03-02,Monday,St. Andrew the Apostle,"149 Brook St, Mars Hill",(828) 689-3719,Adoration,8:00 AM,9:00 AM,Adoration,English,St. Andrew,exposition
"Mon, Mar 02, 2026",2026-03-02,Monday,St. Anthony,"967 E Main St, Blue Ridge",(706) 632-5970,Adoration,1:00 PM,6:00 PM,Exposition of the Blessed Sacrament,English,Adoration Chapel,exposition
"Mon, Mar 02, 2026",2026-03-02,Monday,St. Augustine,"1716 Anderson Pike, Signal Mountain",(423) 886-3424,Adoration,7:00 AM,8:00 AM,Adoration,English,,
"Mon, Mar 02, 2026",2026-03-02,Monday,St. Frances Cabrini,"300 S Tarver Ave, Lebanon",(615) 444-0524,Adoration,7:00 AM,,Adoration,English,,exposition
"Mon, Mar 02, 2026",2026-03-02,Monday,St. Gerard Majella,"3049 Lafayette Rd, Fort Oglethorpe",(706) 861-9410,Adoration,7:30 AM,9:00 AM,Adoration,English,Saint Gerard Majella Catholic Church,exposition
"Mon, Mar 02, 2026",2026-03-02,Monday,St. Ignatius of Antioch,"601 Bell Rd, Nashville",615-367-0085,Adoration,7:45 AM,8:45 AM,Eucharist Adoration,English,,
"Mon, Mar 02, 2026",2026-03-02,Monday,St. Louis,"203 S White Station Rd, Memphis",(901) 255-1950,Adoration,6:00 AM,10:00 PM,Adoration,English,,
"Mon, Mar 02, 2026",2026-03-02,Monday,Chapel of St. Cecilia,"801 Dominican Dr, Nashville",16152565486,Devotions,5:30 PM,6:00 PM,Vespers,English,,
"Mon, Mar 02, 2026",2026-03-02,Monday,Chapel of St. Cecilia,"801 Dominican Dr, Nashville",16152565486,Devotions,6:00 PM,6:30 PM,Rosary,English,,
"Mon, Mar 02, 2026",2026-03-02,Monday,Holy Spirit,"2300 Hickory Crest Dr, Memphis",(901) 754-7146,Devotions,TBD,,Rosary,English,Chapel,after
"Mon, Mar 02, 2026",2026-03-02,Monday,National Shrine of St. Martin de Porres,"190 Adams Ave, Memphis",(901) 527-8282,Devotions,7:30 PM,8:00 PM,Rosary,English,,zoom; Virtual
"Mon, Mar 02, 2026",2026-03-02,Monday,Queen of Peace,"8455 Germantown Rd, Olive Branch",(662) 895-5007,Devotions,11:30 AM,,Rosary,English,,
"Mon, Mar 02, 2026",2026-03-02,Monday,Saint Francis of Assisi Catholic Church,"7503 Peavine Rd, Crossville",+1-931-484-3628,Devotions,7:40 AM,,Divine Mercy Chaplet,English,,
"Mon, Mar 02, 2026",2026-03-02,Monday,St. Anthony,"967 E Main St, Blue Ridge",(706) 632-5970,Devotions,6:00 PM,,Benediction,English,Adoration Chapel,benediction
"Mon, Mar 02, 2026",2026-03-02,Monday,St. Frances Cabrini,"300 S Tarver Ave, Lebanon",(615) 444-0524,Devotions,7:30 AM,,Rosary,English,,
"Mon, Mar 02, 2026",2026-03-02,Monday,St. Francis of Assisi,"7503 Peavine Rd, Fairfield Glade",(931) 484-3628,Devotions,7:40 AM,,Divine Mercy Chaplet,English,,
"Mon, Mar 02, 2026",2026-03-02,Monday,St. Gerard Majella,"3049 Lafayette Rd, Fort Oglethorpe",(706) 861-9410,Devotions,8:30 AM,,Recitation of the Rosary,English,Saint Gerard Majella Catholic Church,
"Mon, Mar 02, 2026",2026-03-02,Monday,St. Philip the Apostle,"11710 US Hwy 64, Somerville",(901) 465-8685,Devotions,12:00 PM,,Rosary,English,,
"Mon, Mar 02, 2026",2026-03-02,Monday,St. Rose of Lima Catholic Church,"1601 N Tennessee Blvd, Murfreesboro",(615) 893-1843,Devotions,6:30 AM,,Rosary,English,,
"Mon, Mar 02, 2026",2026-03-02,Monday,St. Therese of Lisieux,"900 Clingan Ridge Dr NW, Cleveland",(423) 476-8123,Devotions,9:00 AM,,Rosary,English,Adoration Chapel,note: following 08:30 Mass
"Mon, Mar 02, 2026",2026-03-02,Monday,Basilica of Sts. Peter and Paul,"214 E 8th St, Chattanooga",(423) 266-1618,Other,6:30 PM,,Penance Service,English,Basilica,note: part of Lenten Deanery schedule
"Mon, Mar 02, 2026",2026-03-02,Monday,Good Shepherd,"2021 Decherd Blvd, Decherd",(931) 967-0961,Other,9:00 AM,,No Service,English,Good Shepherd Church,
"Mon, Mar 02, 2026",2026-03-02,Monday,St. James the Less,"3189 N Harper Rd, Corinth",(662) 331-5184,Other,6:00 PM,,Word & Communion /Palabra y Comunión,English,,
"Mon, Mar 02, 2026",2026-03-02,Monday,St. Mary,"220 W Main St, Camden",(731) 584-6459,Other,10:00 AM,,Needle Works Ministry,English,,Each; note: meets at 10:00 a.m. Please join them as they work on group and individual projects or just enjoy the company of the ladies of our parish!
"Mon, Mar 02, 2026",2026-03-02,Monday,St. Mary,"403 N Main St, Franklin",(270) 586-4515 or (270) 253-3230 (Rectory),Other,1:00 PM,,Small Group,English,,"thly, 2nd week, Thu; classroom #1"
"Mon, Mar 02, 2026",2026-03-02,Monday,St. Mary,"403 N Main St, Franklin",(270) 586-4515 or (270) 253-3230 (Rectory),Other,6:30 PM,,Small Group,English,,"thly, 2nd week,; Parish Center"
"Mon, Mar 02, 2026",2026-03-02,Monday,The Catholic Community of The Sacred Heart of Jesus," Building# 5875 Desert Storm Ave, Fort Campbell",270-798-2352,Other,11:45 AM,,Catholic Worship Services,English,5875 - Soldiers Chapel,
"Mon, Mar 02, 2026",2026-03-02,Monday,Vietnamese Parish of Divine Mercy,"10919 Carmichael Rd, Knoxville",(865) 766-2091,Other,8:00 AM,,Lễ,English,,
"Mon, Mar 02, 2026",2026-03-02,Monday,Holy Name,"521 Woodland St, Nashville",(615) 254-8847,Sacraments,8:00 AM,,Communion Service Only,english,Church of the Most Holy Name,
"Mon, Mar 02, 2026",2026-03-02,Monday,Saint Francis of Assisi Catholic Church,"7503 Peavine Rd, Crossville",+1-931-484-3628,Sacraments,8:00 AM,,Communion Service,english,,
"Mon, Mar 02, 2026",2026-03-02,Monday,St. Francis of Assisi,"7503 Peavine Rd, Fairfield Glade",(931) 484-3628,Sacraments,8:00 AM,,Communion Service,English,,
"Mon, Mar 02, 2026",2026-03-02,Monday,St. Lawrence,"5655 Clarksville Hwy, Joelton",(615) 876-2127,Private,9:00 AM,4:00 PM,Church Open for Prayer,English,Saint Lawrence,
"Mon, Mar 02, 2026",2026-03-02,Monday,St. Patrick,"2518 W Andrew Johnson Hwy, Morristown",(423) 586-9174,Sacraments,8:30 AM,,Communion Service,English,,
"Tue, Mar 03, 2026",2026-03-03,Tuesday,All Saints,"620 N Cedar Bluff Rd, Knoxville",(865) 531-0770,Mass,12:10 PM,,Mass,english,620 N Cedar Bluff Rd,
"Tue, Mar 03, 2026",2026-03-03,Tuesday,All Saints,"620 N Cedar Bluff Rd, Knoxville",(865) 531-0770,Mass,9:00 AM,,Mass,english,620 N Cedar Bluff Rd,
"Tue, Mar 03, 2026",2026-03-03,Tuesday,Ascension,"3680 Ramill Rd, Memphis",(901) 372-1364,Mass,6:30 PM,,Mass,spanish,,
"Tue, Mar 03, 2026",2026-03-03,Tuesday,Assumption,"1227 7th Ave N, Nashville",(615) 256-2729,Mass,7:00 AM,,Low Mass,latin,,
"Tue, Mar 03, 2026",2026-03-03,Tuesday,Basilica of Sts. Peter and Paul,"214 E 8th St, Chattanooga",(423) 266-1618,Mass,12:00 PM,,Mass,english,Basilica,
"Tue, Mar 03, 2026",2026-03-03,Tuesday,Cathedral of the Immaculate Conception,"1669 Central Ave, Memphis",(901) 725-2700,Mass,12:00 PM,,Mass,English,,
"Tue, Mar 03, 2026",2026-03-03,Tuesday,Cathedral of the Immaculate Conception,"1669 Central Ave, Memphis",(901) 725-2700,Mass,6:30 AM,,Mass,English,,
"Tue, Mar 03, 2026",2026-03-03,Tuesday,Cathedral of the Incarnation,"2015 W End Ave, Nashville",(615) 327-2330,Mass,12:10 PM,,Mass,English,Cathedral,
"Tue, Mar 03, 2026",2026-03-03,Tuesday,Cathedral of the Incarnation,"2015 W End Ave, Nashville",(615) 327-2330,Mass,7:00 AM,,Mass,English,Cathedral,
"Tue, Mar 03, 2026",2026-03-03,Tuesday,Catholic Church of the Nativity,"2793 Buckner Ln, Thompson's Station",+1-615-794-4004,Mass,9:00 AM,,Mass,English,,exception: not 7 days/week
"Tue, Mar 03, 2026",2026-03-03,Tuesday,Catholic Student Center -UM,"3625 Mynders Ave, Memphis",(901) 323-3051,Mass,4:30 PM,,Mass,english,Catholic Student Center,
"Tue, Mar 03, 2026",2026-03-03,Tuesday,Christ the King,"298 Bluegrass Dr, Scottsville",(270) 237-4404 or (270) 586-4515,Mass,5:00 PM,,Mass,English,CTK,
"Tue, Mar 03, 2026",2026-03-03,Tuesday,Christ the King,"3001 Belmont Blvd, Nashville",(615) 292-2884,Mass,8:00 AM,,Mass,english,,note: school year only; check bulletin
"Tue, Mar 03, 2026",2026-03-03,Tuesday,Good Samaritan,"55 Church St, Ellijay",(706) 636-2772,Mass,7:00 PM,,Mass,spanish,,
"Tue, Mar 03, 2026",2026-03-03,Tuesday,Good Shepherd,"2361 Cosby Hwy, Newport",(423) 623-5051,Mass,10:00 AM,,Mass,english,Church of the Good Shepherd,
"Tue, Mar 03, 2026",2026-03-03,Tuesday,Holy Cross,"1210 E Wood St, Paris",(731) 642-4681,Mass,12:00 PM,,Mass,English,,
"Tue, Mar 03, 2026",2026-03-03,Tuesday,Holy Cross,"144 Wears Valley Rd, Pigeon Forge",865-429-5587,Mass,12:00 PM,,Mass,english,,
"Tue, Mar 03, 2026",2026-03-03,Tuesday,Holy Family,"201 Black Oak Ridge Rd, Seymour",(865) 573-1203,Mass,12:00 PM,,Mass,english,,
"Tue, Mar 03, 2026",2026-03-03,Tuesday,Holy Family,"431 Old Hwy 52, Lafayette",(615) 666-6466,Mass,4:30 PM,,Mass,english,"Holy Family catholic church, Lafayette, TN",
"Tue, Mar 03, 2026",2026-03-03,Tuesday,Holy Family,"9100 Crockett Rd, Brentwood",(615) 373-4696,Mass,6:30 AM,,Mass,English,,livestream
"Tue, Mar 03, 2026",2026-03-03,Tuesday,Holy Family,"431 Old Hwy 52, Lafayette",(615) 666-6466,Mass,7:00 PM,,Mass,spanish,"Holy Family catholic church, Lafayette, TN",
"Tue, Mar 03, 2026",2026-03-03,Tuesday,Holy Family,"201 Black Oak Ridge Rd, Seymour",(865) 573-1203,Mass,8:30 AM,,Mass,english,,
"Tue, Mar 03, 2026",2026-03-03,Tuesday,Holy Family Catholic Church,"201 Black Oak Ridge Rd, Seymour",+1-865-573-1203,Mass,12:00 PM,,Mass,english,,
"Tue, Mar 03, 2026",2026-03-03,Tuesday,Holy Family Catholic Church,"201 Black Oak Ridge Rd, Seymour",+1-865-573-1203,Mass,8:30 AM,,Mass,english,,
"Tue, Mar 03, 2026",2026-03-03,Tuesday,Holy Ghost,"1041 N Central St, Knoxville",(865) 522-2205,Mass,6:30 AM,,Mass,English,,
"Tue, Mar 03, 2026",2026-03-03,Tuesday,Holy Ghost,"1041 N Central St, Knoxville",(865) 522-2205,Mass,8:00 AM,,Mass,English,,
"Tue, Mar 03, 2026",2026-03-03,Tuesday,Holy Name,"521 Woodland St, Nashville",(615) 254-8847,Mass,12:00 PM,,Mass,english,Church of the Most Holy Name,
"Tue, Mar 03, 2026",2026-03-03,Tuesday,Holy Rosary,"4851 Park Ave, Memphis",(901) 767-6949,Mass,6:15 AM,,Mass,English,,
"Tue, Mar 03, 2026",2026-03-03,Tuesday,Holy Rosary,"192 Graylynn Dr, Nashville",(615) 889-4065,Mass,6:15 PM,,Mass,English,,
"Tue, Mar 03, 2026",2026-03-03,Tuesday,Holy Rosary,"192 Graylynn Dr, Nashville",(615) 889-4065,Mass,8:00 AM,,Mass,English,,during the school year
"Tue, Mar 03, 2026",2026-03-03,Tuesday,Holy Rosary,"4851 Park Ave, Memphis",(901) 767-6949,Mass,8:15 AM,,Mass,English,,
"Tue, Mar 03, 2026",2026-03-03,Tuesday,Holy Spirit,"10768 Dayton Pike, Soddy Daisy",(423) 332-5300,Mass,6:00 PM,,Mass,english,Holy Spirit,
"Tue, Mar 03, 2026",2026-03-03,Tuesday,Holy Spirit,"2300 Hickory Crest Dr, Memphis",(901) 754-7146,Mass,6:30 AM,,Mass,English,,
"Tue, Mar 03, 2026",2026-03-03,Tuesday,Holy Spirit,"2300 Hickory Crest Dr, Memphis",(901) 754-7146,Mass,8:00 AM,,Mass,English,,
"Tue, Mar 03, 2026",2026-03-03,Tuesday,Holy Spirit Catholic Church,"10768 Dayton Pike, Soddy-Daisy",+1-423-332-5300,Mass,6:00 PM,,Mass,english,Holy Spirit,
"Tue, Mar 03, 2026",2026-03-03,Tuesday,Holy Trinity,"475 N Highway 92, Jefferson City",(865) 471-0347,Mass,9:00 AM,,Mass,english,,
"Tue, Mar 03, 2026",2026-03-03,Tuesday,Immaculate Conception,"414 W Vine Ave, Knoxville",(865) 522-1508,Mass,12:10 PM,,Mass,english,Immaculate Conception,
"Tue, Mar 03, 2026",2026-03-03,Tuesday,Immaculate Conception,"709 Franklin St, Clarksville",(931) 645-6275,Mass,9:00 AM,,Mass,english,Chapel,
"Tue, Mar 03, 2026",2026-03-03,Tuesday,Incarnation,"360 Bray Station Rd, Collierville",(901) 853-7468 ,Mass,8:15 AM,,Mass,English,St. Therese Chapel,tags: chapel
"Tue, Mar 03, 2026",2026-03-03,Tuesday,Mission of Our Lady of the Lake,"10645 Hwy 57, Counce",(731) 925-4852,Mass,8:30 AM,,Mass,English,Our Lady of the Lake,
"Tue, Mar 03, 2026",2026-03-03,Tuesday,Mission of St. John Paul II,"161 Bryan Ln, Rutledge",(865) 992-7222,Mass,6:00 PM,,Mass,english,,
"Tue, Mar 03, 2026",2026-03-03,Tuesday,Mission of St. Michael,"3553 S Carter Rd, Cedar Hill",(615) 384-6200,Mass,8:30 AM,,Mass,English,Our Lady of Lourdes,
"Tue, Mar 03, 2026",2026-03-03,Tuesday,Mother Teresa ,"7668 Nolensville Rd (house on the hill ), Nolensville",(651) 283-3119,Mass,6:30 PM,,Mass,English,Parish Chapel,
"Tue, Mar 03, 2026",2026-03-03,Tuesday,National Shrine of St. Martin de Porres,"190 Adams Ave, Memphis",(901) 527-8282,Mass,12:05 PM,,Mass,english,St. Martin de Porres National Shrine Chapel,
"Tue, Mar 03, 2026",2026-03-03,Tuesday,Nativity,"5955 St Elmo Rd, Bartlett",(901) 382-2504,Mass,8:00 AM,,Mass,english,,
"Tue, Mar 03, 2026",2026-03-03,Tuesday,Nativity,"2793 Buckner Ln, Spring Hill",(615) 794-4004,Mass,9:00 AM,,Mass,english,,
"Tue, Mar 03, 2026",2026-03-03,Tuesday,Nativity,"2793 Buckner Ln, Spring Hill",(615) 794-4004,Mass,9:00 AM,,Mass,english,,
"Tue, Mar 03, 2026",2026-03-03,Tuesday,Notre Dame,"212 Mount Bethel Rd, Greeneville",(423) 639-9381,Mass,8:30 AM,,Mass,english,Notre Dame Catholic Church,
"Tue, Mar 03, 2026",2026-03-03,Tuesday,Notre Dame Catholic Church,"212 Mt Bethel Rd, Greeneville",+1-423-639-9381,Mass,8:30 AM,,Mass,english,Notre Dame,
"Tue, Mar 03, 2026",2026-03-03,Tuesday,Our Lady of Fatima,"858 Louisville Rd, Alcoa",(865) 982-3672,Mass,12:00 PM,,Mass,english,,livestream
"Tue, Mar 03, 2026",2026-03-03,Tuesday,Our Lady of Guadalupe,"3112 Nolensville Rd, Nashville",615-333-8660,Mass,6:00 PM,,Mass,English,,
"Tue, Mar 03, 2026",2026-03-03,Tuesday,Our Lady of Lourdes,"704 Holly Ave, South Pittsburg",(423) 837-7068,Mass,7:30 AM,,Mass,English,,
"Tue, Mar 03, 2026",2026-03-03,Tuesday,Our Lady of Perpetual Help,"8151 Poplar Ave, Germantown",(901) 754-1204,Mass,12:00 PM,,Mass,English,chapel,livestream
"Tue, Mar 03, 2026",2026-03-03,Tuesday,Our Lady of Perpetual Help,"8151 Poplar Ave, Germantown",(901) 754-1204,Mass,6:15 AM,,Mass,English,chapel,livestream
"Tue, Mar 03, 2026",2026-03-03,Tuesday,Our Lady of Perpetual Help,"501 S Moore Rd, Chattanooga",(423) 622-7232,Mass,8:15 AM,,Daily Mass,english,,
"Tue, Mar 03, 2026",2026-03-03,Tuesday,Our Lady of Perpetual Help,"501 S Moore Rd, Chattanooga",+1-423-622-7232,Mass,8:15 AM,,Mass,english,,
"Tue, Mar 03, 2026",2026-03-03,Tuesday,Our Lady of Perpetual Help,"8151 Poplar Ave, Germantown",(901) 754-1204,Mass,8:15 AM,,Mass,English,chapel,livestream
"Tue, Mar 03, 2026",2026-03-03,Tuesday,Our Lady of the Lake,"1729 Stop 30 Rd, Hendersonville",(615) 824-3276,Mass,6:30 AM,,Mass,English,,
"Tue, Mar 03, 2026",2026-03-03,Tuesday,Our Lady of the Lake,"1729 Stop 30 Rd, Hendersonville",(615) 824-3276,Mass,9:15 AM,,Mass,English,,
"Tue, Mar 03, 2026",2026-03-03,Tuesday,Our Lady of the Shoals,"200 E Commons St N, Tuscumbia",(256) 383-7207,Mass,9:00 AM,,Mass,English,chapel,chapel
"Tue, Mar 03, 2026",2026-03-03,Tuesday,Queen of Peace,"8455 Germantown Rd, Olive Branch",(662) 895-5007,Mass,12:00 PM,,Mass,english,,
"Tue, Mar 03, 2026",2026-03-03,Tuesday,Sacred Heart,"296 W 6th St, Russellville",(270) 726-6963,Mass,11:00 AM,,Mass,English,Sacred Heart Catholic Church Russellville KY,
"Tue, Mar 03, 2026",2026-03-03,Tuesday,Sacred Heart,"411 E Moulton St, Hickman",(270) 472-2742,Mass,5:00 PM,,Mass,English,"Sacred Heart, Hickman",
"Tue, Mar 03, 2026",2026-03-03,Tuesday,Sacred Heart,"212 Berger St, Lawrenceburg",(931) 762-3183,Mass,8:00 AM,,Mass,English,,
"Tue, Mar 03, 2026",2026-03-03,Tuesday,Saint Francis of Assisi Catholic Church,"7503 Peavine Rd, Crossville",+1-931-484-3628,Mass,8:00 AM,,Mass,english,,
"Tue, Mar 03, 2026",2026-03-03,Tuesday,"Saint James the Apostle Catholic Church, Sneedville","Highway 33, Sneedville",+1-423-272-6897,Mass,12:00 PM,,Mass,English,,
"Tue, Mar 03, 2026",2026-03-03,Tuesday,St Albert the Great Catholic Church,"7200 Brickey Ln, Knoxville",+1-865-689-7011,Mass,9:00 AM,,Mass,English,,when schools are closed there will be no weekday morning Mass; all parish activities will be cancelled; and the office will be closed
"Tue, Mar 03, 2026",2026-03-03,Tuesday,St Alphonsus Catholic Church,"151 St Alphonsus Way, Crossville",+1-931-484-2358,Mass,8:30 AM,,Mass,english,,
"Tue, Mar 03, 2026",2026-03-03,Tuesday,St Elizabeth's Roman Catholic Church,"510 W C St, Elizabethton",+1-423-543-3412,Mass,8:00 AM,,Mass,english,,
"Tue, Mar 03, 2026",2026-03-03,Tuesday,St Joseph the Worker Catholic Church,"649 Old Tellico Hwy N, Madisonville",+1-423-442-7273,Mass,9:00 AM,,Mass,English,St. Joseph the Worker Catholic Church,
"Tue, Mar 03, 2026",2026-03-03,Tuesday,St Therese-Little Flower,"1644 Jackson Ave, Memphis",(901) 276-1412,Mass,5:30 PM,,Mass,English,"Blessed Sacrament, 2564 Hale Ave, Memphis, TN",
"Tue, Mar 03, 2026",2026-03-03,Tuesday,St. Albert the Great,"7200 Brickey Ln, Knoxville",(865) 689-7011,Mass,9:00 AM,,Mass,English,,when schools are closed there will be no weekday morning Mass; all parish activities will be cancelled; and the office will be closed
"Tue, Mar 03, 2026",2026-03-03,Tuesday,St. Alphonsus,"1225 Hwy 51 S, Covington",(901) 476-8140,Mass,8:00 AM,,Mass,english,St. Alphonsus,
"Tue, Mar 03, 2026",2026-03-03,Tuesday,St. Alphonsus,"151 St Alphonsus Way, Crossville",(931) 484-2358,Mass,8:30 AM,,Mass,english,Saint Alphonsus Catholic Church,
"Tue, Mar 03, 2026",2026-03-03,Tuesday,St. Andrew the Apostle,"149 Brook St, Mars Hill",(828) 689-3719,Mass,9:00 AM,,Mass,english,St. Andrew,
"Tue, Mar 03, 2026",2026-03-03,Tuesday,St. Ann,"5101 Charlotte Ave, Nashville",(615) 298-1782,Mass,5:45 PM,,Mass,english,Church,
"Tue, Mar 03, 2026",2026-03-03,Tuesday,St. Anne,"316 Euclid Ave, Bristol",(276) 669-8200,Mass,8:30 AM,,Mass,English,,
"Tue, Mar 03, 2026",2026-03-03,Tuesday,St. Anthony,"967 E Main St, Blue Ridge",(706) 632-5970,Mass,12:00 PM,,Mass,English,Adoration Chapel,
"Tue, Mar 03, 2026",2026-03-03,Tuesday,St. Anthony,"1900 Huntsville Hwy, Fayetteville",(931) 433-6525,Mass,9:00 AM,,Mass,English,,
"Tue, Mar 03, 2026",2026-03-03,Tuesday,St. Augustine,"1716 Anderson Pike, Signal Mountain",(423) 886-3424,Mass,8:15 AM,,Mass,English,,
"Tue, Mar 03, 2026",2026-03-03,Tuesday,St. Bridget,"320 Walnut Grove Church Rd, Dayton",(423) 775-2664,Mass,8:30 AM,,Mass,english,,
"Tue, Mar 03, 2026",2026-03-03,Tuesday,St. Brigid,"7801 Lowrance Rd, Memphis",(901) 758-0128,Mass,7:00 PM,,Mass,spanish,Main Church,
"Tue, Mar 03, 2026",2026-03-03,Tuesday,St. Catherine,"3019 Cayce Ln, Columbia",(931) 388-3803,Mass,8:00 AM,,Mass,english,Saint Catherine of Siena Catholic Church,
"Tue, Mar 03, 2026",2026-03-03,Tuesday,St. Catherine Laboure,"115 Main St, Copperhill",(423) 496-3498,Mass,9:00 AM,,Mass,English,,check bulletin
"Tue, Mar 03, 2026",2026-03-03,Tuesday,St. Dominic,"2517 John B Dennis Hwy, Kingsport",(423) 288-8101,Mass,8:15 AM,,Mass,english,School,note: Mass is at Church when school is not in session
"Tue, Mar 03, 2026",2026-03-03,Tuesday,St. Edward,"188 Thompson Ln, Nashville",(615)-833-5520,Mass,8:00 AM,,Mass,English,,
"Tue, Mar 03, 2026",2026-03-03,Tuesday,St. Elizabeth,"510 W C Street, Elizabethton",(423) 543-3412,Mass,8:00 AM,,Mass,english,,
"Tue, Mar 03, 2026",2026-03-03,Tuesday,St. Elizabeth Ann Seton (Ordinariate of the Chair of St. Peter),"217 Fox Rd, Knoxville",,Mass,8:00 AM,,Mass,English,217 Fox Rd. Knoxville,
"Tue, Mar 03, 2026",2026-03-03,Tuesday,St. Elizabeth of the Hill Country,"259 Pilgrims Way, Boone",(828) 264-8338,Mass,6:00 PM,,Mass,english,St. Elizabeth,
"Tue, Mar 03, 2026",2026-03-03,Tuesday,St. Francis of Assisi,"8151 Chimneyrock Blvd, Cordova",(901) 756-1213,Mass,12:00 PM,,Mass,English,St. Francis of Assisi,
"Tue, Mar 03, 2026",2026-03-03,Tuesday,St. Francis of Assisi,"167 St Francis Pl, Jefferson",(336) 246-9151,Mass,12:00 PM,,Mass,english,,
"Tue, Mar 03, 2026",2026-03-03,Tuesday,St. Francis of Assisi,"167 St Francis Pl, Jefferson",(336) 246-9151,Mass,6:45 PM,,Mass,spanish,,
"Tue, Mar 03, 2026",2026-03-03,Tuesday,St. Francis of Assisi,"7503 Peavine Rd, Fairfield Glade",(931) 484-3628,Mass,8:00 AM,,Mass,English,,
"Tue, Mar 03, 2026",2026-03-03,Tuesday,St. Francis of Assisi,"8151 Chimneyrock Blvd, Cordova",(901) 756-1213,Mass,8:15 AM,,Mass,English,St. Francis of Assisi,
"Tue, Mar 03, 2026",2026-03-03,Tuesday,St. Gerard Majella,"3049 Lafayette Rd, Fort Oglethorpe",(706) 861-9410,Mass,9:00 AM,,Mass,English,Saint Gerard Majella Catholic Church,
"Tue, Mar 03, 2026",2026-03-03,Tuesday,St. Henry,"112-114 Hwy 70 N, Rogersville",(423) 272-6897,Mass,12:00 PM,,Mass,English,,note: Weekday Masses
"Tue, Mar 03, 2026",2026-03-03,Tuesday,St. Henry,"6401 Harding Pike, Nashville",(615) 352-2259,Mass,6:30 AM,,Mass,English,Chapel,tags: chapel
"Tue, Mar 03, 2026",2026-03-03,Tuesday,St. Henry,"6401 Harding Pike, Nashville",(615) 352-2259,Mass,8:00 AM,,Mass,English,Chapel,tags: chapel
"Tue, Mar 03, 2026",2026-03-03,Tuesday,St. Ignatius of Antioch,"601 Bell Rd, Nashville",615-367-0085,Mass,7:00 PM,,Mass,spanish,,
"Tue, Mar 03, 2026",2026-03-03,Tuesday,St. Ignatius of Antioch,"601 Bell Rd, Nashville",615-367-0085,Mass,9:00 AM,,Mass,English,,
"Tue, Mar 03, 2026",2026-03-03,Tuesday,St. James the Apostle,"3652 Main St, Sneedville",(423) 272-6897,Mass,12:00 PM,,Mass,English,,noon
"Tue, Mar 03, 2026",2026-03-03,Tuesday,St. James the Less,"3189 N Harper Rd, Corinth",(662) 331-5184,Mass,6:00 PM,,Mass/Misa,English,,
"Tue, Mar 03, 2026",2026-03-03,Tuesday,St. John Neumann,"633 Saint John Ct, Farragut",(865) 966-4540,Mass,6:45 AM,,Mass,English,,
"Tue, Mar 03, 2026",2026-03-03,Tuesday,St. John Neumann,"633 Saint John Ct, Farragut",(865) 966-4540,Mass,8:05 AM,,Mass,English,,
"Tue, Mar 03, 2026",2026-03-03,Tuesday,St. John Vianney,"449 N Water St, Gallatin",(615) 452-2977,Mass,12:00 PM,,Mass,English,,
"Tue, Mar 03, 2026",2026-03-03,Tuesday,St. Joseph,"304 American Blvd, Saint Joseph",931-853-4370,Mass,6:00 PM,,Mass,english,Saint Joseph,
"Tue, Mar 03, 2026",2026-03-03,Tuesday,St. Joseph,"203 Plum St, Florence",(256) 764-3303,Mass,7:15 AM,,Mass,English,,
"Tue, Mar 03, 2026",2026-03-03,Tuesday,St. Joseph,"968 Haig Mill Lake Rd, Dalton",(706) 278-3107,Mass,9:00 AM,,Mass,english,,
"Tue, Mar 03, 2026",2026-03-03,Tuesday,St. Joseph,"3425 Andersonville Hwy, Norris",(865) 494-7746,Mass,9:00 AM,,Mass,English,St. Joseph - Norris,
"Tue, Mar 03, 2026",2026-03-03,Tuesday,St. Joseph the Worker,"649 Old Tellico Hwy N, Madisonville",(423) 442-7273,Mass,9:00 AM,,Mass,English,St. Joseph the Worker Catholic Church,
"Tue, Mar 03, 2026",2026-03-03,Tuesday,St. Jude,"1318 E Poplar Ave, Selmer",(731) 645-4188,Mass,8:00 AM,,Mass,English,"St. Jude Church, Selmer",
"Tue, Mar 03, 2026",2026-03-03,Tuesday,St. Jude,"930 Ashland Ter, Chattanooga",(423) 870-2386,Mass,8:15 AM,,Mass,english,,
"Tue, Mar 03, 2026",2026-03-03,Tuesday,St. Jude Catholic Church,"930 Ashland Terrace, Chattanooga",+1-423-870-2386,Mass,8:15 AM,,Mass,English,,
"Tue, Mar 03, 2026",2026-03-03,Tuesday,St. Julian,"118 E Chester Ave, Middlesboro",(606) 248-2068,Mass,6:30 PM,,Mass,English,,vigil
"Tue, Mar 03, 2026",2026-03-03,Tuesday,St. Katharine Drexel,"140 New England Rd, Wildwood",(706) 820-0680,Mass,8:30 AM,,Mass,english,,
"Tue, Mar 03, 2026",2026-03-03,Tuesday,St. Lawrence,"5655 Clarksville Hwy, Joelton",(615) 876-2127,Mass,9:00 AM,,Mass,English,Saint Lawrence,
"Tue, Mar 03, 2026",2026-03-03,Tuesday,St. Louis,"203 S White Station Rd, Memphis",(901) 255-1950,Mass,12:00 PM,,Mass,English,,
"Tue, Mar 03, 2026",2026-03-03,Tuesday,St. Louis,"203 S White Station Rd, Memphis",(901) 255-1950,Mass,6:15 AM,,Mass,English,,
"Tue, Mar 03, 2026",2026-03-03,Tuesday,St. Louis,"203 S White Station Rd, Memphis",(901) 255-1950,Mass,8:15 AM,,Mass,English,,
"Tue, Mar 03, 2026",2026-03-03,Tuesday,St. Lucien,"695 Summit St, Spruce Pine",(828) 898-6900,Mass,6:00 PM,,Holy Mass,English,"St. Lucien, 695 Summit St. Spruce Pine, NC 28777",
"Tue, Mar 03, 2026",2026-03-03,Tuesday,St. Mary,"403 N Main St, Franklin",(270) 586-4515 or (270) 253-3230 (Rectory),Mass,12:00 PM,,Mass,English,,
"Tue, Mar 03, 2026",2026-03-03,Tuesday,St. Mary,"1665 US-45 BYP, Jackson",(731) 668-2596,Mass,6:15 PM,,Mass,bilingual,,
"Tue, Mar 03, 2026",2026-03-03,Tuesday,St. Mary,"1665 US-45 BYP, Jackson",(731) 668-2596,Mass,7:00 AM,,Mass,english,,
"Tue, Mar 03, 2026",2026-03-03,Tuesday,St. Mary,"2211 E Lakeview Dr, Johnson City",(423) 282-6367,Mass,7:00 AM,,Mass,English,,
"Tue, Mar 03, 2026",2026-03-03,Tuesday,St. Mary,"304 Airport Rd, Gatlinburg",(865) 436-4907,Mass,8:00 AM,,Mass,english,St. Mary's Catholic Church,
"Tue, Mar 03, 2026",2026-03-03,Tuesday,St. Mary,"327 Vermont Ave, Oak Ridge",(865) 482-2875,Mass,8:00 AM,,Mass,english,,
"Tue, Mar 03, 2026",2026-03-03,Tuesday,St. Mary,"2211 E Lakeview Dr, Johnson City",(423) 282-6367,Mass,8:30 AM,,Mass,English,,
"Tue, Mar 03, 2026",2026-03-03,Tuesday,St. Mary of the Seven Sorrows,"328 Rep John Lewis Way N, Nashville",(615) 561-1704,Mass,12:10 PM,,Mass,English,,
"Tue, Mar 03, 2026",2026-03-03,Tuesday,St. Matthew,"535 Sneed Rd W, Franklin",(615) 646-0378,Mass,8:00 AM,,Mass,english,,
"Tue, Mar 03, 2026",2026-03-03,Tuesday,St. Matthew,"535 Sneed Rd W, Franklin",(615) 646-0378,Mass,8:00 AM,,Mass,English,,tags: livestream; note: when school is in session
"Tue, Mar 03, 2026",2026-03-03,Tuesday,St. Michael,"2751 County Rd 30, Florence",(256) 764-1885,Mass,12:00 PM,,Mass,English,St. Michael's Catholic Church,
"Tue, Mar 03, 2026",2026-03-03,Tuesday,St. Michael,"2751 County Rd 30, Florence",(256) 764-1885,Mass,12:00 PM,,Mass,English,St. Michael's Catholic Church,
"Tue, Mar 03, 2026",2026-03-03,Tuesday,St. Michael,"3863 Summer Ave, Memphis",(901) 323-0896,Mass,5:30 PM,,Mass,spanish,,
"Tue, Mar 03, 2026",2026-03-03,Tuesday,St. Michael,"2751 County Rd 30, Florence",(256) 764-1885,Mass,7:30 AM,,Mass,English,St. Michael's Catholic Church,
"Tue, Mar 03, 2026",2026-03-03,Tuesday,St. Michael,"3863 Summer Ave, Memphis",(901) 323-0896,Mass,8:15 AM,,Mass,english,,
"Tue, Mar 03, 2026",2026-03-03,Tuesday,St. Patrick,"2518 W Andrew Johnson Hwy, Morristown",(423) 586-9174,Mass,6:00 PM,,Spanish Mass,English,,
"Tue, Mar 03, 2026",2026-03-03,Tuesday,St. Patrick,"1219 Second Ave S, Nashville",(615) 256-6498,Mass,7:00 AM,,Mass,english,,
"Tue, Mar 03, 2026",2026-03-03,Tuesday,St. Patrick,"175 St Patrick St, McEwen",(931) 582-3633,Mass,8:00 AM,,Mass,english,"Saint Patrick Catholic Church, McEwen, TN",
"Tue, Mar 03, 2026",2026-03-03,Tuesday,St. Patrick,"2518 W Andrew Johnson Hwy, Morristown",(423) 586-9174,Mass,8:30 AM,,Mass,English,,
"Tue, Mar 03, 2026",2026-03-03,Tuesday,St. Paul the Apostle,"1425 E Shelby Dr, Memphis",(901) 346-2380,Mass,6:00 AM,,Mass,English,,note: During school year calendar
"Tue, Mar 03, 2026",2026-03-03,Tuesday,St. Paul the Apostle,"304 W Grizzard St, Tullahoma",(931) 455-3050,Mass,8:00 AM,,Mass,english,,
"Tue, Mar 03, 2026",2026-03-03,Tuesday,St. Paul the Apostle,"1425 E Shelby Dr, Memphis",(901) 346-2380,Mass,8:15 AM,,Mass,English,,
"Tue, Mar 03, 2026",2026-03-03,Tuesday,St. Peter the Apostle,"208 Upper Ferry Rd, Carthage",(615) 281-8327,Mass,5:00 PM,,Daily Mass,English,,
"Tue, Mar 03, 2026",2026-03-03,Tuesday,St. Philip,"113 Second Ave S, Franklin",(615) 794-8588,Mass,7:00 AM,,Mass,english,St. Philip Catholic Church,
"Tue, Mar 03, 2026",2026-03-03,Tuesday,St. Philip,"113 Second Ave S, Franklin",(615) 794-8588,Mass,7:00 PM,,Mass,spanish,St. Philip Catholic Church,
"Tue, Mar 03, 2026",2026-03-03,Tuesday,St. Philip,"113 Second Ave S, Franklin",(615) 794-8588,Mass,9:00 AM,,Mass,english,St. Philip Catholic Church,
"Tue, Mar 03, 2026",2026-03-03,Tuesday,St. Philip the Apostle,"11710 US Hwy 64, Somerville",(901) 465-8685,Mass,8:30 AM,,Mass,english,,
"Tue, Mar 03, 2026",2026-03-03,Tuesday,St. Pius X,"2800 Tucker Rd, Nashville",(615) 256-2729,Mass,7:00 PM,,Holy Mass and Communion Service,vietnamese,ST. PIUS X ACADEMY AND CHURCH,
"Tue, Mar 03, 2026",2026-03-03,Tuesday,St. Pius X,"2800 Tucker Rd, Nashville",(615) 256-2729,Mass,7:15 AM,,Holy Mass and Communion Service,english,ST. PIUS X ACADEMY AND CHURCH,
"Tue, Mar 03, 2026",2026-03-03,Tuesday,St. Pius X Church,"2800 Tucker Rd, Nashville",+1-615-244-4093,Mass,7:00 PM,,Mass,vietnamese,ST. PIUS X ACADEMY AND CHURCH,
"Tue, Mar 03, 2026",2026-03-03,Tuesday,St. Pius X Church,"2800 Tucker Rd, Nashville",+1-615-244-4093,Mass,7:15 AM,,Mass,english,ST. PIUS X ACADEMY AND CHURCH,
"Tue, Mar 03, 2026",2026-03-03,Tuesday,St. Rose of Lima Catholic Church,"1601 N Tennessee Blvd, Murfreesboro",(615) 893-1843,Mass,7:00 AM,,Mass,English,,
"Tue, Mar 03, 2026",2026-03-03,Tuesday,St. Rose of Lima Catholic Church,"1601 N Tennessee Blvd, Murfreesboro",(615) 893-1843,Mass,7:00 PM,,Mass,spanish,,
"Tue, Mar 03, 2026",2026-03-03,Tuesday,St. Stephen,"14544 Lebanon Rd, Old Hickory",(615) 758-2424,Mass,8:00 AM,,Mass,english,Saint Stephen Catholic Community,
"Tue, Mar 03, 2026",2026-03-03,Tuesday,St. Stephen,"7111 Lee Hwy, Chattanooga",(423) 892-1261,Mass,8:30 AM,,Mass,english,St. Stephen Catholic Church,
"Tue, Mar 03, 2026",2026-03-03,Tuesday,St. Therese of Lisieux,"900 Clingan Ridge Dr NW, Cleveland",(423) 476-8123,Mass,8:30 AM,,Mass,english,,
"Tue, Mar 03, 2026",2026-03-03,Tuesday,St. Thomas Aquinas,"421 N Washington Ave, Cookeville",(931) 526-2575,Mass,8:00 AM,,Mass,english,,
"Tue, Mar 03, 2026",2026-03-03,Tuesday,St. Thomas the Apostle,"1580 St Thomas Way, Lenoir City",(865) 986-9885,Mass,8:30 AM,,Mass,english,Saint Thomas the Apostle,
"Tue, Mar 03, 2026",2026-03-03,Tuesday,St. Vincent de Paul,"1700 Heiman St, Nashville",(615) 320-0695 (Ext 100),Mass,9:00 AM,,Mass,english,,
"Tue, Mar 03, 2026",2026-03-03,Tuesday,St. William,"4932 Easley St, Millington",(901) 872-4099,Mass,11:30 AM,,Mass,English,St. William Catholic Church,
"Tue, Mar 03, 2026",2026-03-03,Tuesday,St. William,"765 Andrews Rd, Murphy",(828) 837-2000,Mass,12:00 PM,,Mass,english,St. William Catholic Church,
"Tue, Mar 03, 2026",2026-03-03,Tuesday,St. William,"500 S Brittain St, Shelbyville",19316848745,Mass,8:00 AM,,Mass,english,St Joseph Chapel,
"Tue, Mar 03, 2026",2026-03-03,Tuesday,Sts. Peter and Paul,"902 E 9th St, Hopkinsville",(270) 885-8522,Mass,8:00 AM,,Mass,english,,
"Tue, Mar 03, 2026",2026-03-03,Tuesday,The Cathedral of the Most Sacred Heart of Jesus,"711 S Northshore Dr, Knoxville",(865) 588-0249,Mass,12:00 PM,,Mass,English,,
"Tue, Mar 03, 2026",2026-03-03,Tuesday,The Cathedral of the Most Sacred Heart of Jesus,"711 S Northshore Dr, Knoxville",(865) 588-0249,Mass,8:05 AM,,Mass,English,,livestream
"Tue, Mar 03, 2026",2026-03-03,Tuesday,Ascension,"3680 Ramill Rd, Memphis",(901) 372-1364,Confession,5:00 PM,6:00 PM,Confession,spanish,Ascension,
"Tue, Mar 03, 2026",2026-03-03,Tuesday,Basilica of Sts. Peter and Paul,"214 E 8th St, Chattanooga",(423) 266-1618,Confession,11:30 AM,12:00 PM,Confession,English,Basilica,
"Tue, Mar 03, 2026",2026-03-03,Tuesday,Basilica of Sts. Peter and Paul,"214 E 8th St, Chattanooga",(423) 266-1618,Confession,TBD,,Confessions,English,,30 minutes before each Mass except the 7am
"Tue, Mar 03, 2026",2026-03-03,Tuesday,Cathedral of the Incarnation,"2015 W End Ave, Nashville",(615) 327-2330,Confession,11:00 AM,12:00 PM,Confession,English,Cathedral,
"Tue, Mar 03, 2026",2026-03-03,Tuesday,Catholic Student Center -UM,"3625 Mynders Ave, Memphis",(901) 323-3051,Confession,4:00 PM,4:30 PM,Confession,English,Catholic Student Center,
"Tue, Mar 03, 2026",2026-03-03,Tuesday,Christ the King Catholic Church,"785 Church Rd W, Southaven",+1-662-342-1073,Confession,5:00 PM,5:30 PM,Confession,English,"Mary, Queen of Peace Chapel Confessional",
"Tue, Mar 03, 2026",2026-03-03,Tuesday,Good Samaritan,"55 Church St, Ellijay",(706) 636-2772,Confession,6:15 PM,7:00 PM,Confessions,English,,Appointments available
"Tue, Mar 03, 2026",2026-03-03,Tuesday,Holy Family,"431 Old Hwy 52, Lafayette",(615) 666-6466,Confession,6:00 PM,7:00 PM,Confession,English,"Holy Family catholic church, Lafayette, TN",
"Tue, Mar 03, 2026",2026-03-03,Tuesday,Holy Rosary,"192 Graylynn Dr, Nashville",(615) 889-4065,Confession,5:00 PM,,Confessions,English,,
"Tue, Mar 03, 2026",2026-03-03,Tuesday,Immaculate Conception,"414 W Vine Ave, Knoxville",(865) 522-1508,Confession,11:00 AM,12:00 PM,Confession,english,Immaculate Conception,
"Tue, Mar 03, 2026",2026-03-03,Tuesday,Immaculate Conception,"414 W Vine Ave, Knoxville",(865) 522-1508,Confession,11:30 AM,12:00 PM,Confession,english,Immaculate Conception,
"Tue, Mar 03, 2026",2026-03-03,Tuesday,Immaculate Conception,"414 W Vine Ave, Knoxville",(865) 522-1508,Confession,7:00 PM,8:00 PM,Confession,English,Immaculate Conception,tags: exposition; benediction
"Tue, Mar 03, 2026",2026-03-03,Tuesday,Mission of St. John Paul II,"161 Bryan Ln, Rutledge",(865) 992-7222,Confession,5:30 PM,,Confession,English,Adoration Chapel,
"Tue, Mar 03, 2026",2026-03-03,Tuesday,Mother Teresa ,"7668 Nolensville Rd (house on the hill ), Nolensville",(651) 283-3119,Confession,5:30 PM,6:30 PM,Adoration and Confession,English,,weekly; exposition
"Tue, Mar 03, 2026",2026-03-03,Tuesday,Mother Teresa ,"7668 Nolensville Rd (house on the hill ), Nolensville",(651) 283-3119,Confession,5:30 PM,6:30 PM,Confession,English,,weekly
"Tue, Mar 03, 2026",2026-03-03,Tuesday,National Shrine of St. Martin de Porres,"190 Adams Ave, Memphis",(901) 527-8282,Confession,11:30 AM,12:00 PM,Confession,English,St. Martin de Porres Shrine Chapel,
"Tue, Mar 03, 2026",2026-03-03,Tuesday,Our Lady of the Lake,"1729 Stop 30 Rd, Hendersonville",(615) 824-3276,Confession,5:30 AM,,Reconciliation,English,,
"Tue, Mar 03, 2026",2026-03-03,Tuesday,Our Lady of the Lake,"1729 Stop 30 Rd, Hendersonville",(615) 824-3276,Confession,8:15 AM,,Reconciliation,English,,
"Tue, Mar 03, 2026",2026-03-03,Tuesday,St Alphonsus Catholic Church,"151 St Alphonsus Way, Crossville",+1-931-484-2358,Confession,7:30 AM,8:15 AM,Confession,English,,
"Tue, Mar 03, 2026",2026-03-03,Tuesday,St Therese-Little Flower,"1644 Jackson Ave, Memphis",(901) 276-1412,Confession,3:30 PM,4:00 PM,Confession,spanish,"Blessed Sacrament, 2564 Hale Ave, Memphis, TN",
"Tue, Mar 03, 2026",2026-03-03,Tuesday,St. Alphonsus,"151 St Alphonsus Way, Crossville",(931) 484-2358,Confession,7:30 AM,8:15 AM,Confession,English,Saint Alphonsus Catholic Church,
"Tue, Mar 03, 2026",2026-03-03,Tuesday,St. Andrew the Apostle,"149 Brook St, Mars Hill",(828) 689-3719,Confession,TBD,,Confession,English,St. Andrew,after Mass
"Tue, Mar 03, 2026",2026-03-03,Tuesday,St. Ann,"5101 Charlotte Ave, Nashville",(615) 298-1782,Confession,4:30 PM,5:30 PM,Confession,English,Confessional room,
"Tue, Mar 03, 2026",2026-03-03,Tuesday,St. Anne,"316 Euclid Ave, Bristol",(276) 669-8200,Confession,5:00 PM,6:00 PM,Confession,English,,
"Tue, Mar 03, 2026",2026-03-03,Tuesday,St. Augustine,"1716 Anderson Pike, Signal Mountain",(423) 886-3424,Confession,7:00 AM,8:00 AM,Sacrament of Reconciliation,English,,Or By Appointment
"Tue, Mar 03, 2026",2026-03-03,Tuesday,St. Edward,"188 Thompson Ln, Nashville",(615)-833-5520,Confession,7:00 AM,7:45 AM,Adoration & Confession,English,,
"Tue, Mar 03, 2026",2026-03-03,Tuesday,St. Edward,"188 Thompson Ln, Nashville",(615)-833-5520,Confession,7:00 AM,7:45 AM,Confession,English,,
"Tue, Mar 03, 2026",2026-03-03,Tuesday,St. Francis of Assisi,"167 St Francis Pl, Jefferson",(336) 246-9151,Confession,5:30 PM,6:15 PM,Confessions,bilingual,,during Adoration
"Tue, Mar 03, 2026",2026-03-03,Tuesday,St. John Vianney,"449 N Water St, Gallatin",(615) 452-2977,Confession,11:30 AM,11:50 AM,Confession,English,,
"Tue, Mar 03, 2026",2026-03-03,Tuesday,St. Joseph the Worker,"649 Old Tellico Hwy N, Madisonville",(423) 442-7273,Confession,8:00 AM,,Sacrament of Penance,English,St. Joseph the Worker Catholic Church,and by appointment
"Tue, Mar 03, 2026",2026-03-03,Tuesday,St. Lawrence,"5655 Clarksville Hwy, Joelton",(615) 876-2127,Confession,8:15 AM,9:00 AM,Confession,English,Saint Lawrence,
"Tue, Mar 03, 2026",2026-03-03,Tuesday,St. Lucien,"695 Summit St, Spruce Pine",(828) 898-6900,Confession,5:00 PM,,Confessions,English,"St. Lucien, 695 Summit St. Spruce Pine, NC 28777",exposition
"Tue, Mar 03, 2026",2026-03-03,Tuesday,St. Mary,"1665 US-45 BYP, Jackson",(731) 668-2596,Confession,5:45 PM,6:15 PM,Confession,English,,
"Tue, Mar 03, 2026",2026-03-03,Tuesday,St. Mary of the Seven Sorrows,"328 Rep John Lewis Way N, Nashville",(615) 561-1704,Confession,11:30 AM,,Confession,English,,
"Tue, Mar 03, 2026",2026-03-03,Tuesday,St. Michael,"2751 County Rd 30, Florence",(256) 764-1885,Confession,9:30 AM,3:30 PM,Confession,English,St. Michael's Catholic Church,
"Tue, Mar 03, 2026",2026-03-03,Tuesday,St. Patrick,"1219 Second Ave S, Nashville",(615) 256-6498,Confession,6:15 AM,6:50 AM,Confessions,English,,
"Tue, Mar 03, 2026",2026-03-03,Tuesday,St. Philip,"113 Second Ave S, Franklin",(615) 794-8588,Confession,5:30 PM,6:50 PM,Confession,English,St. Philip Catholic Church,
"Tue, Mar 03, 2026",2026-03-03,Tuesday,St. Rose of Lima Catholic Church,"1601 N Tennessee Blvd, Murfreesboro",(615) 893-1843,Confession,6:00 PM,,Confession,English,,
"Tue, Mar 03, 2026",2026-03-03,Tuesday,St. Thomas the Apostle,"1580 St Thomas Way, Lenoir City",(865) 986-9885,Confession,5:00 PM,7:30 PM,Confessions,English,Saint Thomas the Apostle,note: or by appointment
"Tue, Mar 03, 2026",2026-03-03,Tuesday,Catholic Student Center -UM,"3625 Mynders Ave, Memphis",(901) 323-3051,Adoration,3:30 PM,4:30 PM,Adoration,English,Catholic Student Center,Available according to University Schedule
"Tue, Mar 03, 2026",2026-03-03,Tuesday,Chapel of St. Cecilia,"801 Dominican Dr, Nashville",16152565486,Adoration,2:00 PM,,Exposition and Adoration,English,Chapel,exposition; adoration
"Tue, Mar 03, 2026",2026-03-03,Tuesday,Christ the King,"785 Church Rd W, Southaven",(662) 342-1073,Adoration,6:00 PM,7:30 PM,Eucharistic Adoration with Vespers,English,,adoration; benediction
"Tue, Mar 03, 2026",2026-03-03,Tuesday,Christ the King Catholic Church,"785 Church Rd W, Southaven",+1-662-342-1073,Adoration,9:00 AM,9:00 PM,Adoration,English,"Mary, Queen of Peace Chapel",exposition
"Tue, Mar 03, 2026",2026-03-03,Tuesday,Good Samaritan,"55 Church St, Ellijay",(706) 636-2772,Adoration,7:30 PM,9:30 PM,Adoration of the Blessed Sacrament,spanish,,exposition
"Tue, Mar 03, 2026",2026-03-03,Tuesday,Holy Rosary,"192 Graylynn Dr, Nashville",(615) 889-4065,Adoration,5:00 PM,6:00 PM,Adoration,English,,
"Tue, Mar 03, 2026",2026-03-03,Tuesday,Holy Spirit,"545 E Commerce St, Hernando",(662) 429-7851,Adoration,10:00 AM,11:00 AM,Adoration,English,,
"Tue, Mar 03, 2026",2026-03-03,Tuesday,Immaculate Conception,"414 W Vine Ave, Knoxville",(865) 522-1508,Adoration,7:00 PM,8:00 PM,Adoration,English,Immaculate Conception,tags: exposition
"Tue, Mar 03, 2026",2026-03-03,Tuesday,Our Lady of Fatima,"858 Louisville Rd, Alcoa",(865) 982-3672,Adoration,12:30 PM,6:00 PM,Eucharistic Exposition,English,,tags: exposition
"Tue, Mar 03, 2026",2026-03-03,Tuesday,Our Lady of Lourdes,"704 Holly Ave, South Pittsburg",(423) 837-7068,Adoration,7:30 AM,,Adoration,English,,after Mass
"Tue, Mar 03, 2026",2026-03-03,Tuesday,Our Lady of the Shoals,"200 E Commons St N, Tuscumbia",(256) 383-7207,Adoration,TBD,,Adoration,English,,30 minutes before weekday masses; exposition
"Tue, Mar 03, 2026",2026-03-03,Tuesday,Saint Francis of Assisi Catholic Church,"7503 Peavine Rd, Crossville",+1-931-484-3628,Adoration,7:30 AM,8:00 AM,Adoration,English,,tags: exposition
"Tue, Mar 03, 2026",2026-03-03,Tuesday,St Alphonsus Catholic Church,"151 St Alphonsus Way, Crossville",+1-931-484-2358,Adoration,7:30 AM,8:15 AM,Adoration,English,,
"Tue, Mar 03, 2026",2026-03-03,Tuesday,St. Alphonsus,"151 St Alphonsus Way, Crossville",(931) 484-2358,Adoration,7:30 AM,8:15 AM,Adoration,English,Saint Alphonsus Catholic Church,exposition
"Tue, Mar 03, 2026",2026-03-03,Tuesday,St. Andrew the Apostle,"149 Brook St, Mars Hill",(828) 689-3719,Adoration,8:00 AM,9:00 AM,Adoration,English,St. Andrew,exposition
"Tue, Mar 03, 2026",2026-03-03,Tuesday,St. Anne,"316 Euclid Ave, Bristol",(276) 669-8200,Adoration,9:15 AM,10:00 AM,Adoration,English,,note: following Daily Mass
"Tue, Mar 03, 2026",2026-03-03,Tuesday,St. Augustine,"1716 Anderson Pike, Signal Mountain",(423) 886-3424,Adoration,7:00 AM,8:00 AM,Adoration,English,,
"Tue, Mar 03, 2026",2026-03-03,Tuesday,St. Francis of Assisi,"7503 Peavine Rd, Fairfield Glade",(931) 484-3628,Adoration,7:30 AM,8:00 AM,Adoration,English,,exposition
"Tue, Mar 03, 2026",2026-03-03,Tuesday,St. Gerard Majella,"3049 Lafayette Rd, Fort Oglethorpe",(706) 861-9410,Adoration,7:30 AM,9:00 AM,Adoration,English,Saint Gerard Majella Catholic Church,exposition
"Tue, Mar 03, 2026",2026-03-03,Tuesday,St. Ignatius of Antioch,"601 Bell Rd, Nashville",615-367-0085,Adoration,7:45 AM,8:45 AM,Eucharist Adoration,English,,
"Tue, Mar 03, 2026",2026-03-03,Tuesday,St. Louis,"203 S White Station Rd, Memphis",(901) 255-1950,Adoration,6:00 AM,10:00 PM,Adoration,English,,
"Tue, Mar 03, 2026",2026-03-03,Tuesday,St. Lucien,"695 Summit St, Spruce Pine",(828) 898-6900,Adoration,5:00 PM,,Adoration,English,"St. Lucien, 695 Summit St. Spruce Pine, NC 28777",confession; exposition
"Tue, Mar 03, 2026",2026-03-03,Tuesday,St. Philip,"113 Second Ave S, Franklin",(615) 794-8588,Adoration,5:30 PM,6:50 PM,Adoration,English,St. Philip Catholic Church,exposition
"Tue, Mar 03, 2026",2026-03-03,Tuesday,Chapel of St. Cecilia,"801 Dominican Dr, Nashville",16152565486,Devotions,5:30 PM,6:00 PM,Vespers,English,,
"Tue, Mar 03, 2026",2026-03-03,Tuesday,Chapel of St. Cecilia,"801 Dominican Dr, Nashville",16152565486,Devotions,6:00 PM,6:30 PM,Rosary,English,,
"Tue, Mar 03, 2026",2026-03-03,Tuesday,Good Shepherd,"2361 Cosby Hwy, Newport",(423) 623-5051,Devotions,10:00 AM,,Rosary,english,Church of the Good Shepherd,
"Tue, Mar 03, 2026",2026-03-03,Tuesday,Holy Spirit,"2300 Hickory Crest Dr, Memphis",(901) 754-7146,Devotions,7:00 PM,,Centering Prayer,English,,zoom
"Tue, Mar 03, 2026",2026-03-03,Tuesday,Holy Spirit,"2300 Hickory Crest Dr, Memphis",(901) 754-7146,Devotions,TBD,,Rosary,English,Chapel,after
"Tue, Mar 03, 2026",2026-03-03,Tuesday,Our Lady of Fatima,"858 Louisville Rd, Alcoa",(865) 982-3672,Devotions,6:00 PM,,Benediction,English,,tags: benediction
"Tue, Mar 03, 2026",2026-03-03,Tuesday,Queen of Peace,"8455 Germantown Rd, Olive Branch",(662) 895-5007,Devotions,11:30 AM,,Rosary,English,,
"Tue, Mar 03, 2026",2026-03-03,Tuesday,St. Gerard Majella,"3049 Lafayette Rd, Fort Oglethorpe",(706) 861-9410,Devotions,8:30 AM,,Recitation of the Rosary,English,Saint Gerard Majella Catholic Church,
"Tue, Mar 03, 2026",2026-03-03,Tuesday,St. Rose of Lima Catholic Church,"1601 N Tennessee Blvd, Murfreesboro",(615) 893-1843,Devotions,6:30 AM,,Rosary,English,,
"Tue, Mar 03, 2026",2026-03-03,Tuesday,St. Therese of Lisieux,"900 Clingan Ridge Dr NW, Cleveland",(423) 476-8123,Devotions,9:00 AM,,Rosary,English,Adoration Chapel,note: following 08:30 Mass
"Tue, Mar 03, 2026",2026-03-03,Tuesday,University Catholic (Vanderbilt and Belmont U.),"2015 W End Ave, Nashville",(629) 800-5151,Devotions,11:30 AM,,Rosary,English,Campus,
"Tue, Mar 03, 2026",2026-03-03,Tuesday,The Catholic Community of The Sacred Heart of Jesus," Building# 5875 Desert Storm Ave, Fort Campbell",270-798-2352,Other,11:45 AM,,Catholic Worship Services,English,5875 - Soldiers Chapel,
"Tue, Mar 03, 2026",2026-03-03,Tuesday,University Catholic (Vanderbilt and Belmont U.),"2015 W End Ave, Nashville",(629) 800-5151,Other,6:00 PM,,Veritas,English,,
"Tue, Mar 03, 2026",2026-03-03,Tuesday,Vietnamese Parish of Divine Mercy,"10919 Carmichael Rd, Knoxville",(865) 766-2091,Other,8:00 AM,,Lễ,English,,
"Tue, Mar 03, 2026",2026-03-03,Tuesday,Good Shepherd,"2021 Decherd Blvd, Decherd",(931) 967-0961,Sacraments,9:00 AM,,Communion Service,English,Good Shepherd Church,
"Tue, Mar 03, 2026",2026-03-03,Tuesday,Notre Dame,"212 Mount Bethel Rd, Greeneville",(423) 639-9381,Sacraments,8:30 AM,,Communion Service,english,Notre Dame Catholic Church,recurring: Jan 13 – Feb 13; 2026
"Tue, Mar 03, 2026",2026-03-03,Tuesday,St. Brigid,"7801 Lowrance Rd, Memphis",(901) 758-0128,Sacraments,8:15 AM,,Communion Service,english,Main Church,
"Tue, Mar 03, 2026",2026-03-03,Tuesday,St. Lawrence,"5655 Clarksville Hwy, Joelton",(615) 876-2127,Private,9:00 AM,4:00 PM,Church Open for Prayer,English,Saint Lawrence,
"Tue, Mar 03, 2026",2026-03-03,Tuesday,St. Mary,"155 Market St, Memphis",(901) 522-9420,Sacraments,5:30 PM,,Communion Service,English,,
"Wed, Mar 04, 2026",2026-03-04,Wednesday,All Saints,"620 N Cedar Bluff Rd, Knoxville",(865) 531-0770,Mass,6:30 AM,,Mass,english,620 N Cedar Bluff Rd,
"Wed, Mar 04, 2026",2026-03-04,Wednesday,All Saints,"620 N Cedar Bluff Rd, Knoxville",(865) 531-0770,Mass,9:00 AM,,Mass,english,620 N Cedar Bluff Rd,
"Wed, Mar 04, 2026",2026-03-04,Wednesday,Assumption,"1227 7th Ave N, Nashville",(615) 256-2729,Mass,7:00 AM,,Low Mass,latin,,
"Wed, Mar 04, 2026",2026-03-04,Wednesday,Ave Maria,"664 S Washington St (TN-209), Ripley",(731)589-8302,Mass,6:00 PM,,Mass,english,,
"Wed, Mar 04, 2026",2026-03-04,Wednesday,Basilica of Sts. Peter and Paul,"214 E 8th St, Chattanooga",(423) 266-1618,Mass,12:00 PM,,Mass,english,Basilica,
"Wed, Mar 04, 2026",2026-03-04,Wednesday,Basilica of Sts. Peter and Paul,"214 E 8th St, Chattanooga",(423) 266-1618,Mass,7:00 AM,,Mass,english,Basilica,
"Wed, Mar 04, 2026",2026-03-04,Wednesday,Cathedral of the Immaculate Conception,"1669 Central Ave, Memphis",(901) 725-2700,Mass,12:00 PM,,Mass,English,,
"Wed, Mar 04, 2026",2026-03-04,Wednesday,Cathedral of the Immaculate Conception,"1669 Central Ave, Memphis",(901) 725-2700,Mass,6:30 AM,,Mass,English,,
"Wed, Mar 04, 2026",2026-03-04,Wednesday,Cathedral of the Incarnation,"2015 W End Ave, Nashville",(615) 327-2330,Mass,12:10 PM,,Mass,English,Cathedral,
"Wed, Mar 04, 2026",2026-03-04,Wednesday,Cathedral of the Incarnation,"2015 W End Ave, Nashville",(615) 327-2330,Mass,7:00 AM,,Mass,English,Cathedral,
"Wed, Mar 04, 2026",2026-03-04,Wednesday,Catholic Church of the Nativity,"2793 Buckner Ln, Thompson's Station",+1-615-794-4004,Mass,6:00 PM,,Mass,English,,
"Wed, Mar 04, 2026",2026-03-04,Wednesday,Catholic Church of the Nativity,"2793 Buckner Ln, Thompson's Station",+1-615-794-4004,Mass,9:00 AM,,Mass,English,,
"Wed, Mar 04, 2026",2026-03-04,Wednesday,Catholic Student Center -UM,"3625 Mynders Ave, Memphis",(901) 323-3051,Mass,4:30 PM,,Mass,english,Catholic Student Center,
"Wed, Mar 04, 2026",2026-03-04,Wednesday,Christ the King,"785 Church Rd W, Southaven",(662) 342-1073,Mass,12:00 PM,,Mass,english,,
"Wed, Mar 04, 2026",2026-03-04,Wednesday,Christ the King,"820 E Main St, Abingdon",(276) 628-2941,Mass,6:00 PM,,Mass,English,Christ the King Parish,
"Wed, Mar 04, 2026",2026-03-04,Wednesday,Christ the King,"3001 Belmont Blvd, Nashville",(615) 292-2884,Mass,6:00 PM,,Mass,english,,
"Wed, Mar 04, 2026",2026-03-04,Wednesday,Christ the King,"298 Bluegrass Dr, Scottsville",(270) 237-4404 or (270) 586-4515,Mass,8:00 AM,,Mass,English,CTK,
"Wed, Mar 04, 2026",2026-03-04,Wednesday,Good Samaritan,"55 Church St, Ellijay",(706) 636-2772,Mass,9:00 AM,,Mass,english,,
"Wed, Mar 04, 2026",2026-03-04,Wednesday,Good Shepherd,"2361 Cosby Hwy, Newport",(423) 623-5051,Mass,7:00 PM,,Mass,english,Church of the Good Shepherd,
"Wed, Mar 04, 2026",2026-03-04,Wednesday,Good Shepherd,"2021 Decherd Blvd, Decherd",(931) 967-0961,Mass,9:00 AM,,Mass,English,Good Shepherd Church,
"Wed, Mar 04, 2026",2026-03-04,Wednesday,Holy Angels,"535 Tucker St, Dyersburg",(731) 287-8000,Mass,6:00 PM,,Mass,english,,
"Wed, Mar 04, 2026",2026-03-04,Wednesday,Holy Cross,"1210 E Wood St, Paris",(731) 642-4681,Mass,12:00 PM,,Mass,English,,
"Wed, Mar 04, 2026",2026-03-04,Wednesday,Holy Cross,"144 Wears Valley Rd, Pigeon Forge",865-429-5587,Mass,12:00 PM,,Mass,english,,
"Wed, Mar 04, 2026",2026-03-04,Wednesday,Holy Family,"201 Black Oak Ridge Rd, Seymour",(865) 573-1203,Mass,12:00 PM,,Mass,english,,
"Wed, Mar 04, 2026",2026-03-04,Wednesday,Holy Family,"431 Old Hwy 52, Lafayette",(615) 666-6466,Mass,4:30 PM,,Mass,english,"Holy Family catholic church, Lafayette, TN",
"Wed, Mar 04, 2026",2026-03-04,Wednesday,Holy Family,"9100 Crockett Rd, Brentwood",(615) 373-4696,Mass,6:30 PM,,Mass,English,,note: no livestream
"Wed, Mar 04, 2026",2026-03-04,Wednesday,Holy Family,"201 Black Oak Ridge Rd, Seymour",(865) 573-1203,Mass,8:30 AM,,Mass,english,,
"Wed, Mar 04, 2026",2026-03-04,Wednesday,Holy Family,"9100 Crockett Rd, Brentwood",(615) 373-4696,Mass,9:00 AM,,Mass,English,,livestream
"Wed, Mar 04, 2026",2026-03-04,Wednesday,Holy Family Catholic Church,"201 Black Oak Ridge Rd, Seymour",+1-865-573-1203,Mass,12:00 PM,,Mass,english,,
"Wed, Mar 04, 2026",2026-03-04,Wednesday,Holy Family Catholic Church,"201 Black Oak Ridge Rd, Seymour",+1-865-573-1203,Mass,8:30 AM,,Mass,english,,
"Wed, Mar 04, 2026",2026-03-04,Wednesday,Holy Ghost,"1041 N Central St, Knoxville",(865) 522-2205,Mass,6:30 AM,,Mass,English,,
"Wed, Mar 04, 2026",2026-03-04,Wednesday,Holy Ghost,"1041 N Central St, Knoxville",(865) 522-2205,Mass,8:00 AM,,Mass,English,,
"Wed, Mar 04, 2026",2026-03-04,Wednesday,Holy Name,"521 Woodland St, Nashville",(615) 254-8847,Mass,8:00 AM,,Mass,english,Church of the Most Holy Name,
"Wed, Mar 04, 2026",2026-03-04,Wednesday,Holy Rosary,"4851 Park Ave, Memphis",(901) 767-6949,Mass,6:15 AM,,Mass,English,,
"Wed, Mar 04, 2026",2026-03-04,Wednesday,Holy Rosary,"192 Graylynn Dr, Nashville",(615) 889-4065,Mass,6:15 PM,,Mass,English,,
"Wed, Mar 04, 2026",2026-03-04,Wednesday,Holy Rosary,"192 Graylynn Dr, Nashville",(615) 889-4065,Mass,8:00 AM,,Mass,English,,
"Wed, Mar 04, 2026",2026-03-04,Wednesday,Holy Rosary,"4851 Park Ave, Memphis",(901) 767-6949,Mass,8:15 AM,,Mass,English,,
"Wed, Mar 04, 2026",2026-03-04,Wednesday,Holy Spirit,"2300 Hickory Crest Dr, Memphis",(901) 754-7146,Mass,6:30 AM,,Mass,English,,
"Wed, Mar 04, 2026",2026-03-04,Wednesday,Holy Spirit,"2300 Hickory Crest Dr, Memphis",(901) 754-7146,Mass,8:00 AM,,Mass,English,,
"Wed, Mar 04, 2026",2026-03-04,Wednesday,Holy Spirit,"10768 Dayton Pike, Soddy Daisy",(423) 332-5300,Mass,9:00 AM,,Mass,english,Holy Spirit,
"Wed, Mar 04, 2026",2026-03-04,Wednesday,Holy Spirit Catholic Church,"10768 Dayton Pike, Soddy-Daisy",+1-423-332-5300,Mass,9:00 AM,,Mass,english,Holy Spirit,
"Wed, Mar 04, 2026",2026-03-04,Wednesday,Immaculate Conception,"709 Franklin St, Clarksville",(931) 645-6275,Mass,11:00 AM,,Mass,english,Main Church,
"Wed, Mar 04, 2026",2026-03-04,Wednesday,Immaculate Conception,"100 Chapel Rd, Pulaski",(931) 363-5776,Mass,11:00 AM,,Mass,English,Immaculate Conception - Pulaski,
"Wed, Mar 04, 2026",2026-03-04,Wednesday,Immaculate Conception,"414 W Vine Ave, Knoxville",(865) 522-1508,Mass,12:10 PM,,Mass,english,Immaculate Conception,
"Wed, Mar 04, 2026",2026-03-04,Wednesday,Immaculate Conception,"709 Franklin St, Clarksville",(931) 645-6275,Mass,6:30 PM,,Mass,spanish,Capilla,
"Wed, Mar 04, 2026",2026-03-04,Wednesday,Incarnation,"360 Bray Station Rd, Collierville",(901) 853-7468 ,Mass,8:15 AM,,Mass,English,St. Therese Chapel,tags: chapel
"Wed, Mar 04, 2026",2026-03-04,Wednesday,Mission of Our Lady of the Lake,"10645 Hwy 57, Counce",(731) 925-4852,Mass,6:00 PM,,Mass,English,St. Mary's,
"Wed, Mar 04, 2026",2026-03-04,Wednesday,Mission of St. John Paul II,"161 Bryan Ln, Rutledge",(865) 992-7222,Mass,6:00 PM,,Mass,spanish,,
"Wed, Mar 04, 2026",2026-03-04,Wednesday,Mission of the Holy Family,"265 Cotham Dr, Huntingdon",(731) 584-6459,Mass,12:00 PM,,Mass,English,"Holy Family Catholic Mission, Huntingdon, TN",
"Wed, Mar 04, 2026",2026-03-04,Wednesday,Mother Teresa ,"7668 Nolensville Rd (house on the hill ), Nolensville",(651) 283-3119,Mass,7:00 AM,,Mass,English,Parish Chapel,
"Wed, Mar 04, 2026",2026-03-04,Wednesday,National Shrine of St. Martin de Porres,"190 Adams Ave, Memphis",(901) 527-8282,Mass,12:05 PM,,Mass,english,St. Martin de Porres National Shrine Chapel,
"Wed, Mar 04, 2026",2026-03-04,Wednesday,Nativity,"2793 Buckner Ln, Spring Hill",(615) 794-4004,Mass,6:00 PM,,Mass,english,,
"Wed, Mar 04, 2026",2026-03-04,Wednesday,Nativity,"5955 St Elmo Rd, Bartlett",(901) 382-2504,Mass,8:00 AM,,Mass,english,,
"Wed, Mar 04, 2026",2026-03-04,Wednesday,Nativity,"2793 Buckner Ln, Spring Hill",(615) 794-4004,Mass,9:00 AM,,Mass,english,,
"Wed, Mar 04, 2026",2026-03-04,Wednesday,Nativity,"2793 Buckner Ln, Spring Hill",(615) 794-4004,Mass,9:00 AM,,Mass,english,,
"Wed, Mar 04, 2026",2026-03-04,Wednesday,Notre Dame Catholic Church,"212 Mt Bethel Rd, Greeneville",+1-423-639-9381,Mass,6:00 PM,,Mass,english,Notre Dame,
"Wed, Mar 04, 2026",2026-03-04,Wednesday,Our Lady of Fatima,"858 Louisville Rd, Alcoa",(865) 982-3672,Mass,8:00 AM,,Mass,english,,livestream
"Wed, Mar 04, 2026",2026-03-04,Wednesday,Our Lady of Guadalupe,"3112 Nolensville Rd, Nashville",615-333-8660,Mass,6:00 PM,,Mass,English,,
"Wed, Mar 04, 2026",2026-03-04,Wednesday,Our Lady of Lourdes,"704 Holly Ave, South Pittsburg",(423) 837-7068,Mass,5:30 PM,,Mass,English,,
"Wed, Mar 04, 2026",2026-03-04,Wednesday,Our Lady of Perpetual Help,"8151 Poplar Ave, Germantown",(901) 754-1204,Mass,12:00 PM,,Mass,English,chapel,livestream
"Wed, Mar 04, 2026",2026-03-04,Wednesday,Our Lady of Perpetual Help,"8151 Poplar Ave, Germantown",(901) 754-1204,Mass,6:15 AM,,Mass,English,chapel,livestream
"Wed, Mar 04, 2026",2026-03-04,Wednesday,Our Lady of Perpetual Help,"501 S Moore Rd, Chattanooga",(423) 622-7232,Mass,8:15 AM,,Daily Mass,english,,
"Wed, Mar 04, 2026",2026-03-04,Wednesday,Our Lady of Perpetual Help,"501 S Moore Rd, Chattanooga",+1-423-622-7232,Mass,8:15 AM,,Mass,english,,
"Wed, Mar 04, 2026",2026-03-04,Wednesday,Our Lady of Perpetual Help,"8151 Poplar Ave, Germantown",(901) 754-1204,Mass,8:15 AM,,Mass,English,chapel,livestream
"Wed, Mar 04, 2026",2026-03-04,Wednesday,Our Lady of Perpetual Help,"1142 E Elm St, Lafollette",(423) 562-0312,Mass,9:30 AM,,Mass,English,,
"Wed, Mar 04, 2026",2026-03-04,Wednesday,Our Lady of Sorrows,"3700 Thomas St, Memphis",(901) 353-1530,Mass,6:30 PM,,Mass,spanish,,
"Wed, Mar 04, 2026",2026-03-04,Wednesday,Our Lady of the Lake,"1729 Stop 30 Rd, Hendersonville",(615) 824-3276,Mass,6:00 PM,,Mass,English,,
"Wed, Mar 04, 2026",2026-03-04,Wednesday,Our Lady of the Lake,"1729 Stop 30 Rd, Hendersonville",(615) 824-3276,Mass,6:30 AM,,Mass,English,,
"Wed, Mar 04, 2026",2026-03-04,Wednesday,Our Lady of the Lake,"1729 Stop 30 Rd, Hendersonville",(615) 824-3276,Mass,9:15 AM,,Mass,English,,
"Wed, Mar 04, 2026",2026-03-04,Wednesday,Our Lady of the Shoals,"200 E Commons St N, Tuscumbia",(256) 383-7207,Mass,6:00 PM,,Mass,English,chapel,chapel
"Wed, Mar 04, 2026",2026-03-04,Wednesday,Queen of Peace,"8455 Germantown Rd, Olive Branch",(662) 895-5007,Mass,12:00 PM,,Mass,english,,
"Wed, Mar 04, 2026",2026-03-04,Wednesday,Sacred Heart,"296 W 6th St, Russellville",(270) 726-6963,Mass,11:00 AM,,Mass,English,Sacred Heart Catholic Church Russellville KY,
"Wed, Mar 04, 2026",2026-03-04,Wednesday,Sacred Heart,"20 Summit St, Burnsville",(828) 689-3719,Mass,12:00 PM,,Mass,english,Sacred Heart,
"Wed, Mar 04, 2026",2026-03-04,Wednesday,Sacred Heart,"2887 E Main St, Humboldt",(731) 618- 6758,Mass,8:00 AM,,Mass,spanish,Sacred Heart,
"Wed, Mar 04, 2026",2026-03-04,Wednesday,Sacred Heart,"212 Berger St, Lawrenceburg",(931) 762-3183,Mass,8:00 AM,,Mass,English,,
"Wed, Mar 04, 2026",2026-03-04,Wednesday,Sagrado Corazón,"2800 McGavock Pike, Nashville",(615) 391-3714,Mass,7:00 PM,,Misa Carismatica,spanish,Sagrado Corazón de Jesús,adoration
"Wed, Mar 04, 2026",2026-03-04,Wednesday,Saint Francis of Assisi Catholic Church,"7503 Peavine Rd, Crossville",+1-931-484-3628,Mass,8:00 AM,,Mass,english,,
"Wed, Mar 04, 2026",2026-03-04,Wednesday,"Saint James the Apostle Catholic Church, Sneedville","Highway 33, Sneedville",+1-423-272-6897,Mass,5:15 PM,,Mass,English,,
"Wed, Mar 04, 2026",2026-03-04,Wednesday,St Albert the Great Catholic Church,"7200 Brickey Ln, Knoxville",+1-865-689-7011,Mass,9:00 AM,,Mass,English,,when schools are closed there will be no weekday morning Mass; all parish activities will be cancelled; and the office will be closed
"Wed, Mar 04, 2026",2026-03-04,Wednesday,St Alphonsus Catholic Church,"151 St Alphonsus Way, Crossville",+1-931-484-2358,Mass,6:30 AM,,Mass,english,,
"Wed, Mar 04, 2026",2026-03-04,Wednesday,St Elizabeth's Roman Catholic Church,"510 W C St, Elizabethton",+1-423-543-3412,Mass,12:00 PM,,Mass,english,,
"Wed, Mar 04, 2026",2026-03-04,Wednesday,St Francis of Assisi Church,"1489 Donelson Pkwy, Dover",(931) 232-9422,Mass,5:30 PM,,Mass,english,"Saint Francis of Assisi Church, Dover, TN",
"Wed, Mar 04, 2026",2026-03-04,Wednesday,St Joseph the Worker Catholic Church,"649 Old Tellico Hwy N, Madisonville",+1-423-442-7273,Mass,9:00 AM,,Mass,English,St. Joseph the Worker Catholic Church,
"Wed, Mar 04, 2026",2026-03-04,Wednesday,St Therese-Little Flower,"1644 Jackson Ave, Memphis",(901) 276-1412,Mass,8:15 AM,,Mass,English,"Blessed Sacrament, 2564 Hale Ave, Memphis, TN",
"Wed, Mar 04, 2026",2026-03-04,Wednesday,St. Albert the Great,"7200 Brickey Ln, Knoxville",(865) 689-7011,Mass,9:00 AM,,Mass,English,,when schools are closed there will be no weekday morning Mass; all parish activities will be cancelled; and the office will be closed
"Wed, Mar 04, 2026",2026-03-04,Wednesday,St. Alphonsus,"151 St Alphonsus Way, Crossville",(931) 484-2358,Mass,6:30 AM,,Mass,english,Saint Alphonsus Catholic Church,
"Wed, Mar 04, 2026",2026-03-04,Wednesday,St. Alphonsus,"1225 Hwy 51 S, Covington",(901) 476-8140,Mass,8:00 AM,,Mass,english,St. Alphonsus,
"Wed, Mar 04, 2026",2026-03-04,Wednesday,St. Andrew,"829 Valley View Dr, Sparta",(931) 738-2140,Mass,5:00 PM,,Mass,English,,St. Andrew Catholic Church; Sparta; TN
"Wed, Mar 04, 2026",2026-03-04,Wednesday,St. Ann,"5101 Charlotte Ave, Nashville",(615) 298-1782,Mass,8:00 AM,,Mass,english,Church,
"Wed, Mar 04, 2026",2026-03-04,Wednesday,St. Anne,"706 S Highland St, Memphis",(901) 323-3817,Mass,12:00 PM,,Mass,english,,
"Wed, Mar 04, 2026",2026-03-04,Wednesday,St. Anne,"706 S Highland St, Memphis",(901) 323-3817,Mass,6:00 PM,,Mass,spanish,,
"Wed, Mar 04, 2026",2026-03-04,Wednesday,St. Anne,"316 Euclid Ave, Bristol",(276) 669-8200,Mass,8:30 AM,,Mass,English,,
"Wed, Mar 04, 2026",2026-03-04,Wednesday,St. Anthony,"967 E Main St, Blue Ridge",(706) 632-5970,Mass,12:00 PM,,Mass,English,Adoration Chapel,
"Wed, Mar 04, 2026",2026-03-04,Wednesday,St. Anthony,"1900 Huntsville Hwy, Fayetteville",(931) 433-6525,Mass,9:00 AM,,Mass,English,,
"Wed, Mar 04, 2026",2026-03-04,Wednesday,St. Anthony of Padua,"833 W Main St, Mountain City",(423) 727-5156,Mass,6:00 PM,,Mass,English,St. Anthony of Padua,
"Wed, Mar 04, 2026",2026-03-04,Wednesday,St. Augustine,"1716 Anderson Pike, Signal Mountain",(423) 886-3424,Mass,6:00 PM,,Mass,English,,
"Wed, Mar 04, 2026",2026-03-04,Wednesday,St. Bridget,"320 Walnut Grove Church Rd, Dayton",(423) 775-2664,Mass,6:30 PM,,Mass,english,,
"Wed, Mar 04, 2026",2026-03-04,Wednesday,St. Brigid,"7801 Lowrance Rd, Memphis",(901) 758-0128,Mass,7:00 PM,,Mass,spanish,Main Church,
"Wed, Mar 04, 2026",2026-03-04,Wednesday,St. Brigid,"7801 Lowrance Rd, Memphis",(901) 758-0128,Mass,8:15 AM,,Mass,english,Main Church,
"Wed, Mar 04, 2026",2026-03-04,Wednesday,St. Catherine,"3019 Cayce Ln, Columbia",(931) 388-3803,Mass,5:00 PM,,Mass,english,Saint Catherine of Siena Catholic Church,
"Wed, Mar 04, 2026",2026-03-04,Wednesday,St. Catherine Laboure,"115 Main St, Copperhill",(423) 496-3498,Mass,9:00 AM,,Mass,English,,check bulletin
"Wed, Mar 04, 2026",2026-03-04,Wednesday,St. Dominic,"2517 John B Dennis Hwy, Kingsport",(423) 288-8101,Mass,5:30 PM,,Mass,english,Church,
"Wed, Mar 04, 2026",2026-03-04,Wednesday,St. Dominic,"2517 John B Dennis Hwy, Kingsport",(423) 288-8101,Mass,8:15 AM,,Mass,english,Church,
"Wed, Mar 04, 2026",2026-03-04,Wednesday,St. Edward,"188 Thompson Ln, Nashville",(615)-833-5520,Mass,5:30 PM,,Mass,English,,
"Wed, Mar 04, 2026",2026-03-04,Wednesday,St. Elizabeth,"510 W C Street, Elizabethton",(423) 543-3412,Mass,12:00 PM,,Mass,english,,
"Wed, Mar 04, 2026",2026-03-04,Wednesday,St. Elizabeth Ann Seton (Ordinariate of the Chair of St. Peter),"217 Fox Rd, Knoxville",,Mass,8:00 AM,,Mass,English,217 Fox Rd. Knoxville,
"Wed, Mar 04, 2026",2026-03-04,Wednesday,St. Elizabeth of the Hill Country,"259 Pilgrims Way, Boone",(828) 264-8338,Mass,12:15 PM,,Mass,english,St. Elizabeth,
"Wed, Mar 04, 2026",2026-03-04,Wednesday,St. Frances Cabrini,"300 S Tarver Ave, Lebanon",(615) 444-0524,Mass,8:00 AM,,Mass,english,,
"Wed, Mar 04, 2026",2026-03-04,Wednesday,St. Francis of Assisi,"8151 Chimneyrock Blvd, Cordova",(901) 756-1213,Mass,12:00 PM,,Mass,English,St. Francis of Assisi,
"Wed, Mar 04, 2026",2026-03-04,Wednesday,St. Francis of Assisi,"167 St Francis Pl, Jefferson",(336) 246-9151,Mass,12:00 PM,,Mass,english,,
"Wed, Mar 04, 2026",2026-03-04,Wednesday,St. Francis of Assisi,"7503 Peavine Rd, Fairfield Glade",(931) 484-3628,Mass,8:00 AM,,Mass,English,,
"Wed, Mar 04, 2026",2026-03-04,Wednesday,St. Francis of Assisi,"8151 Chimneyrock Blvd, Cordova",(901) 756-1213,Mass,8:15 AM,,Mass,English,St. Francis of Assisi,
"Wed, Mar 04, 2026",2026-03-04,Wednesday,St. Francis of Assisi,"7719 River Rd, Townsend",(865) 448-6070,Mass,8:30 AM,,Mass,English,,"Mon, Tue, Thu, Fri; daily Mass excluded on Wed"
"Wed, Mar 04, 2026",2026-03-04,Wednesday,St. Gerard Majella,"3049 Lafayette Rd, Fort Oglethorpe",(706) 861-9410,Mass,9:00 AM,,Mass,English,Saint Gerard Majella Catholic Church,
"Wed, Mar 04, 2026",2026-03-04,Wednesday,St. Henry,"112-114 Hwy 70 N, Rogersville",(423) 272-6897,Mass,5:15 PM,,Mass,English,,
"Wed, Mar 04, 2026",2026-03-04,Wednesday,St. Henry,"6401 Harding Pike, Nashville",(615) 352-2259,Mass,6:30 AM,,Mass,English,Chapel,tags: chapel
"Wed, Mar 04, 2026",2026-03-04,Wednesday,St. Henry,"6401 Harding Pike, Nashville",(615) 352-2259,Mass,8:00 AM,,Mass,English,Chapel,tags: chapel
"Wed, Mar 04, 2026",2026-03-04,Wednesday,St. Ignatius of Antioch,"601 Bell Rd, Nashville",615-367-0085,Mass,9:00 AM,,Mass,English,,
"Wed, Mar 04, 2026",2026-03-04,Wednesday,St. James,"4180 Leroy Ave, Memphis",(901) 767-8672,Mass,9:00 AM,,Mass,english,,
"Wed, Mar 04, 2026",2026-03-04,Wednesday,St. James the Apostle,"3652 Main St, Sneedville",(423) 272-6897,Mass,5:15 PM,,Mass,English,,
"Wed, Mar 04, 2026",2026-03-04,Wednesday,St. James the Less,"3189 N Harper Rd, Corinth",(662) 331-5184,Mass,6:00 PM,,Mass/Misa,English,,
"Wed, Mar 04, 2026",2026-03-04,Wednesday,St. John,"910 N Washington Ave, Brownsville",(731) 668-2596,Mass,6:00 PM,,Mass,English,"St. John, Brownsville",
"Wed, Mar 04, 2026",2026-03-04,Wednesday,St. John Neumann,"633 Saint John Ct, Farragut",(865) 966-4540,Mass,8:05 AM,,Mass,English,,
"Wed, Mar 04, 2026",2026-03-04,Wednesday,St. John Vianney,"449 N Water St, Gallatin",(615) 452-2977,Mass,7:00 PM,,Mass,spanish,,
"Wed, Mar 04, 2026",2026-03-04,Wednesday,St. John the Evangelist,"1061 Ellington Pkwy S, Lewisburg",(931) 359-5017,Mass,6:30 PM,,Mass,spanish,,
"Wed, Mar 04, 2026",2026-03-04,Wednesday,St. John the Evangelist,"1061 Ellington Pkwy S, Lewisburg",(931) 359-5017,Mass,8:30 PM,,Mass,english,,
"Wed, Mar 04, 2026",2026-03-04,Wednesday,St. Joseph,"203 Plum St, Florence",(256) 764-3303,Mass,5:30 PM,,Mass,English,,
"Wed, Mar 04, 2026",2026-03-04,Wednesday,St. Joseph,"316 Main St, Bryson City",(828) 488-6766,Mass,6:00 PM,,Mass,English,St Joseph's,
"Wed, Mar 04, 2026",2026-03-04,Wednesday,St. Joseph,"968 Haig Mill Lake Rd, Dalton",(706) 278-3107,Mass,7:30 PM,,Mass,spanish,East Morris – Capilla San Juan Diego,
"Wed, Mar 04, 2026",2026-03-04,Wednesday,St. Joseph,"203 Plum St, Florence",(256) 764-3303,Mass,8:15 AM,,Mass,English,,
"Wed, Mar 04, 2026",2026-03-04,Wednesday,St. Joseph,"968 Haig Mill Lake Rd, Dalton",(706) 278-3107,Mass,9:00 AM,,Mass,english,,
"Wed, Mar 04, 2026",2026-03-04,Wednesday,St. Joseph the Worker,"649 Old Tellico Hwy N, Madisonville",(423) 442-7273,Mass,9:00 AM,,Mass,English,St. Joseph the Worker Catholic Church,
"Wed, Mar 04, 2026",2026-03-04,Wednesday,St. Jude,"435 Moody Ave, Martin",(731) 587-9777,Mass,5:30 PM,,Mass,english,,
"Wed, Mar 04, 2026",2026-03-04,Wednesday,St. Jude,"930 Ashland Ter, Chattanooga",(423) 870-2386,Mass,7:00 PM,,Mass,English,,livestream
"Wed, Mar 04, 2026",2026-03-04,Wednesday,St. Jude,"1318 E Poplar Ave, Selmer",(731) 645-4188,Mass,8:00 AM,,Mass,English,"St. Jude Church, Selmer",
"Wed, Mar 04, 2026",2026-03-04,Wednesday,St. Jude,"930 Ashland Ter, Chattanooga",(423) 870-2386,Mass,8:15 AM,,Mass,english,,
"Wed, Mar 04, 2026",2026-03-04,Wednesday,St. Jude Catholic Church,"930 Ashland Terrace, Chattanooga",+1-423-870-2386,Mass,7:00 PM,,Mass,english,,livestream
"Wed, Mar 04, 2026",2026-03-04,Wednesday,St. Jude Catholic Church,"930 Ashland Terrace, Chattanooga",+1-423-870-2386,Mass,8:15 AM,,Mass,English,,
"Wed, Mar 04, 2026",2026-03-04,Wednesday,St. Julian,"118 E Chester Ave, Middlesboro",(606) 248-2068,Mass,8:00 AM,,Mass,English,,
"Wed, Mar 04, 2026",2026-03-04,Wednesday,St. Katharine Drexel,"140 New England Rd, Wildwood",(706) 820-0680,Mass,5:00 PM,,Mass,english,Saint Katharine Drexel Mission,
"Wed, Mar 04, 2026",2026-03-04,Wednesday,St. Lawrence,"5655 Clarksville Hwy, Joelton",(615) 876-2127,Mass,9:00 AM,,Mass,English,Saint Lawrence,
"Wed, Mar 04, 2026",2026-03-04,Wednesday,St. Louis,"203 S White Station Rd, Memphis",(901) 255-1950,Mass,12:00 PM,,Mass,English,,
"Wed, Mar 04, 2026",2026-03-04,Wednesday,St. Louis,"203 S White Station Rd, Memphis",(901) 255-1950,Mass,6:15 AM,,Mass,English,,
"Wed, Mar 04, 2026",2026-03-04,Wednesday,St. Louis,"203 S White Station Rd, Memphis",(901) 255-1950,Mass,8:15 AM,,Mass,English,,
"Wed, Mar 04, 2026",2026-03-04,Wednesday,St. Lucien,"695 Summit St, Spruce Pine",(828) 898-6900,Mass,9:00 AM,,Holy Mass,English,"St. Lucien, 695 Summit St. Spruce Pine, NC 28777",
"Wed, Mar 04, 2026",2026-03-04,Wednesday,St. Martha,"3331 Bell St, Ashland City",615-792-4255,Mass,8:30 AM,,Mass,English,Adoration Chapel,
"Wed, Mar 04, 2026",2026-03-04,Wednesday,St. Mary,"205 Eastport St E, Iuka",(662) 423-9358,Mass,10:00 AM,,Mass,english,St. Mary,
"Wed, Mar 04, 2026",2026-03-04,Wednesday,St. Mary,"1665 US-45 BYP, Jackson",(731) 668-2596,Mass,12:00 PM,,Mass,english,,
"Wed, Mar 04, 2026",2026-03-04,Wednesday,St. Mary,"155 Market St, Memphis",(901) 522-9420,Mass,5:30 PM,,Mass,English,,note: Weekday Masses will resume on January 29th
"Wed, Mar 04, 2026",2026-03-04,Wednesday,St. Mary,"403 N Main St, Franklin",(270) 586-4515 or (270) 253-3230 (Rectory),Mass,6:00 PM,,Mass,English,,
"Wed, Mar 04, 2026",2026-03-04,Wednesday,St. Mary,"304 Airport Rd, Gatlinburg",(865) 436-4907,Mass,6:00 PM,,Mass,spanish,St. Mary's Catholic Church,CCD Classes immediately following Mass
"Wed, Mar 04, 2026",2026-03-04,Wednesday,St. Mary,"327 Vermont Ave, Oak Ridge",(865) 482-2875,Mass,6:00 PM,,Mass,english,,
"Wed, Mar 04, 2026",2026-03-04,Wednesday,St. Mary,"2315 Pickwick St, Savannah",(731) 925-4852,Mass,6:00 PM,,Mass,English,St. Mary's,
"Wed, Mar 04, 2026",2026-03-04,Wednesday,St. Mary,"1665 US-45 BYP, Jackson",(731) 668-2596,Mass,7:00 AM,,Mass,english,,
"Wed, Mar 04, 2026",2026-03-04,Wednesday,St. Mary,"2211 E Lakeview Dr, Johnson City",(423) 282-6367,Mass,7:00 AM,,Mass,English,,
"Wed, Mar 04, 2026",2026-03-04,Wednesday,St. Mary,"304 Airport Rd, Gatlinburg",(865) 436-4907,Mass,8:00 AM,,Mass,english,St. Mary's Catholic Church,
"Wed, Mar 04, 2026",2026-03-04,Wednesday,St. Mary,"327 Vermont Ave, Oak Ridge",(865) 482-2875,Mass,8:00 AM,,Mass,english,,
"Wed, Mar 04, 2026",2026-03-04,Wednesday,St. Mary,"2211 E Lakeview Dr, Johnson City",(423) 282-6367,Mass,8:30 AM,,Mass,English,,
"Wed, Mar 04, 2026",2026-03-04,Wednesday,St. Mary of the Seven Sorrows,"328 Rep John Lewis Way N, Nashville",(615) 561-1704,Mass,12:10 PM,,Mass,English,,
"Wed, Mar 04, 2026",2026-03-04,Wednesday,St. Matthew,"535 Sneed Rd W, Franklin",(615) 646-0378,Mass,7:00 PM,,Mass,english,,
"Wed, Mar 04, 2026",2026-03-04,Wednesday,St. Matthew,"9060 Telecom Dr, Milan",(731) 784-3904,Mass,8:00 AM,,Mass,spanish,Sacred Heart,
"Wed, Mar 04, 2026",2026-03-04,Wednesday,St. Michael,"2751 County Rd 30, Florence",(256) 764-1885,Mass,12:00 PM,,Mass,English,St. Michael's Catholic Church,
"Wed, Mar 04, 2026",2026-03-04,Wednesday,St. Michael,"3863 Summer Ave, Memphis",(901) 323-0896,Mass,5:30 PM,,Mass,spanish,,
"Wed, Mar 04, 2026",2026-03-04,Wednesday,St. Michael,"2751 County Rd 30, Florence",(256) 764-1885,Mass,6:00 PM,,Mass,English,St. Michael's Catholic Church,
"Wed, Mar 04, 2026",2026-03-04,Wednesday,St. Michael,"2751 County Rd 30, Florence",(256) 764-1885,Mass,7:30 AM,,Mass,English,St. Michael's Catholic Church,
"Wed, Mar 04, 2026",2026-03-04,Wednesday,St. Michael,"3863 Summer Ave, Memphis",(901) 323-0896,Mass,8:15 AM,,Mass,english,,
"Wed, Mar 04, 2026",2026-03-04,Wednesday,St. Michael the Archangel ,"657 N Mohawk Dr, Erwin",(423) 735-0484,Mass,8:30 AM,,Mass,english,Parish Center,
"Wed, Mar 04, 2026",2026-03-04,Wednesday,St. Patrick,"1219 Second Ave S, Nashville",(615) 256-6498,Mass,11:45 AM,,Mass,english,,
"Wed, Mar 04, 2026",2026-03-04,Wednesday,St. Patrick,"2518 W Andrew Johnson Hwy, Morristown",(423) 586-9174,Mass,6:00 PM,,Mass,English,,
"Wed, Mar 04, 2026",2026-03-04,Wednesday,St. Paul the Apostle,"1425 E Shelby Dr, Memphis",(901) 346-2380,Mass,6:00 AM,,Mass,English,,note: During school year calendar
"Wed, Mar 04, 2026",2026-03-04,Wednesday,St. Paul the Apostle,"304 W Grizzard St, Tullahoma",(931) 455-3050,Mass,6:00 PM,,Mass,english,,
"Wed, Mar 04, 2026",2026-03-04,Wednesday,St. Paul the Apostle,"1425 E Shelby Dr, Memphis",(901) 346-2380,Mass,7:30 PM,,Mass,spanish,,
"Wed, Mar 04, 2026",2026-03-04,Wednesday,St. Paul the Apostle,"304 W Grizzard St, Tullahoma",(931) 455-3050,Mass,8:00 AM,,Mass,english,,
"Wed, Mar 04, 2026",2026-03-04,Wednesday,St. Paul the Apostle,"1425 E Shelby Dr, Memphis",(901) 346-2380,Mass,8:15 AM,,Mass,English,,
"Wed, Mar 04, 2026",2026-03-04,Wednesday,St. Peter the Apostle,"208 Upper Ferry Rd, Carthage",(615) 281-8327,Mass,5:00 PM,,Daily Mass,English,,
"Wed, Mar 04, 2026",2026-03-04,Wednesday,St. Philip,"113 Second Ave S, Franklin",(615) 794-8588,Mass,7:00 AM,,Mass,english,St. Philip Catholic Church,
"Wed, Mar 04, 2026",2026-03-04,Wednesday,St. Philip,"113 Second Ave S, Franklin",(615) 794-8588,Mass,9:00 AM,,Mass,english,St. Philip Catholic Church,
"Wed, Mar 04, 2026",2026-03-04,Wednesday,St. Philip the Apostle,"11710 US Hwy 64, Somerville",(901) 465-8685,Mass,7:00 PM,,Mass,spanish,,
"Wed, Mar 04, 2026",2026-03-04,Wednesday,St. Philip the Apostle,"11710 US Hwy 64, Somerville",(901) 465-8685,Mass,8:30 AM,,Mass,english,,
"Wed, Mar 04, 2026",2026-03-04,Wednesday,St. Pius X,"2800 Tucker Rd, Nashville",(615) 256-2729,Mass,8:00 AM,,Holy Mass and Communion Service,english,ST. PIUS X ACADEMY AND CHURCH,all school mass
"Wed, Mar 04, 2026",2026-03-04,Wednesday,St. Pius X Church,"2800 Tucker Rd, Nashville",+1-615-244-4093,Mass,8:00 AM,,Mass,english,ST. PIUS X ACADEMY AND CHURCH,school
"Wed, Mar 04, 2026",2026-03-04,Wednesday,St. Regina,"108 Skyline Dr, Parsons",(731) 847-2054 ,Mass,5:00 PM,6:00 PM,Mass,English,,
"Wed, Mar 04, 2026",2026-03-04,Wednesday,St. Rose of Lima Catholic Church,"1601 N Tennessee Blvd, Murfreesboro",(615) 893-1843,Mass,6:00 PM,,Mass,English,,
"Wed, Mar 04, 2026",2026-03-04,Wednesday,St. Rose of Lima Catholic Church,"1601 N Tennessee Blvd, Murfreesboro",(615) 893-1843,Mass,7:00 AM,,Mass,English,,
"Wed, Mar 04, 2026",2026-03-04,Wednesday,St. Stephen,"7111 Lee Hwy, Chattanooga",(423) 892-1261,Mass,6:00 PM,,Mass,english,St. Stephen Catholic Church,
"Wed, Mar 04, 2026",2026-03-04,Wednesday,St. Stephen,"14544 Lebanon Rd, Old Hickory",(615) 758-2424,Mass,6:00 PM,,Mass,english,Saint Stephen Catholic Community,
"Wed, Mar 04, 2026",2026-03-04,Wednesday,St. Stephen,"14544 Lebanon Rd, Old Hickory",(615) 758-2424,Mass,8:00 AM,,Mass,english,Saint Stephen Catholic Community,
"Wed, Mar 04, 2026",2026-03-04,Wednesday,St. Teresa of Kolkata,"3445 Maynardville Hwy, Maynardville",(865) 992-7222,Mass,6:30 PM,,Mass,bilingual,St. Teresa of Kolkata,
"Wed, Mar 04, 2026",2026-03-04,Wednesday,St. Therese,"701 S Charles G Seivers Blvd, Clinton",(865) 457-4073,Mass,9:00 AM,,Mass,English,St. Therese Catholic Church,Please join us after Mass for coffee & donuts!
"Wed, Mar 04, 2026",2026-03-04,Wednesday,St. Therese of Lisieux,"900 Clingan Ridge Dr NW, Cleveland",(423) 476-8123,Mass,5:30 PM,,Mass,english,,
"Wed, Mar 04, 2026",2026-03-04,Wednesday,St. Thomas Aquinas,"421 N Washington Ave, Cookeville",(931) 526-2575,Mass,5:30 PM,,Mass,spanish,,
"Wed, Mar 04, 2026",2026-03-04,Wednesday,St. Thomas Aquinas,"421 N Washington Ave, Cookeville",(931) 526-2575,Mass,8:00 AM,,Mass,english,,
"Wed, Mar 04, 2026",2026-03-04,Wednesday,St. Thomas the Apostle,"1580 St Thomas Way, Lenoir City",(865) 986-9885,Mass,8:30 AM,,Mass,english,Saint Thomas the Apostle,
"Wed, Mar 04, 2026",2026-03-04,Wednesday,St. Thomas the Apostle (Ukrainian),"2304 Ault Rd, Knoxville",865-367-6093,Mass,7:00 PM,,Divine Liturgy,English,Church,note: during Great Lent
"Wed, Mar 04, 2026",2026-03-04,Wednesday,St. William,"4932 Easley St, Millington",(901) 872-4099,Mass,8:30 AM,,Mass,English,St. William Catholic Church,
"Wed, Mar 04, 2026",2026-03-04,Wednesday,Sts. Peter and Paul,"902 E 9th St, Hopkinsville",(270) 885-8522,Mass,5:30 PM,,Mass,english,,
"Wed, Mar 04, 2026",2026-03-04,Wednesday,Sts. Peter and Paul,"902 E 9th St, Hopkinsville",(270) 885-8522,Mass,8:00 AM,,Mass,english,,
"Wed, Mar 04, 2026",2026-03-04,Wednesday,The Cathedral of the Most Sacred Heart of Jesus,"711 S Northshore Dr, Knoxville",(865) 588-0249,Mass,12:00 PM,,Mass,English,,
"Wed, Mar 04, 2026",2026-03-04,Wednesday,The Cathedral of the Most Sacred Heart of Jesus,"711 S Northshore Dr, Knoxville",(865) 588-0249,Mass,8:05 AM,,Mass,English,,livestream
"Wed, Mar 04, 2026",2026-03-04,Wednesday,Basilica of Sts. Peter and Paul,"214 E 8th St, Chattanooga",(423) 266-1618,Confession,11:30 AM,12:00 PM,Confession,English,Basilica,
"Wed, Mar 04, 2026",2026-03-04,Wednesday,Basilica of Sts. Peter and Paul,"214 E 8th St, Chattanooga",(423) 266-1618,Confession,TBD,,Confessions,English,,30 minutes before each Mass except the 7am
"Wed, Mar 04, 2026",2026-03-04,Wednesday,Cathedral of the Incarnation,"2015 W End Ave, Nashville",(615) 327-2330,Confession,11:00 AM,12:00 PM,Confession,English,Cathedral,
"Wed, Mar 04, 2026",2026-03-04,Wednesday,Catholic Student Center -UM,"3625 Mynders Ave, Memphis",(901) 323-3051,Confession,4:00 PM,4:30 PM,Confession,English,Catholic Student Center,
"Wed, Mar 04, 2026",2026-03-04,Wednesday,Christ the King,"3001 Belmont Blvd, Nashville",(615) 292-2884,Confession,1:00 PM,2:00 PM,Confessions,english,Marian chapel confessionals,
"Wed, Mar 04, 2026",2026-03-04,Wednesday,Christ the King Catholic Church,"785 Church Rd W, Southaven",+1-662-342-1073,Confession,5:00 PM,5:30 PM,Confession,English,"Mary, Queen of Peace Chapel Confessional",
"Wed, Mar 04, 2026",2026-03-04,Wednesday,Good Samaritan,"55 Church St, Ellijay",(706) 636-2772,Confession,8:15 AM,9:00 AM,Confessions,English,,Appointments available
"Wed, Mar 04, 2026",2026-03-04,Wednesday,Holy Family,"431 Old Hwy 52, Lafayette",(615) 666-6466,Confession,5:00 PM,6:00 PM,Confession,English,"Holy Family catholic church, Lafayette, TN",
"Wed, Mar 04, 2026",2026-03-04,Wednesday,Holy Family,"9100 Crockett Rd, Brentwood",(615) 373-4696,Confession,5:45 PM,6:15 PM,Reconciliation,English,,
"Wed, Mar 04, 2026",2026-03-04,Wednesday,Holy Rosary,"192 Graylynn Dr, Nashville",(615) 889-4065,Confession,5:00 PM,,Confessions,English,,
"Wed, Mar 04, 2026",2026-03-04,Wednesday,Immaculate Conception,"414 W Vine Ave, Knoxville",(865) 522-1508,Confession,11:00 AM,12:00 PM,Confession,english,Immaculate Conception,
"Wed, Mar 04, 2026",2026-03-04,Wednesday,Immaculate Conception,"414 W Vine Ave, Knoxville",(865) 522-1508,Confession,11:30 AM,12:00 PM,Confession,english,Immaculate Conception,
"Wed, Mar 04, 2026",2026-03-04,Wednesday,Mission of St. John Paul II,"161 Bryan Ln, Rutledge",(865) 992-7222,Confession,5:30 PM,,Confession,English,Adoration Chapel,
"Wed, Mar 04, 2026",2026-03-04,Wednesday,National Shrine of St. Martin de Porres,"190 Adams Ave, Memphis",(901) 527-8282,Confession,11:30 AM,12:00 PM,Confession,English,St. Martin de Porres Shrine Chapel,
"Wed, Mar 04, 2026",2026-03-04,Wednesday,Nativity,"2793 Buckner Ln, Spring Hill",(615) 794-4004,Confession,6:25 PM,7:00 PM,Confessions,English,,
"Wed, Mar 04, 2026",2026-03-04,Wednesday,Our Lady of Guadalupe,"3112 Nolensville Rd, Nashville",615-333-8660,Confession,5:00 PM,7:00 PM,Confession,English,,
"Wed, Mar 04, 2026",2026-03-04,Wednesday,Our Lady of Lourdes,"704 Holly Ave, South Pittsburg",(423) 837-7068,Confession,5:00 PM,,Reconciliation,English,,or by appointment; confession
"Wed, Mar 04, 2026",2026-03-04,Wednesday,Our Lady of Perpetual Help,"501 S Moore Rd, Chattanooga",(423) 622-7232,Confession,5:30 PM,6:30 PM,Confession,English,,
"Wed, Mar 04, 2026",2026-03-04,Wednesday,Our Lady of Perpetual Help,"501 S Moore Rd, Chattanooga",+1-423-622-7232,Confession,5:30 PM,6:30 PM,Confession,English,,
"Wed, Mar 04, 2026",2026-03-04,Wednesday,Our Lady of the Lake,"1729 Stop 30 Rd, Hendersonville",(615) 824-3276,Confession,5:00 PM,,Reconciliation,English,,
"Wed, Mar 04, 2026",2026-03-04,Wednesday,Our Lady of the Lake,"1729 Stop 30 Rd, Hendersonville",(615) 824-3276,Confession,5:30 AM,,Reconciliation,English,,
"Wed, Mar 04, 2026",2026-03-04,Wednesday,Our Lady of the Lake,"1729 Stop 30 Rd, Hendersonville",(615) 824-3276,Confession,8:15 AM,,Reconciliation,English,,
"Wed, Mar 04, 2026",2026-03-04,Wednesday,Sacred Heart,"301 Church St, Loretto",(931) 853-4370,Confession,7:00 AM,7:45 AM,Confessions,English,SACRED HEART,
"Wed, Mar 04, 2026",2026-03-04,Wednesday,Sacred Heart,"20 Summit St, Burnsville",(828) 689-3719,Confession,TBD,,Confession,English,Sacred Heart,after Mass
"Wed, Mar 04, 2026",2026-03-04,Wednesday,St Albert the Great Catholic Church,"7200 Brickey Ln, Knoxville",+1-865-689-7011,Confession,5:30 PM,7:00 PM,Confession,English,,
"Wed, Mar 04, 2026",2026-03-04,Wednesday,St Alphonsus Catholic Church,"151 St Alphonsus Way, Crossville",+1-931-484-2358,Confession,6:00 PM,7:00 PM,Confession,English,,
"Wed, Mar 04, 2026",2026-03-04,Wednesday,St Therese-Little Flower,"1644 Jackson Ave, Memphis",(901) 276-1412,Confession,3:30 PM,4:00 PM,Confession,spanish,"Blessed Sacrament, 2564 Hale Ave, Memphis, TN",
"Wed, Mar 04, 2026",2026-03-04,Wednesday,St. Albert the Great,"7200 Brickey Ln, Knoxville",(865) 689-7011,Confession,5:30 PM,7:00 PM,Confession,English,,
"Wed, Mar 04, 2026",2026-03-04,Wednesday,St. Alphonsus,"151 St Alphonsus Way, Crossville",(931) 484-2358,Confession,6:00 PM,7:00 PM,Lenten Confessions,English,Saint Alphonsus Catholic Church,Lenten Confessions
"Wed, Mar 04, 2026",2026-03-04,Wednesday,St. Andrew,"829 Valley View Dr, Sparta",(931) 738-2140,Confession,4:30 PM,5:00 PM,Confessions,English,,St. Andrew Catholic Church; Sparta; TN
"Wed, Mar 04, 2026",2026-03-04,Wednesday,St. Ann,"5101 Charlotte Ave, Nashville",(615) 298-1782,Confession,7:00 AM,7:40 AM,Confession,English,Confessional room,
"Wed, Mar 04, 2026",2026-03-04,Wednesday,St. Anne,"316 Euclid Ave, Bristol",(276) 669-8200,Confession,5:00 PM,6:00 PM,Confession,English,,
"Wed, Mar 04, 2026",2026-03-04,Wednesday,St. Augustine,"1716 Anderson Pike, Signal Mountain",(423) 886-3424,Confession,5:00 PM,5:45 PM,Sacrament of Reconciliation,English,,Or By Appointment
"Wed, Mar 04, 2026",2026-03-04,Wednesday,St. Catherine,"3019 Cayce Ln, Columbia",(931) 388-3803,Confession,4:15 PM,4:45 PM,Confession,English,Saint Catherine of Siena Catholic Church,
"Wed, Mar 04, 2026",2026-03-04,Wednesday,St. Catherine,"3019 Cayce Ln, Columbia",(931) 388-3803,Confession,7:00 PM,7:30 PM,Confession,spanish,Saint Catherine of Siena Catholic Church,
"Wed, Mar 04, 2026",2026-03-04,Wednesday,St. Christopher,"713 W College St, Dickson",(615) 446-3927,Confession,5:30 PM,6:15 PM,Confession,English,St. Christopher Catholic Church,
"Wed, Mar 04, 2026",2026-03-04,Wednesday,St. Dominic,"2517 John B Dennis Hwy, Kingsport",(423) 288-8101,Confession,12:00 PM,1:00 PM,Confession,English,,check bulletin
"Wed, Mar 04, 2026",2026-03-04,Wednesday,St. Edward,"188 Thompson Ln, Nashville",(615)-833-5520,Confession,4:30 PM,5:15 PM,Adoration & Confession,English,,
"Wed, Mar 04, 2026",2026-03-04,Wednesday,St. Edward,"188 Thompson Ln, Nashville",(615)-833-5520,Confession,4:30 PM,5:10 PM,Confession,English,,
"Wed, Mar 04, 2026",2026-03-04,Wednesday,St. Elizabeth of the Hill Country,"259 Pilgrims Way, Boone",(828) 264-8338,Confession,11:45 AM,12:10 PM,Confession,English,St. Elizabeth,
"Wed, Mar 04, 2026",2026-03-04,Wednesday,St. Elizabeth of the Hill Country,"259 Pilgrims Way, Boone",(828) 264-8338,Confession,5:00 PM,6:00 PM,Confession,English,St. Elizabeth,
"Wed, Mar 04, 2026",2026-03-04,Wednesday,St. John Neumann,"633 Saint John Ct, Farragut",(865) 966-4540,Confession,5:00 PM,5:50 PM,Reconciliation,English,,
"Wed, Mar 04, 2026",2026-03-04,Wednesday,St. John Vianney,"449 N Water St, Gallatin",(615) 452-2977,Confession,6:00 PM,6:45 PM,Confession,English,,
"Wed, Mar 04, 2026",2026-03-04,Wednesday,St. Joseph,"203 Plum St, Florence",(256) 764-3303,Confession,4:00 PM,5:15 PM,Reconciliation,English,,
"Wed, Mar 04, 2026",2026-03-04,Wednesday,St. Joseph,"968 Haig Mill Lake Rd, Dalton",(706) 278-3107,Confession,8:00 PM,,Confession,English,,
"Wed, Mar 04, 2026",2026-03-04,Wednesday,St. Joseph the Worker,"649 Old Tellico Hwy N, Madisonville",(423) 442-7273,Confession,8:00 AM,,Sacrament of Penance,English,St. Joseph the Worker Catholic Church,and by appointment
"Wed, Mar 04, 2026",2026-03-04,Wednesday,St. Jude,"435 Moody Ave, Martin",(731) 587-9777,Confession,4:30 PM,5:15 PM,Confession,English,,by appointment
"Wed, Mar 04, 2026",2026-03-04,Wednesday,St. Jude,"930 Ashland Ter, Chattanooga",(423) 870-2386,Confession,6:00 PM,6:45 PM,Confessions,English,,follow directions on door
"Wed, Mar 04, 2026",2026-03-04,Wednesday,St. Jude Catholic Church,"930 Ashland Terrace, Chattanooga",+1-423-870-2386,Confession,6:00 PM,6:45 PM,Confession,English,,follow directions on door
"Wed, Mar 04, 2026",2026-03-04,Wednesday,St. Julian,"118 E Chester Ave, Middlesboro",(606) 248-2068,Confession,5:30 PM,6:30 PM,Confession,English,,every; during Adoration
"Wed, Mar 04, 2026",2026-03-04,Wednesday,St. Katharine Drexel,"140 New England Rd, Wildwood",(706) 820-0680,Confession,4:00 PM,,Confession,English,Saint Katharine Drexel Mission,
"Wed, Mar 04, 2026",2026-03-04,Wednesday,St. Katharine Drexel,"140 New England Rd, Wildwood",(706) 820-0680,Confession,4:00 PM,,Confession,English,Saint Katharine Drexel Mission ),
"Wed, Mar 04, 2026",2026-03-04,Wednesday,St. Lawrence,"5655 Clarksville Hwy, Joelton",(615) 876-2127,Confession,8:15 AM,9:00 AM,Confession,English,Saint Lawrence,
"Wed, Mar 04, 2026",2026-03-04,Wednesday,St. Mary,"205 Eastport St E, Iuka",(662) 423-9358,Confession,11:00 AM,,Confession,English,St. Mary,After Mass; or by appointment.
"Wed, Mar 04, 2026",2026-03-04,Wednesday,St. Mary,"1665 US-45 BYP, Jackson",(731) 668-2596,Confession,11:30 AM,12:00 PM,Confession,English,,
"Wed, Mar 04, 2026",2026-03-04,Wednesday,St. Mary,"2211 E Lakeview Dr, Johnson City",(423) 282-6367,Confession,6:00 PM,,Confessions,English,,
"Wed, Mar 04, 2026",2026-03-04,Wednesday,St. Mary,"327 Vermont Ave, Oak Ridge",(865) 482-2875,Confession,6:30 PM,,Confessions,english,,
"Wed, Mar 04, 2026",2026-03-04,Wednesday,St. Mary of the Seven Sorrows,"328 Rep John Lewis Way N, Nashville",(615) 561-1704,Confession,11:30 AM,,Confession,English,,
"Wed, Mar 04, 2026",2026-03-04,Wednesday,St. Matthew,"535 Sneed Rd W, Franklin",(615) 646-0378,Confession,6:00 PM,,Confession,english,,
"Wed, Mar 04, 2026",2026-03-04,Wednesday,St. Michael,"2751 County Rd 30, Florence",(256) 764-1885,Confession,4:30 PM,5:30 PM,Confession,English,St. Michael's Catholic Church,prior to Wednesday evening Mass
"Wed, Mar 04, 2026",2026-03-04,Wednesday,St. Michael,"2751 County Rd 30, Florence",(256) 764-1885,Confession,9:30 AM,3:30 PM,Confession,English,St. Michael's Catholic Church,
"Wed, Mar 04, 2026",2026-03-04,Wednesday,St. Patrick,"1219 Second Ave S, Nashville",(615) 256-6498,Confession,11:00 AM,11:35 AM,Confessions,English,,
"Wed, Mar 04, 2026",2026-03-04,Wednesday,St. Paul the Apostle,"1425 E Shelby Dr, Memphis",(901) 346-2380,Confession,6:00 PM,7:00 PM,Confession,English,,note: Or by appointment
"Wed, Mar 04, 2026",2026-03-04,Wednesday,St. Pius X,"2800 Tucker Rd, Nashville",(615) 256-2729,Confession,4:30 PM,5:30 PM,Adoration - Benediction - Confession,English,ST. PIUS X ACADEMY AND CHURCH,
"Wed, Mar 04, 2026",2026-03-04,Wednesday,St. Pius X Church,"2800 Tucker Rd, Nashville",+1-615-244-4093,Confession,4:30 PM,5:30 PM,Confession,English,ST. PIUS X ACADEMY AND CHURCH,
"Wed, Mar 04, 2026",2026-03-04,Wednesday,St. Regina,"108 Skyline Dr, Parsons",(731) 847-2054 ,Confession,TBD,,RECONCILIATION,English,,during adoration or by appointment
"Wed, Mar 04, 2026",2026-03-04,Wednesday,St. Rose of Lima Catholic Church,"1601 N Tennessee Blvd, Murfreesboro",(615) 893-1843,Confession,5:00 PM,5:45 PM,Confession,English,,
"Wed, Mar 04, 2026",2026-03-04,Wednesday,St. Stephen,"14544 Lebanon Rd, Old Hickory",(615) 758-2424,Confession,6:30 PM,7:00 PM,Confession,English,Saint Stephen Catholic Community,note: begin immediately after mass
"Wed, Mar 04, 2026",2026-03-04,Wednesday,Sts. Peter and Paul,"902 E 9th St, Hopkinsville",(270) 885-8522,Confession,4:30 PM,,Reconciliation,English,,
"Wed, Mar 04, 2026",2026-03-04,Wednesday,The Cathedral of the Most Sacred Heart of Jesus,"711 S Northshore Dr, Knoxville",(865) 588-0249,Confession,5:00 PM,6:30 PM,Confession,English,,Every
"Wed, Mar 04, 2026",2026-03-04,Wednesday,Catholic Student Center -UM,"3625 Mynders Ave, Memphis",(901) 323-3051,Adoration,3:30 PM,4:30 PM,Adoration,English,Catholic Student Center,Available according to University Schedule
"Wed, Mar 04, 2026",2026-03-04,Wednesday,Chapel of St. Cecilia,"801 Dominican Dr, Nashville",16152565486,Adoration,2:00 PM,,Exposition and Adoration,English,Chapel,exposition; adoration
"Wed, Mar 04, 2026",2026-03-04,Wednesday,Christ the King Catholic Church,"785 Church Rd W, Southaven",+1-662-342-1073,Adoration,9:00 AM,9:00 PM,Adoration,English,"Mary, Queen of Peace Chapel",exposition
"Wed, Mar 04, 2026",2026-03-04,Wednesday,Holy Family,"9100 Crockett Rd, Brentwood",(615) 373-4696,Adoration,9:30 AM,6:00 PM,Eucharistic Adoration,English,Main Sanctuary,exposition
"Wed, Mar 04, 2026",2026-03-04,Wednesday,Holy Name,"521 Woodland St, Nashville",(615) 254-8847,Adoration,8:30 AM,10:30 AM,Adoration of the Blessed Sacrament,English,Church of the Most Holy Name,exposition
"Wed, Mar 04, 2026",2026-03-04,Wednesday,Holy Rosary,"4851 Park Ave, Memphis",(901) 767-6949,Adoration,1:00 PM,5:00 PM,Adoration,English,,exposition
"Wed, Mar 04, 2026",2026-03-04,Wednesday,Holy Rosary,"192 Graylynn Dr, Nashville",(615) 889-4065,Adoration,5:00 PM,6:00 PM,Adoration,English,,
"Wed, Mar 04, 2026",2026-03-04,Wednesday,Holy Spirit,"545 E Commerce St, Hernando",(662) 429-7851,Adoration,6:00 PM,7:00 PM,Adoration,English,,
"Wed, Mar 04, 2026",2026-03-04,Wednesday,Mission of Our Lady of the Lake,"10645 Hwy 57, Counce",(731) 925-4852,Adoration,6:30 PM,7:00 PM,Adoration,English,,immediately following Mass
"Wed, Mar 04, 2026",2026-03-04,Wednesday,Mission of St. Michael,"3553 S Carter Rd, Cedar Hill",(615) 384-6200,Adoration,3:00 PM,6:00 PM,Adoration,English,,
"Wed, Mar 04, 2026",2026-03-04,Wednesday,Nativity,"2793 Buckner Ln, Spring Hill",(615) 794-4004,Adoration,9:30 AM,6:00 PM,Adoration,English,,exposition
"Wed, Mar 04, 2026",2026-03-04,Wednesday,Our Lady of Fatima,"858 Louisville Rd, Alcoa",(865) 982-3672,Adoration,8:30 AM,8:00 PM,Eucharistic Exposition,English,,tags: exposition
"Wed, Mar 04, 2026",2026-03-04,Wednesday,Our Lady of Perpetual Help,"501 S Moore Rd, Chattanooga",(423) 622-7232,Adoration,9:00 AM,6:30 PM,Adoration,English,,exposition; subject to change if there is a funeral
"Wed, Mar 04, 2026",2026-03-04,Wednesday,Our Lady of Perpetual Help,"501 S Moore Rd, Chattanooga",+1-423-622-7232,Adoration,9:00 AM,6:30 PM,Adoration,English,,subject to change if there is a funeral
"Wed, Mar 04, 2026",2026-03-04,Wednesday,Our Lady of the Shoals,"200 E Commons St N, Tuscumbia",(256) 383-7207,Adoration,TBD,,Adoration,English,,30 minutes before weekday masses; exposition
"Wed, Mar 04, 2026",2026-03-04,Wednesday,Queen of Peace,"8455 Germantown Rd, Olive Branch",(662) 895-5007,Adoration,9:00 AM,10:00 AM,Adoration,English,,
"Wed, Mar 04, 2026",2026-03-04,Wednesday,Sacred Heart,"20 Summit St, Burnsville",(828) 689-3719,Adoration,11:00 AM,12:00 PM,Adoration,english,Sacred Heart,exposition
"Wed, Mar 04, 2026",2026-03-04,Wednesday,Sacred Heart,"301 Church St, Loretto",(931) 853-4370,Adoration,7:00 AM,7:45 AM,Adoration,English,SACRED HEART,exposition
"Wed, Mar 04, 2026",2026-03-04,Wednesday,Saint Francis of Assisi Catholic Church,"7503 Peavine Rd, Crossville",+1-931-484-3628,Adoration,7:30 AM,8:00 AM,Adoration,English,,tags: exposition
"Wed, Mar 04, 2026",2026-03-04,Wednesday,St Francis of Assisi Church,"1489 Donelson Pkwy, Dover",(931) 232-9422,Adoration,4:30 PM,5:30 PM,Adoration,English,"Saint Francis of Assisi Church, Dover, TN",
"Wed, Mar 04, 2026",2026-03-04,Wednesday,St. Andrew,"829 Valley View Dr, Sparta",(931) 738-2140,Adoration,4:00 PM,5:00 PM,Adoration,English,,St. Andrew Catholic Church; Sparta; TN
"Wed, Mar 04, 2026",2026-03-04,Wednesday,St. Anne,"316 Euclid Ave, Bristol",(276) 669-8200,Adoration,6:00 PM,7:00 PM,Adoration,English,Chapel,"exposition; note: ""Simple"" Exposition following confessions"
"Wed, Mar 04, 2026",2026-03-04,Wednesday,St. Augustine,"1716 Anderson Pike, Signal Mountain",(423) 886-3424,Adoration,5:00 PM,6:00 PM,Adoration,English,,
"Wed, Mar 04, 2026",2026-03-04,Wednesday,St. Elizabeth of the Hill Country,"259 Pilgrims Way, Boone",(828) 264-8338,Adoration,5:00 PM,6:00 PM,Adoration,English,St. Elizabeth,exposition
"Wed, Mar 04, 2026",2026-03-04,Wednesday,St. Frances Cabrini,"300 S Tarver Ave, Lebanon",(615) 444-0524,Adoration,7:00 AM,,Adoration,English,,exposition
"Wed, Mar 04, 2026",2026-03-04,Wednesday,St. Francis of Assisi,"7503 Peavine Rd, Fairfield Glade",(931) 484-3628,Adoration,7:30 AM,8:00 AM,Adoration,English,,exposition
"Wed, Mar 04, 2026",2026-03-04,Wednesday,St. Gerard Majella,"3049 Lafayette Rd, Fort Oglethorpe",(706) 861-9410,Adoration,7:30 AM,9:00 AM,Adoration,English,Saint Gerard Majella Catholic Church,exposition
"Wed, Mar 04, 2026",2026-03-04,Wednesday,St. Ignatius of Antioch,"601 Bell Rd, Nashville",615-367-0085,Adoration,7:45 AM,8:45 AM,Eucharist Adoration,English,,
"Wed, Mar 04, 2026",2026-03-04,Wednesday,St. John,"910 N Washington Ave, Brownsville",(731) 668-2596,Adoration,6:30 PM,7:30 PM,Adoration,English,"St. John, Brownsville",exposition
"Wed, Mar 04, 2026",2026-03-04,Wednesday,St. Jude,"435 Moody Ave, Martin",(731) 587-9777,Adoration,4:30 PM,5:15 PM,Adoration,English,,
"Wed, Mar 04, 2026",2026-03-04,Wednesday,St. Julian,"118 E Chester Ave, Middlesboro",(606) 248-2068,Adoration,5:30 PM,6:30 PM,Eucharistic Adoration,English,,every Wed; Wednesday Adoration Hour
"Wed, Mar 04, 2026",2026-03-04,Wednesday,St. Louis,"203 S White Station Rd, Memphis",(901) 255-1950,Adoration,6:00 AM,10:00 PM,Adoration,English,,
"Wed, Mar 04, 2026",2026-03-04,Wednesday,St. Mary,"2315 Pickwick St, Savannah",(731) 925-4852,Adoration,6:30 PM,7:00 PM,Adoration,English,,immediately following Mass
"Wed, Mar 04, 2026",2026-03-04,Wednesday,St. Matthew,"535 Sneed Rd W, Franklin",(615) 646-0378,Adoration,6:00 PM,,Exposition,English,,tags: exposition
"Wed, Mar 04, 2026",2026-03-04,Wednesday,St. Paul the Apostle,"1425 E Shelby Dr, Memphis",(901) 346-2380,Adoration,6:00 PM,7:00 PM,Adoration,English,,
"Wed, Mar 04, 2026",2026-03-04,Wednesday,St. Pius X Church,"2800 Tucker Rd, Nashville",+1-615-244-4093,Adoration,4:30 PM,5:30 PM,Adoration,English,ST. PIUS X ACADEMY AND CHURCH,
"Wed, Mar 04, 2026",2026-03-04,Wednesday,St. Regina,"108 Skyline Dr, Parsons",(731) 847-2054 ,Adoration,5:00 PM,6:00 PM,Adoration,English,,during Holy Hour
"Wed, Mar 04, 2026",2026-03-04,Wednesday,The Cathedral of the Most Sacred Heart of Jesus,"711 S Northshore Dr, Knoxville",(865) 588-0249,Adoration,5:30 PM,6:30 PM,Adoration,English,,Every
"Wed, Mar 04, 2026",2026-03-04,Wednesday,Chapel of St. Cecilia,"801 Dominican Dr, Nashville",16152565486,Devotions,5:30 PM,6:00 PM,Vespers,English,,
"Wed, Mar 04, 2026",2026-03-04,Wednesday,Chapel of St. Cecilia,"801 Dominican Dr, Nashville",16152565486,Devotions,6:00 PM,6:30 PM,Rosary,English,,
"Wed, Mar 04, 2026",2026-03-04,Wednesday,Christ the King,"785 Church Rd W, Southaven",(662) 342-1073,Devotions,11:30 AM,11:50 AM,Rosary,English,,
"Wed, Mar 04, 2026",2026-03-04,Wednesday,Holy Spirit,"2300 Hickory Crest Dr, Memphis",(901) 754-7146,Devotions,TBD,,Rosary,English,Chapel,after
"Wed, Mar 04, 2026",2026-03-04,Wednesday,Our Lady of Fatima,"858 Louisville Rd, Alcoa",(865) 982-3672,Devotions,8:00 PM,,Benediction,English,,tags: benediction
"Wed, Mar 04, 2026",2026-03-04,Wednesday,St. Frances Cabrini,"300 S Tarver Ave, Lebanon",(615) 444-0524,Devotions,7:30 AM,,Rosary,English,,
"Wed, Mar 04, 2026",2026-03-04,Wednesday,St. Gerard Majella,"3049 Lafayette Rd, Fort Oglethorpe",(706) 861-9410,Devotions,8:30 AM,,Recitation of the Rosary,English,Saint Gerard Majella Catholic Church,
"Wed, Mar 04, 2026",2026-03-04,Wednesday,St. Philip the Apostle,"11710 US Hwy 64, Somerville",(901) 465-8685,Devotions,7:30 PM,,Prayer Group,spanish,,
"Wed, Mar 04, 2026",2026-03-04,Wednesday,St. Pius X Church,"2800 Tucker Rd, Nashville",+1-615-244-4093,Devotions,4:30 PM,5:30 PM,Benediction,English,ST. PIUS X ACADEMY AND CHURCH,
"Wed, Mar 04, 2026",2026-03-04,Wednesday,St. Regina,"108 Skyline Dr, Parsons",(731) 847-2054 ,Devotions,5:00 PM,6:00 PM,Holy Hour,English,,
"Wed, Mar 04, 2026",2026-03-04,Wednesday,St. Rose of Lima Catholic Church,"1601 N Tennessee Blvd, Murfreesboro",(615) 893-1843,Devotions,6:30 AM,,Rosary,English,,
"Wed, Mar 04, 2026",2026-03-04,Wednesday,St. Therese of Lisieux,"900 Clingan Ridge Dr NW, Cleveland",(423) 476-8123,Devotions,5:05 PM,,Rosary / Litany of Loretto Devotion,English,,note: before Wednesday evening Mass
"Wed, Mar 04, 2026",2026-03-04,Wednesday,Holy Spirit,"10768 Dayton Pike, Soddy Daisy",(423) 332-5300,Other,7:00 PM,,Deanery Penance Service,English,Holy Spirit,Deanery Penance Service
"Wed, Mar 04, 2026",2026-03-04,Wednesday,Holy Trinity,"610 Kimmins St, Hohenwald",(931) 796-3738,Other,8:00 AM,,Holy Liturgy,english,Holy Trinity,
"Wed, Mar 04, 2026",2026-03-04,Wednesday,Memphis VA Medical Center,"116 N Pauline St, Memphis","800-636-8262, ext. 17326",Other,12:30 PM,,Worship services,English,,no location specified
"Wed, Mar 04, 2026",2026-03-04,Wednesday,Our Lady of Sorrows,"3700 Thomas St, Memphis",(901) 353-1530,Other,6:30 PM,8:00 PM,P.R.E. Times,spanish,,September – May
"Wed, Mar 04, 2026",2026-03-04,Wednesday,St. Pius X,"2800 Tucker Rd, Nashville",(615) 256-2729,Other,5:45 PM,,Breaking Open God's Word,English,,note: check bulletin for end time
"Wed, Mar 04, 2026",2026-03-04,Wednesday,St. Pius X Church,"2800 Tucker Rd, Nashville",+1-615-244-4093,Other,5:45 PM,,Breaking Open God's Word,English,,bible study
"Wed, Mar 04, 2026",2026-03-04,Wednesday,The Catholic Community of The Sacred Heart of Jesus," Building# 5875 Desert Storm Ave, Fort Campbell",270-798-2352,Other,11:45 AM,,Catholic Worship Services,English,5875 - Soldiers Chapel,
"Wed, Mar 04, 2026",2026-03-04,Wednesday,University Catholic (Vanderbilt and Belmont U.),"2015 W End Ave, Nashville",(629) 800-5151,Other,6:00 PM,,Study Break,English,,
"Wed, Mar 04, 2026",2026-03-04,Wednesday,Vietnamese Parish of Divine Mercy,"10919 Carmichael Rd, Knoxville",(865) 766-2091,Other,8:00 AM,,Lễ,English,,
"Wed, Mar 04, 2026",2026-03-04,Wednesday,Notre Dame,"212 Mount Bethel Rd, Greeneville",(423) 639-9381,Sacraments,6:00 PM,,Communion Service,english,Notre Dame Catholic Church,recurring: Jan 13 – Feb 13; 2026
"Wed, Mar 04, 2026",2026-03-04,Wednesday,St. Brigid,"7801 Lowrance Rd, Memphis",(901) 758-0128,Sacraments,7:00 PM,,Communion Service,spanish,Main Church,
"Wed, Mar 04, 2026",2026-03-04,Wednesday,St. Lawrence,"5655 Clarksville Hwy, Joelton",(615) 876-2127,Private,9:00 AM,4:00 PM,Church Open for Prayer,English,Saint Lawrence,
"Wed, Mar 04, 2026",2026-03-04,Wednesday,St. Michael,"2751 County Rd 30, Florence",(256) 764-1885,Sacraments,6:00 PM,,Anointing of the Sick,English,St. Michael's Catholic Church,Quarterly; check bulletins and calendars for the dates
"Thu, Mar 05, 2026",2026-03-05,Thursday,All Saints,"620 N Cedar Bluff Rd, Knoxville",(865) 531-0770,Mass,12:10 PM,,Mass,english,620 N Cedar Bluff Rd,
"Thu, Mar 05, 2026",2026-03-05,Thursday,All Saints,"620 N Cedar Bluff Rd, Knoxville",(865) 531-0770,Mass,9:00 AM,,Mass,english,620 N Cedar Bluff Rd,
"Thu, Mar 05, 2026",2026-03-05,Thursday,Assumption,"1227 7th Ave N, Nashville",(615) 256-2729,Mass,7:00 AM,,Low Mass,latin,,
"Thu, Mar 05, 2026",2026-03-05,Thursday,Ave Maria,"664 S Washington St (TN-209), Ripley",(731)589-8302,Mass,8:15 AM,,Mass,english,,
"Thu, Mar 05, 2026",2026-03-05,Thursday,Basilica of Sts. Peter and Paul,"214 E 8th St, Chattanooga",(423) 266-1618,Mass,12:00 PM,,Mass,english,Basilica,
"Thu, Mar 05, 2026",2026-03-05,Thursday,Cathedral of the Immaculate Conception,"1669 Central Ave, Memphis",(901) 725-2700,Mass,12:00 PM,,Mass,English,,
"Thu, Mar 05, 2026",2026-03-05,Thursday,Cathedral of the Immaculate Conception,"1669 Central Ave, Memphis",(901) 725-2700,Mass,6:30 AM,,Mass,English,,
"Thu, Mar 05, 2026",2026-03-05,Thursday,Cathedral of the Incarnation,"2015 W End Ave, Nashville",(615) 327-2330,Mass,12:10 PM,,Mass,English,Cathedral,
"Thu, Mar 05, 2026",2026-03-05,Thursday,Cathedral of the Incarnation,"2015 W End Ave, Nashville",(615) 327-2330,Mass,7:00 AM,,Mass,English,Cathedral,
"Thu, Mar 05, 2026",2026-03-05,Thursday,Catholic Church of the Nativity,"2793 Buckner Ln, Thompson's Station",+1-615-794-4004,Mass,9:00 AM,,Mass,English,,exception: not 7 days/week
"Thu, Mar 05, 2026",2026-03-05,Thursday,Catholic Student Center -UM,"3625 Mynders Ave, Memphis",(901) 323-3051,Mass,4:30 PM,,Mass,english,Catholic Student Center,
"Thu, Mar 05, 2026",2026-03-05,Thursday,Christ the King,"816 Blue Top Rd, Tazewell",(423) 562-0312,Mass,10:00 AM,,Mass,English,Christ the King Church,unless announced otherwise
"Thu, Mar 05, 2026",2026-03-05,Thursday,Christ the King,"785 Church Rd W, Southaven",(662) 342-1073,Mass,12:00 PM,,Mass,english,,
"Thu, Mar 05, 2026",2026-03-05,Thursday,Christ the King,"3001 Belmont Blvd, Nashville",(615) 292-2884,Mass,6:00 PM,,Mass,english,,
"Thu, Mar 05, 2026",2026-03-05,Thursday,Christ the King,"820 E Main St, Abingdon",(276) 628-2941,Mass,8:00 AM,,Mass,English,Christ the King Parish,
"Thu, Mar 05, 2026",2026-03-05,Thursday,Christ the Redeemer,"1515 Woodland Dr, Centerville",(931) 729-4669,Mass,6:30 PM,,Mass,English,Christ the Redeemer,
"Thu, Mar 05, 2026",2026-03-05,Thursday,Community of the Holy Spirit,"384 Eagle Ridge Dr, Jonesville",(276) 346-0269,Mass,6:00 PM,,Mass,English,"Jonesville, VA 24263",
"Thu, Mar 05, 2026",2026-03-05,Thursday,Good Shepherd,"2361 Cosby Hwy, Newport",(423) 623-5051,Mass,10:00 AM,,Mass,english,Church of the Good Shepherd,
"Thu, Mar 05, 2026",2026-03-05,Thursday,Good Shepherd,"2021 Decherd Blvd, Decherd",(931) 967-0961,Mass,9:00 AM,,Mass,English,Good Shepherd Church,
"Thu, Mar 05, 2026",2026-03-05,Thursday,Holy Angels,"535 Tucker St, Dyersburg",(731) 287-8000,Mass,8:15 AM,,Mass,english,,
"Thu, Mar 05, 2026",2026-03-05,Thursday,Holy Cross,"1210 E Wood St, Paris",(731) 642-4681,Mass,12:00 PM,,Mass,English,,
"Thu, Mar 05, 2026",2026-03-05,Thursday,Holy Cross,"144 Wears Valley Rd, Pigeon Forge",865-429-5587,Mass,12:00 PM,,Mass,english,,
"Thu, Mar 05, 2026",2026-03-05,Thursday,Holy Family,"431 Old Hwy 52, Lafayette",(615) 666-6466,Mass,11:00 AM,,Mass,english,"Holy Family catholic church, Lafayette, TN",
"Thu, Mar 05, 2026",2026-03-05,Thursday,Holy Family,"9100 Crockett Rd, Brentwood",(615) 373-4696,Mass,12:00 PM,,Mass,English,,livestream
"Thu, Mar 05, 2026",2026-03-05,Thursday,Holy Family,"201 Black Oak Ridge Rd, Seymour",(865) 573-1203,Mass,12:00 PM,,Mass,english,,
"Thu, Mar 05, 2026",2026-03-05,Thursday,Holy Family,"201 Black Oak Ridge Rd, Seymour",(865) 573-1203,Mass,8:30 AM,,Mass,english,,
"Thu, Mar 05, 2026",2026-03-05,Thursday,Holy Family Catholic Church,"201 Black Oak Ridge Rd, Seymour",+1-865-573-1203,Mass,12:00 PM,,Mass,english,,
"Thu, Mar 05, 2026",2026-03-05,Thursday,Holy Family Catholic Church,"201 Black Oak Ridge Rd, Seymour",+1-865-573-1203,Mass,8:30 AM,,Mass,english,,
"Thu, Mar 05, 2026",2026-03-05,Thursday,Holy Ghost,"1041 N Central St, Knoxville",(865) 522-2205,Mass,6:30 AM,,Mass,English,,
"Thu, Mar 05, 2026",2026-03-05,Thursday,Holy Ghost,"1041 N Central St, Knoxville",(865) 522-2205,Mass,8:00 AM,,Mass,English,,
"Thu, Mar 05, 2026",2026-03-05,Thursday,Holy Name,"521 Woodland St, Nashville",(615) 254-8847,Mass,12:00 PM,,Mass,english,Church of the Most Holy Name,
"Thu, Mar 05, 2026",2026-03-05,Thursday,Holy Rosary,"4851 Park Ave, Memphis",(901) 767-6949,Mass,6:15 AM,,Mass,English,,
"Thu, Mar 05, 2026",2026-03-05,Thursday,Holy Rosary,"192 Graylynn Dr, Nashville",(615) 889-4065,Mass,6:15 PM,,Mass,English,,
"Thu, Mar 05, 2026",2026-03-05,Thursday,Holy Rosary,"192 Graylynn Dr, Nashville",(615) 889-4065,Mass,8:00 AM,,Mass,English,,
"Thu, Mar 05, 2026",2026-03-05,Thursday,Holy Rosary,"4851 Park Ave, Memphis",(901) 767-6949,Mass,8:15 AM,,Mass,English,,
"Thu, Mar 05, 2026",2026-03-05,Thursday,Holy Spirit,"2300 Hickory Crest Dr, Memphis",(901) 754-7146,Mass,6:30 AM,,Mass,English,,
"Thu, Mar 05, 2026",2026-03-05,Thursday,Holy Spirit,"545 E Commerce St, Hernando",(662) 429-7851,Mass,8:00 AM,,Mass,english,,
"Thu, Mar 05, 2026",2026-03-05,Thursday,Holy Spirit,"2300 Hickory Crest Dr, Memphis",(901) 754-7146,Mass,8:00 AM,,Mass,English,,
"Thu, Mar 05, 2026",2026-03-05,Thursday,Holy Spirit,"10768 Dayton Pike, Soddy Daisy",(423) 332-5300,Mass,9:00 AM,,Mass,english,Holy Spirit,
"Thu, Mar 05, 2026",2026-03-05,Thursday,Holy Spirit Catholic Church,"10768 Dayton Pike, Soddy-Daisy",+1-423-332-5300,Mass,9:00 AM,,Mass,english,Holy Spirit,
"Thu, Mar 05, 2026",2026-03-05,Thursday,Holy Trinity,"475 N Highway 92, Jefferson City",(865) 471-0347,Mass,9:00 AM,,Mass,english,,
"Thu, Mar 05, 2026",2026-03-05,Thursday,Immaculate Conception,"414 W Vine Ave, Knoxville",(865) 522-1508,Mass,12:10 PM,,Mass,english,Immaculate Conception,
"Thu, Mar 05, 2026",2026-03-05,Thursday,Immaculate Conception,"709 Franklin St, Clarksville",(931) 645-6275,Mass,9:00 AM,,Mass,english,Chapel,
"Thu, Mar 05, 2026",2026-03-05,Thursday,Incarnation,"360 Bray Station Rd, Collierville",(901) 853-7468 ,Mass,8:15 AM,,Mass,English,St. Therese Chapel,tags: chapel
"Thu, Mar 05, 2026",2026-03-05,Thursday,Mission of St. Michael,"3553 S Carter Rd, Cedar Hill",(615) 384-6200,Mass,8:30 AM,,Mass,English,Our Lady of Lourdes,
"Thu, Mar 05, 2026",2026-03-05,Thursday,Mission of the Holy Family,"265 Cotham Dr, Huntingdon",(731) 584-6459,Mass,12:00 PM,,Mass,English,"Holy Family Catholic Mission, Huntingdon, TN",
"Thu, Mar 05, 2026",2026-03-05,Thursday,Mother Teresa ,"7668 Nolensville Rd (house on the hill ), Nolensville",(651) 283-3119,Mass,9:00 AM,,Mass,English,Parish Chapel,
"Thu, Mar 05, 2026",2026-03-05,Thursday,National Shrine of St. Martin de Porres,"190 Adams Ave, Memphis",(901) 527-8282,Mass,12:05 PM,,Mass,english,St. Martin de Porres National Shrine Chapel,
"Thu, Mar 05, 2026",2026-03-05,Thursday,Nativity,"5955 St Elmo Rd, Bartlett",(901) 382-2504,Mass,8:00 AM,,Mass,english,,
"Thu, Mar 05, 2026",2026-03-05,Thursday,Nativity,"2793 Buckner Ln, Spring Hill",(615) 794-4004,Mass,9:00 AM,,Mass,english,,
"Thu, Mar 05, 2026",2026-03-05,Thursday,Nativity,"2793 Buckner Ln, Spring Hill",(615) 794-4004,Mass,9:00 AM,,Mass,english,,
"Thu, Mar 05, 2026",2026-03-05,Thursday,Notre Dame,"212 Mount Bethel Rd, Greeneville",(423) 639-9381,Mass,8:30 AM,,Mass,english,Notre Dame Catholic Church,
"Thu, Mar 05, 2026",2026-03-05,Thursday,Notre Dame Catholic Church,"212 Mt Bethel Rd, Greeneville",+1-423-639-9381,Mass,8:30 AM,,Mass,english,Notre Dame,
"Thu, Mar 05, 2026",2026-03-05,Thursday,Our Lady of Fatima,"858 Louisville Rd, Alcoa",(865) 982-3672,Mass,12:00 PM,,Mass,english,,livestream
"Thu, Mar 05, 2026",2026-03-05,Thursday,Our Lady of Guadalupe,"3112 Nolensville Rd, Nashville",615-333-8660,Mass,6:00 PM,,Mass,English,,
"Thu, Mar 05, 2026",2026-03-05,Thursday,Our Lady of Lourdes,"704 Holly Ave, South Pittsburg",(423) 837-7068,Mass,7:30 AM,,Mass,English,,
"Thu, Mar 05, 2026",2026-03-05,Thursday,Our Lady of Perpetual Help,"8151 Poplar Ave, Germantown",(901) 754-1204,Mass,12:00 PM,,Mass,English,chapel,livestream
"Thu, Mar 05, 2026",2026-03-05,Thursday,Our Lady of Perpetual Help,"8151 Poplar Ave, Germantown",(901) 754-1204,Mass,6:15 AM,,Mass,English,chapel,livestream
"Thu, Mar 05, 2026",2026-03-05,Thursday,Our Lady of Perpetual Help,"501 S Moore Rd, Chattanooga",(423) 622-7232,Mass,8:15 AM,,Daily Mass,english,,
"Thu, Mar 05, 2026",2026-03-05,Thursday,Our Lady of Perpetual Help,"501 S Moore Rd, Chattanooga",+1-423-622-7232,Mass,8:15 AM,,Mass,english,,
"Thu, Mar 05, 2026",2026-03-05,Thursday,Our Lady of Perpetual Help,"8151 Poplar Ave, Germantown",(901) 754-1204,Mass,8:15 AM,,Mass,English,chapel,livestream
"Thu, Mar 05, 2026",2026-03-05,Thursday,Our Lady of Sorrows,"3700 Thomas St, Memphis",(901) 353-1530,Mass,6:30 PM,,Mass,spanish,,
"Thu, Mar 05, 2026",2026-03-05,Thursday,Our Lady of the Lake,"1729 Stop 30 Rd, Hendersonville",(615) 824-3276,Mass,6:30 AM,,Mass,English,,
"Thu, Mar 05, 2026",2026-03-05,Thursday,Our Lady of the Lake,"1729 Stop 30 Rd, Hendersonville",(615) 824-3276,Mass,9:15 AM,,Mass,English,,
"Thu, Mar 05, 2026",2026-03-05,Thursday,Our Lady of the Shoals,"200 E Commons St N, Tuscumbia",(256) 383-7207,Mass,9:00 AM,,Mass,English,chapel,chapel
"Thu, Mar 05, 2026",2026-03-05,Thursday,Queen of Peace,"8455 Germantown Rd, Olive Branch",(662) 895-5007,Mass,12:00 PM,,Mass,english,,
"Thu, Mar 05, 2026",2026-03-05,Thursday,Sacred Heart,"296 W 6th St, Russellville",(270) 726-6963,Mass,11:00 AM,,Mass,English,Sacred Heart Catholic Church Russellville KY,
"Thu, Mar 05, 2026",2026-03-05,Thursday,Sacred Heart,"411 E Moulton St, Hickman",(270) 472-2742,Mass,5:30 PM,,Mass,English,"St. Jude, Clinton",
"Thu, Mar 05, 2026",2026-03-05,Thursday,Sacred Heart,"2887 E Main St, Humboldt",(731) 618- 6758,Mass,6:30 PM,,Mass,spanish,Sacred Heart,
"Thu, Mar 05, 2026",2026-03-05,Thursday,Saint Francis of Assisi Catholic Church,"7503 Peavine Rd, Crossville",+1-931-484-3628,Mass,8:00 AM,,Mass,english,,
"Thu, Mar 05, 2026",2026-03-05,Thursday,"Saint James the Apostle Catholic Church, Sneedville","Highway 33, Sneedville",+1-423-272-6897,Mass,12:00 PM,,Mass,English,,
"Thu, Mar 05, 2026",2026-03-05,Thursday,Shepherd of the Valley,"6191 Hwy 28, Dunlap",(423) 949-6903,Mass,7:00 PM,,Mass,spanish,,
"Thu, Mar 05, 2026",2026-03-05,Thursday,Shepherd of the Valley Catholic Church,"6191 TN-28, Dunlap",+1-423-949-6903,Mass,7:00 PM,,Mass,spanish,Shepherd of the Valley,
"Thu, Mar 05, 2026",2026-03-05,Thursday,St Albert the Great Catholic Church,"7200 Brickey Ln, Knoxville",+1-865-689-7011,Mass,9:00 AM,,Mass,English,,when schools are closed there will be no weekday morning Mass; all parish activities will be cancelled; and the office will be closed
"Thu, Mar 05, 2026",2026-03-05,Thursday,St Alphonsus Catholic Church,"151 St Alphonsus Way, Crossville",+1-931-484-2358,Mass,8:30 AM,,Mass,english,,
"Thu, Mar 05, 2026",2026-03-05,Thursday,St Elizabeth Ann Seton Church,"755 Hwy 49, Tennessee Ridge",(931) 721-3769,Mass,10:30 AM,,Mass,english,,
"Thu, Mar 05, 2026",2026-03-05,Thursday,St Joseph the Worker Catholic Church,"649 Old Tellico Hwy N, Madisonville",+1-423-442-7273,Mass,9:00 AM,,Mass,English,St. Joseph the Worker Catholic Church,
"Thu, Mar 05, 2026",2026-03-05,Thursday,St Therese-Little Flower,"1644 Jackson Ave, Memphis",(901) 276-1412,Mass,8:15 AM,,Mass,English,"Blessed Sacrament, 2564 Hale Ave, Memphis, TN",
"Thu, Mar 05, 2026",2026-03-05,Thursday,St. Albert the Great,"7200 Brickey Ln, Knoxville",(865) 689-7011,Mass,9:00 AM,,Mass,English,,when schools are closed there will be no weekday morning Mass; all parish activities will be cancelled; and the office will be closed
"Thu, Mar 05, 2026",2026-03-05,Thursday,St. Alphonsus,"1225 Hwy 51 S, Covington",(901) 476-8140,Mass,8:00 AM,,Mass,english,St. Alphonsus,
"Thu, Mar 05, 2026",2026-03-05,Thursday,St. Alphonsus,"151 St Alphonsus Way, Crossville",(931) 484-2358,Mass,8:30 AM,,Mass,english,Saint Alphonsus Catholic Church,
"Thu, Mar 05, 2026",2026-03-05,Thursday,St. Andrew,"829 Valley View Dr, Sparta",(931) 738-2140,Mass,9:30 AM,,Mass,English,,St. Andrew Catholic Church; Sparta; TN
"Thu, Mar 05, 2026",2026-03-05,Thursday,St. Andrew the Apostle,"149 Brook St, Mars Hill",(828) 689-3719,Mass,9:00 AM,,Mass,english,St. Andrew,
"Thu, Mar 05, 2026",2026-03-05,Thursday,St. Ann,"5101 Charlotte Ave, Nashville",(615) 298-1782,Mass,8:00 AM,,Mass,english,Church,
"Thu, Mar 05, 2026",2026-03-05,Thursday,St. Anne,"316 Euclid Ave, Bristol",(276) 669-8200,Mass,6:00 PM,,Mass,English,,
"Thu, Mar 05, 2026",2026-03-05,Thursday,St. Anne,"706 S Highland St, Memphis",(901) 323-3817,Mass,6:00 PM,,Mass,spanish,,
"Thu, Mar 05, 2026",2026-03-05,Thursday,St. Anthony,"967 E Main St, Blue Ridge",(706) 632-5970,Mass,12:00 PM,,Mass,English,Adoration Chapel,
"Thu, Mar 05, 2026",2026-03-05,Thursday,St. Anthony,"1900 Huntsville Hwy, Fayetteville",(931) 433-6525,Mass,9:00 AM,,Mass,English,,
"Thu, Mar 05, 2026",2026-03-05,Thursday,St. Augustine,"1716 Anderson Pike, Signal Mountain",(423) 886-3424,Mass,8:15 AM,,Mass,English,,
"Thu, Mar 05, 2026",2026-03-05,Thursday,St. Bridget,"320 Walnut Grove Church Rd, Dayton",(423) 775-2664,Mass,8:30 AM,,Mass,english,,
"Thu, Mar 05, 2026",2026-03-05,Thursday,St. Brigid,"7801 Lowrance Rd, Memphis",(901) 758-0128,Mass,7:00 PM,,Mass,spanish,Main Church,
"Thu, Mar 05, 2026",2026-03-05,Thursday,St. Brigid,"7801 Lowrance Rd, Memphis",(901) 758-0128,Mass,8:15 AM,,Mass,english,Main Church,
"Thu, Mar 05, 2026",2026-03-05,Thursday,St. Catherine,"3019 Cayce Ln, Columbia",(931) 388-3803,Mass,7:00 PM,,Mass,spanish,Saint Catherine of Siena Catholic Church,
"Thu, Mar 05, 2026",2026-03-05,Thursday,St. Catherine,"3019 Cayce Ln, Columbia",(931) 388-3803,Mass,8:00 AM,,Mass,english,Saint Catherine of Siena Catholic Church,
"Thu, Mar 05, 2026",2026-03-05,Thursday,St. Catherine Laboure,"115 Main St, Copperhill",(423) 496-3498,Mass,9:00 AM,,Mass,English,,check bulletin
"Thu, Mar 05, 2026",2026-03-05,Thursday,St. Dominic,"2517 John B Dennis Hwy, Kingsport",(423) 288-8101,Mass,8:15 AM,,Mass,english,School,note: Mass is at Church when school is not in session
"Thu, Mar 05, 2026",2026-03-05,Thursday,St. Edward,"188 Thompson Ln, Nashville",(615)-833-5520,Mass,8:00 AM,,Mass,English,,
"Thu, Mar 05, 2026",2026-03-05,Thursday,St. Elizabeth Ann Seton (Ordinariate of the Chair of St. Peter),"217 Fox Rd, Knoxville",,Mass,8:00 AM,,Mass,English,217 Fox Rd. Knoxville,
"Thu, Mar 05, 2026",2026-03-05,Thursday,St. Elizabeth of the Hill Country,"259 Pilgrims Way, Boone",(828) 264-8338,Mass,9:30 AM,,Mass,english,St. Elizabeth,
"Thu, Mar 05, 2026",2026-03-05,Thursday,St. Frances Cabrini,"300 S Tarver Ave, Lebanon",(615) 444-0524,Mass,7:00 PM,,Mass,spanish,,
"Thu, Mar 05, 2026",2026-03-05,Thursday,St. Frances Cabrini,"300 S Tarver Ave, Lebanon",(615) 444-0524,Mass,8:00 AM,,Mass,english,,
"Thu, Mar 05, 2026",2026-03-05,Thursday,St. Francis of Assisi,"8151 Chimneyrock Blvd, Cordova",(901) 756-1213,Mass,12:00 PM,,Mass,English,St. Francis of Assisi,
"Thu, Mar 05, 2026",2026-03-05,Thursday,St. Francis of Assisi,"7503 Peavine Rd, Fairfield Glade",(931) 484-3628,Mass,8:00 AM,,Mass,English,,
"Thu, Mar 05, 2026",2026-03-05,Thursday,St. Francis of Assisi,"8151 Chimneyrock Blvd, Cordova",(901) 756-1213,Mass,8:15 AM,,Mass,English,St. Francis of Assisi,
"Thu, Mar 05, 2026",2026-03-05,Thursday,St. Gerard Majella,"3049 Lafayette Rd, Fort Oglethorpe",(706) 861-9410,Mass,9:00 AM,,Mass,English,Saint Gerard Majella Catholic Church,
"Thu, Mar 05, 2026",2026-03-05,Thursday,St. Henry,"112-114 Hwy 70 N, Rogersville",(423) 272-6897,Mass,12:00 PM,,Mass,English,,note: Weekday Masses
"Thu, Mar 05, 2026",2026-03-05,Thursday,St. Henry,"6401 Harding Pike, Nashville",(615) 352-2259,Mass,6:30 AM,,Mass,English,Chapel,tags: chapel
"Thu, Mar 05, 2026",2026-03-05,Thursday,St. Henry,"6401 Harding Pike, Nashville",(615) 352-2259,Mass,8:00 AM,,Mass,English,Chapel,tags: chapel
"Thu, Mar 05, 2026",2026-03-05,Thursday,St. Ignatius of Antioch,"601 Bell Rd, Nashville",615-367-0085,Mass,9:00 AM,,Mass,English,,
"Thu, Mar 05, 2026",2026-03-05,Thursday,St. James,"4180 Leroy Ave, Memphis",(901) 767-8672,Mass,9:00 AM,,Mass,english,,
"Thu, Mar 05, 2026",2026-03-05,Thursday,St. James the Apostle,"3652 Main St, Sneedville",(423) 272-6897,Mass,12:00 PM,,Mass,English,,noon
"Thu, Mar 05, 2026",2026-03-05,Thursday,St. James the Less,"3189 N Harper Rd, Corinth",(662) 331-5184,Mass,6:00 PM,,Mass/Misa,English,,
"Thu, Mar 05, 2026",2026-03-05,Thursday,St. John,"910 N Washington Ave, Brownsville",(731) 668-2596,Mass,8:30 AM,,Mass,spanish,"St. John, Brownsville",
"Thu, Mar 05, 2026",2026-03-05,Thursday,St. John Neumann,"633 Saint John Ct, Farragut",(865) 966-4540,Mass,6:45 AM,,Mass,English,,
"Thu, Mar 05, 2026",2026-03-05,Thursday,St. John Neumann,"633 Saint John Ct, Farragut",(865) 966-4540,Mass,8:05 AM,,Mass,English,,
"Thu, Mar 05, 2026",2026-03-05,Thursday,St. John Vianney,"449 N Water St, Gallatin",(615) 452-2977,Mass,12:00 PM,,Mass,English,,
"Thu, Mar 05, 2026",2026-03-05,Thursday,St. John XXIII (U. of Tenn.),"1710 Melrose Pl, Knoxville",(865) 523-7931,Mass,12:00 PM,,Mass,english,,except for Holidays
"Thu, Mar 05, 2026",2026-03-05,Thursday,St. John the Evangelist,"1061 Ellington Pkwy S, Lewisburg",(931) 359-5017,Mass,8:30 AM,,Mass,english,,
"Thu, Mar 05, 2026",2026-03-05,Thursday,St. Joseph,"316 Main St, Bryson City",(828) 488-6766,Mass,12:00 PM,,Mass,English,St Joseph's,
"Thu, Mar 05, 2026",2026-03-05,Thursday,St. Joseph,"203 Plum St, Florence",(256) 764-3303,Mass,7:00 PM,,Mass,spanish,,
"Thu, Mar 05, 2026",2026-03-05,Thursday,St. Joseph,"203 Plum St, Florence",(256) 764-3303,Mass,7:15 AM,,Mass,English,,
"Thu, Mar 05, 2026",2026-03-05,Thursday,St. Joseph,"968 Haig Mill Lake Rd, Dalton",(706) 278-3107,Mass,9:00 AM,,Mass,english,,
"Thu, Mar 05, 2026",2026-03-05,Thursday,St. Joseph,"3425 Andersonville Hwy, Norris",(865) 494-7746,Mass,9:00 AM,,Mass,English,St. Joseph - Norris,
"Thu, Mar 05, 2026",2026-03-05,Thursday,St. Joseph the Worker,"649 Old Tellico Hwy N, Madisonville",(423) 442-7273,Mass,9:00 AM,,Mass,English,St. Joseph the Worker Catholic Church,
"Thu, Mar 05, 2026",2026-03-05,Thursday,St. Jude,"435 Moody Ave, Martin",(731) 587-9777,Mass,12:10 PM,,Mass,english,,
"Thu, Mar 05, 2026",2026-03-05,Thursday,St. Jude,"1318 E Poplar Ave, Selmer",(731) 645-4188,Mass,8:00 AM,,Mass,English,"St. Jude Church, Selmer",
"Thu, Mar 05, 2026",2026-03-05,Thursday,St. Jude,"930 Ashland Ter, Chattanooga",(423) 870-2386,Mass,8:15 AM,,Mass,english,,
"Thu, Mar 05, 2026",2026-03-05,Thursday,St. Jude Catholic Church,"930 Ashland Terrace, Chattanooga",+1-423-870-2386,Mass,8:15 AM,,Mass,English,,
"Thu, Mar 05, 2026",2026-03-05,Thursday,St. Julian,"118 E Chester Ave, Middlesboro",(606) 248-2068,Mass,8:00 AM,,Mass,English,,
"Thu, Mar 05, 2026",2026-03-05,Thursday,St. Katharine Drexel,"140 New England Rd, Wildwood",(706) 820-0680,Mass,8:30 AM,,Mass,english,,
"Thu, Mar 05, 2026",2026-03-05,Thursday,St. Lawrence,"5655 Clarksville Hwy, Joelton",(615) 876-2127,Mass,5:00 PM,,Mass,English,Saint Lawrence,
"Thu, Mar 05, 2026",2026-03-05,Thursday,St. Louis,"203 S White Station Rd, Memphis",(901) 255-1950,Mass,12:00 PM,,Mass,English,,
"Thu, Mar 05, 2026",2026-03-05,Thursday,St. Louis,"203 S White Station Rd, Memphis",(901) 255-1950,Mass,6:15 AM,,Mass,English,,
"Thu, Mar 05, 2026",2026-03-05,Thursday,St. Louis,"203 S White Station Rd, Memphis",(901) 255-1950,Mass,8:15 AM,,Mass,English,,
"Thu, Mar 05, 2026",2026-03-05,Thursday,St. Lucien,"695 Summit St, Spruce Pine",(828) 898-6900,Mass,9:00 AM,,Holy Mass,English,"St. Lucien, 695 Summit St. Spruce Pine, NC 28777",
"Thu, Mar 05, 2026",2026-03-05,Thursday,St. Martha,"3331 Bell St, Ashland City",615-792-4255,Mass,6:00 PM,,Mass,English,Adoration Chapel,
"Thu, Mar 05, 2026",2026-03-05,Thursday,St. Mary,"2315 Pickwick St, Savannah",(731) 925-4852,Mass,12:00 PM,,Mass,English,St. Mary's,
"Thu, Mar 05, 2026",2026-03-05,Thursday,St. Mary,"223 Mecklenburg Dr, Bolivar",(731) 658-4627,Mass,5:00 PM,,Mass,English,"St. Mary’s Church, Bolivar",
"Thu, Mar 05, 2026",2026-03-05,Thursday,St. Mary,"155 Market St, Memphis",(901) 522-9420,Mass,5:30 PM,,Mass,English,,note: Weekday Masses will resume on January 29th
"Thu, Mar 05, 2026",2026-03-05,Thursday,St. Mary,"1665 US-45 BYP, Jackson",(731) 668-2596,Mass,7:00 AM,,Mass,english,,
"Thu, Mar 05, 2026",2026-03-05,Thursday,St. Mary,"2211 E Lakeview Dr, Johnson City",(423) 282-6367,Mass,7:00 AM,,Mass,English,,
"Thu, Mar 05, 2026",2026-03-05,Thursday,St. Mary,"403 N Main St, Franklin",(270) 586-4515 or (270) 253-3230 (Rectory),Mass,8:00 AM,,Mass,English,,
"Thu, Mar 05, 2026",2026-03-05,Thursday,St. Mary,"304 Airport Rd, Gatlinburg",(865) 436-4907,Mass,8:00 AM,,Mass,english,St. Mary's Catholic Church,
"Thu, Mar 05, 2026",2026-03-05,Thursday,St. Mary,"327 Vermont Ave, Oak Ridge",(865) 482-2875,Mass,8:00 AM,,Mass,english,,
"Thu, Mar 05, 2026",2026-03-05,Thursday,St. Mary,"2211 E Lakeview Dr, Johnson City",(423) 282-6367,Mass,8:30 AM,,Mass,English,,
"Thu, Mar 05, 2026",2026-03-05,Thursday,St. Mary of the Seven Sorrows,"328 Rep John Lewis Way N, Nashville",(615) 561-1704,Mass,12:10 PM,,Mass,English,,
"Thu, Mar 05, 2026",2026-03-05,Thursday,St. Matthew,"9060 Telecom Dr, Milan",(731) 784-3904,Mass,6:30 PM,,Mass,spanish,Sacred Heart,
"Thu, Mar 05, 2026",2026-03-05,Thursday,St. Matthew,"535 Sneed Rd W, Franklin",(615) 646-0378,Mass,8:00 AM,,Mass,english,,
"Thu, Mar 05, 2026",2026-03-05,Thursday,St. Matthew,"535 Sneed Rd W, Franklin",(615) 646-0378,Mass,8:00 AM,,Mass,English,,tags: livestream; note: when school is in session
"Thu, Mar 05, 2026",2026-03-05,Thursday,St. Michael,"2751 County Rd 30, Florence",(256) 764-1885,Mass,12:00 PM,,Mass,English,St. Michael's Catholic Church,
"Thu, Mar 05, 2026",2026-03-05,Thursday,St. Michael,"2751 County Rd 30, Florence",(256) 764-1885,Mass,12:00 PM,,Mass,English,St. Michael's Catholic Church,
"Thu, Mar 05, 2026",2026-03-05,Thursday,St. Michael,"3863 Summer Ave, Memphis",(901) 323-0896,Mass,5:30 PM,,Mass,spanish,,
"Thu, Mar 05, 2026",2026-03-05,Thursday,St. Michael,"2751 County Rd 30, Florence",(256) 764-1885,Mass,7:30 AM,,Mass,English,St. Michael's Catholic Church,
"Thu, Mar 05, 2026",2026-03-05,Thursday,St. Michael,"3863 Summer Ave, Memphis",(901) 323-0896,Mass,8:15 AM,,Mass,english,,
"Thu, Mar 05, 2026",2026-03-05,Thursday,St. Patrick,"1219 Second Ave S, Nashville",(615) 256-6498,Mass,7:00 AM,,Mass,english,,
"Thu, Mar 05, 2026",2026-03-05,Thursday,St. Patrick,"175 St Patrick St, McEwen",(931) 582-3633,Mass,8:00 AM,,Mass,english,"Saint Patrick Catholic Church, McEwen, TN",
"Thu, Mar 05, 2026",2026-03-05,Thursday,St. Patrick,"2518 W Andrew Johnson Hwy, Morristown",(423) 586-9174,Mass,8:30 AM,,Mass,English,,
"Thu, Mar 05, 2026",2026-03-05,Thursday,St. Paul the Apostle,"1425 E Shelby Dr, Memphis",(901) 346-2380,Mass,6:00 AM,,Mass,English,,note: During school year calendar
"Thu, Mar 05, 2026",2026-03-05,Thursday,St. Paul the Apostle,"1425 E Shelby Dr, Memphis",(901) 346-2380,Mass,6:00 PM,,Mass,english,,
"Thu, Mar 05, 2026",2026-03-05,Thursday,St. Paul the Apostle,"304 W Grizzard St, Tullahoma",(931) 455-3050,Mass,8:00 AM,,Mass,english,,
"Thu, Mar 05, 2026",2026-03-05,Thursday,St. Paul the Apostle,"1425 E Shelby Dr, Memphis",(901) 346-2380,Mass,8:15 AM,,Mass,English,,
"Thu, Mar 05, 2026",2026-03-05,Thursday,St. Peter the Apostle,"208 Upper Ferry Rd, Carthage",(615) 281-8327,Mass,5:00 PM,,Daily Mass,English,,
"Thu, Mar 05, 2026",2026-03-05,Thursday,St. Philip,"113 Second Ave S, Franklin",(615) 794-8588,Mass,7:00 AM,,Mass,english,St. Philip Catholic Church,
"Thu, Mar 05, 2026",2026-03-05,Thursday,St. Philip,"113 Second Ave S, Franklin",(615) 794-8588,Mass,9:00 AM,,Mass,english,St. Philip Catholic Church,
"Thu, Mar 05, 2026",2026-03-05,Thursday,St. Philip the Apostle,"11710 US Hwy 64, Somerville",(901) 465-8685,Mass,8:30 AM,,Mass,english,,
"Thu, Mar 05, 2026",2026-03-05,Thursday,St. Pius X,"2800 Tucker Rd, Nashville",(615) 256-2729,Mass,7:15 AM,,Holy Mass and Communion Service,english,ST. PIUS X ACADEMY AND CHURCH,
"Thu, Mar 05, 2026",2026-03-05,Thursday,St. Pius X Church,"2800 Tucker Rd, Nashville",+1-615-244-4093,Mass,7:15 AM,,Mass,english,ST. PIUS X ACADEMY AND CHURCH,
"Thu, Mar 05, 2026",2026-03-05,Thursday,St. Rose of Lima Catholic Church,"1601 N Tennessee Blvd, Murfreesboro",(615) 893-1843,Mass,7:00 AM,,Mass,English,,
"Thu, Mar 05, 2026",2026-03-05,Thursday,St. Stephen,"14544 Lebanon Rd, Old Hickory",(615) 758-2424,Mass,8:00 AM,,Mass,english,Saint Stephen Catholic Community,
"Thu, Mar 05, 2026",2026-03-05,Thursday,St. Stephen,"7111 Lee Hwy, Chattanooga",(423) 892-1261,Mass,8:30 AM,,Mass,english,St. Stephen Catholic Church,
"Thu, Mar 05, 2026",2026-03-05,Thursday,St. Therese of Lisieux,"900 Clingan Ridge Dr NW, Cleveland",(423) 476-8123,Mass,8:30 AM,,Mass,english,,
"Thu, Mar 05, 2026",2026-03-05,Thursday,St. Thomas Aquinas,"421 N Washington Ave, Cookeville",(931) 526-2575,Mass,5:30 PM,,Mass,english,,
"Thu, Mar 05, 2026",2026-03-05,Thursday,St. Thomas Aquinas,"421 N Washington Ave, Cookeville",(931) 526-2575,Mass,8:00 AM,,Mass,english,,
"Thu, Mar 05, 2026",2026-03-05,Thursday,St. Thomas the Apostle,"1580 St Thomas Way, Lenoir City",(865) 986-9885,Mass,8:30 AM,,Mass,english,Saint Thomas the Apostle,
"Thu, Mar 05, 2026",2026-03-05,Thursday,St. Vincent de Paul,"1700 Heiman St, Nashville",(615) 320-0695 (Ext 100),Mass,9:00 AM,,Mass,english,,
"Thu, Mar 05, 2026",2026-03-05,Thursday,St. William,"4932 Easley St, Millington",(901) 872-4099,Mass,11:30 AM,,Mass,English,St. William Catholic Church,
"Thu, Mar 05, 2026",2026-03-05,Thursday,St. William,"765 Andrews Rd, Murphy",(828) 837-2000,Mass,5:00 PM,,Mass,english,St. William Catholic Church,
"Thu, Mar 05, 2026",2026-03-05,Thursday,St. William,"500 S Brittain St, Shelbyville",19316848745,Mass,7:00 PM,,Mass,spanish,St Joseph Chapel,
"Thu, Mar 05, 2026",2026-03-05,Thursday,Sts. Peter and Paul,"902 E 9th St, Hopkinsville",(270) 885-8522,Mass,8:00 AM,,Mass,english,,
"Thu, Mar 05, 2026",2026-03-05,Thursday,The Cathedral of the Most Sacred Heart of Jesus,"711 S Northshore Dr, Knoxville",(865) 588-0249,Mass,12:00 PM,,Mass,English,,
"Thu, Mar 05, 2026",2026-03-05,Thursday,The Cathedral of the Most Sacred Heart of Jesus,"711 S Northshore Dr, Knoxville",(865) 588-0249,Mass,8:05 AM,,Mass,English,,livestream
"Thu, Mar 05, 2026",2026-03-05,Thursday,Assumption,"1227 7th Ave N, Nashville",(615) 256-2729,Confession,6:00 PM,,Confession,English,,
"Thu, Mar 05, 2026",2026-03-05,Thursday,Basilica of Sts. Peter and Paul,"214 E 8th St, Chattanooga",(423) 266-1618,Confession,11:30 AM,12:00 PM,Confession,English,Basilica,
"Thu, Mar 05, 2026",2026-03-05,Thursday,Basilica of Sts. Peter and Paul,"214 E 8th St, Chattanooga",(423) 266-1618,Confession,TBD,,Confessions,English,,30 minutes before each Mass except the 7am
"Thu, Mar 05, 2026",2026-03-05,Thursday,Cathedral of the Incarnation,"2015 W End Ave, Nashville",(615) 327-2330,Confession,11:00 AM,12:00 PM,Confession,English,Cathedral,
"Thu, Mar 05, 2026",2026-03-05,Thursday,Catholic Student Center -UM,"3625 Mynders Ave, Memphis",(901) 323-3051,Confession,4:00 PM,4:30 PM,Confession,English,Catholic Student Center,
"Thu, Mar 05, 2026",2026-03-05,Thursday,Christ the King,"820 E Main St, Abingdon",(276) 628-2941,Confession,5:30 PM,6:30 PM,Reconciliation/Confession,English,Christ the King Parish,
"Thu, Mar 05, 2026",2026-03-05,Thursday,Christ the King Catholic Church,"785 Church Rd W, Southaven",+1-662-342-1073,Confession,5:00 PM,5:30 PM,Confession,English,"Mary, Queen of Peace Chapel Confessional",
"Thu, Mar 05, 2026",2026-03-05,Thursday,Christ the Redeemer,"1515 Woodland Dr, Centerville",(931) 729-4669,Confession,5:30 AM,6:30 AM,Confession and Adoration,English,,before Mass; Thursdays
"Thu, Mar 05, 2026",2026-03-05,Thursday,Holy Ghost,"1041 N Central St, Knoxville",(865) 522-2205,Confession,5:00 PM,7:30 PM,Confession,English,,note: during silent Adoration
"Thu, Mar 05, 2026",2026-03-05,Thursday,Holy Rosary,"192 Graylynn Dr, Nashville",(615) 889-4065,Confession,5:00 PM,,Confessions,English,,
"Thu, Mar 05, 2026",2026-03-05,Thursday,Immaculate Conception,"414 W Vine Ave, Knoxville",(865) 522-1508,Confession,11:00 AM,12:00 PM,Confession,english,Immaculate Conception,
"Thu, Mar 05, 2026",2026-03-05,Thursday,Immaculate Conception,"414 W Vine Ave, Knoxville",(865) 522-1508,Confession,11:30 AM,12:00 PM,Confession,english,Immaculate Conception,
"Thu, Mar 05, 2026",2026-03-05,Thursday,Mission of St. John Paul II,"161 Bryan Ln, Rutledge",(865) 992-7222,Confession,5:30 PM,,Confession,English,Adoration Chapel,
"Thu, Mar 05, 2026",2026-03-05,Thursday,National Shrine of St. Martin de Porres,"190 Adams Ave, Memphis",(901) 527-8282,Confession,11:30 AM,12:00 PM,Confession,English,St. Martin de Porres Shrine Chapel,
"Thu, Mar 05, 2026",2026-03-05,Thursday,Nativity,"5955 St Elmo Rd, Bartlett",(901) 382-2504,Confession,6:00 PM,8:00 PM,Confession,English,,
"Thu, Mar 05, 2026",2026-03-05,Thursday,Our Lady of Guadalupe,"3112 Nolensville Rd, Nashville",615-333-8660,Confession,5:00 PM,7:00 PM,Confession,English,,
"Thu, Mar 05, 2026",2026-03-05,Thursday,Our Lady of Guadalupe,"82 Lambert Branch Rd, Cherokee",(828) 488-6766,Confession,7:10 PM,8:00 PM,Confessions,English,OLG,
"Thu, Mar 05, 2026",2026-03-05,Thursday,Our Lady of Sorrows,"3700 Thomas St, Memphis",(901) 353-1530,Confession,7:00 PM,8:00 PM,Confession,spanish,,
"Thu, Mar 05, 2026",2026-03-05,Thursday,Our Lady of the Lake,"1729 Stop 30 Rd, Hendersonville",(615) 824-3276,Confession,5:30 AM,,Reconciliation,English,,
"Thu, Mar 05, 2026",2026-03-05,Thursday,Our Lady of the Lake,"1729 Stop 30 Rd, Hendersonville",(615) 824-3276,Confession,8:15 AM,,Reconciliation,English,,
"Thu, Mar 05, 2026",2026-03-05,Thursday,St Alphonsus Catholic Church,"151 St Alphonsus Way, Crossville",+1-931-484-2358,Confession,7:30 AM,8:15 AM,Confession,English,,
"Thu, Mar 05, 2026",2026-03-05,Thursday,St Elizabeth Ann Seton Church,"755 Hwy 49, Tennessee Ridge",(931) 721-3769,Confession,8:30 AM,9:30 AM,Confession,English,,Confessions also heard by appointment.
"Thu, Mar 05, 2026",2026-03-05,Thursday,St Therese-Little Flower,"1644 Jackson Ave, Memphis",(901) 276-1412,Confession,3:30 PM,4:00 PM,Confession,spanish,"Blessed Sacrament, 2564 Hale Ave, Memphis, TN",
"Thu, Mar 05, 2026",2026-03-05,Thursday,St Therese-Little Flower,"1644 Jackson Ave, Memphis",(901) 276-1412,Confession,5:00 PM,7:00 PM,Confession,spanish,"Blessed Sacrament, 2564 Hale Ave, Memphis, TN",
"Thu, Mar 05, 2026",2026-03-05,Thursday,St. Alphonsus,"151 St Alphonsus Way, Crossville",(931) 484-2358,Confession,7:30 AM,8:15 AM,Confession,English,Saint Alphonsus Catholic Church,
"Thu, Mar 05, 2026",2026-03-05,Thursday,St. Alphonsus,"1225 Hwy 51 S, Covington",(901) 476-8140,Confession,8:30 AM,,Confession,English,St. Alphonsus,note: after 08:00 Mass
"Thu, Mar 05, 2026",2026-03-05,Thursday,St. Andrew the Apostle,"149 Brook St, Mars Hill",(828) 689-3719,Confession,TBD,,Confession,English,St. Andrew,after Mass
"Thu, Mar 05, 2026",2026-03-05,Thursday,St. Ann,"5101 Charlotte Ave, Nashville",(615) 298-1782,Confession,7:00 AM,7:40 AM,Confession,English,Confessional room,
"Thu, Mar 05, 2026",2026-03-05,Thursday,St. Anne,"316 Euclid Ave, Bristol",(276) 669-8200,Confession,5:00 PM,6:00 PM,Confession,English,,
"Thu, Mar 05, 2026",2026-03-05,Thursday,St. Anthony,"967 E Main St, Blue Ridge",(706) 632-5970,Confession,6:00 PM,,Adoration and Confessions,English,Adoration Chapel,Thursday (before First Friday); adoration; confession
"Thu, Mar 05, 2026",2026-03-05,Thursday,St. Augustine,"1716 Anderson Pike, Signal Mountain",(423) 886-3424,Confession,7:00 AM,8:00 AM,Sacrament of Reconciliation,English,,Or By Appointment
"Thu, Mar 05, 2026",2026-03-05,Thursday,St. Catherine,"3019 Cayce Ln, Columbia",(931) 388-3803,Confession,6:00 PM,6:55 PM,Confession,spanish,Saint Catherine of Siena Catholic Church,
"Thu, Mar 05, 2026",2026-03-05,Thursday,St. Edward,"188 Thompson Ln, Nashville",(615)-833-5520,Confession,7:00 AM,7:45 AM,Confession,English,,
"Thu, Mar 05, 2026",2026-03-05,Thursday,St. Edward,"188 Thompson Ln, Nashville",(615)-833-5520,Confession,7:00 AM,7:45 AM,Adoration & Confession,English,,
"Thu, Mar 05, 2026",2026-03-05,Thursday,St. Elizabeth of the Hill Country,"259 Pilgrims Way, Boone",(828) 264-8338,Confession,9:00 AM,9:25 AM,Confession,English,St. Elizabeth,
"Thu, Mar 05, 2026",2026-03-05,Thursday,St. John Vianney,"449 N Water St, Gallatin",(615) 452-2977,Confession,11:30 AM,11:50 AM,Confession,English,,
"Thu, Mar 05, 2026",2026-03-05,Thursday,St. Joseph,"203 Plum St, Florence",(256) 764-3303,Confession,5:30 PM,6:30 PM,Reconciliation,English,,
"Thu, Mar 05, 2026",2026-03-05,Thursday,St. Joseph,"203 Plum St, Florence",(256) 764-3303,Confession,7:00 PM,8:00 PM,Reconciliation,English,,Thursday (before First Friday); during the musical holy hour
"Thu, Mar 05, 2026",2026-03-05,Thursday,St. Joseph the Worker,"649 Old Tellico Hwy N, Madisonville",(423) 442-7273,Confession,8:00 AM,,Sacrament of Penance,English,St. Joseph the Worker Catholic Church,and by appointment
"Thu, Mar 05, 2026",2026-03-05,Thursday,St. Lawrence,"5655 Clarksville Hwy, Joelton",(615) 876-2127,Confession,4:15 PM,4:45 PM,Confession,English,Saint Lawrence,
"Thu, Mar 05, 2026",2026-03-05,Thursday,St. Mary of the Seven Sorrows,"328 Rep John Lewis Way N, Nashville",(615) 561-1704,Confession,11:30 AM,,Confession,English,,
"Thu, Mar 05, 2026",2026-03-05,Thursday,St. Michael,"3863 Summer Ave, Memphis",(901) 323-0896,Confession,6:00 PM,7:30 PM,Confession,English,,
"Thu, Mar 05, 2026",2026-03-05,Thursday,St. Michael,"2751 County Rd 30, Florence",(256) 764-1885,Confession,9:30 AM,3:30 PM,Confession,English,St. Michael's Catholic Church,
"Thu, Mar 05, 2026",2026-03-05,Thursday,St. Patrick,"1219 Second Ave S, Nashville",(615) 256-6498,Confession,6:15 AM,6:50 AM,Confessions,English,,
"Thu, Mar 05, 2026",2026-03-05,Thursday,St. Rose of Lima Catholic Church,"1601 N Tennessee Blvd, Murfreesboro",(615) 893-1843,Confession,6:30 PM,8:00 PM,Confession,English,,
"Thu, Mar 05, 2026",2026-03-05,Thursday,St. Thomas Aquinas,"421 N Washington Ave, Cookeville",(931) 526-2575,Confession,4:30 PM,5:20 PM,Confession,English,,Thursday (before First Friday); When UCAT TN Tech in Session
"Thu, Mar 05, 2026",2026-03-05,Thursday,St. William,"500 S Brittain St, Shelbyville",19316848745,Confession,5:45 PM,6:45 PM,Confession,English,,
"Thu, Mar 05, 2026",2026-03-05,Thursday,Assumption,"1227 7th Ave N, Nashville",(615) 256-2729,Adoration,6:00 PM,,Adoration,English,,Thursday (before First Friday)
"Thu, Mar 05, 2026",2026-03-05,Thursday,Catholic Student Center -UM,"3625 Mynders Ave, Memphis",(901) 323-3051,Adoration,3:30 PM,4:30 PM,Adoration,English,Catholic Student Center,Available according to University Schedule
"Thu, Mar 05, 2026",2026-03-05,Thursday,Chapel of St. Cecilia,"801 Dominican Dr, Nashville",16152565486,Adoration,2:00 PM,,Exposition and Adoration,English,Chapel,exposition; adoration
"Thu, Mar 05, 2026",2026-03-05,Thursday,Christ the King,"820 E Main St, Abingdon",(276) 628-2941,Adoration,9:00 AM,7:00 PM,Adoration,English,Christ the King Parish,exposition
"Thu, Mar 05, 2026",2026-03-05,Thursday,Christ the King Catholic Church,"785 Church Rd W, Southaven",+1-662-342-1073,Adoration,9:00 AM,9:00 PM,Adoration,English,"Mary, Queen of Peace Chapel",exposition
"Thu, Mar 05, 2026",2026-03-05,Thursday,Holy Ghost,"1041 N Central St, Knoxville",(865) 522-2205,Adoration,5:00 PM,7:30 PM,Adoration,English,,exposition; note: silent
"Thu, Mar 05, 2026",2026-03-05,Thursday,Holy Rosary,"192 Graylynn Dr, Nashville",(615) 889-4065,Adoration,5:00 PM,6:00 PM,Adoration,English,,
"Thu, Mar 05, 2026",2026-03-05,Thursday,Mission of St. John Paul II,"161 Bryan Ln, Rutledge",(865) 992-7222,Adoration,7:00 PM,8:00 PM,Adoration,English,Adoration Chapel,Thursday (before First Friday)
"Thu, Mar 05, 2026",2026-03-05,Thursday,Nativity,"5955 St Elmo Rd, Bartlett",(901) 382-2504,Adoration,6:00 PM,8:00 PM,Adoration,English,,exposition
"Thu, Mar 05, 2026",2026-03-05,Thursday,Notre Dame,"212 Mount Bethel Rd, Greeneville",(423) 639-9381,Adoration,7:00 PM,8:00 PM,Adoration,spanish,,exposition
"Thu, Mar 05, 2026",2026-03-05,Thursday,Notre Dame Catholic Church,"212 Mt Bethel Rd, Greeneville",+1-423-639-9381,Adoration,7:00 PM,8:00 PM,Adoration,spanish,Notre Dame,exposition
"Thu, Mar 05, 2026",2026-03-05,Thursday,Our Lady of Guadalupe,"82 Lambert Branch Rd, Cherokee",(828) 488-6766,Adoration,7:00 PM,8:00 PM,Eucharistic Adoration,spanish,Our Lady of Guadalupe,exposition
"Thu, Mar 05, 2026",2026-03-05,Thursday,Our Lady of Lourdes,"704 Holly Ave, South Pittsburg",(423) 837-7068,Adoration,7:30 AM,,Adoration,English,,after Mass
"Thu, Mar 05, 2026",2026-03-05,Thursday,Our Lady of Sorrows,"3700 Thomas St, Memphis",(901) 353-1530,Adoration,7:00 PM,8:00 PM,Adoration,spanish,,
"Thu, Mar 05, 2026",2026-03-05,Thursday,Our Lady of the Shoals,"200 E Commons St N, Tuscumbia",(256) 383-7207,Adoration,TBD,,Adoration,English,,30 minutes before weekday masses; exposition
"Thu, Mar 05, 2026",2026-03-05,Thursday,Saint Francis of Assisi Catholic Church,"7503 Peavine Rd, Crossville",+1-931-484-3628,Adoration,7:30 AM,8:00 AM,Adoration,English,,tags: exposition
"Thu, Mar 05, 2026",2026-03-05,Thursday,St Alphonsus Catholic Church,"151 St Alphonsus Way, Crossville",+1-931-484-2358,Adoration,7:30 AM,8:15 AM,Adoration,English,,
"Thu, Mar 05, 2026",2026-03-05,Thursday,St Elizabeth Ann Seton Church,"755 Hwy 49, Tennessee Ridge",(931) 721-3769,Adoration,8:30 AM,9:30 AM,Adoration,English,,exposition
"Thu, Mar 05, 2026",2026-03-05,Thursday,St Therese-Little Flower,"1644 Jackson Ave, Memphis",(901) 276-1412,Adoration,5:00 PM,7:00 PM,Adoration,English,,
"Thu, Mar 05, 2026",2026-03-05,Thursday,St. Alphonsus,"151 St Alphonsus Way, Crossville",(931) 484-2358,Adoration,7:30 AM,8:15 AM,Adoration,English,Saint Alphonsus Catholic Church,exposition
"Thu, Mar 05, 2026",2026-03-05,Thursday,St. Alphonsus,"1225 Hwy 51 S, Covington",(901) 476-8140,Adoration,8:30 AM,,Adoration,English,St. Alphonsus,exposition; note: after 08:00 Mass
"Thu, Mar 05, 2026",2026-03-05,Thursday,St. Andrew the Apostle,"149 Brook St, Mars Hill",(828) 689-3719,Adoration,8:00 AM,9:00 AM,Adoration,English,St. Andrew,exposition
"Thu, Mar 05, 2026",2026-03-05,Thursday,St. Augustine,"1716 Anderson Pike, Signal Mountain",(423) 886-3424,Adoration,7:00 AM,8:00 AM,Adoration,English,,
"Thu, Mar 05, 2026",2026-03-05,Thursday,St. Elizabeth of the Hill Country,"259 Pilgrims Way, Boone",(828) 264-8338,Adoration,10:00 AM,7:00 PM,Adoration,English,St. Elizabeth,exposition
"Thu, Mar 05, 2026",2026-03-05,Thursday,St. Frances Cabrini,"300 S Tarver Ave, Lebanon",(615) 444-0524,Adoration,6:00 PM,,Adoration,English,,exposition
"Thu, Mar 05, 2026",2026-03-05,Thursday,St. Frances Cabrini,"300 S Tarver Ave, Lebanon",(615) 444-0524,Adoration,7:00 AM,,Adoration,English,,exposition
"Thu, Mar 05, 2026",2026-03-05,Thursday,St. Francis of Assisi,"7600 Russellville Rd, Guthrie",(270) 265-5263,Adoration,10:00 AM,12:00 PM,Adoration,English,,
"Thu, Mar 05, 2026",2026-03-05,Thursday,St. Francis of Assisi,"7503 Peavine Rd, Fairfield Glade",(931) 484-3628,Adoration,7:30 AM,8:00 AM,Adoration,English,,exposition
"Thu, Mar 05, 2026",2026-03-05,Thursday,St. Gerard Majella,"3049 Lafayette Rd, Fort Oglethorpe",(706) 861-9410,Adoration,7:30 AM,9:00 AM,Adoration,English,Saint Gerard Majella Catholic Church,exposition
"Thu, Mar 05, 2026",2026-03-05,Thursday,St. Ignatius of Antioch,"601 Bell Rd, Nashville",615-367-0085,Adoration,7:45 AM,8:45 AM,Eucharist Adoration,English,,
"Thu, Mar 05, 2026",2026-03-05,Thursday,St. Joseph,"316 Main St, Bryson City",(828) 488-6766,Adoration,6:00 PM,7:00 PM,Adoration & Benediction,spanish,,Every; adoration; benediction
"Thu, Mar 05, 2026",2026-03-05,Thursday,St. Joseph,"203 Plum St, Florence",(256) 764-3303,Adoration,7:00 PM,8:00 PM,Adoration of the Blessed Sacrament,English,,Thursday (before First Friday); Musical Holy Hour
"Thu, Mar 05, 2026",2026-03-05,Thursday,St. Joseph,"203 Plum St, Florence",(256) 764-3303,Adoration,8:00 AM,7:00 PM,Adoration of the Blessed Sacrament,English,,Every
"Thu, Mar 05, 2026",2026-03-05,Thursday,St. Louis,"203 S White Station Rd, Memphis",(901) 255-1950,Adoration,6:00 AM,10:00 PM,Adoration,English,,
"Thu, Mar 05, 2026",2026-03-05,Thursday,St. Martha,"3331 Bell St, Ashland City",615-792-4255,Adoration,6:30 PM,8:30 AM,Adoration,English,Adoration Chapel,Thursday (before First Friday); exposition
"Thu, Mar 05, 2026",2026-03-05,Thursday,St. Mary,"403 N Main St, Franklin",(270) 586-4515 or (270) 253-3230 (Rectory),Adoration,8:30 AM,10:00 PM,Adoration,English,,
"Thu, Mar 05, 2026",2026-03-05,Thursday,St. William,"500 S Brittain St, Shelbyville",19316848745,Adoration,5:45 PM,7:00 PM,Adoration,English,,
"Thu, Mar 05, 2026",2026-03-05,Thursday,Basilica of Sts. Peter and Paul,"214 E 8th St, Chattanooga",(423) 266-1618,Devotions,5:00 PM,,Vespers,english,Basilica,
"Thu, Mar 05, 2026",2026-03-05,Thursday,Chapel of St. Cecilia,"801 Dominican Dr, Nashville",16152565486,Devotions,5:30 PM,6:00 PM,Vespers,English,,
"Thu, Mar 05, 2026",2026-03-05,Thursday,Chapel of St. Cecilia,"801 Dominican Dr, Nashville",16152565486,Devotions,6:00 PM,6:30 PM,Rosary,English,,
"Thu, Mar 05, 2026",2026-03-05,Thursday,Good Shepherd,"2361 Cosby Hwy, Newport",(423) 623-5051,Devotions,10:00 AM,,Rosary,english,Church of the Good Shepherd,
"Thu, Mar 05, 2026",2026-03-05,Thursday,Holy Spirit,"2300 Hickory Crest Dr, Memphis",(901) 754-7146,Devotions,TBD,,Rosary,English,Chapel,after
"Thu, Mar 05, 2026",2026-03-05,Thursday,Holy Trinity,"610 Kimmins St, Hohenwald",(931) 796-3738,Devotions,4:30 PM,,Rosary,English,Holy Trinity,
"Thu, Mar 05, 2026",2026-03-05,Thursday,Queen of Peace,"8455 Germantown Rd, Olive Branch",(662) 895-5007,Devotions,9:00 AM,,Rosary,English,,
"Thu, Mar 05, 2026",2026-03-05,Thursday,St. Alphonsus,"1225 Hwy 51 S, Covington",(901) 476-8140,Devotions,8:00 AM,,Rosary,english,St. Alphonsus,
"Thu, Mar 05, 2026",2026-03-05,Thursday,St. Frances Cabrini,"300 S Tarver Ave, Lebanon",(615) 444-0524,Devotions,7:30 AM,,Rosary,English,,
"Thu, Mar 05, 2026",2026-03-05,Thursday,St. Gerard Majella,"3049 Lafayette Rd, Fort Oglethorpe",(706) 861-9410,Devotions,8:30 AM,,Recitation of the Rosary,English,Saint Gerard Majella Catholic Church,
"Thu, Mar 05, 2026",2026-03-05,Thursday,St. Rose of Lima Catholic Church,"1601 N Tennessee Blvd, Murfreesboro",(615) 893-1843,Devotions,6:30 AM,,Rosary,English,,
"Thu, Mar 05, 2026",2026-03-05,Thursday,St. Therese of Lisieux,"900 Clingan Ridge Dr NW, Cleveland",(423) 476-8123,Devotions,9:00 AM,,Rosary,English,Adoration Chapel,note: following 08:30 Mass
"Thu, Mar 05, 2026",2026-03-05,Thursday,Community of the Holy Spirit,"384 Eagle Ridge Dr, Jonesville",(276) 346-0269,Education,6:30 PM,,Bible Study,English,,after Mass; after Mass
"Thu, Mar 05, 2026",2026-03-05,Thursday,Our Lady of Guadalupe,"82 Lambert Branch Rd, Cherokee",(828) 488-6766,Education,12:30 PM,1:30 PM,Faith Formation for Adults,English,,
"Thu, Mar 05, 2026",2026-03-05,Thursday,Ascension,"3680 Ramill Rd, Memphis",(901) 372-1364,Other,6:30 PM,8:00 PM,P.R.E. Times,bilingual,,note: August – May
"Thu, Mar 05, 2026",2026-03-05,Thursday,Holy Trinity,"610 Kimmins St, Hohenwald",(931) 796-3738,Other,5:00 PM,,Holy Liturgy,english,Holy Trinity,
"Thu, Mar 05, 2026",2026-03-05,Thursday,Memphis VA Medical Center,"116 N Pauline St, Memphis","800-636-8262, ext. 17326",Other,12:30 PM,,Worship services,English,,no location specified
"Thu, Mar 05, 2026",2026-03-05,Thursday,Our Lady of Sorrows,"3700 Thomas St, Memphis",(901) 353-1530,Other,7:00 PM,8:00 PM,Kids Cenacle of Prayer,spanish,,Thursday (before First Friday)
"Thu, Mar 05, 2026",2026-03-05,Thursday,Sagrado Corazón,"2800 McGavock Pike, Nashville",(615) 391-3714,Other,6:00 PM,,Hora Santa,English,Sagrado Corazón de Jesús,
"Thu, Mar 05, 2026",2026-03-05,Thursday,The Catholic Community of The Sacred Heart of Jesus," Building# 5875 Desert Storm Ave, Fort Campbell",270-798-2352,Other,11:45 AM,,Catholic Worship Services,English,5875 - Soldiers Chapel,
"Thu, Mar 05, 2026",2026-03-05,Thursday,Vietnamese Parish of Divine Mercy,"10919 Carmichael Rd, Knoxville",(865) 766-2091,Other,8:00 AM,,Lễ,English,,
"Thu, Mar 05, 2026",2026-03-05,Thursday,Notre Dame,"212 Mount Bethel Rd, Greeneville",(423) 639-9381,Sacraments,8:30 AM,,Communion Service,english,Notre Dame Catholic Church,recurring: Jan 13 – Feb 13; 2026
"Thu, Mar 05, 2026",2026-03-05,Thursday,St. Lawrence,"5655 Clarksville Hwy, Joelton",(615) 876-2127,Private,9:00 AM,4:00 PM,Church Open for Prayer,English,Saint Lawrence,
"Fri, Mar 06, 2026",2026-03-06,Friday,All Saints,"620 N Cedar Bluff Rd, Knoxville",(865) 531-0770,Mass,6:30 AM,,Mass,english,620 N Cedar Bluff Rd,
"Fri, Mar 06, 2026",2026-03-06,Friday,All Saints,"620 N Cedar Bluff Rd, Knoxville",(865) 531-0770,Mass,9:00 AM,,Mass,english,620 N Cedar Bluff Rd,
"Fri, Mar 06, 2026",2026-03-06,Friday,Ascension,"3680 Ramill Rd, Memphis",(901) 372-1364,Mass,6:30 PM,,Mass,spanish,,
"Fri, Mar 06, 2026",2026-03-06,Friday,Assumption,"1227 7th Ave N, Nashville",(615) 256-2729,Mass,7:00 AM,,Low Mass,latin,,
"Fri, Mar 06, 2026",2026-03-06,Friday,Ave Maria,"664 S Washington St (TN-209), Ripley",(731)589-8302,Mass,12:00 PM,,Mass,english,,
"Fri, Mar 06, 2026",2026-03-06,Friday,Ave Maria,"664 S Washington St (TN-209), Ripley",(731)589-8302,Mass,12:00 PM,,Mass and Devotion,english,,
"Fri, Mar 06, 2026",2026-03-06,Friday,Basilica of Sts. Peter and Paul,"214 E 8th St, Chattanooga",(423) 266-1618,Mass,12:00 PM,,Mass,english,Basilica,
"Fri, Mar 06, 2026",2026-03-06,Friday,Basilica of Sts. Peter and Paul,"214 E 8th St, Chattanooga",(423) 266-1618,Mass,7:00 AM,,Mass,english,Basilica,
"Fri, Mar 06, 2026",2026-03-06,Friday,Blessed Sacrament,"535 Margrave Dr, Harriman",(865) 882-9838,Mass,6:00 PM,,Mass,english,Blessed Sacrament,
"Fri, Mar 06, 2026",2026-03-06,Friday,Cathedral of the Immaculate Conception,"1669 Central Ave, Memphis",(901) 725-2700,Mass,12:00 PM,,Mass,English,,
"Fri, Mar 06, 2026",2026-03-06,Friday,Cathedral of the Immaculate Conception,"1669 Central Ave, Memphis",(901) 725-2700,Mass,6:30 AM,,Mass,English,,
"Fri, Mar 06, 2026",2026-03-06,Friday,Cathedral of the Incarnation,"2015 W End Ave, Nashville",(615) 327-2330,Mass,12:10 PM,,Mass,English,Cathedral,
"Fri, Mar 06, 2026",2026-03-06,Friday,Cathedral of the Incarnation,"2015 W End Ave, Nashville",(615) 327-2330,Mass,7:00 AM,,Mass,English,Cathedral,
"Fri, Mar 06, 2026",2026-03-06,Friday,Catholic Church of the Nativity,"2793 Buckner Ln, Thompson's Station",+1-615-794-4004,Mass,9:00 AM,,Mass,English,,exception: not 7 days/week
"Fri, Mar 06, 2026",2026-03-06,Friday,Christ the King,"3001 Belmont Blvd, Nashville",(615) 292-2884,Mass,12:00 PM,,Mass,english,,
"Fri, Mar 06, 2026",2026-03-06,Friday,Christ the King,"820 E Main St, Abingdon",(276) 628-2941,Mass,12:10 PM,,Mass,English,Christ the King Parish,
"Fri, Mar 06, 2026",2026-03-06,Friday,Christ the King,"785 Church Rd W, Southaven",(662) 342-1073,Mass,7:00 PM,,Spanish Mass followed by Adoration,spanish,,adoration
"Fri, Mar 06, 2026",2026-03-06,Friday,Corpus Christi SSPX Chapel,"130 Old Liberty Pike, Franklin",+1-615-791-8776,Mass,6:30 PM,,Low Mass,English,,
"Fri, Mar 06, 2026",2026-03-06,Friday,Good Samaritan,"55 Church St, Ellijay",(706) 636-2772,Mass,7:00 PM,,Mass,spanish,,
"Fri, Mar 06, 2026",2026-03-06,Friday,Good Shepherd,"2361 Cosby Hwy, Newport",(423) 623-5051,Mass,10:00 AM,,Mass,english,Church of the Good Shepherd,
"Fri, Mar 06, 2026",2026-03-06,Friday,Good Shepherd,"2021 Decherd Blvd, Decherd",(931) 967-0961,Mass,9:00 AM,,Mass,English,Good Shepherd Church,
"Fri, Mar 06, 2026",2026-03-06,Friday,Holy Angels,"535 Tucker St, Dyersburg",(731) 287-8000,Mass,12:00 PM,,Mass,english,,
"Fri, Mar 06, 2026",2026-03-06,Friday,Holy Angels,"535 Tucker St, Dyersburg",(731) 287-8000,Mass,12:00 PM,,Mass and Devotion,english,,
"Fri, Mar 06, 2026",2026-03-06,Friday,Holy Cross,"1210 E Wood St, Paris",(731) 642-4681,Mass,12:00 PM,,Mass,English,,
"Fri, Mar 06, 2026",2026-03-06,Friday,Holy Cross,"144 Wears Valley Rd, Pigeon Forge",865-429-5587,Mass,12:00 PM,,Mass,english,,
"Fri, Mar 06, 2026",2026-03-06,Friday,Holy Family,"201 Black Oak Ridge Rd, Seymour",(865) 573-1203,Mass,12:00 PM,,Mass,english,,
"Fri, Mar 06, 2026",2026-03-06,Friday,Holy Family,"201 Black Oak Ridge Rd, Seymour",(865) 573-1203,Mass,12:00 PM,,Mass,English,,Sept-May
"Fri, Mar 06, 2026",2026-03-06,Friday,Holy Family,"431 Old Hwy 52, Lafayette",(615) 666-6466,Mass,4:30 PM,,Mass,english,"Holy Family catholic church, Lafayette, TN",
"Fri, Mar 06, 2026",2026-03-06,Friday,Holy Family,"201 Black Oak Ridge Rd, Seymour",(865) 573-1203,Mass,8:30 AM,,Mass,english,,
"Fri, Mar 06, 2026",2026-03-06,Friday,Holy Family,"9100 Crockett Rd, Brentwood",(615) 373-4696,Mass,9:00 AM,,Mass,English,,livestream
"Fri, Mar 06, 2026",2026-03-06,Friday,Holy Family Catholic Church,"201 Black Oak Ridge Rd, Seymour",+1-865-573-1203,Mass,12:00 PM,,Mass,english,,
"Fri, Mar 06, 2026",2026-03-06,Friday,Holy Family Catholic Church,"201 Black Oak Ridge Rd, Seymour",+1-865-573-1203,Mass,12:00 PM,,Mass,English,,
"Fri, Mar 06, 2026",2026-03-06,Friday,Holy Family Catholic Church,"201 Black Oak Ridge Rd, Seymour",+1-865-573-1203,Mass,8:30 AM,,Mass,english,,
"Fri, Mar 06, 2026",2026-03-06,Friday,Holy Ghost,"1041 N Central St, Knoxville",(865) 522-2205,Mass,6:30 AM,,Mass,English,,
"Fri, Mar 06, 2026",2026-03-06,Friday,Holy Ghost,"1041 N Central St, Knoxville",(865) 522-2205,Mass,8:00 AM,,Mass,English,,
"Fri, Mar 06, 2026",2026-03-06,Friday,Holy Name,"521 Woodland St, Nashville",(615) 254-8847,Mass,8:00 AM,,Mass,english,Church of the Most Holy Name,
"Fri, Mar 06, 2026",2026-03-06,Friday,Holy Rosary,"4851 Park Ave, Memphis",(901) 767-6949,Mass,6:15 AM,,Mass,English,,
"Fri, Mar 06, 2026",2026-03-06,Friday,Holy Rosary,"192 Graylynn Dr, Nashville",(615) 889-4065,Mass,7:00 AM,,Mass,English,,
"Fri, Mar 06, 2026",2026-03-06,Friday,Holy Rosary,"4851 Park Ave, Memphis",(901) 767-6949,Mass,7:00 PM,,Mass,English,,benediction
"Fri, Mar 06, 2026",2026-03-06,Friday,Holy Rosary,"4851 Park Ave, Memphis",(901) 767-6949,Mass,8:15 AM,,Mass,English,,
"Fri, Mar 06, 2026",2026-03-06,Friday,Holy Spirit,"10768 Dayton Pike, Soddy Daisy",(423) 332-5300,Mass,6:00 AM,,Mass,english,Holy Spirit,
"Fri, Mar 06, 2026",2026-03-06,Friday,Holy Spirit,"10768 Dayton Pike, Soddy Daisy",(423) 332-5300,Mass,6:00 AM,,Mass,English,Holy Spirit,
"Fri, Mar 06, 2026",2026-03-06,Friday,Holy Spirit,"2300 Hickory Crest Dr, Memphis",(901) 754-7146,Mass,6:30 AM,,Mass,English,,
"Fri, Mar 06, 2026",2026-03-06,Friday,Holy Spirit,"545 E Commerce St, Hernando",(662) 429-7851,Mass,8:00 AM,,Mass,english,,
"Fri, Mar 06, 2026",2026-03-06,Friday,Holy Spirit,"2300 Hickory Crest Dr, Memphis",(901) 754-7146,Mass,8:00 AM,,Mass,English,,
"Fri, Mar 06, 2026",2026-03-06,Friday,Holy Spirit Catholic Church,"10768 Dayton Pike, Soddy-Daisy",+1-423-332-5300,Mass,6:00 AM,,Mass,english,Holy Spirit,
"Fri, Mar 06, 2026",2026-03-06,Friday,Holy Spirit Catholic Church,"10768 Dayton Pike, Soddy-Daisy",+1-423-332-5300,Mass,6:00 AM,,Mass,english,Holy Spirit,
"Fri, Mar 06, 2026",2026-03-06,Friday,Immaculate Conception,"414 W Vine Ave, Knoxville",(865) 522-1508,Mass,12:10 PM,,Mass,english,Immaculate Conception,
"Fri, Mar 06, 2026",2026-03-06,Friday,Immaculate Conception,"709 Franklin St, Clarksville",(931) 645-6275,Mass,6:30 PM,,Mass,spanish,Capilla,
"Fri, Mar 06, 2026",2026-03-06,Friday,Immaculate Conception,"709 Franklin St, Clarksville",(931) 645-6275,Mass,7:00 AM,,Mass,english,Main Church,
"Fri, Mar 06, 2026",2026-03-06,Friday,Immaculate Conception,"1303 E Reelfoot Ave, Union City",(731) 885-0963,Mass,8:00 AM,,Mass,english,Immaculate Conception Catholic Church,
"Fri, Mar 06, 2026",2026-03-06,Friday,Incarnation,"360 Bray Station Rd, Collierville",(901) 853-7468 ,Mass,8:15 AM,,Mass,English,St. Therese Chapel,tags: chapel
"Fri, Mar 06, 2026",2026-03-06,Friday,Mission of St. John Paul II,"161 Bryan Ln, Rutledge",(865) 992-7222,Mass,6:00 PM,,Mass,english,,
"Fri, Mar 06, 2026",2026-03-06,Friday,Mission of St. John Paul II,"161 Bryan Ln, Rutledge",(865) 992-7222,Mass,9:00 AM,,Mass,english,,
"Fri, Mar 06, 2026",2026-03-06,Friday,Mission of St. Michael,"3553 S Carter Rd, Cedar Hill",(615) 384-6200,Mass,7:00 PM,,Spanish Mass,spanish,,
"Fri, Mar 06, 2026",2026-03-06,Friday,Mission of St. Michael,"3553 S Carter Rd, Cedar Hill",(615) 384-6200,Mass,8:30 AM,,Mass,English,Our Lady of Lourdes,
"Fri, Mar 06, 2026",2026-03-06,Friday,Mother Teresa ,"7668 Nolensville Rd (house on the hill ), Nolensville",(651) 283-3119,Mass,12:00 PM,,Mass,English,Parish Chapel,
"Fri, Mar 06, 2026",2026-03-06,Friday,National Shrine of St. Martin de Porres,"190 Adams Ave, Memphis",(901) 527-8282,Mass,12:05 PM,,Mass,english,St. Martin de Porres National Shrine Chapel,
"Fri, Mar 06, 2026",2026-03-06,Friday,Nativity,"5955 St Elmo Rd, Bartlett",(901) 382-2504,Mass,8:00 AM,,Mass,english,,
"Fri, Mar 06, 2026",2026-03-06,Friday,Nativity,"2793 Buckner Ln, Spring Hill",(615) 794-4004,Mass,9:00 AM,,Mass,english,,
"Fri, Mar 06, 2026",2026-03-06,Friday,Nativity,"2793 Buckner Ln, Spring Hill",(615) 794-4004,Mass,9:00 AM,,Mass,english,,
"Fri, Mar 06, 2026",2026-03-06,Friday,Notre Dame,"212 Mount Bethel Rd, Greeneville",(423) 639-9381,Mass,8:30 AM,,Mass,english,Notre Dame Catholic Church,
"Fri, Mar 06, 2026",2026-03-06,Friday,Notre Dame Catholic Church,"212 Mt Bethel Rd, Greeneville",+1-423-639-9381,Mass,8:30 AM,,Mass,english,Notre Dame,
"Fri, Mar 06, 2026",2026-03-06,Friday,Our Lady of Fatima,"858 Louisville Rd, Alcoa",(865) 982-3672,Mass,7:00 PM,,Mass,spanish,,
"Fri, Mar 06, 2026",2026-03-06,Friday,Our Lady of Fatima,"858 Louisville Rd, Alcoa",(865) 982-3672,Mass,8:00 AM,,Mass,english,,livestream
"Fri, Mar 06, 2026",2026-03-06,Friday,Our Lady of Guadalupe,"3112 Nolensville Rd, Nashville",615-333-8660,Mass,6:00 PM,,Mass,English,,
"Fri, Mar 06, 2026",2026-03-06,Friday,Our Lady of Lourdes,"704 Holly Ave, South Pittsburg",(423) 837-7068,Mass,7:30 AM,,Mass,English,,
"Fri, Mar 06, 2026",2026-03-06,Friday,Our Lady of Perpetual Help,"8151 Poplar Ave, Germantown",(901) 754-1204,Mass,12:00 PM,,Mass,English,chapel,livestream
"Fri, Mar 06, 2026",2026-03-06,Friday,Our Lady of Perpetual Help,"8151 Poplar Ave, Germantown",(901) 754-1204,Mass,6:15 AM,,Mass,English,chapel,livestream
"Fri, Mar 06, 2026",2026-03-06,Friday,Our Lady of Perpetual Help,"501 S Moore Rd, Chattanooga",(423) 622-7232,Mass,8:15 AM,,Daily Mass,english,,
"Fri, Mar 06, 2026",2026-03-06,Friday,Our Lady of Perpetual Help,"501 S Moore Rd, Chattanooga",+1-423-622-7232,Mass,8:15 AM,,Mass,english,,
"Fri, Mar 06, 2026",2026-03-06,Friday,Our Lady of Perpetual Help,"8151 Poplar Ave, Germantown",(901) 754-1204,Mass,8:15 AM,,Mass,English,chapel,livestream
"Fri, Mar 06, 2026",2026-03-06,Friday,Our Lady of Perpetual Help,"1142 E Elm St, Lafollette",(423) 562-0312,Mass,9:30 AM,,Mass,English,,
"Fri, Mar 06, 2026",2026-03-06,Friday,Our Lady of Sorrows,"3700 Thomas St, Memphis",(901) 353-1530,Mass,9:00 AM,,Mass,english,,
"Fri, Mar 06, 2026",2026-03-06,Friday,Our Lady of the Lake,"1729 Stop 30 Rd, Hendersonville",(615) 824-3276,Mass,6:30 AM,,Mass,English,,
"Fri, Mar 06, 2026",2026-03-06,Friday,Our Lady of the Lake,"1729 Stop 30 Rd, Hendersonville",(615) 824-3276,Mass,9:15 AM,,Mass,English,,
"Fri, Mar 06, 2026",2026-03-06,Friday,Our Lady of the Shoals,"200 E Commons St N, Tuscumbia",(256) 383-7207,Mass,5:30 PM,,Mass,english,main church building,note: outside of Lent
"Fri, Mar 06, 2026",2026-03-06,Friday,Our Lady of the Shoals,"200 E Commons St N, Tuscumbia",(256) 383-7207,Mass,6:30 PM,,Mass,spanish,chapel,chapel
"Fri, Mar 06, 2026",2026-03-06,Friday,Our Lady of the Shoals,"200 E Commons St N, Tuscumbia",(256) 383-7207,Mass,7:00 PM,,Mass,spanish,main church building,note: outside of Lent
"Fri, Mar 06, 2026",2026-03-06,Friday,Our Lady of the Shoals,"200 E Commons St N, Tuscumbia",(256) 383-7207,Mass,9:00 AM,,Mass,english,chapel,chapel
"Fri, Mar 06, 2026",2026-03-06,Friday,Queen of Peace,"8455 Germantown Rd, Olive Branch",(662) 895-5007,Mass,12:00 PM,,Mass,english,,
"Fri, Mar 06, 2026",2026-03-06,Friday,Sacred Heart,"296 W 6th St, Russellville",(270) 726-6963,Mass,11:00 AM,,Mass,English,Sacred Heart Catholic Church Russellville KY,
"Fri, Mar 06, 2026",2026-03-06,Friday,Sacred Heart,"20 Summit St, Burnsville",(828) 689-3719,Mass,7:00 PM,,Mass,spanish,Sacred Heart,
"Fri, Mar 06, 2026",2026-03-06,Friday,Sacred Heart,"2887 E Main St, Humboldt",(731) 618- 6758,Mass,8:00 AM,,Mass,English,Sacred Heart,
"Fri, Mar 06, 2026",2026-03-06,Friday,Sagrado Corazón,"2800 McGavock Pike, Nashville",(615) 391-3714,Mass,7:00 PM,,Mass,English,Sagrado Corazón De Jesús,
"Fri, Mar 06, 2026",2026-03-06,Friday,Saint Francis of Assisi Catholic Church,"7503 Peavine Rd, Crossville",+1-931-484-3628,Mass,8:00 AM,,Mass,english,,
"Fri, Mar 06, 2026",2026-03-06,Friday,Saint Francis of Assisi Catholic Church,"7503 Peavine Rd, Crossville",+1-931-484-3628,Mass,8:00 AM,,Mass,english,,
"Fri, Mar 06, 2026",2026-03-06,Friday,"Saint James the Apostle Catholic Church, Sneedville","Highway 33, Sneedville",+1-423-272-6897,Mass,12:00 PM,,Mass,English,,
"Fri, Mar 06, 2026",2026-03-06,Friday,St Albert the Great Catholic Church,"7200 Brickey Ln, Knoxville",+1-865-689-7011,Mass,9:00 AM,,Mass,English,,when schools are closed there will be no weekday morning Mass; all parish activities will be cancelled; and the office will be closed
"Fri, Mar 06, 2026",2026-03-06,Friday,St Alphonsus Catholic Church,"151 St Alphonsus Way, Crossville",+1-931-484-2358,Mass,8:30 AM,,Mass,english,,
"Fri, Mar 06, 2026",2026-03-06,Friday,St Francis of Assisi Church,"1489 Donelson Pkwy, Dover",(931) 232-9422,Mass,9:00 AM,,Mass,english,"Saint Francis of Assisi Church, Dover, TN",
"Fri, Mar 06, 2026",2026-03-06,Friday,St Joseph the Worker Catholic Church,"649 Old Tellico Hwy N, Madisonville",+1-423-442-7273,Mass,9:00 AM,,Mass,English,St. Joseph the Worker Catholic Church,
"Fri, Mar 06, 2026",2026-03-06,Friday,St Therese-Little Flower,"1644 Jackson Ave, Memphis",(901) 276-1412,Mass,6:00 PM,,Mass,English,,
"Fri, Mar 06, 2026",2026-03-06,Friday,St Therese-Little Flower,"1644 Jackson Ave, Memphis",(901) 276-1412,Mass,8:15 AM,,Mass,English,"Blessed Sacrament, 2564 Hale Ave, Memphis, TN",
"Fri, Mar 06, 2026",2026-03-06,Friday,St Therese-Little Flower,"1644 Jackson Ave, Memphis",(901) 276-1412,Mass,8:15 AM,,Mass,English,,
"Fri, Mar 06, 2026",2026-03-06,Friday,St. Albert the Great,"7200 Brickey Ln, Knoxville",(865) 689-7011,Mass,9:00 AM,,Mass,English,,when schools are closed there will be no weekday morning Mass; all parish activities will be cancelled; and the office will be closed
"Fri, Mar 06, 2026",2026-03-06,Friday,St. Alphonsus,"151 St Alphonsus Way, Crossville",(931) 484-2358,Mass,8:30 AM,,Mass,english,Saint Alphonsus Catholic Church,
"Fri, Mar 06, 2026",2026-03-06,Friday,St. Ann,"5101 Charlotte Ave, Nashville",(615) 298-1782,Mass,8:00 AM,,Mass,english,Church,
"Fri, Mar 06, 2026",2026-03-06,Friday,St. Anne,"706 S Highland St, Memphis",(901) 323-3817,Mass,12:00 PM,,Mass,english,,
"Fri, Mar 06, 2026",2026-03-06,Friday,St. Anne,"316 Euclid Ave, Bristol",(276) 669-8200,Mass,6:00 PM,,Mass,spanish,,
"Fri, Mar 06, 2026",2026-03-06,Friday,St. Anne,"316 Euclid Ave, Bristol",(276) 669-8200,Mass,8:30 AM,,Mass,English,,
"Fri, Mar 06, 2026",2026-03-06,Friday,St. Anthony,"967 E Main St, Blue Ridge",(706) 632-5970,Mass,12:00 PM,,Mass,English,Adoration Chapel,
"Fri, Mar 06, 2026",2026-03-06,Friday,St. Anthony,"967 E Main St, Blue Ridge",(706) 632-5970,Mass,12:00 PM,,Mass,English,Adoration Chapel,
"Fri, Mar 06, 2026",2026-03-06,Friday,St. Anthony,"1900 Huntsville Hwy, Fayetteville",(931) 433-6525,Mass,9:00 AM,,Mass,English,,
"Fri, Mar 06, 2026",2026-03-06,Friday,St. Augustine,"1716 Anderson Pike, Signal Mountain",(423) 886-3424,Mass,8:15 AM,,Mass,English,,
"Fri, Mar 06, 2026",2026-03-06,Friday,St. Bridget,"320 Walnut Grove Church Rd, Dayton",(423) 775-2664,Mass,8:30 AM,,Mass,english,,
"Fri, Mar 06, 2026",2026-03-06,Friday,St. Brigid,"7801 Lowrance Rd, Memphis",(901) 758-0128,Mass,7:00 PM,,Mass,spanish,Main Church,
"Fri, Mar 06, 2026",2026-03-06,Friday,St. Brigid,"7801 Lowrance Rd, Memphis",(901) 758-0128,Mass,8:15 AM,,Mass,english,Main Church,
"Fri, Mar 06, 2026",2026-03-06,Friday,St. Catherine,"3019 Cayce Ln, Columbia",(931) 388-3803,Mass,8:00 AM,,Mass,english,Saint Catherine of Siena Catholic Church,
"Fri, Mar 06, 2026",2026-03-06,Friday,St. Dominic,"2517 John B Dennis Hwy, Kingsport",(423) 288-8101,Mass,8:15 AM,,Mass,english,Church,
"Fri, Mar 06, 2026",2026-03-06,Friday,St. Edward,"188 Thompson Ln, Nashville",(615)-833-5520,Mass,8:00 AM,,Mass,English,,
"Fri, Mar 06, 2026",2026-03-06,Friday,St. Elizabeth Ann Seton (Ordinariate of the Chair of St. Peter),"217 Fox Rd, Knoxville",,Mass,8:00 AM,,Mass,English,217 Fox Rd. Knoxville,
"Fri, Mar 06, 2026",2026-03-06,Friday,St. Frances Cabrini,"300 S Tarver Ave, Lebanon",(615) 444-0524,Mass,8:00 AM,,Mass,english,,
"Fri, Mar 06, 2026",2026-03-06,Friday,St. Francis of Assisi,"8151 Chimneyrock Blvd, Cordova",(901) 756-1213,Mass,12:00 PM,,Mass,English,St. Francis of Assisi,
"Fri, Mar 06, 2026",2026-03-06,Friday,St. Francis of Assisi,"7503 Peavine Rd, Fairfield Glade",(931) 484-3628,Mass,8:00 AM,,Mass,English,,
"Fri, Mar 06, 2026",2026-03-06,Friday,St. Francis of Assisi,"8151 Chimneyrock Blvd, Cordova",(901) 756-1213,Mass,8:15 AM,,Mass,English,St. Francis of Assisi,
"Fri, Mar 06, 2026",2026-03-06,Friday,St. Francis of Assisi,"167 St Francis Pl, Jefferson",(336) 246-9151,Mass,9:00 AM,,Mass,english,,
"Fri, Mar 06, 2026",2026-03-06,Friday,St. Gerard Majella,"3049 Lafayette Rd, Fort Oglethorpe",(706) 861-9410,Mass,9:00 AM,,Mass,English,Saint Gerard Majella Catholic Church,
"Fri, Mar 06, 2026",2026-03-06,Friday,St. Henry,"112-114 Hwy 70 N, Rogersville",(423) 272-6897,Mass,12:00 PM,,Mass,English,,note: Weekday Masses
"Fri, Mar 06, 2026",2026-03-06,Friday,St. Henry,"6401 Harding Pike, Nashville",(615) 352-2259,Mass,8:00 AM,,Mass,English,Chapel,tags: chapel
"Fri, Mar 06, 2026",2026-03-06,Friday,St. Ignatius of Antioch,"601 Bell Rd, Nashville",615-367-0085,Mass,9:00 AM,,Mass,English,,
"Fri, Mar 06, 2026",2026-03-06,Friday,St. James,"4180 Leroy Ave, Memphis",(901) 767-8672,Mass,9:00 AM,,Mass,english,,
"Fri, Mar 06, 2026",2026-03-06,Friday,St. James the Apostle,"3652 Main St, Sneedville",(423) 272-6897,Mass,12:00 PM,,Mass,English,,noon
"Fri, Mar 06, 2026",2026-03-06,Friday,St. James the Less,"3189 N Harper Rd, Corinth",(662) 331-5184,Mass,6:00 PM,,Mass/Misa,English,,
"Fri, Mar 06, 2026",2026-03-06,Friday,St. John,"910 N Washington Ave, Brownsville",(731) 668-2596,Mass,8:30 AM,,Mass,English,"St. John, Brownsville",
"Fri, Mar 06, 2026",2026-03-06,Friday,St. John Neumann,"633 Saint John Ct, Farragut",(865) 966-4540,Mass,8:05 AM,,Mass,English,,
"Fri, Mar 06, 2026",2026-03-06,Friday,St. John Vianney,"449 N Water St, Gallatin",(615) 452-2977,Mass,8:00 AM,,Mass,English,,
"Fri, Mar 06, 2026",2026-03-06,Friday,St. John XXIII (U. of Tenn.),"1710 Melrose Pl, Knoxville",(865) 523-7931,Mass,12:00 PM,,Mass,english,,During the School Semester Only
"Fri, Mar 06, 2026",2026-03-06,Friday,St. John the Evangelist,"1061 Ellington Pkwy S, Lewisburg",(931) 359-5017,Mass,8:30 AM,,Mass,english,,
"Fri, Mar 06, 2026",2026-03-06,Friday,St. Joseph,"316 Main St, Bryson City",(828) 488-6766,Mass,12:00 PM,,Mass,English,St Joseph's,
"Fri, Mar 06, 2026",2026-03-06,Friday,St. Joseph,"203 Plum St, Florence",(256) 764-3303,Mass,7:15 AM,,Mass,English,,
"Fri, Mar 06, 2026",2026-03-06,Friday,St. Joseph,"968 Haig Mill Lake Rd, Dalton",(706) 278-3107,Mass,7:30 PM,,Mass,spanish,East Morris – Capilla San Juan Diego,
"Fri, Mar 06, 2026",2026-03-06,Friday,St. Joseph,"3825 Neely Rd, Memphis",(901) 396-9996,Mass,7:30 PM,,Mass,spanish,,
"Fri, Mar 06, 2026",2026-03-06,Friday,St. Joseph,"305 E Van Dorn Ave, Holly Springs",(662) 252-3138,Mass,8:00 AM,,Mass,english,St. Joseph,
"Fri, Mar 06, 2026",2026-03-06,Friday,St. Joseph,"968 Haig Mill Lake Rd, Dalton",(706) 278-3107,Mass,9:00 AM,,Mass,english,,
"Fri, Mar 06, 2026",2026-03-06,Friday,St. Joseph the Worker,"649 Old Tellico Hwy N, Madisonville",(423) 442-7273,Mass,9:00 AM,,Mass,English,St. Joseph the Worker Catholic Church,
"Fri, Mar 06, 2026",2026-03-06,Friday,St. Jude,"1318 E Poplar Ave, Selmer",(731) 645-4188,Mass,8:00 AM,,Mass,English,"St. Jude Church, Selmer",
"Fri, Mar 06, 2026",2026-03-06,Friday,St. Jude,"930 Ashland Ter, Chattanooga",(423) 870-2386,Mass,8:15 AM,,Mass,english,,
"Fri, Mar 06, 2026",2026-03-06,Friday,St. Jude Catholic Church,"930 Ashland Terrace, Chattanooga",+1-423-870-2386,Mass,8:15 AM,,Mass,English,,
"Fri, Mar 06, 2026",2026-03-06,Friday,St. Julian,"118 E Chester Ave, Middlesboro",(606) 248-2068,Mass,8:00 AM,,Mass,English,,
"Fri, Mar 06, 2026",2026-03-06,Friday,St. Louis,"203 S White Station Rd, Memphis",(901) 255-1950,Mass,12:00 PM,,Mass,English,,
"Fri, Mar 06, 2026",2026-03-06,Friday,St. Louis,"203 S White Station Rd, Memphis",(901) 255-1950,Mass,6:15 AM,,Mass,English,,
"Fri, Mar 06, 2026",2026-03-06,Friday,St. Louis,"203 S White Station Rd, Memphis",(901) 255-1950,Mass,8:15 AM,,Mass,English,,
"Fri, Mar 06, 2026",2026-03-06,Friday,St. Martha,"3331 Bell St, Ashland City",615-792-4255,Mass,8:30 AM,,Mass,English,,
"Fri, Mar 06, 2026",2026-03-06,Friday,St. Mary,"220 W Main St, Camden",(731) 584-6459,Mass,12:00 PM,,Mass,English,,
"Fri, Mar 06, 2026",2026-03-06,Friday,St. Mary,"2315 Pickwick St, Savannah",(731) 925-4852,Mass,12:00 PM,,Mass,English,St. Mary's,
"Fri, Mar 06, 2026",2026-03-06,Friday,St. Mary,"155 Market St, Memphis",(901) 522-9420,Mass,5:30 PM,,Mass,English,,note: Weekday Masses will resume on January 29th
"Fri, Mar 06, 2026",2026-03-06,Friday,St. Mary,"403 N Main St, Franklin",(270) 586-4515 or (270) 253-3230 (Rectory),Mass,6:00 PM,,Mass,English,,
"Fri, Mar 06, 2026",2026-03-06,Friday,St. Mary,"1665 US-45 BYP, Jackson",(731) 668-2596,Mass,7:00 AM,,Mass,english,,
"Fri, Mar 06, 2026",2026-03-06,Friday,St. Mary,"2211 E Lakeview Dr, Johnson City",(423) 282-6367,Mass,7:00 AM,,Mass,English,,
"Fri, Mar 06, 2026",2026-03-06,Friday,St. Mary,"403 N Main St, Franklin",(270) 586-4515 or (270) 253-3230 (Rectory),Mass,8:00 AM,,Mass,English,,exceptions: First Friday Mass is 18:00
"Fri, Mar 06, 2026",2026-03-06,Friday,St. Mary,"304 Airport Rd, Gatlinburg",(865) 436-4907,Mass,8:00 AM,,Mass,english,St. Mary's Catholic Church,
"Fri, Mar 06, 2026",2026-03-06,Friday,St. Mary,"327 Vermont Ave, Oak Ridge",(865) 482-2875,Mass,8:00 AM,,Mass,english,,
"Fri, Mar 06, 2026",2026-03-06,Friday,St. Mary,"2211 E Lakeview Dr, Johnson City",(423) 282-6367,Mass,8:30 AM,,Mass,English,,
"Fri, Mar 06, 2026",2026-03-06,Friday,St. Mary of the Seven Sorrows,"328 Rep John Lewis Way N, Nashville",(615) 561-1704,Mass,12:10 PM,,Mass,English,,
"Fri, Mar 06, 2026",2026-03-06,Friday,St. Matthew,"535 Sneed Rd W, Franklin",(615) 646-0378,Mass,8:00 AM,,Mass,english,,
"Fri, Mar 06, 2026",2026-03-06,Friday,St. Matthew,"9060 Telecom Dr, Milan",(731) 784-3904,Mass,8:00 AM,,Mass,English,Sacred Heart,
"Fri, Mar 06, 2026",2026-03-06,Friday,St. Michael,"2751 County Rd 30, Florence",(256) 764-1885,Mass,12:00 PM,,Mass,English,St. Michael's Catholic Church,
"Fri, Mar 06, 2026",2026-03-06,Friday,St. Michael,"3863 Summer Ave, Memphis",(901) 323-0896,Mass,5:30 PM,,Mass,spanish,,
"Fri, Mar 06, 2026",2026-03-06,Friday,St. Michael,"2751 County Rd 30, Florence",(256) 764-1885,Mass,7:30 AM,,Mass,English,St. Michael's Catholic Church,
"Fri, Mar 06, 2026",2026-03-06,Friday,St. Michael,"2751 County Rd 30, Florence",(256) 764-1885,Mass,7:30 AM,,Mass,English,St. Michael's Catholic Church,
"Fri, Mar 06, 2026",2026-03-06,Friday,St. Michael,"3863 Summer Ave, Memphis",(901) 323-0896,Mass,8:15 AM,,Mass,english,,
"Fri, Mar 06, 2026",2026-03-06,Friday,St. Michael the Archangel ,"657 N Mohawk Dr, Erwin",(423) 735-0484,Mass,8:30 AM,,Mass,english,Parish Center,
"Fri, Mar 06, 2026",2026-03-06,Friday,St. Patrick,"175 St Patrick St, McEwen",(931) 582-3633,Mass,8:00 AM,,Mass,english,"Saint Patrick Catholic Church, McEwen, TN",
"Fri, Mar 06, 2026",2026-03-06,Friday,St. Patrick,"2518 W Andrew Johnson Hwy, Morristown",(423) 586-9174,Mass,8:30 AM,,Mass,English,,
"Fri, Mar 06, 2026",2026-03-06,Friday,St. Paul the Apostle,"1425 E Shelby Dr, Memphis",(901) 346-2380,Mass,6:00 AM,,Mass,English,,note: During school year calendar
"Fri, Mar 06, 2026",2026-03-06,Friday,St. Paul the Apostle,"304 W Grizzard St, Tullahoma",(931) 455-3050,Mass,8:00 AM,,Mass,english,,
"Fri, Mar 06, 2026",2026-03-06,Friday,St. Paul the Apostle,"304 W Grizzard St, Tullahoma",(931) 455-3050,Mass,8:00 AM,,Mass,english,,
"Fri, Mar 06, 2026",2026-03-06,Friday,St. Paul the Apostle,"1425 E Shelby Dr, Memphis",(901) 346-2380,Mass,8:15 AM,,Mass,English,,
"Fri, Mar 06, 2026",2026-03-06,Friday,St. Peter the Apostle,"208 Upper Ferry Rd, Carthage",(615) 281-8327,Mass,5:00 PM,,Daily Mass,English,,
"Fri, Mar 06, 2026",2026-03-06,Friday,St. Philip,"113 Second Ave S, Franklin",(615) 794-8588,Mass,7:00 AM,,Mass,english,St. Philip Catholic Church,
"Fri, Mar 06, 2026",2026-03-06,Friday,St. Philip,"113 Second Ave S, Franklin",(615) 794-8588,Mass,9:00 AM,,Mass,english,St. Philip Catholic Church,
"Fri, Mar 06, 2026",2026-03-06,Friday,St. Philip the Apostle,"11710 US Hwy 64, Somerville",(901) 465-8685,Mass,8:30 AM,,Mass,english,,
"Fri, Mar 06, 2026",2026-03-06,Friday,St. Pius X,"2800 Tucker Rd, Nashville",(615) 256-2729,Mass,7:15 AM,,Holy Mass and Communion Service,english,ST. PIUS X ACADEMY AND CHURCH,
"Fri, Mar 06, 2026",2026-03-06,Friday,St. Pius X Church,"2800 Tucker Rd, Nashville",+1-615-244-4093,Mass,7:15 AM,,Mass,english,ST. PIUS X ACADEMY AND CHURCH,
"Fri, Mar 06, 2026",2026-03-06,Friday,St. Rose of Lima Catholic Church,"1601 N Tennessee Blvd, Murfreesboro",(615) 893-1843,Mass,7:00 AM,,Mass,English,,
"Fri, Mar 06, 2026",2026-03-06,Friday,St. Rose of Lima Catholic Church,"1601 N Tennessee Blvd, Murfreesboro",(615) 893-1843,Mass,8:10 AM,,Mass,English,,
"Fri, Mar 06, 2026",2026-03-06,Friday,St. Stephen,"14544 Lebanon Rd, Old Hickory",(615) 758-2424,Mass,12:00 PM,,Mass,english,Saint Stephen Catholic Community,
"Fri, Mar 06, 2026",2026-03-06,Friday,St. Stephen,"14544 Lebanon Rd, Old Hickory",(615) 758-2424,Mass,8:00 AM,,Mass,english,Saint Stephen Catholic Community,
"Fri, Mar 06, 2026",2026-03-06,Friday,St. Stephen,"7111 Lee Hwy, Chattanooga",(423) 892-1261,Mass,8:30 AM,,Mass,english,St. Stephen Catholic Church,
"Fri, Mar 06, 2026",2026-03-06,Friday,St. Therese of Lisieux,"900 Clingan Ridge Dr NW, Cleveland",(423) 476-8123,Mass,8:30 AM,,Mass,english,,
"Fri, Mar 06, 2026",2026-03-06,Friday,St. Thomas Aquinas,"421 N Washington Ave, Cookeville",(931) 526-2575,Mass,8:00 AM,,Mass,english,,
"Fri, Mar 06, 2026",2026-03-06,Friday,St. Thomas the Apostle,"1580 St Thomas Way, Lenoir City",(865) 986-9885,Mass,8:30 AM,,Mass,english,Saint Thomas the Apostle,
"Fri, Mar 06, 2026",2026-03-06,Friday,St. William,"500 S Brittain St, Shelbyville",19316848745,Mass,7:00 PM,,Mass,bilingual,,
"Fri, Mar 06, 2026",2026-03-06,Friday,St. William,"500 S Brittain St, Shelbyville",19316848745,Mass,8:00 AM,,Mass,english,St Joseph Chapel,
"Fri, Mar 06, 2026",2026-03-06,Friday,St. William,"4932 Easley St, Millington",(901) 872-4099,Mass,8:30 AM,,Mass,English,St. William Catholic Church,
"Fri, Mar 06, 2026",2026-03-06,Friday,Sts. Peter and Paul,"902 E 9th St, Hopkinsville",(270) 885-8522,Mass,8:00 AM,,Mass,english,,
"Fri, Mar 06, 2026",2026-03-06,Friday,The Cathedral of the Most Sacred Heart of Jesus,"711 S Northshore Dr, Knoxville",(865) 588-0249,Mass,12:00 PM,,Mass,English,,
"Fri, Mar 06, 2026",2026-03-06,Friday,The Cathedral of the Most Sacred Heart of Jesus,"711 S Northshore Dr, Knoxville",(865) 588-0249,Mass,8:05 AM,,Mass,English,,livestream
"Fri, Mar 06, 2026",2026-03-06,Friday,Basilica of Sts. Peter and Paul,"214 E 8th St, Chattanooga",(423) 266-1618,Confession,11:30 AM,12:00 PM,Confession,English,Basilica,
"Fri, Mar 06, 2026",2026-03-06,Friday,Basilica of Sts. Peter and Paul,"214 E 8th St, Chattanooga",(423) 266-1618,Confession,TBD,,Confessions,English,,30 minutes before each Mass except the 7am
"Fri, Mar 06, 2026",2026-03-06,Friday,Cathedral of the Incarnation,"2015 W End Ave, Nashville",(615) 327-2330,Confession,11:00 AM,12:00 PM,Confession,English,Cathedral,
"Fri, Mar 06, 2026",2026-03-06,Friday,Christ the King Catholic Church,"785 Church Rd W, Southaven",+1-662-342-1073,Confession,5:00 PM,5:30 PM,Confession,English,"Mary, Queen of Peace Chapel Confessional",
"Fri, Mar 06, 2026",2026-03-06,Friday,Corpus Christi SSPX Chapel,"130 Old Liberty Pike, Franklin",+1-615-791-8776,Confession,5:30 PM,,Confession,English,,
"Fri, Mar 06, 2026",2026-03-06,Friday,Holy Rosary,"192 Graylynn Dr, Nashville",(615) 889-4065,Confession,6:00 AM,,Confessions,English,,
"Fri, Mar 06, 2026",2026-03-06,Friday,Immaculate Conception,"414 W Vine Ave, Knoxville",(865) 522-1508,Confession,11:00 AM,12:00 PM,Confession,english,Immaculate Conception,
"Fri, Mar 06, 2026",2026-03-06,Friday,Immaculate Conception,"414 W Vine Ave, Knoxville",(865) 522-1508,Confession,11:30 AM,12:00 PM,Confession,english,Immaculate Conception,
"Fri, Mar 06, 2026",2026-03-06,Friday,Mission of St. John Paul II,"161 Bryan Ln, Rutledge",(865) 992-7222,Confession,5:30 PM,,Confession,English,Adoration Chapel,
"Fri, Mar 06, 2026",2026-03-06,Friday,Mother Teresa ,"7668 Nolensville Rd (house on the hill ), Nolensville",(651) 283-3119,Confession,11:00 AM,12:00 PM,Confession,English,,weekly
"Fri, Mar 06, 2026",2026-03-06,Friday,Mother Teresa ,"7668 Nolensville Rd (house on the hill ), Nolensville",(651) 283-3119,Confession,11:00 AM,12:00 PM,Adoration and Confession,English,,weekly; exposition
"Fri, Mar 06, 2026",2026-03-06,Friday,National Shrine of St. Martin de Porres,"190 Adams Ave, Memphis",(901) 527-8282,Confession,11:30 AM,12:00 PM,Confession,English,St. Martin de Porres Shrine Chapel,
"Fri, Mar 06, 2026",2026-03-06,Friday,Our Lady of the Lake,"1729 Stop 30 Rd, Hendersonville",(615) 824-3276,Confession,5:30 AM,,Reconciliation,English,,
"Fri, Mar 06, 2026",2026-03-06,Friday,Our Lady of the Lake,"1729 Stop 30 Rd, Hendersonville",(615) 824-3276,Confession,8:15 AM,,Reconciliation,English,,
"Fri, Mar 06, 2026",2026-03-06,Friday,Sacred Heart,"301 Church St, Loretto",(931) 853-4370,Confession,7:00 AM,7:45 AM,Confessions,English,SACRED HEART,
"Fri, Mar 06, 2026",2026-03-06,Friday,St Alphonsus Catholic Church,"151 St Alphonsus Way, Crossville",+1-931-484-2358,Confession,7:30 AM,8:15 AM,Confession,English,,
"Fri, Mar 06, 2026",2026-03-06,Friday,St Therese-Little Flower,"1644 Jackson Ave, Memphis",(901) 276-1412,Confession,3:30 PM,4:00 PM,Confession,spanish,"Blessed Sacrament, 2564 Hale Ave, Memphis, TN",
"Fri, Mar 06, 2026",2026-03-06,Friday,St. Alphonsus,"151 St Alphonsus Way, Crossville",(931) 484-2358,Confession,7:30 AM,8:15 AM,Confession,English,Saint Alphonsus Catholic Church,
"Fri, Mar 06, 2026",2026-03-06,Friday,St. Ann,"5101 Charlotte Ave, Nashville",(615) 298-1782,Confession,4:30 PM,5:30 PM,Confession,English,Confessional room,
"Fri, Mar 06, 2026",2026-03-06,Friday,St. Augustine,"1716 Anderson Pike, Signal Mountain",(423) 886-3424,Confession,7:00 AM,8:00 AM,Sacrament of Reconciliation,English,,Or By Appointment
"Fri, Mar 06, 2026",2026-03-06,Friday,St. Edward,"188 Thompson Ln, Nashville",(615)-833-5520,Confession,7:00 AM,7:45 AM,Confession,English,,
"Fri, Mar 06, 2026",2026-03-06,Friday,St. Francis of Assisi,"167 St Francis Pl, Jefferson",(336) 246-9151,Confession,9:30 AM,10:30 AM,Confessions,bilingual,,during Adoration
"Fri, Mar 06, 2026",2026-03-06,Friday,St. John Neumann,"633 Saint John Ct, Farragut",(865) 966-4540,Confession,11:00 AM,2:00 PM,Reconciliation,English,,
"Fri, Mar 06, 2026",2026-03-06,Friday,St. John Vianney,"449 N Water St, Gallatin",(615) 452-2977,Confession,3:15 PM,4:00 PM,Confession,English,,
"Fri, Mar 06, 2026",2026-03-06,Friday,St. Joseph,"316 Main St, Bryson City",(828) 488-6766,Confession,11:15 AM,11:50 AM,Confessions,English,St. Joseph's,
"Fri, Mar 06, 2026",2026-03-06,Friday,St. Joseph,"3825 Neely Rd, Memphis",(901) 396-9996,Confession,6:30 PM,7:30 PM,Confessions,English,,or by appointment
"Fri, Mar 06, 2026",2026-03-06,Friday,St. Joseph the Worker,"649 Old Tellico Hwy N, Madisonville",(423) 442-7273,Confession,8:00 AM,,Sacrament of Penance,English,St. Joseph the Worker Catholic Church,and by appointment
"Fri, Mar 06, 2026",2026-03-06,Friday,St. Mary of the Seven Sorrows,"328 Rep John Lewis Way N, Nashville",(615) 561-1704,Confession,11:30 AM,,Confession,English,,
"Fri, Mar 06, 2026",2026-03-06,Friday,St. Michael,"2751 County Rd 30, Florence",(256) 764-1885,Confession,9:30 AM,3:30 PM,Confession,English,St. Michael's Catholic Church,
"Fri, Mar 06, 2026",2026-03-06,Friday,St. Rose of Lima Catholic Church,"1601 N Tennessee Blvd, Murfreesboro",(615) 893-1843,Confession,6:00 AM,6:45 AM,Confession,English,,
"Fri, Mar 06, 2026",2026-03-06,Friday,St. William,"500 S Brittain St, Shelbyville",19316848745,Confession,5:45 PM,6:45 PM,Confession,English,,For the Christmas Season
"Fri, Mar 06, 2026",2026-03-06,Friday,Blessed Sacrament,"535 Margrave Dr, Harriman",(865) 882-9838,Adoration,6:30 PM,7:30 PM,Adoration,English,Blessed Sacrament,exposition
"Fri, Mar 06, 2026",2026-03-06,Friday,Catholic Church of the Nativity,"2793 Buckner Ln, Thompson's Station",+1-615-794-4004,Adoration,9:30 AM,9:00 PM,Adoration,English,,
"Fri, Mar 06, 2026",2026-03-06,Friday,Chapel of St. Cecilia,"801 Dominican Dr, Nashville",16152565486,Adoration,2:00 PM,,Exposition and Adoration,English,Chapel,exposition; adoration
"Fri, Mar 06, 2026",2026-03-06,Friday,Christ the King Catholic Church,"785 Church Rd W, Southaven",+1-662-342-1073,Adoration,2:00 PM,3:00 PM,Adoration,English,"Mary, Queen of Peace Chapel",exposition; note: Holy Hour with Kids
"Fri, Mar 06, 2026",2026-03-06,Friday,Christ the King Catholic Church,"785 Church Rd W, Southaven",+1-662-342-1073,Adoration,9:00 AM,10:00 AM,Adoration,English,"Mary, Queen of Peace Chapel",exposition; note: Holy Hour with Kids
"Fri, Mar 06, 2026",2026-03-06,Friday,Christ the King Catholic Church,"785 Church Rd W, Southaven",+1-662-342-1073,Adoration,9:00 AM,5:30 PM,Adoration,English,"Mary, Queen of Peace Chapel",exposition
"Fri, Mar 06, 2026",2026-03-06,Friday,Good Shepherd,"2361 Cosby Hwy, Newport",(423) 623-5051,Adoration,10:00 AM,,Adoration,English,Church of the Good Shepherd,exposition; note: Adoration to Follow Mass
"Fri, Mar 06, 2026",2026-03-06,Friday,Holy Family,"431 Old Hwy 52, Lafayette",(615) 666-6466,Adoration,7:00 PM,8:00 PM,Adoration,English,"Holy Family catholic church, Lafayette, TN",exposition
"Fri, Mar 06, 2026",2026-03-06,Friday,Holy Family,"201 Black Oak Ridge Rd, Seymour",(865) 573-1203,Adoration,9:00 AM,4:00 PM,Adoration,English,,Sept-May
"Fri, Mar 06, 2026",2026-03-06,Friday,Holy Family Catholic Church,"201 Black Oak Ridge Rd, Seymour",+1-865-573-1203,Adoration,9:00 AM,4:00 PM,Adoration,English,,Sept-May
"Fri, Mar 06, 2026",2026-03-06,Friday,Holy Rosary,"4851 Park Ave, Memphis",(901) 767-6949,Adoration,1:00 PM,5:00 PM,Adoration,English,,exposition
"Fri, Mar 06, 2026",2026-03-06,Friday,Holy Rosary,"192 Graylynn Dr, Nashville",(615) 889-4065,Adoration,8:00 AM,,Adoration,English,,24 hours starting at 8:00 am
"Fri, Mar 06, 2026",2026-03-06,Friday,Holy Spirit,"10768 Dayton Pike, Soddy Daisy",(423) 332-5300,Adoration,6:30 AM,12:00 PM,Adoration,English,Holy Spirit,exposition
"Fri, Mar 06, 2026",2026-03-06,Friday,Holy Spirit Catholic Church,"10768 Dayton Pike, Soddy-Daisy",+1-423-332-5300,Adoration,6:30 AM,12:00 PM,Adoration,English,Holy Spirit,exposition
"Fri, Mar 06, 2026",2026-03-06,Friday,Immaculate Conception,"414 W Vine Ave, Knoxville",(865) 522-1508,Adoration,12:30 PM,,Adoration,English,Immaculate Conception,tags: exposition; following the 12:10 Mass
"Fri, Mar 06, 2026",2026-03-06,Friday,Korean Martyrs,"2319 Lebanon Pike, Nashville",6155256661,Adoration,8:00 AM,,Adoration,English,,Family Holy Hour 07:00-20:00
"Fri, Mar 06, 2026",2026-03-06,Friday,Mission of Our Lady of the Lake,"10645 Hwy 57, Counce",(731) 925-4852,Adoration,11:00 AM,12:00 PM,Adoration,English,,with Devotion to the Sacred Heart of Jesus
"Fri, Mar 06, 2026",2026-03-06,Friday,Nativity,"2793 Buckner Ln, Spring Hill",(615) 794-4004,Adoration,9:30 AM,9:00 PM,Adoration,English,,exposition
"Fri, Mar 06, 2026",2026-03-06,Friday,Notre Dame,"212 Mount Bethel Rd, Greeneville",(423) 639-9381,Adoration,9:00 AM,10:00 AM,Adoration,English,Notre Dame Catholic Church,
"Fri, Mar 06, 2026",2026-03-06,Friday,Notre Dame Catholic Church,"212 Mt Bethel Rd, Greeneville",+1-423-639-9381,Adoration,9:00 AM,10:00 AM,Adoration,English,Notre Dame,exposition
"Fri, Mar 06, 2026",2026-03-06,Friday,Our Lady of Fatima,"858 Louisville Rd, Alcoa",(865) 982-3672,Adoration,8:30 AM,7:00 PM,Eucharistic Exposition,English,,tags: exposition
"Fri, Mar 06, 2026",2026-03-06,Friday,Our Lady of Lourdes,"704 Holly Ave, South Pittsburg",(423) 837-7068,Adoration,7:30 AM,,Adoration,English,,after Mass
"Fri, Mar 06, 2026",2026-03-06,Friday,Our Lady of Perpetual Help,"501 S Moore Rd, Chattanooga",(423) 622-7232,Adoration,9:00 AM,6:30 PM,Adoration,English,,exposition
"Fri, Mar 06, 2026",2026-03-06,Friday,Our Lady of Perpetual Help,"501 S Moore Rd, Chattanooga",+1-423-622-7232,Adoration,9:00 AM,6:30 PM,Adoration,English,,
"Fri, Mar 06, 2026",2026-03-06,Friday,Our Lady of Sorrows,"3700 Thomas St, Memphis",(901) 353-1530,Adoration,9:30 AM,6:30 PM,Adoration,English,,
"Fri, Mar 06, 2026",2026-03-06,Friday,Our Lady of the Shoals,"200 E Commons St N, Tuscumbia",(256) 383-7207,Adoration,6:00 PM,,Adoration,English,main church building,exposition; note: outside of Lent
"Fri, Mar 06, 2026",2026-03-06,Friday,Our Lady of the Shoals,"200 E Commons St N, Tuscumbia",(256) 383-7207,Adoration,TBD,,Adoration,English,,30 minutes before weekday masses; exposition
"Fri, Mar 06, 2026",2026-03-06,Friday,Queen of Peace,"8455 Germantown Rd, Olive Branch",(662) 895-5007,Adoration,6:00 PM,7:00 PM,Adoration,English,,
"Fri, Mar 06, 2026",2026-03-06,Friday,Sacred Heart,"296 W 6th St, Russellville",(270) 726-6963,Adoration,11:45 AM,12:30 PM,Exposition of the Blessed Sacrament,English,Sacred Heart Catholic Church Russellville KY,exposition
"Fri, Mar 06, 2026",2026-03-06,Friday,Sacred Heart,"20 Summit St, Burnsville",(828) 689-3719,Adoration,6:00 PM,7:00 PM,Adoration,spanish,Sacred Heart,exposition
"Fri, Mar 06, 2026",2026-03-06,Friday,Sacred Heart,"301 Church St, Loretto",(931) 853-4370,Adoration,7:00 AM,7:45 PM,Adoration,English,SACRED HEART,exposition
"Fri, Mar 06, 2026",2026-03-06,Friday,Sacred Heart,"2887 E Main St, Humboldt",(731) 618- 6758,Adoration,8:00 AM,5:00 PM,Exposition and Adoration of the Blessed Sacrament with Benediction,English,Sacred Heart,exposition; benediction
"Fri, Mar 06, 2026",2026-03-06,Friday,Saint Francis of Assisi Catholic Church,"7503 Peavine Rd, Crossville",+1-931-484-3628,Adoration,7:30 AM,8:00 AM,Adoration,English,,tags: exposition
"Fri, Mar 06, 2026",2026-03-06,Friday,Saint Francis of Assisi Catholic Church,"7503 Peavine Rd, Crossville",+1-931-484-3628,Adoration,8:30 AM,12:00 PM,Adoration,English,,tags: exposition
"Fri, Mar 06, 2026",2026-03-06,Friday,St Alphonsus Catholic Church,"151 St Alphonsus Way, Crossville",+1-931-484-2358,Adoration,7:30 AM,8:15 AM,Adoration,English,,
"Fri, Mar 06, 2026",2026-03-06,Friday,St Alphonsus Catholic Church,"151 St Alphonsus Way, Crossville",+1-931-484-2358,Adoration,9:00 AM,10:00 AM,Adoration,English,,
"Fri, Mar 06, 2026",2026-03-06,Friday,St Elizabeth Ann Seton Church,"755 Hwy 49, Tennessee Ridge",(931) 721-3769,Adoration,11:00 AM,12:00 PM,Adoration,English,,exposition
"Fri, Mar 06, 2026",2026-03-06,Friday,St Francis of Assisi Church,"1489 Donelson Pkwy, Dover",(931) 232-9422,Adoration,4:30 PM,5:30 PM,Adoration,English,"Saint Francis of Assisi Church, Dover, TN",Mass will follow after
"Fri, Mar 06, 2026",2026-03-06,Friday,St Francis of Assisi Church,"1489 Donelson Pkwy, Dover",(931) 232-9422,Adoration,8:30 AM,9:30 AM,Adoration,English,"Saint Francis of Assisi Church, Dover, TN",confession
"Fri, Mar 06, 2026",2026-03-06,Friday,St Joseph the Worker Catholic Church,"649 Old Tellico Hwy N, Madisonville",+1-423-442-7273,Adoration,9:30 AM,12:00 PM,Adoration of Blessed Sacrament,English,,every
"Fri, Mar 06, 2026",2026-03-06,Friday,St. Alphonsus,"151 St Alphonsus Way, Crossville",(931) 484-2358,Adoration,7:30 AM,8:15 AM,Adoration,English,Saint Alphonsus Catholic Church,exposition
"Fri, Mar 06, 2026",2026-03-06,Friday,St. Alphonsus,"151 St Alphonsus Way, Crossville",(931) 484-2358,Adoration,9:00 AM,10:00 AM,Adoration,English,Saint Alphonsus Catholic Church,exposition
"Fri, Mar 06, 2026",2026-03-06,Friday,St. Augustine,"1716 Anderson Pike, Signal Mountain",(423) 886-3424,Adoration,7:00 AM,8:00 AM,Adoration,English,,
"Fri, Mar 06, 2026",2026-03-06,Friday,St. Catherine,"3019 Cayce Ln, Columbia",(931) 388-3803,Adoration,8:30 AM,7:00 PM,Adoration,English,Saint Catherine of Siena Catholic Church,exposition; benediction
"Fri, Mar 06, 2026",2026-03-06,Friday,St. Edward,"188 Thompson Ln, Nashville",(615)-833-5520,Adoration,8:00 AM,8:00 PM,Adoration,English,,following Mass
"Fri, Mar 06, 2026",2026-03-06,Friday,St. Frances Cabrini,"300 S Tarver Ave, Lebanon",(615) 444-0524,Adoration,7:00 AM,,Adoration,English,,exposition
"Fri, Mar 06, 2026",2026-03-06,Friday,St. Francis of Assisi,"7600 Russellville Rd, Guthrie",(270) 265-5263,Adoration,6:00 PM,8:00 PM,Adoration,English,,
"Fri, Mar 06, 2026",2026-03-06,Friday,St. Francis of Assisi,"7503 Peavine Rd, Fairfield Glade",(931) 484-3628,Adoration,7:30 AM,8:00 AM,Adoration,English,,exposition
"Fri, Mar 06, 2026",2026-03-06,Friday,St. Francis of Assisi,"7503 Peavine Rd, Fairfield Glade",(931) 484-3628,Adoration,8:30 AM,12:00 PM,Adoration,English,,exposition
"Fri, Mar 06, 2026",2026-03-06,Friday,St. Gerard Majella,"3049 Lafayette Rd, Fort Oglethorpe",(706) 861-9410,Adoration,7:30 AM,9:00 AM,Adoration,English,Saint Gerard Majella Catholic Church,exposition
"Fri, Mar 06, 2026",2026-03-06,Friday,St. Gerard Majella,"3049 Lafayette Rd, Fort Oglethorpe",(706) 861-9410,Adoration,9:00 AM,12:00 PM,Adoration,English,Saint Gerard Majella Catholic Church,exposition
"Fri, Mar 06, 2026",2026-03-06,Friday,St. Ignatius of Antioch,"601 Bell Rd, Nashville",615-367-0085,Adoration,9:30 AM,12:00 PM,Eucharist Adoration,English,,
"Fri, Mar 06, 2026",2026-03-06,Friday,St. Joseph,"316 Main St, Bryson City",(828) 488-6766,Adoration,11:00 AM,12:00 PM,Eucharistic Adoration,English,St. Joseph's,adoration
"Fri, Mar 06, 2026",2026-03-06,Friday,St. Joseph,"316 Main St, Bryson City",(828) 488-6766,Adoration,11:00 AM,12:00 PM,Adoration of the Most Blessed Sacrament,English,,Every; adoration
"Fri, Mar 06, 2026",2026-03-06,Friday,St. Joseph,"3825 Neely Rd, Memphis",(901) 396-9996,Adoration,6:30 PM,7:30 PM,Exposition of the Blessed Sacrament,English,,exposition
"Fri, Mar 06, 2026",2026-03-06,Friday,St. Joseph,"203 Plum St, Florence",(256) 764-3303,Adoration,8:00 AM,9:00 AM,Adoration of the Blessed Sacrament,English,,
"Fri, Mar 06, 2026",2026-03-06,Friday,St. Joseph the Worker,"649 Old Tellico Hwy N, Madisonville",(423) 442-7273,Adoration,9:30 AM,12:00 PM,Adoration of Blessed Sacrament,English,,every
"Fri, Mar 06, 2026",2026-03-06,Friday,St. Julian,"118 E Chester Ave, Middlesboro",(606) 248-2068,Adoration,TBD,,Eucharistic Adoration,English,,9 hours; 9 Hour Eucharistic Adoration
"Fri, Mar 06, 2026",2026-03-06,Friday,St. Louis,"203 S White Station Rd, Memphis",(901) 255-1950,Adoration,6:00 AM,10:00 PM,Adoration,English,,
"Fri, Mar 06, 2026",2026-03-06,Friday,St. Martha,"3331 Bell St, Ashland City",615-792-4255,Adoration,9:00 AM,6:00 PM,Adoration,English,Adoration Chapel,exposition
"Fri, Mar 06, 2026",2026-03-06,Friday,St. Mary,"220 W Main St, Camden",(731) 584-6459,Adoration,10:00 AM,11:00 AM,Exposition of the Blessed Sacrament,English,,
"Fri, Mar 06, 2026",2026-03-06,Friday,St. Mary,"220 W Main St, Camden",(731) 584-6459,Adoration,11:00 AM,12:00 PM,Exposition of the Blessed Sacrament,English,,
"Fri, Mar 06, 2026",2026-03-06,Friday,St. Mary,"2315 Pickwick St, Savannah",(731) 925-4852,Adoration,11:00 AM,12:00 PM,Adoration,English,,Devotion to the Sacred Heart of Jesus
"Fri, Mar 06, 2026",2026-03-06,Friday,St. Mary,"155 Market St, Memphis",(901) 522-9420,Adoration,4:00 PM,,Adoration,English,,
"Fri, Mar 06, 2026",2026-03-06,Friday,St. Mary,"220 W Main St, Camden",(731) 584-6459,Adoration,9:00 AM,10:00 AM,Exposition of the Blessed Sacrament,English,,
"Fri, Mar 06, 2026",2026-03-06,Friday,St. Matthew,"9060 Telecom Dr, Milan",(731) 784-3904,Adoration,5:00 PM,,Exposition and Adoration of the Blessed Sacrament with Benediction,English,Sacred Heart,
"Fri, Mar 06, 2026",2026-03-06,Friday,St. Matthew,"535 Sneed Rd W, Franklin",(615) 646-0378,Adoration,TBD,,Exposition,English,,check bulletin; tags: exposition
"Fri, Mar 06, 2026",2026-03-06,Friday,St. Paul the Apostle,"1425 E Shelby Dr, Memphis",(901) 346-2380,Adoration,9:00 AM,2:00 PM,Adoration,English,,
"Fri, Mar 06, 2026",2026-03-06,Friday,St. Philip,"113 Second Ave S, Franklin",(615) 794-8588,Adoration,9:30 AM,6:00 PM,Adoration,English,St. Philip Catholic Church,exposition; benediction
"Fri, Mar 06, 2026",2026-03-06,Friday,St. Philip the Apostle,"11710 US Hwy 64, Somerville",(901) 465-8685,Adoration,9:00 AM,9:30 AM,Adoration,English,exposition,
"Fri, Mar 06, 2026",2026-03-06,Friday,St. Rose of Lima Catholic Church,"1601 N Tennessee Blvd, Murfreesboro",(615) 893-1843,Adoration,6:00 AM,6:45 AM,Eucharistic Adoration,English,,
"Fri, Mar 06, 2026",2026-03-06,Friday,St. Rose of Lima Catholic Church,"1601 N Tennessee Blvd, Murfreesboro",(615) 893-1843,Adoration,7:30 AM,,Eucharistic Adoration,English,,Thu; exposition; lasts until Fri 06:45
"Fri, Mar 06, 2026",2026-03-06,Friday,St. Stephen,"14544 Lebanon Rd, Old Hickory",(615) 758-2424,Adoration,7:00 PM,8:00 PM,Adoration,English,Church,exposition; benediction
"Fri, Mar 06, 2026",2026-03-06,Friday,St. Therese,"701 S Charles G Seivers Blvd, Clinton",(865) 457-4073,Adoration,9:30 AM,10:00 AM,Adoration of the Blessed Sacrament,English,St. Therese Catholic Church,exposition
"Fri, Mar 06, 2026",2026-03-06,Friday,St. Therese of Lisieux,"900 Clingan Ridge Dr NW, Cleveland",(423) 476-8123,Adoration,9:00 AM,,Adoration,English,,exposition
"Fri, Mar 06, 2026",2026-03-06,Friday,St. William,"500 S Brittain St, Shelbyville",19316848745,Adoration,12:00 PM,7:00 PM,Adoration,English,,
"Fri, Mar 06, 2026",2026-03-06,Friday,Basilica of Sts. Peter and Paul,"214 E 8th St, Chattanooga",(423) 266-1618,Devotions,5:00 PM,,Vespers,english,Basilica,
"Fri, Mar 06, 2026",2026-03-06,Friday,Blessed Sacrament,"535 Margrave Dr, Harriman",(865) 882-9838,Devotions,5:30 PM,,Rosary,English,Blessed Sacrament,note: May and October only
"Fri, Mar 06, 2026",2026-03-06,Friday,Blessed Sacrament,"535 Margrave Dr, Harriman",(865) 882-9838,Devotions,7:30 PM,,Benediction,English,Blessed Sacrament,benediction
"Fri, Mar 06, 2026",2026-03-06,Friday,Chapel of St. Cecilia,"801 Dominican Dr, Nashville",16152565486,Devotions,5:30 PM,6:00 PM,Vespers,English,,
"Fri, Mar 06, 2026",2026-03-06,Friday,Chapel of St. Cecilia,"801 Dominican Dr, Nashville",16152565486,Devotions,6:00 PM,6:30 PM,Rosary,English,,
"Fri, Mar 06, 2026",2026-03-06,Friday,Corpus Christi SSPX Chapel,"130 Old Liberty Pike, Franklin",+1-615-791-8776,Devotions,5:30 PM,,Benediction,English,,
"Fri, Mar 06, 2026",2026-03-06,Friday,Holy Family,"201 Black Oak Ridge Rd, Seymour",(865) 573-1203,Devotions,4:00 PM,,Benediction,English,,Sept-May
"Fri, Mar 06, 2026",2026-03-06,Friday,Holy Family Catholic Church,"201 Black Oak Ridge Rd, Seymour",+1-865-573-1203,Devotions,4:00 PM,,Benediction,English,,Sept-May
"Fri, Mar 06, 2026",2026-03-06,Friday,Holy Rosary,"4851 Park Ave, Memphis",(901) 767-6949,Devotions,5:00 PM,7:00 PM,Devotions,English,,
"Fri, Mar 06, 2026",2026-03-06,Friday,Holy Spirit,"2300 Hickory Crest Dr, Memphis",(901) 754-7146,Devotions,2:00 PM,,Centering Prayer,English,,zoom
"Fri, Mar 06, 2026",2026-03-06,Friday,Holy Spirit,"2300 Hickory Crest Dr, Memphis",(901) 754-7146,Devotions,TBD,,Rosary,English,Chapel,after
"Fri, Mar 06, 2026",2026-03-06,Friday,Holy Trinity,"610 Kimmins St, Hohenwald",(931) 796-3738,Devotions,TBD,,Rosary and Divine Mercy Chaplet,English,Holy Trinity,before Mass
"Fri, Mar 06, 2026",2026-03-06,Friday,Immaculate Conception,"414 W Vine Ave, Knoxville",(865) 522-1508,Devotions,7:00 PM,,Stations of the Cross,English,Immaculate Conception,note: Fridays during Lent
"Fri, Mar 06, 2026",2026-03-06,Friday,Our Lady of Fatima,"858 Louisville Rd, Alcoa",(865) 982-3672,Devotions,7:00 PM,,Benediction,English,,tags: benediction
"Fri, Mar 06, 2026",2026-03-06,Friday,Saint Francis of Assisi Catholic Church,"7503 Peavine Rd, Crossville",+1-931-484-3628,Devotions,7:40 AM,,Divine Mercy Chaplet,English,,
"Fri, Mar 06, 2026",2026-03-06,Friday,St. Frances Cabrini,"300 S Tarver Ave, Lebanon",(615) 444-0524,Devotions,7:30 AM,,Rosary,English,,
"Fri, Mar 06, 2026",2026-03-06,Friday,St. Francis of Assisi,"7503 Peavine Rd, Fairfield Glade",(931) 484-3628,Devotions,7:40 AM,,Divine Mercy Chaplet,English,,
"Fri, Mar 06, 2026",2026-03-06,Friday,St. Gerard Majella,"3049 Lafayette Rd, Fort Oglethorpe",(706) 861-9410,Devotions,6:00 PM,,Stations of the Cross,English,Saint Gerard Majella Catholic Church,
"Fri, Mar 06, 2026",2026-03-06,Friday,St. Gerard Majella,"3049 Lafayette Rd, Fort Oglethorpe",(706) 861-9410,Devotions,8:30 AM,,Recitation of the Rosary,English,Saint Gerard Majella Catholic Church,
"Fri, Mar 06, 2026",2026-03-06,Friday,St. Rose of Lima Catholic Church,"1601 N Tennessee Blvd, Murfreesboro",(615) 893-1843,Devotions,6:30 AM,,Rosary,English,,
"Fri, Mar 06, 2026",2026-03-06,Friday,St. Therese of Lisieux,"900 Clingan Ridge Dr NW, Cleveland",(423) 476-8123,Devotions,9:00 AM,,Rosary,English,Adoration Chapel,note: following 08:30 Mass
"Fri, Mar 06, 2026",2026-03-06,Friday,The Cathedral of the Most Sacred Heart of Jesus,"711 S Northshore Dr, Knoxville",(865) 588-0249,Devotions,3:00 PM,,Chaplet of Divine Mercy,English,,Every
"Fri, Mar 06, 2026",2026-03-06,Friday,Community of the Holy Spirit,"384 Eagle Ridge Dr, Jonesville",(276) 346-0269,Education,6:00 PM,,Bible Study,English,,see calendar for more info
"Fri, Mar 06, 2026",2026-03-06,Friday,St. Mary,"220 W Main St, Camden",(731) 584-6459,Education,10:00 AM,,Men’s Bible Study,English,,Every; note: meet to read and discuss the Bible. Please bring your Bible.
"Fri, Mar 06, 2026",2026-03-06,Friday,Ascension,"3680 Ramill Rd, Memphis",(901) 372-1364,Other,6:30 PM,8:00 PM,P.R.E. Times,bilingual,,note: August – May
"Fri, Mar 06, 2026",2026-03-06,Friday,Holy Trinity,"610 Kimmins St, Hohenwald",(931) 796-3738,Other,3:00 PM,,Holy Liturgy,english,Holy Trinity,
"Fri, Mar 06, 2026",2026-03-06,Friday,Resurrection,"5475 Newberry Ave, Memphis",(901) 794-8970,Other,6:00 PM,7:00 PM,Penance,bilingual,,
"Fri, Mar 06, 2026",2026-03-06,Friday,St. Gerard Majella,"3049 Lafayette Rd, Fort Oglethorpe",(706) 861-9410,Other,4:30 PM,7:00 PM,Fish Fry,English,Saint Gerard Majella Catholic Church,note: Knights of Columbus
"Fri, Mar 06, 2026",2026-03-06,Friday,St. Paul the Apostle,"304 W Grizzard St, Tullahoma",(931) 455-3050,Other,8:00 AM,9:00 AM,First Friday Devotion to the Sacred Heart of Jesus,English,,note: includes Mass at 08:00
"Fri, Mar 06, 2026",2026-03-06,Friday,The Catholic Community of The Sacred Heart of Jesus," Building# 5875 Desert Storm Ave, Fort Campbell",270-798-2352,Other,11:45 AM,,Catholic Worship Services,English,5875 - Soldiers Chapel,
"Fri, Mar 06, 2026",2026-03-06,Friday,Vietnamese Parish of Divine Mercy,"10919 Carmichael Rd, Knoxville",(865) 766-2091,Other,6:30 PM,,Giáo Lý Rửa Tội,English,,note: for parents/godparents of children to be baptized
"Fri, Mar 06, 2026",2026-03-06,Friday,Vietnamese Parish of Divine Mercy,"10919 Carmichael Rd, Knoxville",(865) 766-2091,Other,8:00 AM,,Lễ,English,,
"Fri, Mar 06, 2026",2026-03-06,Friday,Notre Dame,"212 Mount Bethel Rd, Greeneville",(423) 639-9381,Sacraments,8:30 AM,,Communion Service,english,Notre Dame Catholic Church,recurring: Jan 13 – Feb 13; 2026
"Fri, Mar 06, 2026",2026-03-06,Friday,St. Stephen,"7111 Lee Hwy, Chattanooga",(423) 892-1261,Sacraments,8:30 AM,,Communion Service,english,St. Stephen Catholic Church,
"Fri, Mar 06, 2026",2026-03-06,Friday,St. Therese,"701 S Charles G Seivers Blvd, Clinton",(865) 457-4073,Sacraments,9:00 AM,,Communion Service,English,St. Therese Catholic Church,
"Sat, Mar 07, 2026",2026-03-07,Saturday,Ascension,"3680 Ramill Rd, Memphis",(901) 372-1364,Mass,8:30 AM,,Mass,spanish,,
"Sat, Mar 07, 2026",2026-03-07,Saturday,Assumption,"1227 7th Ave N, Nashville",(615) 256-2729,Mass,10:00 AM,,Low Mass,latin,,
"Sat, Mar 07, 2026",2026-03-07,Saturday,Ave Maria,"664 S Washington St (TN-209), Ripley",(731)589-8302,Mass,8:15 AM,,"Mass, Exposition and Benediction",english,,exposition; benediction
"Sat, Mar 07, 2026",2026-03-07,Saturday,Christ the Redeemer,"1515 Woodland Dr, Centerville",(931) 729-4669,Mass,10:00 AM,,Mass,English,Christ the Redeemer,
"Sat, Mar 07, 2026",2026-03-07,Saturday,Holy Angels,"535 Tucker St, Dyersburg",(731) 287-8000,Mass,8:15 AM,,"Mass, Exposition and Benediction",english,,exposition; benediction
"Sat, Mar 07, 2026",2026-03-07,Saturday,Mission of St. Michael,"3553 S Carter Rd, Cedar Hill",(615) 384-6200,Mass,8:30 AM,,Mass,English,,
"Sat, Mar 07, 2026",2026-03-07,Saturday,Mother Teresa ,"7668 Nolensville Rd (house on the hill ), Nolensville",(651) 283-3119,Mass,9:00 AM,,Mass,English,Parish Chapel,
"Sat, Mar 07, 2026",2026-03-07,Saturday,St Alphonsus Catholic Church,"151 St Alphonsus Way, Crossville",+1-931-484-2358,Mass,8:30 AM,,Mass,english,,
"Sat, Mar 07, 2026",2026-03-07,Saturday,St. Alphonsus,"1225 Hwy 51 S, Covington",(901) 476-8140,Mass,8:00 AM,,Mass,English,St. Alphonsus,
"Sat, Mar 07, 2026",2026-03-07,Saturday,St. Alphonsus,"151 St Alphonsus Way, Crossville",(931) 484-2358,Mass,8:30 AM,,Mass,english,Saint Alphonsus Catholic Church,
"Sat, Mar 07, 2026",2026-03-07,Saturday,St. Anthony,"967 E Main St, Blue Ridge",(706) 632-5970,Mass,8:00 AM,,Mass,English,Church,
"Sat, Mar 07, 2026",2026-03-07,Saturday,St. Dominic,"2517 John B Dennis Hwy, Kingsport",(423) 288-8101,Mass,8:15 AM,,Mass,english,Chapel,chapel
"Sat, Mar 07, 2026",2026-03-07,Saturday,St. Francis of Assisi,"7503 Peavine Rd, Fairfield Glade",(931) 484-3628,Mass,8:00 AM,,Mass,English,,
"Sat, Mar 07, 2026",2026-03-07,Saturday,St. Joseph,"304 American Blvd, Saint Joseph",931-853-4370,Mass,8:00 AM,,Mass,english,Saint Joseph,
"Sat, Mar 07, 2026",2026-03-07,Saturday,St. Lucien,"695 Summit St, Spruce Pine",(828) 898-6900,Mass,9:00 AM,,Holy Mass,English,"St. Lucien, 695 Summit St. Spruce Pine, NC 28777",
"Sat, Mar 07, 2026",2026-03-07,Saturday,St. Martha,"3331 Bell St, Ashland City",615-792-4255,Mass,9:00 AM,,Mass,English,,
"Sat, Mar 07, 2026",2026-03-07,Saturday,St. Mary,"403 N Main St, Franklin",(270) 586-4515 or (270) 253-3230 (Rectory),Mass,8:00 AM,,Mass,English,,
"Sat, Mar 07, 2026",2026-03-07,Saturday,St. Mary,"2315 Pickwick St, Savannah",(731) 925-4852,Mass,9:00 AM,,Mass,English,St. Mary's,
"Sat, Mar 07, 2026",2026-03-07,Saturday,St. Mary of the Seven Sorrows,"328 Rep John Lewis Way N, Nashville",(615) 561-1704,Mass,12:10 PM,,Mass,English,,
"Sat, Mar 07, 2026",2026-03-07,Saturday,St. Stephen,"14544 Lebanon Rd, Old Hickory",(615) 758-2424,Mass,8:00 AM,,Mass,english,Saint Stephen Catholic Community,note: After the mass; Fr. Patrick presents
"Sat, Mar 07, 2026",2026-03-07,Saturday,All Saints,"620 N Cedar Bluff Rd, Knoxville",(865) 531-0770,Confession,9:30 AM,,Confessions,English,620 N Cedar Bluff Rd,Confessions; Immediately following the 9 AM Mass
"Sat, Mar 07, 2026",2026-03-07,Saturday,Holy Cross,"144 Wears Valley Rd, Pigeon Forge",865-429-5587,Confession,8:30 AM,9:30 AM,Confession,English,,
"Sat, Mar 07, 2026",2026-03-07,Saturday,Sacred Heart,"301 Church St, Loretto",(931) 853-4370,Confession,7:00 AM,7:45 PM,Confessions,English,Sacred Heart,
"Sat, Mar 07, 2026",2026-03-07,Saturday,St Alphonsus Catholic Church,"151 St Alphonsus Way, Crossville",+1-931-484-2358,Confession,7:30 AM,8:15 AM,Confession,English,,
"Sat, Mar 07, 2026",2026-03-07,Saturday,St. Alphonsus,"151 St Alphonsus Way, Crossville",(931) 484-2358,Confession,7:30 AM,8:15 AM,Confession,English,Saint Alphonsus Catholic Church,
"Sat, Mar 07, 2026",2026-03-07,Saturday,St. Alphonsus,"1225 Hwy 51 S, Covington",(901) 476-8140,Confession,8:30 AM,,Confession,English,St. Alphonsus,note: after the 08:00 Mass
"Sat, Mar 07, 2026",2026-03-07,Saturday,St. Joseph,"304 American Blvd, Saint Joseph",931-853-4370,Confession,7:00 AM,7:45 PM,Confession,English,Saint Joseph,note: and by appointment
"Sat, Mar 07, 2026",2026-03-07,Saturday,St. Mary of the Seven Sorrows,"328 Rep John Lewis Way N, Nashville",(615) 561-1704,Confession,11:30 AM,,Rosary & Confession,English,,
"Sat, Mar 07, 2026",2026-03-07,Saturday,Holy Spirit,"545 E Commerce St, Hernando",(662) 429-7851,Adoration,9:30 AM,10:30 AM,Adoration,English,,
"Sat, Mar 07, 2026",2026-03-07,Saturday,Holy Trinity,"475 N Highway 92, Jefferson City",(865) 471-0347,Adoration,10:00 AM,11:00 AM,Adoration,English,,exposition
"Sat, Mar 07, 2026",2026-03-07,Saturday,Mission of Our Lady of the Lake,"10645 Hwy 57, Counce",(731) 925-4852,Adoration,9:30 AM,11:00 AM,Adoration,English,,with Devotion to the Immaculate Heart of Mary
"Sat, Mar 07, 2026",2026-03-07,Saturday,Mission of St. Michael,"3553 S Carter Rd, Cedar Hill",(615) 384-6200,Adoration,9:00 AM,11:00 AM,Adoration,English,,
"Sat, Mar 07, 2026",2026-03-07,Saturday,Our Lady of Lourdes,"704 Holly Ave, South Pittsburg",(423) 837-7068,Adoration,4:00 PM,,Adoration,English,,
"Sat, Mar 07, 2026",2026-03-07,Saturday,Sacred Heart,"301 Church St, Loretto",(931) 853-4370,Adoration,7:00 AM,7:45 AM,Adoration,English,Sacred Heart,exposition
"Sat, Mar 07, 2026",2026-03-07,Saturday,St Alphonsus Catholic Church,"151 St Alphonsus Way, Crossville",+1-931-484-2358,Adoration,7:30 AM,8:15 AM,Adoration,English,,
"Sat, Mar 07, 2026",2026-03-07,Saturday,St. Alphonsus,"151 St Alphonsus Way, Crossville",(931) 484-2358,Adoration,7:30 AM,8:15 AM,Adoration,English,Saint Alphonsus Catholic Church,exposition
"Sat, Mar 07, 2026",2026-03-07,Saturday,St. Alphonsus,"1225 Hwy 51 S, Covington",(901) 476-8140,Adoration,8:30 AM,,Adoration,English,St. Alphonsus,exposition; note: after 08:00 Mass
"Sat, Mar 07, 2026",2026-03-07,Saturday,St. Frances Cabrini,"300 S Tarver Ave, Lebanon",(615) 444-0524,Adoration,7:00 AM,,Adoration,English,,exposition
"Sat, Mar 07, 2026",2026-03-07,Saturday,St. Frances Cabrini,"300 S Tarver Ave, Lebanon",(615) 444-0524,Adoration,7:00 PM,,Adoration,spanish,,exposition
"Sat, Mar 07, 2026",2026-03-07,Saturday,St. Mary,"2315 Pickwick St, Savannah",(731) 925-4852,Adoration,9:30 AM,11:00 AM,Adoration,English,,Devotion to the Immaculate Heart of Mary
"Sat, Mar 07, 2026",2026-03-07,Saturday,Immaculate Conception,"414 W Vine Ave, Knoxville",(865) 522-1508,Devotions,9:00 AM,,Rosary,English,Immaculate Conception,note: after 08:30 Mass
"Sat, Mar 07, 2026",2026-03-07,Saturday,St. Lucien,"695 Summit St, Spruce Pine",(828) 898-6900,Devotions,8:30 AM,,Rosary,English,"St. Lucien, 695 Summit St. Spruce Pine, NC 28777",
"Sat, Mar 07, 2026",2026-03-07,Saturday,St. Martha,"3331 Bell St, Ashland City",615-792-4255,Devotions,8:30 AM,,Rosary,English,,
"Sat, Mar 07, 2026",2026-03-07,Saturday,St. Mary,"220 W Main St, Camden",(731) 584-6459,Other,9:00 AM,,Devotion to St. Mary,English,,
"Sat, Mar 07, 2026",2026-03-07,Saturday,St. Paul the Apostle,"304 W Grizzard St, Tullahoma",(931) 455-3050,Other,8:00 AM,,First Saturday Devotion to the Immaculate Heart of Mary,English,,note: includes Mass at 08:00; followed by Rosary and Adoration
