Church,Address,Phone,Category,Day,Time Start,Time End,Service Name,Schedule Type,Language,Location,Pattern,Event Date,Time Relation,Reference Service,Notes
Abbey of the Immaculate Heart of Mary,"4103 Rte 100, Westfield, Vermont 05874",18027446525,Mass,Mon,8:30 AM,,Mass,specific_weekday,English,Immaculate Conception,,,,,
Abbey of the Immaculate Heart of Mary,"4103 Rte 100, Westfield, Vermont 05874",18027446525,Mass,Wed,8:30 AM,,Mass,specific_weekday,English,Immaculate Conception,,,,,
Abbey of the Immaculate Heart of Mary,"4103 Rte 100, Westfield, Vermont 05874",18027446525,Mass,Fri,8:30 AM,,Mass,specific_weekday,English,Immaculate Conception,,,,,
Abbey of the Immaculate Heart of Mary,"4103 Rte 100, Westfield, Vermont 05874",18027446525,Mass,Sat,5:00 PM,,Mass,saturday,english,Immaculate Conception,,,,,
Abbey of the Immaculate Heart of Mary,"4103 Rte 100, Westfield, Vermont 05874",18027446525,Mass,Sun,8:00 AM,,Mass,sunday,english,Immaculate Conception,,,,,
Abbey of the Immaculate Heart of Mary,"4103 Rte 100, Westfield, Vermont 05874",18027446525,Confession,Sat,4:15 PM,5:00 PM,Confession,saturday,English,Immaculate Conception,,,,,note: Before Mass or by Appointment
Abbey of the Immaculate Heart of Mary,"4103 Rte 100, Westfield, Vermont 05874",18027446525,Adoration,,12:00 AM,11:59 PM,Adoration,daily,English,Immaculate Conception,,,,,chapel; note: Perpetual. Contact Parish Office for after-hours access
All Saints,"152 Main St, Richford, Vermont 05476",(802) 848-7741,Mass,Mon,8:00 AM,,Mass,specific_weekday,english,All Saints,,,,,
All Saints,"152 Main St, Richford, Vermont 05476",(802) 848-7741,Mass,Tue,6:00 PM,,Mass,specific_weekday,english,All Saints,,,,,
All Saints,"152 Main St, Richford, Vermont 05476",(802) 848-7741,Mass,Wed,8:00 AM,,Mass,specific_weekday,english,All Saints,,,,,
All Saints,"152 Main St, Richford, Vermont 05476",(802) 848-7741,Mass,Fri,8:00 AM,,Mass,specific_weekday,english,All Saints,,,,,
All Saints,"152 Main St, Richford, Vermont 05476",(802) 848-7741,Mass,Sat,5:00 PM,,Celebration of the Most Holy Mass,saturday,english,All Saints,,,,,vigil
All Saints,"152 Main St, Richford, Vermont 05476",(802) 848-7741,Mass,Sun,8:15 AM,,Mass,sunday,english,All Saints,,,,,
All Saints,"152 Main St, Richford, Vermont 05476",(802) 848-7741,Mass,,8:00 AM,,Daily Mass,special_event,English,,,2026-01-16,,,Daily Mass
All Saints,"152 Main St, Richford, Vermont 05476",(802) 848-7741,Confession,Sat,4:15 PM,4:45 PM,Sacrament of Reconciliation,saturday,English,All Saints,,,,,
All Saints,"152 Main St, Richford, Vermont 05476",(802) 848-7741,Confession,Sat,4:15 PM,,Confessions,other,English,,,,,,"Sundays 07:30, and by appointment; at All Saints"
All Saints,"152 Main St, Richford, Vermont 05476",(802) 848-7741,Confession,Sun,7:30 AM,8:00 AM,Sacrament of Reconciliation,sunday,English,All Saints,,,,,
All Saints,"152 Main St, Richford, Vermont 05476",(802) 848-7741,Devotions,Fri,9:00 AM,10:00 AM,Rosary Cenacles,specific_weekday,English,All Saints,,,,,
All Saints,"152 Main St, Richford, Vermont 05476",(802) 848-7741,Devotions,,9:00 AM,10:00 AM,Friday Rosary Cenacles,special_event,English,,,2026-01-16,,,Friday Rosary Cenacles
All Saints (Gate of Heaven Parish),"163 Main St, Lancaster, New Hampshire 03584",(603) 788-2083 or (603) 788-5553 (Emergencies only),Mass,Sun,10:00 AM,,Mass,sunday,English,All Saints Church,,,,,livestream
All Saints (Gate of Heaven Parish),"163 Main St, Lancaster, New Hampshire 03584",(603) 788-2083 or (603) 788-5553 (Emergencies only),Community,,6:00 PM,,KofC #1624 Planning Meeting,special_event,English,All Saints Church St. Joseph's Room,,2026-03-02,,,KofC #1624 Planning Meeting; note: 18:00 Dinner 18:30 Rosary 19:00-20:00 Business Meeting
All Saints (Gate of Heaven Parish),"163 Main St, Lancaster, New Hampshire 03584",(603) 788-2083 or (603) 788-5553 (Emergencies only),Community,,6:00 PM,7:00 PM,KofC #1624 Planning Meeting,parish_event,English,All Saints Church St. Joseph's Room,,,,,18:00 Dinner 18:30 Rosary 19:00-20:00 Business Meeting
All Saints (Gate of Heaven Parish),"163 Main St, Lancaster, New Hampshire 03584",(603) 788-2083 or (603) 788-5553 (Emergencies only),Other,,3:00 PM,,Cenacle of St. Monica,special_event,English,,,2026-02-26,,,Cenacle of St. Monica; note: All are welcome to join
All Saints (Gate of Heaven Parish),"163 Main St, Lancaster, New Hampshire 03584",(603) 788-2083 or (603) 788-5553 (Emergencies only),Other,,3:00 PM,,Cenacle of St. Monica,special_event,English,,,2026-03-12,,,Cenacle of St. Monica; note: All are welcome to join
All Saints (Gate of Heaven Parish),"163 Main St, Lancaster, New Hampshire 03584",(603) 788-2083 or (603) 788-5553 (Emergencies only),Other,,3:00 PM,5:00 PM,Cenacle of St. Monica,parish_event,English,,,,,,
Annunciation of the Blessed Virgin Mary,"7 Depot St, Ludlow, Vermont 05149",(802) 228-3451,Mass,Mon,8:00 AM,,Mass,specific_weekday,english,Church of the Annunciation,,,,,
Annunciation of the Blessed Virgin Mary,"7 Depot St, Ludlow, Vermont 05149",(802) 228-3451,Mass,Tue,5:30 PM,,Mass,specific_weekday,english,Church of the Annunciation,,,,,
Annunciation of the Blessed Virgin Mary,"7 Depot St, Ludlow, Vermont 05149",(802) 228-3451,Mass,Wed,8:00 AM,,Mass,specific_weekday,english,Church of the Annunciation,,,,,
Annunciation of the Blessed Virgin Mary,"7 Depot St, Ludlow, Vermont 05149",(802) 228-3451,Mass,Fri,8:00 AM,,Mass,specific_weekday,english,Church of the Annunciation,,,,,
Annunciation of the Blessed Virgin Mary,"7 Depot St, Ludlow, Vermont 05149",(802) 228-3451,Mass,Sat,4:30 PM,,Mass,saturday,english,Church of the Annunciation,,,,,vigil
Annunciation of the Blessed Virgin Mary,"7 Depot St, Ludlow, Vermont 05149",(802) 228-3451,Mass,Sun,9:00 AM,,Mass,sunday,english,Church of the Annunciation,,,,,
Annunciation of the Blessed Virgin Mary,"7 Depot St, Ludlow, Vermont 05149",(802) 228-3451,Mass,,4:30 PM,5:30 PM,Mass,special_event,English,Church of the Annunciation,,2026-01-17,,,Mass
Annunciation of the Blessed Virgin Mary,"7 Depot St, Ludlow, Vermont 05149",(802) 228-3451,Mass,,9:00 AM,10:00 AM,Mass,special_event,English,Church of the Annunciation,,2026-01-18,,,Mass
Annunciation of the Blessed Virgin Mary,"7 Depot St, Ludlow, Vermont 05149",(802) 228-3451,Confession,Tue,6:00 PM,7:00 PM,Confession,specific_weekday,English,Church of the Annunciation,,,,,
Annunciation of the Blessed Virgin Mary,"7 Depot St, Ludlow, Vermont 05149",(802) 228-3451,Confession,Sat,3:45 PM,4:15 PM,Confession,saturday,English,Church of the Annunciation,,,,,
Annunciation of the Blessed Virgin Mary,"7 Depot St, Ludlow, Vermont 05149",(802) 228-3451,Confession,,3:45 PM,4:15 PM,Confession,special_event,English,Church of the Annunciation,,2026-01-17,,,Confession
Annunciation of the Blessed Virgin Mary,"7 Depot St, Ludlow, Vermont 05149",(802) 228-3451,Adoration,Tue,6:00 PM,7:00 PM,Adoration,specific_weekday,English,Church of the Annunciation,,,,,
Aquinas House at Dartmouth College,"2 Occom Ridge, Hanover, New Hampshire 03755",(603) 643-2154,Mass,Mon,5:00 PM,,Mass,specific_weekday,English,,,,,,also available by appointment
Aquinas House at Dartmouth College,"2 Occom Ridge, Hanover, New Hampshire 03755",(603) 643-2154,Mass,Tue,5:00 PM,,Mass,specific_weekday,English,,,,,,also available by appointment
Aquinas House at Dartmouth College,"2 Occom Ridge, Hanover, New Hampshire 03755",(603) 643-2154,Mass,Wed,5:00 PM,,Mass,specific_weekday,English,,,,,,also available by appointment
Aquinas House at Dartmouth College,"2 Occom Ridge, Hanover, New Hampshire 03755",(603) 643-2154,Mass,Thu,5:00 PM,,Mass,specific_weekday,English,,,,,,also available by appointment
Aquinas House at Dartmouth College,"2 Occom Ridge, Hanover, New Hampshire 03755",(603) 643-2154,Mass,Sun,11:00 AM,,Mass,sunday,English,,,,,,also available by appointment
Aquinas House at Dartmouth College,"2 Occom Ridge, Hanover, New Hampshire 03755",(603) 643-2154,Mass,Sun,7:30 PM,,Mass,sunday,English,,,,,,also available by appointment
Aquinas House at Dartmouth College,"2 Occom Ridge, Hanover, New Hampshire 03755",(603) 643-2154,Adoration,Mon,5:30 PM,6:30 PM,Adoration,other,English,,,,,,exposition
Aquinas House at Dartmouth College,"2 Occom Ridge, Hanover, New Hampshire 03755",(603) 643-2154,Other,,6:30 PM,,Community Dinner for Students,parish_event,English,,,,,,
Ascension,"3157 Ethan Allen Hwy, Georgia, Vermont 05468",(802) 849-6205,Mass,Wed,9:00 AM,,Mass,specific_weekday,english,Ascension,,,,,
Ascension,"3157 Ethan Allen Hwy, Georgia, Vermont 05468",(802) 849-6205,Mass,Fri,9:00 AM,,Mass,specific_weekday,english,Ascension,,,,,
Ascension,"3157 Ethan Allen Hwy, Georgia, Vermont 05468",(802) 849-6205,Mass,Sun,8:30 AM,,Mass,sunday,english,Ascension,,,,,
Ascension,"3157 Ethan Allen Hwy, Georgia, Vermont 05468",(802) 849-6205,Mass,,9:00 AM,,Ash Wednesday Mass,special_event,English,Ascension,,2026-02-18,,,Ash Wednesday Mass
Ascension,"3157 Ethan Allen Hwy, Georgia, Vermont 05468",(802) 849-6205,Confession,Sun,8:00 AM,8:25 AM,Confessions,sunday,english,Ascension,,,,,
Ascension,"3157 Ethan Allen Hwy, Georgia, Vermont 05468",(802) 849-6205,Confession,,TBD,,Confessions,parish_event,English,,,,,,by appointment; note: call rectory at 802-849-6205
Assumption of the Blessed Virgin Mary,"326 College St, Middlebury, Vermont 05753",(802) 388-2943,Mass,Mon,5:15 PM,,Mass,specific_weekday,English,,,,,,
Assumption of the Blessed Virgin Mary,"326 College St, Middlebury, Vermont 05753",(802) 388-2943,Mass,,5:15 PM,,Mass,special_event,English,,,2026-03-23,,,Mass; Holy Week
Assumption of the Blessed Virgin Mary,"326 College St, Middlebury, Vermont 05753",(802) 388-2943,Mass,,7:00 PM,,Mass of the Lord’s Supper,special_event,English,,,2026-03-26,,,Mass of the Lord’s Supper; Holy Thursday
Assumption of the Blessed Virgin Mary,"326 College St, Middlebury, Vermont 05753",(802) 388-2943,Mass,,7:30 PM,,Easter Vigil,special_event,English,,,2026-03-28,,,Easter Vigil; Holy Saturday; vigil
Assumption of the Blessed Virgin Mary,"326 College St, Middlebury, Vermont 05753",(802) 388-2943,Mass,,8:00 AM,,Mass,special_event,English,,,2026-03-25,,,Mass; Holy Week
Assumption of the Blessed Virgin Mary,"326 College St, Middlebury, Vermont 05753",(802) 388-2943,Confession,Mon,4:30 PM,5:30 PM,Confessions,specific_weekday,English,,,,,,
Assumption of the Blessed Virgin Mary,"326 College St, Middlebury, Vermont 05753",(802) 388-2943,Confession,Tue,5:45 PM,6:30 PM,Confessions,specific_weekday,English,,,,,,
Assumption of the Blessed Virgin Mary,"326 College St, Middlebury, Vermont 05753",(802) 388-2943,Confession,Wed,8:30 AM,9:00 AM,Confessions,specific_weekday,English,,,,,,
Assumption of the Blessed Virgin Mary,"326 College St, Middlebury, Vermont 05753",(802) 388-2943,Confession,Sat,4:30 PM,5:00 PM,Confessions,saturday,English,,,,,,
Assumption of the Blessed Virgin Mary,"326 College St, Middlebury, Vermont 05753",(802) 388-2943,Confession,,4:30 PM,5:30 PM,Confessions,special_event,English,,,2026-03-23,,,Confessions; Holy Week
Assumption of the Blessed Virgin Mary,"326 College St, Middlebury, Vermont 05753",(802) 388-2943,Confession,,5:45 PM,6:30 PM,Confessions,special_event,English,,,2026-03-24,,,Confessions; Holy Week
Assumption of the Blessed Virgin Mary,"326 College St, Middlebury, Vermont 05753",(802) 388-2943,Confession,,6:20 PM,,Confessions,special_event,English,,,2026-02-18,,,Confessions; Lent
Assumption of the Blessed Virgin Mary,"326 College St, Middlebury, Vermont 05753",(802) 388-2943,Confession,,8:30 AM,9:00 AM,Confessions,special_event,English,,,2026-03-25,,,Confessions; Holy Week
Assumption of the Blessed Virgin Mary,"326 College St, Middlebury, Vermont 05753",(802) 388-2943,Adoration,Mon,5:30 PM,6:30 PM,Adoration,other,English,,,,,,exposition
Assumption of the Blessed Virgin Mary,"326 College St, Middlebury, Vermont 05753",(802) 388-2943,Adoration,,8:15 PM,9:15 PM,Adoration,special_event,English,,,2026-03-26,,,Adoration; Holy Thursday; exposition
Assumption of the Blessed Virgin Mary,"326 College St, Middlebury, Vermont 05753",(802) 388-2943,Devotions,Tue,4:45 PM,,Rosary,specific_weekday,English,,,,,,
Assumption of the Blessed Virgin Mary,"326 College St, Middlebury, Vermont 05753",(802) 388-2943,Devotions,,2:00 PM,3:00 PM,Divine Mercy Service,special_event,English,,,2026-04-05,,,Divine Mercy Service; Divine Mercy Sunday
Assumption of the Blessed Virgin Mary,"326 College St, Middlebury, Vermont 05753",(802) 388-2943,Devotions,,4:45 PM,,Rosary,special_event,English,,,2026-03-24,,,Rosary; Holy Week
Assumption of the Blessed Virgin Mary,"326 College St, Middlebury, Vermont 05753",(802) 388-2943,Devotions,,7:00 PM,,Stations of the Cross,special_event,English,,,2026-03-27,,,Stations of the Cross; Good Friday
Assumption of the Blessed Virgin Mary,"326 College St, Middlebury, Vermont 05753",(802) 388-2943,Other,,3:00 PM,,Liturgy of the Lord’s Passion,special_event,English,,,2026-03-27,,,Liturgy of the Lord’s Passion; Good Friday
Assumption of the Blessed Virgin Mary,"326 College St, Middlebury, Vermont 05753",(802) 388-2943,Sacraments,,TBD,,First Communion,special_event,English,,,2025-05-18,,,First Communion
Blessed Sacrament,"728 Mountain Rd, Stowe, Vermont 05672",(802) 253-7536,Mass,Mon,12:00 PM,,Mass,specific_weekday,english,Blessed Sacrament Church,,,,,
Blessed Sacrament,"221 Federal St, Greenfield, Massachusetts 01301",(413) 773-3311,Mass,Mon,8:30 AM,,Mass,specific_weekday,english,Blessed Sacrament Church,,,,,
Blessed Sacrament,"221 Federal St, Greenfield, Massachusetts 01301",(413) 773-3311,Mass,Tue,8:30 AM,,Mass,specific_weekday,english,Blessed Sacrament Church,,,,,
Blessed Sacrament,"728 Mountain Rd, Stowe, Vermont 05672",(802) 253-7536,Mass,Tue,8:30 AM,,Mass,specific_weekday,english,Blessed Sacrament Church,,,,,
Blessed Sacrament,"221 Federal St, Greenfield, Massachusetts 01301",(413) 773-3311,Mass,Wed,6:00 PM,,Mass,specific_weekday,english,Adoration Chapel,,,,,chapel
Blessed Sacrament,"728 Mountain Rd, Stowe, Vermont 05672",(802) 253-7536,Mass,Wed,8:30 AM,,Mass,specific_weekday,english,Blessed Sacrament Church,,,,,note: every other week - see bulletin
Blessed Sacrament,"728 Mountain Rd, Stowe, Vermont 05672",(802) 253-7536,Mass,Fri,8:30 AM,,Mass,specific_weekday,english,Blessed Sacrament Church,,,,,
Blessed Sacrament,"221 Federal St, Greenfield, Massachusetts 01301",(413) 773-3311,Mass,Sat,4:00 PM,,Mass,saturday,english,Blessed Sacrament Church,,,,,vigil
Blessed Sacrament,"728 Mountain Rd, Stowe, Vermont 05672",(802) 253-7536,Mass,Sat,4:30 PM,,Mass,saturday,english,Blessed Sacrament Church,,,,,
Blessed Sacrament,"728 Mountain Rd, Stowe, Vermont 05672",(802) 253-7536,Mass,Sun,10:30 AM,,Mass,sunday,english,Blessed Sacrament Church,,,,,
Blessed Sacrament,"221 Federal St, Greenfield, Massachusetts 01301",(413) 773-3311,Mass,Sun,11:00 AM,,Mass,sunday,english,Blessed Sacrament Church,,,,,
Blessed Sacrament,"728 Mountain Rd, Stowe, Vermont 05672",(802) 253-7536,Mass,Sun,8:00 AM,,Mass,sunday,english,Blessed Sacrament Church,,,,,
Blessed Sacrament,"728 Mountain Rd, Stowe, Vermont 05672",(802) 253-7536,Mass,,12:00 PM,,Ash Wednesday Mass,special_event,English,Blessed Sacrament Church,,2026-02-18,,,Ash Wednesday Mass
Blessed Sacrament,"221 Federal St, Greenfield, Massachusetts 01301",(413) 773-3311,Mass,,8:30 AM,,Mass,special_event,English,Blessed Sacrament Church,,2026-02-18,,,Mass
Blessed Sacrament,"221 Federal St, Greenfield, Massachusetts 01301",(413) 773-3311,Confession,Wed,5:00 PM,5:45 PM,Confession,specific_weekday,English,Blessed Sacrament Church,,,,,
Blessed Sacrament,"221 Federal St, Greenfield, Massachusetts 01301",(413) 773-3311,Confession,Sat,2:30 PM,3:30 PM,Confession,saturday,English,Blessed Sacrament Church,,,,,
Blessed Sacrament,"728 Mountain Rd, Stowe, Vermont 05672",(802) 253-7536,Confession,Sat,3:30 PM,4:00 PM,Confession,saturday,English,Blessed Sacrament Church,,,,,note: or by appointment
Blessed Sacrament,"728 Mountain Rd, Stowe, Vermont 05672",(802) 253-7536,Adoration,Mon,11:00 AM,12:00 PM,Adoration,specific_weekday,English,Blessed Sacrament Church,,,,,exposition
Blessed Sacrament,"728 Mountain Rd, Stowe, Vermont 05672",(802) 253-7536,Adoration,Tue,7:30 AM,8:30 AM,Adoration,specific_weekday,English,Blessed Sacrament Church,,,,,exposition
Blessed Sacrament,"728 Mountain Rd, Stowe, Vermont 05672",(802) 253-7536,Adoration,Wed,7:30 AM,8:30 AM,Adoration,specific_weekday,English,Blessed Sacrament Church,,,,,exposition; note: alternate weeks - see bulletin
Blessed Sacrament,"728 Mountain Rd, Stowe, Vermont 05672",(802) 253-7536,Adoration,Fri,7:30 AM,8:30 AM,Adoration,specific_weekday,English,Blessed Sacrament Church,,,,,exposition
Blessed Sacrament,"728 Mountain Rd, Stowe, Vermont 05672",(802) 253-7536,Adoration,,11:00 AM,,Adoration,special_event,English,Blessed Sacrament Church,,2026-02-18,,,Adoration; Ash Wednesday
Blessed Sacrament,"728 Mountain Rd, Stowe, Vermont 05672",(802) 253-7536,Other,,5:30 PM,,Shrove Tuesday pancake supper,special_event,English,Blessed Sacrament Church,,2026-02-17,,,Shrove Tuesday pancake supper; RSVP by Sunday 2/15
Blessed Sacrament,"728 Mountain Rd, Stowe, Vermont 05672",(802) 253-7536,Other,,9:00 AM,,Caring Crafters,special_event,English,Blessed Sacrament Church,,2026-02-18,,,Caring Crafters; Bring your own projects
Blessed Sacrament (Formally Blessed Sacrament-Hague Summer Church),"9790 Graphite Mountain Rd, Hague, New York 12836",(518) 824-1176,Other,,9:00 AM,,Event,special_event,English,,,2026-03-12,,,Event; note: ends at 16:00
Blessed Sacrament Church,"7 Goodman Ave, Bolton Landing, New York 12814",518-824-1176,Devotions,Tue,9:00 AM,,Rosary,specific_weekday,English,"Blessed Sacrament, Bolton Landing",,,,,
Blessed Sacrament Church,"7 Goodman Ave, Bolton Landing, New York 12814",518-824-1176,Other,,11:30 AM,12:30 PM,Coffee Hour,parish_event,English,Blessed Sacrament,,2026-02-22,,,note recurring: immediately following the 10:30 a.m. Mass
Cathedral of St. Joseph,"29 Allen St, Burlington, Vermont 05401",(802) 658-4333,Mass,Mon,12:05 PM,,Mass,weekday,english,English,,,,,
Cathedral of St. Joseph,"29 Allen St, Burlington, Vermont 05401",(802) 658-4333,Mass,Tue,12:05 PM,,Mass,weekday,english,English,,,,,
Cathedral of St. Joseph,"29 Allen St, Burlington, Vermont 05401",(802) 658-4333,Mass,Wed,12:05 PM,,Mass,weekday,english,English,,,,,
Cathedral of St. Joseph,"29 Allen St, Burlington, Vermont 05401",(802) 658-4333,Mass,Thu,12:05 PM,,Mass,weekday,english,English,,,,,
Cathedral of St. Joseph,"29 Allen St, Burlington, Vermont 05401",(802) 658-4333,Mass,Fri,12:05 PM,,Mass,weekday,english,English,,,,,
Cathedral of St. Joseph,"29 Allen St, Burlington, Vermont 05401",(802) 658-4333,Mass,Sat,4:00 PM,,Mass,saturday,english,,,,,,
Cathedral of St. Joseph,"29 Allen St, Burlington, Vermont 05401",(802) 658-4333,Mass,Sat,8:00 AM,,Mass,saturday,english,,,,,,
Cathedral of St. Joseph,"29 Allen St, Burlington, Vermont 05401",(802) 658-4333,Mass,Sun,10:00 AM,,Mass,sunday,english,,,,,,
Cathedral of St. Joseph,"29 Allen St, Burlington, Vermont 05401",(802) 658-4333,Confession,Mon,11:30 AM,12:00 PM,Confessions,weekday,English,,,,,,note: Monday only
Cathedral of St. Joseph,"29 Allen St, Burlington, Vermont 05401",(802) 658-4333,Confession,Sat,2:30 PM,3:00 PM,Confessions,saturday,English,Downstairs in the Confessional,,,,,
Cathedral of St. Joseph,"29 Allen St, Burlington, Vermont 05401",(802) 658-4333,Confession,Sat,8:30 AM,9:00 AM,Confessions,saturday,English,Downstairs in the Confessional,,,,,
Cathedral of St. Joseph,"29 Allen St, Burlington, Vermont 05401",(802) 658-4333,Devotions,Fri,5:30 PM,,Stations of the Cross,specific_weekday,English,Upstairs Church,,,,,note: Fridays in Lent
Cathedral of St. Joseph,"29 Allen St, Burlington, Vermont 05401",(802) 658-4333,Education,,TBD,,Religious Education Classes,parish_event,English,,,,,,2026-02; check bulletin
Cathedral of St. Joseph,"29 Allen St, Burlington, Vermont 05401",(802) 658-4333,Other,Sun,TBD,,Coffee Hour,other,English,,,,after,Mass,2026-02- after the 10:00 Mass
Cathedral of St. Joseph,"29 Allen St, Burlington, Vermont 05401",(802) 658-4333,Other,,TBD,,Ash Wednesday,special_event,English,,,2026-02-18,,,Ash Wednesday; check bulletin; note: Collection for Catholic Charities
Chapel of St. Augustine,"390 S Prospect St, Burlington, Vermont 05401",(802) 862-8403,Mass,Mon,6:00 PM,,Mass,specific_weekday,english,The Catholic Center at UVM,,,,,
Chapel of St. Augustine,"390 S Prospect St, Burlington, Vermont 05401",(802) 862-8403,Mass,Tue,6:00 PM,,Mass,specific_weekday,english,The Catholic Center at UVM,,,,,
Chapel of St. Augustine,"390 S Prospect St, Burlington, Vermont 05401",(802) 862-8403,Mass,Wed,12:15 PM,,Mass,specific_weekday,english,The Catholic Center at UVM,,,,,
Chapel of St. Augustine,"390 S Prospect St, Burlington, Vermont 05401",(802) 862-8403,Mass,Thu,6:00 PM,,Mass,specific_weekday,english,The Catholic Center at UVM,,,,,
Chapel of St. Augustine,"390 S Prospect St, Burlington, Vermont 05401",(802) 862-8403,Mass,Fri,7:30 AM,,Mass,specific_weekday,english,The Catholic Center at UVM,,,,,
Chapel of St. Augustine,"390 S Prospect St, Burlington, Vermont 05401",(802) 862-8403,Mass,Sun,10:00 AM,,Mass,sunday,english,The Catholic Center at UVM,,,,,
Chapel of St. Augustine,"390 S Prospect St, Burlington, Vermont 05401",(802) 862-8403,Mass,Sun,7:30 PM,,Mass,sunday,english,The Catholic Center at UVM,,,,,
Chapel of St. Augustine,"390 S Prospect St, Burlington, Vermont 05401",(802) 862-8403,Confession,,TBD,,Confessions,other,English,,,,before,Mass,One half-hour before all Masses and by appointment.
Chapel of St. Augustine,"390 S Prospect St, Burlington, Vermont 05401",(802) 862-8403,Adoration,Mon,4:30 PM,6:00 PM,Adoration,specific_weekday,English,The Catholic Center at UVM,,,,,exposition; note: While school is in session
Chapel of St. Augustine,"390 S Prospect St, Burlington, Vermont 05401",(802) 862-8403,Adoration,Tue,4:30 PM,6:00 PM,Adoration,specific_weekday,English,The Catholic Center at UVM,,,,,exposition; note: While school is in session
Chapel of St. Augustine,"390 S Prospect St, Burlington, Vermont 05401",(802) 862-8403,Adoration,Wed,12:45 PM,1:45 PM,Adoration,specific_weekday,English,The Catholic Center at UVM,,,,,exposition; note: While school is in session
Chapel of St. Augustine,"390 S Prospect St, Burlington, Vermont 05401",(802) 862-8403,Adoration,Thu,4:30 PM,6:00 PM,Adoration,specific_weekday,English,The Catholic Center at UVM,,,,,exposition; note: While school is in session
Chapel of St. Augustine,"390 S Prospect St, Burlington, Vermont 05401",(802) 862-8403,Adoration,Fri,8:00 AM,9:00 AM,Adoration,specific_weekday,English,The Catholic Center at UVM,,,,,exposition; note: While school is in session
Chapel of St. Augustine,"390 S Prospect St, Burlington, Vermont 05401",(802) 862-8403,Other,,6:30 PM,8:00 PM,Trivia Night,special_event,English,The Catholic Center at UVM,,2026-01-29,,,Bring your friends and join us for a Trivia Night with Justin Holden on Thursday; January 29 at 6:30 pm.
Chapel of St. Augustine,"390 S Prospect St, Burlington, Vermont 05401",(802) 862-8403,Other,,6:45 PM,8:30 PM,Interfaith Dinner,special_event,English,The Catholic Center at UVM,,2026-01-22,,,Interfaith Dinner; Join the Catholic Center and the Interfaith Center as we co-host our annual Interfaith Chili Dinner on Thursday; January 22! Enjoy a hot bowl of chili and a dessert while connecting with old friends and making new ones. This event is open to all members of the UVM community.
Chapel of St. Augustine,"390 S Prospect St, Burlington, Vermont 05401",(802) 862-8403,Other,,TBD,,60th Anniversary,special_event,English,"The Old Lantern, Charlotte, VT",,2026-05-01,,,Anniversary TIME_TBD; SAINTHOOD OR BUST!
Chapel of St. Joseph,"High St, Londonderry, Vermont 05148",18028752610,Other,,TBD,,"Brunswick, Maine Data Center Expansion Results in Additional Power and Increased Capacity",special_event,English,"Albany, NY",,2025-02-04,,,"Brunswick, Maine Data Center Expansion Results in Additional Power and Increased Capacity TIME_TBD; Press Releases"
Chapel of St. Joseph,"High St, Londonderry, Vermont 05148",18028752610,Other,,TBD,,FirstLight Launches the Next Phase of its Unified Communications Evolution,special_event,English,"Albany, NY",,2025-04-09,,,FirstLight Launches the Next Phase of its Unified Communications Evolution TIME_TBD; Press Releases
Chapel of St. Joseph,"High St, Londonderry, Vermont 05148",18028752610,Other,,TBD,,"FirstLight Announces High-Impact Cloud Connect Summit in Rochester, Showcasing Leaders in Cybersecurity, AI, and Cloud Innovation",special_event,English,"Albany, NY",,2025-09-11,,,"FirstLight Announces High-Impact Cloud Connect Summit in Rochester, Showcasing Leaders in Cybersecurity, AI, and Cloud Innovation TIME_TBD; Press Releases"
Chapel of St. Joseph,"High St, Londonderry, Vermont 05148",18028752610,Other,,TBD,,"FirstLight Chosen by Major Hyperscaler to Deliver 280-Mile, AI-Ready Fiber Network Across Pennsylvania",special_event,English,"Albany, NY",,2025-09-18,,,"FirstLight Chosen by Major Hyperscaler to Deliver 280-Mile, AI-Ready Fiber Network Across Pennsylvania TIME_TBD; Press Releases"
Chapel of St. Michael the Archangel,"810 Campus Rd, Colchester, Vermont 05439",(802) 654-2000,Mass,Mon,11:30 AM,,Mass,weekday,English,,,,,,
Chapel of St. Michael the Archangel,"810 Campus Rd, Colchester, Vermont 05439",(802) 654-2000,Mass,Tue,11:30 AM,,Mass,weekday,English,,,,,,
Chapel of St. Michael the Archangel,"810 Campus Rd, Colchester, Vermont 05439",(802) 654-2000,Mass,Wed,11:30 AM,,Mass,weekday,English,,,,,,
Chapel of St. Michael the Archangel,"810 Campus Rd, Colchester, Vermont 05439",(802) 654-2000,Mass,Thu,11:30 AM,,Mass,weekday,English,,,,,,
Chapel of St. Michael the Archangel,"810 Campus Rd, Colchester, Vermont 05439",(802) 654-2000,Mass,Fri,11:30 AM,,Mass,weekday,English,,,,,,
Chapel of St. Michael the Archangel,"810 Campus Rd, Colchester, Vermont 05439",(802) 654-2000,Mass,Sun,11:00 AM,,Mass,sunday,English,,,,,,
Chapel of St. Michael the Archangel,"810 Campus Rd, Colchester, Vermont 05439",(802) 654-2000,Mass,Sun,7:00 PM,,Mass,sunday,English,,,,,,
Chapel of St. Michael the Archangel,"810 Campus Rd, Colchester, Vermont 05439",(802) 654-2000,Mass,,11:00 AM,,Mass,special_event,English,,,2025-12-25,,,Mass
Chapel of St. Michael the Archangel,"810 Campus Rd, Colchester, Vermont 05439",(802) 654-2000,Mass,,4:00 PM,,Mass Vigil,special_event,English,,,2025-12-24,,,Mass Vigil
Chapel of St. Michael the Archangel,"810 Campus Rd, Colchester, Vermont 05439",(802) 654-2000,Confession,Sun,TBD,,Sacrament of Reconciliation,other,English,,,,after,Mass,Fourth of each month after each Mass; or by appointment any time
Chapel of the North American Martyrs,"151 Old State Rd, Lanesboro, Massachusetts 01237",,Devotions,Mon,8:00 AM,,Rosary,specific_weekday,English,before each 8:30 Mass,,,,,
Chapel of the North American Martyrs,"151 Old State Rd, Lanesboro, Massachusetts 01237",,Devotions,Tue,8:00 AM,,Rosary,specific_weekday,English,before each 8:30 Mass,,,,,
Chapel of the North American Martyrs,"151 Old State Rd, Lanesboro, Massachusetts 01237",,Devotions,Wed,8:00 AM,,Rosary,specific_weekday,English,before each 8:30 Mass,,,,,
Chapel of the North American Martyrs,"151 Old State Rd, Lanesboro, Massachusetts 01237",,Devotions,Thu,8:00 AM,,Rosary,specific_weekday,English,before each 8:30 Mass,,,,,
Chapel of the Snows,"749 Stratton Mountain Rd, Stratton Mountain, Vermont 05340",802-387-5861,Mass,Sat,4:30 PM,,Mass,saturday,English,Chapel of the Snows,,,,,During the winter months only
Chapel of the Snows,"749 Stratton Mountain Rd, Stratton Mountain, Vermont 05340",802-387-5861,Mass,Sun,12:30 PM,,Mass,sunday,English,Chapel of the Snows,,,,,
Christ Our Savior Parish,"398 Bonnet St, Manchester Center, Vermont 05255",(802) 362-1380,Mass,Tue,8:00 AM,,Mass,specific_weekday,english,398 Bonnet Street,,,,,
Christ Our Savior Parish,"398 Bonnet St, Manchester Center, Vermont 05255",(802) 362-1380,Mass,Fri,8:00 AM,,Mass,specific_weekday,english,398 Bonnet Street,,,,,
Christ Our Savior Parish,"398 Bonnet St, Manchester Center, Vermont 05255",(802) 362-1380,Mass,Sat,5:30 PM,,Mass,saturday,english,398 Bonnet Street,,,,,vigil
Christ Our Savior Parish,"398 Bonnet St, Manchester Center, Vermont 05255",(802) 362-1380,Mass,Sun,10:00 AM,,Mass,sunday,english,398 Bonnet Street,,,,,
Christ Our Savior Parish,"398 Bonnet St, Manchester Center, Vermont 05255",(802) 362-1380,Mass,Sun,8:00 AM,,Mass,sunday,english,398 Bonnet Street,,,,,
Christ Our Savior Parish,"398 Bonnet St, Manchester Center, Vermont 05255",(802) 362-1380,Mass,,10:00 AM,,Easter Sunday Mass,special_event,english,398 Bonnet Street,,2026-04-05,,,Easter Sunday Mass
Christ Our Savior Parish,"398 Bonnet St, Manchester Center, Vermont 05255",(802) 362-1380,Mass,,7:00 PM,,Holy Thursday Mass,special_event,english,398 Bonnet Street,,2026-04-02,,,Holy Thursday Mass
Christ Our Savior Parish,"398 Bonnet St, Manchester Center, Vermont 05255",(802) 362-1380,Mass,,8:00 AM,,Ash Wednesday Mass,special_event,english,398 Bonnet Street,,2026-02-18,,,Ash Wednesday Mass
Christ Our Savior Parish,"398 Bonnet St, Manchester Center, Vermont 05255",(802) 362-1380,Mass,,8:00 AM,,Easter Sunday Mass,special_event,english,398 Bonnet Street,,2026-04-05,,,Easter Sunday Mass
Christ Our Savior Parish,"398 Bonnet St, Manchester Center, Vermont 05255",(802) 362-1380,Mass,,8:00 PM,,Easter Vigil Mass,special_event,english,398 Bonnet Street,,2026-04-04,,,Easter Vigil Mass
Christ Our Savior Parish,"398 Bonnet St, Manchester Center, Vermont 05255",(802) 362-1380,Confession,Sat,6:30 PM,,Confessions,saturday,English,398 Bonnet Street,,,,,After the 5:30 pm Vigil Mass
Christ Our Savior Parish,"398 Bonnet St, Manchester Center, Vermont 05255",(802) 362-1380,Other,,5:30 PM,,Ash Wednesday Liturgy of the Word & Ashes,special_event,english,398 Bonnet Street,,2026-02-18,,,Ash Wednesday Liturgy of the Word & Ashes
Christ Our Savior Parish,"398 Bonnet St, Manchester Center, Vermont 05255",(802) 362-1380,Other,,5:30 PM,,Good Friday Service,special_event,english,398 Bonnet Street,,2026-04-03,,,Good Friday Service
Christ The King and St. Anthony Parish - St. Anthony,"305 Flynn Ave, Burlington, Vermont 05401",(802) 862-5784,Mass,Mon,7:15 AM,,Mass,specific_weekday,English,St. Anthony,,,,,note: Extraordinary Form
Christ The King and St. Anthony Parish - St. Anthony,"305 Flynn Ave, Burlington, Vermont 05401",(802) 862-5784,Mass,Wed,5:30 PM,,Mass,specific_weekday,English,St. Anthony,,,,,note: Extraordinary Form
Christ The King and St. Anthony Parish - St. Anthony,"305 Flynn Ave, Burlington, Vermont 05401",(802) 862-5784,Mass,Thu,5:30 PM,,Mass,specific_weekday,English,St. Anthony,,,,,note: Extraordinary Form
Christ The King and St. Anthony Parish - St. Anthony,"305 Flynn Ave, Burlington, Vermont 05401",(802) 862-5784,Mass,Fri,7:15 AM,,Mass,specific_weekday,English,St. Anthony,,,,,note: Extraordinary Form
Christ The King and St. Anthony Parish - St. Anthony,"305 Flynn Ave, Burlington, Vermont 05401",(802) 862-5784,Mass,Sat,4:15 PM,,Mass,saturday,english,St. Anthony,,,,,vigil
Christ The King and St. Anthony Parish - St. Anthony,"305 Flynn Ave, Burlington, Vermont 05401",(802) 862-5784,Mass,Sat,7:15 AM,,Mass,saturday,English,St. Anthony,,,,,note: Extraordinary Form
Christ The King and St. Anthony Parish - St. Anthony,"305 Flynn Ave, Burlington, Vermont 05401",(802) 862-5784,Mass,Sun,9:30 AM,,Mass,sunday,latin,St. Anthony,,,,,
Christ The King and St. Anthony Parish - St. Anthony,"305 Flynn Ave, Burlington, Vermont 05401",(802) 862-5784,Confession,Sat,3:30 PM,4:00 PM,Confession,saturday,English,St. Anthony,,,,,
Christ The King and St. Anthony Parish - St. Anthony,"305 Flynn Ave, Burlington, Vermont 05401",(802) 862-5784,Adoration,,5:30 PM,6:30 PM,Adoration,monthly,English,St. Anthony,first_friday_(recurring),,,,exposition
Christ The King and St. Anthony Parish - St. Anthony,"305 Flynn Ave, Burlington, Vermont 05401",(802) 862-5784,Other,,11:00 AM,,"Mary, Mother of God",special_event,English,St. Anthony,,2026-01-01,,,"Mary, Mother of God"
Christ The King and St. Anthony Parish - St. Anthony,"305 Flynn Ave, Burlington, Vermont 05401",(802) 862-5784,Other,,8:30 AM,,"Mary, Mother of God",special_event,English,St. Anthony,,2026-01-01,,,"Mary, Mother of God; Extraordinary Form"
Christ the King,"66 S Main St, Rutland, Vermont 05701",(802) 773-6820,Mass,Mon,4:45 PM,,Mass,specific_weekday,English,Christ the King,,,,,
Christ the King,"66 S Main St, Rutland, Vermont 05701",(802) 773-6820,Mass,Mon,6:45 AM,,Mass,specific_weekday,English,Christ the King,,,,,
Christ the King,"66 S Main St, Rutland, Vermont 05701",(802) 773-6820,Mass,Wed,4:45 PM,,Mass,specific_weekday,English,Christ the King,,,,,
Christ the King,"66 S Main St, Rutland, Vermont 05701",(802) 773-6820,Mass,Thu,6:45 AM,,Mass,specific_weekday,English,Christ the King,,,,,
Christ the King,"66 S Main St, Rutland, Vermont 05701",(802) 773-6820,Mass,Fri,4:45 PM,,Mass,specific_weekday,English,Christ the King,,,,,
Christ the King,"66 S Main St, Rutland, Vermont 05701",(802) 773-6820,Mass,Fri,6:45 AM,,Mass,specific_weekday,English,Christ the King,,,,,summer
Christ the King,"66 S Main St, Rutland, Vermont 05701",(802) 773-6820,Mass,Fri,8:30 AM,,Mass,specific_weekday,English,Christ the King,,,,,school year
Christ the King,"66 S Main St, Rutland, Vermont 05701",(802) 773-6820,Mass,Sat,4:00 PM,,Mass,saturday,english,Christ the King,,,,,vigil
Christ the King,"136 Locust St, Burlington, Vermont 05401",(802) 862-5784,Mass,Sun,11:00 AM,,Mass,sunday,english,Christ the King,,,,,
Christ the King,"136 Locust St, Burlington, Vermont 05401",(802) 862-5784,Mass,Sun,5:15 PM,,Mass,sunday,english,Christ the King,,,,,
Christ the King,"66 S Main St, Rutland, Vermont 05701",(802) 773-6820,Mass,Sun,7:30 AM,,Mass,sunday,english,Christ the King,,,,,
Christ the King,"136 Locust St, Burlington, Vermont 05401",(802) 862-5784,Mass,Sun,9:00 AM,,Mass,sunday,english,Christ the King,,,,,
Christ the King,"66 S Main St, Rutland, Vermont 05701",(802) 773-6820,Mass,Sun,9:30 AM,,Mass,sunday,english,Christ the King,,,,,
Christ the King,"136 Locust St, Burlington, Vermont 05401",(802) 862-5784,Confession,Thu,6:00 PM,7:00 PM,Confession,specific_weekday,English,Christ the King,,,,,
Christ the King,"66 S Main St, Rutland, Vermont 05701",(802) 773-6820,Confession,Fri,3:30 PM,4:00 PM,Confession,specific_weekday,English,Christ the King,,,,,
Christ the King,"66 S Main St, Rutland, Vermont 05701",(802) 773-6820,Confession,Sat,3:00 PM,3:45 PM,Confession,saturday,English,Christ the King,,,,,
Christ the King,"136 Locust St, Burlington, Vermont 05401",(802) 862-5784,Confession,Sun,4:30 PM,5:00 PM,Confession,sunday,English,Christ the King,,,,,
Christ the King,"66 S Main St, Rutland, Vermont 05701",(802) 773-6820,Confession,,3:30 PM,4:00 PM,Confessions,special_event,English,Christ the King,,2026-01-16,,,Confessions
Christ the King,"66 S Main St, Rutland, Vermont 05701",(802) 773-6820,Confession,,TBD,,Confession,parish_event,English,,,,,,Or call 773-6820 at any time for an appointment
Christ the King,"66 S Main St, Rutland, Vermont 05701",(802) 773-6820,Adoration,Thu,5:10 PM,6:00 PM,Adoration,specific_weekday,English,Christ the King,,,,,exposition
Christ the King,"136 Locust St, Burlington, Vermont 05401",(802) 862-5784,Adoration,Thu,6:00 PM,7:00 PM,Adoration,specific_weekday,English,Christ the King,,,,,exposition
Christ the King,"66 S Main St, Rutland, Vermont 05701",(802) 773-6820,Adoration,Fri,12:00 PM,2:30 PM,Adoration,specific_weekday,English,Christ the King,,,,,exposition
Christ the King,"66 S Main St, Rutland, Vermont 05701",(802) 773-6820,Devotions,,12:00 PM,2:30 PM,Holy Hour,special_event,English,Christ the King,,2026-01-16,,,Holy Hour; Adoration of the Blessed Sacrament
Christ the King,"66 S Main St, Rutland, Vermont 05701",(802) 773-6820,Devotions,,5:10 PM,6:00 PM,Holy Hour,special_event,English,Christ the King,,2026-01-22,,,Holy Hour; Adoration of the Blessed Sacrament
Christ the King,"136 Locust St, Burlington, Vermont 05401",(802) 862-5784,Other,,9:00 AM,,"Mary, Mother of God",special_event,English,Christ the King,,2026-01-01,,,"Mary, Mother of God"
Christ the King,"66 S Main St, Rutland, Vermont 05701",(802) 773-6820,Other,,9:30 AM,10:30 AM,Sunday Coffee Hour,special_event,English,Christ the King,,2026-01-18,,,Sunday Coffee Hour
Holy Angels,"522 Devil's Den Rd, Altona, New York 12910",518-236-5632,Mass,Mon,8:15 AM,,Mass,specific_weekday,English,Church of the Holy Angels,,,,,note: Summer Hours 08:15–15:30
Holy Angels,"246 Lake St, Saint Albans, Vermont 05478",(802) 524-2585,Mass,Tue,12:05 PM,,Mass,specific_weekday,english,Holy Angels Church,,,,,
Holy Angels,"522 Devil's Den Rd, Altona, New York 12910",518-236-5632,Mass,Tue,8:15 AM,,Mass,specific_weekday,English,Church of the Holy Angels,,,,,note: Summer Hours 08:15–15:30
Holy Angels,"246 Lake St, Saint Albans, Vermont 05478",(802) 524-2585,Mass,Wed,8:00 AM,,Mass,specific_weekday,english,Holy Angels Church,,,,,
Holy Angels,"522 Devil's Den Rd, Altona, New York 12910",518-236-5632,Mass,Wed,8:15 AM,,Mass,specific_weekday,English,Church of the Holy Angels,,,,,note: Summer Hours 08:15–15:30
Holy Angels,"522 Devil's Den Rd, Altona, New York 12910",518-236-5632,Mass,Thu,8:15 AM,,Mass,specific_weekday,English,Church of the Holy Angels,,,,,note: Summer Hours 08:15–15:30
Holy Angels,"246 Lake St, Saint Albans, Vermont 05478",(802) 524-2585,Mass,Fri,8:00 AM,,Mass,specific_weekday,english,Holy Angels Church,,,,,
Holy Angels,"522 Devil's Den Rd, Altona, New York 12910",518-236-5632,Mass,Fri,8:15 AM,,Mass,specific_weekday,English,Church of the Holy Angels,,,,,note: Summer Hours 08:15–15:30
Holy Angels,"246 Lake St, Saint Albans, Vermont 05478",(802) 524-2585,Mass,Sat,4:00 PM,,Mass,saturday,english,Holy Angels Church,,,,,vigil
Holy Angels,"246 Lake St, Saint Albans, Vermont 05478",(802) 524-2585,Mass,Sun,10:00 AM,,Mass,sunday,english,Holy Angels Church,,,,,
Holy Angels,"246 Lake St, Saint Albans, Vermont 05478",(802) 524-2585,Mass,Sun,8:00 AM,,Mass,sunday,english,Holy Angels Church,,,,,
Holy Angels,"246 Lake St, Saint Albans, Vermont 05478",(802) 524-2585,Mass,,12:05 PM,,Ash Wednesday Mass,special_event,english,Holy Angels Church,,2026-02-18,,,Ash Wednesday Mass
Holy Angels,"246 Lake St, Saint Albans, Vermont 05478",(802) 524-2585,Mass,,5:30 PM,,Ash Wednesday Mass,special_event,english,Holy Angels Church,,2026-02-18,,,Ash Wednesday Mass
Holy Angels,"246 Lake St, Saint Albans, Vermont 05478",(802) 524-2585,Mass,,6:00 AM,,Ash Wednesday Mass,special_event,english,Holy Angels Church,,2026-02-18,,,Ash Wednesday Mass
Holy Angels,"246 Lake St, Saint Albans, Vermont 05478",(802) 524-2585,Mass,,8:00 AM,,Mass,monthly,english,Holy Angels Church,first_friday_(recurring),,,,followed by 1 hr. of Adoration
Holy Angels,"246 Lake St, Saint Albans, Vermont 05478",(802) 524-2585,Mass,,8:00 AM,,Mass,monthly,english,Holy Angels Church,first_saturday_(recurring),,,,with Litany of Loreto following the mass
Holy Angels,"246 Lake St, Saint Albans, Vermont 05478",(802) 524-2585,Confession,Sat,2:45 PM,3:30 PM,Confession,saturday,English,Holy Angels Church,,,,,
Holy Angels,"246 Lake St, Saint Albans, Vermont 05478",(802) 524-2585,Confession,,TBD,,Confessions,specific_weekday,English,,,,,,before and after our daily Masses; note: Our priest is always available by appointment
Holy Angels,"246 Lake St, Saint Albans, Vermont 05478",(802) 524-2585,Adoration,Wed,8:30 AM,6:00 PM,Adoration,specific_weekday,English,Holy Angels Church,,,,,exposition
Holy Angels,"246 Lake St, Saint Albans, Vermont 05478",(802) 524-2585,Adoration,,8:30 AM,9:30 AM,Adoration,monthly,English,Holy Angels Church,first_friday_(recurring),,,,exposition
Holy Angels,"246 Lake St, Saint Albans, Vermont 05478",(802) 524-2585,Devotions,Wed,5:45 PM,,Benediction,specific_weekday,English,Holy Angels Church,,,,,benediction
Holy Angels Catholic Church,"522 Devils Den Road, Altona, NY 12910",+1-518-236-5632,Mass,Mon,8:15 AM,,Mass,specific_weekday,English,Church of the Holy Angels,,,,,note: Summer Hours 08:15
Holy Angels Catholic Church,"522 Devils Den Road, Altona, NY 12910",+1-518-236-5632,Mass,Tue,8:15 AM,,Mass,specific_weekday,English,Church of the Holy Angels,,,,,note: Summer Hours 08:15
Holy Angels Catholic Church,"522 Devils Den Road, Altona, NY 12910",+1-518-236-5632,Mass,Wed,8:15 AM,,Mass,specific_weekday,English,Church of the Holy Angels,,,,,note: Summer Hours 08:15
Holy Angels Catholic Church,"522 Devils Den Road, Altona, NY 12910",+1-518-236-5632,Mass,Thu,8:15 AM,,Mass,specific_weekday,English,Church of the Holy Angels,,,,,note: Summer Hours 08:15
Holy Angels Catholic Church,"522 Devils Den Road, Altona, NY 12910",+1-518-236-5632,Mass,Fri,8:15 AM,,Mass,specific_weekday,English,Church of the Holy Angels,,,,,note: Summer Hours 08:15
Holy Cross,"416 Church Rd, Colchester, Vermont 05446",(802) 863-3002,Mass,Mon,9:00 AM,,Mass,specific_weekday,English,"Holy Cross - 416 Church Road, Colchester",,,,,
Holy Cross,"301 Brooklyn St, Morrisville, Vermont 05661",(802) 888-3318,Mass,Tue,5:00 PM,,Mass,specific_weekday,English,,,,,,check bulletin
Holy Cross,"416 Church Rd, Colchester, Vermont 05446",(802) 863-3002,Mass,Tue,9:00 AM,,Mass,specific_weekday,English,"Holy Cross - 416 Church Road, Colchester",,,,,
Holy Cross,"247 N Main St, Salem, New York 12865",(518) 409-5226,Mass,Tue,9:00 AM,,Mass,specific_weekday,English,Holy Cross - Salem,,,,,
Holy Cross,"301 Brooklyn St, Morrisville, Vermont 05661",(802) 888-3318,Mass,Wed,12:00 PM,,Mass,specific_weekday,English,,,,,,check bulletin
Holy Cross,"416 Church Rd, Colchester, Vermont 05446",(802) 863-3002,Mass,Thu,9:00 AM,,Mass,specific_weekday,English,"Holy Cross - 416 Church Road, Colchester",,,,,
Holy Cross,"301 Brooklyn St, Morrisville, Vermont 05661",(802) 888-3318,Mass,Thu,9:00 AM,,Mass,specific_weekday,English,,,,,,check bulletin
Holy Cross,"416 Church Rd, Colchester, Vermont 05446",(802) 863-3002,Mass,Fri,9:00 AM,,Mass,specific_weekday,English,"Holy Cross - 416 Church Road, Colchester",,,,,
Holy Cross,"301 Brooklyn St, Morrisville, Vermont 05661",(802) 888-3318,Mass,Fri,9:00 AM,,Mass,specific_weekday,English,,,,,,check bulletin
Holy Cross,"301 Brooklyn St, Morrisville, Vermont 05661",(802) 888-3318,Mass,Sat,4:00 PM,,Mass,saturday,English,,,,,,check bulletin
Holy Cross,"416 Church Rd, Colchester, Vermont 05446",(802) 863-3002,Mass,Sun,10:00 AM,,Mass,sunday,English,"Holy Cross - 416 Church Road, Colchester",,,,,
Holy Cross,"301 Brooklyn St, Morrisville, Vermont 05661",(802) 888-3318,Mass,Sun,10:30 AM,,Mass,sunday,English,,,,,,check bulletin
Holy Cross,"301 Brooklyn St, Morrisville, Vermont 05661",(802) 888-3318,Mass,Sun,8:00 AM,,Mass,sunday,English,,,,,,check bulletin
Holy Cross,"247 N Main St, Salem, New York 12865",(518) 409-5226,Mass,Sun,8:15 AM,,Mass,sunday,English,Holy Cross - Salem,,,,,
Holy Cross,"301 Brooklyn St, Morrisville, Vermont 05661",(802) 888-3318,Mass,,7:00 PM,,Easter Vigil,special_event,English,,,2026-04-18,,,Easter Vigil; check bulletin
Holy Cross,"301 Brooklyn St, Morrisville, Vermont 05661",(802) 888-3318,Confession,Sat,3:15 PM,3:45 PM,Sacrament of Reconciliation,saturday,English,,,,,,check bulletin
Holy Cross,"416 Church Rd, Colchester, Vermont 05446",(802) 863-3002,Confession,,TBD,,Reconciliation,other,English,,,,,,By request; call 802-863-3002 opt 2; note: at Holy Cross
Holy Cross,"301 Brooklyn St, Morrisville, Vermont 05661",(802) 888-3318,Confession,,TBD,,Confession,other,English,,,,before,Mass,before every Mass; and anytime by appointment
Holy Cross,"301 Brooklyn St, Morrisville, Vermont 05661",(802) 888-3318,Adoration,Tue,4:00 PM,5:00 PM,Adoration,specific_weekday,English,,,,,,check bulletin
Holy Cross,"301 Brooklyn St, Morrisville, Vermont 05661",(802) 888-3318,Adoration,Wed,4:00 PM,5:00 PM,Adoration,specific_weekday,English,,,,,,check bulletin
Holy Cross,"301 Brooklyn St, Morrisville, Vermont 05661",(802) 888-3318,Adoration,Thu,4:00 PM,5:00 PM,Adoration,specific_weekday,English,,,,,,check bulletin
Holy Cross,"301 Brooklyn St, Morrisville, Vermont 05661",(802) 888-3318,Adoration,Fri,4:00 PM,5:00 PM,Adoration,specific_weekday,English,,,,,,check bulletin
Holy Cross,"301 Brooklyn St, Morrisville, Vermont 05661",(802) 888-3318,Adoration,Sat,3:00 PM,3:45 PM,Adoration,saturday,English,,,,,,check bulletin
Holy Cross,"301 Brooklyn St, Morrisville, Vermont 05661",(802) 888-3318,Other,,10:30 AM,,Easter,special_event,English,,,2026-04-19,,,Easter; check bulletin
Holy Cross,"301 Brooklyn St, Morrisville, Vermont 05661",(802) 888-3318,Other,,3:00 PM,,"Good Friday ""The Passion of the Lord""",special_event,English,,,2026-04-18,,,"Good Friday ""The Passion of the Lord""; check bulletin"
Holy Cross,"301 Brooklyn St, Morrisville, Vermont 05661",(802) 888-3318,Other,,7:00 PM,,Tenebrae Service,special_event,English,,,2026-04-16,,,Tenebrae Service; check bulletin; description
Holy Cross,"301 Brooklyn St, Morrisville, Vermont 05661",(802) 888-3318,Other,,7:00 PM,,"Holy Thursday ""The Lord's Supper""",special_event,English,,,2026-04-17,,,"Holy Thursday ""The Lord's Supper""; check bulletin; followed by Adoration in ""the Garden of Gethsemane"" in the Crosby Ctr until 22:00"
Holy Cross,"301 Brooklyn St, Morrisville, Vermont 05661",(802) 888-3318,Other,,8:00 AM,,Easter,special_event,English,,,2026-04-19,,,Easter; check bulletin
Holy Family,"30 Lincoln St, Essex Junction, Vermont 05452",(802) 878-5331,Mass,Mon,8:30 AM,,Mass,weekday,english,Holy Family Church,,,,,livestream
Holy Family,"30 Lincoln St, Essex Junction, Vermont 05452",(802) 878-5331,Mass,Tue,8:30 AM,,Mass,weekday,english,Holy Family Church,,,,,livestream
Holy Family,"30 Lincoln St, Essex Junction, Vermont 05452",(802) 878-5331,Mass,Wed,8:30 AM,,Mass,weekday,english,Holy Family Church,,,,,livestream
Holy Family,"30 Lincoln St, Essex Junction, Vermont 05452",(802) 878-5331,Mass,Thu,8:30 AM,,Mass,weekday,english,Holy Family Church,,,,,livestream
Holy Family,"30 Lincoln St, Essex Junction, Vermont 05452",(802) 878-5331,Mass,Fri,8:30 AM,,Mass,weekday,english,Holy Family Church,,,,,livestream
Holy Family,"30 Lincoln St, Essex Junction, Vermont 05452",(802) 878-5331,Mass,Sun,11:00 AM,,Mass,sunday,english,Holy Family Church,,,,,
Holy Family,"30 Lincoln St, Essex Junction, Vermont 05452",(802) 878-5331,Mass,Sun,7:30 PM,,Mass,sunday,english,Holy Family Church,,,,,
Holy Family,"30 Lincoln St, Essex Junction, Vermont 05452",(802) 878-5331,Mass,,8:30 AM,,Mass,monthly,english,Holy Family Church,first_friday_(recurring),,,,
Holy Family,"30 Lincoln St, Essex Junction, Vermont 05452",(802) 878-5331,Mass,,8:30 AM,,Mass,monthly,english,,second_saturday,,,,2nd; note: Padre Pio
Holy Family,"30 Lincoln St, Essex Junction, Vermont 05452",(802) 878-5331,Mass,,8:30 AM,,Mass,monthly,english,Holy Family Family Church,first_saturday_(recurring),,,,
Holy Family,"30 Lincoln St, Essex Junction, Vermont 05452",(802) 878-5331,Confession,Fri,9:00 AM,10:00 AM,Confessions,specific_weekday,English,Holy Family Church,,,,,note: Following 8:30 am Mass during Adoration
Holy Family,"30 Lincoln St, Essex Junction, Vermont 05452",(802) 878-5331,Confession,,6:30 PM,7:30 PM,Confessions,special_event,English,St. Pius X & Holy Family,,2025-04-14,,,Confessions
Holy Family,"30 Lincoln St, Essex Junction, Vermont 05452",(802) 878-5331,Confession,,6:30 PM,7:30 PM,Confessions,special_event,English,St. Pius X & Holy Family,,2025-04-15,,,Confessions
Holy Family,"30 Lincoln St, Essex Junction, Vermont 05452",(802) 878-5331,Adoration,Fri,9:00 AM,10:00 AM,Adoration,specific_weekday,English,Holy Family Church,,,,,
Holy Family,"30 Lincoln St, Essex Junction, Vermont 05452",(802) 878-5331,Devotions,Fri,7:00 PM,,Stations of the Cross,other,English,Holy Family Church,,,,,Every during Lent
Holy Family,"30 Lincoln St, Essex Junction, Vermont 05452",(802) 878-5331,Other,,5:30 PM,,Parish Dinner,monthly,English,Holy Family Parish Hall,second_friday,,,,2nd; note: Monthly Fellowship and a Meal
Holy Family,"30 Lincoln St, Essex Junction, Vermont 05452",(802) 878-5331,Other,,6:30 PM,8:00 PM,Movie Night,parish_event,English,Holy Family Parish Center,,2025-03-21,,,note: St. Carlos Acutis Roadmap to Reality
Holy Trinity,"135 Main St, Greenfield, Massachusetts 01301",(413)773-3311,Mass,Wed,12:05 PM,,Mass,specific_weekday,english,Holy Trinity Church,,,,,
Holy Trinity,"135 Main St, Greenfield, Massachusetts 01301",(413)773-3311,Mass,Wed,6:00 PM,,Mass,specific_weekday,english,Adoration Chapel,,,,,chapel
Holy Trinity,"135 Main St, Greenfield, Massachusetts 01301",(413)773-3311,Mass,Thu,8:30 AM,,Mass,specific_weekday,english,Holy Trinity Church,,,,,
Holy Trinity,"135 Main St, Greenfield, Massachusetts 01301",(413)773-3311,Mass,Fri,8:30 AM,,Mass,specific_weekday,english,Holy Trinity Church,,,,,
Holy Trinity,"135 Main St, Greenfield, Massachusetts 01301",(413)773-3311,Mass,Sun,8:00 AM,,Mass,sunday,english,Holy Trinity Church,,,,,
Holy Trinity,"135 Main St, Greenfield, Massachusetts 01301",(413)773-3311,Mass,Sun,9:30 AM,,Mass,sunday,english,Holy Trinity Church,,,,,
Holy Trinity,"135 Main St, Greenfield, Massachusetts 01301",(413)773-3311,Mass,,12:05 PM,,Mass,special_event,english,Holy Trinity Church,,2026-02-18,,,Mass
Holy Trinity,"135 Main St, Greenfield, Massachusetts 01301",(413)773-3311,Mass,,6:00 PM,,Mass,special_event,english,Holy Trinity Church,,2026-02-18,,,Mass
Holy Trinity,"135 Main St, Greenfield, Massachusetts 01301",(413)773-3311,Confession,Sun,9:00 AM,9:20 AM,Confession,sunday,English,Holy Trinity Church,,,,,
Holy Trinity Parish - St. John Vianney ,"85 Creek Rd, Irasburg, Vermont 05845",(802) 525-3711,Mass,Sun,8:15 AM,,Mass,sunday,english,"St. John Vianney, Irasburg",,,,,
Holy Trinity Parish - St. John Vianney ,"85 Creek Rd, Irasburg, Vermont 05845",(802) 525-3711,Mass,,8:15 AM,,"Mass at St. John Vianney, Irasburg",special_event,English,"St. John Vianney, Irasburg",,2026-01-18,,,"Mass at St. John Vianney, Irasburg; note: PLEASE see the weekly bulletin to confirm the details about Mass; Adoration; and Confession times."
Holy Trinity Parish - St. John Vianney ,"85 Creek Rd, Irasburg, Vermont 05845",(802) 525-3711,Confession,Sun,7:30 AM,,Confession,sunday,English,"St. John Vianney, Irasburg",,,,,
Holy Trinity Parish - St. Paul ,"85 St Paul Ln, Barton, Vermont 05822",(802) 525-3711,Mass,Tue,6:15 PM,,Mass,specific_weekday,english,"St. Paul's, Barton",,,,,
Holy Trinity Parish - St. Paul ,"85 St Paul Ln, Barton, Vermont 05822",(802) 525-3711,Mass,Thu,8:30 AM,,Mass,specific_weekday,english,"St. Paul's, Barton",,,,,
Holy Trinity Parish - St. Paul ,"85 St Paul Ln, Barton, Vermont 05822",(802) 525-3711,Mass,Fri,8:30 AM,,Mass,specific_weekday,english,"St. Paul's, Barton",,,,,
Holy Trinity Parish - St. Paul ,"85 St Paul Ln, Barton, Vermont 05822",(802) 525-3711,Mass,Sun,10:30 AM,,Mass,sunday,english,"St. Paul's, Barton",,,,,
Holy Trinity Parish - St. Paul ,"85 St Paul Ln, Barton, Vermont 05822",(802) 525-3711,Confession,Thu,6:00 PM,6:45 PM,Confession,specific_weekday,English,"St. Paul's, Barton",,,,,
Holy Trinity Parish - St. Paul ,"85 St Paul Ln, Barton, Vermont 05822",(802) 525-3711,Adoration,Thu,6:00 PM,7:00 PM,Exposition and Benediction,specific_weekday,English,"St. Paul's, Barton",,,,,exposition; benediction
Holy Trinity Parish - St. Theresa,"44 E St, Orleans, Vermont 05860",(802) 525-3711,Mass,Tue,6:15 PM,7:15 PM,Mass,specific_weekday,english,"St. Paul's, Barton",,,,,
Holy Trinity Parish - St. Theresa,"44 E St, Orleans, Vermont 05860",(802) 525-3711,Mass,Wed,6:15 PM,7:15 PM,Mass,specific_weekday,english,"St. Theresa's, Orleans, VT",,,,,
Holy Trinity Parish - St. Theresa,"44 E St, Orleans, Vermont 05860",(802) 525-3711,Mass,Sat,4:00 PM,,Mass,saturday,english,"St. Theresa's, Orleans",,,,,vigil
Holy Trinity Parish - St. Theresa,"44 E St, Orleans, Vermont 05860",(802) 525-3711,Mass,,4:00 PM,5:00 PM,"Mass at St. Theresa, Orleans",special_event,English,"St. Theresa, Orleans",,2026-01-17,,,"Mass at St. Theresa, Orleans; PLEASE see the weekly bulletin to confirm the details about Mass; Adoration; and Confession times."
Holy Trinity Parish - St. Theresa,"44 E St, Orleans, Vermont 05860",(802) 525-3711,Confession,Sat,3:15 PM,3:45 PM,Confession,saturday,English,"St. Theresa, Orleans",,,,,
Holy Trinity Parish - St. Theresa,"44 E St, Orleans, Vermont 05860",(802) 525-3711,Confession,,3:00 PM,3:30 PM,"Confessions at St. Theresa, Orleans",special_event,English,"St. Theresa, Orleans",,2026-01-17,,,"Confessions at St. Theresa, Orleans; PLEASE see the weekly bulletin to confirm the details about Mass; Adoration; and Confession times."
Immaculate Conception,"73 Main St, Hoosick Falls, New York 12090",(518) 686-5064,Mass,Mon,9:00 AM,,Mass,specific_weekday,English,Immaculate Conception Church,,,,,
Immaculate Conception,"1660 Spring St, Keeseville, New York 12944",518-647-8225,Mass,Thu,8:30 AM,,Mass,specific_weekday,English,Immaculate Conception,,,,,
Immaculate Conception,"73 Main St, Hoosick Falls, New York 12090",(518) 686-5064,Mass,Sat,4:00 PM,,Mass,saturday,English,Immaculate Conception Church,,,,,vigil
Immaculate Conception,"73 Main St, Hoosick Falls, New York 12090",(518) 686-5064,Mass,Sun,10:00 AM,,Mass,sunday,English,Immaculate Conception Church,,,,,
Immaculate Conception,"1660 Spring St, Keeseville, New York 12944",518-647-8225,Mass,Sun,8:30 AM,,Mass,sunday,English,Immaculate Conception,,,,,
Immaculate Conception,"73 Main St, Hoosick Falls, New York 12090",(518) 686-5064,Confession,Sat,3:00 PM,3:45 PM,Confession,saturday,English,Immaculate Conception Church,,,,,
Immaculate Heart of Mary ,"7415 Williston Rd, Williston, Vermont 05495",(802) 878-4513,Mass,Mon,8:30 AM,,Mass,specific_weekday,English,IHM,,,,,
Immaculate Heart of Mary ,"7415 Williston Rd, Williston, Vermont 05495",(802) 878-4513,Mass,Tue,7:00 PM,,Mass,specific_weekday,English,IHM,,,,,
Immaculate Heart of Mary ,"7415 Williston Rd, Williston, Vermont 05495",(802) 878-4513,Mass,Wed,8:30 AM,,Mass,specific_weekday,English,OLHR,,,,,
Immaculate Heart of Mary ,"7415 Williston Rd, Williston, Vermont 05495",(802) 878-4513,Mass,Sat,5:30 PM,,Mass,saturday,English,IHM,,,,,vigil
Immaculate Heart of Mary ,"7415 Williston Rd, Williston, Vermont 05495",(802) 878-4513,Mass,Sun,10:30 AM,,Mass,sunday,English,IHM,,,,,
Immaculate Heart of Mary ,"7415 Williston Rd, Williston, Vermont 05495",(802) 878-4513,Mass,,7:00 PM,,Mass,special_event,English,IHM,,2025-05-29,,,Mass; Ascension of the Lord
Immaculate Heart of Mary ,"7415 Williston Rd, Williston, Vermont 05495",(802) 878-4513,Confession,Mon,9:00 AM,,Confession,specific_weekday,English,IHM,,,,,after 08:30 Mass
Immaculate Heart of Mary ,"7415 Williston Rd, Williston, Vermont 05495",(802) 878-4513,Confession,Tue,6:30 PM,,Confession,specific_weekday,English,IHM,,,,,before 19:00 Mass
Immaculate Heart of Mary ,"7415 Williston Rd, Williston, Vermont 05495",(802) 878-4513,Adoration,Tue,7:30 PM,8:30 PM,Eucharistic Adoration,specific_weekday,English,IHM,,,,,after 19:00 Mass
Immaculate Heart of Mary ,"7415 Williston Rd, Williston, Vermont 05495",(802) 878-4513,Adoration,Wed,6:00 PM,7:00 PM,Eucharistic Adoration,specific_weekday,English,IHM,,,,,
Immaculate Heart of Mary ,"7415 Williston Rd, Williston, Vermont 05495",(802) 878-4513,Devotions,,6:00 PM,7:00 PM,Eucharistic Holy Hour,special_event,English,IHM,,2026-01-21,,,Eucharistic Holy Hour; Join us for weekly Holy Hours at IHM; Tuesdays at 7:30 after our 7pm Mass; and every Wednesday evening from 6 – 7:00pm. Come take some time for quiet prayer in the presence of Christ in the Holy Eucharist.
Immaculate Heart of Mary ,"7415 Williston Rd, Williston, Vermont 05495",(802) 878-4513,Devotions,,6:00 PM,7:00 PM,Eucharistic Holy Hour,special_event,English,IHM,,2026-01-28,,,Eucharistic Holy Hour; Join us for weekly Holy Hours at IHM; Tuesdays at 7:30 after our 7pm Mass; and every Wednesday evening from 6 – 7:00pm. Come take some time for quiet prayer in the presence of Christ in the Holy Eucharist.
Immaculate Heart of Mary ,"7415 Williston Rd, Williston, Vermont 05495",(802) 878-4513,Other,,6:30 PM,,The Genius of Tolkien,special_event,English,,,2026-01-19,,,The Genius of Tolkien; Deacon Josh leads a six-part exploration into the spiritual themes in the works of JRR Tolkien.
Immaculate Heart of Mary ,"7415 Williston Rd, Williston, Vermont 05495",(802) 878-4513,Other,,6:30 PM,,The Genius of Tolkien,special_event,English,,,2026-01-26,,,The Genius of Tolkien; Deacon Josh leads a six-part exploration into the spiritual themes in the works of JRR Tolkien.
Mary Queen of All Saints - St. Michael,"270 The Bend Rd, Greensboro Bend, Vermont 05842",(802) 472-5544,Mass,Sun,10:30 AM,,Mass,sunday,English,St. Michael,,,,,
Mary Queen of All Saints - St. Michael,"270 The Bend Rd, Greensboro Bend, Vermont 05842",(802) 472-5544,Mass,,8:30 AM,,Ash Wednesday Mass,special_event,English,St. Michael,,2026-03-04,,,Ash Wednesday Mass
Mary Queen of All Saints - St. Michael,"270 The Bend Rd, Greensboro Bend, Vermont 05842",(802) 472-5544,Other,Thu,7:15 PM,8:45 PM,Vermont Catholic Women’s Group,specific_weekday,English,,,,,,zoom
Mary Queen of All Saints - St. Michael,"270 The Bend Rd, Greensboro Bend, Vermont 05842",(802) 472-5544,Other,Sun,TBD,,Choir Rehearsal,other,English,Saint Michael's,,,before,Mass,before Mass
Mary Queen of All Saints - St. Michael,"270 The Bend Rd, Greensboro Bend, Vermont 05842",(802) 472-5544,Other,,9:00 AM,,Diocesan Men’s Conference,special_event,English,,,2026-03-21,,,Diocesan Men’s Conference; check bulletin; note: theme is Band of Brothers
Mary Queen of All Saints - St. Norbert,"193 S Main St, Hardwick, Vermont 05843",(802) 472-5544,Mass,Mon,8:30 AM,,Mass,specific_weekday,English,St. Norbert,,,,,check bulletin for any variation
Mary Queen of All Saints - St. Norbert,"193 S Main St, Hardwick, Vermont 05843",(802) 472-5544,Mass,Wed,4:00 PM,,Mass,specific_weekday,English,,,,,,check bulletin for any variation
Mary Queen of All Saints - St. Norbert,"193 S Main St, Hardwick, Vermont 05843",(802) 472-5544,Mass,Thu,8:30 AM,,Mass,specific_weekday,English,St. Norbert,,,,,check bulletin for any variation
Mary Queen of All Saints - St. Norbert,"193 S Main St, Hardwick, Vermont 05843",(802) 472-5544,Mass,Fri,8:30 AM,,Mass,specific_weekday,English,St. Norbert,,,,,check bulletin for any variation
Mary Queen of All Saints - St. Norbert,"193 S Main St, Hardwick, Vermont 05843",(802) 472-5544,Mass,Sat,4:00 PM,,Mass,saturday,English,"St. Norbert,",,,,,193 South Main Street; Hardwick
Mary Queen of All Saints - St. Norbert,"193 S Main St, Hardwick, Vermont 05843",(802) 472-5544,Mass,Sun,8:30 AM,,Mass,sunday,English,"St Norbert,",,,,,193 South Main Street; Hardwick
Mary Queen of All Saints - St. Norbert,"193 S Main St, Hardwick, Vermont 05843",(802) 472-5544,Mass,,4:00 PM,,Christmas Mass Times,special_event,English,"St. Norbert,",,2025-12-24,,,Christmas Mass Times; 193 South Main Street; Hardwick; Vigil
Mary Queen of All Saints - St. Norbert,"193 S Main St, Hardwick, Vermont 05843",(802) 472-5544,Mass,,8:30 AM,,Christmas Mass Times,special_event,English,"St Norbert,",,2025-12-25,,,Christmas Mass Times; 193 South Main Street; Hardwick
Mary Queen of All Saints - St. Norbert,"193 S Main St, Hardwick, Vermont 05843",(802) 472-5544,Other,Thu,7:15 PM,8:45 PM,Vermont Catholic Women’s Group Mission,other,English,,,,,,zoom
Nativity Parish - St. Louis,"222 Lamkin St, Highgate Center, Vermont 05409",(802) 868-4262,Mass,Tue,6:30 PM,,Holy Mass,specific_weekday,english,Nativity,,,,,
Nativity Parish - St. Louis,"222 Lamkin St, Highgate Center, Vermont 05409",(802) 868-4262,Mass,Wed,8:30 AM,,Holy Mass,specific_weekday,english,Nativity,,,,,
Nativity Parish - St. Louis,"222 Lamkin St, Highgate Center, Vermont 05409",(802) 868-4262,Mass,Thu,8:30 AM,,Holy Mass,specific_weekday,english,Nativity,,,,,
Nativity Parish - St. Louis,"222 Lamkin St, Highgate Center, Vermont 05409",(802) 868-4262,Mass,Sat,5:00 PM,,Holy Mass,saturday,english,Nativity,,,,,vigil
Nativity Parish - St. Louis,"222 Lamkin St, Highgate Center, Vermont 05409",(802) 868-4262,Mass,Sun,8:30 AM,,Holy Mass,sunday,english,Nativity,,,,,
Nativity Parish - St. Louis,"222 Lamkin St, Highgate Center, Vermont 05409",(802) 868-4262,Confession,Tue,7:00 PM,7:45 PM,Sacrament of Confession,other,English,Nativity,,,,,
Nativity Parish - St. Louis,"222 Lamkin St, Highgate Center, Vermont 05409",(802) 868-4262,Confession,Wed,9:00 AM,9:30 AM,Sacrament of Confession,other,English,Nativity,,,,,
Nativity Parish - St. Louis,"222 Lamkin St, Highgate Center, Vermont 05409",(802) 868-4262,Confession,Thu,7:45 AM,8:15 AM,Sacrament of Confession,other,English,Nativity,,,,,
Nativity Parish - St. Louis,"222 Lamkin St, Highgate Center, Vermont 05409",(802) 868-4262,Confession,Sat,4:15 PM,4:45 PM,Sacrament of Confession,other,English,Nativity,,,,,
Nativity Parish - St. Louis,"222 Lamkin St, Highgate Center, Vermont 05409",(802) 868-4262,Confession,Sun,5:15 PM,5:45 PM,Sacrament of Confession,other,English,Nativity,,,,,
Nativity Parish - St. Louis,"222 Lamkin St, Highgate Center, Vermont 05409",(802) 868-4262,Adoration,Tue,7:00 PM,8:00 PM,Eucharistic Adoration,other,English,Nativity,,,,,
Nativity Parish - St. Louis,"222 Lamkin St, Highgate Center, Vermont 05409",(802) 868-4262,Adoration,Wed,9:00 AM,12:00 PM,Eucharistic Adoration,other,English,Nativity,,,,,
Nativity Parish - St. Louis,"222 Lamkin St, Highgate Center, Vermont 05409",(802) 868-4262,Adoration,Thu,7:45 AM,8:15 AM,Eucharistic Adoration,other,English,Nativity,,,,,
Nativity Parish - St. Louis,"222 Lamkin St, Highgate Center, Vermont 05409",(802) 868-4262,Adoration,Sun,5:00 PM,6:00 PM,Eucharistic Adoration,other,English,,,,,,
Nativity of the Blessed Virgin,"65 Canada St, Swanton, Vermont 05488",(802) 868-4262,Mass,Tue,6:30 PM,,Holy Mass,specific_weekday,english,Nativity,,,,,
Nativity of the Blessed Virgin,"65 Canada St, Swanton, Vermont 05488",(802) 868-4262,Mass,Wed,8:30 AM,,Holy Mass,specific_weekday,english,Nativity,,,,,
Nativity of the Blessed Virgin,"65 Canada St, Swanton, Vermont 05488",(802) 868-4262,Mass,Thu,8:30 AM,,Holy Mass,specific_weekday,english,Nativity,,,,,
Nativity of the Blessed Virgin,"65 Canada St, Swanton, Vermont 05488",(802) 868-4262,Mass,Sat,5:00 PM,,Holy Mass,saturday,english,Nativity,,,,,vigil
Nativity of the Blessed Virgin,"65 Canada St, Swanton, Vermont 05488",(802) 868-4262,Mass,Sun,8:30 AM,,Holy Mass,sunday,english,Nativity,,,,,
Nativity of the Blessed Virgin,"65 Canada St, Swanton, Vermont 05488",(802) 868-4262,Confession,Tue,7:00 PM,7:45 PM,Confession,specific_weekday,English,Nativity,,,,,
Nativity of the Blessed Virgin,"65 Canada St, Swanton, Vermont 05488",(802) 868-4262,Confession,Wed,9:00 AM,9:30 AM,Confession,specific_weekday,English,Nativity,,,,,
Nativity of the Blessed Virgin,"65 Canada St, Swanton, Vermont 05488",(802) 868-4262,Confession,Thu,7:45 AM,8:15 AM,Confession,specific_weekday,English,Nativity,,,,,
Nativity of the Blessed Virgin,"65 Canada St, Swanton, Vermont 05488",(802) 868-4262,Confession,Sat,4:15 PM,4:45 PM,Confession,saturday,English,Nativity,,,,,
Nativity of the Blessed Virgin,"65 Canada St, Swanton, Vermont 05488",(802) 868-4262,Confession,Sun,5:15 PM,5:45 PM,Confession,sunday,English,Nativity,,,,,
Nativity of the Blessed Virgin,"65 Canada St, Swanton, Vermont 05488",(802) 868-4262,Adoration,Tue,7:00 PM,8:00 PM,Eucharistic Adoration,specific_weekday,English,Nativity,,,,,exposition
Nativity of the Blessed Virgin,"65 Canada St, Swanton, Vermont 05488",(802) 868-4262,Adoration,Wed,9:00 AM,12:00 PM,Eucharistic Adoration,specific_weekday,English,Nativity,,,,,exposition
Nativity of the Blessed Virgin,"65 Canada St, Swanton, Vermont 05488",(802) 868-4262,Adoration,Thu,7:45 AM,8:15 AM,Eucharistic Adoration,specific_weekday,English,Nativity,,,,,exposition
Nativity of the Blessed Virgin,"65 Canada St, Swanton, Vermont 05488",(802) 868-4262,Adoration,Sun,5:00 PM,6:00 PM,Eucharistic Adoration,sunday,English,Nativity,,,,,exposition
North American Martyrs,"2, Marshfield, Vermont 05658",18022235285,Other,,TBD,,{Type},other,English,,,,,,{pattern} HH:MM–HH:MM; tags
Notre Dame-Visitation,"18 Pearl St, Schuylerville, New York 12871",(518) 695-3391,Mass,Sat,4:00 PM,,Mass,saturday,English,,,,,,vigil
Notre Dame-Visitation,"18 Pearl St, Schuylerville, New York 12871",(518) 695-3391,Mass,Sun,3:00 PM,,Mass,sunday,spanish,,,,,,
Notre Dame-Visitation,"18 Pearl St, Schuylerville, New York 12871",(518) 695-3391,Mass,Sun,8:30 AM,,Mass,sunday,English,,,,,,
Our Lady Immaculate,"192 School St, Athol, Massachusetts 01331",(978) 249-2738,Mass,Mon,12:15 PM,,Mass,weekday,english,Our Lady Immaculate,,,,,
Our Lady Immaculate,"192 School St, Athol, Massachusetts 01331",(978) 249-2738,Mass,Mon,8:00 AM,,Mass,weekday,english,Our Lady Immaculate,,,,,
Our Lady Immaculate,"192 School St, Athol, Massachusetts 01331",(978) 249-2738,Mass,Tue,12:15 PM,,Mass,weekday,english,Our Lady Immaculate,,,,,
Our Lady Immaculate,"192 School St, Athol, Massachusetts 01331",(978) 249-2738,Mass,Tue,8:00 AM,,Mass,weekday,english,Our Lady Immaculate,,,,,
Our Lady Immaculate,"192 School St, Athol, Massachusetts 01331",(978) 249-2738,Mass,Wed,12:15 PM,,Mass,weekday,english,Our Lady Immaculate,,,,,
Our Lady Immaculate,"192 School St, Athol, Massachusetts 01331",(978) 249-2738,Mass,Wed,8:00 AM,,Mass,weekday,english,Our Lady Immaculate,,,,,
Our Lady Immaculate,"192 School St, Athol, Massachusetts 01331",(978) 249-2738,Mass,Thu,12:15 PM,,Mass,weekday,english,Our Lady Immaculate,,,,,
Our Lady Immaculate,"192 School St, Athol, Massachusetts 01331",(978) 249-2738,Mass,Thu,8:00 AM,,Mass,weekday,english,Our Lady Immaculate,,,,,
Our Lady Immaculate,"192 School St, Athol, Massachusetts 01331",(978) 249-2738,Mass,Fri,12:15 PM,,Mass,weekday,english,Our Lady Immaculate,,,,,
Our Lady Immaculate,"192 School St, Athol, Massachusetts 01331",(978) 249-2738,Mass,Fri,8:00 AM,,Mass,weekday,english,Our Lady Immaculate,,,,,
Our Lady Immaculate,"192 School St, Athol, Massachusetts 01331",(978) 249-2738,Mass,Sat,4:00 PM,,Vigil Mass,saturday,english,Our Lady,,,,,vigil
Our Lady Immaculate,"192 School St, Athol, Massachusetts 01331",(978) 249-2738,Mass,Sun,11:15 AM,,Mass,sunday,english,Our Lady,,,,,
Our Lady Immaculate,"192 School St, Athol, Massachusetts 01331",(978) 249-2738,Mass,,8:00 AM,,"Mass, Rosary and Confessions",monthly,English,OLI Main Church,first_saturday_(recurring),,,,
Our Lady Immaculate,"192 School St, Athol, Massachusetts 01331",(978) 249-2738,Mass,,9:00 AM,,Mass,monthly,english,Our Lady,first_saturday_(recurring),,,,
Our Lady Immaculate,"192 School St, Athol, Massachusetts 01331",(978) 249-2738,Confession,Sat,3:00 PM,,Confession,specific_weekday,English,Our Lady Immaculate,,,,,
Our Lady Immaculate,"192 School St, Athol, Massachusetts 01331",(978) 249-2738,Confession,Sat,8:30 AM,,Confession,specific_weekday,English,Our Lady Immaculate,,,,,
Our Lady Immaculate,"192 School St, Athol, Massachusetts 01331",(978) 249-2738,Adoration,Tue,2:00 PM,3:00 PM,Eucharistic Adoration,specific_weekday,English,OLI Main Church,,,,,exposition; Holy Hour
Our Lady Immaculate,"192 School St, Athol, Massachusetts 01331",(978) 249-2738,Devotions,Sat,3:30 PM,,Divine Mercy Chaplet,saturday,English,OLI,,,,,
Our Lady Immaculate,"192 School St, Athol, Massachusetts 01331",(978) 249-2738,Devotions,Sun,10:30 AM,,Divine Mercy Chaplet,sunday,English,OLI,,,,,
Our Lady Of Good Help,"38 Carver St, Brandon, Vermont 05733",(802) 247-6351,Mass,Wed,9:00 AM,,Mass,specific_weekday,english,Our Lady of Good Help,,,,,
Our Lady Of Good Help,"38 Carver St, Brandon, Vermont 05733",(802) 247-6351,Mass,Thu,9:00 AM,,Mass,specific_weekday,english,Our Lady of Good Help,,,,,
Our Lady Of Good Help,"38 Carver St, Brandon, Vermont 05733",(802) 247-6351,Mass,Sat,4:00 PM,,Mass,saturday,english,Our Lady of Good Help,,,,,
Our Lady Of Good Help,"38 Carver St, Brandon, Vermont 05733",(802) 247-6351,Confession,Sat,3:15 PM,3:45 PM,Confessions,saturday,English,Our Lady of Good Help,,,,,by appointment
Our Lady Queen of Peace,"240 US Rte 2 E, Danville, Vermont 05828",(802) 748-8129,Mass,Sun,8:00 AM,,Mass,sunday,English,"Our Lady, Queen of Peace",,,,,
Our Lady Queen of Peace,"240 US Rte 2 E, Danville, Vermont 05828",(802) 748-8129,Confession,Thu,5:00 PM,6:00 PM,Confessions,specific_weekday,English,,,,,,during the Holy Hour of Adoration
Our Lady Queen of Peace,"240 US Rte 2 E, Danville, Vermont 05828",(802) 748-8129,Confession,Sat,3:00 PM,3:45 PM,Confessions,saturday,English,,,,,,
Our Lady Queen of Peace,"240 US Rte 2 E, Danville, Vermont 05828",(802) 748-8129,Confession,Sat,9:00 AM,9:30 AM,Confessions,saturday,English,,,,,,
Our Lady Queen of Peace,"240 US Rte 2 E, Danville, Vermont 05828",(802) 748-8129,Confession,Sun,8:00 AM,,Confessions,sunday,English,,,,,,
Our Lady Queen of Peace,"240 US Rte 2 E, Danville, Vermont 05828",(802) 748-8129,Community,,1:00 PM,,Bereavement Ministry Meeting,special_event,English,Rectory,,2026-01-18,,,Bereavement Ministry Meeting
Our Lady Queen of Peace,"240 US Rte 2 E, Danville, Vermont 05828",(802) 748-8129,Community,,1:00 PM,,Bereavement Ministry Meeting,parish_event,English,Rectory,,,,,Jan.
Our Lady Queen of Peace,"240 US Rte 2 E, Danville, Vermont 05828",(802) 748-8129,Other,,5:00 PM,,"Neeza Powers, True Selfie",special_event,English,FLC,,2026-01-18,,,"Neeza Powers, True Selfie"
Our Lady Queen of Peace,"240 US Rte 2 E, Danville, Vermont 05828",(802) 748-8129,Other,,5:00 PM,7:00 PM,"Neeza Powers, True Selfie",parish_event,English,FLC,,,,,Jan.
Our Lady Queen of Peace,"240 US Rte 2 E, Danville, Vermont 05828",(802) 748-8129,Other,,9:00 AM,1:30 PM,Blood Drive,special_event,English,Father Lively Center,,2026-01-19,,,Blood Drive
Our Lady Queen of Peace,"240 US Rte 2 E, Danville, Vermont 05828",(802) 748-8129,Other,,TBD,,"Martin Luther King, Jr. Day",special_event,English,,,2026-01-19,,,"Martin Luther King, Jr. Day"
Our Lady Queen of Peace,"240 US Rte 2 E, Danville, Vermont 05828",(802) 748-8129,Other,,TBD,,Ss. Fabian and Sebastian,special_event,English,,,2026-01-20,,,Ss. Fabian and Sebastian
Our Lady Queen of Peace,"240 US Rte 2 E, Danville, Vermont 05828",(802) 748-8129,Other,,TBD,,St. Agnes,special_event,English,,,2026-01-21,,,St. Agnes
Our Lady Queen of Peace,"240 US Rte 2 E, Danville, Vermont 05828",(802) 748-8129,Other,,TBD,,Day of Prayer for the Unborn,special_event,English,,,2026-01-23,,,Day of Prayer for the Unborn
Our Lady Queen of Peace,"240 US Rte 2 E, Danville, Vermont 05828",(802) 748-8129,Other,,TBD,,St. Vincent de Paul Souper Bowl Collection,special_event,English,,,2026-01-24,,,St. Vincent de Paul Souper Bowl Collection; ends Jan 25
Our Lady of Czestochowa,"84 K Street, Turners Falls, Massachusetts 01376",(413) 863-4748,Mass,Mon,8:00 AM,,Mass,specific_weekday,English,Our Lady of Czestochowa,,,,,
Our Lady of Czestochowa,"84 K Street, Turners Falls, Massachusetts 01376",(413) 863-4748,Mass,Tue,5:30 PM,,Mass,specific_weekday,English,Our Lady of Czestochowa,,,,,
Our Lady of Czestochowa,"84 K Street, Turners Falls, Massachusetts 01376",(413) 863-4748,Mass,Wed,5:30 PM,,Mass,specific_weekday,English,Our Lady of Czestochowa,,,,,
Our Lady of Czestochowa,"84 K Street, Turners Falls, Massachusetts 01376",(413) 863-4748,Mass,Thu,5:30 PM,,Mass,specific_weekday,English,Our Lady of Czestochowa,,,,,
Our Lady of Czestochowa,"84 K Street, Turners Falls, Massachusetts 01376",(413) 863-4748,Mass,Fri,5:30 PM,,Mass,specific_weekday,English,Our Lady of Czestochowa,,,,,
Our Lady of Czestochowa,"84 K Street, Turners Falls, Massachusetts 01376",(413) 863-4748,Mass,Sat,4:00 PM,,Mass,saturday,English,Our Lady of Czestochowa,,,,,vigil
Our Lady of Czestochowa,"84 K Street, Turners Falls, Massachusetts 01376",(413) 863-4748,Mass,Sat,6:00 PM,,Mass,saturday,spanish,Our Lady of Czestochowa,,,,,
Our Lady of Czestochowa,"84 K Street, Turners Falls, Massachusetts 01376",(413) 863-4748,Mass,Sat,8:00 AM,,Mass,saturday,English,Our Lady of Czestochowa,,,,,
Our Lady of Czestochowa,"84 K Street, Turners Falls, Massachusetts 01376",(413) 863-4748,Mass,Sun,10:15 AM,,Mass,sunday,English,Our Lady of Czestochowa,,,,,
Our Lady of Czestochowa,"84 K Street, Turners Falls, Massachusetts 01376",(413) 863-4748,Mass,Sun,8:00 AM,,Mass,sunday,English,Our Lady of Czestochowa,,,,,
Our Lady of Czestochowa,"84 K Street, Turners Falls, Massachusetts 01376",(413) 863-4748,Confession,Mon,7:15 AM,7:45 AM,Confession,specific_weekday,English,Our Lady of Czestochowa,,,,,
Our Lady of Czestochowa,"84 K Street, Turners Falls, Massachusetts 01376",(413) 863-4748,Confession,Tue,4:45 PM,5:15 PM,Confession,specific_weekday,English,Our Lady of Czestochowa,,,,,
Our Lady of Czestochowa,"84 K Street, Turners Falls, Massachusetts 01376",(413) 863-4748,Confession,Wed,4:45 PM,5:15 PM,Confession,specific_weekday,English,Our Lady of Czestochowa,,,,,
Our Lady of Czestochowa,"84 K Street, Turners Falls, Massachusetts 01376",(413) 863-4748,Confession,Thu,4:45 PM,5:15 PM,Confession,specific_weekday,English,Our Lady of Czestochowa,,,,,
Our Lady of Czestochowa,"84 K Street, Turners Falls, Massachusetts 01376",(413) 863-4748,Confession,Fri,4:45 PM,5:15 PM,Confession,specific_weekday,English,Our Lady of Czestochowa,,,,,
Our Lady of Czestochowa,"84 K Street, Turners Falls, Massachusetts 01376",(413) 863-4748,Confession,Sat,7:15 AM,7:45 AM,Confession,saturday,English,Our Lady of Czestochowa,,,,,
Our Lady of Czestochowa,"84 K Street, Turners Falls, Massachusetts 01376",(413) 863-4748,Confession,Sun,7:15 AM,7:45 AM,Confession,sunday,English,Our Lady of Czestochowa,,,,,
Our Lady of Czestochowa,"84 K Street, Turners Falls, Massachusetts 01376",(413) 863-4748,Confession,Sun,9:30 AM,10:00 AM,Confession,sunday,English,Our Lady of Czestochowa,,,,,
Our Lady of Czestochowa,"84 K Street, Turners Falls, Massachusetts 01376",(413) 863-4748,Devotions,Wed,5:30 PM,,St. Jude Novena,specific_weekday,English,Our Lady of Czestochowa,,,,,
Our Lady of Czestochowa,"84 K Street, Turners Falls, Massachusetts 01376",(413) 863-4748,Devotions,Sat,8:00 AM,,Pro Life Novena,saturday,English,Our Lady of Czestochowa,,,,,
Our Lady of Czestochowa,"84 K Street, Turners Falls, Massachusetts 01376",(413) 863-4748,Devotions,,11:30 AM,12:30 PM,Holy Rosary Society Meeting,monthly,English,,first_sunday,,,,"First of March, May, Oct; note: after 10:15 Mass"
Our Lady of Czestochowa,"84 K Street, Turners Falls, Massachusetts 01376",(413) 863-4748,Devotions,,2:00 PM,3:00 PM,October Rosary Devotions,monthly,English,Our Lady of Czestochowa,first_sunday,,,,First of
Our Lady of Czestochowa,"84 K Street, Turners Falls, Massachusetts 01376",(413) 863-4748,Devotions,,2:00 PM,3:00 PM,May Devotions,monthly,English,Our Lady of Czestochowa,first_sunday,,,,First of; exposition; benediction
Our Lady of Czestochowa,"84 K Street, Turners Falls, Massachusetts 01376",(413) 863-4748,Devotions,,6:30 PM,7:30 PM,Gentlemen of St. Joseph Holy Hour,monthly,English,,third_wednesday,,,,Third; exposition
Our Lady of Czestochowa,"84 K Street, Turners Falls, Massachusetts 01376",(413) 863-4748,Devotions,,8:00 AM,3:00 PM,Forty Hours Devotions,parish_event,English,Our Lady of Czestochowa,,,,,Third Weekend of; Fri 08:00 to Sun 15:00
Our Lady of Czestochowa,"84 K Street, Turners Falls, Massachusetts 01376",(413) 863-4748,Devotions,,8:00 AM,3:00 PM,Forty Hours Devotions,parish_event,English,Our Lady of Czestochowa,,,,,Third Weekend of; Fri 08:00 to Sun 15:00
Our Lady of Czestochowa,"84 K Street, Turners Falls, Massachusetts 01376",(413) 863-4748,Education,Sun,9:00 AM,10:00 AM,Children's CCD,other,English,,,,,,School Year
Our Lady of Czestochowa,"84 K Street, Turners Falls, Massachusetts 01376",(413) 863-4748,Community,,11:30 AM,12:30 PM,Stanislaus Moniuszko-St. Cecilia Choir Society Meeting,monthly,English,,third_sunday,,,,Third of July; note: after 10:15 Mass
Our Lady of Czestochowa,"84 K Street, Turners Falls, Massachusetts 01376",(413) 863-4748,Community,,6:30 PM,7:30 PM,Parish Council Meeting,monthly,English,Undercroft,second_wednesday,,,,Second
Our Lady of Czestochowa,"84 K Street, Turners Falls, Massachusetts 01376",(413) 863-4748,Community,,7:00 PM,8:00 PM,Gentlemen of St. Joseph Meeting,monthly,English,,third_wednesday,,,,Third
Our Lady of Czestochowa,"84 K Street, Turners Falls, Massachusetts 01376",(413) 863-4748,Other,Fri,6:30 PM,7:30 PM,Choir Rehearsal,specific_weekday,English,Choir Loft,,,,,note: St. Gregory Choir; starts after 17:30 Mass
Our Lady of Czestochowa,"84 K Street, Turners Falls, Massachusetts 01376",(413) 863-4748,Other,Sun,2:00 PM,3:00 PM,Gorzkie Żale,other,bilingual,,,,,,of Lent
Our Lady of Czestochowa,"84 K Street, Turners Falls, Massachusetts 01376",(413) 863-4748,Other,Sun,9:00 AM,10:00 AM,Adult Catechism Discussion Group,other,English,,,,,,School Year; note: Rectory parlor
Our Lady of Czestochowa,"84 K Street, Turners Falls, Massachusetts 01376",(413) 863-4748,Other,Sun,9:00 AM,10:00 AM,Coffee Hour,other,English,,,,,,School Year
Our Lady of Czestochowa,"84 K Street, Turners Falls, Massachusetts 01376",(413) 863-4748,Other,,10:15 AM,11:15 AM,Coronation of the Blessed Virgin,monthly,English,Our Lady of Czestochowa,first_sunday,,,,First of
Our Lady of Czestochowa,"84 K Street, Turners Falls, Massachusetts 01376",(413) 863-4748,Other,,11:30 AM,12:30 PM,Odpust Procession,monthly,English,Our Lady of Czestochowa,fourth_sunday,,,,Third or Fourth of; after 10:15 Mass
Our Lady of Czestochowa,"84 K Street, Turners Falls, Massachusetts 01376",(413) 863-4748,Other,,12:00 PM,3:00 PM,Rectory Christmas Open House,monthly,English,Rectory,third_sunday,,,,Second or Third of Advent
Our Lady of Czestochowa,"84 K Street, Turners Falls, Massachusetts 01376",(413) 863-4748,Other,,3:00 PM,5:00 PM,Guard of Honor Mini Retreat,monthly,English,,first_sunday,,,,First
Our Lady of Fatima,"724 Main St, New London, New Hampshire 03257",(603) 526-4484,Mass,Mon,8:30 AM,,Mass,specific_weekday,English,Our Lady of Fatima,,,,,
Our Lady of Fatima,"96 E Main St, Wilmington, Vermont 05363",(802) 464-7329,Mass,Tue,8:00 AM,,Mass,specific_weekday,english,"Our Lady of Fatima, Wilmington",,,,,
Our Lady of Fatima,"724 Main St, New London, New Hampshire 03257",(603) 526-4484,Mass,Tue,8:30 AM,,Mass,specific_weekday,English,Our Lady of Fatima,,,,,
Our Lady of Fatima,"21 Creek Rd, Craftsbury, Vermont 05826",(802) 472-5544,Mass,Wed,4:00 PM,,Mass,specific_weekday,English,,,,,,on Wednesday
Our Lady of Fatima,"724 Main St, New London, New Hampshire 03257",(603) 526-4484,Mass,Wed,5:30 PM,,Mass,specific_weekday,English,Our Lady of Fatima,,,,,
Our Lady of Fatima,"96 E Main St, Wilmington, Vermont 05363",(802) 464-7329,Mass,Wed,8:00 AM,,Mass,specific_weekday,english,"Our Lady of Fatima, Wilmington",,,,,
Our Lady of Fatima,"96 E Main St, Wilmington, Vermont 05363",(802) 464-7329,Mass,Thu,8:00 AM,,Mass,specific_weekday,english,"Our Lady of Fatima, Wilmington",,,,,
Our Lady of Fatima,"724 Main St, New London, New Hampshire 03257",(603) 526-4484,Mass,Thu,8:30 AM,,Mass,specific_weekday,English,Our Lady of Fatima,,,,,
Our Lady of Fatima,"96 E Main St, Wilmington, Vermont 05363",(802) 464-7329,Mass,Fri,8:00 AM,,Mass,specific_weekday,english,"Our Lady of Fatima, Wilmington",,,,,
Our Lady of Fatima,"724 Main St, New London, New Hampshire 03257",(603) 526-4484,Mass,Fri,8:30 AM,,Mass,specific_weekday,English,Our Lady of Fatima,,,,,
Our Lady of Fatima,"724 Main St, New London, New Hampshire 03257",(603) 526-4484,Mass,Sat,5:00 PM,,Mass,saturday,English,Our Lady of Fatima,,,,,
Our Lady of Fatima,"96 E Main St, Wilmington, Vermont 05363",(802) 464-7329,Mass,Sat,5:30 PM,,Mass,saturday,english,"Our Lady of Fatima, Wilmington",,,,,vigil
Our Lady of Fatima,"96 E Main St, Wilmington, Vermont 05363",(802) 464-7329,Mass,Sat,8:00 AM,,Mass,saturday,english,"Our Lady of Fatima, Wilmington",,,,,
Our Lady of Fatima,"724 Main St, New London, New Hampshire 03257",(603) 526-4484,Mass,Sun,10:30 AM,,Mass,sunday,English,Our Lady of Fatima,,,,,
Our Lady of Fatima,"96 E Main St, Wilmington, Vermont 05363",(802) 464-7329,Mass,Sun,10:30 AM,,Mass,sunday,english,"Our Lady of Fatima, Wilmington",,,,,
Our Lady of Fatima,"96 E Main St, Wilmington, Vermont 05363",(802) 464-7329,Mass,,6:00 PM,,Mass,monthly,english,"Our Lady of Fatima, Wilmington",first_friday_(recurring),,,,note: Sung Mass with Incense
Our Lady of Fatima,"96 E Main St, Wilmington, Vermont 05363",(802) 464-7329,Confession,Wed,6:00 PM,7:00 PM,Confession,specific_weekday,English,"Our Lady of Fatima, Wilmington",,,,,
Our Lady of Fatima,"96 E Main St, Wilmington, Vermont 05363",(802) 464-7329,Confession,Fri,5:00 PM,6:00 PM,Confession,specific_weekday,English,"Our Lady of Fatima, Wilmington",,,,,
Our Lady of Fatima,"724 Main St, New London, New Hampshire 03257",(603) 526-4484,Confession,Sat,4:00 PM,,Confessions,saturday,English,,,,,,or by appointment
Our Lady of Fatima,"724 Main St, New London, New Hampshire 03257",(603) 526-4484,Confession,Sat,4:00 PM,4:45 PM,Reconciliation,saturday,English,Our Lady of Fatima,,,,,
Our Lady of Fatima,"96 E Main St, Wilmington, Vermont 05363",(802) 464-7329,Confession,Sat,4:15 PM,5:15 PM,Confession,saturday,English,"Our Lady of Fatima, Wilmington",,,,,
Our Lady of Fatima,"96 E Main St, Wilmington, Vermont 05363",(802) 464-7329,Confession,,TBD,,Confessions,other,English,,,,after,Mass,heard during the week 30 minutes before every daily Mass.; note: Fr. Chalifoux is available after daily Mass as well.
Our Lady of Fatima,"96 E Main St, Wilmington, Vermont 05363",(802) 464-7329,Adoration,Wed,8:30 AM,9:30 AM,Adoration,specific_weekday,English,Our Lady of Fatima,,,,,exposition
Our Lady of Fatima,"96 E Main St, Wilmington, Vermont 05363",(802) 464-7329,Adoration,Fri,5:00 PM,6:00 PM,Adoration,specific_weekday,English,"Our Lady of Fatima, Wilmington",,,,,exposition
Our Lady of Fatima,"724 Main St, New London, New Hampshire 03257",(603) 526-4484,Adoration,Fri,8:30 AM,10:30 AM,Adoration,specific_weekday,English,Our Lady of Fatima,,,,,exposition
Our Lady of Fatima,"96 E Main St, Wilmington, Vermont 05363",(802) 464-7329,Adoration,Sun,6:00 PM,,Adoration,sunday,English,Our Lady of Fatima,,,,,benediction; note: Vespers of the Little Office of the Blessed Virgin Mary followed by Benediction
Our Lady of Fatima,"21 Creek Rd, Craftsbury, Vermont 05826",(802) 472-5544,Other,Thu,7:15 PM,8:45 PM,Vermont Catholic Women's Group Mission,other,English,,,,,,evenings; zoom
Our Lady of Grace,"784 Main St, Colchester, Vermont 05446", (802) 863-3002,Mass,Wed,5:30 PM,,Mass,specific_weekday,English,"Our Lady of Grace - 800 Main Street, Colchester",,,,,
Our Lady of Grace,"784 Main St, Colchester, Vermont 05446", (802) 863-3002,Mass,Sat,4:00 PM,,Vigil Mass,saturday,English,"Our Lady of Grace - 800 Main Street, Colchester",,,,,vigil
Our Lady of Grace,"784 Main St, Colchester, Vermont 05446", (802) 863-3002,Confession,Sat,3:15 PM,3:45 PM,Reconciliation,saturday,English,"Our Lady of Grace - 800 Main Street, Colchester",,,,,
Our Lady of Grace,"784 Main St, Colchester, Vermont 05446", (802) 863-3002,Confession,,TBD,,Reconciliation,other,English,,,,,,By request; call 802-863-3002 opt 2; any time upon request
Our Lady of Hope,"9 Wheeler Ave, Whitehall, New York 12887",(518) 499-1656,Mass,Thu,9:00 AM,,Mass,specific_weekday,English,Our Lady of Hope,,,,,
Our Lady of Hope,"9 Wheeler Ave, Whitehall, New York 12887",(518) 499-1656,Mass,Fri,9:00 AM,,Mass,specific_weekday,English,Our Lady of Hope,,,,,
Our Lady of Hope,"9 Wheeler Ave, Whitehall, New York 12887",(518) 499-1656,Mass,Sat,4:00 PM,,Mass,saturday,English,Our Lady of Hope,,,,,
Our Lady of Hope,"9 Wheeler Ave, Whitehall, New York 12887",(518) 499-1656,Mass,Sun,10:30 AM,,Mass,sunday,English,Our Lady of Hope,,,,,
Our Lady of Hope,"9 Wheeler Ave, Whitehall, New York 12887",(518) 499-1656,Confession,Thu,8:00 AM,8:30 AM,Confession,specific_weekday,English,Our Lady of Hope,,,,,
Our Lady of Hope,"9 Wheeler Ave, Whitehall, New York 12887",(518) 499-1656,Confession,Thu,TBD,,Confession,other,English,Our Lady of Hope,,,after,,after
Our Lady of Hope,"9 Wheeler Ave, Whitehall, New York 12887",(518) 499-1656,Confession,Fri,5:00 PM,5:50 PM,Confession,specific_weekday,English,Our Lady of Hope,,,,,
Our Lady of Hope,"9 Wheeler Ave, Whitehall, New York 12887",(518) 499-1656,Confession,Fri,8:00 AM,8:30 AM,Confession,specific_weekday,English,Our Lady of Hope,,,,,
Our Lady of Hope,"9 Wheeler Ave, Whitehall, New York 12887",(518) 499-1656,Confession,Fri,TBD,,Confession,other,English,Our Lady of Hope,,,after,,after
Our Lady of Hope,"9 Wheeler Ave, Whitehall, New York 12887",(518) 499-1656,Confession,Sat,3:00 PM,3:30 PM,Confession,saturday,English,Our Lady of Hope,,,,,
Our Lady of Hope,"9 Wheeler Ave, Whitehall, New York 12887",(518) 499-1656,Confession,,TBD,,Confession,other,English,,,,after,Mass,after weekday Masses 499-1656 or [email protected]); Also available by contacting Fr. Chichester: (518
Our Lady of Light,"203 VT-132, South Strafford, Vermont 05070",(802) 222-5268,Mass,Sun,8:00 AM,,Mass,sunday,english,Our Lady of Light,,,,,
Our Lady of Light,"203 VT-132, South Strafford, Vermont 05070",(802) 222-5268,Confession,Sun,7:35 AM,7:50 AM,Confession,sunday,English,Our Lady of Light,,,,,
Our Lady of Light,"203 VT-132, South Strafford, Vermont 05070",(802) 222-5268,Other,,8:00 AM,,"Mary, Mother of God",special_event,English,Our Lady of Light,,2026-01-01,,,"Mary, Mother of God"
Our Lady of Lourdes,"1114 US Rte 9, Schroon Lake, New York 12870",(518) 532-7100,Mass,Tue,11:30 AM,,Mass,specific_weekday,English,Our Lady of Lourdes,,,,,
Our Lady of Lourdes,"1114 US Rte 9, Schroon Lake, New York 12870",(518) 532-7100,Mass,Wed,9:00 AM,,Mass,specific_weekday,English,Our Lady of Lourdes,,,,,
Our Lady of Lourdes,"1114 US Rte 9, Schroon Lake, New York 12870",(518) 532-7100,Mass,Sat,6:00 PM,,Mass,saturday,English,Our Lady of Lourdes,,,,,Vigil
Our Lady of Lourdes,"1114 US Rte 9, Schroon Lake, New York 12870",(518) 532-7100,Mass,Sun,11:15 AM,,Mass,sunday,English,Our Lady of Lourdes,,,,,
Our Lady of Lourdes,"2902 VT Rt 105, East Berkshire, Vermont 05447",(802) 848-7741,Mass,,6:00 PM,7:00 PM,Daily Mass,special_event,English,,,2026-01-27,,,Daily Mass
Our Lady of Lourdes,"2902 VT Rt 105, East Berkshire, Vermont 05447",(802) 848-7741,Mass,,8:00 AM,,Daily Mass,special_event,English,,,2026-01-30,,,Daily Mass
Our Lady of Lourdes,"2902 VT Rt 105, East Berkshire, Vermont 05447",(802) 848-7741,Confession,,5:00 PM,5:45 PM,Sacrament of Reconciliation,special_event,English,,,2026-01-27,,,Father will offer a time for the Sacrament of Reconciliation before evening Mass. Time is from 5:00PM until 5:45PM
Our Lady of Lourdes,"1114 US Rte 9, Schroon Lake, New York 12870",(518) 532-7100,Confession,,8:00 AM,8:45 AM,Reconciliation,parish_event,English,Our Lady of Lourdes,,,,,
Our Lady of Lourdes,"1114 US Rte 9, Schroon Lake, New York 12870",(518) 532-7100,Devotions,Tue,11:00 AM,,Rosary,specific_weekday,English,Our Lady of Lourdes,,,,,
Our Lady of Lourdes,"1114 US Rte 9, Schroon Lake, New York 12870",(518) 532-7100,Other,Tue,12:00 PM,,The Angelus,specific_weekday,English,Our Lady of Lourdes,,,,,
Our Lady of Lourdes,"1114 US Rte 9, Schroon Lake, New York 12870",(518) 532-7100,Other,,TBD,,PARISH CARE AREA PILGRIMAGE,special_event,English,,,2025-08-21,,,PARISH CARE AREA PILGRIMAGE TIME_TBD
Our Lady of Mercy,"123 Main St, Putney, Vermont 05346",18023875861,Mass,Fri,10:00 AM,,Mass,specific_weekday,English,Our Lady of the Valley,,,,,
Our Lady of Mercy,"123 Main St, Putney, Vermont 05346",18023875861,Mass,Sat,4:30 PM,,Mass,saturday,English,Chapel of the Snows,,,,,During the winter months only
Our Lady of Mercy,"123 Main St, Putney, Vermont 05346",18023875861,Mass,Sun,11:00 AM,,Mass,sunday,English,Our Lady of the Valley,,,,,
Our Lady of Mercy,"123 Main St, Putney, Vermont 05346",18023875861,Mass,Sun,12:30 PM,,Mass,sunday,English,Chapel of the Snows,,,,,
Our Lady of Mount Carmel,"2940 Spear St, Charlotte, Vermont 05445",(802) 482-2290,Mass,Tue,5:15 PM,,Mass,specific_weekday,english,Our Lady of Mount Carmel,,,,,
Our Lady of Mount Carmel,"2940 Spear St, Charlotte, Vermont 05445",(802) 482-2290,Mass,Wed,8:30 AM,,Mass,specific_weekday,english,Our Lady of Mount Carmel,,,,,
Our Lady of Mount Carmel,"2940 Spear St, Charlotte, Vermont 05445",(802) 482-2290,Mass,Thu,5:15 PM,,Mass,specific_weekday,english,Our Lady of Mount Carmel,,,,,
Our Lady of Mount Carmel,"2940 Spear St, Charlotte, Vermont 05445",(802) 482-2290,Mass,Sun,11:00 AM,,Mass,sunday,english,Our Lady of Mount Carmel,,,,,
Our Lady of Mount Carmel,"2940 Spear St, Charlotte, Vermont 05445",(802) 482-2290,Mass,Sun,8:00 AM,,Mass,sunday,english,Our Lady of Mount Carmel,,,,,
Our Lady of Mount Carmel,"2940 Spear St, Charlotte, Vermont 05445",(802) 482-2290,Confession,Tue,5:45 PM,,Confession,other,English,,,,,,at Our Lady of Mount Carmel Parish
Our Lady of Mount Carmel,"2940 Spear St, Charlotte, Vermont 05445",(802) 482-2290,Confession,Fri,9:00 AM,,Confession,other,English,,,,,,
Our Lady of Mount Carmel,"2940 Spear St, Charlotte, Vermont 05445",(802) 482-2290,Confession,Sat,4:00 PM,,Confession,other,English,,,,,,or by appointment
Our Lady of Peace,"90 Seventh St, Turners Falls, Massachusetts 01376",(413) 863-2585,Mass,Mon,8:00 AM,,Mass,weekday,English,,,,,,
Our Lady of Peace,"90 Seventh St, Turners Falls, Massachusetts 01376",(413) 863-2585,Mass,Tue,8:00 AM,,Mass,weekday,English,,,,,,
Our Lady of Peace,"90 Seventh St, Turners Falls, Massachusetts 01376",(413) 863-2585,Mass,Wed,8:00 AM,,Mass,weekday,English,,,,,,
Our Lady of Peace,"90 Seventh St, Turners Falls, Massachusetts 01376",(413) 863-2585,Mass,Thu,8:00 AM,,Mass,weekday,English,,,,,,
Our Lady of Peace,"90 Seventh St, Turners Falls, Massachusetts 01376",(413) 863-2585,Mass,Fri,8:00 AM,,Mass,weekday,English,,,,,,
Our Lady of Peace,"90 Seventh St, Turners Falls, Massachusetts 01376",(413) 863-2585,Mass,Sat,4:00 PM,,Vigil Mass,saturday,English,,,,,,
Our Lady of Peace,"90 Seventh St, Turners Falls, Massachusetts 01376",(413) 863-2585,Mass,Sun,9:00 AM,,Mass,sunday,English,,,,,,
Our Lady of Peace,"90 Seventh St, Turners Falls, Massachusetts 01376",(413) 863-2585,Mass,,6:00 PM,,Vigil Mass,special_event,English,,,2026-12-24,,,Vigil Mass
Our Lady of Peace,"90 Seventh St, Turners Falls, Massachusetts 01376",(413) 863-2585,Mass,,8:00 AM,,Mass,special_event,English,,,2026-01-01,,,Mass
Our Lady of Peace,"90 Seventh St, Turners Falls, Massachusetts 01376",(413) 863-2585,Mass,,8:00 AM,,Mass,special_event,English,,,2026-08-15,,,Mass
Our Lady of Peace,"90 Seventh St, Turners Falls, Massachusetts 01376",(413) 863-2585,Mass,,8:00 AM,,Mass,special_event,English,,,2026-11-01,,,Mass
Our Lady of Peace,"90 Seventh St, Turners Falls, Massachusetts 01376",(413) 863-2585,Mass,,8:00 AM,,Mass,special_event,English,,,2026-12-08,,,Mass
Our Lady of Peace,"90 Seventh St, Turners Falls, Massachusetts 01376",(413) 863-2585,Mass,,8:00 AM,,Mass,special_event,English,,,2026-12-25,,,Mass
Our Lady of Peace,"90 Seventh St, Turners Falls, Massachusetts 01376",(413) 863-2585,Confession,Sat,3:00 PM,3:50 PM,Confessions,saturday,English,,,,,,or by appointment
Our Lady of Peace,"90 Seventh St, Turners Falls, Massachusetts 01376",(413) 863-2585,Devotions,Wed,6:30 PM,7:45 PM,Contemplative Prayer Group,specific_weekday,English,,,,,,
Our Lady of Peace,"90 Seventh St, Turners Falls, Massachusetts 01376",(413) 863-2585,Other,Wed,10:30 AM,,Lenten Series,specific_weekday,English,,,,,,February 25-March 18th
Our Lady of Peace,"90 Seventh St, Turners Falls, Massachusetts 01376",(413) 863-2585,Other,,10:30 AM,,A Valentine Celebration!,special_event,English,Fr. Casey Hall,,2026-02-11,,,A Valentine Celebration!; Senior Valentine Celebration
Our Lady of Perpetual Help Church,"113 Upper Plain, Bradford, Vermont 05033",(802) 222-5268,Mass,Mon,8:30 AM,,Mass,specific_weekday,english,Our Lady of Perpetual Help,,,,,
Our Lady of Perpetual Help Church,"113 Upper Plain, Bradford, Vermont 05033",(802) 222-5268,Mass,Tue,8:30 AM,,Mass,specific_weekday,english,Our Lady of Perpetual Help,,,,,
Our Lady of Perpetual Help Church,"113 Upper Plain, Bradford, Vermont 05033",(802) 222-5268,Mass,Sat,5:30 PM,,Mass,saturday,english,Our Lady of Perpetual Help,,,,,vigil
Our Lady of Perpetual Help Church,"113 Upper Plain, Bradford, Vermont 05033",(802) 222-5268,Mass,Sun,10:00 AM,,Mass,sunday,english,Our Lady of Perpetual Help,,,,,
Our Lady of Perpetual Help Church,"113 Upper Plain, Bradford, Vermont 05033",(802) 222-5268,Mass,,8:30 AM,,First Friday Mass,special_event,English,OLPH,,2026-01-02,,,First Friday Mass; follows regular First Friday schedule
Our Lady of Perpetual Help Church,"113 Upper Plain, Bradford, Vermont 05033",(802) 222-5268,Mass,,8:30 AM,,Mass,monthly,English,OLPH,first_friday_(recurring),,,,
Our Lady of Perpetual Help Church,"113 Upper Plain, Bradford, Vermont 05033",(802) 222-5268,Confession,Sat,3:35 PM,3:50 PM,Confessions,saturday,English,St. Eugene 1,,,,,
Our Lady of Perpetual Help Church,"113 Upper Plain, Bradford, Vermont 05033",(802) 222-5268,Confession,Sun,9:30 AM,9:55 AM,Confessions,sunday,English,Our Lady of Perpetual Help,,,,,
Our Lady of Perpetual Help Church,"113 Upper Plain, Bradford, Vermont 05033",(802) 222-5268,Adoration,,8:30 AM,10:00 AM,Eucharistic Adoration,monthly,English,OLPH,first_friday_(recurring),,,,
Our Lady of Perpetual Help Church,"113 Upper Plain, Bradford, Vermont 05033",(802) 222-5268,Other,,10:00 AM,,"Mary, Mother of God",special_event,english,OLPH,,2026-01-01,,,"Mary, Mother of God"
Our Lady of Perpetual Help Church,"113 Upper Plain, Bradford, Vermont 05033",(802) 222-5268,Other,,8:30 AM,,Solemnity of the Immaculate Conception,special_event,english,Our Lady of Perpetual Help,,2025-12-08,,,Solemnity of the Immaculate Conception
Our Lady of Perpetual Help Church,"113 Upper Plain, Bradford, Vermont 05033",(802) 222-5268,Other,,TBD,,Parish Christmas Party,parish_event,English,OLPH Bradford,,2025-12-14,after,,after
Our Lady of Seven Dolors,"10 Washington St, Fair Haven, Vermont 05743",(802) 671-8139,Mass,Mon,5:00 PM,,Mass,specific_weekday,english,"Our Lady of Seven Dolors, Fair Haven, VT",,,,,
Our Lady of Seven Dolors,"10 Washington St, Fair Haven, Vermont 05743",(802) 671-8139,Mass,Mon,5:00 PM,,Mass,specific_weekday,english,"Our Lady of Seven Dolors, Fair Haven, VGT",,,,,
Our Lady of Seven Dolors,"10 Washington St, Fair Haven, Vermont 05743",(802) 671-8139,Mass,Wed,5:00 PM,,Mass,specific_weekday,english,"Our Lady of Seven Dolors, Fair Haven, VT",,,,,
Our Lady of Seven Dolors,"10 Washington St, Fair Haven, Vermont 05743",(802) 671-8139,Mass,Sat,8:00 AM,,Mass,saturday,english,"Our Lady of Seven Dolors, Fair Haven, VT",,,,,
Our Lady of Seven Dolors,"10 Washington St, Fair Haven, Vermont 05743",(802) 671-8139,Mass,Sun,8:00 AM,,Mass,sunday,english,"Our Lady of Seven Dolors, Fair Haven, VT",,,,,
Our Lady of Seven Dolors,"10 Washington St, Fair Haven, Vermont 05743",(802) 671-8139,Mass,,11:15 AM,,Christmas Day Mass,special_event,English,,,2025-12-25,,,Christmas Day Mass
Our Lady of Seven Dolors,"10 Washington St, Fair Haven, Vermont 05743",(802) 671-8139,Mass,,4:00 PM,,Christmas Eve Mass,special_event,English,,,2025-12-24,,,Christmas Eve Mass
Our Lady of Seven Dolors,"10 Washington St, Fair Haven, Vermont 05743",(802) 671-8139,Mass,,7:00 PM,,Vigil Mass,special_event,English,,,2025-08-14,,,Vigil Mass
Our Lady of Seven Dolors,"10 Washington St, Fair Haven, Vermont 05743",(802) 671-8139,Mass,,7:00 PM,,Thanksgiving Vigil Mass,special_event,English,,,2025-11-27,,,Thanksgiving Vigil Mass
Our Lady of Seven Dolors,"10 Washington St, Fair Haven, Vermont 05743",(802) 671-8139,Mass,,7:00 PM,,Christmas Eve Mass,special_event,English,,,2025-12-24,,,Christmas Eve Mass
Our Lady of Seven Dolors,"10 Washington St, Fair Haven, Vermont 05743",(802) 671-8139,Mass,,8:00 AM,,Mass,special_event,English,,,2025-08-15,,,Mass; Assumption of the Blessed Virgin Mary Holyday
Our Lady of Seven Dolors,"10 Washington St, Fair Haven, Vermont 05743",(802) 671-8139,Mass,,8:00 AM,,Thanksgiving Mass,special_event,English,,,2025-11-28,,,Thanksgiving Mass
Our Lady of Seven Dolors,"10 Washington St, Fair Haven, Vermont 05743",(802) 671-8139,Mass,,8:00 AM,,Christmas Day Mass,special_event,English,,,2025-12-25,,,Christmas Day Mass
Our Lady of Seven Dolors,"10 Washington St, Fair Haven, Vermont 05743",(802) 671-8139,Confession,Sun,7:00 AM,7:45 AM,Confession,sunday,English,"Our Lady of Seven Dolors Church, Fair Haven, VT",,,,,
Our Lady of Seven Dolors,"10 Washington St, Fair Haven, Vermont 05743",(802) 671-8139,Confession,,TBD,,Confession,parish_event,English,,,,,,by appointment; available - 802-671-8139; note recurring if it's recurring
Our Lady of Seven Dolors,"10 Washington St, Fair Haven, Vermont 05743",(802) 671-8139,Adoration,,4:00 PM,5:00 PM,Adoration,monthly,English,"Our Lady of Seven Dolors, Fair Haven, VT",second_sunday,,,,Second of Each Month; exposition
Our Lady of Seven Dolors,"10 Washington St, Fair Haven, Vermont 05743",(802) 671-8139,Other,,TBD,,Transitus Service,special_event,English,,,2025-10-03,,,Transitus Service
Our Lady of Seven Dolors,"10 Washington St, Fair Haven, Vermont 05743",(802) 671-8139,Other,,TBD,,Tea Cup Auction,special_event,English,,,2026-01-23,,,Tea Cup Auction
Our Lady of Victory,"55 N Lake Ave, Troy, New York 12180",(518) 273-7602,Mass,Tue,12:15 PM,,Mass,specific_weekday,English,Our Lady of Victory,,,,,
Our Lady of Victory,"4919 S Catherine St (Route 22), Plattsburgh, New York 12901-3658",(518) 563-0730,Mass,Tue,8:00 AM,,Mass,specific_weekday,english,Our Lady of Victory,,,,,
Our Lady of Victory,"55 N Lake Ave, Troy, New York 12180",(518) 273-7602,Mass,Wed,12:15 PM,,Mass,specific_weekday,English,Our Lady of Victory,,,,,
Our Lady of Victory,"55 N Lake Ave, Troy, New York 12180",(518) 273-7602,Mass,Thu,12:15 PM,,Mass,specific_weekday,English,Our Lady of Victory,,,,,
Our Lady of Victory,"4919 S Catherine St (Route 22), Plattsburgh, New York 12901-3658",(518) 563-0730,Mass,Thu,8:00 AM,,Mass,specific_weekday,english,Our Lady of Victory,,,,,
Our Lady of Victory,"55 N Lake Ave, Troy, New York 12180",(518) 273-7602,Mass,Sat,4:00 PM,,Mass,saturday,English,Our Lady of Victory,,,,,vigil
Our Lady of Victory,"4919 S Catherine St (Route 22), Plattsburgh, New York 12901-3658",(518) 563-0730,Mass,Sun,10:00 AM,,Mass,sunday,english,Our Lady of Victory,,,,,
Our Lady of Victory,"55 N Lake Ave, Troy, New York 12180",(518) 273-7602,Mass,Sun,9:00 AM,,Mass,sunday,English,Our Lady of Victory,,,,,
Our Lady of the Angels,"43 Hebard Hill Rd, Randolph, Vermont 05060",(802) 728-5251,Mass,Fri,8:00 AM,,Mass,specific_weekday,english,Our Lady of the Angels,,,,,Randolph
Our Lady of the Angels,"43 Hebard Hill Rd, Randolph, Vermont 05060",(802) 728-5251,Mass,Sun,9:00 AM,,Mass,sunday,english,Our Lady of the Angels,,,,,Randolph
Our Lady of the Angels,"43 Hebard Hill Rd, Randolph, Vermont 05060",(802) 728-5251,Confession,Sun,8:00 AM,8:45 AM,Confession,sunday,English,Our Lady of the Angels,,,,,Randolph; note: Also available by appointment
Our Lady of the Angels,"43 Hebard Hill Rd, Randolph, Vermont 05060",(802) 728-5251,Adoration,Wed,4:30 PM,5:15 PM,Adoration,specific_weekday,English,,,,,,exposition
Our Lady of the Angels,"43 Hebard Hill Rd, Randolph, Vermont 05060",(802) 728-5251,Adoration,Fri,8:30 AM,9:30 AM,Adoration,specific_weekday,English,Our Lady of the Angels,,,,,exposition
Our Lady of the Angels Roman Catholic Church,"43 Hebard Hill Rd, Randolph, VT 05060",+1-802-728-5251,Mass,Fri,8:00 AM,,Mass,specific_weekday,English,Our Lady of the Angels,,,,,Randolph
Our Lady of the Angels Roman Catholic Church,"43 Hebard Hill Rd, Randolph, VT 05060",+1-802-728-5251,Mass,Sun,9:00 AM,,Mass,sunday,English,Our Lady of the Angels,,,,,Randolph
Our Lady of the Angels Roman Catholic Church,"43 Hebard Hill Rd, Randolph, VT 05060",+1-802-728-5251,Confession,Sun,8:00 AM,8:45 AM,Confession,sunday,English,Our Lady of the Angels,,,,,Randolph; Also available by appointment - please contact the Parish Office.
Our Lady of the Angels Roman Catholic Church,"43 Hebard Hill Rd, Randolph, VT 05060",+1-802-728-5251,Adoration,Wed,4:30 PM,5:15 PM,Adoration,specific_weekday,English,,,,,,adoration; benediction
Our Lady of the Angels Roman Catholic Church,"43 Hebard Hill Rd, Randolph, VT 05060",+1-802-728-5251,Adoration,Fri,8:30 AM,9:30 AM,Adoration,specific_weekday,English,Our Lady of the Angels,,,,,Randolph; adoration; benediction
Our Lady of the Annunciation,"448 Aviation Rd, Queensbury, New York 12804",(518) 793-9677,Mass,Mon,7:30 AM,,Mass,specific_weekday,English,Our Lady of Annunciation,,,,,
Our Lady of the Annunciation,"448 Aviation Rd, Queensbury, New York 12804",(518) 793-9677,Mass,Tue,7:30 AM,,Mass,specific_weekday,English,Our Lady of Annunciation,,,,,
Our Lady of the Annunciation,"448 Aviation Rd, Queensbury, New York 12804",(518) 793-9677,Mass,Sat,4:00 PM,,Vigil,saturday,English,Our Lady of Annunciation,,,,,
Our Lady of the Annunciation,"448 Aviation Rd, Queensbury, New York 12804",(518) 793-9677,Mass,Sun,11:30 AM,,Mass,sunday,English,Our Lady of Annunciation,,,,,
Our Lady of the Annunciation,"448 Aviation Rd, Queensbury, New York 12804",(518) 793-9677,Mass,Sun,8:00 AM,,Mass,sunday,English,Our Lady of Annunciation,,,,,
Our Lady of the Annunciation,"448 Aviation Rd, Queensbury, New York 12804",(518) 793-9677,Mass,,4:00 PM,,Mass,special_event,English,,,2026-01-17,,,Mass
Our Lady of the Annunciation,"448 Aviation Rd, Queensbury, New York 12804",(518) 793-9677,Mass,,8:00 AM,,Mass,special_event,English,,,2026-01-18,,,Mass
Our Lady of the Annunciation,"448 Aviation Rd, Queensbury, New York 12804",(518) 793-9677,Adoration,Fri,7:00 PM,8:00 PM,Adoration,specific_weekday,English,Our Lady of Annunciation,,,,,
Our Lady of the Annunciation,"448 Aviation Rd, Queensbury, New York 12804",(518) 793-9677,Other,,10:00 AM,,Choir Rehearsal,parish_event,English,,,2026-01-16,,,
Our Lady of the Annunciation,"448 Aviation Rd, Queensbury, New York 12804",(518) 793-9677,Other,,7:30 AM,,Holy Days of Obligation,other,English,,,,,,check bulletin; note: and 19:00
Our Lady of the Holy Rosary,"64 W Main St, Richmond, Vermont 05477",(802) 434-2521,Mass,Wed,8:30 AM,,Mass,specific_weekday,English,OLHR,,,,,
Our Lady of the Holy Rosary,"64 W Main St, Richmond, Vermont 05477",(802) 434-2521,Mass,Fri,8:30 AM,,Mass,specific_weekday,English,OLHR,,,,,
Our Lady of the Holy Rosary,"64 W Main St, Richmond, Vermont 05477",(802) 434-2521,Mass,Sat,4:00 PM,,Mass,saturday,English,OLHR,,,,,vigil
Our Lady of the Holy Rosary,"64 W Main St, Richmond, Vermont 05477",(802) 434-2521,Mass,Sun,8:30 AM,,Mass,sunday,English,OLHR,,,,,
Our Lady of the Holy Rosary,"64 W Main St, Richmond, Vermont 05477",(802) 434-2521,Confession,Sat,3:15 PM,3:45 PM,Confessions,saturday,English,OLHR,,,,,before 16:00 Mass
Our Lady of the Holy Rosary,"64 W Main St, Richmond, Vermont 05477",(802) 434-2521,Adoration,Thu,6:00 PM,7:00 PM,Adoration,specific_weekday,English,OLHR,,,,,
Our Lady of the Holy Rosary,"64 W Main St, Richmond, Vermont 05477",(802) 434-2521,Adoration,Fri,9:05 AM,10:00 AM,Adoration,specific_weekday,English,OLHR,,,,,
Our Lady of the Holy Rosary,"64 W Main St, Richmond, Vermont 05477",(802) 434-2521,Adoration,,6:00 PM,8:00 PM,Adoration & Family Rosary,special_event,English,OLHR,,2026-01-22,,,Adoration & Family Rosary; Eucharistic Adoration and prayer of the Family Rosary
Our Lady of the Holy Rosary,"64 W Main St, Richmond, Vermont 05477",(802) 434-2521,Adoration,,9:00 AM,6:30 PM,Adoration,monthly,English,OLHR,first_friday_(recurring),,,,
Our Lady of the Holy Rosary,"64 W Main St, Richmond, Vermont 05477",(802) 434-2521,Devotions,,6:00 PM,7:00 PM,Eucharistic Holy Hour,special_event,English,,,2026-01-21,,,Eucharistic Holy Hour
Our Lady of the Holy Rosary,"64 W Main St, Richmond, Vermont 05477",(802) 434-2521,Devotions,,6:00 PM,7:00 PM,Eucharistic Holy Hour,special_event,English,,,2026-01-28,,,Eucharistic Holy Hour
Our Lady of the Holy Rosary,"64 W Main St, Richmond, Vermont 05477",(802) 434-2521,Other,,6:30 PM,,The Genius of Tolkien,special_event,English,,,2026-01-19,,,The Genius of Tolkien; note recurring if it's recurring
Our Lady of the Holy Rosary,"64 W Main St, Richmond, Vermont 05477",(802) 434-2521,Other,,6:30 PM,,The Genius of Tolkien,special_event,English,,,2026-01-26,,,The Genius of Tolkien; note recurring if it's recurring
Our Lady of the Holy Rosary,"64 W Main St, Richmond, Vermont 05477",(802) 434-2521,Other,,8:30 AM,,Ascension of the Lord,special_event,English,OLHR,,2025-05-29,,,Ascension of the Lord
Our Lady of the Mountains Church,"4173 US Rte 4, Killington, Vermont 05751",(802) 457-2322,Mass,Sat,4:30 PM,,Mass,saturday,English,Our Lady of the Mountains,,,,,
Our Lady of the Mountains Church,"4173 US Rte 4, Killington, Vermont 05751",(802) 457-2322,Confession,Sat,4:00 PM,,Confession,saturday,English,Our Lady of the Mountains,,,,,
Our Lady of the Snow (Mission of Our Lady of Victory Church),"31 Owen Rd, Grafton, New York 12082",(518) 273-7602,Mass,Tue,12:15 PM,,Mass,specific_weekday,English,OLV,,,,,
Our Lady of the Snow (Mission of Our Lady of Victory Church),"31 Owen Rd, Grafton, New York 12082",(518) 273-7602,Mass,Wed,12:15 PM,,Mass,specific_weekday,English,OLV,,,,,
Our Lady of the Snow (Mission of Our Lady of Victory Church),"31 Owen Rd, Grafton, New York 12082",(518) 273-7602,Mass,Thu,12:15 PM,,Mass,specific_weekday,English,OLV,,,,,
Our Lady of the Snow (Mission of Our Lady of Victory Church),"31 Owen Rd, Grafton, New York 12082",(518) 273-7602,Mass,Sun,11:00 AM,,Mass,sunday,English,OLS,,,,,
Our Lady of the Snow (Mission of Our Lady of Victory Church),"31 Owen Rd, Grafton, New York 12082",(518) 273-7602,Mass,,11:00 AM,,Sunday Mass,special_event,English,OLS,,2026-03-29,,,Sunday Mass
Our Lady of the Snow (Mission of Our Lady of Victory Church),"31 Owen Rd, Grafton, New York 12082",(518) 273-7602,Devotions,,11:00 AM,,Divine Mercy Sunday,special_event,English,OLS,,2026-04-12,,,Divine Mercy Sunday
Our Lady of the Snow (Mission of Our Lady of Victory Church),"31 Owen Rd, Grafton, New York 12082",(518) 273-7602,Other,,11:00 AM,,Sunday,special_event,English,OLS,,2026-04-05,,,Sunday
Our Lady of the Snow (Mission of Our Lady of Victory Church),"31 Owen Rd, Grafton, New York 12082",(518) 273-7602,Other,,5:00 PM,,Distribution of Ashes,special_event,English,OLS Mission Church,,2026-02-18,,,Distribution of Ashes
Our Lady of the Snows,"7 S St, Woodstock, Vermont 05091",(802) 457-2322,Mass,Mon,9:00 AM,,Mass,specific_weekday,English,Our Lady of the Snows,,,,,
Our Lady of the Snows,"7 S St, Woodstock, Vermont 05091",(802) 457-2322,Mass,Tue,9:00 AM,,Mass,specific_weekday,English,Our Lady of the Snows,,,,,
Our Lady of the Snows,"7 S St, Woodstock, Vermont 05091",(802) 457-2322,Mass,Wed,9:00 AM,,Mass,specific_weekday,English,Our Lady of the Snows,,,,,note: during Lent; Mass on Wednesdays will be at 18:00
Our Lady of the Snows,"7 S St, Woodstock, Vermont 05091",(802) 457-2322,Mass,Thu,9:00 AM,,Mass,specific_weekday,English,Our Lady of the Snows,,,,,
Our Lady of the Snows,"7 S St, Woodstock, Vermont 05091",(802) 457-2322,Mass,Fri,9:00 AM,,Mass,specific_weekday,English,Our Lady of the Snows,,,,,
Our Lady of the Snows,"403 Main St, Franconia, New Hampshire 03580",(603) 444-2593,Mass,Sat,6:00 PM,,Mass,saturday,English,Our Lady of the Snows,,,,,vigil
Our Lady of the Snows,"6307 Rt 100 (Main Street), Waitsfield, Vermont 05673",(802) 244-7734,Mass,Sat,6:00 PM,,Mass,saturday,english,Our Lady of the Snows,,,,,Waitsfield; vigil
Our Lady of the Snows,"7 S St, Woodstock, Vermont 05091",(802) 457-2322,Mass,Sun,10:30 AM,,Mass,sunday,English,Our Lady of the Snows,,,,,
Our Lady of the Snows,"7 S St, Woodstock, Vermont 05091",(802) 457-2322,Mass,Sun,8:30 AM,,Mass,sunday,English,Our Lady of the Snows,,,,,
Our Lady of the Snows,"6307 Rt 100 (Main Street), Waitsfield, Vermont 05673",(802) 244-7734,Mass,,TBD,,Pro-Life Mass,special_event,English,,,2025-06-21,,,Pro-Life Mass
Our Lady of the Snows,"403 Main St, Franconia, New Hampshire 03580",(603) 444-2593,Confession,Thu,5:00 PM,5:45 PM,Confession,other,English,,,,,,during Eucharistic Adoration and the Rosary
Our Lady of the Snows,"403 Main St, Franconia, New Hampshire 03580",(603) 444-2593,Confession,Fri,7:45 AM,8:15 AM,Confession,other,English,,,,,,before morning Mass
Our Lady of the Snows,"7 S St, Woodstock, Vermont 05091",(802) 457-2322,Confession,Fri,9:30 AM,,Confessions,specific_weekday,English,Our Lady of the Snows,,,,,
Our Lady of the Snows,"403 Main St, Franconia, New Hampshire 03580",(603) 444-2593,Confession,Sat,3:00 PM,3:30 PM,Confession,other,English,,,,,,
Our Lady of the Snows,"7 S St, Woodstock, Vermont 05091",(802) 457-2322,Confession,Sat,7:00 PM,,Confessions,saturday,English,Our Lady of the Snows,,,,,
Our Lady of the Snows,"6307 Rt 100 (Main Street), Waitsfield, Vermont 05673",(802) 244-7734,Confession,,7:00 PM,7:30 PM,Confession,monthly,English,"Our Lady of the Snows, Waitsfield",last_saturday,,,,Last of the month
Our Lady of the Snows,"403 Main St, Franconia, New Hampshire 03580",(603) 444-2593,Confession,,TBD,,Confession,other,English,,,,,,by appointment
Our Lady of the Snows,"403 Main St, Franconia, New Hampshire 03580",(603) 444-2593,Adoration,Thu,12:00 PM,5:50 PM,Eucharistic Adoration,specific_weekday,English,,,,,,with the Rosary for the Unborn prior to evening Mass
Our Lady of the Snows,"7 S St, Woodstock, Vermont 05091",(802) 457-2322,Adoration,Fri,9:30 AM,,Adoration,specific_weekday,English,Our Lady of the Snows,,,,,exposition
Our Lady of the Snows,"7 S St, Woodstock, Vermont 05091",(802) 457-2322,Devotions,Fri,9:30 AM,,Holy Hour,specific_weekday,English,Our Lady of the Snows,,,,,exposition
Our Lady of the Snows,"7 S St, Woodstock, Vermont 05091",(802) 457-2322,Devotions,,9:30 AM,,Benediction,monthly,English,Our Lady of the Snows,first_friday_(recurring),,,,benediction
Our Lady of the Snows,"7 S St, Woodstock, Vermont 05091",(802) 457-2322,Other,,6:00 PM,,Ash Wednesday,special_event,English,Our Lady of the Snows,,2025-02-18,,,Ash Wednesday
Our Lady of the Snows,"7 S St, Woodstock, Vermont 05091",(802) 457-2322,Other,,9:00 AM,,Ash Wednesday,special_event,English,Our Lady of the Snows,,2025-02-18,,,Ash Wednesday
Our Lady of the Valley,"92 Grafton Rd, Townshend, Vermont 05353",(802) 387-5861,Mass,Fri,10:00 AM,,Mass,specific_weekday,English,Our Lady of the Valley,,,,,
Our Lady of the Valley,"92 Grafton Rd, Townshend, Vermont 05353",(802) 387-5861,Mass,Sun,11:00 AM,,Mass,sunday,English,Our Lady of the Valley,,,,,
Our Mother of Perpetual Help Chapel (Thomas Aquinas College),"231 Main St, Northfield, Massachusetts 01360",(413) 846-1200,Mass,,10:00 AM,,Mass,special_event,English,"Thomas Aquinas College, Northfield, MA",,2026-01-01,,,Mass
Parish of the Transfiguration,"17 S Main St, Schaghticoke, New York 12154",518-235-0337,Mass,Tue,10:00 AM,,Mass,specific_weekday,English,Schaghticoke,,,,,
Parish of the Transfiguration,"17 S Main St, Schaghticoke, New York 12154",518-235-0337,Mass,Sun,9:00 AM,,Mass,sunday,English,Schaghticoke,,,,,
Parish of the Transfiguration,"17 S Main St, Schaghticoke, New York 12154",518-235-0337,Mass,,9:00 AM,,Youth Mass,special_event,English,Schaghticoke,,2026-01-25,,,Youth Mass; Grades 6 and 7
Parish of the Transfiguration,"17 S Main St, Schaghticoke, New York 12154",518-235-0337,Education,,10:00 AM,,Faith Formation Session,special_event,English,Schaghticoke,,2026-01-18,,,Faith Formation Session; K-10
Parish of the Transfiguration,"17 S Main St, Schaghticoke, New York 12154",518-235-0337,Education,,10:00 AM,,Faith Formation Session,special_event,English,Schaghticoke,,2026-01-25,,,Faith Formation Session; K-10
Parish of the Transfiguration,"17 S Main St, Schaghticoke, New York 12154",518-235-0337,Education,,10:00 AM,,Faith Formation Session,parish_event,English,Schaghticoke,,,,,recurring; K-10
Parish of the Transfiguration,"17 S Main St, Schaghticoke, New York 12154",518-235-0337,Sacraments,Tue,10:00 AM,,Communion Service,specific_weekday,English,Schaghticoke,,,,,
Sacred Heart,"196 Elm St, Pittsfield, Massachusetts 01201",(413) 443-6960,Mass,Mon,9:00 AM,,Mass,specific_weekday,English,Sacred Heart Church,,,,,
Sacred Heart,"196 Elm St, Pittsfield, Massachusetts 01201",(413) 443-6960,Mass,Tue,9:00 AM,,Mass,specific_weekday,English,Sacred Heart Church,,,,,
Sacred Heart,"50 Mohican St, Lake George, New York 12845",(518) 668-2046,Mass,Wed,8:30 AM,,Mass,specific_weekday,English,,,,,,
Sacred Heart,"196 Elm St, Pittsfield, Massachusetts 01201",(413) 443-6960,Mass,Wed,9:00 AM,,Mass,specific_weekday,English,Sacred Heart Church,,,,,
Sacred Heart,"196 Elm St, Pittsfield, Massachusetts 01201",(413) 443-6960,Mass,Thu,9:00 AM,,Mass,specific_weekday,English,Sacred Heart Church,,,,,
Sacred Heart,"50 Mohican St, Lake George, New York 12845",(518) 668-2046,Mass,Fri,8:30 AM,,Mass,specific_weekday,English,,,,,,
Sacred Heart,"50 Mohican St, Lake George, New York 12845",(518) 668-2046,Mass,Sat,4:00 PM,,Vigil Mass,saturday,English,,,,,,
Sacred Heart,"196 Elm St, Pittsfield, Massachusetts 01201",(413) 443-6960,Mass,Sat,4:00 PM,,Mass,saturday,English,Sacred Heart Church,,,,,vigil
Sacred Heart,"50 Mohican St, Lake George, New York 12845",(518) 668-2046,Mass,Sat,5:30 PM,,Vigil Mass,saturday,English,,,,,,
Sacred Heart,"50 Mohican St, Lake George, New York 12845",(518) 668-2046,Mass,Sun,10:00 AM,,Mass,sunday,English,,,,,,
Sacred Heart,"50 Mohican St, Lake George, New York 12845",(518) 668-2046,Mass,Sun,10:30 AM,,Mass,sunday,English,,,,,,
Sacred Heart,"196 Elm St, Pittsfield, Massachusetts 01201",(413) 443-6960,Mass,Sun,10:30 AM,,Mass,sunday,English,Sacred Heart Church,,,,,
Sacred Heart,"50 Mohican St, Lake George, New York 12845",(518) 668-2046,Mass,Sun,11:30 AM,,Mass,sunday,English,,,,,,
Sacred Heart,"50 Mohican St, Lake George, New York 12845",(518) 668-2046,Mass,Sun,8:00 AM,,Mass,sunday,English,,,,,,
Sacred Heart,"50 Mohican St, Lake George, New York 12845",(518) 668-2046,Mass,Sun,8:30 AM,,Mass,sunday,English,,,,,,
Sacred Heart,"196 Elm St, Pittsfield, Massachusetts 01201",(413) 443-6960,Mass,Sun,8:30 AM,,Mass,sunday,English,Sacred Heart Church,,,,,
Sacred Heart,"2 Hough St, Lebanon, New Hampshire 03766",(603) 448-1262,Mass,Sun,9:30 AM,,Mass,sunday,English,,,,,,
Sacred Heart,"196 Elm St, Pittsfield, Massachusetts 01201",(413) 443-6960,Mass,,5:30 PM,,Ash Wednesday Mass,special_event,English,,,2026-02-18,,,Ash Wednesday Mass
Sacred Heart,"2 Hough St, Lebanon, New Hampshire 03766",(603) 448-1262,Confession,Sat,2:45 PM,,Confessions,saturday,English,,,,,,or by appointment
Sacred Heart,"196 Elm St, Pittsfield, Massachusetts 01201",(413) 443-6960,Confession,Sat,3:00 PM,,Confession,saturday,English,,,,,,or by appointment
Sacred Heart,"50 Mohican St, Lake George, New York 12845",(518) 668-2046,Adoration,Wed,9:00 AM,3:00 PM,Adoration of the Blessed Sacrament,other,English,,,,,,Every; exposition
Sacred Heart,"196 Elm St, Pittsfield, Massachusetts 01201",(413) 443-6960,Adoration,Fri,9:15 AM,12:00 PM,Adoration,specific_weekday,English,Parish Center Chapel,,,,,exposition
Sacred Heart,"50 Mohican St, Lake George, New York 12845",(518) 668-2046,Devotions,Wed,8:00 AM,,Rosary,specific_weekday,English,,,,,,
Sacred Heart,"196 Elm St, Pittsfield, Massachusetts 01201",(413) 443-6960,Devotions,Fri,3:00 PM,,Stations of the Cross,specific_weekday,English,,,,,,note: after Lent
Sacred Heart,"50 Mohican St, Lake George, New York 12845",(518) 668-2046,Devotions,Fri,8:00 AM,,Rosary,specific_weekday,English,,,,,,
Sacred Heart,"50 Mohican St, Lake George, New York 12845",(518) 668-2046,Devotions,,TBD,,Novena to Our Lady of the Miraculous Medal,other,English,,,,after,Mass,after Mass
Sacred Heart,"2 Hough St, Lebanon, New Hampshire 03766",(603) 448-1262,Other,,TBD,,Join us,parish_event,English,Parish Hall,,2026-01-18,after,,following; sponsored by the Faith in Action Ministry and Sacred Heart Knights of Columbus
Sacred Heart,"196 Elm St, Pittsfield, Massachusetts 01201",(413) 443-6960,Sacraments,Fri,9:00 AM,,Communion Service,specific_weekday,English,,,,,,
Sacred Heart (St. Marguerite d'Youville Parish),"59 Main St, North Stratford, New Hampshire 03590",(603) 636-1047,Mass,Sun,9:00 AM,,Mass,sunday,english,Sacred Heart Church,,,,,
Sacred Heart of Jesus Church,"130 S Pleasant St, Troy, Vermont 05868",(802) 744-4066,Mass,Tue,9:00 AM,,Mass,specific_weekday,english,"Sacred Heart of Jesus, Troy, VT",,,,,
Sacred Heart of Jesus Church,"130 S Pleasant St, Troy, Vermont 05868",(802) 744-4066,Mass,Wed,9:00 AM,,Mass,specific_weekday,english,"Sacred Heart of Jesus, Troy, VT",,,,,
Sacred Heart of Jesus Church,"130 S Pleasant St, Troy, Vermont 05868",(802) 744-4066,Mass,Thu,9:00 AM,,Mass,specific_weekday,english,"Sacred Heart of Jesus, Troy, VT",,,,,
Sacred Heart of Jesus Church,"130 S Pleasant St, Troy, Vermont 05868",(802) 744-4066,Mass,Fri,9:00 AM,,Mass,specific_weekday,english,"Sacred Heart of Jesus, Troy, VT",,,,,
Sacred Heart of Jesus Church,"130 S Pleasant St, Troy, Vermont 05868",(802) 744-4066,Mass,Sat,4:00 PM,,Mass,saturday,english,"Sacred Heart of Jesus Church, Troy",,,,,vigil
Sacred Heart of Jesus Church,"130 S Pleasant St, Troy, Vermont 05868",(802) 744-4066,Mass,Sat,9:00 AM,,Mass,specific_weekday,english,"Sacred Heart of Jesus, Troy, VT",,,,,
Sacred Heart of Jesus Church,"130 S Pleasant St, Troy, Vermont 05868",(802) 744-4066,Mass,Sun,9:00 AM,,Mass,sunday,english,"Sacred Heart of Jesus, Troy, VT",,,,,
Sacred Heart of Jesus Church,"130 S Pleasant St, Troy, Vermont 05868",(802) 744-4066,Confession,Wed,9:30 AM,10:30 AM,Confession,other,English,Sacred Heart of Jesus Church,,,,,during Adoration
Sacred Heart of Jesus Church,"130 S Pleasant St, Troy, Vermont 05868",(802) 744-4066,Confession,Sat,3:30 PM,4:00 PM,Confession,other,English,Sacred Heart of Jesus Church,,,,,
Sacred Heart of Jesus Church,"130 S Pleasant St, Troy, Vermont 05868",(802) 744-4066,Confession,Sun,8:30 AM,9:00 AM,Confession,other,English,Sacred Heart Church,,,,,
Sacred Heart of Jesus Church,"130 S Pleasant St, Troy, Vermont 05868",(802) 744-4066,Confession,,TBD,,Confessions,other,English,,,,,,available at any time; Call the office to make arrangements
Sacred Heart of Jesus Church,"130 S Pleasant St, Troy, Vermont 05868",(802) 744-4066,Adoration,Mon,9:00 AM,10:00 AM,Eucharistic Adoration,other,English,,,,,,
Sacred Heart of Jesus Church,"130 S Pleasant St, Troy, Vermont 05868",(802) 744-4066,Adoration,Wed,9:30 AM,10:30 AM,Eucharistic Adoration,other,English,,,,,,
Sacred Heart–St. Francis de Sales,"238 W Main St, Bennington, Vermont 05201",(802) 442-3141,Mass,Mon,9:00 AM,,Mass,specific_weekday,english,SHSF,,,,,
Sacred Heart–St. Francis de Sales,"238 W Main St, Bennington, Vermont 05201",(802) 442-3141,Mass,Wed,9:00 AM,,Mass,specific_weekday,english,SHSF,,,,,
Sacred Heart–St. Francis de Sales,"238 W Main St, Bennington, Vermont 05201",(802) 442-3141,Mass,Fri,9:00 AM,,Mass,specific_weekday,english,SHSF,,,,,
Sacred Heart–St. Francis de Sales,"238 W Main St, Bennington, Vermont 05201",(802) 442-3141,Mass,Sat,4:00 PM,,Mass,saturday,english,SHSF,,,,,livestream
Sacred Heart–St. Francis de Sales,"238 W Main St, Bennington, Vermont 05201",(802) 442-3141,Mass,Sun,8:00 AM,,Mass,sunday,english,SHSF,,,,,
Sacred Heart–St. Francis de Sales,"238 W Main St, Bennington, Vermont 05201",(802) 442-3141,Mass,,12:15 PM,,Ash Wednesday Mass,special_event,English,Sacred Heart St. Francis de Sales,,2026-02-18,,,Ash Wednesday Mass
Sacred Heart–St. Francis de Sales,"238 W Main St, Bennington, Vermont 05201",(802) 442-3141,Mass,,7:00 PM,,Mass of the Lord's Supper,special_event,English,SHSF,,2026-04-02,,,Mass of the Lord's Supper
Sacred Heart–St. Francis de Sales,"238 W Main St, Bennington, Vermont 05201",(802) 442-3141,Mass,,8:00 AM,,Easter Sunday Mass,special_event,English,SHSF,,2026-04-05,,,Easter Sunday Mass
Sacred Heart–St. Francis de Sales,"238 W Main St, Bennington, Vermont 05201",(802) 442-3141,Mass,,8:00 PM,,Easter Vigil,special_event,English,SHSF,,2026-04-04,,,Easter Vigil
Sacred Heart–St. Francis de Sales,"238 W Main St, Bennington, Vermont 05201",(802) 442-3141,Mass,,9:00 AM,,Ash Wednesday Mass,special_event,English,Sacred Heart St. Francis de Sales,,2026-02-18,,,Ash Wednesday Mass
Sacred Heart–St. Francis de Sales,"238 W Main St, Bennington, Vermont 05201",(802) 442-3141,Confession,Sat,3:00 PM,3:30 PM,Confession,saturday,English,SHSF,,,,,note: or by appointment
Sacred Heart–St. Francis de Sales,"238 W Main St, Bennington, Vermont 05201",(802) 442-3141,Confession,,6:00 PM,,Lenten Reconciliation Service,special_event,English,SHSF,,2026-02-27,,,Lenten Reconciliation Service
Sacred Heart–St. Francis de Sales,"238 W Main St, Bennington, Vermont 05201",(802) 442-3141,Adoration,Fri,9:30 AM,8:00 PM,Adoration,specific_weekday,English,SHSF,,,,,note: starts after 9:00 am Mass
Sacred Heart–St. Francis de Sales,"238 W Main St, Bennington, Vermont 05201",(802) 442-3141,Adoration,,8:00 PM,10:00 PM,Adoration,special_event,English,SHSF Parish Center,,2026-04-02,,,Adoration; note: following Mass
Sacred Heart–St. Francis de Sales,"238 W Main St, Bennington, Vermont 05201",(802) 442-3141,Devotions,,12:00 PM,,Stations of the Cross,special_event,English,SHSF,,2026-04-03,,,Stations of the Cross
Sacred Heart–St. Francis de Sales,"238 W Main St, Bennington, Vermont 05201",(802) 442-3141,Devotions,,5:30 PM,,Stations of the Cross,parish_event,English,SHSF,,,,,note: recurring Feb 27; reconciliation service to follow
Sacred Heart–St. Francis de Sales,"238 W Main St, Bennington, Vermont 05201",(802) 442-3141,Education,,6:30 PM,,Bible Study,parish_event,English,SHSF Parish Center,,,,,note: recurring Feb 24; March 10; March 24
Sacred Heart–St. Francis de Sales,"238 W Main St, Bennington, Vermont 05201",(802) 442-3141,Other,,3:00 PM,,Passion of the Lord,special_event,English,SHSF,,2026-04-03,,,Passion of the Lord
Sacred Heart–St. Francis de Sales,"238 W Main St, Bennington, Vermont 05201",(802) 442-3141,Other,,5:30 PM,,Family Stations,parish_event,English,SHSF,,,,,note: March 27; soup and bread to follow
Sacred Heart–St. Francis de Sales,"238 W Main St, Bennington, Vermont 05201",(802) 442-3141,Other,,6:30 PM,7:30 PM,Parish Mission,parish_event,English,SHSF,,,,,note: March 5 with Deacon Phil Lawson
Saint Therese Chapel,"1 Wilton Gansevoort Rd, Gansevoort, NY 12831",+1-518-792-2276,Mass,Sun,9:30 AM,,Mass,sunday,English,1 Wilton Gansevoort Rd.,,,,,
St Alphonsus Liguori Church,"34 Arch St, Pittsford, Vermont 05763",(802) 483-2301,Mass,Mon,9:00 AM,,Mass,specific_weekday,english,St. Alphonsus,,,,,
St Alphonsus Liguori Church,"34 Arch St, Pittsford, Vermont 05763",(802) 483-2301,Mass,Tue,9:00 AM,,Mass,specific_weekday,english,St. Alphonsus,,,,,
St Alphonsus Liguori Church,"34 Arch St, Pittsford, Vermont 05763",(802) 483-2301,Mass,Sun,9:00 AM,,Mass,sunday,english,St. Alphonsus,,,,,
St Alphonsus Liguori Church,"34 Arch St, Pittsford, Vermont 05763",(802) 483-2301,Confession,,TBD,,Confessions,other,English,,,,,,by appointment only; St. Alphonsus
St Francis of Assisi Rectory,"30 Union St, Windsor, Vermont 05089    ",(802) 674-2157 ,Mass,Tue,9:00 AM,,Mass,specific_weekday,english,,,,,,
St Francis of Assisi Rectory,"30 Union St, Windsor, Vermont 05089    ",(802) 674-2157 ,Mass,Sun,10:30 AM,,Mass,sunday,english,,,,,,
St Francis of Assisi Rectory,"30 Union St, Windsor, Vermont 05089    ",(802) 674-2157 ,Mass,,5:00 PM,,Vigil Mass for the Assumption of the Blessed Virgin Mary,special_event,English,,,2025-08-14,,,Vigil Mass for the Assumption of the Blessed Virgin Mary
St Francis of Assisi Rectory,"30 Union St, Windsor, Vermont 05089    ",(802) 674-2157 ,Mass,,9:00 AM,,Mass: Tuesday of the Sixth Week in Ordinary Time,special_event,english,,,2026-02-17,,,Mass: Tuesday of the Sixth Week in Ordinary Time
St Francis of Assisi Rectory,"30 Union St, Windsor, Vermont 05089    ",(802) 674-2157 ,Confession,,11:30 AM,12:00 PM,Confession,monthly,English,,first_friday,,,,note: See weekly Bulletin for First Friday or Urgent cases
St Francis of Assisi Rectory,"30 Union St, Windsor, Vermont 05089    ",(802) 674-2157 ,Confession,,9:30 AM,10:00 AM,Confession: Tuesday of the Sixth Week in Ordinary Time,special_event,English,,,2026-02-17,,,Confession: Tuesday of the Sixth Week in Ordinary Time
St Francis of Assisi Rectory,"30 Union St, Windsor, Vermont 05089    ",(802) 674-2157 ,Confession,,9:30 AM,10:00 AM,Confession,monthly,English,,first_friday,,,,Tue; note: See weekly Bulletin for First Friday or Urgent cases
St Francis of Assisi Rectory,"30 Union St, Windsor, Vermont 05089    ",(802) 674-2157 ,Other,,9:00 AM,,Assumption of the Blessed Virgin Mary,special_event,English,,,2025-08-15,,,Assumption of the Blessed Virgin Mary
St James Church,"26 Church Rd, Cadyville, NY 12918",+1-518-561-5039,Mass,Mon,12:10 PM,,Mass,weekday,English,St. James Church,,,,,
St James Church,"26 Church Rd, Cadyville, NY 12918",+1-518-561-5039,Mass,Mon,8:00 AM,,Mass,weekday,English,St. James Church,,,,,
St James Church,"26 Church Rd, Cadyville, NY 12918",+1-518-561-5039,Mass,Tue,12:10 PM,,Mass,weekday,English,St. James Church,,,,,
St James Church,"26 Church Rd, Cadyville, NY 12918",+1-518-561-5039,Mass,Tue,8:00 AM,,Mass,weekday,English,St. James Church,,,,,
St James Church,"26 Church Rd, Cadyville, NY 12918",+1-518-561-5039,Mass,Wed,12:10 PM,,Mass,weekday,English,St. James Church,,,,,
St James Church,"26 Church Rd, Cadyville, NY 12918",+1-518-561-5039,Mass,Wed,8:00 AM,,Mass,weekday,English,St. James Church,,,,,
St James Church,"26 Church Rd, Cadyville, NY 12918",+1-518-561-5039,Mass,Thu,12:10 PM,,Mass,weekday,English,St. James Church,,,,,
St James Church,"26 Church Rd, Cadyville, NY 12918",+1-518-561-5039,Mass,Thu,8:00 AM,,Mass,weekday,English,St. James Church,,,,,
St James Church,"26 Church Rd, Cadyville, NY 12918",+1-518-561-5039,Mass,Fri,12:10 PM,,Mass,weekday,English,St. James Church,,,,,
St James Church,"26 Church Rd, Cadyville, NY 12918",+1-518-561-5039,Mass,Fri,8:00 AM,,Mass,weekday,English,St. James Church,,,,,
St James Church,"26 Church Rd, Cadyville, NY 12918",+1-518-561-5039,Mass,Sat,4:00 PM,,Mass,saturday,English,St. James Church,,,,,vigil
St James Church,"26 Church Rd, Cadyville, NY 12918",+1-518-561-5039,Mass,Sat,8:00 AM,,Mass,specific_weekday,English,St. James Church,,,,,
St James Church,"26 Church Rd, Cadyville, NY 12918",+1-518-561-5039,Mass,Sun,10:00 AM,,Mass,sunday,English,St. James Church,,,,,
St James Church,"26 Church Rd, Cadyville, NY 12918",+1-518-561-5039,Mass,Sun,12:00 PM,,Mass,sunday,English,St. James Church,,,,,
St James Church,"26 Church Rd, Cadyville, NY 12918",+1-518-561-5039,Mass,Sun,8:00 AM,,Mass,sunday,English,St. James Church,,,,,
St James Church,"26 Church Rd, Cadyville, NY 12918",+1-518-561-5039,Mass,,4:00 PM,,Christmas Vigil,special_event,English,St. James Church,,2025-12-24,,,Christmas Vigil
St James Church,"26 Church Rd, Cadyville, NY 12918",+1-518-561-5039,Mass,,9:00 AM,,Presidents Day Mass,special_event,English,St. James Church,,2026-02-17,,,Presidents Day Mass; note: 9:00 AM only; No 8:00 AM or 12:10 PM Masses
St James Church,"26 Church Rd, Cadyville, NY 12918",+1-518-561-5039,Confession,Sat,3:00 PM,3:45 PM,Confessions,saturday,English,St. James Church,,,,,note: or by appointment with one of our priests
St James Church,"26 Church Rd, Cadyville, NY 12918",+1-518-561-5039,Devotions,,3:00 PM,3:30 PM,Stations of the Cross,parish_event,English,St. James Church,,,,,
St James Church,"26 Church Rd, Cadyville, NY 12918",+1-518-561-5039,Community,,1:45 PM,7:45 PM,St. James and Knights of Columbus Blood Drive,parish_event,English,St. James Church,,,,,
St James Church,"26 Church Rd, Cadyville, NY 12918",+1-518-561-5039,Other,,12:10 PM,,Solemnity of the Immaculate Conception,special_event,English,St. James Church,,2025-12-08,,,Solemnity of the Immaculate Conception
St James Church,"26 Church Rd, Cadyville, NY 12918",+1-518-561-5039,Other,,3:00 PM,5:00 PM,Chili Cook-Off,parish_event,English,St. James Church,,,,,
St James Church,"26 Church Rd, Cadyville, NY 12918",+1-518-561-5039,Other,,6:30 PM,8:30 PM,Peanut Butter & Jelly Gang,parish_event,English,St. James Church,,,,,
St James Church,"26 Church Rd, Cadyville, NY 12918",+1-518-561-5039,Other,,7:30 PM,,Solemnity of the Immaculate Conception,special_event,English,St. James Church,,2025-12-08,,,Solemnity of the Immaculate Conception
St James Church,"26 Church Rd, Cadyville, NY 12918",+1-518-561-5039,Other,,8:00 AM,,Solemnity of the Immaculate Conception,special_event,English,St. James Church,,2025-12-08,,,Solemnity of the Immaculate Conception
St James Church,"26 Church Rd, Cadyville, NY 12918",+1-518-561-5039,Other,,TBD,,Christmas,special_event,English,St. James Church,,2025-12-25,,,Christmas; check bulletin
St James Church,"26 Church Rd, Cadyville, NY 12918",+1-518-561-5039,Other,,TBD,,Ash Wednesday,special_event,English,St. James Church,,2026-02-18,,,Ash Wednesday; check bulletin
St Joachim Mission,"5 Old Georges Mill Rd, Sunapee, New Hampshire 03782",(603) 863-1422 ,Mass,Sun,10:00 AM,,Mass,sunday,English,St. Joachim Mission Church,,,,,
St Mary's Church,"62 Warren St, Glens Falls, New York 12801",(518) 792-0989,Mass,Wed,12:10 PM,,Mass,specific_weekday,English,church,,,,,
St Mary's Church,"62 Warren St, Glens Falls, New York 12801",(518) 792-0989,Mass,Thu,12:10 PM,,Mass,specific_weekday,English,church,,,,,
St Mary's Church,"62 Warren St, Glens Falls, New York 12801",(518) 792-0989,Mass,Sat,4:00 PM,,Vigil Mass,saturday,English,,,,,,
St Mary's Church,"62 Warren St, Glens Falls, New York 12801",(518) 792-0989,Mass,Sun,11:15 AM,,Mass,sunday,English,,,,,,
St Mary's Church,"62 Warren St, Glens Falls, New York 12801",(518) 792-0989,Mass,Sun,8:30 AM,,Mass,sunday,English,,,,,,
St Mary's Church,"62 Warren St, Glens Falls, New York 12801",(518) 792-0989,Confession,Wed,TBD,,Reconciliation,other,English,,,,after,Mass,"Each , following the Mass"
St Mary's Church,"62 Warren St, Glens Falls, New York 12801",(518) 792-0989,Adoration,Wed,1:00 PM,6:00 PM,Adoration,specific_weekday,English,,,,,,
St Mary's Church,"62 Warren St, Glens Falls, New York 12801",(518) 792-0989,Other,,10:00 AM,,Christmas Day,special_event,English,church,,2025-12-25,,,Christmas Day
St Mary's Church,"62 Warren St, Glens Falls, New York 12801",(518) 792-0989,Other,,12:10 PM,,Dec. 8 Holy Day,special_event,English,,,2025-12-08,,,Dec. Holy Day
St Mary's Church,"62 Warren St, Glens Falls, New York 12801",(518) 792-0989,Other,,9:00 PM,,Christmas Eve,special_event,English,church,,2025-12-24,,,Christmas Eve; livestream
St Mary's-St Paul's,"11 Wall St, Hudson Falls, New York 12839",(518) 747-4823,Mass,Mon,5:30 PM,,Mass,specific_weekday,English,Church of St. Mary's/St. Paul's,,,,,
St Mary's-St Paul's,"11 Wall St, Hudson Falls, New York 12839",(518) 747-4823,Mass,Wed,9:00 AM,,Mass,specific_weekday,English,Church of St. Mary's/St. Paul's,,,,,
St Mary's-St Paul's,"11 Wall St, Hudson Falls, New York 12839",(518) 747-4823,Mass,Thu,9:00 AM,,Mass,specific_weekday,English,Church of St. Mary's/St. Paul's,,,,,
St Mary's-St Paul's,"11 Wall St, Hudson Falls, New York 12839",(518) 747-4823,Mass,Sun,10:00 AM,,Mass,sunday,English,Church of St. Mary's/St. Paul's,,,,,livestream
St Mary's-St Paul's,"11 Wall St, Hudson Falls, New York 12839",(518) 747-4823,Confession,Sun,9:00 AM,,Reconciliation,sunday,English,Church of St. Mary's/St. Paul's,,,,,by appointment
St. Agnes,"489 Main St, Dalton, Massachusetts 01226-1691",(413) 684-0125,Mass,Mon,8:30 AM,,Mass,weekday,English,,,,,,livestream
St. Agnes,"489 Main St, Dalton, Massachusetts 01226-1691",(413) 684-0125,Mass,Tue,8:30 AM,,Mass,weekday,English,,,,,,livestream
St. Agnes,"489 Main St, Dalton, Massachusetts 01226-1691",(413) 684-0125,Mass,Wed,8:30 AM,,Mass,weekday,English,,,,,,livestream
St. Agnes,"489 Main St, Dalton, Massachusetts 01226-1691",(413) 684-0125,Mass,Thu,8:30 AM,,Mass,weekday,English,,,,,,livestream
St. Agnes,"489 Main St, Dalton, Massachusetts 01226-1691",(413) 684-0125,Mass,Fri,8:30 AM,,Mass,weekday,English,,,,,,livestream
St. Agnes,"489 Main St, Dalton, Massachusetts 01226-1691",(413) 684-0125,Mass,Sat,4:00 PM,,Mass,saturday,English,,,,,,livestream
St. Agnes,"489 Main St, Dalton, Massachusetts 01226-1691",(413) 684-0125,Mass,Sun,10:00 AM,,Mass,sunday,English,,,,,,livestream
St. Agnes,"489 Main St, Dalton, Massachusetts 01226-1691",(413) 684-0125,Mass,Sun,5:30 PM,,Mass,sunday,English,,,,,,note: Sep-Jun
St. Agnes,"489 Main St, Dalton, Massachusetts 01226-1691",(413) 684-0125,Mass,Sun,8:00 AM,,Mass,sunday,English,,,,,,livestream
St. Agnes,"489 Main St, Dalton, Massachusetts 01226-1691",(413) 684-0125,Other,,5:00 PM,,Corned Beef Dinner,special_event,English,St. Agnes Academy,,2026-03-14,,,Corned Beef Dinner
St. Albert Church -North American Martyrs Parish,"15 Church St, West Stewartstown, New Hampshire 03597",(603) 237-4342,Mass,Sat,4:30 PM,,Mass,saturday,English,St. Albert,,,,,vigil
St. Alexander,"1 Church St, Morrisonville, New York 12962",518-561-5039,Mass,Mon,9:00 AM,,Mass,weekday,English,St. Alexander's,,,,,
St. Alexander,"1 Church St, Morrisonville, New York 12962",518-561-5039,Mass,Tue,9:00 AM,,Mass,weekday,English,St. Alexander's,,,,,
St. Alexander,"1 Church St, Morrisonville, New York 12962",518-561-5039,Mass,Wed,9:00 AM,,Mass,weekday,English,St. Alexander's,,,,,
St. Alexander,"1 Church St, Morrisonville, New York 12962",518-561-5039,Mass,Thu,9:00 AM,,Mass,weekday,English,St. Alexander's,,,,,
St. Alexander,"1 Church St, Morrisonville, New York 12962",518-561-5039,Mass,Fri,9:00 AM,,Mass,weekday,English,St. Alexander's,,,,,
St. Alexander,"1 Church St, Morrisonville, New York 12962",518-561-5039,Mass,Sat,4:00 PM,,Mass,saturday,English,St. Alexander's,,,,,vigil
St. Alexander,"1 Church St, Morrisonville, New York 12962",518-561-5039,Mass,Sun,10:30 AM,,Mass,sunday,English,St. Alexander's,,,,,
St. Alexander,"1 Church St, Morrisonville, New York 12962",518-561-5039,Mass,Sun,7:30 AM,,Mass,sunday,English,St. Alexander's,,,,,
St. Alexander,"1 Church St, Morrisonville, New York 12962",518-561-5039,Confession,Sat,10:00 AM,11:00 AM,Confessions,saturday,English,St. Alexander's,,,,,
St. Alexander,"1 Church St, Morrisonville, New York 12962",518-561-5039,Adoration,Tue,TBD,,Adoration of the Blessed Sacrament,other,English,,,,after,Mass,"Third of the Month, beginning right after the Mass until 15:00"
St. Alexander,"1 Church St, Morrisonville, New York 12962",518-561-5039,Adoration,Fri,TBD,,Adoration of the Blessed Sacrament,other,English,,,,after,Mass,"Every , beginning right after the Mass until 18:30; note: until Vespers"
St. Amadeus,"9 N Main St, Alburg, Vermont 05440",(802) 796-3481,Mass,Tue,6:00 PM,,Mass,specific_weekday,english,St. Amadeus,,,,,
St. Amadeus,"9 N Main St, Alburg, Vermont 05440",(802) 796-3481,Mass,Wed,6:00 PM,,Mass,specific_weekday,english,St. Amadeus,,,,,
St. Amadeus,"9 N Main St, Alburg, Vermont 05440",(802) 796-3481,Mass,Sun,11:00 AM,,Mass,sunday,english,St. Amadeus - Alburgh,,,,,
St. Amadeus,"9 N Main St, Alburg, Vermont 05440",(802) 796-3481,Mass,,6:00 PM,,Mass,special_event,english,St. Amadeus - Alburgh,,2026-02-18,,,Mass
St. Amadeus,"9 N Main St, Alburg, Vermont 05440",(802) 796-3481,Confession,Tue,5:30 PM,6:00 PM,Confession,specific_weekday,English,St. Amadeus,,,,,
St. Amadeus,"9 N Main St, Alburg, Vermont 05440",(802) 796-3481,Confession,Wed,5:30 PM,6:00 PM,Confession,specific_weekday,English,St. Amadeus,,,,,
St. Amadeus,"9 N Main St, Alburg, Vermont 05440",(802) 796-3481,Confession,,TBD,,Confession,other,English,,,,after,Mass,before or after Mass; check bulletin; note: available by request if time allows
St. Amadeus,"9 N Main St, Alburg, Vermont 05440",(802) 796-3481,Adoration,Tue,5:30 PM,6:00 PM,Adoration,specific_weekday,English,St. Amadeus,,,,,exposition
St. Amadeus,"9 N Main St, Alburg, Vermont 05440",(802) 796-3481,Adoration,Wed,5:30 PM,6:00 PM,Adoration,specific_weekday,English,St. Amadeus,,,,,exposition
St. Ambrose,"11 School St, Bristol, Vermont 05443",(802) 453-2488,Mass,Tue,8:00 AM,,Mass,specific_weekday,English,St. Ambrose,,,,,
St. Ambrose,"11 School St, Bristol, Vermont 05443",(802) 453-2488,Mass,Wed,9:00 AM,,Mass,specific_weekday,English,"St. Ambrose, Bristol",,,,,
St. Ambrose,"11 School St, Bristol, Vermont 05443",(802) 453-2488,Mass,Sat,6:30 PM,,Mass,saturday,english,"St. Ambrose, Bristol",,,,,vigil
St. Ambrose,"11 School St, Bristol, Vermont 05443",(802) 453-2488,Mass,Sun,8:30 AM,,Mass,sunday,english,"St Ambrose, Bristol",,,,,
St. Ambrose,"11 School St, Bristol, Vermont 05443",(802) 453-2488,Mass,,12:05 PM,,Daily Mass Live Stream,other,English,,,,,,every weekday; livestream
St. Ambrose,"11 School St, Bristol, Vermont 05443",(802) 453-2488,Confession,Tue,7:00 AM,8:00 AM,Confession,other,English,St Ambrose,,,,,and by appointment
St. Ambrose,"11 School St, Bristol, Vermont 05443",(802) 453-2488,Confession,Sun,7:30 AM,8:15 AM,Confession,other,English,St. Ambrose,,,,,before Mass; and by appointment
St. Ambrose,"11 School St, Bristol, Vermont 05443",(802) 453-2488,Adoration,Tue,7:00 AM,8:00 AM,Adoration,other,English,St Ambrose,,,,,
St. Andre Bessette Parish - St. Vincent de Paul,"18 N Pleasant St, North Troy, Vermont 05859",(802) 744-4066,Adoration,Mon,9:00 AM,10:00 AM,Eucharistic Adoration,other,English,,,,,,
St. Andre Bessette Parish - St. Vincent de Paul,"18 N Pleasant St, North Troy, Vermont 05859",(802) 744-4066,Adoration,Wed,9:30 AM,10:30 AM,Eucharistic Adoration,other,English,,,,,,
St. Andrew,"109 S Main St, Waterbury, Vermont 05676",(802) 244-7734,Mass,Mon,8:00 AM,,Mass,weekday,english,St. Andrew's Church,,,,,
St. Andrew,"109 S Main St, Waterbury, Vermont 05676",(802) 244-7734,Mass,Tue,8:00 AM,,Mass,weekday,english,St. Andrew's Church,,,,,
St. Andrew,"109 S Main St, Waterbury, Vermont 05676",(802) 244-7734,Mass,Wed,8:00 AM,,Mass,weekday,english,St. Andrew's Church,,,,,
St. Andrew,"109 S Main St, Waterbury, Vermont 05676",(802) 244-7734,Mass,Thu,8:00 AM,,Mass,weekday,english,St. Andrew's Church,,,,,
St. Andrew,"109 S Main St, Waterbury, Vermont 05676",(802) 244-7734,Mass,Fri,8:00 AM,,Mass,weekday,english,St. Andrew's Church,,,,,
St. Andrew,"109 S Main St, Waterbury, Vermont 05676",(802) 244-7734,Mass,Sat,4:00 PM,,Mass,saturday,english,St. Andrew's Church,,,,,vigil
St. Andrew,"109 S Main St, Waterbury, Vermont 05676",(802) 244-7734,Mass,Sun,9:00 AM,,Mass,sunday,english,St. Andrew's Church,,,,,Waterbury
St. Andrew,"109 S Main St, Waterbury, Vermont 05676",(802) 244-7734,Mass,,6:00 PM,,Pro-Life Mass,special_event,English,,,2025-06-21,,,Pro-Life Mass
St. Andrew,"109 S Main St, Waterbury, Vermont 05676",(802) 244-7734,Confession,Sat,3:00 PM,3:45 PM,Confession,saturday,English,St. Andrew's Church,,,,,
St. Andrew,"109 S Main St, Waterbury, Vermont 05676",(802) 244-7734,Confession,,7:00 PM,7:30 PM,Confession,monthly,English,,last_saturday,,,,note: Last Saturday of the month
St. Ann,"3066 U.S Rt 11, Mooers Forks, New York 12959",518-236-5632,Mass,Mon,8:00 AM,,Mass,specific_weekday,english,"St. Ann's, Mooers Forks",,,,,
St. Ann,"41 Main St, Milton, Vermont 05468",(802) 893-2487,Mass,Mon,9:30 AM,,Mass,specific_weekday,english,,,,,,Subject to change for Funeral Masses
St. Ann,"41 Main St, Milton, Vermont 05468",(802) 893-2487,Mass,Wed,9:30 AM,,Mass,specific_weekday,english,,,,,,Subject to change for Funeral Masses
St. Ann,"41 Main St, Milton, Vermont 05468",(802) 893-2487,Mass,Thu,7:00 PM,,Mass,specific_weekday,english,,,,,,Subject to change for Funeral Masses
St. Ann,"3066 U.S Rt 11, Mooers Forks, New York 12959",518-236-5632,Mass,Thu,8:00 AM,,Mass,specific_weekday,english,"St. Ann's, Mooers Forks",,,,,
St. Ann,"41 Main St, Milton, Vermont 05468",(802) 893-2487,Mass,Fri,9:30 AM,,Mass,specific_weekday,english,,,,,,Subject to change for Funeral Masses
St. Ann,"3066 U.S Rt 11, Mooers Forks, New York 12959",518-236-5632,Mass,Sat,4:00 PM,,Mass,saturday,english,"St. Ann's, Mooers Forks",,,,,vigil
St. Ann,"41 Main St, Milton, Vermont 05468",(802) 893-2487,Mass,Sat,4:30 PM,,Mass,saturday,english,,,,,,
St. Ann,"41 Main St, Milton, Vermont 05468",(802) 893-2487,Mass,Sun,10:30 AM,,Mass,sunday,english,,,,,,
St. Ann,"3066 U.S Rt 11, Mooers Forks, New York 12959",518-236-5632,Mass,Sun,8:00 AM,,Mass,sunday,english,"St. Ann's, Mooers Forks",,,,,
St. Ann,"41 Main St, Milton, Vermont 05468",(802) 893-2487,Mass,Sun,8:30 AM,,Mass,sunday,english,,,,,,
St. Ann,"3066 U.S Rt 11, Mooers Forks, New York 12959",518-236-5632,Confession,Sat,3:15 PM,3:45 PM,Confession,saturday,English,"St. Ann's, Mooers Forks",,,,,before Mass
St. Ann,"41 Main St, Milton, Vermont 05468",(802) 893-2487,Confession,Sat,3:30 PM,4:10 PM,Confession,saturday,English,,,,,,located off Blessed Sacrament Chapel
St. Ann,"41 Main St, Milton, Vermont 05468",(802) 893-2487,Adoration,,10:00 AM,11:30 AM,Adoration,monthly,English,,first_friday_(recurring),,,,
St. Ann,"41 Main St, Milton, Vermont 05468",(802) 893-2487,Adoration,,6:30 PM,7:30 PM,Adoration,monthly,English,,first_friday_(recurring),,,,
St. Ann (Our Lady of Hope & St. Ann Parish),"85 George St, Fort Ann, New York 12827",(518) 639-5218,Mass,Tue,6:00 PM,,Mass,specific_weekday,English,St. Ann’s,,,,,
St. Ann (Our Lady of Hope & St. Ann Parish),"85 George St, Fort Ann, New York 12827",(518) 639-5218,Mass,Sun,8:30 AM,,Mass,sunday,English,St. Ann’s,,,,,
St. Ann (Our Lady of Hope & St. Ann Parish),"85 George St, Fort Ann, New York 12827",(518) 639-5218,Confession,Tue,5:00 PM,6:00 PM,Confession,specific_weekday,English,St. Ann's,,,,,
St. Ann (Our Lady of Hope & St. Ann Parish),"85 George St, Fort Ann, New York 12827",(518) 639-5218,Confession,Tue,6:45 PM,7:00 PM,Confession,specific_weekday,English,St. Ann's,,,,,
St. Ann (Our Lady of Hope & St. Ann Parish),"85 George St, Fort Ann, New York 12827",(518) 639-5218,Confession,Tue,TBD,,Confession,other,English,,,,after,Mass,check bulletin; note: available after weekday Masses
St. Ann (Our Lady of Hope & St. Ann Parish),"85 George St, Fort Ann, New York 12827",(518) 639-5218,Confession,Wed,TBD,,Confession,other,English,,,,after,Mass,check bulletin; note: available after weekday Masses
St. Ann (Our Lady of Hope & St. Ann Parish),"85 George St, Fort Ann, New York 12827",(518) 639-5218,Confession,Thu,TBD,,Confession,other,English,,,,after,Mass,check bulletin; note: available after weekday Masses
St. Ann (Our Lady of Hope & St. Ann Parish),"85 George St, Fort Ann, New York 12827",(518) 639-5218,Confession,Fri,TBD,,Confession,other,English,,,,after,Mass,check bulletin; note: available after weekday Masses
St. Ann (Our Lady of Hope & St. Ann Parish),"85 George St, Fort Ann, New York 12827",(518) 639-5218,Confession,Sun,8:00 AM,8:20 AM,Confession,sunday,English,St. Ann’s,,,,,
St. Anne,"92 St Anne's Rd, Isle la Motte, Vermont 05463",(802) 928-3362,Mass,Mon,11:15 AM,,Daily Mass,weekday,English,,,,,,June 30 - Aug 29
St. Anne,"92 St Anne's Rd, Isle la Motte, Vermont 05463",(802) 928-3362,Mass,Tue,11:15 AM,,Daily Mass,weekday,English,,,,,,June 30 - Aug 29
St. Anne,"92 St Anne's Rd, Isle la Motte, Vermont 05463",(802) 928-3362,Mass,Wed,11:15 AM,,Daily Mass,weekday,English,,,,,,June 30 - Aug 29
St. Anne,"92 St Anne's Rd, Isle la Motte, Vermont 05463",(802) 928-3362,Mass,Thu,11:15 AM,,Daily Mass,weekday,English,,,,,,June 30 - Aug 29
St. Anne,"92 St Anne's Rd, Isle la Motte, Vermont 05463",(802) 928-3362,Mass,Fri,11:15 AM,,Daily Mass,weekday,English,,,,,,June 30 - Aug 29
St. Anne,"92 St Anne's Rd, Isle la Motte, Vermont 05463",(802) 928-3362,Mass,Sat,4:00 PM,,Vigil,saturday,English,,,,,,May 24 - Aug 30; exception: No 16:00 Mass on July 26th
St. Anne,"92 St Anne's Rd, Isle la Motte, Vermont 05463",(802) 928-3362,Mass,Sun,10:30 AM,,Mass,sunday,English,,,,,,May 11 - Oct 12
St. Anne,"92 St Anne's Rd, Isle la Motte, Vermont 05463",(802) 928-3362,Mass,Sun,9:00 AM,,Mass,sunday,English,,,,,,June 29 - Aug 31
St. Anne,"92 St Anne's Rd, Isle la Motte, Vermont 05463",(802) 928-3362,Confession,,TBD,,Reconciliation,other,English,,,,before,Mass,The Sacrament of Reconciliation & Anointing of the Sick are available before Masses and upon request
St. Anne,"92 St Anne's Rd, Isle la Motte, Vermont 05463",(802) 928-3362,Other,,7:00 PM,,Feast of Saint Anne with candlelight procession,parish_event,English,,,2026-07-26,,,replaces 16:00 Mass
St. Anthony,"15 Church St, White River Junction, Vermont 05001",(802) 295-2225,Mass,Mon,9:00 AM,,Mass,specific_weekday,english,"White River Junction, VT",,,,,
St. Anthony,"221 Church St, Bethel, Vermont 05032",(802) 728-5251,Mass,Tue,6:00 PM,,Mass,specific_weekday,english,St. Anthony,,,,,Bethel
St. Anthony,"117 Shawville Rd, Sheldon Springs, Vermont 05485",(802) 933-4464,Mass,Thu,9:00 AM,,Mass,specific_weekday,english,St. Anthony,,,,,
St. Anthony,"15 Church St, White River Junction, Vermont 05001",(802) 295-2225,Mass,Fri,9:00 AM,,Mass,specific_weekday,english,"White River Junction, VT",,,,,
St. Anthony,"15 Church St, White River Junction, Vermont 05001",(802) 295-2225,Mass,Sat,4:00 PM,,Mass,saturday,english,"White River Junction, VT",,,,,vigil
St. Anthony,"221 Church St, Bethel, Vermont 05032",(802) 728-5251,Mass,Sun,11:00 AM,,Mass,sunday,english,St. Anthony,,,,,Bethel
St. Anthony,"117 Shawville Rd, Sheldon Springs, Vermont 05485",(802) 933-4464,Mass,Sun,8:00 AM,,Mass,sunday,english,St. Anthony,,,,,
St. Anthony,"15 Church St, White River Junction, Vermont 05001",(802) 295-2225,Mass,Sun,8:30 AM,,Mass,sunday,english,"White River Junction, VT",,,,,
St. Anthony,"15 Church St, White River Junction, Vermont 05001",(802) 295-2225,Mass,,4:00 PM,,Mass,special_event,English,"White River Junction, VT",,2026-01-17,,,Mass
St. Anthony,"15 Church St, White River Junction, Vermont 05001",(802) 295-2225,Mass,,8:30 AM,,Mass,special_event,English,"White River Junction, VT",,2026-01-18,,,Mass
St. Anthony,"15 Church St, White River Junction, Vermont 05001",(802) 295-2225,Mass,,9:00 AM,,Daily Mass,special_event,English,"White River Junction, VT",,2026-01-19,,,Daily Mass
St. Anthony,"15 Church St, White River Junction, Vermont 05001",(802) 295-2225,Confession,Sat,3:15 PM,3:45 PM,Confessions,saturday,English,"White River Junction, VT",,,,,
St. Anthony,"221 Church St, Bethel, Vermont 05032",(802) 728-5251,Confession,Sun,12:00 PM,12:30 PM,Confessions,sunday,English,St. Anthony,,,,,Bethel
St. Anthony,"117 Shawville Rd, Sheldon Springs, Vermont 05485",(802) 933-4464,Confession,Sun,7:30 AM,7:45 AM,Confession,sunday,English,St. Anthony,,,,,
St. Anthony,"221 Church St, Bethel, Vermont 05032",(802) 728-5251,Confession,,TBD,,Confessions,other,English,,,,before,Mass,Also available by appointment - please contact the Parish Office. )
St. Anthony,"117 Shawville Rd, Sheldon Springs, Vermont 05485",(802) 933-4464,Confession,,TBD,,Confession,other,English,,,,,,Any other time by Appointment; Please call the office at 802-933-4464 to set up an appointment.
St. Anthony,"15 Church St, White River Junction, Vermont 05001",(802) 295-2225,Adoration,Mon,10:00 AM,3:00 PM,Adoration,other,English,,,,,,chapel
St. Anthony,"15 Church St, White River Junction, Vermont 05001",(802) 295-2225,Adoration,Tue,10:00 AM,3:00 PM,Adoration,other,English,,,,,,chapel
St. Anthony,"221 Church St, Bethel, Vermont 05032",(802) 728-5251,Adoration,Tue,5:00 PM,5:45 PM,Adoration,specific_weekday,English,St. Anthony,,,,,Bethel; exposition
St. Anthony,"221 Church St, Bethel, Vermont 05032",(802) 728-5251,Adoration,Wed,4:30 PM,5:15 PM,Adoration,specific_weekday,English,,,,,,exposition
St. Anthony,"15 Church St, White River Junction, Vermont 05001",(802) 295-2225,Adoration,Thu,10:00 AM,3:00 PM,Adoration,other,English,,,,,,chapel
St. Anthony,"15 Church St, White River Junction, Vermont 05001",(802) 295-2225,Adoration,Fri,10:00 AM,3:00 PM,Adoration,other,English,,,,,,chapel
St. Anthony,"15 Church St, White River Junction, Vermont 05001",(802) 295-2225,Adoration,,9:30 PM,10:30 PM,Adoration,monthly,English,"White River Junction, VT",first_friday_(recurring),,,,exposition
St. Anthony–St. George,"9491 Vermont 36, E Fairfield, Vermont 05448",(802) 827-3203,Mass,Sun,11:00 AM,,Mass,sunday,english,St. Anthony-St. George,,,,,
St. Anthony–St. George,"9491 Vermont 36, E Fairfield, Vermont 05448",(802) 827-3203,Adoration,,9:00 AM,5:00 PM,Adoration,other,English,,,,,,
St. Augustine,"16 Barre St, Montpelier, Vermont 05602",(802) 223-5285,Mass,Mon,8:15 AM,,Mass,specific_weekday,english,,,,,,
St. Augustine,"25 115th St, Troy, New York 12182",(518) 235-3861,Mass,Mon,8:30 AM,,Mass,specific_weekday,english,,,,,,note: Our Lady of Perpetual Help Novena
St. Augustine,"3035 Main St, Peru, New York 12972",518-561-5039,Mass,Tue,8:00 AM,,Mass,specific_weekday,English,St. Augustine's,,,,,
St. Augustine,"16 Barre St, Montpelier, Vermont 05602",(802) 223-5285,Mass,Tue,8:15 AM,,Mass,specific_weekday,english,,,,,,
St. Augustine,"25 115th St, Troy, New York 12182",(518) 235-3861,Mass,Tue,8:30 AM,,Mass,specific_weekday,english,,,,,,
St. Augustine,"16 Barre St, Montpelier, Vermont 05602",(802) 223-5285,Mass,Wed,12:10 PM,,Mass,specific_weekday,english,,,,,,
St. Augustine,"25 115th St, Troy, New York 12182",(518) 235-3861,Mass,Thu,6:00 PM,,Mass,specific_weekday,english,,,,,,
St. Augustine,"3035 Main St, Peru, New York 12972",518-561-5039,Mass,Fri,8:00 AM,,Mass,specific_weekday,English,St. Augustine's,,,,,
St. Augustine,"16 Barre St, Montpelier, Vermont 05602",(802) 223-5285,Mass,Fri,8:15 AM,,Mass,specific_weekday,english,,,,,,
St. Augustine,"25 115th St, Troy, New York 12182",(518) 235-3861,Mass,Fri,8:30 AM,,Mass,specific_weekday,english,,,,,,
St. Augustine,"25 115th St, Troy, New York 12182",(518) 235-3861,Mass,Sat,4:00 PM,,Mass,saturday,english,,,,,,vigil
St. Augustine,"3035 Main St, Peru, New York 12972",518-561-5039,Mass,Sat,4:30 PM,,Mass,saturday,English,St. Augustine's,,,,,Vigil
St. Augustine,"16 Barre St, Montpelier, Vermont 05602",(802) 223-5285,Mass,Sat,5:15 PM,,Mass,saturday,english,,,,,,vigil
St. Augustine,"25 115th St, Troy, New York 12182",(518) 235-3861,Mass,Sun,6:00 PM,,Mass,sunday,english,,,,,,
St. Augustine,"25 115th St, Troy, New York 12182",(518) 235-3861,Mass,Sun,9:00 AM,,Mass,sunday,english,,,,,,family; note: with Children's Liturgy
St. Augustine,"16 Barre St, Montpelier, Vermont 05602",(802) 223-5285,Mass,Sun,9:15 AM,,Mass,sunday,english,,,,,,
St. Augustine,"3035 Main St, Peru, New York 12972",518-561-5039,Mass,Sun,9:30 AM,,Mass,sunday,English,St. Augustine's,,,,,
St. Augustine,"25 115th St, Troy, New York 12182",(518) 235-3861,Mass,,6:00 PM,,Mass,special_event,english,,,2026-02-18,,,Mass
St. Augustine,"25 115th St, Troy, New York 12182",(518) 235-3861,Mass,,8:30 AM,,Mass,monthly,english,,first_saturday_(recurring),,,,
St. Augustine,"25 115th St, Troy, New York 12182",(518) 235-3861,Mass,,9:00 AM,,Mass,special_event,english,,,2026-02-18,,,Mass
St. Augustine,"16 Barre St, Montpelier, Vermont 05602",(802) 223-5285,Confession,Fri,8:45 AM,9:45 AM,Confession,specific_weekday,English,,,,,,during Holy Hour
St. Augustine,"3035 Main St, Peru, New York 12972",518-561-5039,Confession,Sat,3:30 PM,4:15 PM,Confessions,saturday,English,St. Augustine's,,,,,
St. Augustine,"16 Barre St, Montpelier, Vermont 05602",(802) 223-5285,Confession,Sat,4:00 PM,4:45 PM,Confession,saturday,English,,,,,,or by Appointment
St. Augustine,"3035 Main St, Peru, New York 12972",518-561-5039,Adoration,Fri,8:45 AM,6:30 PM,Adoration of the Blessed Sacrament,other,English,St. Augustine's,,,,,Every; begins after 8am Mass until Vespers at 6:30pm
St. Augustine,"25 115th St, Troy, New York 12182",(518) 235-3861,Devotions,,8:00 AM,,Rosary,monthly,english,,first_saturday_(recurring),,,,
St. Augustine,"25 115th St, Troy, New York 12182",(518) 235-3861,Devotions,,9:15 AM,,Devotions,monthly,english,,first_friday_(recurring),,,,exposition; benediction; note: Sacred Heart Devotions following 08:30 Mass
St. Benedict Center,"95 Fay Martin Rd, Richmond, New Hampshire 03470",,Mass,Mon,7:30 AM,,Mass,weekday,English,Saint Benedict Center,,,,,low Mass
St. Benedict Center,"95 Fay Martin Rd, Richmond, New Hampshire 03470",,Mass,Tue,7:30 AM,,Mass,weekday,English,Saint Benedict Center,,,,,low Mass
St. Benedict Center,"95 Fay Martin Rd, Richmond, New Hampshire 03470",,Mass,Wed,7:30 AM,,Mass,weekday,English,Saint Benedict Center,,,,,low Mass
St. Benedict Center,"95 Fay Martin Rd, Richmond, New Hampshire 03470",,Mass,Thu,7:30 AM,,Mass,weekday,English,Saint Benedict Center,,,,,low Mass
St. Benedict Center,"95 Fay Martin Rd, Richmond, New Hampshire 03470",,Mass,Fri,7:30 AM,,Mass,weekday,English,Saint Benedict Center,,,,,low Mass
St. Benedict Center,"95 Fay Martin Rd, Richmond, New Hampshire 03470",,Mass,Sun,10:30 AM,,Mass,sunday,English,Saint Benedict Center,,,,,Missa Cantata
St. Benedict Center,"95 Fay Martin Rd, Richmond, New Hampshire 03470",,Mass,Sun,8:30 AM,,Mass,sunday,English,Saint Benedict Center,,,,,low Mass
St. Benedict Center,"95 Fay Martin Rd, Richmond, New Hampshire 03470",,Confession,Mon,6:45 AM,7:20 AM,Confessions,specific_weekday,English,Saint Benedict Center,,,,,
St. Benedict Center,"95 Fay Martin Rd, Richmond, New Hampshire 03470",,Confession,Tue,6:45 AM,7:20 AM,Confessions,specific_weekday,English,Saint Benedict Center,,,,,
St. Benedict Center,"95 Fay Martin Rd, Richmond, New Hampshire 03470",,Confession,Wed,6:45 AM,7:20 AM,Confessions,specific_weekday,English,Saint Benedict Center,,,,,
St. Benedict Center,"95 Fay Martin Rd, Richmond, New Hampshire 03470",,Confession,Thu,6:45 AM,7:20 AM,Confessions,specific_weekday,English,Saint Benedict Center,,,,,
St. Benedict Center,"95 Fay Martin Rd, Richmond, New Hampshire 03470",,Confession,Fri,6:45 AM,7:20 AM,Confessions,specific_weekday,English,Saint Benedict Center,,,,,
St. Benedict Center,"95 Fay Martin Rd, Richmond, New Hampshire 03470",,Confession,Sat,4:00 PM,,Confessions,saturday,English,Saint Benedict Center,,,,,
St. Benedict Center,"95 Fay Martin Rd, Richmond, New Hampshire 03470",,Confession,Sat,6:45 AM,7:20 AM,Confessions,saturday,English,Saint Benedict Center,,,,,
St. Benedict Center,"95 Fay Martin Rd, Richmond, New Hampshire 03470",,Confession,Sun,7:45 AM,8:20 AM,Confessions,sunday,English,Saint Benedict Center,,,,,
St. Benedict Center,"95 Fay Martin Rd, Richmond, New Hampshire 03470",,Confession,,TBD,,Confessions,other,English,,,,,,by appointment 239-6485 to speak to our resident priest.); Please call (603
St. Benedict Center,"95 Fay Martin Rd, Richmond, New Hampshire 03470",,Devotions,Sun,10:00 AM,,Rosary,sunday,English,Saint Benedict Center,,,,,
St. Benedict Center,"95 Fay Martin Rd, Richmond, New Hampshire 03470",,Other,,10:30 AM,,Holy Day of Obligation,special_event,English,Saint Benedict Center,,2025-01-01,,,Holy Day of Obligation :; civil holiday; follows Sunday schedule
St. Benedict Center,"95 Fay Martin Rd, Richmond, New Hampshire 03470",,Other,,10:30 AM,,Christmas,special_event,English,Saint Benedict Center,,2025-12-25,,,Christmas :; civil holiday; follows Sunday schedule
St. Benedict Center,"95 Fay Martin Rd, Richmond, New Hampshire 03470",,Other,,10:30 AM,,"Mary, Mother of God",special_event,English,Saint Benedict Center,,2026-01-01,,,"Mary, Mother of God :; civil holiday; follows Sunday schedule"
St. Benedict Center,"95 Fay Martin Rd, Richmond, New Hampshire 03470",,Other,,7:15 PM,,Assumption of the Blessed Virgin Mary,special_event,English,Saint Benedict Center,,2025-08-15,,,Assumption of the Blessed Virgin Mary :; not civil holiday
St. Benedict Center,"95 Fay Martin Rd, Richmond, New Hampshire 03470",,Other,,7:15 PM,,All Saints Day,special_event,English,Saint Benedict Center,,2025-11-01,,,All Saints Day :; not civil holiday
St. Benedict Center,"95 Fay Martin Rd, Richmond, New Hampshire 03470",,Other,,7:15 PM,,Immaculate Conception,special_event,English,Saint Benedict Center,,2025-12-08,,,Immaculate Conception :; not civil holiday
St. Benedict Center,"95 Fay Martin Rd, Richmond, New Hampshire 03470",,Other,,7:30 AM,,Assumption of the Blessed Virgin Mary,special_event,English,Saint Benedict Center,,2025-08-15,,,Assumption of the Blessed Virgin Mary :; not civil holiday
St. Benedict Center,"95 Fay Martin Rd, Richmond, New Hampshire 03470",,Other,,7:30 AM,,All Saints Day,special_event,English,Saint Benedict Center,,2025-11-01,,,All Saints Day :; not civil holiday
St. Benedict Center,"95 Fay Martin Rd, Richmond, New Hampshire 03470",,Other,,7:30 AM,,Immaculate Conception,special_event,English,Saint Benedict Center,,2025-12-08,,,Immaculate Conception :; not civil holiday
St. Benedict Center,"95 Fay Martin Rd, Richmond, New Hampshire 03470",,Other,,8:30 AM,,Holy Day of Obligation,special_event,English,Saint Benedict Center,,2025-01-01,,,Holy Day of Obligation :; civil holiday; follows Sunday schedule
St. Benedict Center,"95 Fay Martin Rd, Richmond, New Hampshire 03470",,Other,,8:30 AM,,Christmas,special_event,English,Saint Benedict Center,,2025-12-25,,,Christmas :; civil holiday; follows Sunday schedule
St. Benedict Center,"95 Fay Martin Rd, Richmond, New Hampshire 03470",,Other,,8:30 AM,,"Mary, Mother of God",special_event,English,Saint Benedict Center,,2026-01-01,,,"Mary, Mother of God :; civil holiday; follows Sunday schedule"
St. Bernadette,"9 Crown Point Rd, Bridport, Vermont 05753",(802) 388-2943,Mass,Sat,7:00 PM,,Mass,saturday,english,St. Bernadette - Bridport,,,,,vigil
St. Bernadette,"9 Crown Point Rd, Bridport, Vermont 05753",(802) 388-2943,Mass,,11:15 AM,,Mass,special_event,English,St. Bernadette's,,2026-04-12,,,Mass; Easter Sunday
St. Bernadette,"9 Crown Point Rd, Bridport, Vermont 05753",(802) 388-2943,Mass,,5:15 PM,,Mass,special_event,English,,,2026-04-06,,,Mass; Holy Week
St. Bernadette,"9 Crown Point Rd, Bridport, Vermont 05753",(802) 388-2943,Mass,,5:30 PM,,Mass,special_event,English,St. Bernadette,,2025-12-31,,,Mass; New Year's Eve
St. Bernadette,"9 Crown Point Rd, Bridport, Vermont 05753",(802) 388-2943,Mass,,7:00 PM,,Mass of the Lord’s Supper,special_event,English,,,2026-04-09,,,Mass of the Lord’s Supper; Holy Thursday
St. Bernadette,"9 Crown Point Rd, Bridport, Vermont 05753",(802) 388-2943,Mass,,7:30 PM,,Easter Vigil,special_event,English,,,2026-04-11,,,Easter Vigil; Holy Saturday
St. Bernadette,"9 Crown Point Rd, Bridport, Vermont 05753",(802) 388-2943,Mass,,8:00 AM,,Mass,special_event,English,,,2026-04-08,,,Mass; Holy Week
St. Bernadette,"9 Crown Point Rd, Bridport, Vermont 05753",(802) 388-2943,Mass,,9:00 AM,,Mass,special_event,English,St. Bernadette,,2025-12-25,,,Mass; Christmas Day
St. Bernadette,"9 Crown Point Rd, Bridport, Vermont 05753",(802) 388-2943,Confession,Tue,5:45 PM,6:15 PM,Confessions,specific_weekday,English,,,,,,
St. Bernadette,"9 Crown Point Rd, Bridport, Vermont 05753",(802) 388-2943,Confession,Sat,4:30 PM,5:00 PM,Confessions,saturday,English,,,,,,
St. Bernadette,"9 Crown Point Rd, Bridport, Vermont 05753",(802) 388-2943,Confession,,4:30 PM,5:30 PM,Confessions,special_event,English,,,2026-04-06,,,Confessions; Holy Week
St. Bernadette,"9 Crown Point Rd, Bridport, Vermont 05753",(802) 388-2943,Confession,,5:45 PM,6:30 PM,Confessions,special_event,English,,,2026-04-07,,,Confessions; Holy Week
St. Bernadette,"9 Crown Point Rd, Bridport, Vermont 05753",(802) 388-2943,Confession,,7:00 PM,8:00 PM,Confessions,special_event,English,St. Bernadette,,2026-04-08,,,Confessions; Holy Week
St. Bernadette,"9 Crown Point Rd, Bridport, Vermont 05753",(802) 388-2943,Confession,,8:30 AM,9:00 AM,Confessions,special_event,English,,,2026-04-08,,,Confessions; Holy Week
St. Bernadette,"9 Crown Point Rd, Bridport, Vermont 05753",(802) 388-2943,Adoration,,8:15 PM,9:15 PM,Adoration,special_event,English,,,2026-04-09,,,Adoration; Holy Thursday
St. Bernadette,"9 Crown Point Rd, Bridport, Vermont 05753",(802) 388-2943,Devotions,,2:00 PM,3:00 PM,Divine Mercy Service,special_event,English,,,2026-04-19,,,Divine Mercy Service; Divine Mercy Sunday
St. Bernadette,"9 Crown Point Rd, Bridport, Vermont 05753",(802) 388-2943,Devotions,,4:45 PM,,Rosary,special_event,English,,,2026-04-07,,,Rosary; Holy Week
St. Bernadette,"9 Crown Point Rd, Bridport, Vermont 05753",(802) 388-2943,Devotions,,7:00 PM,,Stations of the Cross,special_event,English,,,2026-04-10,,,Stations of the Cross; Good Friday
St. Bernadette,"9 Crown Point Rd, Bridport, Vermont 05753",(802) 388-2943,Other,,3:00 PM,,Liturgy of the Lord’s Passion,special_event,English,,,2026-04-10,,,Liturgy of the Lord’s Passion; Good Friday
St. Bernard (Parish of the Holy Spirit),"185 Main St, Keene, New Hampshire 03431",(603) 352-3525,Mass,Mon,8:00 AM,,Mass,specific_weekday,English,"Saint Bernard Church, Keene, NH",,,,,
St. Bernard (Parish of the Holy Spirit),"185 Main St, Keene, New Hampshire 03431",(603) 352-3525,Mass,Tue,8:00 AM,,Mass,specific_weekday,English,"Saint Bernard Church, Keene, NH",,,,,
St. Bernard (Parish of the Holy Spirit),"185 Main St, Keene, New Hampshire 03431",(603) 352-3525,Mass,Wed,5:30 PM,,Mass,specific_weekday,English,"Saint Bernard Church, Keene, NH",,,,,
St. Bernard (Parish of the Holy Spirit),"185 Main St, Keene, New Hampshire 03431",(603) 352-3525,Mass,Wed,9:15 AM,,School Mass,specific_weekday,English,"Saint Bernard Church, Keene, NH",,,,,during school time
St. Bernard (Parish of the Holy Spirit),"185 Main St, Keene, New Hampshire 03431",(603) 352-3525,Mass,Thu,8:00 AM,,Mass,specific_weekday,English,"Saint Bernard Church, Keene, NH",,,,,
St. Bernard (Parish of the Holy Spirit),"185 Main St, Keene, New Hampshire 03431",(603) 352-3525,Mass,Fri,8:00 AM,,Mass,specific_weekday,English,"Saint Bernard Church, Keene, NH",,,,,
St. Bernard (Parish of the Holy Spirit),"185 Main St, Keene, New Hampshire 03431",(603) 352-3525,Mass,Sat,4:00 PM,,Vigil Mass,saturday,English,"Saint Bernard Church, Keene, NH",,,,,vigil
St. Bernard (Parish of the Holy Spirit),"185 Main St, Keene, New Hampshire 03431",(603) 352-3525,Mass,Sat,8:00 AM,,Mass,saturday,English,"Saint Bernard Church, Keene, NH",,,,,
St. Bernard (Parish of the Holy Spirit),"185 Main St, Keene, New Hampshire 03431",(603) 352-3525,Mass,Sun,11:15 AM,,Mass,sunday,English,"Saint Bernard Church, Keene, NH",,,,,
St. Bernard (Parish of the Holy Spirit),"185 Main St, Keene, New Hampshire 03431",(603) 352-3525,Mass,Sun,9:30 AM,,Mass,sunday,English,"Saint Bernard Church, Keene, NH",,,,,
St. Bernard (Parish of the Holy Spirit),"185 Main St, Keene, New Hampshire 03431",(603) 352-3525,Mass,,4:00 PM,,Vigil Mass,special_event,English,"St. Bernard Church, Keene, NH",,2025-12-24,,,Vigil Mass; vigil
St. Bernard (Parish of the Holy Spirit),"185 Main St, Keene, New Hampshire 03431",(603) 352-3525,Mass,,7:00 PM,,Vigil Mass,special_event,English,"St. Bernard Church, Keene, NH",,2025-12-24,,,Vigil Mass; vigil
St. Bernard (Parish of the Holy Spirit),"185 Main St, Keene, New Hampshire 03431",(603) 352-3525,Mass,,TBD,,Midnight Mass,special_event,English,"St. Bernard Church, Keene, NH",,2025-12-25,,,Midnight Mass TIME_TBD
St. Bernard (Parish of the Holy Spirit),"185 Main St, Keene, New Hampshire 03431",(603) 352-3525,Confession,Mon,7:30 AM,,Confessions,specific_weekday,English,"Saint Bernard Church, Keene, NH",,,,,before 8:00am Mass
St. Bernard (Parish of the Holy Spirit),"185 Main St, Keene, New Hampshire 03431",(603) 352-3525,Confession,Tue,7:30 AM,,Confessions,specific_weekday,English,"Saint Bernard Church, Keene, NH",,,,,before 8:00am Mass
St. Bernard (Parish of the Holy Spirit),"185 Main St, Keene, New Hampshire 03431",(603) 352-3525,Confession,Wed,4:30 PM,,Confessions,specific_weekday,English,"Saint Bernard Church, Keene, NH",,,,,before 5:30pm Mass
St. Bernard (Parish of the Holy Spirit),"185 Main St, Keene, New Hampshire 03431",(603) 352-3525,Confession,Thu,7:30 AM,,Confessions,specific_weekday,English,"Saint Bernard Church, Keene, NH",,,,,before 8:00am Mass
St. Bernard (Parish of the Holy Spirit),"185 Main St, Keene, New Hampshire 03431",(603) 352-3525,Confession,Fri,7:30 AM,,Confessions,specific_weekday,English,"Saint Bernard Church, Keene, NH",,,,,before 8:00am Mass
St. Bernard (Parish of the Holy Spirit),"185 Main St, Keene, New Hampshire 03431",(603) 352-3525,Confession,Sat,2:30 PM,,Confessions,saturday,English,"Saint Bernard Church, Keene, NH",,,,,
St. Bernard (Parish of the Holy Spirit),"185 Main St, Keene, New Hampshire 03431",(603) 352-3525,Confession,Sat,7:30 AM,,Confessions,saturday,English,"Saint Bernard Church, Keene, NH",,,,,before 8:00am Mass
St. Bernard (Parish of the Holy Spirit),"185 Main St, Keene, New Hampshire 03431",(603) 352-3525,Confession,,TBD,,Confessions,other,English,,,,,,by appointment
St. Brendan [North American Martyrs Parish],"55 Pleasant St, Colebrook, New Hampshire 03576",(603) 237-4342,Mass,Sat,4:30 PM,,Vigil Mass,saturday,English,,,,,,
St. Brendan [North American Martyrs Parish],"55 Pleasant St, Colebrook, New Hampshire 03576",(603) 237-4342,Mass,Sun,10:00 AM,,Mass,sunday,English,,,,,,
St. Brendan [North American Martyrs Parish],"55 Pleasant St, Colebrook, New Hampshire 03576",(603) 237-4342,Mass,,8:00 AM,,Mass,special_event,English,St Brendan,,2026-01-19,,,Mass
St. Bridget,"28 Church St, West Rutland, Vermont 05777",(802) 797-8520,Mass,Sun,9:00 AM,,Mass,sunday,english,,,,,,note: Feb: St Bridget; Mar: SSK; Apr: St Bridget
St. Bridget,"28 Church St, West Rutland, Vermont 05777",(802) 797-8520,Other,,12:00 PM,,Ash Wednesday,special_event,english,St. Bridget,,2026-02-18,,,Ash Wednesday
St. Catherine of Siena,"72 Church St, Shelburne, Vermont 05482",(802) 985-2373,Mass,Mon,9:00 AM,,Mass,specific_weekday,English,,,,,,
St. Catherine of Siena,"72 Church St, Shelburne, Vermont 05482",(802) 985-2373,Mass,Tue,7:00 PM,,Mass,specific_weekday,English,,,,,,
St. Catherine of Siena,"290 Main St, Charlestown, New Hampshire 03603",16038263359,Mass,Wed,5:30 PM,,Mass,specific_weekday,English,"St. Catherine's Church, Charlestown",,,,,
St. Catherine of Siena,"72 Church St, Shelburne, Vermont 05482",(802) 985-2373,Mass,Wed,9:00 AM,,Mass,specific_weekday,English,,,,,,
St. Catherine of Siena,"290 Main St, Charlestown, New Hampshire 03603",16038263359,Mass,Thu,5:30 PM,,Mass,specific_weekday,English,"St. Catherine's Church, Charlestown",,,,,
St. Catherine of Siena,"72 Church St, Shelburne, Vermont 05482",(802) 985-2373,Mass,Thu,9:00 AM,,Mass,specific_weekday,English,,,,,,
St. Catherine of Siena,"72 Church St, Shelburne, Vermont 05482",(802) 985-2373,Mass,Fri,9:00 AM,,Mass,specific_weekday,English,,,,,,
St. Catherine of Siena,"72 Church St, Shelburne, Vermont 05482",(802) 985-2373,Mass,Sat,4:00 PM,,Mass,saturday,English,,,,,,
St. Catherine of Siena,"290 Main St, Charlestown, New Hampshire 03603",16038263359,Mass,Sun,10:30 AM,,Mass,sunday,English,"St. Catherine of Siena Church, Charlestown",,,,,
St. Catherine of Siena,"72 Church St, Shelburne, Vermont 05482",(802) 985-2373,Mass,Sun,10:30 AM,,Mass,sunday,English,,,,,,livestream
St. Catherine of Siena,"72 Church St, Shelburne, Vermont 05482",(802) 985-2373,Mass,Sun,8:30 AM,,Mass,sunday,English,,,,,,
St. Catherine of Siena,"28 Highland Ave, Lisbon, New Hampshire 03585",(603) 747-2038,Mass,Sun,9:00 AM,,Mass,sunday,English,St. Catherine,,,,,
St. Catherine of Siena,"72 Church St, Shelburne, Vermont 05482",(802) 985-2373,Mass,,7:00 PM,,Ash Wednesday Mass,special_event,English,,,2026-02-18,,,Ash Wednesday Mass
St. Catherine of Siena,"72 Church St, Shelburne, Vermont 05482",(802) 985-2373,Mass,,9:00 AM,,Ash Wednesday Mass,special_event,English,,,2026-02-18,,,Ash Wednesday Mass
St. Catherine of Siena,"72 Church St, Shelburne, Vermont 05482",(802) 985-2373,Confession,Tue,6:00 PM,6:45 PM,Confessions,specific_weekday,English,,,,,,note: except for second Tuesdays of each month
St. Catherine of Siena,"290 Main St, Charlestown, New Hampshire 03603",16038263359,Confession,Thu,4:45 PM,5:25 PM,Confession,specific_weekday,English,St. Catherine,,,,,Reconciliation
St. Catherine of Siena,"72 Church St, Shelburne, Vermont 05482",(802) 985-2373,Confession,Sat,3:00 PM,3:30 PM,Confessions,saturday,English,,,,,,
St. Catherine of Siena,"72 Church St, Shelburne, Vermont 05482",(802) 985-2373,Confession,,TBD,,Confessions,other,English,,,,before,Mass,before every Mass; anytime by appointment
St. Catherine of Siena,"72 Church St, Shelburne, Vermont 05482",(802) 985-2373,Adoration,Mon,8:00 AM,8:45 AM,Adoration,specific_weekday,English,,,,,,
St. Catherine of Siena,"72 Church St, Shelburne, Vermont 05482",(802) 985-2373,Adoration,Tue,6:00 PM,7:00 PM,Adoration,specific_weekday,English,,,,,,
St. Catherine of Siena,"72 Church St, Shelburne, Vermont 05482",(802) 985-2373,Adoration,Wed,8:00 AM,8:45 AM,Adoration,specific_weekday,English,,,,,,
St. Catherine of Siena,"28 Highland Ave, Lisbon, New Hampshire 03585",(603) 747-2038,Adoration,Wed,9:00 AM,5:00 PM,Eucharistic Adoration,specific_weekday,English,,,,,,
St. Catherine of Siena,"72 Church St, Shelburne, Vermont 05482",(802) 985-2373,Adoration,Thu,8:00 AM,8:45 AM,Adoration,specific_weekday,English,,,,,,
St. Catherine of Siena,"72 Church St, Shelburne, Vermont 05482",(802) 985-2373,Adoration,Fri,8:00 AM,8:45 AM,Adoration,specific_weekday,English,,,,,,
St. Catherine of Siena,"28 Highland Ave, Lisbon, New Hampshire 03585",(603) 747-2038,Adoration,Fri,9:30 AM,10:30 AM,Eucharistic Adoration,specific_weekday,English,,,,,,with confession
St. Catherine of Siena,"72 Church St, Shelburne, Vermont 05482",(802) 985-2373,Adoration,Sat,3:00 PM,3:45 PM,Adoration,saturday,English,,,,,,
St. Catherine of Siena,"72 Church St, Shelburne, Vermont 05482",(802) 985-2373,Devotions,,6:00 PM,6:45 PM,Holy Hour for Life,monthly,English,,second_tuesday,,,,2nd of each month
St. Catherine of Siena,"72 Church St, Shelburne, Vermont 05482",(802) 985-2373,Devotions,,8:40 AM,8:55 AM,Morning Prayer,specific_weekday,English,,,,,,"Mon, Wed, Thu, Fri; note: except for Tuesdays"
St. Catherine of Siena,"72 Church St, Shelburne, Vermont 05482",(802) 985-2373,Community,Sun,TBD,,Parish Fellowship and Coffee Hour,other,English,,,,after,Mass,2026; note: in Parish Hall following all Masses
St. Catherine of Siena,"72 Church St, Shelburne, Vermont 05482",(802) 985-2373,Community,,11:30 AM,12:30 PM,Knights of Columbus Pancake Breakfast,parish_event,English,St. Catherine's,,,,,2026
St. Catherine of Siena,"72 Church St, Shelburne, Vermont 05482",(802) 985-2373,Other,,6:00 PM,7:00 PM,Salvation Army Supper,parish_event,English,,,,,,2026
St. Catherine of Siena [All Saints Parish],"285 Main St, Charlestown, New Hampshire 03603",(603) 826-3359,Mass,Wed,5:30 PM,,Mass,specific_weekday,English,"St. Catherine's Church, Charlestown",,,,,
St. Catherine of Siena [All Saints Parish],"285 Main St, Charlestown, New Hampshire 03603",(603) 826-3359,Mass,Thu,5:30 PM,,Mass,specific_weekday,English,"St. Catherine's Church, Charlestown",,,,,
St. Catherine of Siena [All Saints Parish],"285 Main St, Charlestown, New Hampshire 03603",(603) 826-3359,Mass,Sun,10:30 AM,,Mass,sunday,English,"St. Catherine of Siena Church, Charlestown",,,,,
St. Catherine of Siena [All Saints Parish],"285 Main St, Charlestown, New Hampshire 03603",(603) 826-3359,Confession,Thu,4:45 PM,5:25 PM,Confession,specific_weekday,English,St. Catherine,,,,,Reconciliation
St. Charles,"31 Cherry Hill St, Bellows Falls, Vermont 05101",(802) 732-8721,Mass,Mon,8:00 AM,,Mass,specific_weekday,english,,,,,,
St. Charles,"89 Briggs Ave, Pittsfield, Massachusetts 01201-3336",(413) 442-7470,Mass,Mon,9:00 AM,,Mass,specific_weekday,English,Parish Center Chapel,,,,,
St. Charles,"31 Cherry Hill St, Bellows Falls, Vermont 05101",(802) 732-8721,Mass,Tue,8:00 AM,,Mass,specific_weekday,english,,,,,,
St. Charles,"89 Briggs Ave, Pittsfield, Massachusetts 01201-3336",(413) 442-7470,Mass,Tue,9:00 AM,,Mass,specific_weekday,English,Parish Center Chapel,,,,,
St. Charles,"89 Briggs Ave, Pittsfield, Massachusetts 01201-3336",(413) 442-7470,Mass,Wed,9:00 AM,,Mass,specific_weekday,English,Parish Center Chapel,,,,,
St. Charles,"31 Cherry Hill St, Bellows Falls, Vermont 05101",(802) 732-8721,Mass,Thu,8:00 AM,,Mass,specific_weekday,english,,,,,,
St. Charles,"31 Cherry Hill St, Bellows Falls, Vermont 05101",(802) 732-8721,Mass,Fri,8:00 AM,,Mass,specific_weekday,english,,,,,,
St. Charles,"89 Briggs Ave, Pittsfield, Massachusetts 01201-3336",(413) 442-7470,Mass,Fri,9:00 AM,,Mass,specific_weekday,English,Parish Center Chapel,,,,,
St. Charles,"31 Cherry Hill St, Bellows Falls, Vermont 05101",(802) 732-8721,Mass,Sat,4:00 PM,,Mass,saturday,english,,,,,,vigil
St. Charles,"89 Briggs Ave, Pittsfield, Massachusetts 01201-3336",(413) 442-7470,Mass,Sat,4:00 PM,,Mass,saturday,English,,,,,,
St. Charles,"89 Briggs Ave, Pittsfield, Massachusetts 01201-3336",(413) 442-7470,Mass,Sun,7:30 AM,,Mass,sunday,English,,,,,,
St. Charles,"31 Cherry Hill St, Bellows Falls, Vermont 05101",(802) 732-8721,Mass,Sun,9:00 AM,,Mass,sunday,english,,,,,,
St. Charles,"89 Briggs Ave, Pittsfield, Massachusetts 01201-3336",(413) 442-7470,Mass,Sun,9:30 AM,,Mass,sunday,English,,,,,,
St. Charles,"89 Briggs Ave, Pittsfield, Massachusetts 01201-3336",(413) 442-7470,Mass,,5:30 PM,,Holy Day Mass,special_event,English,,,2025-12-24,,,Holy Day Mass; Vigil
St. Charles,"89 Briggs Ave, Pittsfield, Massachusetts 01201-3336",(413) 442-7470,Mass,,5:30 PM,,Holy Day Mass,special_event,English,,,2026-08-14,,,Holy Day Mass; Vigil
St. Charles,"89 Briggs Ave, Pittsfield, Massachusetts 01201-3336",(413) 442-7470,Mass,,5:30 PM,,Holy Day Mass,special_event,English,,,2026-10-31,,,Holy Day Mass; Vigil
St. Charles,"89 Briggs Ave, Pittsfield, Massachusetts 01201-3336",(413) 442-7470,Mass,,5:30 PM,,Holy Day Mass,special_event,English,,,2026-12-07,,,Holy Day Mass; Vigil
St. Charles,"89 Briggs Ave, Pittsfield, Massachusetts 01201-3336",(413) 442-7470,Mass,,7:00 PM,,Holy Day Mass,special_event,English,,,2025-12-25,,,Holy Day Mass
St. Charles,"89 Briggs Ave, Pittsfield, Massachusetts 01201-3336",(413) 442-7470,Mass,,7:00 PM,,Holy Day Mass,special_event,English,,,2026-01-01,,,Holy Day Mass
St. Charles,"89 Briggs Ave, Pittsfield, Massachusetts 01201-3336",(413) 442-7470,Mass,,7:00 PM,,Holy Day Mass,special_event,English,,,2026-08-15,,,Holy Day Mass
St. Charles,"89 Briggs Ave, Pittsfield, Massachusetts 01201-3336",(413) 442-7470,Mass,,7:00 PM,,Holy Day Mass,special_event,English,,,2026-11-01,,,Holy Day Mass
St. Charles,"89 Briggs Ave, Pittsfield, Massachusetts 01201-3336",(413) 442-7470,Mass,,7:00 PM,,Holy Day Mass,special_event,English,,,2026-12-08,,,Holy Day Mass
St. Charles,"89 Briggs Ave, Pittsfield, Massachusetts 01201-3336",(413) 442-7470,Mass,,9:00 AM,,Holy Day Mass,special_event,English,,,2025-12-25,,,Holy Day Mass
St. Charles,"89 Briggs Ave, Pittsfield, Massachusetts 01201-3336",(413) 442-7470,Mass,,9:00 AM,,Holy Day Mass,special_event,English,,,2026-01-01,,,Holy Day Mass
St. Charles,"89 Briggs Ave, Pittsfield, Massachusetts 01201-3336",(413) 442-7470,Mass,,9:00 AM,,Holy Day Mass,special_event,English,,,2026-08-15,,,Holy Day Mass
St. Charles,"89 Briggs Ave, Pittsfield, Massachusetts 01201-3336",(413) 442-7470,Mass,,9:00 AM,,Holy Day Mass,special_event,English,,,2026-11-01,,,Holy Day Mass
St. Charles,"89 Briggs Ave, Pittsfield, Massachusetts 01201-3336",(413) 442-7470,Mass,,9:00 AM,,Holy Day Mass,special_event,English,,,2026-12-08,,,Holy Day Mass
St. Charles,"89 Briggs Ave, Pittsfield, Massachusetts 01201-3336",(413) 442-7470,Mass,,9:00 AM,,Mass,monthly,English,,first_saturday_(recurring),,,,
St. Charles,"31 Cherry Hill St, Bellows Falls, Vermont 05101",(802) 732-8721,Confession,Sat,3:00 PM,3:30 PM,Confession,saturday,English,,,,,,
St. Charles,"89 Briggs Ave, Pittsfield, Massachusetts 01201-3336",(413) 442-7470,Confession,Sat,3:00 PM,3:30 PM,Confession,saturday,English,,,,,,
St. Charles,"89 Briggs Ave, Pittsfield, Massachusetts 01201-3336",(413) 442-7470,Confession,,8:00 AM,8:30 AM,Confession,monthly,English,,first_friday_(recurring),,,,
St. Charles,"31 Cherry Hill St, Bellows Falls, Vermont 05101",(802) 732-8721,Adoration,,7:00 AM,2:00 PM,Adoration,daily,English,Adoration Chapel,,,,,chapel
St. Charles,"89 Briggs Ave, Pittsfield, Massachusetts 01201-3336",(413) 442-7470,Devotions,,8:00 AM,9:00 AM,Holy Hour,monthly,English,Parish Center Chapel,first_friday_(recurring),,,,exposition; benediction; exposition; benediction
St. Charles,"31 Cherry Hill St, Bellows Falls, Vermont 05101",(802) 732-8721,Education,,2:00 PM,5:00 PM,Catholic Youth Ministry,monthly,English,,third_sunday,,,,Every Third of the month; youth
St. Christopher ,"180 Rt 2, Charlemont, Massachusetts 01339",(413) 625-6405,Adoration,Mon,12:00 AM,5:00 PM,Eucharistic Adoration,specific_weekday,English,St. Joseph Church,,,,,exposition
St. Christopher ,"180 Rt 2, Charlemont, Massachusetts 01339",(413) 625-6405,Adoration,Tue,12:00 AM,5:00 PM,Eucharistic Adoration,specific_weekday,English,St. Joseph Church,,,,,exposition
St. Christopher ,"180 Rt 2, Charlemont, Massachusetts 01339",(413) 625-6405,Adoration,Wed,12:00 AM,5:00 PM,Eucharistic Adoration,specific_weekday,English,St. Joseph Church,,,,,exposition
St. Christopher ,"180 Rt 2, Charlemont, Massachusetts 01339",(413) 625-6405,Adoration,Thu,12:00 AM,5:00 PM,Eucharistic Adoration,specific_weekday,English,St. Joseph Church,,,,,exposition
St. Christopher ,"180 Rt 2, Charlemont, Massachusetts 01339",(413) 625-6405,Adoration,Fri,12:00 AM,5:00 PM,Eucharistic Adoration,specific_weekday,English,St. Joseph Church,,,,,exposition
St. Christopher ,"180 Rt 2, Charlemont, Massachusetts 01339",(413) 625-6405,Adoration,Sat,12:00 AM,5:00 PM,Eucharistic Adoration,specific_weekday,English,St. Joseph Church,,,,,exposition
St. Denis,"8 Sanborn Rd, Hanover, New Hampshire 03755",(603) 643-2166,Mass,Mon,7:30 AM,,Mass,weekday,English,,,,,,
St. Denis,"8 Sanborn Rd, Hanover, New Hampshire 03755",(603) 643-2166,Mass,Tue,7:30 AM,,Mass,weekday,English,,,,,,
St. Denis,"8 Sanborn Rd, Hanover, New Hampshire 03755",(603) 643-2166,Mass,Wed,7:30 AM,,Mass,weekday,English,,,,,,
St. Denis,"8 Sanborn Rd, Hanover, New Hampshire 03755",(603) 643-2166,Mass,Thu,7:30 AM,,Mass,weekday,English,,,,,,
St. Denis,"8 Sanborn Rd, Hanover, New Hampshire 03755",(603) 643-2166,Mass,Fri,7:30 AM,,Mass,weekday,English,,,,,,
St. Denis,"8 Sanborn Rd, Hanover, New Hampshire 03755",(603) 643-2166,Mass,Sat,5:00 PM,,Mass,saturday,English,,,,,,vigil
St. Denis,"8 Sanborn Rd, Hanover, New Hampshire 03755",(603) 643-2166,Mass,Sat,9:00 AM,,Mass,saturday,English,,,,,,
St. Denis,"8 Sanborn Rd, Hanover, New Hampshire 03755",(603) 643-2166,Mass,Sun,11:30 AM,,Mass,sunday,English,,,,,,
St. Denis,"8 Sanborn Rd, Hanover, New Hampshire 03755",(603) 643-2166,Mass,Sun,9:00 AM,,Mass,sunday,English,,,,,,
St. Denis,"8 Sanborn Rd, Hanover, New Hampshire 03755",(603) 643-2166,Confession,Wed,11:15 AM,12:15 PM,Confession,specific_weekday,English,,,,,,
St. Denis,"8 Sanborn Rd, Hanover, New Hampshire 03755",(603) 643-2166,Confession,Wed,3:00 PM,3:45 PM,Confession,specific_weekday,English,,,,,,
St. Denis,"8 Sanborn Rd, Hanover, New Hampshire 03755",(603) 643-2166,Confession,Sat,3:30 PM,4:30 PM,Confession,saturday,English,,,,,,
St. Denis,"8 Sanborn Rd, Hanover, New Hampshire 03755",(603) 643-2166,Confession,,TBD,,Confession,other,English,,,,,,by appointment
St. Denis,"8 Sanborn Rd, Hanover, New Hampshire 03755",(603) 643-2166,Adoration,Wed,8:00 AM,4:00 PM,Eucharistic Adoration,specific_weekday,English,,,,,,Ending with Benediction; exposition; benediction
St. Dominic,"45 S St, Proctor, Vermont 05765",(802) 797-8520,Mass,Wed,9:00 AM,,Mass,specific_weekday,english,St. Stanislaus Kostka Church,,,,,
St. Dominic,"45 S St, Proctor, Vermont 05765",(802) 797-8520,Mass,Sun,9:00 AM,,Mass,sunday,english,,,,,,
St. Edmund,"5526 State Rt 11, Ellenburg, New York 12935",(518) 594-3907,Mass,Mon,5:30 PM,,Mass,specific_weekday,English,SE,,,,,
St. Edmund,"5526 State Rt 11, Ellenburg, New York 12935",(518) 594-3907,Mass,Thu,5:00 PM,,Mass,specific_weekday,English,SE,,,,,during Lent
St. Edmund,"5526 State Rt 11, Ellenburg, New York 12935",(518) 594-3907,Mass,Thu,9:00 AM,,Mass,specific_weekday,English,SE,,,,,except during Lent
St. Edmund,"5526 State Rt 11, Ellenburg, New York 12935",(518) 594-3907,Mass,Sat,6:00 PM,,Mass,saturday,English,SE,,,,,vigil
St. Edmund,"5526 State Rt 11, Ellenburg, New York 12935",(518) 594-3907,Mass,Sun,8:00 AM,,Mass,sunday,English,SE,,,,,
St. Edmund,"5526 State Rt 11, Ellenburg, New York 12935",(518) 594-3907,Confession,,TBD,,Confessions,parish_event,English,,,,,,before every Evening Masses or anytime by appointment.; 20 min
St. Edmund,"5526 State Rt 11, Ellenburg, New York 12935",(518) 594-3907,Adoration,Mon,6:00 PM,,Adoration & Miraculous Medal Novena,specific_weekday,English,SE,,,,,
St. Edmund,"5526 State Rt 11, Ellenburg, New York 12935",(518) 594-3907,Adoration,,TBD,,Adoration of the Blessed Sacrament with Novena to Sacred Heart of Jesus,other,English,,,,after,Mass,after Mass; exposition
St. Edmund,"5526 State Rt 11, Ellenburg, New York 12935",(518) 594-3907,Devotions,,5:00 PM,,Stations of the Cross,other,English,SE,,,,,recurring; Lent
St. Edmund,"5526 State Rt 11, Ellenburg, New York 12935",(518) 594-3907,Sacraments,,TBD,,The Baptism of the Lord,special_event,English,,,2026-01-11,,,The Baptism of the Lord; check bulletin
St. Edward the Confessor,"250 Main St, Derby Line, Vermont 05830",(802) 334-5066,Mass,Mon,5:00 PM,,Mass,weekday,english,"St. Edward the Confessor Church, Derby Line",,,,,
St. Edward the Confessor,"250 Main St, Derby Line, Vermont 05830",(802) 334-5066,Mass,Mon,5:00 PM,,Mass,weekday,english,"St. Edward the Confessor Church, Derbyline",,,,,
St. Edward the Confessor,"250 Main St, Derby Line, Vermont 05830",(802) 334-5066,Mass,Tue,5:00 PM,,Mass,weekday,english,"St. Edward the Confessor Church, Derbyline",,,,,
St. Edward the Confessor,"250 Main St, Derby Line, Vermont 05830",(802) 334-5066,Mass,Tue,5:00 PM,,Mass,weekday,english,"St. Edward the Confessor Church, Derby Line",,,,,
St. Edward the Confessor,"250 Main St, Derby Line, Vermont 05830",(802) 334-5066,Mass,Wed,5:00 PM,,Mass,weekday,english,"St. Edward the Confessor Church, Derby Line",,,,,
St. Edward the Confessor,"250 Main St, Derby Line, Vermont 05830",(802) 334-5066,Mass,Wed,5:00 PM,,Mass,weekday,english,"St. Edward the Confessor Church, Derbyline",,,,,
St. Edward the Confessor,"250 Main St, Derby Line, Vermont 05830",(802) 334-5066,Mass,Thu,5:00 PM,,Mass,weekday,english,"St. Edward the Confessor Church, Derby Line",,,,,
St. Edward the Confessor,"250 Main St, Derby Line, Vermont 05830",(802) 334-5066,Mass,Thu,5:00 PM,,Mass,weekday,english,"St. Edward the Confessor Church, Derbyline",,,,,
St. Edward the Confessor,"250 Main St, Derby Line, Vermont 05830",(802) 334-5066,Mass,Fri,5:00 PM,,Mass,weekday,english,"St. Edward the Confessor Church, Derby Line",,,,,
St. Edward the Confessor,"250 Main St, Derby Line, Vermont 05830",(802) 334-5066,Mass,Fri,5:00 PM,,Mass,weekday,english,"St. Edward the Confessor Church, Derbyline",,,,,
St. Edward the Confessor,"250 Main St, Derby Line, Vermont 05830",(802) 334-5066,Mass,Sun,8:30 AM,,Mass,sunday,english,"St. Edward the Confessor, Derby Line",,,,,
St. Edward the Confessor,"250 Main St, Derby Line, Vermont 05830",(802) 334-5066,Confession,Sun,8:00 AM,8:30 AM,Confession,sunday,English,"St. Edward the Confessor, Derby Line",,,,,
St. Edward the Confessor,"250 Main St, Derby Line, Vermont 05830",(802) 334-5066,Adoration,Mon,10:00 AM,12:00 PM,Adoration,specific_weekday,English,"St. Edward the Confessor Church, Derby Line",,,,,
St. Elizabeth,"7478 Ct St, Elizabethtown, New York 12932",518-873-6760,Mass,Mon,8:30 AM,,Mass,specific_weekday,english,Immaculate Conception-Keeseville,,,,,
St. Elizabeth,"7478 Ct St, Elizabethtown, New York 12932",518-873-6760,Mass,Tue,8:30 AM,,Mass,specific_weekday,english,Immaculate Conception-Keeseville,,,,,
St. Elizabeth,"7478 Ct St, Elizabethtown, New York 12932",518-873-6760,Mass,Thu,10:30 AM,,Mass,specific_weekday,english,"Champlain Valley Senior Community, Willsboro",,,,,
St. Elizabeth,"7478 Ct St, Elizabethtown, New York 12932",518-873-6760,Mass,Thu,5:00 PM,,Mass,specific_weekday,english,Holy Name of Jesus Church - Au Sable Forks,,,,,
St. Elizabeth,"7478 Ct St, Elizabethtown, New York 12932",518-873-6760,Mass,Fri,8:30 AM,,Mass,specific_weekday,english,Holy Name of Jesus Church -Au Sable Forks,,,,,
St. Elizabeth,"7478 Ct St, Elizabethtown, New York 12932",518-873-6760,Mass,Sat,4:00 PM,,Mass,saturday,english,St. John the Baptist Church - Keeseville,,,,,
St. Elizabeth,"7478 Ct St, Elizabethtown, New York 12932",518-873-6760,Mass,Sun,11:00 AM,,Mass,sunday,english,St. Philip of Jesus Church- Willsboro,,,,,September-June
St. Elizabeth,"7478 Ct St, Elizabethtown, New York 12932",518-873-6760,Mass,Sun,11:00 AM,,Mass,sunday,english,St. Joseph's Church - Essex,,,,,July-August
St. Elizabeth,"7478 Ct St, Elizabethtown, New York 12932",518-873-6760,Mass,Sun,8:30 AM,,Mass,sunday,english,Holy Name of Jesus Church - Au Sable Forks,,,,,
St. Elizabeth,"169 S Main St, Rochester, Vermont 05767",18022349916,Adoration,Wed,4:30 PM,5:15 PM,Adoration,specific_weekday,English,,,,,,
St. Elizabeth,"169 S Main St, Rochester, Vermont 05767",18022349916,Other,,TBD,,Corpus Christi Procession,special_event,English,,,2024-06-02,,,Corpus Christi Procession
St. Elizabeth,"169 S Main St, Rochester, Vermont 05767",18022349916,Other,,TBD,,Parish Picnic,special_event,English,,,2024-08-28,,,Parish Picnic
St. Elizabeth,"169 S Main St, Rochester, Vermont 05767",18022349916,Other,,TBD,,50th Anniversary Dinner for Fr. John Milanese,special_event,English,,,2024-09-26,,,Anniversary Dinner for Fr. John Milanese
St. Elizabeth of Hungary Parish,"70 Marshall St, North Adams, Massachusetts 01247",(413) 663-5316,Mass,Mon,8:00 AM,,Mass,specific_weekday,English,,,,,,livestream
St. Elizabeth of Hungary Parish,"70 Marshall St, North Adams, Massachusetts 01247",(413) 663-5316,Mass,Tue,8:00 AM,,Mass,specific_weekday,English,,,,,,livestream
St. Elizabeth of Hungary Parish,"70 Marshall St, North Adams, Massachusetts 01247",(413) 663-5316,Mass,Thu,8:00 AM,,Mass,specific_weekday,English,,,,,,livestream
St. Elizabeth of Hungary Parish,"70 Marshall St, North Adams, Massachusetts 01247",(413) 663-5316,Mass,Fri,8:00 AM,,Mass,specific_weekday,English,,,,,,livestream
St. Elizabeth of Hungary Parish,"70 Marshall St, North Adams, Massachusetts 01247",(413) 663-5316,Mass,Sat,4:00 PM,,Mass,saturday,English,,,,,,vigil; livestream
St. Elizabeth of Hungary Parish,"70 Marshall St, North Adams, Massachusetts 01247",(413) 663-5316,Mass,Sun,10:45 AM,,Mass,sunday,English,,,,,,livestream
St. Elizabeth of Hungary Parish,"70 Marshall St, North Adams, Massachusetts 01247",(413) 663-5316,Mass,Sun,5:30 PM,,Mass,sunday,English,,,,,,
St. Elizabeth of Hungary Parish,"70 Marshall St, North Adams, Massachusetts 01247",(413) 663-5316,Mass,Sun,8:30 AM,,Mass,sunday,English,,,,,,
St. Elizabeth of Hungary Parish,"70 Marshall St, North Adams, Massachusetts 01247",(413) 663-5316,Mass,,8:00 AM,,Mass,monthly,English,,first_saturday_(recurring),,,,
St. Elizabeth of Hungary Parish,"70 Marshall St, North Adams, Massachusetts 01247",(413) 663-5316,Confession,Sat,2:00 PM,3:00 PM,Confession,saturday,English,,,,,,
St. Elizabeth of Hungary Parish,"70 Marshall St, North Adams, Massachusetts 01247",(413) 663-5316,Confession,,7:00 AM,,Confession,monthly,English,,first_saturday_(recurring),,,,
St. Elizabeth of Hungary Parish,"70 Marshall St, North Adams, Massachusetts 01247",(413) 663-5316,Adoration,,7:00 AM,10:00 PM,Adoration,daily,English,,,,,,exposition
St. Elizabeth of Hungary Parish,"70 Marshall St, North Adams, Massachusetts 01247",(413) 663-5316,Devotions,,7:30 AM,,Rosary,monthly,English,,first_saturday_(recurring),,,,
St. Elizabeth of Hungary Parish,"70 Marshall St, North Adams, Massachusetts 01247",(413) 663-5316,Sacraments,Wed,8:00 AM,,Communion Service,specific_weekday,English,,,,,,
St. Elizabeth's,"630 Hill St, Lyndonville, Vermont 05851",(802) 748-8129,Mass,Mon,8:30 AM,,Mass,specific_weekday,English,St. Elizabeth,,,,,
St. Elizabeth's,"630 Hill St, Lyndonville, Vermont 05851",(802) 748-8129,Mass,Fri,8:30 AM,,Mass,specific_weekday,English,St. Elizabeth,,,,,
St. Elizabeth's,"630 Hill St, Lyndonville, Vermont 05851",(802) 748-8129,Mass,Sun,9:35 AM,,Mass,sunday,English,St. Elizabeth,,,,,
St. Elizabeth's,"630 Hill St, Lyndonville, Vermont 05851",(802) 748-8129,Mass,,6:00 PM,,Ash Wednesday Mass,special_event,English,St. Elizabeth,,2026-02-18,,,Ash Wednesday Mass
St. Elizabeth's,"630 Hill St, Lyndonville, Vermont 05851",(802) 748-8129,Confession,Sun,8:00 AM,,Confession,sunday,English,,,,,,check bulletin
St. Elizabeth's,"630 Hill St, Lyndonville, Vermont 05851",(802) 748-8129,Devotions,,TBD,,Stations of the Cross,parish_event,English,All Three Churches,,,,,in Lent; check bulletin
St. Eugene,"10 Center St, Wells River, Vermont 05081",(802) 222-5268,Mass,Sat,4:00 PM,,Mass,saturday,english,St. Eugene 1,,,,,vigil
St. Eugene,"10 Center St, Wells River, Vermont 05081",(802) 222-5268,Mass,,4:00 PM,,Ash Wednesday Mass,special_event,English,St. Eugene 1,,2026-02-18,,,Ash Wednesday Mass
St. Eugene,"10 Center St, Wells River, Vermont 05081",(802) 222-5268,Confession,Sat,3:35 PM,3:50 PM,Confession,saturday,English,St. Eugene 1,,,,,
St. Francis Xavier,"3 Saint Peter St, Winooski, Vermont 05404-2017",(802) 655-2290,Mass,Mon,8:00 AM,,Mass,specific_weekday,english,,,,,,
St. Francis Xavier,"3 Saint Peter St, Winooski, Vermont 05404-2017",(802) 655-2290,Mass,Tue,6:45 AM,,Mass,specific_weekday,english,,,,,,Lenten early morning Masses
St. Francis Xavier,"3 Saint Peter St, Winooski, Vermont 05404-2017",(802) 655-2290,Mass,Wed,5:30 PM,,Mass,specific_weekday,english,,,,,,Evening Mass schedule during Lent
St. Francis Xavier,"3 Saint Peter St, Winooski, Vermont 05404-2017",(802) 655-2290,Mass,Wed,9:50 AM,,Mass,specific_weekday,english,),,,,,School Mass (Day subject to change depending on Holy Days
St. Francis Xavier,"3 Saint Peter St, Winooski, Vermont 05404-2017",(802) 655-2290,Mass,Thu,6:45 AM,,Mass,specific_weekday,english,,,,,,Lenten early morning Masses
St. Francis Xavier,"3 Saint Peter St, Winooski, Vermont 05404-2017",(802) 655-2290,Mass,Fri,8:00 AM,,Mass,specific_weekday,english,,,,,,
St. Francis Xavier,"11 State St, Groveton, New Hampshire 03582",(603) 636-1047,Mass,Sat,4:00 PM,,Mass,saturday,english,St. Francis Xavier Church,,,,,
St. Francis Xavier,"3 Saint Peter St, Winooski, Vermont 05404-2017",(802) 655-2290,Mass,Sat,4:00 PM,,Vigil Mass,saturday,english,,,,,,vigil
St. Francis Xavier,"11 State St, Groveton, New Hampshire 03582",(603) 636-1047,Mass,Sun,11:00 AM,,Mass,sunday,english,St. Francis Xavier Church,,,,,
St. Francis Xavier,"3 Saint Peter St, Winooski, Vermont 05404-2017",(802) 655-2290,Mass,Sun,11:00 AM,,Mass,sunday,english,,,,,,
St. Francis Xavier,"3 Saint Peter St, Winooski, Vermont 05404-2017",(802) 655-2290,Mass,Sun,7:30 AM,,Mass,sunday,english,,,,,,
St. Francis Xavier,"3 Saint Peter St, Winooski, Vermont 05404-2017",(802) 655-2290,Mass,Sun,9:00 AM,,Mass,sunday,english,,,,,,
St. Francis Xavier,"3 Saint Peter St, Winooski, Vermont 05404-2017",(802) 655-2290,Confession,Thu,6:00 PM,7:00 PM,Confession,specific_weekday,English,,,,,,During Adoration
St. Francis Xavier,"3 Saint Peter St, Winooski, Vermont 05404-2017",(802) 655-2290,Confession,Sat,2:30 PM,3:30 PM,Confession,saturday,English,,,,,,or by appointment
St. Francis Xavier,"11 State St, Groveton, New Hampshire 03582",(603) 636-1047,Confession,Sat,3:00 PM,3:30 PM,Confession,saturday,English,St. Francis Xavier Church,,,,,or by appointment
St. Francis Xavier,"3 Saint Peter St, Winooski, Vermont 05404-2017",(802) 655-2290,Adoration,Tue,8:30 AM,9:15 AM,Adoration,specific_weekday,English,,,,,,
St. Francis Xavier,"3 Saint Peter St, Winooski, Vermont 05404-2017",(802) 655-2290,Adoration,Thu,6:00 PM,7:00 PM,Adoration,specific_weekday,English,,,,,,
St. Francis of Assisi,"101 Main St, Athol, Massachusetts 01331",978-249-7690,Mass,Sun,8:00 AM,,Mass,sunday,english,St. Francis,,,,,
St. Francis of Assisi,"75 Beaver Meadow Rd, Norwich, Vermont 05055",(802) 222-5268,Mass,Sun,9:00 AM,,Mass,sunday,english,St. Francis of Assisi,,,,,
St. Francis of Assisi,"75 Beaver Meadow Rd, Norwich, Vermont 05055",(802) 222-5268,Mass,,5:00 PM,,Mass,special_event,English,St. Francis,,2025-12-31,,,Mass; Mary; Mother of God Vigil
St. Francis of Assisi,"75 Beaver Meadow Rd, Norwich, Vermont 05055",(802) 222-5268,Mass,,5:00 PM,,Mass,special_event,English,St. Francis,,2026-02-18,,,Mass; Ash Wednesday
St. Francis of Assisi,"101 Main St, Athol, Massachusetts 01331",978-249-7690,Confession,Sat,3:00 PM,,Confession,saturday,English,,,,,,
St. Francis of Assisi,"101 Main St, Athol, Massachusetts 01331",978-249-7690,Confession,Sat,8:30 AM,,Confession,saturday,English,,,,,,
St. Francis of Assisi,"75 Beaver Meadow Rd, Norwich, Vermont 05055",(802) 222-5268,Confession,Sun,8:30 AM,8:50 AM,Confession,sunday,English,St. Francis of Assisi,,,,,
St. Francis of Assisi,"101 Main St, Athol, Massachusetts 01331",978-249-7690,Devotions,Fri,7:00 PM,,Stations of the Cross,specific_weekday,English,St. Francis,,,,,during Lent
St. Francis of Assisi,"101 Main St, Athol, Massachusetts 01331",978-249-7690,Devotions,Sun,7:30 AM,,Divine Mercy Chaplet,sunday,English,St. Francis,,,,,
St. Genevieve,"3275 Rt 22A, Shoreham, Vermont 05770",(802) 388-2943,Mass,,5:15 PM,,Mass,special_event,English,,,2025-04-14,,,Mass; Monday of Holy Week
St. Genevieve,"3275 Rt 22A, Shoreham, Vermont 05770",(802) 388-2943,Mass,,5:15 PM,,Mass,special_event,English,,,2025-04-15,,,Mass; Tuesday of Holy Week
St. Genevieve,"3275 Rt 22A, Shoreham, Vermont 05770",(802) 388-2943,Mass,,7:00 PM,,Mass of the Lord’s Supper,special_event,English,,,2025-04-17,,,Mass of the Lord’s Supper; Holy Thursday
St. Genevieve,"3275 Rt 22A, Shoreham, Vermont 05770",(802) 388-2943,Mass,,7:30 PM,,Easter Vigil,special_event,English,,,2025-04-19,,,Easter Vigil; Holy Saturday; vigil
St. Genevieve,"3275 Rt 22A, Shoreham, Vermont 05770",(802) 388-2943,Mass,,8:00 AM,,Mass,special_event,English,,,2025-04-16,,,Mass; Wednesday of Holy Week
St. Genevieve,"3275 Rt 22A, Shoreham, Vermont 05770",(802) 388-2943,Confession,,5:45 PM,6:30 PM,Confessions,special_event,English,,,2025-04-15,,,Confessions; Tuesday of Holy Week
St. Genevieve,"3275 Rt 22A, Shoreham, Vermont 05770",(802) 388-2943,Adoration,,8:15 PM,9:00 PM,Adoration,special_event,English,,,2025-04-17,,,Adoration; Holy Thursday
St. Genevieve,"3275 Rt 22A, Shoreham, Vermont 05770",(802) 388-2943,Devotions,,2:00 PM,3:00 PM,Divine Mercy Service,special_event,English,,,2025-04-27,,,Divine Mercy Service; Divine Mercy Sunday
St. Genevieve,"3275 Rt 22A, Shoreham, Vermont 05770",(802) 388-2943,Devotions,,4:45 PM,,Rosary,special_event,English,,,2025-04-15,,,Rosary; Tuesday of Holy Week
St. Genevieve,"3275 Rt 22A, Shoreham, Vermont 05770",(802) 388-2943,Devotions,,7:00 PM,,Stations of the Cross,special_event,English,,,2025-04-18,,,Stations of the Cross; Good Friday
St. Genevieve,"3275 Rt 22A, Shoreham, Vermont 05770",(802) 388-2943,Other,,3:00 PM,,Liturgy of the Lord’s Passion,special_event,English,,,2025-04-18,,,Liturgy of the Lord’s Passion; Good Friday
St. Helena,"36 Shaker Hill Rd, Enfield, New Hampshire 03748",(603) 632-4263,Mass,Sun,5:30 PM,,Mass,sunday,English,ST. HELENA - ENFIELD,,,,,
St. Helena,"36 Shaker Hill Rd, Enfield, New Hampshire 03748",(603) 632-4263,Confession,Sun,5:00 PM,5:15 PM,Confessions,sunday,English,St. Helena,,,,,
St. Helena,"36 Shaker Hill Rd, Enfield, New Hampshire 03748",(603) 632-4263,Other,,TBD,,Community Dinner,parish_event,English,,,2026-01-25,,,
St. Henry,"39 Old Rt 66, Averill Park, New York 12018-0550",(518) 674-3818,Mass,Tue,11:30 AM,,Mass,specific_weekday,English,,,,,,If Averill Park Schools are closed or delayed due to inclement weather daily Mass will be cancelled
St. Henry,"39 Old Rt 66, Averill Park, New York 12018-0550",(518) 674-3818,Mass,Wed,8:30 AM,,Mass,specific_weekday,English,,,,,,If Averill Park Schools are closed or delayed due to inclement weather daily Mass will be cancelled
St. Henry,"39 Old Rt 66, Averill Park, New York 12018-0550",(518) 674-3818,Mass,Thu,8:30 AM,,Mass,specific_weekday,English,,,,,,If Averill Park Schools are closed or delayed due to inclement weather daily Mass will be cancelled
St. Henry,"39 Old Rt 66, Averill Park, New York 12018-0550",(518) 674-3818,Mass,Fri,8:30 AM,,Mass,specific_weekday,English,,,,,,If Averill Park Schools are closed or delayed due to inclement weather daily Mass will be cancelled
St. Henry,"39 Old Rt 66, Averill Park, New York 12018-0550",(518) 674-3818,Mass,Sat,4:00 PM,,Vigil Mass,saturday,English,,,,,,vigil
St. Henry,"39 Old Rt 66, Averill Park, New York 12018-0550",(518) 674-3818,Mass,Sun,10:00 AM,,Mass,sunday,English,,,,,,
St. Henry,"39 Old Rt 66, Averill Park, New York 12018-0550",(518) 674-3818,Mass,Sun,8:00 AM,,Mass,sunday,English,,,,,,
St. Henry,"39 Old Rt 66, Averill Park, New York 12018-0550",(518) 674-3818,Confession,,TBD,,Sacrament of Reconciliation,other,English,,,,,,Sacrament of Reconciliation by appointment
St. Henry,"39 Old Rt 66, Averill Park, New York 12018-0550",(518) 674-3818,Adoration,,9:00 AM,11:00 AM,Adoration,monthly,English,,first_friday_(recurring),,,,
St. Ignatius,"151 Hazen Notch Rd, Lowell, Vermont 05847",(802) 744-4066,Confession,,TBD,,Confession,other,English,,,,,,any time; Call the office to make arrangements
St. Ignatius,"151 Hazen Notch Rd, Lowell, Vermont 05847",(802) 744-4066,Adoration,Mon,9:00 AM,10:00 AM,Eucharistic Adoration,specific_weekday,English,,,,,,
St. Ignatius,"151 Hazen Notch Rd, Lowell, Vermont 05847",(802) 744-4066,Adoration,Wed,9:30 AM,10:30 AM,Eucharistic Adoration,specific_weekday,English,,,,,,
St. Isidore,"169 Mountain Rd (Route 242), Montgomery Center, Vermont 05471",(802) 848-7741,Mass,Sun,10:30 AM,,Mass,sunday,english,St. Isidore,,,,,
St. Isidore,"169 Mountain Rd (Route 242), Montgomery Center, Vermont 05471",(802) 848-7741,Confession,Sun,10:00 AM,10:20 AM,Confession,sunday,English,St. Isidore,,,,,
St. Isidore,"169 Mountain Rd (Route 242), Montgomery Center, Vermont 05471",(802) 848-7741,Confession,Sun,10:15 AM,,Confession,sunday,English,St. Isidore,,,,,
St. James,"26 Church Rd, Cadyville, New York 12918-0117",518-561-5039,Mass,Sun,9:00 AM,,Mass,sunday,English,St. James',,,,,
St. James the Greater,"146 Middle St, Island Pond, Vermont 05846",(802) 334-5066,Mass,Fri,11:00 AM,,Mass,specific_weekday,English,"St. James the Greater Church, Island Pond",,,,,
St. James the Greater,"146 Middle St, Island Pond, Vermont 05846",(802) 334-5066,Mass,Sun,11:00 AM,,Mass,sunday,english,"St. James the Greater, Island Pond",,,,,
St. James the Greater,"146 Middle St, Island Pond, Vermont 05846",(802) 334-5066,Confession,Fri,10:30 AM,11:00 AM,Confession,specific_weekday,English,"St. James the Greater Church, Island Pond",,,,,
St. James the Greater,"146 Middle St, Island Pond, Vermont 05846",(802) 334-5066,Confession,,TBD,,Confession,parish_event,English,,,,,,By appointment; Vocationist Priests are available
St. James the Greater,"146 Middle St, Island Pond, Vermont 05846",(802) 334-5066,Adoration,Fri,10:30 AM,11:00 AM,Adoration,specific_weekday,English,"St. James the Greater Church, Island Pond",,,,,With Confession after or before the Mass
St. James the Greater,"146 Middle St, Island Pond, Vermont 05846",(802) 334-5066,Education,,11:30 AM,,OCIA/Mystagogy,monthly,English,Island Pond,third_sunday,,,,3rd
St. James the Greater,"146 Middle St, Island Pond, Vermont 05846",(802) 334-5066,Other,,10:00 AM,11:00 AM,CFF,monthly,English,,second_sunday,,,,2nd
St. Joachim,"342 Tunnel St, Readsboro, Vermont 05350",(802) 464-7329,Mass,Sun,8:30 AM,,Mass,sunday,english,"St. Joachim, Readsboro",,,,,
St. Joachim,"342 Tunnel St, Readsboro, Vermont 05350",(802) 464-7329,Mass,,6:00 PM,,Mass,monthly,English,,first_friday_(recurring),,,,Sung Mass with Incense
St. Joachim,"342 Tunnel St, Readsboro, Vermont 05350",(802) 464-7329,Confession,Sun,7:15 AM,8:15 AM,Confessions,sunday,English,"St. Joachim, Readsboro",,,,,
St. Joachim,"342 Tunnel St, Readsboro, Vermont 05350",(802) 464-7329,Confession,,TBD,,Confessions,other,English,,,,after,Mass,during the week 30 minutes before every daily Mass.; Fr. Chalifoux is available after daily Mass as well.
St. Joachim,"342 Tunnel St, Readsboro, Vermont 05350",(802) 464-7329,Devotions,Sun,6:00 PM,,Vespers of the Little Office of the Blessed Virgin Mary followed by Benediction,sunday,English,,,,,,
St. John,"145 Square Rd, Franklin, Vermont 05457",(802) 933-4464,Mass,Mon,9:00 AM,,Mass,weekday,english,St. John the Baptist,,,,,
St. John,"145 Square Rd, Franklin, Vermont 05457",(802) 933-4464,Mass,Tue,6:30 PM,,Mass,specific_weekday,english,St. John the Baptist,,,,,
St. John,"145 Square Rd, Franklin, Vermont 05457",(802) 933-4464,Mass,Tue,9:00 AM,,Mass,weekday,english,St. John the Baptist,,,,,
St. John,"145 Square Rd, Franklin, Vermont 05457",(802) 933-4464,Mass,Wed,9:00 AM,,Mass,weekday,english,St. John the Baptist,,,,,
St. John,"145 Square Rd, Franklin, Vermont 05457",(802) 933-4464,Mass,Thu,9:00 AM,,Mass,weekday,english,St. John the Baptist,,,,,
St. John,"145 Square Rd, Franklin, Vermont 05457",(802) 933-4464,Mass,Fri,9:00 AM,,Mass,weekday,english,St. John the Baptist,,,,,
St. John,"145 Square Rd, Franklin, Vermont 05457",(802) 933-4464,Mass,Sat,4:00 PM,,Mass,saturday,english,St. John the Baptist,,,,,vigil
St. John,"145 Square Rd, Franklin, Vermont 05457",(802) 933-4464,Mass,Sun,10:00 AM,,Mass,sunday,english,St. John the Baptist,,,,,livestream
St. John,"145 Square Rd, Franklin, Vermont 05457",(802) 933-4464,Confession,Sat,3:15 PM,3:45 PM,Confession,saturday,English,St. John the Baptist,,,,,
St. John,"145 Square Rd, Franklin, Vermont 05457",(802) 933-4464,Confession,,TBD,,Confession,other,English,,,,,,Any other time by Appointment; note: Please call the office at 802-933-4464 to set up an appointment.
St. John Francis Regis,"31 Owen Rd, Grafton, New York 12082",15182794943,Mass,Tue,12:15 PM,,Mass,specific_weekday,English,OLV,,,,,
St. John Francis Regis,"31 Owen Rd, Grafton, New York 12082",15182794943,Mass,Wed,12:15 PM,,Mass,specific_weekday,English,OLV,,,,,
St. John Francis Regis,"31 Owen Rd, Grafton, New York 12082",15182794943,Mass,Thu,12:15 PM,,Mass,specific_weekday,English,OLV,,,,,
St. John Francis Regis,"31 Owen Rd, Grafton, New York 12082",15182794943,Mass,Sat,4:00 PM,,Vigil Mass,saturday,English,OLV,,,,,
St. John Francis Regis,"31 Owen Rd, Grafton, New York 12082",15182794943,Mass,Sun,11:00 AM,,Mass,sunday,English,OLS,,,,,
St. John Francis Regis,"31 Owen Rd, Grafton, New York 12082",15182794943,Mass,Sun,9:00 AM,,Mass,sunday,English,OLV,,,,,
St. John Francis Regis,"31 Owen Rd, Grafton, New York 12082",15182794943,Mass,,11:00 AM,,Sunday Mass,special_event,English,OLS  Sunday; replaces_regular: true),,2026-03-29,,,Sunday Mass; Palm (Passion
St. John Francis Regis,"31 Owen Rd, Grafton, New York 12082",15182794943,Mass,,11:00 AM,,Sunday Mass,special_event,English,OLS,,2026-04-05,,,Sunday Mass; Easter Sunday
St. John Francis Regis,"31 Owen Rd, Grafton, New York 12082",15182794943,Mass,,11:00 AM,,Sunday Mass,special_event,English,OLS,,2026-04-12,,,Sunday Mass; Divine Mercy Sunday
St. John Francis Regis,"31 Owen Rd, Grafton, New York 12082",15182794943,Mass,,12:15 PM,,Mass,special_event,English,OLV,,2026-02-18,,,Mass
St. John Francis Regis,"31 Owen Rd, Grafton, New York 12082",15182794943,Mass,,12:15 PM,,Daily Mass,special_event,English,OLV,,2026-03-31,,,Daily Mass
St. John Francis Regis,"31 Owen Rd, Grafton, New York 12082",15182794943,Mass,,12:15 PM,,Daily Mass,special_event,English,OLV,,2026-04-01,,,Daily Mass
St. John Francis Regis,"31 Owen Rd, Grafton, New York 12082",15182794943,Mass,,4:00 PM,,Saturday Vigil,special_event,English,OLV  Sunday; replaces_regular: true),,2026-03-28,,,Saturday Vigil; Palm (Passion
St. John Francis Regis,"31 Owen Rd, Grafton, New York 12082",15182794943,Mass,,4:00 PM,,Saturday Vigil Mass,special_event,English,OLV,,2026-04-11,,,Saturday Vigil Mass; Divine Mercy Sunday
St. John Francis Regis,"31 Owen Rd, Grafton, New York 12082",15182794943,Mass,,7:00 PM,,Mass,special_event,English,OLV,,2026-02-18,,,Mass
St. John Francis Regis,"31 Owen Rd, Grafton, New York 12082",15182794943,Mass,,7:00 PM,,Principle Liturgy; Mass of the Lord's Supper,special_event,English,OLV,,2026-04-02,,,Principle Liturgy; Mass of the Lord's Supper
St. John Francis Regis,"31 Owen Rd, Grafton, New York 12082",15182794943,Mass,,8:00 PM,,The Great Easter Vigil,special_event,English,OLV,,2026-04-04,,,The Great Easter Vigil
St. John Francis Regis,"31 Owen Rd, Grafton, New York 12082",15182794943,Mass,,9:00 AM,,Sunday Mass,special_event,English,OLV  Sunday; replaces_regular: true),,2026-03-29,,,Sunday Mass; Palm (Passion
St. John Francis Regis,"31 Owen Rd, Grafton, New York 12082",15182794943,Mass,,9:00 AM,,Sunday Mass,special_event,English,OLV,,2026-04-05,,,Sunday Mass; Easter Sunday
St. John Francis Regis,"31 Owen Rd, Grafton, New York 12082",15182794943,Mass,,9:00 AM,,Sunday Mass,special_event,English,OLV,,2026-04-12,,,Sunday Mass; Divine Mercy Sunday
St. John Francis Regis,"31 Owen Rd, Grafton, New York 12082",15182794943,Confession,,3:00 PM,,Confessions,special_event,English,OLV,,2026-04-11,,,Confessions; Divine Mercy Sunday
St. John Francis Regis,"31 Owen Rd, Grafton, New York 12082",15182794943,Adoration,Thu,TBD,,Adoration at the Repository,other,English,,,,after,Mass,after Mass; Holy Thursday; location after 19:00 Mass on 2026-04-02 is OLV
St. John Francis Regis,"31 Owen Rd, Grafton, New York 12082",15182794943,Devotions,,7:00 PM,,Stations of the Cross,special_event,English,OLV,,2026-04-03,,,Stations of the Cross
St. John Francis Regis,"31 Owen Rd, Grafton, New York 12082",15182794943,Other,,3:00 PM,,Principle Liturgy: Commemoration of the Lord's Passion,special_event,English,OLV,,2026-04-03,,,Principle Liturgy: Commemoration of the Lord's Passion
St. John Francis Regis,"31 Owen Rd, Grafton, New York 12082",15182794943,Other,,5:00 PM,,Distribution of Ashes,special_event,English,OLS Mission Church,,2026-02-18,,,Distribution of Ashes
St. John Paul the Great,"21 Maple St, Adams, Massachusetts 01220",(413) 743-2110,Devotions,Mon,8:00 AM,8:30 AM,Rosary,other,English,,,,,,before each 8:30 a.m. Mass
St. John Paul the Great,"21 Maple St, Adams, Massachusetts 01220",(413) 743-2110,Devotions,Tue,8:00 AM,8:30 AM,Rosary,other,English,,,,,,before each 8:30 a.m. Mass
St. John Paul the Great,"21 Maple St, Adams, Massachusetts 01220",(413) 743-2110,Devotions,Wed,8:00 AM,8:30 AM,Rosary,other,English,,,,,,before each 8:30 a.m. Mass
St. John Paul the Great,"21 Maple St, Adams, Massachusetts 01220",(413) 743-2110,Devotions,Thu,8:00 AM,8:30 AM,Rosary,other,English,,,,,,before each 8:30 a.m. Mass
St. John Vianney,"160 Hinesburg Rd, South Burlington, Vermont 05403",(802) 864-4166,Mass,Mon,8:30 AM,,Mass,weekday,english,,,,,,
St. John Vianney,"160 Hinesburg Rd, South Burlington, Vermont 05403",(802) 864-4166,Mass,Tue,8:30 AM,,Mass,weekday,english,,,,,,
St. John Vianney,"160 Hinesburg Rd, South Burlington, Vermont 05403",(802) 864-4166,Mass,Wed,5:00 PM,,Mass,specific_weekday,english,,,,,,
St. John Vianney,"160 Hinesburg Rd, South Burlington, Vermont 05403",(802) 864-4166,Mass,Wed,8:30 AM,,Mass,weekday,english,,,,,,
St. John Vianney,"160 Hinesburg Rd, South Burlington, Vermont 05403",(802) 864-4166,Mass,Thu,8:30 AM,,Mass,weekday,english,,,,,,
St. John Vianney,"160 Hinesburg Rd, South Burlington, Vermont 05403",(802) 864-4166,Mass,Fri,8:30 AM,,Mass,weekday,english,,,,,,
St. John Vianney,"160 Hinesburg Rd, South Burlington, Vermont 05403",(802) 864-4166,Mass,Sat,4:30 PM,,Mass,saturday,english,,,,,,vigil
St. John Vianney,"160 Hinesburg Rd, South Burlington, Vermont 05403",(802) 864-4166,Mass,Sun,11:00 AM,,Mass,sunday,english,,,,,,
St. John Vianney,"160 Hinesburg Rd, South Burlington, Vermont 05403",(802) 864-4166,Mass,Sun,9:00 AM,,Mass,sunday,english,,,,,,
St. John Vianney,"160 Hinesburg Rd, South Burlington, Vermont 05403",(802) 864-4166,Confession,Wed,5:30 PM,6:00 PM,Confession,specific_weekday,English,,,,,,adoration
St. John Vianney,"160 Hinesburg Rd, South Burlington, Vermont 05403",(802) 864-4166,Confession,Sat,3:00 PM,4:00 PM,Confession,saturday,English,,,,,,or by appointment
St. John Vianney,"160 Hinesburg Rd, South Burlington, Vermont 05403",(802) 864-4166,Adoration,Wed,5:30 PM,6:00 PM,Adoration,specific_weekday,English,,,,,,
St. John Vianney,"160 Hinesburg Rd, South Burlington, Vermont 05403",(802) 864-4166,Adoration,Fri,9:00 AM,10:00 AM,Adoration,specific_weekday,English,,,,,,
St. John Vianney,"160 Hinesburg Rd, South Burlington, Vermont 05403",(802) 864-4166,Adoration,,9:00 AM,5:00 PM,Adoration,monthly,English,,first_friday_(recurring),,,,
St. John Vianney,"160 Hinesburg Rd, South Burlington, Vermont 05403",(802) 864-4166,Other,,TBD,,Holy Week,special_event,English,,,2025-04-13,,,Holy Week TIME_TBD; note: multi-day event
St. John Vianney,"160 Hinesburg Rd, South Burlington, Vermont 05403",(802) 864-4166,Other,,TBD,,Totus Tuus,special_event,English,,,,,,Totus Tuus TIME_TBD; note: 2025 event
St. John Vianney,"160 Hinesburg Rd, South Burlington, Vermont 05403",(802) 864-4166,Sacraments,,TBD,,Confirmation,special_event,English,,,,,,Confirmation TIME_TBD; note: 2025 event
St. John XXIII Newman Center ,"90 Broad St, Plattsburgh, New York 12901-2622",518-563-0730,Mass,Mon,8:00 AM,,Mass,specific_weekday,english,St. John's,,,,,
St. John XXIII Newman Center ,"90 Broad St, Plattsburgh, New York 12901-2622",518-563-0730,Mass,Wed,8:00 AM,,Mass,specific_weekday,english,St. John's,,,,,
St. John XXIII Newman Center ,"90 Broad St, Plattsburgh, New York 12901-2622",518-563-0730,Mass,Fri,8:00 AM,,Mass,specific_weekday,english,St. John's,,,,,
St. John XXIII Newman Center ,"90 Broad St, Plattsburgh, New York 12901-2622",518-563-0730,Mass,Sat,5:15 PM,,Mass,saturday,english,St. John's,,,,,
St. John XXIII Newman Center ,"90 Broad St, Plattsburgh, New York 12901-2622",518-563-0730,Mass,Sun,5:00 PM,,Mass,sunday,english,Newman Center,,,,,note: Last Mass Dec 7
St. John XXIII Newman Center ,"90 Broad St, Plattsburgh, New York 12901-2622",518-563-0730,Mass,Sun,8:30 AM,,Mass,sunday,english,St. John's,,,,,
St. John XXIII Newman Center ,"90 Broad St, Plattsburgh, New York 12901-2622",518-563-0730,Mass,,8:00 AM,,Mass,special_event,english,St. John's,,2026-02-18,,,Mass
St. John XXIII Newman Center ,"90 Broad St, Plattsburgh, New York 12901-2622",518-563-0730,Confession,Sat,4:15 PM,4:45 PM,Confession,saturday,English,St. John's,,,,,
St. John XXIII Newman Center ,"90 Broad St, Plattsburgh, New York 12901-2622",518-563-0730,Adoration,Wed,9:00 AM,9:00 PM,Adoration,specific_weekday,English,St. John's,,,,,
St. John XXIII Newman Center ,"90 Broad St, Plattsburgh, New York 12901-2622",518-563-0730,Adoration,Thu,9:00 AM,9:00 PM,Adoration,specific_weekday,English,St. John's,,,,,
St. John XXIII Newman Center ,"90 Broad St, Plattsburgh, New York 12901-2622",518-563-0730,Adoration,Fri,9:00 AM,9:00 PM,Adoration,specific_weekday,English,St. John's,,,,,
St. John the Baptist,"18 Broad St, Plattsburgh, New York 12901",(518) 563-0730,Mass,Mon,8:00 AM,,Mass,specific_weekday,english,St. John's,,,,,
St. John the Baptist,"222 Missisquoi St, Enosburg Falls, Vermont 05450",(802) 933-4464,Mass,Mon,9:00 AM,,Mass,specific_weekday,english,St. John the Baptist,,,,,
St. John the Baptist,"45 N Rd, Castleton, Vermont 05735",(802) 671-8139,Mass,Tue,12:00 PM,,Mass,specific_weekday,English,"St. John the Baptist, Castleton, VT",,,,,
St. John the Baptist,"222 Missisquoi St, Enosburg Falls, Vermont 05450",(802) 933-4464,Mass,Tue,6:30 PM,,Mass,specific_weekday,english,St. John the Baptist,,,,,
St. John the Baptist,"18 Broad St, Plattsburgh, New York 12901",(518) 563-0730,Mass,Wed,8:00 AM,,Mass,specific_weekday,english,St. John's,,,,,
St. John the Baptist,"222 Missisquoi St, Enosburg Falls, Vermont 05450",(802) 933-4464,Mass,Wed,9:00 AM,,Mass,specific_weekday,english,St. John the Baptist,,,,,
St. John the Baptist,"45 N Rd, Castleton, Vermont 05735",(802) 671-8139,Mass,Thu,12:00 PM,,Mass,specific_weekday,English,"St. John the Baptist, Castleton, VT",,,,,
St. John the Baptist,"45 N Rd, Castleton, Vermont 05735",(802) 671-8139,Mass,Fri,12:00 PM,,Mass,specific_weekday,English,"St. John the Baptist, Castleton, VT",,,,,
St. John the Baptist,"18 Broad St, Plattsburgh, New York 12901",(518) 563-0730,Mass,Fri,8:00 AM,,Mass,specific_weekday,english,St. John's,,,,,
St. John the Baptist,"222 Missisquoi St, Enosburg Falls, Vermont 05450",(802) 933-4464,Mass,Fri,9:00 AM,,Mass,specific_weekday,english,St. John the Baptist,,,,,
St. John the Baptist,"45 N Rd, Castleton, Vermont 05735",(802) 671-8139,Mass,Sat,4:00 PM,,Mass,saturday,english,"St. John the Baptist, Castleton",,,,,vigil
St. John the Baptist,"222 Missisquoi St, Enosburg Falls, Vermont 05450",(802) 933-4464,Mass,Sat,4:00 PM,,Mass,saturday,english,St. John the Baptist,,,,,Enosburg Falls; vigil
St. John the Baptist,"3-5 Houghton St, North Bennington, Vermont 05257",(574) 276-4661,Mass,Sat,4:00 PM,,Mass,saturday,English,"Sacred Heart Saint Francis in Bennington, VT",,,,,livestream
St. John the Baptist,"18 Broad St, Plattsburgh, New York 12901",(518) 563-0730,Mass,Sat,5:15 PM,,Mass,saturday,english,St. John's,,,,,
St. John the Baptist,"222 Missisquoi St, Enosburg Falls, Vermont 05450",(802) 933-4464,Mass,Sun,10:00 AM,,Mass,sunday,english,St. John the Baptist,,,,,Enosburg Falls; livestream
St. John the Baptist,"18 Broad St, Plattsburgh, New York 12901",(518) 563-0730,Mass,Sun,8:30 AM,,Mass,sunday,english,St. John's,,,,,
St. John the Baptist,"18 Broad St, Plattsburgh, New York 12901",(518) 563-0730,Mass,,8:00 AM,,Mass,special_event,english,St. John's,,2026-02-18,,,Mass
St. John the Baptist,"45 N Rd, Castleton, Vermont 05735",(802) 671-8139,Mass,,TBD,,Thanksgiving Masses,special_event,English,,,2025-11-27,,,Thanksgiving Masses
St. John the Baptist,"45 N Rd, Castleton, Vermont 05735",(802) 671-8139,Mass,,TBD,,Christmas Eve Masses,special_event,English,,,2025-12-24,,,Christmas Eve Masses
St. John the Baptist,"45 N Rd, Castleton, Vermont 05735",(802) 671-8139,Mass,,TBD,,Christmas Day Masses,special_event,English,,,2025-12-25,,,Christmas Day Masses
St. John the Baptist,"45 N Rd, Castleton, Vermont 05735",(802) 671-8139,Confession,Sat,3:00 PM,3:45 PM,Confessions,other,English,"St. John the Baptist Church, Castleton, VT",,,,,
St. John the Baptist,"222 Missisquoi St, Enosburg Falls, Vermont 05450",(802) 933-4464,Confession,Sat,3:15 PM,3:45 PM,Confession,saturday,English,St. John the Baptist,,,,,
St. John the Baptist,"18 Broad St, Plattsburgh, New York 12901",(518) 563-0730,Confession,Sat,4:15 PM,4:45 PM,Confession,saturday,English,St. John's,,,,,
St. John the Baptist,"45 N Rd, Castleton, Vermont 05735",(802) 671-8139,Confession,,TBD,,Confessions,other,English,,,,,,by appointment; available - 802-671-8139
St. John the Baptist,"222 Missisquoi St, Enosburg Falls, Vermont 05450",(802) 933-4464,Confession,,TBD,,Confession,other,English,,,,,,Any other time by Appointment; Please call the office at 802-933-4464 to set up an appointment.
St. John the Baptist,"18 Broad St, Plattsburgh, New York 12901",(518) 563-0730,Adoration,Wed,9:00 AM,9:00 PM,Adoration,specific_weekday,English,St. John's,,,,,exposition
St. John the Baptist,"18 Broad St, Plattsburgh, New York 12901",(518) 563-0730,Adoration,Thu,9:00 AM,9:00 PM,Adoration,specific_weekday,English,St. John's,,,,,exposition
St. John the Baptist,"18 Broad St, Plattsburgh, New York 12901",(518) 563-0730,Adoration,Fri,9:00 AM,9:00 PM,Adoration,specific_weekday,English,St. John's,,,,,exposition
St. John the Baptist,"45 N Rd, Castleton, Vermont 05735",(802) 671-8139,Adoration,,12:30 PM,1:30 PM,Exposition of the Blessed Sacrament/Adoration,monthly,English,"St. John the Baptist, Castleton, VT",third_friday,,,,Third of Each Month; exposition; adoration
St. John the Baptist,"45 N Rd, Castleton, Vermont 05735",(802) 671-8139,Other,,TBD,,Assumption of the Blessed Virgin Mary Holyday,special_event,English,,,2025-08-15,,,Assumption of the Blessed Virgin Mary Holyday
St. John the Baptist,"45 N Rd, Castleton, Vermont 05735",(802) 671-8139,Other,,TBD,,Transitus Service,special_event,English,,,2025-10-03,,,Transitus Service
St. John the Baptist,"45 N Rd, Castleton, Vermont 05735",(802) 671-8139,Other,,TBD,,Tea Cup Auction,special_event,English,,,2026-01-19,,,Tea Cup Auction
St. John the Baptist ,"Church St, Colrain, Massachusetts 01340",(413) 625-6405,Mass,Sun,11:00 AM,,Mass,sunday,english,"St. John the Baptist, Colrain",,,,,
St. John the Baptist–Immaculate Conception,"1803 Main St, Keeseville, New York 12944",518-647-8225,Mass,Mon,8:30 AM,,Mass,specific_weekday,english,Immaculate Conception-Keeseville,,,,,
St. John the Baptist–Immaculate Conception,"1803 Main St, Keeseville, New York 12944",518-647-8225,Mass,Tue,8:30 AM,,Mass,specific_weekday,english,Immaculate Conception-Keeseville,,,,,
St. John the Baptist–Immaculate Conception,"1803 Main St, Keeseville, New York 12944",518-647-8225,Mass,Sat,4:00 PM,,Mass,saturday,english,St. John the Baptist Church - Keeseville,,,,,
St. John the Baptist–Immaculate Conception,"1803 Main St, Keeseville, New York 12944",518-647-8225,Confession,Sat,3:15 PM,3:45 PM,Confession,saturday,English,St. John the Baptist - Keeseville,,,,,
St. John the Evangelist,"206 Vine St, Northfield, Vermont 05663",(802) 485-8313,Mass,Wed,5:30 PM,,Mass,specific_weekday,English,St. John the Evangelist,,,,,Northfield
St. John the Evangelist,"206 Vine St, Northfield, Vermont 05663",(802) 485-8313,Mass,Thu,8:00 AM,,Mass,specific_weekday,English,St. John the Evangelist,,,,,
St. John the Evangelist,"206 Vine St, Northfield, Vermont 05663",(802) 485-8313,Mass,Sat,5:30 PM,,Mass,saturday,English,St. John the Evangelist,,,,,Northfield
St. John the Evangelist,"206 Vine St, Northfield, Vermont 05663",(802) 485-8313,Confession,Sat,4:30 PM,5:15 PM,Confessions,saturday,English,St. John the Evangelist,,,,,Northfield
St. John the Evangelist,"206 Vine St, Northfield, Vermont 05663",(802) 485-8313,Adoration,Wed,4:30 PM,5:15 PM,Adoration,specific_weekday,English,St. John the Evangelist,,,,,Northfield
St. John the Evangelist,"206 Vine St, Northfield, Vermont 05663",(802) 485-8313,Adoration,Thu,8:30 AM,9:30 AM,Adoration,specific_weekday,English,St. John the Evangelist,,,,,
St. John the Evangelist Church,"49 Winter St, Saint Johnsbury, Vermont 05819",(802) 748-8129,Mass,Tue,8:30 AM,,Mass,specific_weekday,English,St. John,,,,,
St. John the Evangelist Church,"49 Winter St, Saint Johnsbury, Vermont 05819",(802) 748-8129,Mass,Thu,6:00 PM,,Mass,specific_weekday,English,St. John,,,,,
St. John the Evangelist Church,"49 Winter St, Saint Johnsbury, Vermont 05819",(802) 748-8129,Mass,Sat,4:00 PM,,Mass,saturday,English,St. John,,,,,vigil
St. John the Evangelist Church,"49 Winter St, Saint Johnsbury, Vermont 05819",(802) 748-8129,Mass,Sat,8:30 AM,,Mass,saturday,English,St. John,,,,,
St. John the Evangelist Church,"49 Winter St, Saint Johnsbury, Vermont 05819",(802) 748-8129,Mass,Sun,11:30 AM,,Mass,sunday,English,St. John,,,,,
St. John the Evangelist Church,"49 Winter St, Saint Johnsbury, Vermont 05819",(802) 748-8129,Mass,,8:30 AM,,Ash Wednesday Mass,special_event,English,St. John,,2026-02-18,,,Ash Wednesday Mass
St. John the Evangelist Church,"49 Winter St, Saint Johnsbury, Vermont 05819",(802) 748-8129,Confession,Thu,5:00 PM,6:00 PM,Confessions,specific_weekday,English,St. John,,,,,during the Holy Hour of Adoration
St. John the Evangelist Church,"49 Winter St, Saint Johnsbury, Vermont 05819",(802) 748-8129,Confession,Sat,3:00 PM,3:45 PM,Confessions,saturday,English,St. John,,,,,
St. John the Evangelist Church,"49 Winter St, Saint Johnsbury, Vermont 05819",(802) 748-8129,Confession,Sat,9:00 AM,9:30 AM,Confessions,saturday,English,St. John,,,,,
St. John the Evangelist Church,"49 Winter St, Saint Johnsbury, Vermont 05819",(802) 748-8129,Confession,Sun,8:00 AM,,Confessions,sunday,English,,,,,,check bulletin
St. John the Evangelist Church,"49 Winter St, Saint Johnsbury, Vermont 05819",(802) 748-8129,Adoration,Mon,9:30 AM,6:00 PM,Adoration,specific_weekday,English,St. John Adoration Chapel,,,,,exposition
St. John the Evangelist Church,"49 Winter St, Saint Johnsbury, Vermont 05819",(802) 748-8129,Adoration,Tue,9:30 AM,4:00 PM,Adoration,specific_weekday,English,St. John Adoration Chapel,,,,,exposition
St. John the Evangelist Church,"49 Winter St, Saint Johnsbury, Vermont 05819",(802) 748-8129,Adoration,Wed,9:30 AM,6:00 PM,Adoration,specific_weekday,English,St. John Adoration Chapel,,,,,exposition
St. John the Evangelist Church,"49 Winter St, Saint Johnsbury, Vermont 05819",(802) 748-8129,Adoration,Thu,5:00 PM,6:00 PM,Adoration,specific_weekday,English,St. John,,,,,
St. John the Evangelist Church,"49 Winter St, Saint Johnsbury, Vermont 05819",(802) 748-8129,Adoration,Thu,9:30 AM,6:00 PM,Adoration,specific_weekday,English,St. John Adoration Chapel,,,,,exposition
St. John the Evangelist Church,"49 Winter St, Saint Johnsbury, Vermont 05819",(802) 748-8129,Adoration,Fri,9:30 AM,6:00 PM,Adoration,specific_weekday,English,St. John Adoration Chapel,,,,,exposition
St. John the Evangelist Church,"49 Winter St, Saint Johnsbury, Vermont 05819",(802) 748-8129,Devotions,,12:30 PM,,Healing Prayers,special_event,English,St. John,,2026-02-22,,,Healing Prayers
St. John the Evangelist Church,"49 Winter St, Saint Johnsbury, Vermont 05819",(802) 748-8129,Devotions,,TBD,,Stations of the Cross,parish_event,English,All Three Churches,,,,,Fridays in Lent; check bulletin
St. John the Evangelist Church,"49 Winter St, Saint Johnsbury, Vermont 05819",(802) 748-8129,Other,,11:30 AM,,Brunch with HomeShare Speaker,special_event,English,St. John,,2026-02-22,,,Brunch with HomeShare Speaker; after Mass
St. John the Evangelist Church,"49 Winter St, Saint Johnsbury, Vermont 05819",(802) 748-8129,Other,,4:00 PM,5:00 PM,Light of the World,special_event,English,St. John,,2026-02-22,,,Light of the World
St. John the Evangelist Church,"49 Winter St, Saint Johnsbury, Vermont 05819",(802) 748-8129,Other,,5:30 PM,,The Chosen,parish_event,English,St. John Rectory,,,,,Sat
St. Joseph,"15 Pine St, Woodsville, New Hampshire 03785",(603) 747-2038,Mass,Mon,9:00 AM,,Mass,specific_weekday,English,St. Joseph,,,,,
St. Joseph,"58 Elm St, Claremont, New Hampshire 03743",(603) 542-5732 or (603) 504-5430 Pastor,Mass,Wed,5:00 PM,,Mass,specific_weekday,english,St. Joseph,,,,,
St. Joseph,"15 Pine St, Woodsville, New Hampshire 03785",(603) 747-2038,Mass,Wed,5:30 PM,,Mass,specific_weekday,English,St. Joseph,,,,,
St. Joseph,"27 Church St, Lincoln, New Hampshire 03251",(603) 745-2266,Mass,Wed,8:00 AM,,Mass,specific_weekday,English,St. Joseph Church,,,,,
St. Joseph,"27 Church St, Lincoln, New Hampshire 03251",(603) 745-2266,Mass,Thu,8:00 AM,,Mass,specific_weekday,English,St. Joseph Church,,,,,
St. Joseph,"15 Pine St, Woodsville, New Hampshire 03785",(603) 747-2038,Mass,Thu,9:00 AM,,Mass,specific_weekday,English,St. Joseph,,,,,
St. Joseph,"27 Church St, Lincoln, New Hampshire 03251",(603) 745-2266,Mass,Fri,8:00 AM,,Mass,specific_weekday,English,St. Joseph Church,,,,,
St. Joseph,"185 US Rt 2, Grand Isle, Vermont 05458",(802) 796-3481,Mass,Fri,8:30 AM,,Mass,specific_weekday,english,St. Joseph,,,,,Grand Isle
St. Joseph,"15 Pine St, Woodsville, New Hampshire 03785",(603) 747-2038,Mass,Fri,9:00 AM,,Mass,specific_weekday,English,St. Joseph,,,,,
St. Joseph,"166 Broadway, Fort Edward, New York 12828",(518) 747-5117,Mass,Sat,4:00 PM,,Mass,saturday,English,St. Joseph's Church,,,,,livestream
St. Joseph,"414 N St, Pittsfield, Massachusetts 01201",(413) 445-5789,Mass,Sat,4:00 PM,,Mass,saturday,english,,,,,,
St. Joseph,"15 Pine St, Woodsville, New Hampshire 03785",(603) 747-2038,Mass,Sat,4:00 PM,,Mass,saturday,English,St. Joseph,,,,,vigil
St. Joseph,"27 Church St, Lincoln, New Hampshire 03251",(603) 745-2266,Mass,Sat,4:30 PM,,Mass,saturday,English,St. Joseph Church,,,,,
St. Joseph,"83 Maple St, Mooers, New York 12958",15182365632,Mass,Sat,4:30 PM,,Mass,specific_weekday,English,St. Ann's Church,,,,,vigil
St. Joseph,"15 Pine St, Woodsville, New Hampshire 03785",(603) 747-2038,Mass,Sat,9:00 AM,,Mass,saturday,English,St. Joseph,,,,,
St. Joseph,"35 Hill St, Greenwich, New York 12834",(518) 692-2159,Mass,Sun,10:00 AM,,Mass,sunday,English,St. Joseph's Church,,,,,livestream
St. Joseph,"27 Church St, Lincoln, New Hampshire 03251",(603) 745-2266,Mass,Sun,10:00 AM,,Mass,sunday,English,St. Joseph Church,,,,,
St. Joseph,"15 Pine St, Woodsville, New Hampshire 03785",(603) 747-2038,Mass,Sun,10:30 AM,,Mass,sunday,English,St. Joseph,,,,,
St. Joseph,"2891 Essex Rd, Essex, New York 12936",518-963-4524,Mass,Sun,11:00 AM,,Mass,sunday,english,St. Joseph's Church - Essex,,,,,July-August
St. Joseph,"414 N St, Pittsfield, Massachusetts 01201",(413) 445-5789,Mass,Sun,11:30 AM,,Mass,sunday,english,,,,,,
St. Joseph,"15 Pine St, Woodsville, New Hampshire 03785",(603) 747-2038,Mass,Sun,7:15 AM,,Mass,sunday,English,St. Joseph,,,,,
St. Joseph,"27 Church St, Lincoln, New Hampshire 03251",(603) 745-2266,Mass,Sun,7:30 AM,,Mass,sunday,English,St. Joseph Church,,,,,
St. Joseph,"185 US Rt 2, Grand Isle, Vermont 05458",(802) 796-3481,Mass,Sun,9:00 AM,,Mass,sunday,english,St. Joseph - Grand Isle,,,,,
St. Joseph,"83 Maple St, Mooers, New York 12958",15182365632,Mass,Sun,9:00 AM,,Mass,specific_weekday,English,St. Ann's Church,,,,,
St. Joseph,"414 N St, Pittsfield, Massachusetts 01201",(413) 445-5789,Mass,Sun,9:00 AM,,Mass,sunday,english,,,,,,
St. Joseph,"58 Elm St, Claremont, New Hampshire 03743",(603) 542-5732 or (603) 504-5430 Pastor,Mass,Sun,9:15 AM,,Mass,sunday,english,St. Joseph,,,,,
St. Joseph,"185 US Rt 2, Grand Isle, Vermont 05458",(802) 796-3481,Mass,,9:00 AM,,Christmas Mass Schedule Morn,special_event,English,St. Joseph,,2025-12-25,,,Christmas Mass Schedule Morn
St. Joseph,"23 St Joseph Ln, Isle La Motte, Vermont 05463",18027963481,Mass,,9:00 AM,,Mass,special_event,English,St. Joseph,,2025-12-25,,,Mass
St. Joseph,"185 US Rt 2, Grand Isle, Vermont 05458",(802) 796-3481,Confession,Fri,8:00 AM,8:30 AM,Confession,specific_weekday,English,St. Joseph,,,,,
St. Joseph,"23 St Joseph Ln, Isle La Motte, Vermont 05463",18027963481,Confession,Fri,8:00 AM,8:30 AM,Confession,specific_weekday,English,St. Joseph,,,,,
St. Joseph,"15 Pine St, Woodsville, New Hampshire 03785",(603) 747-2038,Confession,Fri,9:30 AM,10:30 AM,Confession,specific_weekday,English,St. Joseph,,,,,note: After Friday morning Mass
St. Joseph,"414 N St, Pittsfield, Massachusetts 01201",(413) 445-5789,Confession,Sat,3:00 PM,3:45 PM,Confession,saturday,English,,,,,,
St. Joseph,"15 Pine St, Woodsville, New Hampshire 03785",(603) 747-2038,Confession,Sat,3:00 PM,3:45 PM,Confession,saturday,English,St. Joseph,,,,,
St. Joseph,"27 Church St, Lincoln, New Hampshire 03251",(603) 745-2266,Confession,Sat,3:45 PM,,Confession,saturday,English,St. Joseph Church,,,,,and by appointment
St. Joseph,"2891 Essex Rd, Essex, New York 12936",518-963-4524,Confession,Sun,10:30 AM,,Confession,sunday,English,St. Joseph- Essex,,,,,Prior to Mass
St. Joseph,"185 US Rt 2, Grand Isle, Vermont 05458",(802) 796-3481,Confession,Sun,8:30 AM,9:00 AM,Confession,sunday,English,St. Joseph,,,,,
St. Joseph,"23 St Joseph Ln, Isle La Motte, Vermont 05463",18027963481,Confession,Sun,8:30 AM,9:00 AM,Confession,sunday,English,St. Joseph,,,,,
St. Joseph,"185 US Rt 2, Grand Isle, Vermont 05458",(802) 796-3481,Confession,,TBD,,Confession,other,English,,,,after,Mass,by request before or after Mass if time allows.
St. Joseph,"23 St Joseph Ln, Isle La Motte, Vermont 05463",18027963481,Confession,,TBD,,Confession,other,English,,,,after,Mass,by request before or after Mass if time allows
St. Joseph,"27 Church St, Lincoln, New Hampshire 03251",(603) 745-2266,Adoration,Wed,8:30 AM,,Exposition of the Blessed Sacrament,specific_weekday,English,St. Joseph Church,,,,,subject to cancellation for funeral liturgies
St. Joseph,"15 Pine St, Woodsville, New Hampshire 03785",(603) 747-2038,Adoration,Wed,9:00 AM,5:00 PM,Eucharistic Adoration,specific_weekday,English,St. Joseph,,,,,exposition
St. Joseph,"185 US Rt 2, Grand Isle, Vermont 05458",(802) 796-3481,Adoration,Fri,8:00 AM,8:30 AM,Adoration,specific_weekday,English,St. Joseph,,,,,Grand Isle; exposition
St. Joseph,"15 Pine St, Woodsville, New Hampshire 03785",(603) 747-2038,Adoration,Fri,9:30 AM,10:30 AM,Eucharistic Adoration,specific_weekday,English,St. Joseph,,,,,exposition
St. Joseph,"34 Monroe Ave, Shelburne Falls, Massachusetts 01370",(413) 625-6405,Adoration,,12:00 AM,5:00 PM,Eucharistic Adoration,daily,English,St. Joseph Church,,,,,exposition
St. Joseph,"414 N St, Pittsfield, Massachusetts 01201",(413) 445-5789,Community,,9:00 AM,10:00 AM,Food Pantry,special_event,English,,,2026-01-21,,,Food Pantry
St. Joseph,"414 N St, Pittsfield, Massachusetts 01201",(413) 445-5789,Community,,9:00 AM,10:00 AM,Food Pantry,special_event,English,,,2026-01-28,,,Food Pantry
St. Joseph,"414 N St, Pittsfield, Massachusetts 01201",(413) 445-5789,Community,,9:00 AM,10:00 AM,Food Pantry,special_event,English,,,2026-02-04,,,Food Pantry
St. Joseph,"414 N St, Pittsfield, Massachusetts 01201",(413) 445-5789,Community,,9:00 AM,10:00 AM,Food Pantry,special_event,English,,,2026-02-11,,,Food Pantry
St. Joseph,"414 N St, Pittsfield, Massachusetts 01201",(413) 445-5789,Community,,9:00 AM,10:00 AM,Food Pantry,special_event,English,,,2026-02-18,,,Food Pantry
St. Joseph,"27 Church St, Lincoln, New Hampshire 03251",(603) 745-2266,Other,Wed,10:30 AM,,Reposition of the Blessed Sacrament,specific_weekday,English,St. Joseph Church,,,,,subject to cancellation for funeral liturgies
St. Joseph,"414 N St, Pittsfield, Massachusetts 01201",(413) 445-5789,Other,,12:00 PM,,Health New England,special_event,English,,,2026-02-02,,,Health New England
St. Joseph,"414 N St, Pittsfield, Massachusetts 01201",(413) 445-5789,Other,,1:00 PM,,Seton Family,special_event,English,,,2026-01-20,,,Seton Family
St. Joseph,"414 N St, Pittsfield, Massachusetts 01201",(413) 445-5789,Other,,1:00 PM,,Seton Family,special_event,English,,,2026-02-17,,,Seton Family
St. Joseph,"58 Elm St, Claremont, New Hampshire 03743",(603) 542-5732 or (603) 504-5430 Pastor,Other,,5:30 PM,,"Mary, Mother of God",special_event,English,St. Joseph,,2025-01-01,,,"Mary, Mother of God"
St. Joseph,"58 Elm St, Claremont, New Hampshire 03743",(603) 542-5732 or (603) 504-5430 Pastor,Other,,5:30 PM,,Assumption of the Blessed Virgin Mary,special_event,English,St. Joseph,,2025-08-15,,,Assumption of the Blessed Virgin Mary
St. Joseph,"58 Elm St, Claremont, New Hampshire 03743",(603) 542-5732 or (603) 504-5430 Pastor,Other,,5:30 PM,,All Saints,special_event,English,St. Joseph,,2025-11-01,,,All Saints
St. Joseph,"58 Elm St, Claremont, New Hampshire 03743",(603) 542-5732 or (603) 504-5430 Pastor,Other,,5:30 PM,,Immaculate Conception,special_event,English,St. Joseph,,2025-12-08,,,Immaculate Conception
St. Joseph,"58 Elm St, Claremont, New Hampshire 03743",(603) 542-5732 or (603) 504-5430 Pastor,Other,,5:30 PM,,Christmas,special_event,English,St. Joseph,,2025-12-25,,,Christmas; Nativity of the Lord
St. Joseph,"166 Broadway, Fort Edward, New York 12828",(518) 747-5117,Other,,9:00 AM,,Event,special_event,English,,,2026-03-12,,,Event; check bulletin
St. Joseph,"35 Hill St, Greenwich, New York 12834",(518) 692-2159,Other,,9:00 AM,,Event,special_event,English,,,2026-03-12,,,Event; note: ends at 16:00
St. Joseph,"56 W Church St, West Chazy, New York 12992",(518) 493-4521,Other,,TBD,,"Mary, Mother of God",special_event,English,,,2025-01-01,,,"Mary, Mother of God; check bulletin"
St. Joseph (Parish of the Holy Spirit),"35 Brattleboro Rd, Hinsdale, New Hampshire 03451",(603) 352-3525,Mass,Wed,9:00 AM,,Mass,specific_weekday,English,"Saint Joseph Church, Hinsdale, NH",,,,,
St. Joseph (Parish of the Holy Spirit),"35 Brattleboro Rd, Hinsdale, New Hampshire 03451",(603) 352-3525,Mass,Sun,9:00 AM,,Mass,sunday,English,"Saint Joseph Church, Hinsdale, NH",,,,,
St. Joseph (Parish of the Holy Spirit),"35 Brattleboro Rd, Hinsdale, New Hampshire 03451",(603) 352-3525,Mass,,4:00 PM,,Vigil Mass,special_event,English,"St. Joseph Church, Hinsdale, NH",,2025-12-24,,,Vigil Mass
St. Joseph (Parish of the Holy Spirit),"35 Brattleboro Rd, Hinsdale, New Hampshire 03451",(603) 352-3525,Confession,,TBD,,Confessions,other,English,,,,,,by appointment
St. Joseph the Worker,"148 S Main St, Chester, Vermont 05143",(802) 885-3400,Mass,Wed,9:00 AM,,Mass,specific_weekday,english,St. Joseph's,,,,,note: followed by Coffee Hour
St. Joseph the Worker,"148 S Main St, Chester, Vermont 05143",(802) 885-3400,Mass,Sat,4:00 PM,,Mass,saturday,english,St. Joseph's,,,,,
St. Joseph the Worker,"148 S Main St, Chester, Vermont 05143",(802) 885-3400,Confession,Sat,3:00 PM,3:30 PM,Confession,saturday,English,St. Joseph's,,,,,
St. Joseph the Worker,"148 S Main St, Chester, Vermont 05143",(802) 885-3400,Confession,,TBD,,Confessions,specific_weekday,English,,,,,,Anytime by appointment.
St. Jude,"10759 Rte 116, Hinesburg, Vermont 05461",(802) 482-2290,Mass,Mon,8:30 AM,,Mass,specific_weekday,english,St. Jude,,,,,
St. Jude,"10759 Rte 116, Hinesburg, Vermont 05461",(802) 482-2290,Mass,Fri,8:30 AM,,Mass,specific_weekday,english,St. Jude,,,,,
St. Jude,"10759 Rte 116, Hinesburg, Vermont 05461",(802) 482-2290,Mass,Sat,4:30 PM,,Mass,saturday,english,St. Jude,,,,,vigil
St. Jude,"10759 Rte 116, Hinesburg, Vermont 05461",(802) 482-2290,Mass,Sun,9:30 AM,,Mass,sunday,english,St. Jude,,,,,
St. Jude,"10759 Rte 116, Hinesburg, Vermont 05461",(802) 482-2290,Confession,Fri,9:00 AM,,Confession,other,English,,,,,,
St. Jude,"10759 Rte 116, Hinesburg, Vermont 05461",(802) 482-2290,Confession,Sat,4:00 PM,,Confession,saturday,English,St. Jude,,,,,
St. Jude,"10759 Rte 116, Hinesburg, Vermont 05461",(802) 482-2290,Confession,Sat,4:00 PM,,Confession,other,English,,,,,,or by appointment
St. Lawrence,"158 W St, Essex Junction, Vermont 05452",802-878-5331,Mass,Sat,4:00 PM,,Vigil Mass,saturday,english,St. Lawrence Church,,,,,vigil
St. Lawrence,"158 W St, Essex Junction, Vermont 05452",802-878-5331,Mass,Sun,8:00 AM,,Mass,sunday,english,St. Lawrence Church,,,,,
St. Lawrence,"158 W St, Essex Junction, Vermont 05452",802-878-5331,Confession,Fri,9:00 AM,10:00 AM,Confessions,other,English,,,,,,Following 08:30 Mass during Adoration
St. Lawrence,"158 W St, Essex Junction, Vermont 05452",802-878-5331,Confession,Sat,3:15 AM,3:45 AM,Confessions,other,English,St. Lawrence Church,,,,,
St. Lawrence,"158 W St, Essex Junction, Vermont 05452",802-878-5331,Confession,,TBD,,Confessions,other,English,,,,,,by appointment call Fr. Ranges 802-878-5331
St. Lawrence,"158 W St, Essex Junction, Vermont 05452",802-878-5331,Community,,5:30 PM,,Monthly Fellowship and a Meal,monthly,English,,second_friday,,,,2nd; In person dining starts at 5:30PM; Take out dinners available
St. Luke,"17 Huntville Rd, Fairfax, Vermont 05454",(802) 849-6205,Mass,Tue,5:00 PM,,Mass,specific_weekday,english,Saint Luke,,,,,
St. Luke,"17 Huntville Rd, Fairfax, Vermont 05454",(802) 849-6205,Mass,Thu,9:00 AM,,Mass,specific_weekday,english,Saint Luke,,,,,
St. Luke,"17 Huntville Rd, Fairfax, Vermont 05454",(802) 849-6205,Mass,Sat,4:00 PM,,Mass,saturday,english,Saint Luke,,,,,vigil
St. Luke,"17 Huntville Rd, Fairfax, Vermont 05454",(802) 849-6205,Mass,Sat,9:00 AM,,Mass,saturday,english,St. Luke,,,,,
St. Luke,"17 Huntville Rd, Fairfax, Vermont 05454",(802) 849-6205,Mass,Sun,10:30 AM,,Mass,sunday,english,Saint Luke,,,,,
St. Luke,"17 Huntville Rd, Fairfax, Vermont 05454",(802) 849-6205,Confession,Tue,4:00 PM,4:55 PM,Confession,specific_weekday,english,Saint Luke,,,,,adoration
St. Luke,"17 Huntville Rd, Fairfax, Vermont 05454",(802) 849-6205,Confession,Sat,3:15 PM,3:55 PM,Confession,saturday,english,Saint Luke,,,,,
St. Luke,"17 Huntville Rd, Fairfax, Vermont 05454",(802) 849-6205,Confession,Sun,10:15 AM,10:25 AM,Confession,sunday,english,Saint Luke,,,,,time permitting
St. Luke,"17 Huntville Rd, Fairfax, Vermont 05454",(802) 849-6205,Confession,,TBD,,Confession,other,english,,,,,,by appointment
St. Luke,"17 Huntville Rd, Fairfax, Vermont 05454",(802) 849-6205,Adoration,Tue,4:00 PM,,Adoration,specific_weekday,english,Saint Luke,,,,,
St. Luke,"17 Huntville Rd, Fairfax, Vermont 05454",(802) 849-6205,Adoration,Fri,11:00 AM,5:00 PM,Adoration,specific_weekday,English,St. Luke,,,,,
St. Luke,"17 Huntville Rd, Fairfax, Vermont 05454",(802) 849-6205,Education,,5:30 PM,,Family Faith Formation,parish_event,English,,,,,,Pizza Party; classes for students; Adult Catechesis for parents upstairs in the church
St. Margaret Mary [Parish of the Holy Spirit],"33 Arch St, Keene, New Hampshire 03431",(603) 352-3525,Mass,Sat,4:00 PM,,Vigil Mass,saturday,English,Saint Margaret Mary Church,,,,,
St. Margaret Mary [Parish of the Holy Spirit],"33 Arch St, Keene, New Hampshire 03431",(603) 352-3525,Mass,Sun,8:00 AM,,Mass,sunday,English,Saint Margaret Mary Church,,,,,
St. Margaret Mary [Parish of the Holy Spirit],"33 Arch St, Keene, New Hampshire 03431",(603) 352-3525,Mass,,5:30 PM,,Healing Mass,monthly,English,Saint Margaret Mary Church,first_friday_(recurring),,,,call office to confirm mass
St. Margaret Mary [Parish of the Holy Spirit],"33 Arch St, Keene, New Hampshire 03431",(603) 352-3525,Mass,,9:00 AM,,Christmas Mass Schedule,special_event,English,St. Margaret Mary Church,,2025-12-25,,,Christmas Mass Schedule
St. Margaret Mary [Parish of the Holy Spirit],"33 Arch St, Keene, New Hampshire 03431",(603) 352-3525,Confession,Sat,3:00 PM,,Confessions,saturday,English,Saint Margaret Mary Church,,,,,
St. Margaret Mary [Parish of the Holy Spirit],"33 Arch St, Keene, New Hampshire 03431",(603) 352-3525,Confession,,4:30 PM,,Confessions,monthly,English,Saint Margaret Mary Church,first_friday_(recurring),,,,before 17:30 Mass
St. Mark,"169 Delabarre Ave, Conway, Massachusetts 01341",(413) 665-4535,Mass,Mon,8:00 AM,,Mass,weekday,English,,,,,,
St. Mark,"1251 N Ave, Burlington, Vermont 05408",(802) 864-7686,Mass,Mon,9:00 AM,,Mass,weekday,english,,,,,,
St. Mark,"169 Delabarre Ave, Conway, Massachusetts 01341",(413) 665-4535,Mass,Tue,8:00 AM,,Mass,weekday,English,,,,,,
St. Mark,"400 W St, Pittsfield, Massachusetts 01201",(413) 447-7510,Mass,Tue,8:00 AM,,Mass,specific_weekday,english,St. Mark's Church,,,,,
St. Mark,"1251 N Ave, Burlington, Vermont 05408",(802) 864-7686,Mass,Tue,9:00 AM,,Mass,weekday,english,,,,,,
St. Mark,"1251 N Ave, Burlington, Vermont 05408",(802) 864-7686,Mass,Wed,6:00 PM,,Mass,specific_weekday,english,,,,,,
St. Mark,"169 Delabarre Ave, Conway, Massachusetts 01341",(413) 665-4535,Mass,Wed,8:00 AM,,Mass,weekday,English,,,,,,
St. Mark,"400 W St, Pittsfield, Massachusetts 01201",(413) 447-7510,Mass,Wed,8:00 AM,,Mass,specific_weekday,english,St. Mark's Church,,,,,
St. Mark,"1251 N Ave, Burlington, Vermont 05408",(802) 864-7686,Mass,Wed,9:00 AM,,Mass,weekday,english,,,,,,
St. Mark,"169 Delabarre Ave, Conway, Massachusetts 01341",(413) 665-4535,Mass,Thu,8:00 AM,,Mass,weekday,English,,,,,,
St. Mark,"400 W St, Pittsfield, Massachusetts 01201",(413) 447-7510,Mass,Thu,8:00 AM,,Mass,specific_weekday,english,St. Mark's Church,,,,,
St. Mark,"1251 N Ave, Burlington, Vermont 05408",(802) 864-7686,Mass,Thu,9:00 AM,,Mass,weekday,english,,,,,,
St. Mark,"169 Delabarre Ave, Conway, Massachusetts 01341",(413) 665-4535,Mass,Fri,8:00 AM,,Mass,weekday,English,,,,,,
St. Mark,"400 W St, Pittsfield, Massachusetts 01201",(413) 447-7510,Mass,Fri,8:00 AM,,Mass,specific_weekday,english,St. Mark's Church,,,,,
St. Mark,"1251 N Ave, Burlington, Vermont 05408",(802) 864-7686,Mass,Fri,9:00 AM,,Mass,weekday,english,,,,,,
St. Mark,"1251 N Ave, Burlington, Vermont 05408",(802) 864-7686,Mass,Sat,4:00 PM,,Mass,saturday,english,,,,,,vigil; livestream
St. Mark,"169 Delabarre Ave, Conway, Massachusetts 01341",(413) 665-4535,Mass,Sat,4:00 PM,,Mass,saturday,English,,,,,,vigil; Vigil
St. Mark,"400 W St, Pittsfield, Massachusetts 01201",(413) 447-7510,Mass,Sat,4:00 PM,,Mass,saturday,english,St. Mark's Church,,,,,
St. Mark,"400 W St, Pittsfield, Massachusetts 01201",(413) 447-7510,Mass,Sat,5:30 PM,,Mass,saturday,spanish,St. Mark's Church,,,,,
St. Mark,"169 Delabarre Ave, Conway, Massachusetts 01341",(413) 665-4535,Mass,Sun,10:30 AM,,Mass,sunday,English,,,,,,
St. Mark,"400 W St, Pittsfield, Massachusetts 01201",(413) 447-7510,Mass,Sun,11:30 AM,,Mass,sunday,english,St. Mark's Church,,,,,note: West African Liturgy
St. Mark,"400 W St, Pittsfield, Massachusetts 01201",(413) 447-7510,Mass,Sun,7:00 AM,,Mass,sunday,english,St. Mark's Church,,,,,
St. Mark,"169 Delabarre Ave, Conway, Massachusetts 01341",(413) 665-4535,Mass,Sun,8:00 AM,,Mass,sunday,English,,,,,,
St. Mark,"1251 N Ave, Burlington, Vermont 05408",(802) 864-7686,Mass,Sun,8:30 AM,,Mass,sunday,english,,,,,,
St. Mark,"400 W St, Pittsfield, Massachusetts 01201",(413) 447-7510,Mass,Sun,9:30 AM,,Mass,sunday,english,St. Mark's Church,,,,,
St. Mark,"1251 N Ave, Burlington, Vermont 05408",(802) 864-7686,Mass,,9:00 AM,,Mass,monthly,english,,first_saturday_(recurring),,,,
St. Mark,"169 Delabarre Ave, Conway, Massachusetts 01341",(413) 665-4535,Confession,Wed,5:00 PM,,Confession,specific_weekday,English,,,,,,
St. Mark,"1251 N Ave, Burlington, Vermont 05408",(802) 864-7686,Confession,Wed,6:30 PM,7:30 PM,Confession,specific_weekday,English,,,,,,
St. Mark,"400 W St, Pittsfield, Massachusetts 01201",(413) 447-7510,Confession,Thu,6:00 AM,6:45 AM,Confession,specific_weekday,English,St. Mark's Church,,,,,
St. Mark,"400 W St, Pittsfield, Massachusetts 01201",(413) 447-7510,Confession,Thu,8:30 AM,,Confession,specific_weekday,English,,,,,,note: follows the 08:00 Mass during Lent
St. Mark,"1251 N Ave, Burlington, Vermont 05408",(802) 864-7686,Confession,Sat,3:00 PM,3:45 PM,Confession,saturday,English,,,,,,
St. Mark,"169 Delabarre Ave, Conway, Massachusetts 01341",(413) 665-4535,Confession,Sat,3:00 PM,3:45 PM,Confession,saturday,English,,,,,,
St. Mark,"400 W St, Pittsfield, Massachusetts 01201",(413) 447-7510,Confession,Sat,3:15 PM,4:00 PM,Confession,saturday,English,St. Mark's Church,,,,,
St. Mark,"400 W St, Pittsfield, Massachusetts 01201",(413) 447-7510,Confession,,7:00 PM,,Confessions,special_event,English,St. Mark's Church,,2026-02-18,,,Confessions; note: follows 18:00 Mass
St. Mark,"169 Delabarre Ave, Conway, Massachusetts 01341",(413) 665-4535,Confession,,TBD,,Confession,other,English,,,,,,by appointment
St. Mark,"169 Delabarre Ave, Conway, Massachusetts 01341",(413) 665-4535,Adoration,Wed,12:00 PM,6:00 PM,Adoration,specific_weekday,English,,,,,,
St. Mark,"1251 N Ave, Burlington, Vermont 05408",(802) 864-7686,Adoration,Wed,6:30 PM,7:30 PM,Adoration,specific_weekday,English,church,,,,,exposition; benediction
St. Mark,"400 W St, Pittsfield, Massachusetts 01201",(413) 447-7510,Adoration,Thu,6:00 PM,7:00 PM,Adoration,specific_weekday,English,St. Mark's Church,,,,,exposition
St. Mark,"169 Delabarre Ave, Conway, Massachusetts 01341",(413) 665-4535,Devotions,Wed,6:00 PM,,Benediction,specific_weekday,English,,,,,,
St. Mark,"400 W St, Pittsfield, Massachusetts 01201",(413) 447-7510,Devotions,Fri,6:30 PM,,Stations of the Cross,specific_weekday,spanish,,,,,,note: every Friday of Lent
St. Mark,"400 W St, Pittsfield, Massachusetts 01201",(413) 447-7510,Devotions,Fri,8:30 AM,,Stations of the Cross,specific_weekday,English,,,,,,note: follows the 08:00 Mass during Lent
St. Mark,"400 W St, Pittsfield, Massachusetts 01201",(413) 447-7510,Community,Fri,9:00 AM,10:30 AM,Food Pantry,other,English,,,,,,Last two of the month
St. Mark,"1251 N Ave, Burlington, Vermont 05408",(802) 864-7686,Other,,6:00 PM,,Ash Wednesday,special_event,english,,,2026-02-18,,,Ash Wednesday
St. Mark,"400 W St, Pittsfield, Massachusetts 01201",(413) 447-7510,Other,,6:00 PM,,Ash Wednesday,special_event,English,St. Mark's Church,,2026-02-18,,,Ash Wednesday
St. Mark,"169 Delabarre Ave, Conway, Massachusetts 01341",(413) 665-4535,Other,,7:00 PM,8:30 PM,Ignite Men's Ministry,parish_event,English,,,,,,mostly; note: see schedule for weekly meeting locations and times
St. Mark,"400 W St, Pittsfield, Massachusetts 01201",(413) 447-7510,Other,,8:00 AM,,Ash Wednesday,special_event,English,St. Mark's Church,,2026-02-18,,,Ash Wednesday
St. Mark,"1251 N Ave, Burlington, Vermont 05408",(802) 864-7686,Other,,9:00 AM,,Ash Wednesday,special_event,english,,,2026-02-18,,,Ash Wednesday
St. Mary,"22 Father Jogues Pl, Ticonderoga, New York 12883",(518) 585-7144,Mass,Mon,1:00 PM,2:00 PM,Mass,other,English,,,,,,nursing home ministry
St. Mary,"19 Congress St, Orange, Massachusetts 01364",(978) 544-2900,Mass,Mon,5:00 PM,,Mass,specific_weekday,English,St. Mary's Church,,,,,
St. Mary,"86 Church St, Champlain, New York 12919",(518) 298-8244,Mass,Mon,9:00 AM,,Mass,specific_weekday,english,St. Mary's Church,,,,,
St. Mary,"10 Pleasant St, Springfield, Vermont 05156",(802) 885-3400,Mass,Mon,9:00 AM,,Mass,specific_weekday,english,St. Mary's,,,,,
St. Mary,"22 Father Jogues Pl, Ticonderoga, New York 12883",(518) 585-7144,Mass,Mon,9:00 AM,,Mass,specific_weekday,English,St. Mary's,,,,,
St. Mary,"19 Congress St, Orange, Massachusetts 01364",(978) 544-2900,Mass,Tue,5:00 PM,,Mass,specific_weekday,English,St. Mary's Church,,,,,
St. Mary,"10 Pleasant St, Springfield, Vermont 05156",(802) 885-3400,Mass,Tue,5:30 PM,,Mass,specific_weekday,english,St. Mary's,,,,,
St. Mary,"19 Congress St, Orange, Massachusetts 01364",(978) 544-2900,Mass,Wed,5:00 PM,,Mass,specific_weekday,English,St. Mary's Church,,,,,
St. Mary,"86 Church St, Champlain, New York 12919",(518) 298-8244,Mass,Wed,9:00 AM,,Mass,specific_weekday,english,St. Mary's Church,,,,,
St. Mary,"19 Congress St, Orange, Massachusetts 01364",(978) 544-2900,Mass,Thu,5:00 PM,,Mass,specific_weekday,English,St. Mary's Church,,,,,
St. Mary,"86 Church St, Champlain, New York 12919",(518) 298-8244,Mass,Thu,9:00 AM,,Mass,specific_weekday,english,St. Mary's Church,,,,,
St. Mary,"86 Church St, Champlain, New York 12919",(518) 298-8244,Mass,Fri,9:00 AM,,Mass,specific_weekday,english,St. Mary's Church,,,,,
St. Mary,"10 Pleasant St, Springfield, Vermont 05156",(802) 885-3400,Mass,Fri,9:00 AM,,Mass,specific_weekday,english,St. Mary's,,,,,
St. Mary,"22 Father Jogues Pl, Ticonderoga, New York 12883",(518) 585-7144,Mass,Fri,9:00 AM,,Mass,specific_weekday,English,St. Mary's,,,,,
St. Mary,"86 Church St, Champlain, New York 12919",(518) 298-8244,Mass,Sat,4:00 PM,,Mass,saturday,english,St. Mary's Church,,,,,vigil
St. Mary,"32 Pearl St, Claremont, New Hampshire 03743",(603) 542-9518,Mass,Sat,4:00 PM,,Vigil Mass,saturday,English,,,,,,
St. Mary,"19 Congress St, Orange, Massachusetts 01364",(978) 544-2900,Mass,Sat,4:00 PM,,Mass,saturday,English,St. Mary's Church,,,,,
St. Mary,"22 Father Jogues Pl, Ticonderoga, New York 12883",(518) 585-7144,Mass,Sat,4:00 PM,,Mass,saturday,English,St. Mary's,,,,,vigil
St. Mary,"86 Church St, Champlain, New York 12919",(518) 298-8244,Mass,Sun,10:00 AM,,Mass,sunday,english,St. Mary's Church,,,,,
St. Mary,"19 Congress St, Orange, Massachusetts 01364",(978) 544-2900,Mass,Sun,10:00 AM,,Mass,sunday,English,St. Mary's Church,,,,,
St. Mary,"32 Pearl St, Claremont, New Hampshire 03743",(603) 542-9518,Mass,Sun,10:30 AM,,Mass,sunday,English,,,,,,
St. Mary,"86 Church St, Champlain, New York 12919",(518) 298-8244,Mass,Sun,8:00 AM,,Mass,sunday,english,St. Mary's Church,,,,,
St. Mary,"32 Pearl St, Claremont, New Hampshire 03743",(603) 542-9518,Mass,Sun,8:00 AM,,Mass,sunday,English,,,,,,
St. Mary,"10 Pleasant St, Springfield, Vermont 05156",(802) 885-3400,Mass,Sun,9:00 AM,,Mass,sunday,english,St. Mary’s,,,,,
St. Mary,"22 Father Jogues Pl, Ticonderoga, New York 12883",(518) 585-7144,Mass,Sun,9:30 AM,,Mass,sunday,English,St. Mary's,,,,,
St. Mary,"19 Congress St, Orange, Massachusetts 01364",(978) 544-2900,Mass,,5:00 PM,,Assumption of the Blessed Virgin Mary Vigil,special_event,English,St. Mary's Church,,2025-08-14,,,Assumption of the Blessed Virgin Mary Vigil
St. Mary,"19 Congress St, Orange, Massachusetts 01364",(978) 544-2900,Mass,,5:00 PM,,All Saints Vigil,special_event,English,St. Mary's Church,,2025-10-31,,,All Saints Vigil
St. Mary,"19 Congress St, Orange, Massachusetts 01364",(978) 544-2900,Mass,,5:00 PM,,Immaculate Conception Vigil,special_event,English,St. Mary's Church,,2025-12-07,,,Immaculate Conception Vigil
St. Mary,"19 Congress St, Orange, Massachusetts 01364",(978) 544-2900,Mass,,5:00 PM,,Christmas Vigil,special_event,English,St. Mary's Church,,2025-12-24,,,Christmas Vigil
St. Mary,"32 Pearl St, Claremont, New Hampshire 03743",(603) 542-9518,Mass,,9:00 AM,,Mass,special_event,English,,,2026-01-16,,,Canceled due to Funeral Mass
St. Mary,"10 Pleasant St, Springfield, Vermont 05156",(802) 885-3400,Confession,Tue,6:00 PM,6:30 PM,Confession,specific_weekday,English,St. Mary's,,,,,note: Times may vary depending on length of Mass
St. Mary,"19 Congress St, Orange, Massachusetts 01364",(978) 544-2900,Confession,Sat,3:00 PM,,Confession,saturday,English,St. Mary's Church,,,,,
St. Mary,"22 Father Jogues Pl, Ticonderoga, New York 12883",(518) 585-7144,Confession,Sat,3:00 PM,3:45 PM,Reconciliation,saturday,English,St. Mary's,,,,,
St. Mary,"22 Father Jogues Pl, Ticonderoga, New York 12883",(518) 585-7144,Confession,Sat,3:30 PM,4:00 PM,Reconciliation,saturday,English,St. Mary's,,,,,
St. Mary,"19 Congress St, Orange, Massachusetts 01364",(978) 544-2900,Confession,,TBD,,Confession,parish_event,English,St. Mary's Church,,,,,By Appointment TIME_TBD; note: Call the Office and Schedule At Your Convenience With Father Mark
St. Mary,"10 Pleasant St, Springfield, Vermont 05156",(802) 885-3400,Confession,,TBD,,Confessions,specific_weekday,English,,,,,,anytime by appointment
St. Mary,"22 Father Jogues Pl, Ticonderoga, New York 12883",(518) 585-7144,Devotions,Mon,9:30 AM,,Rosary,specific_weekday,English,St. Mary's,,,,,
St. Mary,"22 Father Jogues Pl, Ticonderoga, New York 12883",(518) 585-7144,Devotions,Thu,10:30 AM,,Rosary,specific_weekday,English,St. Mary's,,,,,
St. Mary,"22 Father Jogues Pl, Ticonderoga, New York 12883",(518) 585-7144,Devotions,Fri,3:00 PM,,Divine Mercy Chaplet,specific_weekday,English,St. Mary's,,,,,
St. Mary,"22 Father Jogues Pl, Ticonderoga, New York 12883",(518) 585-7144,Devotions,Fri,9:30 AM,,Miraculous Medal Novena,specific_weekday,English,St. Mary's,,,,,
St. Mary,"19 Congress St, Orange, Massachusetts 01364",(978) 544-2900,Other,Mon,9:00 AM,5:30 PM,Open for visits and prayer,specific_weekday,English,St. Mary's Church,,,,,note: spend quiet time with our Lord
St. Mary,"19 Congress St, Orange, Massachusetts 01364",(978) 544-2900,Other,Tue,9:00 AM,5:30 PM,Open for visits and prayer,specific_weekday,English,St. Mary's Church,,,,,note: spend quiet time with our Lord
St. Mary,"19 Congress St, Orange, Massachusetts 01364",(978) 544-2900,Other,Wed,9:00 AM,5:30 PM,Open for visits and prayer,specific_weekday,English,St. Mary's Church,,,,,note: spend quiet time with our Lord
St. Mary,"19 Congress St, Orange, Massachusetts 01364",(978) 544-2900,Other,Thu,9:00 AM,5:30 PM,Open for visits and prayer,specific_weekday,English,St. Mary's Church,,,,,note: spend quiet time with our Lord
St. Mary,"19 Congress St, Orange, Massachusetts 01364",(978) 544-2900,Other,Fri,9:00 AM,5:30 PM,Open for visits and prayer,specific_weekday,English,St. Mary's Church,,,,,note: spend quiet time with our Lord
St. Mary,"19 Congress St, Orange, Massachusetts 01364",(978) 544-2900,Other,Sat,9:00 AM,5:30 PM,Open for visits and prayer,saturday,English,St. Mary's Church,,,,,note: spend quiet time with our Lord
St. Mary,"10 Pleasant St, Springfield, Vermont 05156",(802) 885-3400,Other,,10:00 AM,,Coffee Hour,parish_event,English,St. Mary’s,,,,,follows 09:00 Mass
St. Mary,"10 Pleasant St, Springfield, Vermont 05156",(802) 885-3400,Other,,10:00 AM,,Coffee Hour,parish_event,English,St. Mary's,,,,,follows 09:00 Mass
St. Mary,"22 Father Jogues Pl, Ticonderoga, New York 12883",(518) 585-7144,Other,,10:30 AM,,Advent Wreath Making,special_event,English,St. Mary's Social Hall,,2025-11-30,,,Advent Wreath Making; after the 9:30 AM Mass
St. Mary,"19 Congress St, Orange, Massachusetts 01364",(978) 544-2900,Other,,12:00 PM,,Assumption of the Blessed Virgin Mary,special_event,English,St. Mary's Church,,2025-08-15,,,Assumption of the Blessed Virgin Mary
St. Mary,"19 Congress St, Orange, Massachusetts 01364",(978) 544-2900,Other,,12:00 PM,,All Saints Day,special_event,English,St. Mary's Church,,2025-11-01,,,All Saints Day
St. Mary,"19 Congress St, Orange, Massachusetts 01364",(978) 544-2900,Other,,12:00 PM,,Immaculate Conception,special_event,English,St. Mary's Church,,2025-12-08,,,Immaculate Conception
St. Mary,"19 Congress St, Orange, Massachusetts 01364",(978) 544-2900,Other,,12:00 PM,,Christmas Day,special_event,English,St. Mary's Church,,2025-12-25,,,Christmas Day
St. Mary,"19 Congress St, Orange, Massachusetts 01364",(978) 544-2900,Other,,12:00 PM,,"Mary, Mother of God",special_event,English,St. Mary's Church,,2026-01-01,,,"Mary, Mother of God"
St. Mary,"22 Father Jogues Pl, Ticonderoga, New York 12883",(518) 585-7144,Other,,3:00 PM,5:00 PM,Community Turkey Dinner,special_event,English,St. Mary's School,,2025-11-23,,,Community Turkey Dinner; ALL ARE WELCOME TO ATTEND
St. Mary,"19 Congress St, Orange, Massachusetts 01364",(978) 544-2900,Other,,5:00 PM,,Assumption of the Blessed Virgin Mary,special_event,English,St. Mary's Church,,2025-08-15,,,Assumption of the Blessed Virgin Mary
St. Mary,"19 Congress St, Orange, Massachusetts 01364",(978) 544-2900,Other,,5:00 PM,,All Saints Day,special_event,English,St. Mary's Church,,2025-11-01,,,All Saints Day
St. Mary,"19 Congress St, Orange, Massachusetts 01364",(978) 544-2900,Other,,5:00 PM,,Immaculate Conception,special_event,English,St. Mary's Church,,2025-12-08,,,Immaculate Conception
St. Mary,"19 Congress St, Orange, Massachusetts 01364",(978) 544-2900,Other,,5:00 PM,,Christmas Day,special_event,English,St. Mary's Church,,2025-12-25,,,Christmas Day
St. Mary,"19 Congress St, Orange, Massachusetts 01364",(978) 544-2900,Other,,5:00 PM,,"Mary, Mother of God",special_event,English,St. Mary's Church,,2026-01-01,,,"Mary, Mother of God"
St. Mary,"22 Father Jogues Pl, Ticonderoga, New York 12883",(518) 585-7144,Other,,6:00 PM,,Movie: The King of Kings,special_event,English,St. Mary's Social Hall,,2025-11-21,,,Movie: The King of Kings; family
St. Mary,"22 Father Jogues Pl, Ticonderoga, New York 12883",(518) 585-7144,Other,,6:30 PM,,Movie: Cabrini,special_event,English,St. Mary's Social Hall,,2025-11-19,,,Movie: Cabrini; Free popcorn and beverages!
St. Mary,"22 Father Jogues Pl, Ticonderoga, New York 12883",(518) 585-7144,Other,,TBD,,PARISH CARE AREA PILGRIMAGE,special_event,English,,,2025-08-21,,,PARISH CARE AREA PILGRIMAGE TIME_TBD
St. Mary Catholic Church,"32 Pearl St, Claremont, NH 03743",+1-603-542-9518,Mass,Sat,4:00 PM,,Vigil Mass,saturday,English,,,,,,
St. Mary Catholic Church,"1157 US Rte 4, Canaan, New Hampshire 03741",(603) 632-4263,Mass,Sun,10:00 AM,,Mass,sunday,English,St. Mary's Mission - CANAAN,,,,,
St. Mary Catholic Church,"32 Pearl St, Claremont, NH 03743",+1-603-542-9518,Mass,Sun,10:30 AM,,Mass,sunday,English,,,,,,
St. Mary Catholic Church,"32 Pearl St, Claremont, NH 03743",+1-603-542-9518,Mass,Sun,8:00 AM,,Mass,sunday,English,,,,,,
St. Mary Catholic Church,"32 Pearl St, Claremont, NH 03743",+1-603-542-9518,Mass,,9:00 AM,,Mass,special_event,English,,,2026-01-16,,,Canceled due to Funeral Mass
St. Mary Catholic Church,"1157 US Rte 4, Canaan, New Hampshire 03741",(603) 632-4263,Confession,Sun,9:30 AM,9:45 AM,Confessions,sunday,English,St. Mary's,,,,,
St. Mary Catholic Church,"1157 US Rte 4, Canaan, New Hampshire 03741",(603) 632-4263,Other,,12:00 AM,,Community Dinner –,special_event,English,,,2026-01-25,,,Community Dinner –TIME_TBD; check bulletin
St. Mary Star of the Sea,"191 Clermont Ter, Newport, Vermont 05855",802-334-5066,Mass,Mon,9:00 AM,,Mass,specific_weekday,english,"St. Mary, Star of the Sea, Newport",,,,,
St. Mary Star of the Sea,"191 Clermont Ter, Newport, Vermont 05855",802-334-5066,Mass,Wed,5:00 PM,,Mass,specific_weekday,english,"St. Mary, Star of the Sea Church, Newport",,,,,
St. Mary Star of the Sea,"191 Clermont Ter, Newport, Vermont 05855",802-334-5066,Mass,Sat,4:00 PM,,Mass,saturday,english,"St. Mary, Star of the Sea, Newport",,,,,vigil
St. Mary Star of the Sea,"191 Clermont Ter, Newport, Vermont 05855",802-334-5066,Mass,Sat,9:00 AM,,Mass,specific_weekday,english,"St. Mary, Star of the Sea, Newport",,,,,
St. Mary Star of the Sea,"191 Clermont Ter, Newport, Vermont 05855",802-334-5066,Mass,Sun,10:00 AM,,Mass,sunday,english,"St. Mary, Star of the Sea, Newport",,,,,
St. Mary Star of the Sea,"191 Clermont Ter, Newport, Vermont 05855",802-334-5066,Mass,,12:00 PM,,Ash Wednesday Mass,special_event,English,"St. Mary, Star of the Sea Church, Newport",,2026-02-18,,,Ash Wednesday Mass
St. Mary Star of the Sea,"191 Clermont Ter, Newport, Vermont 05855",802-334-5066,Mass,,4:00 PM,,Ash Wednesday Mass,special_event,English,"St. Mary, Star of the Sea Church, Newport",,2026-02-18,,,Ash Wednesday Mass
St. Mary Star of the Sea,"191 Clermont Ter, Newport, Vermont 05855",802-334-5066,Mass,,9:00 AM,,Ash Wednesday Mass,special_event,English,"St. Mary, Star of the Sea Church, Newport",,2026-02-18,,,Ash Wednesday Mass
St. Mary Star of the Sea,"191 Clermont Ter, Newport, Vermont 05855",802-334-5066,Confession,Sat,3:00 PM,4:00 PM,Confession,saturday,English,"St. Mary, Star of the Sea, Newport",,,,,
St. Mary Star of the Sea,"191 Clermont Ter, Newport, Vermont 05855",802-334-5066,Adoration,Wed,9:30 AM,12:00 PM,Adoration,specific_weekday,English,St. Mary's Newport,,,,,exposition; note: Pray with Vocationist Fathers
St. Mary Star of the Sea,"191 Clermont Ter, Newport, Vermont 05855",802-334-5066,Devotions,Mon,8:30 AM,,Holy Rosary,specific_weekday,English,"St. Mary, Newport",,,,,
St. Mary Star of the Sea,"191 Clermont Ter, Newport, Vermont 05855",802-334-5066,Devotions,Tue,8:30 AM,,Holy Rosary,specific_weekday,English,"St. Mary, Newport",,,,,
St. Mary Star of the Sea,"191 Clermont Ter, Newport, Vermont 05855",802-334-5066,Devotions,Wed,8:30 AM,,Holy Rosary,specific_weekday,English,"St. Mary, Newport",,,,,
St. Mary Star of the Sea,"191 Clermont Ter, Newport, Vermont 05855",802-334-5066,Devotions,Thu,8:30 AM,,Holy Rosary,specific_weekday,English,"St. Mary, Newport",,,,,
St. Mary Star of the Sea,"191 Clermont Ter, Newport, Vermont 05855",802-334-5066,Devotions,Fri,8:30 AM,,Holy Rosary,specific_weekday,English,"St. Mary, Newport",,,,,
St. Mary Star of the Sea,"191 Clermont Ter, Newport, Vermont 05855",802-334-5066,Other,,10:00 AM,11:00 AM,CFF,monthly,English,,second_sunday,,,,Second; tags: family
St. Mary Star of the Sea,"191 Clermont Ter, Newport, Vermont 05855",802-334-5066,Other,,7:00 PM,8:00 PM,Mystagogy,monthly,English,St. Mary's,last_thursday,,,,Last
St. Mary of the Assumption,"312 N Main St, Cambridge, Vermont 05444",(802) 644-5073,Mass,Tue,5:00 PM,,Mass,specific_weekday,english,"St. Mary's, Cambridge, VT",,,,,2nd & 4th
St. Mary of the Assumption,"312 N Main St, Cambridge, Vermont 05444",(802) 644-5073,Mass,Wed,8:00 AM,,Mass,specific_weekday,english,"St. Mary's, Cambridge, VT",,,,,
St. Mary of the Assumption,"312 N Main St, Cambridge, Vermont 05444",(802) 644-5073,Mass,Sat,6:30 PM,,Mass,saturday,english,"St. Mary's, Cambridge, VT",,,,,vigil
St. Mary of the Assumption,"312 N Main St, Cambridge, Vermont 05444",(802) 644-5073,Mass,Sun,10:30 AM,,Mass,sunday,english,"St. Mary's, Cambridge, VT",,,,,
St. Mary of the Assumption,"312 N Main St, Cambridge, Vermont 05444",(802) 644-5073,Mass,,11:00 AM,,Christmas Day Mass,special_event,English,St. Marys,,2025-12-25,,,Christmas Day Mass
St. Mary of the Assumption,"Lands End Rd, Huletts Landing, New York 12841",,Mass,,5:00 PM,,Concluding Mass for the 2025 Jubilee Year of Hope,special_event,English,"Cathedral of the Immaculate Conception, 125 Eagle Street in Albany",,2025-12-28,,,Concluding Mass for the 2025 Jubilee Year of Hope; Join Bishop Mark O'Connell for the Mass concluding this Jubilee Year of Hope.
St. Mary of the Assumption,"312 N Main St, Cambridge, Vermont 05444",(802) 644-5073,Mass,,7:00 PM,,Christmas Eve Mass,special_event,English,St. Marys,,2025-12-24,,,Christmas Eve Mass; vigil
St. Mary of the Assumption,"312 N Main St, Cambridge, Vermont 05444",(802) 644-5073,Confession,Wed,8:30 AM,,Confession,specific_weekday,English,St. Mary's Church,,,,,After 8am Mass
St. Mary of the Assumption,"312 N Main St, Cambridge, Vermont 05444",(802) 644-5073,Confession,Sat,6:00 PM,6:20 PM,Confession,saturday,English,St. Mary's Church,,,,,
St. Mary of the Assumption,"312 N Main St, Cambridge, Vermont 05444",(802) 644-5073,Adoration,Tue,5:00 PM,6:00 PM,Adoration,specific_weekday,English,St. Mary's Church,,,,,2nd; before Mass
St. Mary of the Assumption,"312 N Main St, Cambridge, Vermont 05444",(802) 644-5073,Other,,9:00 AM,10:00 AM,Bone Builders,special_event,English,,,2026-01-16,,,Bone Builders
St. Mary of the Assumption Parish,"159 Church St, Cheshire, Massachusetts 01225",(413) 743-2110,Mass,Mon,8:30 AM,,Mass,specific_weekday,English,Notre Dame,,,,,Summer Only
St. Mary of the Assumption Parish,"159 Church St, Cheshire, Massachusetts 01225",(413) 743-2110,Mass,Wed,8:30 AM,,Mass,specific_weekday,English,St. Mary's,,,,,
St. Mary of the Assumption Parish,"159 Church St, Cheshire, Massachusetts 01225",(413) 743-2110,Mass,Thu,8:30 AM,,Mass,specific_weekday,English,St. Mary's,,,,,
St. Mary of the Assumption Parish,"159 Church St, Cheshire, Massachusetts 01225",(413) 743-2110,Mass,Sun,9:45 AM,,Mass,sunday,english,St. Mary's,,,,,
St. Mary of the Assumption Parish,"159 Church St, Cheshire, Massachusetts 01225",(413) 743-2110,Adoration,Wed,9:00 AM,10:00 AM,Exposition,specific_weekday,English,St. Mary's,,,,,Adoration times are subject to change in order to accommodate funerals
St. Mary of the Assumption Parish,"159 Church St, Cheshire, Massachusetts 01225",(413) 743-2110,Adoration,Thu,9:00 AM,10:00 AM,Exposition,specific_weekday,English,St. Mary's,,,,,Adoration times are subject to change in order to accommodate funerals
St. Mary of the Assumption Parish,"159 Church St, Cheshire, Massachusetts 01225",(413) 743-2110,Devotions,Mon,8:00 AM,8:30 AM,Rosary,specific_weekday,English,,,,,,before 08:30 Mass
St. Mary of the Assumption Parish,"159 Church St, Cheshire, Massachusetts 01225",(413) 743-2110,Devotions,Tue,8:00 AM,8:30 AM,Rosary,specific_weekday,English,,,,,,before 08:30 Mass
St. Mary of the Assumption Parish,"159 Church St, Cheshire, Massachusetts 01225",(413) 743-2110,Devotions,Wed,8:00 AM,8:30 AM,Rosary,specific_weekday,English,,,,,,before 08:30 Mass
St. Mary of the Assumption Parish,"159 Church St, Cheshire, Massachusetts 01225",(413) 743-2110,Devotions,Thu,8:00 AM,8:30 AM,Rosary,specific_weekday,English,,,,,,before 08:30 Mass
St. Matthew [Gate of Heaven Parish],"9 Jefferson Rd, Whitefield, New Hampshire 03598",(603) 788-2083 or (603) 788-5553 (Emergencies only),Mass,Sun,10:00 AM,,Mass,sunday,English,,,,,,livestream
St. Matthew [Gate of Heaven Parish],"9 Jefferson Rd, Whitefield, New Hampshire 03598",(603) 788-2083 or (603) 788-5553 (Emergencies only),Community,,6:00 PM,7:00 PM,KofC #1624 Planning Meeting,special_event,English,St. Joseph's Room,,2026-02-02,,,KofC #1624 Planning Meeting; note: Dinner 18:00; Rosary 18:30; Business Meeting 19:00-20:00
St. Matthew [Gate of Heaven Parish],"9 Jefferson Rd, Whitefield, New Hampshire 03598",(603) 788-2083 or (603) 788-5553 (Emergencies only),Other,,3:00 PM,5:00 PM,Cenacle of St. Monica,special_event,English,,,2026-01-29,,,Cenacle of St. Monica
St. Matthew [Gate of Heaven Parish],"9 Jefferson Rd, Whitefield, New Hampshire 03598",(603) 788-2083 or (603) 788-5553 (Emergencies only),Other,,3:00 PM,5:00 PM,Cenacle of St. Monica,special_event,English,,,2026-02-12,,,Cenacle of St. Monica
St. Michael,"47 Walnut St, Brattleboro, Vermont 05301",(802) 257-5101,Mass,Tue,5:15 PM,,Mass,specific_weekday,english,,,,,,
St. Michael,"47 Walnut St, Brattleboro, Vermont 05301",(802) 257-5101,Mass,Wed,8:45 AM,,Mass,specific_weekday,english,,,,,,
St. Michael,"47 Walnut St, Brattleboro, Vermont 05301",(802) 257-5101,Mass,Thu,5:15 PM,,Mass,specific_weekday,english,,,,,,
St. Michael,"47 Walnut St, Brattleboro, Vermont 05301",(802) 257-5101,Mass,Fri,9:00 AM,,Mass,specific_weekday,english,,,,,,
St. Michael,"47 Walnut St, Brattleboro, Vermont 05301",(802) 257-5101,Mass,Sat,4:00 PM,,Mass,saturday,english,,,,,,vigil
St. Michael,"47 Walnut St, Brattleboro, Vermont 05301",(802) 257-5101,Mass,Sun,10:30 AM,,Mass,sunday,english,,,,,,
St. Michael,"47 Walnut St, Brattleboro, Vermont 05301",(802) 257-5101,Mass,Sun,8:00 AM,,Mass,sunday,english,,,,,,
St. Michael,"47 Walnut St, Brattleboro, Vermont 05301",(802) 257-5101,Mass,,7:00 PM,,Ash Wednesday Mass,special_event,English,,,2026-02-18,,,Ash Wednesday Mass
St. Michael,"47 Walnut St, Brattleboro, Vermont 05301",(802) 257-5101,Mass,,8:45 AM,,Ash Wednesday Mass,special_event,English,,,2026-02-18,,,Ash Wednesday Mass
St. Michael,"47 Walnut St, Brattleboro, Vermont 05301",(802) 257-5101,Confession,Tue,5:45 PM,,Confession,specific_weekday,English,,,,,,After the 17:15 Mass
St. Michael,"47 Walnut St, Brattleboro, Vermont 05301",(802) 257-5101,Confession,Wed,9:15 AM,,Confession,specific_weekday,English,,,,,,After the 08:45 Mass
St. Michael,"47 Walnut St, Brattleboro, Vermont 05301",(802) 257-5101,Confession,Thu,5:45 PM,,Confession,specific_weekday,English,,,,,,After the 17:15 Mass
St. Michael,"47 Walnut St, Brattleboro, Vermont 05301",(802) 257-5101,Confession,Fri,9:30 AM,,Confession,specific_weekday,English,,,,,,After 09:00 Mass
St. Michael,"47 Walnut St, Brattleboro, Vermont 05301",(802) 257-5101,Confession,Sat,2:45 PM,3:30 PM,Confession,saturday,English,,,,,,and by appointment
St. Michael,"47 Walnut St, Brattleboro, Vermont 05301",(802) 257-5101,Adoration,Wed,9:30 AM,3:00 PM,Adoration,specific_weekday,English,Chapel,,,,,exposition
St. Michael,"47 Walnut St, Brattleboro, Vermont 05301",(802) 257-5101,Adoration,Thu,10:00 AM,4:00 PM,Adoration,specific_weekday,English,Chapel,,,,,exposition
St. Michael,"47 Walnut St, Brattleboro, Vermont 05301",(802) 257-5101,Adoration,Fri,9:30 AM,2:45 PM,Adoration,specific_weekday,English,Church,,,,,exposition
St. Michael,"47 Walnut St, Brattleboro, Vermont 05301",(802) 257-5101,Devotions,Mon,4:30 PM,,Evening Prayer,specific_weekday,English,,,,,,
St. Michael,"47 Walnut St, Brattleboro, Vermont 05301",(802) 257-5101,Devotions,Tue,5:45 PM,,Evening Prayer,specific_weekday,English,,,,,,
St. Michael,"47 Walnut St, Brattleboro, Vermont 05301",(802) 257-5101,Devotions,Tue,8:00 AM,,Morning Prayer,specific_weekday,English,,,,,,
St. Michael,"47 Walnut St, Brattleboro, Vermont 05301",(802) 257-5101,Devotions,Wed,4:30 PM,,Evening Prayer,specific_weekday,English,,,,,,
St. Michael,"47 Walnut St, Brattleboro, Vermont 05301",(802) 257-5101,Devotions,Wed,8:00 AM,,Morning Prayer,specific_weekday,English,,,,,,
St. Michael,"47 Walnut St, Brattleboro, Vermont 05301",(802) 257-5101,Devotions,Thu,4:30 PM,,Evening Prayer,specific_weekday,English,,,,,,
St. Michael,"47 Walnut St, Brattleboro, Vermont 05301",(802) 257-5101,Devotions,Thu,8:00 AM,,Morning Prayer,specific_weekday,English,,,,,,
St. Michael,"47 Walnut St, Brattleboro, Vermont 05301",(802) 257-5101,Devotions,Fri,4:30 PM,,Evening Prayer,specific_weekday,English,,,,,,
St. Michael,"47 Walnut St, Brattleboro, Vermont 05301",(802) 257-5101,Devotions,Fri,8:00 AM,,Morning Prayer,specific_weekday,English,,,,,,
St. Michael,"47 Walnut St, Brattleboro, Vermont 05301",(802) 257-5101,Devotions,Sat,5:00 PM,,Evening Prayer,saturday,English,,,,,,
St. Michael,"47 Walnut St, Brattleboro, Vermont 05301",(802) 257-5101,Devotions,Sat,9:00 AM,,Morning Prayer,saturday,English,,,,,,
St. Michael,"47 Walnut St, Brattleboro, Vermont 05301",(802) 257-5101,Devotions,Sun,5:00 PM,,Evening Prayer,sunday,English,,,,,,
St. Michael,"47 Walnut St, Brattleboro, Vermont 05301",(802) 257-5101,Devotions,Sun,9:00 AM,,Morning Prayer,sunday,English,,,,,,
St. Michael,"47 Walnut St, Brattleboro, Vermont 05301",(802) 257-5101,Devotions,,2:45 PM,3:00 PM,Benediction,monthly,English,,first_friday_(recurring),,,,benediction
St. Michael the Archangel,"80 Saratoga Ave, South Glens Falls, New York 12803",(518) 792-5859,Mass,Mon,7:30 AM,,Mass,specific_weekday,English,"Our Lady of Annunciation, Aviation Road, Queensbury",,,,,
St. Michael the Archangel,"80 Saratoga Ave, South Glens Falls, New York 12803",(518) 792-5859,Mass,Tue,7:30 AM,,Mass,specific_weekday,English,"Our Lady of Annunciation, Aviation Road, Queensbury",,,,,
St. Michael the Archangel,"80 Saratoga Ave, South Glens Falls, New York 12803",(518) 792-5859,Mass,Tue,8:30 AM,,Mass,specific_weekday,English,St. Michael the Archangel,,,,,
St. Michael the Archangel,"80 Saratoga Ave, South Glens Falls, New York 12803",(518) 792-5859,Mass,Wed,7:30 AM,,Mass,specific_weekday,English,"Our Lady of Annunciation, Aviation Road, Queensbury",,,,,
St. Michael the Archangel,"80 Saratoga Ave, South Glens Falls, New York 12803",(518) 792-5859,Mass,Wed,8:30 AM,,Mass,specific_weekday,English,St. Michael the Archangel,,,,,
St. Michael the Archangel,"80 Saratoga Ave, South Glens Falls, New York 12803",(518) 792-5859,Mass,Wed,9:00 AM,,Mass,specific_weekday,English,,,,,,
St. Michael the Archangel,"80 Saratoga Ave, South Glens Falls, New York 12803",(518) 792-5859,Mass,Thu,8:30 AM,,Mass,specific_weekday,English,St. Michael the Archangel,,,,,
St. Michael the Archangel,"80 Saratoga Ave, South Glens Falls, New York 12803",(518) 792-5859,Mass,Fri,8:30 AM,,Mass,specific_weekday,English,St. Michael the Archangel,,,,,
St. Michael the Archangel,"80 Saratoga Ave, South Glens Falls, New York 12803",(518) 792-5859,Mass,Sat,4:00 PM,,Vigil Mass,saturday,English,,,,,,vigil
St. Michael the Archangel,"80 Saratoga Ave, South Glens Falls, New York 12803",(518) 792-5859,Mass,Sat,8:30 AM,,Mass,specific_weekday,English,St. Michael the Archangel,,,,,
St. Michael the Archangel,"80 Saratoga Ave, South Glens Falls, New York 12803",(518) 792-5859,Mass,Sun,10:00 AM,,Mass,sunday,English,,,,,,
St. Michael the Archangel,"80 Saratoga Ave, South Glens Falls, New York 12803",(518) 792-5859,Mass,Sun,11:00 AM,,Mass,sunday,English,,,,,,
St. Michael the Archangel,"80 Saratoga Ave, South Glens Falls, New York 12803",(518) 792-5859,Mass,Sun,5:30 PM,,Mass,sunday,English,,,,,,
St. Michael the Archangel,"80 Saratoga Ave, South Glens Falls, New York 12803",(518) 792-5859,Mass,Sun,8:00 AM,,Mass,sunday,English,,,,,,
St. Michael the Archangel,"80 Saratoga Ave, South Glens Falls, New York 12803",(518) 792-5859,Confession,Sat,3:00 PM,3:45 PM,Reconciliation,saturday,English,church,,,,,Confession
St. Monica,"79 Summer St, Barre, Vermont 05641",(802) 479-3253,Mass,Mon,5:00 PM,,Mass,weekday,english,St. Monica,,,,,
St. Monica,"79 Summer St, Barre, Vermont 05641",(802) 479-3253,Mass,Mon,7:00 AM,,Mass,weekday,english,St. Monica,,,,,
St. Monica,"79 Summer St, Barre, Vermont 05641",(802) 479-3253,Mass,Mon,7:00 AM,,Mass,specific_weekday,english,,,,,,
St. Monica,"79 Summer St, Barre, Vermont 05641",(802) 479-3253,Mass,Mon,8:15 AM,,Mass,weekday,english,St. Monica,,,,,
St. Monica,"79 Summer St, Barre, Vermont 05641",(802) 479-3253,Mass,Tue,5:00 PM,,Mass,weekday,english,St. Monica,,,,,
St. Monica,"79 Summer St, Barre, Vermont 05641",(802) 479-3253,Mass,Tue,5:00 PM,,Mass,specific_weekday,english,,,,,,
St. Monica,"79 Summer St, Barre, Vermont 05641",(802) 479-3253,Mass,Tue,7:00 AM,,Mass,weekday,english,St. Monica,,,,,
St. Monica,"79 Summer St, Barre, Vermont 05641",(802) 479-3253,Mass,Tue,8:15 AM,,Mass,weekday,english,St. Monica,,,,,
St. Monica,"79 Summer St, Barre, Vermont 05641",(802) 479-3253,Mass,Wed,5:00 PM,,Mass,weekday,english,St. Monica,,,,,
St. Monica,"79 Summer St, Barre, Vermont 05641",(802) 479-3253,Mass,Wed,7:00 AM,,Mass,weekday,english,St. Monica,,,,,
St. Monica,"79 Summer St, Barre, Vermont 05641",(802) 479-3253,Mass,Wed,8:15 AM,,Mass,specific_weekday,english,,,,,,
St. Monica,"79 Summer St, Barre, Vermont 05641",(802) 479-3253,Mass,Wed,8:15 AM,,Mass,weekday,english,St. Monica,,,,,
St. Monica,"79 Summer St, Barre, Vermont 05641",(802) 479-3253,Mass,Thu,5:00 PM,,Mass,specific_weekday,english,,,,,,
St. Monica,"79 Summer St, Barre, Vermont 05641",(802) 479-3253,Mass,Thu,5:00 PM,,Mass,weekday,english,St. Monica,,,,,
St. Monica,"79 Summer St, Barre, Vermont 05641",(802) 479-3253,Mass,Thu,7:00 AM,,Mass,weekday,english,St. Monica,,,,,
St. Monica,"79 Summer St, Barre, Vermont 05641",(802) 479-3253,Mass,Thu,8:15 AM,,Mass,weekday,english,St. Monica,,,,,
St. Monica,"79 Summer St, Barre, Vermont 05641",(802) 479-3253,Mass,Fri,5:00 PM,,Mass,weekday,english,St. Monica,,,,,
St. Monica,"79 Summer St, Barre, Vermont 05641",(802) 479-3253,Mass,Fri,7:00 AM,,Mass,specific_weekday,english,,,,,,
St. Monica,"79 Summer St, Barre, Vermont 05641",(802) 479-3253,Mass,Fri,7:00 AM,,Mass,weekday,english,St. Monica,,,,,
St. Monica,"79 Summer St, Barre, Vermont 05641",(802) 479-3253,Mass,Fri,8:15 AM,,Mass,weekday,english,St. Monica,,,,,
St. Monica,"79 Summer St, Barre, Vermont 05641",(802) 479-3253,Mass,Sat,4:00 PM,,Mass,saturday,english,St. Monica,,,,,
St. Monica,"79 Summer St, Barre, Vermont 05641",(802) 479-3253,Mass,Sun,10:45 AM,,Mass,sunday,english,St. Monica,,,,,
St. Monica,"79 Summer St, Barre, Vermont 05641",(802) 479-3253,Mass,Sun,11:00 AM,,Mass,sunday,English,St. Monica,,,,,note: starts May 2026
St. Monica,"79 Summer St, Barre, Vermont 05641",(802) 479-3253,Mass,Sun,4:15 PM,,Mass,sunday,english,St. Monica,,,,,
St. Monica,"79 Summer St, Barre, Vermont 05641",(802) 479-3253,Mass,Sun,7:30 AM,,Mass,sunday,english,St. Monica,,,,,
St. Monica,"79 Summer St, Barre, Vermont 05641",(802) 479-3253,Mass,,4:00 PM,,Sunday Vigil Mass,special_event,English,St. Monica,,2026-02-21,,,Sunday Vigil Mass
St. Monica,"79 Summer St, Barre, Vermont 05641",(802) 479-3253,Mass,,7:00 AM,,Daily Mass,special_event,English,,,2026-02-20,,,Daily Mass
St. Monica,"79 Summer St, Barre, Vermont 05641",(802) 479-3253,Mass,,7:00 PM,,Ash Wednesday Mass,special_event,English,St. Monica,,2026-02-18,,,Ash Wednesday Mass
St. Monica,"79 Summer St, Barre, Vermont 05641",(802) 479-3253,Mass,,8:15 AM,,Ash Wednesday School Mass,special_event,English,St. Monica,,2026-02-18,,,Ash Wednesday School Mass
St. Monica,"79 Summer St, Barre, Vermont 05641",(802) 479-3253,Confession,Sat,3:00 PM,3:45 PM,Confession,saturday,English,St. Monica,,,,,
St. Monica,"79 Summer St, Barre, Vermont 05641",(802) 479-3253,Confession,Sun,3:15 PM,3:45 PM,Confession,sunday,English,St. Monica,,,,,
St. Monica,"79 Summer St, Barre, Vermont 05641",(802) 479-3253,Confession,,3:00 PM,,Confessions,special_event,English,St. Monica,,2026-02-21,,,Confessions
St. Monica,"79 Summer St, Barre, Vermont 05641",(802) 479-3253,Adoration,Wed,9:00 AM,10:30 AM,Adoration,specific_weekday,English,,,,,,exposition
St. Monica,"79 Summer St, Barre, Vermont 05641",(802) 479-3253,Devotions,,7:00 PM,,Stations of the Cross - St. Monica ONLY,special_event,English,St. Monica,,2026-02-20,,,Stations of the Cross - St. Monica ONLY
St. Monica,"79 Summer St, Barre, Vermont 05641",(802) 479-3253,Devotions,,7:00 PM,8:00 PM,Stations of the Cross,parish_event,English,St. Monica,,,,,Lent
St. Patrick,"116 Church St, Fairfield, Vermont 05455",(802) 827-3203,Mass,Mon,12:05 PM,,Mass,weekday,English,,,,,,livestream
St. Patrick,"116 Church St, Fairfield, Vermont 05455",(802) 827-3203,Mass,Mon,8:30 AM,,Mass,specific_weekday,english,,,,,,
St. Patrick,"40 School St, Newport, New Hampshire 03773",(603) 863-1422,Mass,Mon,8:30 AM,,Mass,specific_weekday,English,St. Patrick Church,,,,,
St. Patrick,"138 Lake St, Rouses Point, New York 12979-1429",(518) 297-7361,Mass,Mon,9:00 AM,,Mass,specific_weekday,english,,,,,,check bulletin to confirm
St. Patrick,"116 Church St, Fairfield, Vermont 05455",(802) 827-3203,Mass,Tue,12:05 PM,,Mass,weekday,English,,,,,,livestream
St. Patrick,"218 N Main St, Wallingford, Vermont 05701",(802) 773-6820,Mass,Tue,5:30 PM,,Mass,specific_weekday,english,St Patrick,,,,,
St. Patrick,"40 School St, Newport, New Hampshire 03773",(603) 863-1422,Mass,Tue,6:00 PM,,Mass,specific_weekday,English,St. Patrick Church,,,,,
St. Patrick,"116 Church St, Fairfield, Vermont 05455",(802) 827-3203,Mass,Tue,8:30 AM,,Mass,specific_weekday,english,,,,,,
St. Patrick,"116 Church St, Fairfield, Vermont 05455",(802) 827-3203,Mass,Wed,12:05 PM,,Mass,weekday,English,,,,,,livestream
St. Patrick,"116 Church St, Fairfield, Vermont 05455",(802) 827-3203,Mass,Wed,8:30 AM,,Mass,specific_weekday,english,,,,,,
St. Patrick,"40 School St, Newport, New Hampshire 03773",(603) 863-1422,Mass,Wed,8:30 AM,,Mass,specific_weekday,English,St. Patrick Church,,,,,
St. Patrick,"17 S Park St, Cambridge, New York 12816",(518) 409-5226,Mass,Wed,9:00 AM,,Mass,specific_weekday,English,St. Patrick's - Cambridge,,,,,
St. Patrick,"138 Lake St, Rouses Point, New York 12979-1429",(518) 297-7361,Mass,Wed,9:00 AM,,Mass,specific_weekday,english,,,,,,check bulletin to confirm
St. Patrick,"116 Church St, Fairfield, Vermont 05455",(802) 827-3203,Mass,Thu,12:05 PM,,Mass,weekday,English,,,,,,livestream
St. Patrick,"40 School St, Newport, New Hampshire 03773",(603) 863-1422,Mass,Thu,6:00 PM,,Mass,specific_weekday,English,St. Patrick Church,,,,,
St. Patrick,"116 Church St, Fairfield, Vermont 05455",(802) 827-3203,Mass,Thu,8:30 AM,,Mass,specific_weekday,english,,,,,,
St. Patrick,"116 Church St, Fairfield, Vermont 05455",(802) 827-3203,Mass,Fri,12:05 PM,,Mass,weekday,English,,,,,,livestream
St. Patrick,"40 School St, Newport, New Hampshire 03773",(603) 863-1422,Mass,Fri,8:30 AM,,Mass,specific_weekday,English,St. Patrick Church,,,,,
St. Patrick,"40 School St, Newport, New Hampshire 03773",(603) 863-1422,Mass,Sat,4:00 PM,,Vigil Mass,saturday,English,St. Patrick Church,,,,,
St. Patrick,"12 St Patrick Pl, Port Henry, New York 12974",(518) 546-7254,Mass,Sat,4:00 PM,,Mass,saturday,English,"St. Patrick's Church, Port Henry",,,,,note: November-April
St. Patrick,"116 Church St, Fairfield, Vermont 05455",(802) 827-3203,Mass,Sat,5:30 PM,,Mass,saturday,english,St. Patrick,,,,,
St. Patrick,"40 School St, Newport, New Hampshire 03773",(603) 863-1422,Mass,Sat,8:30 AM,,Mass,saturday,English,St. Patrick Church,,,,,Rosary follows Sat. Mass
St. Patrick,"116 Church St, Fairfield, Vermont 05455",(802) 827-3203,Mass,Sun,10:00 AM,,Mass,sunday,English,,,,,,livestream
St. Patrick,"138 Lake St, Rouses Point, New York 12979-1429",(518) 297-7361,Mass,Sun,10:00 AM,,Mass,sunday,english,,,,,,
St. Patrick,"12 St Patrick Pl, Port Henry, New York 12974",(518) 546-7254,Mass,Sun,11:00 AM,,Mass,sunday,English,"St. Patrick's Church, Port Henry",,,,,
St. Patrick,"218 N Main St, Wallingford, Vermont 05701",(802) 773-6820,Mass,Sun,11:00 AM,,Mass,sunday,english,St Patrick,,,,,
St. Patrick,"17 S Park St, Cambridge, New York 12816",(518) 409-5226,Mass,Sun,11:30 AM,,Mass,sunday,English,St. Patrick's - Cambridge,,,,,
St. Patrick,"40 School St, Newport, New Hampshire 03773",(603) 863-1422,Mass,Sun,8:00 AM,,Solemn Mass,sunday,English,St. Patrick Church,,,,,
St. Patrick,"138 Lake St, Rouses Point, New York 12979-1429",(518) 297-7361,Mass,Sun,8:00 AM,,Mass,sunday,english,,,,,,
St. Patrick,"116 Church St, Fairfield, Vermont 05455",(802) 827-3203,Mass,Sun,9:00 AM,,Mass,sunday,english,St. Patrick,,,,,
St. Patrick,"218 N Main St, Wallingford, Vermont 05701",(802) 773-6820,Mass,,6:00 PM,,Ash Wednesday Mass,special_event,English,St Patrick,,2026-02-18,,,Ash Wednesday Mass; Ashes will be distributed
St. Patrick,"12 St Patrick Pl, Port Henry, New York 12974",(518) 546-7254,Confession,Mon,8:30 AM,,Confessions,specific_weekday,English,"St. Patrick's, Port Henry",,,,,
St. Patrick,"40 School St, Newport, New Hampshire 03773",(603) 863-1422,Confession,Tue,5:15 PM,5:45 PM,Confessions,specific_weekday,English,St. Patrick Church,,,,,
St. Patrick,"40 School St, Newport, New Hampshire 03773",(603) 863-1422,Confession,Thu,5:15 PM,5:45 PM,Confessions,specific_weekday,English,St. Patrick Church,,,,,
St. Patrick,"12 St Patrick Pl, Port Henry, New York 12974",(518) 546-7254,Confession,Sat,3:00 PM,,Confessions,saturday,English,"St. Patrick's, Port Henry",,,,,
St. Patrick,"40 School St, Newport, New Hampshire 03773",(603) 863-1422,Confession,Sat,9:00 AM,9:30 AM,Confessions,saturday,English,St. Patrick Church,,,,,
St. Patrick,"138 Lake St, Rouses Point, New York 12979-1429",(518) 297-7361,Confession,Sun,7:15 AM,7:45 AM,Confessions,sunday,English,,,,,,
St. Patrick,"138 Lake St, Rouses Point, New York 12979-1429",(518) 297-7361,Confession,Sun,9:30 AM,9:45 AM,Confessions,sunday,English,,,,,,
St. Patrick,"40 School St, Newport, New Hampshire 03773",(603) 863-1422,Adoration,Wed,9:00 AM,,Adoration of the Blessed Sacrament,other,English,St. Patrick Church,,,,,weekly; beginning Wednesday mornings following the 8:30 AM Mass and continuing through Thursday mornings at 9:00 AM
St. Patrick,"40 School St, Newport, New Hampshire 03773",(603) 863-1422,Adoration,Thu,9:00 AM,,Adoration of the Blessed Sacrament,other,English,St. Patrick Church,,,,,weekly; beginning Wednesday mornings following the 8:30 AM Mass and continuing through Thursday mornings at 9:00 AM
St. Patrick,"116 Church St, Fairfield, Vermont 05455",(802) 827-3203,Adoration,,9:00 AM,5:00 PM,Adoration,monthly,English,,first_wednesday,,,,First; exposition
St. Patrick,"218 N Main St, Wallingford, Vermont 05701",(802) 773-6820,Devotions,,12:00 PM,2:30 PM,Holy Hour,parish_event,English,,,,,,note: Adoration of the Blessed Sacrament
St. Patrick,"218 N Main St, Wallingford, Vermont 05701",(802) 773-6820,Devotions,,5:10 PM,6:00 PM,Holy Hour,parish_event,English,,,,,,note: Adoration of the Blessed Sacrament
St. Patrick,"218 N Main St, Wallingford, Vermont 05701",(802) 773-6820,Devotions,,6:30 PM,8:00 PM,Prayer Group,parish_event,English,,,,,,note: Hosted by Father Bernie
St. Patrick,"40 School St, Newport, New Hampshire 03773",(603) 863-1422,Private,,8:00 AM,,Church Open for Prayer,daily,English,St. Patrick Church,,,,,
St. Patrick ,"48 Church St, Hinsdale, Massachusetts 01235-0428",(413) 655-2208,Mass,Mon,8:30 AM,,Mass,weekday,English,,,,,,livestream
St. Patrick ,"48 Church St, Hinsdale, Massachusetts 01235-0428",(413) 655-2208,Mass,Tue,8:30 AM,,Mass,weekday,English,,,,,,livestream
St. Patrick ,"48 Church St, Hinsdale, Massachusetts 01235-0428",(413) 655-2208,Mass,Wed,8:30 AM,,Mass,weekday,English,,,,,,livestream
St. Patrick ,"48 Church St, Hinsdale, Massachusetts 01235-0428",(413) 655-2208,Mass,Thu,8:30 AM,,Mass,weekday,English,,,,,,livestream
St. Patrick ,"48 Church St, Hinsdale, Massachusetts 01235-0428",(413) 655-2208,Mass,Fri,8:30 AM,,Mass,weekday,English,,,,,,livestream
St. Patrick ,"48 Church St, Hinsdale, Massachusetts 01235-0428",(413) 655-2208,Mass,Sat,4:00 PM,,Mass,saturday,English,,,,,,livestream
St. Patrick ,"48 Church St, Hinsdale, Massachusetts 01235-0428",(413) 655-2208,Mass,Sun,10:00 AM,,Mass,sunday,English,,,,,,livestream
St. Patrick ,"1000 Rt 100-B, Moretown, Vermont 05660",(802) 244-7734,Mass,Sun,11:30 AM,,Mass,sunday,english,St. Patrick's Church,,,,,Moretown
St. Patrick ,"48 Church St, Hinsdale, Massachusetts 01235-0428",(413) 655-2208,Mass,Sun,5:30 PM,,Mass,sunday,English,,,,,,livestream; note: Sep - Jun
St. Patrick ,"48 Church St, Hinsdale, Massachusetts 01235-0428",(413) 655-2208,Mass,Sun,8:00 AM,,Mass,sunday,English,,,,,,livestream
St. Patrick ,"1000 Rt 100-B, Moretown, Vermont 05660",(802) 244-7734,Mass,,6:00 PM,,Pro-Life Mass,special_event,English,,,2025-06-21,,,Pro-Life Mass
St. Patrick ,"48 Church St, Hinsdale, Massachusetts 01235-0428",(413) 655-2208,Other,,5:00 PM,,Corned Beef Dinner,special_event,English,St. Agnes Academy,,2026-03-14,,,Corned Beef Dinner
St. Patrick ,"48 Church St, Hinsdale, Massachusetts 01235-0428",(413) 655-2208,Other,,5:00 PM,,Corned Beef Dinner,parish_event,English,St. Agnes Academy,,2026-03-14,,,note: Order deadline March 9th
St. Paul,"73 Church St, Orwell, Vermont 05760",(802) 671-8139,Mass,Mon,8:00 AM,,Mass,weekday,english,"St. Raphael, Poultney, VT",,,,,
St. Paul,"73 Church St, Orwell, Vermont 05760",(802) 671-8139,Mass,Tue,8:00 AM,,Mass,weekday,english,"St. Raphael, Poultney, VT",,,,,
St. Paul,"73 Church St, Orwell, Vermont 05760",(802) 671-8139,Mass,Wed,8:00 AM,,Mass,weekday,english,"St. Raphael, Poultney, VT",,,,,
St. Paul,"73 Church St, Orwell, Vermont 05760",(802) 671-8139,Mass,Thu,8:00 AM,,Mass,weekday,english,"St. Raphael, Poultney, VT",,,,,
St. Paul,"73 Church St, Orwell, Vermont 05760",(802) 671-8139,Mass,Fri,8:00 AM,,Mass,weekday,english,"St. Raphael, Poultney, VT",,,,,
St. Paul,"73 Church St, Orwell, Vermont 05760",(802) 671-8139,Mass,Sun,11:15 AM,,Mass,sunday,english,"St. Paul, Orwell, Vt",,,,,
St. Paul,"73 Church St, Orwell, Vermont 05760",(802) 671-8139,Mass,,TBD,,Vigil Mass,special_event,English,,,2025-08-14,,,Vigil Mass; Assumption of the Blessed Virgin Mary Holyday 2025
St. Paul,"73 Church St, Orwell, Vermont 05760",(802) 671-8139,Mass,,TBD,,Mass,special_event,English,,,2025-08-15,,,Mass; Assumption of the Blessed Virgin Mary Holyday 2025
St. Paul,"73 Church St, Orwell, Vermont 05760",(802) 671-8139,Mass,,TBD,,Vigil Mass,special_event,English,,,2025-11-26,,,Vigil Mass; Thanksgiving Masses 2025
St. Paul,"73 Church St, Orwell, Vermont 05760",(802) 671-8139,Mass,,TBD,,Mass,special_event,English,,,2025-11-27,,,Thanksgiving Masses 2025
St. Paul,"73 Church St, Orwell, Vermont 05760",(802) 671-8139,Mass,,TBD,,Vigil Mass,special_event,English,,,2025-12-24,,,Vigil Mass; Christmas Eve & Christmas Day Masses 2025
St. Paul,"73 Church St, Orwell, Vermont 05760",(802) 671-8139,Mass,,TBD,,Mass,special_event,English,,,2025-12-25,,,Christmas Eve & Christmas Day Masses 2025
St. Paul,"73 Church St, Orwell, Vermont 05760",(802) 671-8139,Confession,,10:30 AM,11:00 AM,Confession,parish_event,English,St. Paul Church,,,,,
St. Paul,"73 Church St, Orwell, Vermont 05760",(802) 671-8139,Confession,,TBD,,Confession,parish_event,English,,,,,,by appointment available - 802-671-8139
St. Paul,"73 Church St, Orwell, Vermont 05760",(802) 671-8139,Adoration,,12:00 PM,1:00 PM,Adoration,monthly,English,"St. Paul Church, Orwell, VT",fourth_sunday,,,,Fourth of Each Month; exposition; adoration
St. Paul,"73 Church St, Orwell, Vermont 05760",(802) 671-8139,Other,,12:00 AM,,Tea Cup Auction –,special_event,English,,,2026-01-23,,,Tea Cup Auction –TIME_TBD
St. Paul,"73 Church St, Orwell, Vermont 05760",(802) 671-8139,Other,,TBD,,Transitus Service,special_event,English,,,2025-10-03,,,Transitus Service TIME_TBD
St. Paul (All Saints on the Hudson Parish),"52 William St, Mechanicville, New York 12118",(518) 664-3354,Mass,Thu,9:00 AM,,Mass,specific_weekday,English,"Parish Center Chapel, Mechanicville",,,,,
St. Paul (All Saints on the Hudson Parish),"52 William St, Mechanicville, New York 12118",(518) 664-3354,Mass,Sat,4:00 PM,,Mass,saturday,English,"St. Paul's, Mechanicville",,,,,
St. Paul (All Saints on the Hudson Parish),"52 William St, Mechanicville, New York 12118",(518) 664-3354,Mass,Sun,10:30 AM,,Mass,sunday,English,"St. Paul's, Mechanicville",,,,,
St. Paul (All Saints on the Hudson Parish),"52 William St, Mechanicville, New York 12118",(518) 664-3354,Confession,Sat,3:15 PM,3:45 PM,Confession,saturday,English,St. Paul's Church,,,,,prior to 16:00 Mass; or by appointment
St. Peter,"114 Cornelia St, Plattsburgh, New York 12901",518-563-0730,Mass,Mon,12:05 PM,,Mass,weekday,english,St. Peter's,,,,,
St. Peter,"85 S Maple St, Vergennes, Vermont 05491",(802) 877-2367,Mass,Mon,12:05 PM,12:35 PM,Mass,other,English,,,,,,livestream
St. Peter,"134 Convent Ave, Rutland, Vermont 05701",(802) 775-1994,Mass,Mon,9:00 AM,,Mass,specific_weekday,english,St. Peter,,,,,note: always check bulletin for any changes
St. Peter,"85 S Maple St, Vergennes, Vermont 05491",(802) 877-2367,Mass,Mon,9:00 AM,,Mass,specific_weekday,english,"St. Peter's, Vergennes",,,,,
St. Peter,"114 Cornelia St, Plattsburgh, New York 12901",518-563-0730,Mass,Tue,12:05 PM,,Mass,weekday,english,St. Peter's,,,,,
St. Peter,"85 S Maple St, Vergennes, Vermont 05491",(802) 877-2367,Mass,Tue,12:05 PM,12:35 PM,Mass,other,English,,,,,,livestream
St. Peter,"114 Cornelia St, Plattsburgh, New York 12901",518-563-0730,Mass,Wed,12:05 PM,,Mass,weekday,english,St. Peter's,,,,,
St. Peter,"85 S Maple St, Vergennes, Vermont 05491",(802) 877-2367,Mass,Wed,12:05 PM,12:35 PM,Mass,other,English,,,,,,livestream
St. Peter,"114 Cornelia St, Plattsburgh, New York 12901",518-563-0730,Mass,Thu,12:05 PM,,Mass,weekday,english,St. Peter's,,,,,
St. Peter,"85 S Maple St, Vergennes, Vermont 05491",(802) 877-2367,Mass,Thu,12:05 PM,12:35 PM,Mass,other,English,,,,,,livestream
St. Peter,"114 Cornelia St, Plattsburgh, New York 12901",518-563-0730,Mass,Fri,12:05 PM,,Mass,weekday,english,St. Peter's,,,,,
St. Peter,"85 S Maple St, Vergennes, Vermont 05491",(802) 877-2367,Mass,Fri,12:05 PM,,Mass,specific_weekday,english,St Peter's,,,,,
St. Peter,"85 S Maple St, Vergennes, Vermont 05491",(802) 877-2367,Mass,Fri,12:05 PM,12:35 PM,Mass,other,English,,,,,,livestream
St. Peter,"134 Convent Ave, Rutland, Vermont 05701",(802) 775-1994,Mass,Fri,9:00 AM,,Mass,specific_weekday,english,St. Peter,,,,,note: always check bulletin for any changes
St. Peter,"114 Cornelia St, Plattsburgh, New York 12901",518-563-0730,Mass,Sat,4:00 PM,,Mass,saturday,english,St. Peter's,,,,,
St. Peter,"134 Convent Ave, Rutland, Vermont 05701",(802) 775-1994,Mass,Sat,4:15 PM,,Mass,saturday,english,St. Peter,,,,,vigil
St. Peter,"85 S Maple St, Vergennes, Vermont 05491",(802) 877-2367,Mass,Sat,4:30 PM,,Mass,saturday,english,"St Peter's, Vergennes",,,,,
St. Peter,"85 S Maple St, Vergennes, Vermont 05491",(802) 877-2367,Mass,Sun,10:30 AM,,Mass,sunday,english,"St Peter's, Vergennes",,,,,
St. Peter,"134 Convent Ave, Rutland, Vermont 05701",(802) 775-1994,Mass,Sun,11:00 AM,,Mass,sunday,english,St. Peter,,,,,
St. Peter,"114 Cornelia St, Plattsburgh, New York 12901",518-563-0730,Mass,Sun,11:15 AM,,Mass,sunday,english,St. Peter's,,,,,
St. Peter,"114 Cornelia St, Plattsburgh, New York 12901",518-563-0730,Mass,,12:05 PM,,Mass,special_event,english,St. Peter's,,2026-02-18,,,Mass
St. Peter,"114 Cornelia St, Plattsburgh, New York 12901",518-563-0730,Mass,,6:00 PM,,Mass,special_event,english,St. Peter's,,2026-02-18,,,Mass
St. Peter,"134 Convent Ave, Rutland, Vermont 05701",(802) 775-1994,Mass,,9:00 AM,,Daily Mass,special_event,English,St. Peter,,2026-02-20,,,Daily Mass
St. Peter,"134 Convent Ave, Rutland, Vermont 05701",(802) 775-1994,Mass,,9:00 AM,,Daily Mass,special_event,English,St. Peter,,2026-02-23,,,Daily Mass
St. Peter,"134 Convent Ave, Rutland, Vermont 05701",(802) 775-1994,Mass,,9:00 AM,,Daily Mass,special_event,English,St. Peter,,2026-02-27,,,Daily Mass
St. Peter,"134 Convent Ave, Rutland, Vermont 05701",(802) 775-1994,Mass,,9:00 AM,,Daily Mass,special_event,English,St. Peter,,2026-03-02,,,Daily Mass
St. Peter,"134 Convent Ave, Rutland, Vermont 05701",(802) 775-1994,Mass,,9:00 AM,,Daily Mass,special_event,English,St. Peter,,2026-03-06,,,Daily Mass
St. Peter,"85 S Maple St, Vergennes, Vermont 05491",(802) 877-2367,Confession,Fri,12:30 PM,1:45 PM,Confession,specific_weekday,English,St Peter's,,,,,
St. Peter,"114 Cornelia St, Plattsburgh, New York 12901",518-563-0730,Confession,Sat,3:00 PM,3:30 PM,Confessions,saturday,English,St. Peter's,,,,,chapel
St. Peter,"134 Convent Ave, Rutland, Vermont 05701",(802) 775-1994,Confession,Sat,3:00 PM,3:45 PM,Confessions,saturday,English,St. Peter,,,,,
St. Peter,"85 S Maple St, Vergennes, Vermont 05491",(802) 877-2367,Confession,Sat,3:30 PM,4:15 PM,Confession,saturday,English,St. Peter's,,,,,before Mass
St. Peter,"85 S Maple St, Vergennes, Vermont 05491",(802) 877-2367,Confession,Sun,TBD,,Confessions,other,English,,,,before,Mass,Sunday before Mass; before Mass and by appointment.; ≥20 min
St. Peter,"85 S Maple St, Vergennes, Vermont 05491",(802) 877-2367,Confession,,TBD,,Confessions,other,English,,,,before,Mass,before every Mass
St. Peter,"85 S Maple St, Vergennes, Vermont 05491",(802) 877-2367,Adoration,Fri,12:30 PM,3:00 PM,Adoration,specific_weekday,English,St. Peter's,,,,,exposition
St. Peter,"134 Convent Ave, Rutland, Vermont 05701",(802) 775-1994,Other,,12:00 PM,,Coffee Hour,special_event,English,St. Peter,,2026-03-01,,,Coffee Hour
St. Peter,"134 Convent Ave, Rutland, Vermont 05701",(802) 775-1994,Other,,12:00 PM,1:00 PM,Coffee Hour,parish_event,English,St. Peter,,,,,note: after the 11 AM Mass
St. Peter (All Saints Parish),"38 Church St, North Walpole, New Hampshire 03609",(603) 826-3359,Mass,Tue,5:30 PM,,Mass,specific_weekday,English,"St. Peter Church, North Walpole",,,,,
St. Peter (All Saints Parish),"38 Church St, North Walpole, New Hampshire 03609",(603) 826-3359,Mass,Fri,8:30 AM,,Mass,specific_weekday,English,"St. Peter's Sacristy, North Walpole",,,,,
St. Peter (All Saints Parish),"38 Church St, North Walpole, New Hampshire 03609",(603) 826-3359,Mass,Sat,4:00 PM,,Mass,saturday,English,"St. Peter Church, North Walpole",,,,,
St. Peter (All Saints Parish),"38 Church St, North Walpole, New Hampshire 03609",(603) 826-3359,Mass,Sun,8:30 AM,,Mass,sunday,English,"St. Peter Church, North Walpole",,,,,
St. Peter (All Saints Parish),"38 Church St, North Walpole, New Hampshire 03609",(603) 826-3359,Mass,,7:00 PM,,Holy Day Mass,special_event,English,"St. Peter’s Church, North Walpole",,2025-01-01,,,Holy Day Mass; check bulletin
St. Peter (All Saints Parish),"38 Church St, North Walpole, New Hampshire 03609",(603) 826-3359,Mass,,7:00 PM,,Holy Day Mass,special_event,English,"St. Peter’s Church, North Walpole",,2025-08-15,,,Holy Day Mass; check bulletin
St. Peter (All Saints Parish),"38 Church St, North Walpole, New Hampshire 03609",(603) 826-3359,Mass,,7:00 PM,,Holy Day Mass,special_event,English,"St. Peter’s Church, North Walpole",,2025-11-01,,,Holy Day Mass; check bulletin
St. Peter (All Saints Parish),"38 Church St, North Walpole, New Hampshire 03609",(603) 826-3359,Mass,,7:00 PM,,Holy Day Mass,special_event,English,"St. Peter’s Church, North Walpole",,2025-12-08,,,Holy Day Mass; check bulletin
St. Peter (All Saints Parish),"38 Church St, North Walpole, New Hampshire 03609",(603) 826-3359,Mass,,7:00 PM,,Holy Day Mass,special_event,English,"St. Peter’s Church, North Walpole",,2025-12-25,,,Holy Day Mass; check bulletin
St. Peter (All Saints Parish),"38 Church St, North Walpole, New Hampshire 03609",(603) 826-3359,Confession,Sat,3:00 PM,3:45 PM,Confession,saturday,English,St. Peter,,,,,Reconciliation
St. Peter (All Saints on the Hudson Parish),"895 Hudson Ave, Stillwater, New York 12170",(518) 664-3354,Mass,Mon,8:45 AM,,Mass,specific_weekday,English,"St. Peter's Church, Stillwater",,,,,
St. Peter (All Saints on the Hudson Parish),"895 Hudson Ave, Stillwater, New York 12170",(518) 664-3354,Mass,Tue,8:45 AM,,Mass,specific_weekday,English,"St. Peter's Church, Stillwater",,,,,
St. Peter (All Saints on the Hudson Parish),"895 Hudson Ave, Stillwater, New York 12170",(518) 664-3354,Mass,Wed,8:45 AM,,Mass,specific_weekday,English,"St. Peter's Church, Stillwater",,,,,
St. Peter (All Saints on the Hudson Parish),"895 Hudson Ave, Stillwater, New York 12170",(518) 664-3354,Mass,Fri,8:45 AM,,Mass,specific_weekday,English,"St. Peter's Church, Stillwater",,,,,
St. Peter (All Saints on the Hudson Parish),"895 Hudson Ave, Stillwater, New York 12170",(518) 664-3354,Mass,Sun,8:30 AM,,Mass,sunday,English,"St. Peter's, Stillwater",,,,,
St. Philip Neri,"6603 Main St, Westport, New York 12993",518-873-6760,Mass,Mon,8:30 AM,,Mass,specific_weekday,english,Immaculate Conception-Keeseville,,,,,
St. Philip Neri,"6603 Main St, Westport, New York 12993",518-873-6760,Mass,Tue,8:30 AM,,Mass,specific_weekday,english,Immaculate Conception-Keeseville,,,,,
St. Philip Neri,"6603 Main St, Westport, New York 12993",518-873-6760,Mass,Thu,10:30 AM,,Mass,specific_weekday,english,"Champlain Valley Senior Community, Willsboro",,,,,
St. Philip Neri,"6603 Main St, Westport, New York 12993",518-873-6760,Mass,Thu,5:00 PM,,Mass,specific_weekday,english,Holy Name of Jesus Church - Au Sable Forks,,,,,
St. Philip Neri,"6603 Main St, Westport, New York 12993",518-873-6760,Mass,Fri,8:30 AM,,Mass,specific_weekday,english,Holy Name of Jesus Church -Au Sable Forks,,,,,
St. Philip Neri,"6603 Main St, Westport, New York 12993",518-873-6760,Mass,Sat,4:00 PM,,Mass,saturday,english,St. John the Baptist Church - Keeseville,,,,,vigil
St. Philip Neri,"6603 Main St, Westport, New York 12993",518-873-6760,Mass,Sun,11:00 AM,,Mass,sunday,english,St. Philip of Jesus Church- Willsboro,,,,,September-June
St. Philip Neri,"6603 Main St, Westport, New York 12993",518-873-6760,Mass,Sun,11:00 AM,,Mass,sunday,english,St. Joseph's Church - Essex,,,,,July-August
St. Philip Neri,"6603 Main St, Westport, New York 12993",518-873-6760,Mass,Sun,8:30 AM,,Mass,sunday,english,Holy Name of Jesus Church - Au Sable Forks,,,,,
St. Philip Neri,"6602 Main St, Westport, New York 12932",15189628610,Mass,,TBD,,Mass Media,special_event,English,,,2026-01-02,,,Mass Media
St. Philip Neri,"6602 Main St, Westport, New York 12932",15189628610,Mass,,TBD,,Mass Media,special_event,English,,,2026-01-03,,,Mass Media
St. Philip Neri,"6602 Main St, Westport, New York 12932",15189628610,Mass,,TBD,,Mass Media,special_event,English,,,2026-01-04,,,Mass Media
St. Philip Neri,"6602 Main St, Westport, New York 12932",15189628610,Mass,,TBD,,Mass Media,special_event,English,,,2026-01-05,,,Mass Media
St. Philip Neri,"6602 Main St, Westport, New York 12932",15189628610,Mass,,TBD,,Mass Media,special_event,English,,,2026-01-06,,,Mass Media
St. Philip Neri,"6602 Main St, Westport, New York 12932",15189628610,Mass,,TBD,,Mass Media,special_event,English,,,2026-01-08,,,Mass Media
St. Philip Neri,"6602 Main St, Westport, New York 12932",15189628610,Mass,,TBD,,Mass Media,special_event,English,,,2026-01-09,,,Mass Media
St. Philip Neri,"6602 Main St, Westport, New York 12932",15189628610,Mass,,TBD,,Mass Media,special_event,English,,,2026-01-10,,,Mass Media
St. Philip Neri,"6602 Main St, Westport, New York 12932",15189628610,Other,,12:00 AM,,100 Amazing Facts That Will Blow Your Mind,special_event,English,,,2020-02-04,,,100 Amazing Facts That Will Blow Your Mind; General
St. Philip Neri,"6602 Main St, Westport, New York 12932",15189628610,Other,,TBD,,300 Crazy Fun Facts To Start Your Day,special_event,English,,,2020-01-16,,,300 Crazy Fun Facts To Start Your Day; General
St. Philip Neri,"6602 Main St, Westport, New York 12932",15189628610,Other,,TBD,,General,special_event,English,,,2020-01-16,,,General
St. Philip Neri,"6602 Main St, Westport, New York 12932",15189628610,Other,,TBD,,General,special_event,English,,,2020-01-17,,,General
St. Philip Neri,"6602 Main St, Westport, New York 12932",15189628610,Other,,TBD,,300 Weird Facts To Confuse And Amaze You,special_event,English,,,2020-01-17,,,300 Weird Facts To Confuse And Amaze You; General
St. Philip Neri,"6602 Main St, Westport, New York 12932",15189628610,Other,,TBD,,300 WTF Facts That Will Make You Question Everything,special_event,English,,,2020-01-31,,,300 WTF Facts That Will Make You Question Everything; General
St. Philip Neri,"6602 Main St, Westport, New York 12932",15189628610,Other,,TBD,,300 Random Facts No One Knows What To Do With,special_event,English,,,2020-01-31,,,300 Random Facts No One Knows What To Do With; General
St. Philip Neri,"6602 Main St, Westport, New York 12932",15189628610,Other,,TBD,,General,special_event,English,,,2020-01-31,,,General
St. Philip Neri,"6602 Main St, Westport, New York 12932",15189628610,Other,,TBD,,General,special_event,English,,,2020-02-04,,,General
St. Philip Neri,"6602 Main St, Westport, New York 12932",15189628610,Other,,TBD,,General,special_event,English,,,2020-02-06,,,General
St. Philip Neri,"6602 Main St, Westport, New York 12932",15189628610,Other,,TBD,,100 Interesting Facts That Will Boggle Your Mind,special_event,English,,,2020-02-06,,,100 Interesting Facts That Will Boggle Your Mind; General
St. Philip Neri,"6602 Main St, Westport, New York 12932",15189628610,Other,,TBD,,100 Did You Know Facts Most People Have Never Heard About,special_event,English,,,2020-02-07,,,100 Did You Know Facts Most People Have Never Heard About; General
St. Philip Neri,"6602 Main St, Westport, New York 12932",15189628610,Other,,TBD,,100 Nutrition Facts To An Easier And Healthier Lifestyle,special_event,English,,,2020-02-07,,,100 Nutrition Facts To An Easier And Healthier Lifestyle; General
St. Philip Neri,"6602 Main St, Westport, New York 12932",15189628610,Other,,TBD,,General,special_event,English,,,2020-02-07,,,General
St. Philip Neri,"6602 Main St, Westport, New York 12932",15189628610,Other,,TBD,,25 Facts About The Floor,special_event,English,,,2026-01-02,,,Facts About The Floor; Mass Media
St. Philip Neri,"6602 Main St, Westport, New York 12932",15189628610,Other,,TBD,,25 Facts About Twelve Dates Till Christmas TV Series,special_event,English,,,2026-01-02,,,Facts About Twelve Dates Till Christmas TV Series; Mass Media
St. Philip Neri,"6602 Main St, Westport, New York 12932",15189628610,Other,,TBD,,25 Facts About WGRZ,special_event,English,,,2026-01-03,,,Facts About WGRZ; Mass Media
St. Philip Neri,"6602 Main St, Westport, New York 12932",15189628610,Other,,TBD,,25 Facts About 910 News,special_event,English,,,2026-01-03,,,Facts About 910 News; Mass Media
St. Philip Neri,"6602 Main St, Westport, New York 12932",15189628610,Other,,TBD,,25 Facts About Channel 7 News,special_event,English,,,2026-01-03,,,Facts About Channel News; Mass Media
St. Philip Neri,"6602 Main St, Westport, New York 12932",15189628610,Other,,TBD,,25 Facts About Single Papa,special_event,English,,,2026-01-03,,,Facts About Single Papa; Mass Media
St. Philip Neri,"6602 Main St, Westport, New York 12932",15189628610,Other,,TBD,,25 Facts About Owning Manhattan,special_event,English,,,2026-01-03,,,Facts About Owning Manhattan; Mass Media
St. Philip Neri,"6602 Main St, Westport, New York 12932",15189628610,Other,,TBD,,25 Facts About WKTV,special_event,English,,,2026-01-03,,,Facts About WKTV; Mass Media
St. Philip Neri,"6602 Main St, Westport, New York 12932",15189628610,Other,,TBD,,25 Facts About Twitch Streamers,special_event,English,,,2026-01-03,,,Facts About Twitch Streamers; Mass Media
St. Philip Neri,"6602 Main St, Westport, New York 12932",15189628610,Other,,TBD,,25 Facts About Record Of Ragnarok Season 3,special_event,English,,,2026-01-03,,,Facts About Record Of Ragnarok Season; Mass Media
St. Philip Neri,"6602 Main St, Westport, New York 12932",15189628610,Other,,TBD,,25 Facts About Heated Rivalry HBO Max,special_event,English,,,2026-01-03,,,Facts About Heated Rivalry HBO Max; Mass Media
St. Philip Neri,"6602 Main St, Westport, New York 12932",15189628610,Other,,TBD,,25 Facts About WBAY,special_event,English,,,2026-01-03,,,Facts About WBAY; Mass Media
St. Philip Neri,"6602 Main St, Westport, New York 12932",15189628610,Other,,TBD,,25 Facts About WZZM 13,special_event,English,,,2026-01-03,,,Facts About WZZM; Mass Media
St. Philip Neri,"6602 Main St, Westport, New York 12932",15189628610,Other,,TBD,,25 Facts About WNEP,special_event,English,,,2026-01-03,,,Facts About WNEP; Mass Media
St. Philip Neri,"6602 Main St, Westport, New York 12932",15189628610,Other,,TBD,,30 Facts About Percy Jackson And The Olympians TV Series,special_event,English,,,2026-01-04,,,Facts About Percy Jackson And The Olympians TV Series; Mass Media
St. Philip Neri,"6602 Main St, Westport, New York 12932",15189628610,Other,,TBD,,25 Facts About Mayor Of Kingstown Season 4,special_event,English,,,2026-01-05,,,Facts About Mayor Of Kingstown Season; Mass Media
St. Philip Neri,"6602 Main St, Westport, New York 12932",15189628610,Other,,TBD,,25 Facts About The Love And Death True Story,special_event,English,,,2026-01-05,,,Facts About The Love And Death True Story; Mass Media
St. Philip Neri,"6602 Main St, Westport, New York 12932",15189628610,Other,,TBD,,25 Facts About WTNH,special_event,English,,,2026-01-06,,,Facts About WTNH; Mass Media
St. Philip Neri,"6602 Main St, Westport, New York 12932",15189628610,Other,,TBD,,25 Facts About Fox 8 News,special_event,English,,,2026-01-06,,,Facts About Fox News; Mass Media
St. Philip Neri,"6602 Main St, Westport, New York 12932",15189628610,Other,,TBD,,25 Facts About News12 Long Island,special_event,English,,,2026-01-06,,,Facts About News12 Long Island; Mass Media
St. Philip Neri,"6602 Main St, Westport, New York 12932",15189628610,Other,,TBD,,25 Facts About KSTP,special_event,English,,,2026-01-08,,,Facts About KSTP; Mass Media
St. Philip Neri,"6602 Main St, Westport, New York 12932",15189628610,Other,,TBD,,25 Facts About TMJ4,special_event,English,,,2026-01-08,,,Facts About TMJ4; Mass Media
St. Philip Neri,"6602 Main St, Westport, New York 12932",15189628610,Other,,TBD,,25 Facts About KARE 11,special_event,English,,,2026-01-08,,,Facts About KARE; Mass Media
St. Philip Neri,"6602 Main St, Westport, New York 12932",15189628610,Other,,TBD,,25 Facts About WWMT,special_event,English,,,2026-01-08,,,Facts About WWMT; Mass Media
St. Philip Neri,"6602 Main St, Westport, New York 12932",15189628610,Other,,TBD,,25 Facts About News 8000,special_event,English,,,2026-01-08,,,Facts About News 8000; Mass Media
St. Philip Neri,"6602 Main St, Westport, New York 12932",15189628610,Other,,TBD,,25 Facts About WEAU,special_event,English,,,2026-01-08,,,Facts About WEAU; Mass Media
St. Philip Neri,"6602 Main St, Westport, New York 12932",15189628610,Other,,TBD,,40 Facts About The Walking Dead,special_event,English,,,2026-01-08,,,Facts About The Walking Dead; Mass Media
St. Philip Neri,"6602 Main St, Westport, New York 12932",15189628610,Other,,TBD,,25 Facts About The CBS Evening News,special_event,English,,,2026-01-08,,,Facts About The CBS Evening News; Mass Media
St. Philip Neri,"6602 Main St, Westport, New York 12932",15189628610,Other,,TBD,,38 Facts about the movie 8,special_event,English,,,2026-01-08,,,Facts about the movie; Movie
St. Philip Neri,"6602 Main St, Westport, New York 12932",15189628610,Other,,TBD,,Movie,special_event,English,,,2026-01-08,,,Movie
St. Philip Neri,"6602 Main St, Westport, New York 12932",15189628610,Other,,TBD,,25 Facts About Victory,special_event,English,,,2026-01-09,,,Facts About Victory; Mass Media
St. Philip Neri,"6602 Main St, Westport, New York 12932",15189628610,Other,,TBD,,25 Facts About Ebro In The Morning,special_event,English,,,2026-01-09,,,Facts About Ebro In The Morning; Mass Media
St. Philip Neri,"6602 Main St, Westport, New York 12932",15189628610,Other,,TBD,,25 Facts About Euphoria Season 3,special_event,English,,,2026-01-09,,,Facts About Euphoria Season; Mass Media
St. Philip Neri,"6602 Main St, Westport, New York 12932",15189628610,Other,,TBD,,25 Facts About Metro Rewind,special_event,English,,,2026-01-09,,,Facts About Metro Rewind; Mass Media
St. Philip Neri,"6602 Main St, Westport, New York 12932",15189628610,Other,,TBD,,35 Facts About The Crown,special_event,English,,,2026-01-09,,,Facts About The Crown; Mass Media
St. Philip Neri,"6602 Main St, Westport, New York 12932",15189628610,Other,,TBD,,25 Facts About Real Sociedad Vs Girona,special_event,English,,,2026-01-10,,,Facts About Real Sociedad Vs Girona; Sports
St. Philip Neri,"6602 Main St, Westport, New York 12932",15189628610,Other,,TBD,,25 Facts About The Grant Thornton Invitational,special_event,English,,,2026-01-10,,,Facts About The Grant Thornton Invitational; Sports
St. Philip Neri,"6602 Main St, Westport, New York 12932",15189628610,Other,,TBD,,25 Facts About Avatar The Last Airbender Netflix,special_event,English,,,2026-01-10,,,Facts About Avatar The Last Airbender Netflix; Mass Media
St. Philip Neri,"6602 Main St, Westport, New York 12932",15189628610,Other,,TBD,,Latest Facts,special_event,English,,,2026-01-10,,,Latest Facts; Sports
St. Philip of Jesus Church,"3746 Main St, Willsboro, New York 12996",518-873-6760,Mass,Thu,10:30 AM,,Mass,specific_weekday,english,"Champlain Valley Senior Community, Willsboro",,,,,
St. Philip of Jesus Church,"3746 Main St, Willsboro, New York 12996",518-873-6760,Mass,Sun,11:00 AM,,Mass,sunday,english,St. Philip of Jesus Church - Willsboro,,,,,note: September-June
St. Pius X,"20 Jericho Rd, Essex Center, Vermont 05452",(802) 878-5997,Mass,Wed,6:30 PM,,Mass,specific_weekday,english,St. Pius X Church,,,,,
St. Pius X,"20 Jericho Rd, Essex Center, Vermont 05452",(802) 878-5997,Mass,Sat,4:30 PM,,Mass,saturday,english,St. Pius X Church,,,,,vigil; Vigil
St. Pius X,"20 Jericho Rd, Essex Center, Vermont 05452",(802) 878-5997,Mass,Sun,9:30 AM,,Mass,sunday,english,St. Pius X Church,,,,,
St. Pius X,"20 Jericho Rd, Essex Center, Vermont 05452",(802) 878-5997,Mass,,8:30 AM,,Mass,monthly,english,,second_saturday,,,,2nd; note: Padre Pio
St. Pius X,"20 Jericho Rd, Essex Center, Vermont 05452",(802) 878-5997,Confession,,10:00 AM,12:00 PM,Confession,special_event,English,St. Pius X Church,,2026-04-12,,,Confession; Communal Penance Service
St. Pius X,"20 Jericho Rd, Essex Center, Vermont 05452",(802) 878-5997,Confession,,3:30 PM,4:00 PM,Confession,special_event,English,St. Pius X Church,,2026-04-18,,,Confession
St. Pius X,"20 Jericho Rd, Essex Center, Vermont 05452",(802) 878-5997,Confession,,6:30 PM,7:30 PM,Confession,special_event,English,St. Pius X & Holy Family,,2026-04-14,,,Confession
St. Pius X,"20 Jericho Rd, Essex Center, Vermont 05452",(802) 878-5997,Confession,,6:30 PM,7:30 PM,Confession,special_event,English,St. Pius X & Holy Family,,2026-04-15,,,Confession
St. Pius X,"20 Jericho Rd, Essex Center, Vermont 05452",(802) 878-5997,Confession,,9:00 AM,10:00 AM,Confession,special_event,English,,,2026-04-17,,,Confession; Following 08:30 Mass during Adoration
St. Raphael,"21 E Main St, Poultney, Vermont 05764",802-671-8139,Mass,Mon,8:00 AM,,Mass,weekday,English,,,,,,except: No weekday Masses 2025-03-10 to 2025-03-14
St. Raphael,"21 E Main St, Poultney, Vermont 05764",802-671-8139,Mass,Tue,8:00 AM,,Mass,weekday,English,,,,,,except: No weekday Masses 2025-03-10 to 2025-03-14
St. Raphael,"21 E Main St, Poultney, Vermont 05764",802-671-8139,Mass,Wed,8:00 AM,,Mass,weekday,English,,,,,,except: No weekday Masses 2025-03-10 to 2025-03-14
St. Raphael,"21 E Main St, Poultney, Vermont 05764",802-671-8139,Mass,Thu,8:00 AM,,Mass,weekday,English,,,,,,except: No weekday Masses 2025-03-10 to 2025-03-14
St. Raphael,"21 E Main St, Poultney, Vermont 05764",802-671-8139,Mass,Fri,8:00 AM,,Mass,weekday,English,,,,,,except: No weekday Masses 2025-03-10 to 2025-03-14
St. Raphael,"21 E Main St, Poultney, Vermont 05764",802-671-8139,Mass,Sun,9:30 AM,,Mass,sunday,English,,,,,,
St. Raphael,"21 E Main St, Poultney, Vermont 05764",802-671-8139,Mass,,TBD,,Mass,special_event,English,,,2025-08-15,,,Mass
St. Raphael,"21 E Main St, Poultney, Vermont 05764",802-671-8139,Mass,,TBD,,Mass,special_event,English,,,2025-11-27,,,Mass; Thanksgiving 2025
St. Raphael,"21 E Main St, Poultney, Vermont 05764",802-671-8139,Mass,,TBD,,Mass,special_event,English,,,2025-12-08,,,Mass; Feast of the Immaculate Conception
St. Raphael,"21 E Main St, Poultney, Vermont 05764",802-671-8139,Mass,,TBD,,Mass,special_event,English,,,2025-12-24,,,Mass; Christmas Eve
St. Raphael,"21 E Main St, Poultney, Vermont 05764",802-671-8139,Mass,,TBD,,Mass,special_event,English,,,2025-12-25,,,Mass; Christmas
St. Raphael,"21 E Main St, Poultney, Vermont 05764",802-671-8139,Adoration,,8:30 AM,9:30 AM,Exposition of the Blessed Sacrament/Adoration,monthly,English,,first_friday_(recurring),,,,exposition; adoration
St. Raphael,"21 E Main St, Poultney, Vermont 05764",802-671-8139,Other,,TBD,,Transitus Service,special_event,English,,,2025-10-03,,,Transitus Service
St. Rose of Lima,"82 High St, Littleton, New Hampshire 03561",(603) 444-2593,Mass,Mon,8:30 AM,,Mass,specific_weekday,English,St. Rose of Lima,,,,,until further notice
St. Rose of Lima,"82 High St, Littleton, New Hampshire 03561",(603) 444-2593,Mass,Tue,8:30 AM,,Mass,specific_weekday,English,St. Rose of Lima,,,,,until further notice
St. Rose of Lima,"82 High St, Littleton, New Hampshire 03561",(603) 444-2593,Mass,Thu,6:00 PM,,Mass,specific_weekday,English,St. Rose of Lima,,,,,
St. Rose of Lima,"501 Rte 2, South Hero, Vermont 05486",(802) 372-4092,Mass,Thu,8:30 AM,,Mass,specific_weekday,english,St. Rose,,,,,
St. Rose of Lima,"82 High St, Littleton, New Hampshire 03561",(603) 444-2593,Mass,Fri,8:30 AM,,Mass,specific_weekday,English,St. Rose of Lima,,,,,until further notice
St. Rose of Lima,"82 High St, Littleton, New Hampshire 03561",(603) 444-2593,Mass,Sat,4:00 PM,,Mass,saturday,English,St. Rose of Lima,,,,,Littleton
St. Rose of Lima,"501 Rte 2, South Hero, Vermont 05486",(802) 372-4092,Mass,Sat,4:00 PM,,Mass,saturday,english,St. Rose - South Hero,,,,,vigil
St. Rose of Lima,"82 High St, Littleton, New Hampshire 03561",(603) 444-2593,Mass,Sun,10:30 AM,,Mass,sunday,English,St. Rose of Lima,,,,,
St. Rose of Lima,"82 High St, Littleton, New Hampshire 03561",(603) 444-2593,Mass,Sun,8:00 AM,,Mass,sunday,English,St. Rose of Lima,,,,,
St. Rose of Lima,"501 Rte 2, South Hero, Vermont 05486",(802) 372-4092,Mass,,12:00 PM,,Mass,special_event,english,St. Rose of Lima,,2026-02-18,,,Mass
St. Rose of Lima,"82 High St, Littleton, New Hampshire 03561",(603) 444-2593,Confession,Thu,5:00 PM,5:45 PM,Confession,specific_weekday,English,St. Rose of Lima,,,,,during Eucharistic Adoration and the Rosary for the Unborn
St. Rose of Lima,"501 Rte 2, South Hero, Vermont 05486",(802) 372-4092,Confession,Thu,8:00 AM,8:30 AM,Confession,specific_weekday,English,St. Rose,,,,,
St. Rose of Lima,"82 High St, Littleton, New Hampshire 03561",(603) 444-2593,Confession,Fri,7:45 AM,8:15 AM,Confession,specific_weekday,English,St. Rose of Lima,,,,,before morning Mass; Or by appointment
St. Rose of Lima,"82 High St, Littleton, New Hampshire 03561",(603) 444-2593,Confession,Sat,3:00 PM,3:30 PM,Confession,saturday,English,St. Rose of Lima,,,,,Or by appointment
St. Rose of Lima,"501 Rte 2, South Hero, Vermont 05486",(802) 372-4092,Confession,Sat,3:15 PM,4:00 PM,Confession,saturday,English,St. Rose,,,,,
St. Rose of Lima,"501 Rte 2, South Hero, Vermont 05486",(802) 372-4092,Confession,,TBD,,Confession,other,English,,,,after,Mass,available by request before or after Mass if time allows
St. Rose of Lima,"82 High St, Littleton, New Hampshire 03561",(603) 444-2593,Adoration,Thu,12:00 PM,5:50 PM,Eucharistic Adoration,specific_weekday,English,St. Rose of Lima,,,,,with the Rosary for the Unborn prior to evening Mass
St. Rose of Lima,"501 Rte 2, South Hero, Vermont 05486",(802) 372-4092,Adoration,Thu,8:00 AM,8:30 AM,Adoration,specific_weekday,English,St. Rose,,,,,exposition
St. Stanislaus,"80 Richmond St, Winchester, New Hampshire 03470",(631) 612-1285,Mass,Mon,9:00 AM,,Mass,specific_weekday,English,,,,,,
St. Stanislaus,"80 Richmond St, Winchester, New Hampshire 03470",(631) 612-1285,Mass,Tue,7:15 AM,,Mass,specific_weekday,English,,,,,,
St. Stanislaus,"80 Richmond St, Winchester, New Hampshire 03470",(631) 612-1285,Mass,Wed,11:30 AM,,Mass,specific_weekday,English,,,,,,
St. Stanislaus,"80 Richmond St, Winchester, New Hampshire 03470",(631) 612-1285,Mass,Wed,7:15 AM,,Mass,specific_weekday,English,,,,,,
St. Stanislaus,"80 Richmond St, Winchester, New Hampshire 03470",(631) 612-1285,Mass,Thu,7:15 AM,,Mass,specific_weekday,English,,,,,,
St. Stanislaus,"80 Richmond St, Winchester, New Hampshire 03470",(631) 612-1285,Mass,Fri,6:00 PM,,Mass,specific_weekday,English,,,,,,adoration; benediction
St. Stanislaus,"80 Richmond St, Winchester, New Hampshire 03470",(631) 612-1285,Mass,Fri,8:00 AM,,Mass,specific_weekday,English,,,,,,
St. Stanislaus,"80 Richmond St, Winchester, New Hampshire 03470",(631) 612-1285,Mass,Sat,9:00 AM,,Mass,saturday,English,,,,,,
St. Stanislaus,"80 Richmond St, Winchester, New Hampshire 03470",(631) 612-1285,Mass,Sun,10:30 AM,,High Mass,sunday,English,,,,,,
St. Stanislaus,"80 Richmond St, Winchester, New Hampshire 03470",(631) 612-1285,Mass,Sun,8:30 AM,,Low Mass,sunday,English,,,,,,
St. Stanislaus,"80 Richmond St, Winchester, New Hampshire 03470",(631) 612-1285,Confession,,TBD,,Confessions,other,English,,,,before,Mass,before each Mass
St. Stanislaus,"80 Richmond St, Winchester, New Hampshire 03470",(631) 612-1285,Adoration,Fri,6:00 PM,,Adoration,other,English,,,,,,adoration; benediction
St. Stanislaus,"80 Richmond St, Winchester, New Hampshire 03470",(631) 612-1285,Devotions,Sun,1:00 PM,,Vespers,sunday,English,,,,,,
St. Stanislaus Kostka,"11 Barnes St, West Rutland, Vermont 05777",(802) 797-8520,Mass,Wed,9:00 AM,,Mass,specific_weekday,english,St. Stanislaus Kostka Church,,,,,
St. Stanislaus Kostka Church,"25 Hoosac St, Adams, Massachusetts 01220-1791",(413) 743-0577,Mass,Mon,9:00 AM,,Mass,specific_weekday,English,"25 Hoosac Street, Adams, MA 01220",,,,,when school is in session
St. Stanislaus Kostka Church,"25 Hoosac St, Adams, Massachusetts 01220-1791",(413) 743-0577,Mass,Sun,8:00 AM,,Mass,sunday,English,"25 Hoosac Street, Adams, MA 01220",,,,,
St. Stanislaus Kostka Church,"25 Hoosac St, Adams, Massachusetts 01220-1791",(413) 743-0577,Mass,,TBD,,Midnight Mass,special_event,english,"25 Hoosac Street, Adams, MA 01220",,2025-12-25,,,Midnight Mass TIME_TBD
St. Stanislaus Kostka Church,"25 Hoosac St, Adams, Massachusetts 01220-1791",(413) 743-0577,Devotions,Fri,3:00 PM,3:30 PM,Chaplet of Divine Mercy and Rosary,specific_weekday,English,"25 Hoosac Street, Adams, MA 01220",,,,,
St. Stanislaus Kostka Church,"25 Hoosac St, Adams, Massachusetts 01220-1791",(413) 743-0577,Devotions,Fri,3:45 PM,,Stations of the Cross,specific_weekday,English,"25 Hoosac Street, Adams, MA 01220",,,,,Lent
St. Therese of Lisieux,"1 Wilton-Gansevoort Rd, Gansevoort, New York 12831",(518) 792-5859,Mass,Wed,9:00 AM,,Mass,specific_weekday,English,,,,,,
St. Therese of Lisieux,"1 Wilton-Gansevoort Rd, Gansevoort, New York 12831",(518) 792-5859,Mass,Sat,4:00 PM,,Vigil Mass,saturday,English,,,,,,
St. Therese of Lisieux,"1 Wilton-Gansevoort Rd, Gansevoort, New York 12831",(518) 792-5859,Mass,Sun,10:00 AM,,Mass,sunday,English,,,,,,
St. Therese of Lisieux,"1 Wilton-Gansevoort Rd, Gansevoort, New York 12831",(518) 792-5859,Mass,Sun,11:00 AM,,Mass,sunday,English,,,,,,
St. Therese of Lisieux,"1 Wilton-Gansevoort Rd, Gansevoort, New York 12831",(518) 792-5859,Mass,Sun,5:30 PM,,Mass,sunday,English,,,,,,
St. Therese of Lisieux,"1 Wilton-Gansevoort Rd, Gansevoort, New York 12831",(518) 792-5859,Mass,Sun,8:00 AM,,Mass,sunday,English,,,,,,
St. Thomas,"6 Green St, Underhill Center, Vermont 05490",(802) 899-4632,Mass,Wed,6:15 PM,,Mass,specific_weekday,english,St Thomas Church,,,,,
St. Thomas,"6 Green St, Underhill Center, Vermont 05490",(802) 899-4632,Mass,Sat,4:00 PM,,Mass,saturday,english,St Thomas Church,,,,,
St. Thomas,"6 Green St, Underhill Center, Vermont 05490",(802) 899-4632,Mass,Sun,8:30 AM,,Mass,sunday,english,St Thomas Church,,,,,
St. Thomas,"6 Green St, Underhill Center, Vermont 05490",(802) 899-4632,Mass,,12:00 PM,,Mass,monthly,english,St Thomas Church,friday,,,,note: 1st & 3rd Friday
St. Thomas,"6 Green St, Underhill Center, Vermont 05490",(802) 899-4632,Mass,,4:00 PM,,Christmas Eve Mass,special_event,English,St. Thomas,,2025-12-24,,,Christmas Eve Mass
St. Thomas,"6 Green St, Underhill Center, Vermont 05490",(802) 899-4632,Mass,,9:00 AM,,Christmas Day Mass,special_event,English,St. Thomas,,2025-12-25,,,Christmas Day Mass
St. Thomas,"6 Green St, Underhill Center, Vermont 05490",(802) 899-4632,Confession,Wed,5:30 PM,,Confession,specific_weekday,English,St Thomas Church,,,,,
St. Thomas,"6 Green St, Underhill Center, Vermont 05490",(802) 899-4632,Confession,Sat,3:15 PM,,Confession,saturday,English,St Thomas Church,,,,,
St. Thomas,"6 Green St, Underhill Center, Vermont 05490",(802) 899-4632,Confession,,5:30 PM,,Confessions,special_event,English,,,2026-02-18,,,Confessions; check bulletin
St. Thomas,"6 Green St, Underhill Center, Vermont 05490",(802) 899-4632,Adoration,,8:30 AM,9:30 AM,Adoration,monthly,English,St. Thomas,first_friday_(recurring),,,,exposition; note: after Mass
St. Thomas,"6 Green St, Underhill Center, Vermont 05490",(802) 899-4632,Other,,9:00 AM,10:30 AM,Bone Builders,parish_event,English,,,,,,
Sts. Patrick and Raphael,"63 Southworth St, Williamstown, Massachusetts 01267",(413) 458-4946,Mass,Mon,8:30 AM,,Mass,specific_weekday,English,Parish Church,,,,,
Sts. Patrick and Raphael,"63 Southworth St, Williamstown, Massachusetts 01267",(413) 458-4946,Mass,Tue,7:00 AM,,Mass,specific_weekday,English,Parish Church,,,,,
Sts. Patrick and Raphael,"63 Southworth St, Williamstown, Massachusetts 01267",(413) 458-4946,Mass,Thu,8:30 AM,,Mass,specific_weekday,English,Parish Church,,,,,
Sts. Patrick and Raphael,"63 Southworth St, Williamstown, Massachusetts 01267",(413) 458-4946,Mass,Fri,8:30 AM,,Mass,specific_weekday,English,Parish Church,,,,,
Sts. Patrick and Raphael,"63 Southworth St, Williamstown, Massachusetts 01267",(413) 458-4946,Mass,Sat,4:30 PM,,Mass,saturday,English,Parish Church,,,,,
Sts. Patrick and Raphael,"63 Southworth St, Williamstown, Massachusetts 01267",(413) 458-4946,Mass,Sun,10:30 AM,,Mass,sunday,English,Parish Church,,,,,
Sts. Patrick and Raphael,"63 Southworth St, Williamstown, Massachusetts 01267",(413) 458-4946,Mass,Sun,8:30 AM,,Mass,sunday,English,Parish Church,,,,,
Sts. Patrick and Raphael,"63 Southworth St, Williamstown, Massachusetts 01267",(413) 458-4946,Confession,Sat,3:00 PM,4:00 PM,Confession,saturday,English,Parish Church,,,,,
Sts. Patrick and Raphael,"63 Southworth St, Williamstown, Massachusetts 01267",(413) 458-4946,Confession,Sun,9:30 AM,,Confession,sunday,English,Parish Church,,,,,note: sometimes between 8:30 and 10:30 Masses; check bulletin
Sts. Patrick and Raphael,"63 Southworth St, Williamstown, Massachusetts 01267",(413) 458-4946,Adoration,Sat,2:30 PM,4:00 PM,Adoration,saturday,English,Parish Church,,,,,exposition
Sts. Patrick and Raphael,"63 Southworth St, Williamstown, Massachusetts 01267",(413) 458-4946,Other,,7:00 PM,,Assumption of the Blessed Virgin Mary,special_event,English,Parish Church,,2025-08-15,,,Assumption of the Blessed Virgin Mary
Sts. Patrick and Raphael,"63 Southworth St, Williamstown, Massachusetts 01267",(413) 458-4946,Other,,7:00 PM,,All Saints Day,special_event,English,Parish Church,,2025-11-01,,,All Saints Day
Sts. Patrick and Raphael,"63 Southworth St, Williamstown, Massachusetts 01267",(413) 458-4946,Other,,7:00 PM,,Immaculate Conception,special_event,English,Parish Church,,2025-12-08,,,Immaculate Conception
Sts. Patrick and Raphael,"63 Southworth St, Williamstown, Massachusetts 01267",(413) 458-4946,Other,,7:00 PM,,Nativity of the Lord,special_event,English,Parish Church,,2025-12-25,,,Nativity of the Lord
Sts. Patrick and Raphael,"63 Southworth St, Williamstown, Massachusetts 01267",(413) 458-4946,Other,,8:30 AM,,Assumption of the Blessed Virgin Mary,special_event,English,Parish Church,,2025-08-15,,,Assumption of the Blessed Virgin Mary
Sts. Patrick and Raphael,"63 Southworth St, Williamstown, Massachusetts 01267",(413) 458-4946,Other,,8:30 AM,,All Saints Day,special_event,English,Parish Church,,2025-11-01,,,All Saints Day
Sts. Patrick and Raphael,"63 Southworth St, Williamstown, Massachusetts 01267",(413) 458-4946,Other,,8:30 AM,,Immaculate Conception,special_event,English,Parish Church,,2025-12-08,,,Immaculate Conception
Sts. Patrick and Raphael,"63 Southworth St, Williamstown, Massachusetts 01267",(413) 458-4946,Other,,8:30 AM,,Nativity of the Lord,special_event,English,Parish Church,,2025-12-25,,,Nativity of the Lord
Sts. Patrick and Raphael,"63 Southworth St, Williamstown, Massachusetts 01267",(413) 458-4946,Sacraments,,11:30 AM,12:30 PM,Baptism,monthly,English,,last_sunday,,,,last of each month
Transfiguration Parish (Speigletown site),"50 Hillview Dr, Troy, New York 12182",518-235-0337,Mass,Sat,4:00 PM,,Vigil Mass,saturday,English,Speigletown,,,,,livestream; vigil
Transfiguration Parish (Speigletown site),"50 Hillview Dr, Troy, New York 12182",518-235-0337,Confession,Sat,3:00 PM,,Reconciliation,saturday,English,Speigletown,,,,,
Transfiguration Parish (Speigletown site),"50 Hillview Dr, Troy, New York 12182",518-235-0337,Confession,Sat,3:30 PM,3:45 PM,Sacrament of Reconciliation,saturday,English,Speigletown Site,,,,,
Transfiguration Parish (Speigletown site),"50 Hillview Dr, Troy, New York 12182",518-235-0337,Sacraments,Thu,9:00 AM,,Communion Service,specific_weekday,English,Speigletown,,,,,
Weston Priory,"58 Priory Hill Rd, Weston, Vermont 05161-6400",18028245409,Confession,Sat,3:30 PM,4:30 PM,Confessions,other,English,,,,,,
