Church,Address,Phone,Category,Day,Time Start,Time End,Service Name,Schedule Type,Language,Location,Pattern,Event Date,Time Relation,Reference Service,Notes
"Blessed Sacrament Church, Scammon Bay","170 Hillside Rd, Scammon Bay, Alaska AK 99662",907-374-9500,Mass,Mon,6:00 PM,6:30 PM,Mass,other,English,,,,,,Mon; Sat; livestream
"Blessed Sacrament Church, Scammon Bay","170 Hillside Rd, Scammon Bay, Alaska AK 99662",907-374-9500,Mass,Tue,6:00 PM,6:30 PM,Mass,specific_weekday,English,Catholic TV,,,,,livestream
"Blessed Sacrament Church, Scammon Bay","170 Hillside Rd, Scammon Bay, Alaska AK 99662",907-374-9500,Mass,Wed,6:00 PM,6:30 PM,Mass,specific_weekday,English,Catholic TV,,,,,livestream
"Blessed Sacrament Church, Scammon Bay","170 Hillside Rd, Scammon Bay, Alaska AK 99662",907-374-9500,Mass,Thu,6:00 PM,6:30 PM,Mass,specific_weekday,English,Catholic TV,,,,,livestream
"Blessed Sacrament Church, Scammon Bay","170 Hillside Rd, Scammon Bay, Alaska AK 99662",907-374-9500,Mass,Fri,6:00 PM,6:30 PM,Mass,specific_weekday,English,Catholic TV,,,,,livestream
"Blessed Sacrament Church, Scammon Bay","170 Hillside Rd, Scammon Bay, Alaska AK 99662",907-374-9500,Mass,Sat,6:00 PM,6:30 PM,Mass,other,English,,,,,,Mon; Sat; livestream
"Blessed Sacrament Church, Scammon Bay","170 Hillside Rd, Scammon Bay, Alaska AK 99662",907-374-9500,Mass,Sat,8:00 AM,,Mass,saturday,English,Catholic TV,,,,,livestream
"Blessed Sacrament Church, Scammon Bay","170 Hillside Rd, Scammon Bay, Alaska AK 99662",907-374-9500,Mass,Sun,10:00 AM,,Mass,sunday,English,Catholic TV,,,,,livestream
"Blessed Sacrament Church, Scammon Bay","170 Hillside Rd, Scammon Bay, Alaska AK 99662",907-374-9500,Mass,,7:00 AM,7:30 AM,Mass,daily,English,Catholic TV,,,,,livestream
Blessed Sacrament Monastery,"2645 E 72nd Ave, Anchorage, Alaska 99507",(907)344-3330,Adoration,,12:00 AM,11:59 PM,Perpetual Adoration of the Blessed Sacrament,other,English,,,,,,daily; adoration
Blessed Sacrament Monastery,"2645 E 72nd Ave, Anchorage, Alaska 99507",(907)344-3330,Other,,12:00 AM,11:59 PM,Prayer of the Liturgy of the Hours,other,English,,,,,,daily
Body of Christ,"None, Pelican, Alaska 99832",(907) 735-2452,Mass,Sat,5:00 PM,,Mass,specific_weekday,English,"Body of Christ Mission, Pelican, AK",,,,,vigil
Body of Christ,"None, Pelican, Alaska 99832",(907) 735-2452,Mass,Sun,10:00 AM,,Mass,sunday,English,"Body of Christ Mission, Pelican, AK",,,,,
Cathedral of Our Lady of Guadalupe,"3900 Wisconsin St, Anchorage, Alaska 99517",(907) 248-2000,Mass,Mon,9:00 AM,,Mass,weekday,English,Cathedral of Our Lady of Guadalupe,,,,,
Cathedral of Our Lady of Guadalupe,"3900 Wisconsin St, Anchorage, Alaska 99517",(907) 248-2000,Mass,Tue,9:00 AM,,Mass,weekday,English,Cathedral of Our Lady of Guadalupe,,,,,
Cathedral of Our Lady of Guadalupe,"3900 Wisconsin St, Anchorage, Alaska 99517",(907) 248-2000,Mass,Wed,5:30 PM,,Mass,specific_weekday,English,Cathedral of Our Lady of Guadalupe,,,,,
Cathedral of Our Lady of Guadalupe,"3900 Wisconsin St, Anchorage, Alaska 99517",(907) 248-2000,Mass,Wed,9:00 AM,,Mass,weekday,English,Cathedral of Our Lady of Guadalupe,,,,,
Cathedral of Our Lady of Guadalupe,"3900 Wisconsin St, Anchorage, Alaska 99517",(907) 248-2000,Mass,Thu,9:00 AM,,Mass,weekday,English,Cathedral of Our Lady of Guadalupe,,,,,
Cathedral of Our Lady of Guadalupe,"3900 Wisconsin St, Anchorage, Alaska 99517",(907) 248-2000,Mass,Fri,9:00 AM,,Mass,weekday,English,Cathedral of Our Lady of Guadalupe,,,,,
Cathedral of Our Lady of Guadalupe,"3900 Wisconsin St, Anchorage, Alaska 99517",(907) 248-2000,Mass,Sat,5:30 PM,,Mass,saturday,english,Cathedral of Our Lady of Guadalupe,,,,,vigil
Cathedral of Our Lady of Guadalupe,"3900 Wisconsin St, Anchorage, Alaska 99517",(907) 248-2000,Mass,Sun,11:30 AM,,Mass,sunday,spanish,Cathedral of Our Lady of Guadalupe,,,,,livestream
Cathedral of Our Lady of Guadalupe,"3900 Wisconsin St, Anchorage, Alaska 99517",(907) 248-2000,Mass,Sun,5:30 PM,,Mass,sunday,english,Cathedral of Our Lady of Guadalupe,,,,,
Cathedral of Our Lady of Guadalupe,"3900 Wisconsin St, Anchorage, Alaska 99517",(907) 248-2000,Mass,Sun,9:00 AM,,Mass,sunday,english,Cathedral of Our Lady of Guadalupe,,,,,livestream
Cathedral of Our Lady of Guadalupe,"3900 Wisconsin St, Anchorage, Alaska 99517",(907) 248-2000,Confession,Sat,4:30 PM,5:15 PM,Confessions,saturday,English,Cathedral of Our Lady of Guadalupe,,,,,note: or by appointment
Cathedral of Our Lady of Guadalupe,"3900 Wisconsin St, Anchorage, Alaska 99517",(907) 248-2000,Confession,Sun,10:30 AM,11:15 AM,Confessions,sunday,spanish,Cathedral of Our Lady of Guadalupe,,,,,
Cathedral of Our Lady of Guadalupe,"3900 Wisconsin St, Anchorage, Alaska 99517",(907) 248-2000,Adoration,Wed,6:00 PM,8:00 PM,Exposition,specific_weekday,English,Cathedral of Our Lady of Guadalupe,,,,,exposition
Chapel of St. Francis,"None, Tenakee Springs, Alaska 99841",(907) 766-3812,Mass,Tue,5:30 PM,,Mass,specific_weekday,English,St. Francis Mission,,,,,
Chapel of St. Francis,"None, Tenakee Springs, Alaska 99841",(907) 766-3812,Mass,Wed,5:30 PM,,Mass,specific_weekday,English,St. Francis Mission,,,,,
Chapel of St. Francis,"None, Tenakee Springs, Alaska 99841",(907) 766-3812,Mass,Thu,12:00 PM,,Mass,specific_weekday,English,St. Francis Mission,,,,,
Chapel of St. Francis,"None, Tenakee Springs, Alaska 99841",(907) 766-3812,Mass,Fri,12:00 PM,,Mass,specific_weekday,English,St. Francis Mission,,,,,
Chapel of St. Francis,"None, Tenakee Springs, Alaska 99841",(907) 766-3812,Mass,Sat,5:30 PM,,Mass,saturday,English,St. Francis Mission,,,,,vigil
Chapel of St. Francis,"None, Tenakee Springs, Alaska 99841",(907) 766-3812,Mass,Sun,9:30 AM,,Mass,sunday,English,St. Francis Mission,,,,,
Chapel of St. Francis,"None, Tenakee Springs, Alaska 99841",(907) 766-3812,Confession,,TBD,,Confessions,other,English,,,,before,Mass,before all Mass
Co-Cathedral of the Nativity of the Blessed Virgin Mary,"416 5th St, Juneau, Alaska 99801",(907) 586-1513,Mass,Mon,12:10 PM,,Mass,weekday,English,Co-Cathedral of the Nativity of the Blessed Virgin Mary,,,,,
Co-Cathedral of the Nativity of the Blessed Virgin Mary,"416 5th St, Juneau, Alaska 99801",(907) 586-1513,Mass,Tue,12:10 PM,,Mass,weekday,English,Co-Cathedral of the Nativity of the Blessed Virgin Mary,,,,,
Co-Cathedral of the Nativity of the Blessed Virgin Mary,"416 5th St, Juneau, Alaska 99801",(907) 586-1513,Mass,Wed,12:10 PM,,Mass,weekday,English,Co-Cathedral of the Nativity of the Blessed Virgin Mary,,,,,
Co-Cathedral of the Nativity of the Blessed Virgin Mary,"416 5th St, Juneau, Alaska 99801",(907) 586-1513,Mass,Thu,12:10 PM,,Mass,weekday,English,Co-Cathedral of the Nativity of the Blessed Virgin Mary,,,,,
Co-Cathedral of the Nativity of the Blessed Virgin Mary,"416 5th St, Juneau, Alaska 99801",(907) 586-1513,Mass,Fri,12:10 PM,,Mass,weekday,English,Co-Cathedral of the Nativity of the Blessed Virgin Mary,,,,,
Co-Cathedral of the Nativity of the Blessed Virgin Mary,"416 5th St, Juneau, Alaska 99801",(907) 586-1513,Mass,Sat,5:00 PM,,Mass,saturday,English,Co-Cathedral of the Nativity of the Blessed Virgin Mary,,,,,vigil
Co-Cathedral of the Nativity of the Blessed Virgin Mary,"416 5th St, Juneau, Alaska 99801",(907) 586-1513,Mass,Sun,10:30 AM,,Mass,sunday,English,Co-Cathedral of the Nativity of the Blessed Virgin Mary,,,,,
Co-Cathedral of the Nativity of the Blessed Virgin Mary,"416 5th St, Juneau, Alaska 99801",(907) 586-1513,Mass,Sun,8:30 AM,,Mass,sunday,English,Co-Cathedral of the Nativity of the Blessed Virgin Mary,,,,,
Co-Cathedral of the Nativity of the Blessed Virgin Mary,"416 5th St, Juneau, Alaska 99801",(907) 586-1513,Confession,Sat,4:00 PM,5:00 PM,Confession,saturday,English,Co-Cathedral of the Nativity of the Blessed Virgin Mary,,,,,
Co-Cathedral of the Nativity of the Blessed Virgin Mary,"416 5th St, Juneau, Alaska 99801",(907) 586-1513,Confession,,TBD,,Confession,parish_event,English,,,,,,by appointment
Co-Cathedral of the Nativity of the Blessed Virgin Mary,"416 5th St, Juneau, Alaska 99801",(907) 586-1513,Other,,TBD,,Ash Wednesday,special_event,English,Co-Cathedral of the Nativity of the Blessed Virgin Mary,,2026-02-18,,,Ash Wednesday; check bulletin
Holy Angels,"P.O Box 152, Unalakleet, Alaska 99684",907-374-9500,Mass,Mon,6:00 AM,6:30 AM,Mass,specific_weekday,English,Catholic TV,,,,,livestream
Holy Angels,"P.O Box 152, Unalakleet, Alaska 99684",907-374-9500,Mass,Tue,6:00 AM,6:30 AM,Mass,specific_weekday,English,Catholic TV,,,,,livestream
Holy Angels,"P.O Box 152, Unalakleet, Alaska 99684",907-374-9500,Mass,Wed,6:00 AM,6:30 AM,Mass,specific_weekday,English,Catholic TV,,,,,livestream
Holy Angels,"P.O Box 152, Unalakleet, Alaska 99684",907-374-9500,Mass,Thu,6:00 AM,6:30 AM,Mass,specific_weekday,English,Catholic TV,,,,,livestream
Holy Angels,"P.O Box 152, Unalakleet, Alaska 99684",907-374-9500,Mass,Fri,6:00 AM,6:30 AM,Mass,specific_weekday,English,Catholic TV,,,,,livestream
Holy Cross,"2627 Lore Rd, Anchorage, Alaska 99507-5722",(907) 349-8388,Mass,Mon,9:00 AM,,Mass,weekday,English,Holy Cross Parish,,,,,livestream
Holy Cross,"2627 Lore Rd, Anchorage, Alaska 99507-5722",(907) 349-8388,Mass,Tue,9:00 AM,,Mass,weekday,English,Holy Cross Parish,,,,,livestream
Holy Cross,"2627 Lore Rd, Anchorage, Alaska 99507-5722",(907) 349-8388,Mass,Wed,9:00 AM,,Mass,weekday,English,Holy Cross Parish,,,,,livestream
Holy Cross,"2627 Lore Rd, Anchorage, Alaska 99507-5722",(907) 349-8388,Mass,Thu,9:00 AM,,Mass,weekday,English,Holy Cross Parish,,,,,livestream
Holy Cross,"2627 Lore Rd, Anchorage, Alaska 99507-5722",(907) 349-8388,Mass,Fri,9:00 AM,,Mass,weekday,English,Holy Cross Parish,,,,,livestream
Holy Cross,"2627 Lore Rd, Anchorage, Alaska 99507-5722",(907) 349-8388,Mass,Sat,5:00 PM,,Mass,saturday,English,Holy Cross Parish,,,,,livestream; vigil
Holy Cross,"2627 Lore Rd, Anchorage, Alaska 99507-5722",(907) 349-8388,Mass,Sun,11:00 AM,,Mass,sunday,English,Holy Cross Parish,,,,,livestream
Holy Cross,"2627 Lore Rd, Anchorage, Alaska 99507-5722",(907) 349-8388,Mass,Sun,8:00 AM,,Mass,sunday,English,Holy Cross Parish,,,,,
Holy Cross,"2627 Lore Rd, Anchorage, Alaska 99507-5722",(907) 349-8388,Confession,Sat,3:00 PM,4:00 PM,Confessions,saturday,English,Holy Cross Parish,,,,,
Holy Cross,"2627 Lore Rd, Anchorage, Alaska 99507-5722",(907) 349-8388,Education,Sun,9:00 AM,10:30 AM,Faith Formation,other,English,,,,,,note: 2025-26
Holy Family,"186 Glenn Hwy, Glennallen, Alaska 99588",(907) 822-3442,Mass,Sun,10:00 AM,,Mass,sunday,English,,,,,,
Holy Family,"Veneta Rd, Gustavus, Alaska 99826",(907) 687-3017 / 907-697-2455,Mass,Sun,9:30 AM,,Mass,sunday,English,Holy Family Catholic Church,,,,,note: traveling priest once a month
Holy Family,"186 Glenn Hwy, Glennallen, Alaska 99588",(907) 822-3442,Confession,Sun,TBD,,Confession,other,English,,,,before,Mass,Sunday before Mass; before Mass; and by appointment
Holy Family,"Veneta Rd, Gustavus, Alaska 99826",(907) 687-3017 / 907-697-2455,Sacraments,Sun,9:30 AM,,Word and Communion service,sunday,English,Holy Family Catholic Church,,,,,note: lay presider on other Sundays
Holy Family Mission,"None, Metlakatla, Alaska 99926",(907) 225-2570,Mass,Wed,6:00 PM,,Mass,specific_weekday,English,"Holy Family Mission, Metlakatla",,,,,
Holy Family Mission,"None, Metlakatla, Alaska 99926",(907) 225-2570,Mass,Fri,6:00 PM,,Mass,specific_weekday,English,"Holy Family Mission, Metlakatla",,,,,
Holy Family Mission,"None, Metlakatla, Alaska 99926",(907) 225-2570,Mass,Sun,11:00 AM,,Mass,sunday,English,"Holy Family Mission, Metlakatla",,,,,
Holy Family Mission,"None, Metlakatla, Alaska 99926",(907) 225-2570,Mass,,11:00 AM,,Christmas Day Mass,special_event,English,"Holy Family Mission, Metlakatla",,2025-12-25,,,Christmas Day Mass
Holy Family Old Cathedral,"800 W 5th Ave, Anchorage, Alaska 99501",(907) 276-3455,Mass,Mon,12:00 PM,,Mass,weekday,English,800 West Fifth Avenue,,,,,
Holy Family Old Cathedral,"800 W 5th Ave, Anchorage, Alaska 99501",(907) 276-3455,Mass,Mon,8:00 AM,,Mass,weekday,English,800 West Fifth Avenue,,,,,
Holy Family Old Cathedral,"800 W 5th Ave, Anchorage, Alaska 99501",(907) 276-3455,Mass,Tue,12:00 PM,,Mass,weekday,English,800 West Fifth Avenue,,,,,
Holy Family Old Cathedral,"800 W 5th Ave, Anchorage, Alaska 99501",(907) 276-3455,Mass,Tue,8:00 AM,,Mass,weekday,English,800 West Fifth Avenue,,,,,
Holy Family Old Cathedral,"800 W 5th Ave, Anchorage, Alaska 99501",(907) 276-3455,Mass,Wed,12:00 PM,,Mass,weekday,English,800 West Fifth Avenue,,,,,
Holy Family Old Cathedral,"800 W 5th Ave, Anchorage, Alaska 99501",(907) 276-3455,Mass,Wed,8:00 AM,,Mass,weekday,English,800 West Fifth Avenue,,,,,
Holy Family Old Cathedral,"800 W 5th Ave, Anchorage, Alaska 99501",(907) 276-3455,Mass,Thu,12:00 PM,,Mass,weekday,English,800 West Fifth Avenue,,,,,
Holy Family Old Cathedral,"800 W 5th Ave, Anchorage, Alaska 99501",(907) 276-3455,Mass,Thu,8:00 AM,,Mass,weekday,English,800 West Fifth Avenue,,,,,
Holy Family Old Cathedral,"800 W 5th Ave, Anchorage, Alaska 99501",(907) 276-3455,Mass,Fri,12:00 PM,,Mass,weekday,English,800 West Fifth Avenue,,,,,
Holy Family Old Cathedral,"800 W 5th Ave, Anchorage, Alaska 99501",(907) 276-3455,Mass,Fri,8:00 AM,,Mass,weekday,English,800 West Fifth Avenue,,,,,
Holy Family Old Cathedral,"800 W 5th Ave, Anchorage, Alaska 99501",(907) 276-3455,Mass,Sat,5:30 PM,,Mass,saturday,English,800 West Fifth Avenue,,,,,vigil
Holy Family Old Cathedral,"800 W 5th Ave, Anchorage, Alaska 99501",(907) 276-3455,Mass,Sat,9:00 AM,,Mass,saturday,English,800 West Fifth Avenue,,,,,
Holy Family Old Cathedral,"800 W 5th Ave, Anchorage, Alaska 99501",(907) 276-3455,Mass,Sun,12:00 PM,,Mass,sunday,English,800 West Fifth Avenue,,,,,
Holy Family Old Cathedral,"800 W 5th Ave, Anchorage, Alaska 99501",(907) 276-3455,Mass,Sun,2:00 PM,,Mass,sunday,spanish,800 West Fifth Avenue,,,,,
Holy Family Old Cathedral,"800 W 5th Ave, Anchorage, Alaska 99501",(907) 276-3455,Mass,Sun,4:00 PM,,Mass,sunday,latin,800 West Fifth Avenue,,,,,
Holy Family Old Cathedral,"800 W 5th Ave, Anchorage, Alaska 99501",(907) 276-3455,Mass,Sun,6:00 PM,,Mass,sunday,English,800 West Fifth Avenue,,,,,
Holy Family Old Cathedral,"800 W 5th Ave, Anchorage, Alaska 99501",(907) 276-3455,Mass,Sun,7:30 AM,,Mass,sunday,English,800 West Fifth Avenue,,,,,
Holy Family Old Cathedral,"800 W 5th Ave, Anchorage, Alaska 99501",(907) 276-3455,Mass,Sun,9:30 AM,,Mass,sunday,English,800 West Fifth Avenue,,,,,
Holy Family Old Cathedral,"800 W 5th Ave, Anchorage, Alaska 99501",(907) 276-3455,Confession,Mon,11:30 AM,12:00 PM,Confession,weekday,English,800 West Fifth Avenue,,,,,note: until they are done sometime around noon
Holy Family Old Cathedral,"800 W 5th Ave, Anchorage, Alaska 99501",(907) 276-3455,Confession,Tue,11:30 AM,12:00 PM,Confession,weekday,English,800 West Fifth Avenue,,,,,note: until they are done sometime around noon
Holy Family Old Cathedral,"800 W 5th Ave, Anchorage, Alaska 99501",(907) 276-3455,Confession,Wed,11:30 AM,12:00 PM,Confession,weekday,English,800 West Fifth Avenue,,,,,note: until they are done sometime around noon
Holy Family Old Cathedral,"800 W 5th Ave, Anchorage, Alaska 99501",(907) 276-3455,Confession,Thu,11:30 AM,12:00 PM,Confession,weekday,English,800 West Fifth Avenue,,,,,note: until they are done sometime around noon
Holy Family Old Cathedral,"800 W 5th Ave, Anchorage, Alaska 99501",(907) 276-3455,Confession,Fri,11:30 AM,12:00 PM,Confession,weekday,English,800 West Fifth Avenue,,,,,note: until they are done sometime around noon
Holy Family Old Cathedral,"800 W 5th Ave, Anchorage, Alaska 99501",(907) 276-3455,Confession,Sat,8:30 AM,9:15 AM,Confession,saturday,English,800 West Fifth Avenue,,,,,
Holy Family Old Cathedral,"800 W 5th Ave, Anchorage, Alaska 99501",(907) 276-3455,Other,,12:00 PM,,Ash Wednesday,special_event,English,800 West Fifth Avenue,,2026-02-18,,,Ash Wednesday
Holy Family Old Cathedral,"800 W 5th Ave, Anchorage, Alaska 99501",(907) 276-3455,Other,,6:00 PM,,Ash Wednesday,special_event,English,800 West Fifth Avenue,,2026-02-18,,,Ash Wednesday
Holy Family Old Cathedral,"800 W 5th Ave, Anchorage, Alaska 99501",(907) 276-3455,Other,,7:30 PM,,Ash Wednesday,special_event,spanish,800 West Fifth Avenue,,2026-02-18,,,Ash Wednesday
Holy Family Old Cathedral,"800 W 5th Ave, Anchorage, Alaska 99501",(907) 276-3455,Other,,8:00 AM,,Ash Wednesday,special_event,English,800 West Fifth Avenue,,2026-02-18,,,Ash Wednesday
Holy Family Old Cathedral,"800 W 5th Ave, Anchorage, Alaska 99501",(907) 276-3455,Other,,9:30 AM,,Ash Wednesday,special_event,English,800 West Fifth Avenue,,2026-02-18,,,Ash Wednesday
Holy Mary of Guadalupe,"Holy Mary of Guadalupe Carbon Rd, Healy, Alaska 99743",(907) 683-2535,Mass,Mon,8:00 AM,,Mass,weekday,English,Healy,,,,,Holy Mary of Guadalupe Church; Winter Services: September–May
Holy Mary of Guadalupe,"Holy Mary of Guadalupe Carbon Rd, Healy, Alaska 99743",(907) 683-2535,Mass,Tue,8:00 AM,,Mass,weekday,English,Healy,,,,,Holy Mary of Guadalupe Church; Winter Services: September–May
Holy Mary of Guadalupe,"Holy Mary of Guadalupe Carbon Rd, Healy, Alaska 99743",(907) 683-2535,Mass,Tue,8:00 AM,,Mass/Communion Service,specific_weekday,English,Healy,,,,,Winter Services: September–May
Holy Mary of Guadalupe,"Holy Mary of Guadalupe Carbon Rd, Healy, Alaska 99743",(907) 683-2535,Mass,Wed,8:00 AM,,Mass/Communion Service,specific_weekday,English,Healy,,,,,Winter Services: September–May
Holy Mary of Guadalupe,"Holy Mary of Guadalupe Carbon Rd, Healy, Alaska 99743",(907) 683-2535,Mass,Wed,8:00 AM,,Mass,weekday,English,Healy,,,,,Holy Mary of Guadalupe Church; Winter Services: September–May
Holy Mary of Guadalupe,"Holy Mary of Guadalupe Carbon Rd, Healy, Alaska 99743",(907) 683-2535,Mass,Thu,8:00 AM,,Mass,weekday,English,Healy,,,,,Holy Mary of Guadalupe Church; Winter Services: September–May
Holy Mary of Guadalupe,"Holy Mary of Guadalupe Carbon Rd, Healy, Alaska 99743",(907) 683-2535,Mass,Thu,8:00 AM,,Mass/Communion Service,specific_weekday,English,Healy,,,,,Winter Services: September–May
Holy Mary of Guadalupe,"Holy Mary of Guadalupe Carbon Rd, Healy, Alaska 99743",(907) 683-2535,Mass,Fri,8:00 AM,,Mass,weekday,English,Healy,,,,,Holy Mary of Guadalupe Church; Winter Services: September–May
Holy Mary of Guadalupe,"Holy Mary of Guadalupe Carbon Rd, Healy, Alaska 99743",(907) 683-2535,Mass,Fri,8:00 AM,,Mass/Communion Service,specific_weekday,English,Healy,,,,,Winter Services: September–May
Holy Mary of Guadalupe,"Holy Mary of Guadalupe Carbon Rd, Healy, Alaska 99743",(907) 683-2535,Mass,Sat,5:00 PM,,Mass/Communion Service,saturday,English,Healy,,,,,Winter Services: September–May
Holy Mary of Guadalupe,"Holy Mary of Guadalupe Carbon Rd, Healy, Alaska 99743",(907) 683-2535,Mass,Sun,10:00 AM,,Mass/Communion Service,sunday,English,Healy,,,,,Holy Mary of Guadalupe; Winter Services: September–May
Holy Mary of Guadalupe,"Holy Mary of Guadalupe Carbon Rd, Healy, Alaska 99743",(907) 683-2535,Mass,Sun,11:00 AM,,Mass/Communion Service,sunday,English,Healy,,,,,Winter Services: September–May
Holy Mary of Guadalupe,"Holy Mary of Guadalupe Carbon Rd, Healy, Alaska 99743",(907) 683-2535,Confession,,TBD,,Sacrament of Confession,other,English,,,,,,by appointment; call 907-683-2535 for the Church or 907-683-1007 for the rectory
Holy Name,"433 Jackson St, Ketchikan, Alaska 99901",(907) 225-2570,Mass,Mon,12:10 PM,,Mass,weekday,english,Holy Name Catholic Parish,,,,,
Holy Name,"433 Jackson St, Ketchikan, Alaska 99901",(907) 225-2570,Mass,Tue,12:10 PM,,Mass,weekday,english,Holy Name Catholic Parish,,,,,
Holy Name,"433 Jackson St, Ketchikan, Alaska 99901",(907) 225-2570,Mass,Wed,12:10 PM,,Mass,weekday,english,Holy Name Catholic Parish,,,,,
Holy Name,"433 Jackson St, Ketchikan, Alaska 99901",(907) 225-2570,Mass,Thu,12:10 PM,,Mass,weekday,english,Holy Name Catholic Parish,,,,,
Holy Name,"433 Jackson St, Ketchikan, Alaska 99901",(907) 225-2570,Mass,Fri,12:10 PM,,Mass,weekday,english,Holy Name Catholic Parish,,,,,
Holy Name,"433 Jackson St, Ketchikan, Alaska 99901",(907) 225-2570,Mass,Sat,5:30 PM,,Mass,saturday,english,Holy Name Catholic Parish,,,,,vigil
Holy Name,"433 Jackson St, Ketchikan, Alaska 99901",(907) 225-2570,Mass,Sun,9:30 AM,,Mass,sunday,english,Holy Name Catholic Parish,,,,,
Holy Name,"433 Jackson St, Ketchikan, Alaska 99901",(907) 225-2570,Mass,,5:30 PM,,Mass,monthly,english,Holy Name Catholic Parish,first_sunday,,,,note: From 1st Sunday of May to Last Sunday of September
Holy Name,"433 Jackson St, Ketchikan, Alaska 99901",(907) 225-2570,Confession,Sat,4:00 PM,5:00 PM,Confession,saturday,English,Chapel,,,,,note: held in the back of the chapel during Adoration; and by appointment
Holy Name,"433 Jackson St, Ketchikan, Alaska 99901",(907) 225-2570,Adoration,Sat,3:45 PM,4:45 PM,Adoration,saturday,English,Chapel,,,,,exposition; chapel
Holy Name,"433 Jackson St, Ketchikan, Alaska 99901",(907) 225-2570,Devotions,Sat,4:45 PM,,Rosary,saturday,English,Holy Name Catholic Parish,,,,,
Holy Name,"433 Jackson St, Ketchikan, Alaska 99901",(907) 225-2570,Devotions,Sun,9:00 AM,,Rosary,sunday,English,Holy Name Catholic Parish,,,,,
Holy Rosary,"435 Airport Rd, Dillingham, Alaska 99576",(907) 843-1277,Mass,Sun,10:00 AM,,Mass or Communion Service,sunday,English,"Holy Rosary Parish, Dillingham, Alaska",,,,,
Holy Spirit Center,"10980 Hillside Dr, Anchorage, Alaska 99507",(907) 346-2343,Mass,,6:00 PM,,Mass In Recognition of Child Abuse Prevention Month,special_event,English,,,2026-04-17,,,Mass In Recognition of Child Abuse Prevention Month; ends Apr 17 at 19:00
Holy Spirit Center,"10980 Hillside Dr, Anchorage, Alaska 99507",(907) 346-2343,Other,,10:00 AM,,Father's Day Brunch,special_event,English,,,2026-06-16,,,Father's Day Brunch; ends Jun 16 at 12:00
Holy Spirit Center,"10980 Hillside Dr, Anchorage, Alaska 99507",(907) 346-2343,Other,,4:30 PM,,Retreat,special_event,English,,,2026-01-16,,,Retreat; ends Jan 24 at 16:00
Holy Spirit Center,"10980 Hillside Dr, Anchorage, Alaska 99507",(907) 346-2343,Other,,6:00 PM,,Synod 2024,special_event,English,,,2026-03-20,,,Synod 2024; ends Mar 20 at 19:00
Holy Spirit Center,"10980 Hillside Dr, Anchorage, Alaska 99507",(907) 346-2343,Other,,6:30 PM,,The Book of Ruth Study Group,special_event,English,Holy Spirit Center,,2026-10-02,,,The Book of Ruth Study Group; ends Nov 6 at 19:30
Holy Spirit Center,"10980 Hillside Dr, Anchorage, Alaska 99507",(907) 346-2343,Other,,9:00 PM,,Challenge Drive,special_event,English,,,2026-11-07,,,Challenge Drive; ends Mar 1 at 22:00
Immaculate Conception,"2 Doyon Pl, Fairbanks, Alaska 99701",(907) 452-3533,Mass,Mon,8:30 AM,,Mass,specific_weekday,english,,,,,,
Immaculate Conception,"775 Eddie Hoffman Hwy, Bethel, Alaska 99559",(907) 543-2464,Mass,Tue,12:10 PM,,Mass,specific_weekday,English,Immaculate Conception Church,,,,,
Immaculate Conception,"2 Doyon Pl, Fairbanks, Alaska 99701",(907) 452-3533,Mass,Tue,12:10 PM,,Mass,specific_weekday,english,,,,,,
Immaculate Conception,"775 Eddie Hoffman Hwy, Bethel, Alaska 99559",(907) 543-2464,Mass,Wed,12:10 PM,,Mass,specific_weekday,English,Immaculate Conception Church,,,,,
Immaculate Conception,"2 Doyon Pl, Fairbanks, Alaska 99701",(907) 452-3533,Mass,Wed,12:10 PM,,Mass,specific_weekday,english,,,,,,
Immaculate Conception,"775 Eddie Hoffman Hwy, Bethel, Alaska 99559",(907) 543-2464,Mass,Thu,12:10 PM,,Mass,specific_weekday,English,Immaculate Conception Church,,,,,
Immaculate Conception,"2 Doyon Pl, Fairbanks, Alaska 99701",(907) 452-3533,Mass,Thu,12:10 PM,,Mass,specific_weekday,english,,,,,,
Immaculate Conception,"775 Eddie Hoffman Hwy, Bethel, Alaska 99559",(907) 543-2464,Mass,Fri,12:10 PM,,Mass,specific_weekday,English,Immaculate Conception Church,,,,,
Immaculate Conception,"2 Doyon Pl, Fairbanks, Alaska 99701",(907) 452-3533,Mass,Fri,12:10 PM,,Mass,specific_weekday,english,,,,,,
Immaculate Conception,"2 Doyon Pl, Fairbanks, Alaska 99701",(907) 452-3533,Mass,Sat,4:00 PM,,Mass,saturday,english,,,,,,vigil
Immaculate Conception,"775 Eddie Hoffman Hwy, Bethel, Alaska 99559",(907) 543-2464,Mass,Sat,5:00 PM,,Mass,saturday,English,Immaculate Conception Church,,,,,
Immaculate Conception,"775 Eddie Hoffman Hwy, Bethel, Alaska 99559",(907) 543-2464,Mass,Sun,10:00 AM,,Mass,sunday,English,Immaculate Conception Church,,,,,
Immaculate Conception,"2 Doyon Pl, Fairbanks, Alaska 99701",(907) 452-3533,Mass,Sun,12:00 PM,,Mass,sunday,english,,,,,,
Immaculate Conception,"2 Doyon Pl, Fairbanks, Alaska 99701",(907) 452-3533,Mass,Sun,7:30 AM,,Mass,sunday,english,,,,,,
Immaculate Conception,"775 Eddie Hoffman Hwy, Bethel, Alaska 99559",(907) 543-2464,Mass,Sun,8:30 AM,,Mass,sunday,English,Immaculate Conception Church,,,,,
Immaculate Conception,"2 Doyon Pl, Fairbanks, Alaska 99701",(907) 452-3533,Mass,Sun,9:30 AM,,Mass,sunday,english,,,,,,
Immaculate Conception,"Upper Kalskag, Kalskag, Alaska 99607",,Mass,,12:00 AM,,Mass,other,English,,,,,,Daily –TIME_TBD; Catholic TV
Immaculate Conception,"2 Doyon Pl, Fairbanks, Alaska 99701",(907) 452-3533,Confession,Tue,11:30 AM,12:00 PM,Confession,specific_weekday,English,,,,,,
Immaculate Conception,"2 Doyon Pl, Fairbanks, Alaska 99701",(907) 452-3533,Confession,Wed,6:00 PM,7:00 PM,Confession,specific_weekday,English,,,,,,
Immaculate Conception,"2 Doyon Pl, Fairbanks, Alaska 99701",(907) 452-3533,Confession,Fri,11:30 AM,12:00 PM,Confession,specific_weekday,English,,,,,,
Immaculate Conception,"2 Doyon Pl, Fairbanks, Alaska 99701",(907) 452-3533,Confession,Sat,3:00 PM,3:45 PM,Confession,saturday,English,,,,,,
Immaculate Conception,"775 Eddie Hoffman Hwy, Bethel, Alaska 99559",(907) 543-2464,Confession,,TBD,,Confessions,other,English,,,,,,by appointment
Immaculate Conception,"2 Doyon Pl, Fairbanks, Alaska 99701",(907) 452-3533,Adoration,,TBD,,Adoration,other,English,,,,,,adoration; perpetual
Immaculate Conception,"2 Doyon Pl, Fairbanks, Alaska 99701",(907) 452-3533,Other,,TBD,,Pilgrim Statue of Our Lady of Lujan,parish_event,English,,,,,,weekly; family
Little Flower of Jesus,"Naneng Rd, Hooper Bay, Alaska 99604",(907) 758-4620,Other,,TBD,,Diocese of Fairbanks e-Magazine,special_event,English,,,2025-05-01,,,Diocese of Fairbanks e-Magazine; note recurring if it's recurring
Midnight Sun Chapel,"7137 Fighter Dr JBER - Elmendorf, Anchorage, Alaska 99506",907-552-4422,Education,,TBD,,Club Beyond / Youth Group,parish_event,English,,,,,,Weekly programs for all middle and high school teens; s
Midnight Sun Chapel,"7137 Fighter Dr JBER - Elmendorf, Anchorage, Alaska 99506",907-552-4422,Other,Tue,9:30 AM,,Catholic Women of the Chapel,other,English,,,,,,chapel
Midnight Sun Chapel,"7137 Fighter Dr JBER - Elmendorf, Anchorage, Alaska 99506",907-552-4422,Other,,1:30 PM,4:30 PM,Norse Pagan Services,monthly,English,Midnight Sun chapel,sunday,,,,second and fourth of the month
National Shrine of St. Thérèse,"21425 Glacier Hwy, Juneau, Alaska None",(907) 789-9815,Mass,,10:00 PM,,Mass,special_event,English,,,2025-12-24,,,Christmas Eve Mass
National Shrine of St. Thérèse,"21425 Glacier Hwy, Juneau, Alaska None",(907) 789-9815,Mass,,1:30 PM,,Sunday Mass,other,English,,,,,,Memorial Day through Labor Day; Summer Only
National Shrine of St. Thérèse,"21425 Glacier Hwy, Juneau, Alaska None",(907) 789-9815,Mass,,5:00 PM,,All Souls Day Mass,special_event,English,,,2025-11-02,,,All Souls Day Mass
National Shrine of St. Thérèse,"21425 Glacier Hwy, Juneau, Alaska None",(907) 789-9815,Mass,,5:30 PM,,Mass for the Feast of St. Therese,special_event,English,,,2026-10-01,,,Mass for the Feast of St. Therese
National Shrine of St. Thérèse,"21425 Glacier Hwy, Juneau, Alaska None",(907) 789-9815,Confession,,7:00 PM,,Confession,special_event,English,,,2025-12-24,,,Confession; Christmas Eve Mass
National Shrine of St. Thérèse,"21425 Glacier Hwy, Juneau, Alaska None",(907) 789-9815,Adoration,Fri,2:00 PM,3:00 PM,Eucharistic Adoration / Holy Hour,specific_weekday,English,,,,,,
National Shrine of St. Thérèse,"21425 Glacier Hwy, Juneau, Alaska None",(907) 789-9815,Devotions,,2:00 PM,,Good Friday Stations of the Cross,special_event,English,,,2026-04-03,,,Good Friday Stations of the Cross
National Shrine of St. Thérèse,"21425 Glacier Hwy, Juneau, Alaska None",(907) 789-9815,Other,,9:30 PM,,Caroling,special_event,English,,,2025-12-24,,,Caroling; Christmas Eve Mass
Our Lady of Perpetual Help,"129 N Fireweed St, Soldotna, Alaska 99669",(907) 262-5542,Mass,Mon,12:05 PM,,Mass,specific_weekday,english,Our Lady of Perpetual Help Catholic Church,,,,,
Our Lady of Perpetual Help,"129 N Fireweed St, Soldotna, Alaska 99669",(907) 262-5542,Mass,Tue,12:05 PM,,Mass,specific_weekday,english,Our Lady of Perpetual Help Catholic Church,,,,,
Our Lady of Perpetual Help,"129 N Fireweed St, Soldotna, Alaska 99669",(907) 262-5542,Mass,Wed,5:30 PM,,Mass,specific_weekday,english,Our Lady of Perpetual Help Catholic Church,,,,,
Our Lady of Perpetual Help,"129 N Fireweed St, Soldotna, Alaska 99669",(907) 262-5542,Mass,Thu,12:05 PM,,Mass,specific_weekday,english,Our Lady of Perpetual Help Catholic Church,,,,,
Our Lady of Perpetual Help,"129 N Fireweed St, Soldotna, Alaska 99669",(907) 262-5542,Mass,Fri,12:05 PM,,Mass,specific_weekday,english,Our Lady of Perpetual Help Catholic Church,,,,,
Our Lady of Perpetual Help,"129 N Fireweed St, Soldotna, Alaska 99669",(907) 262-5542,Mass,Sat,4:00 PM,,Mass,saturday,english,Our Lady of Perpetual Help Catholic Church,,,,,vigil
Our Lady of Perpetual Help,"129 N Fireweed St, Soldotna, Alaska 99669",(907) 262-5542,Mass,Sun,9:00 AM,,Mass,sunday,english,Our Lady of Perpetual Help Catholic Church,,,,,
Our Lady of Perpetual Help,"129 N Fireweed St, Soldotna, Alaska 99669",(907) 262-5542,Confession,Thu,12:45 PM,1:30 PM,Confession,specific_weekday,English,Our Lady of Perpetual Help Catholic Church,,,,,
Our Lady of Perpetual Help,"129 N Fireweed St, Soldotna, Alaska 99669",(907) 262-5542,Confession,Sat,3:00 PM,3:45 PM,Confession,saturday,English,Our Lady of Perpetual Help Catholic Church,,,,,
Our Lady of Perpetual Help,"129 N Fireweed St, Soldotna, Alaska 99669",(907) 262-5542,Adoration,Thu,12:30 PM,,Adoration,specific_weekday,English,Our Lady of Perpetual Help Catholic Church,,,,,exposition; 24 hours
Our Lady of Perpetual Help,"See Directions, Nightmute, Alaska AK 99690",(907) 647-6428,Other,,TBD,,Diocese of Fairbanks e-Magazine,special_event,English,,,2025-05-01,,,Diocese of Fairbanks e-Magazine; note: content only
Our Lady of Providence Chapel,"3200 Province Dr D toser 1st Fl, Anchorage, Alaska 99508",907-212-2990,Mass,Mon,11:30 AM,,Catholic Mass,weekday,English,Our Lady of Providence Chapel,,,,,chapel
Our Lady of Providence Chapel,"3200 Province Dr D toser 1st Fl, Anchorage, Alaska 99508",907-212-2990,Mass,Tue,11:30 AM,,Catholic Mass,weekday,English,Our Lady of Providence Chapel,,,,,chapel
Our Lady of Providence Chapel,"3200 Province Dr D toser 1st Fl, Anchorage, Alaska 99508",907-212-2990,Mass,Wed,11:30 AM,,Catholic Mass,weekday,English,Our Lady of Providence Chapel,,,,,chapel
Our Lady of Providence Chapel,"3200 Province Dr D toser 1st Fl, Anchorage, Alaska 99508",907-212-2990,Mass,Thu,11:30 AM,,Catholic Mass,weekday,English,Our Lady of Providence Chapel,,,,,chapel
Our Lady of Providence Chapel,"3200 Province Dr D toser 1st Fl, Anchorage, Alaska 99508",907-212-2990,Mass,Fri,11:30 AM,,Catholic Mass,weekday,English,Our Lady of Providence Chapel,,,,,chapel
Our Lady of Providence Chapel,"3200 Province Dr D toser 1st Fl, Anchorage, Alaska 99508",907-212-2990,Mass,Sun,11:30 AM,,Catholic Mass,sunday,English,Our Lady of Providence Chapel,,,,,chapel
Our Lady of Sorrows,"2565 Deborah St, Delta Junction, Alaska AK 99737",(907) 895-5232,Mass,Mon,5:30 PM,,Mass,specific_weekday,English,,,,,,
Our Lady of Sorrows,"2565 Deborah St, Delta Junction, Alaska AK 99737",(907) 895-5232,Mass,Tue,9:00 AM,,Mass,specific_weekday,English,,,,,,
Our Lady of Sorrows,"2565 Deborah St, Delta Junction, Alaska AK 99737",(907) 895-5232,Mass,Wed,5:30 PM,,Mass,specific_weekday,English,,,,,,
Our Lady of Sorrows,"2565 Deborah St, Delta Junction, Alaska AK 99737",(907) 895-5232,Mass,Thu,9:00 AM,,Mass,specific_weekday,English,,,,,,
Our Lady of Sorrows,"2565 Deborah St, Delta Junction, Alaska AK 99737",(907) 895-5232,Mass,Fri,5:30 PM,,Mass,specific_weekday,English,,,,,,
Our Lady of Sorrows,"2565 Deborah St, Delta Junction, Alaska AK 99737",(907) 895-5232,Mass,Sat,5:30 PM,,Vigil Mass,saturday,English,,,,,,call to confirm; vigil
Our Lady of Sorrows,"2565 Deborah St, Delta Junction, Alaska AK 99737",(907) 895-5232,Mass,Sun,10:00 AM,,Mass,sunday,English,,,,,,
Our Lady of the Angels,"225 S Spruce St, Kenai, Alaska 99611",(907) 283-4555,Mass,Tue,7:00 AM,,Mass,specific_weekday,english,Our Lady of the Angels,,,,,
Our Lady of the Angels,"225 S Spruce St, Kenai, Alaska 99611",(907) 283-4555,Mass,Wed,7:00 AM,,Mass,specific_weekday,english,Our Lady of the Angels,,,,,
Our Lady of the Angels,"225 S Spruce St, Kenai, Alaska 99611",(907) 283-4555,Mass,Thu,5:30 PM,,Mass,specific_weekday,english,Our Lady of the Angels,,,,,
Our Lady of the Angels,"225 S Spruce St, Kenai, Alaska 99611",(907) 283-4555,Mass,Fri,7:00 AM,,Mass,specific_weekday,english,Our Lady of the Angels,,,,,
Our Lady of the Angels,"225 S Spruce St, Kenai, Alaska 99611",(907) 283-4555,Mass,Sat,6:00 PM,,Mass,saturday,english,Our Lady of the Angels,,,,,vigil
Our Lady of the Angels,"225 S Spruce St, Kenai, Alaska 99611",(907) 283-4555,Mass,Sun,11:00 AM,,Mass,sunday,english,Our Lady of the Angels,,,,,
Our Lady of the Angels,"225 S Spruce St, Kenai, Alaska 99611",(907) 283-4555,Mass,,6:00 PM,,Mass,special_event,english,Our Lady of the Angels,,2026-02-18,,,Mass
Our Lady of the Angels,"225 S Spruce St, Kenai, Alaska 99611",(907) 283-4555,Mass,,7:00 AM,,Mass,special_event,english,Our Lady of the Angels,,2026-02-18,,,Mass
Our Lady of the Angels,"225 S Spruce St, Kenai, Alaska 99611",(907) 283-4555,Confession,Thu,4:30 PM,5:30 PM,Confession,specific_weekday,English,Our Lady of the Angels,,,,,
Our Lady of the Angels,"225 S Spruce St, Kenai, Alaska 99611",(907) 283-4555,Confession,,6:00 PM,7:00 PM,Confession,monthly,English,Our Lady of the Angels,first_friday_(recurring),,,,
Our Lady of the Angels,"225 S Spruce St, Kenai, Alaska 99611",(907) 283-4555,Adoration,,7:30 AM,6:00 PM,Adoration,monthly,English,Our Lady of the Angels,first_friday_(recurring),,,,exposition
Our Lady of the Angels,"225 S Spruce St, Kenai, Alaska 99611",(907) 283-4555,Other,,6:00 PM,7:00 PM,Benedicton,monthly,English,Our Lady of the Angels,first_friday_(recurring),,,,benediction
Our Lady of the Snows,"370 Northface Rd, Girdwood, Alaska 99587",(907) 783-1171,Mass,Sun,6:00 PM,,Catholic Mass,sunday,English,Chapel of Our Lady of the Snows,,,,,
Our Lady of the Snows,"370 Northface Rd, Girdwood, Alaska 99587",(907) 783-1171,Adoration,Mon,9:00 AM,10:00 AM,Adoration of the Blessed Sacrament,specific_weekday,English,Chapel of Our Lady of the Snows,,,,,adoration
Our Lady of the Snows,"370 Northface Rd, Girdwood, Alaska 99587",(907) 783-1171,Adoration,Tue,6:30 PM,7:30 PM,Adoration of the Blessed Sacrament,specific_weekday,English,Chapel of Our Lady of the Snows,,,,,adoration
Our Lady of the Snows,"370 Northface Rd, Girdwood, Alaska 99587",(907) 783-1171,Adoration,Wed,8:30 AM,9:30 AM,Adoration of the Blessed Sacrament,specific_weekday,English,Chapel of Our Lady of the Snows,,,,,adoration
Our Lady of the Snows,"370 Northface Rd, Girdwood, Alaska 99587",(907) 783-1171,Adoration,Thu,6:30 PM,7:30 PM,Adoration of the Blessed Sacrament,specific_weekday,English,Chapel of Our Lady of the Snows,,,,,adoration
Our Lady of the Snows,"See Directions, Nulato, Alaska 99765",907-374-9500,Other,,TBD,,Diocese of Fairbanks e-Magazine,special_event,English,,,2025-05-01,,,Diocese of Fairbanks e-Magazine; note: reference date only
Sacred Heart,"Off Mud Rd1/ Aurora St, Chevak, Alaska 99563",(907) 858-7826,Mass,Mon,TBD,,Mass,specific_weekday,English,Catholic TV,,,,,check bulletin; note: Daily Mass on Catholic TV
Sacred Heart,"409 5th Ave, Seward, Alaska 99664",(907) 224-5414,Mass,Tue,10:00 AM,,Daily Mass,specific_weekday,english,,,,,,
Sacred Heart,"Off Mud Rd1/ Aurora St, Chevak, Alaska 99563",(907) 858-7826,Mass,Tue,TBD,,Mass,specific_weekday,English,Catholic TV,,,,,check bulletin; note: Daily Mass on Catholic TV
Sacred Heart,"409 5th Ave, Seward, Alaska 99664",(907) 224-5414,Mass,Wed,10:00 AM,,Daily Mass,specific_weekday,english,,,,,,
Sacred Heart,"Off Mud Rd1/ Aurora St, Chevak, Alaska 99563",(907) 858-7826,Mass,Wed,TBD,,Mass,specific_weekday,English,Catholic TV,,,,,check bulletin; note: Daily Mass on Catholic TV
Sacred Heart,"409 5th Ave, Seward, Alaska 99664",(907) 224-5414,Mass,Thu,10:00 AM,,Daily Mass,specific_weekday,english,,,,,,
Sacred Heart,"3rd Ave and Dalton St, Haines, Alaska 99827",(907) 766-2241,Mass,Thu,12:10 PM,,Mass,specific_weekday,English,Sacred Heart Catholic Church,,,,,
Sacred Heart,"Off Mud Rd1/ Aurora St, Chevak, Alaska 99563",(907) 858-7826,Mass,Thu,TBD,,Mass,specific_weekday,English,Catholic TV,,,,,check bulletin; note: Daily Mass on Catholic TV
Sacred Heart,"409 5th Ave, Seward, Alaska 99664",(907) 224-5414,Mass,Fri,10:00 AM,,Daily Mass,specific_weekday,english,,,,,,
Sacred Heart,"3rd Ave and Dalton St, Haines, Alaska 99827",(907) 766-2241,Mass,Fri,12:10 PM,,Mass,specific_weekday,English,Sacred Heart Catholic Church,,,,,
Sacred Heart,"Off Mud Rd1/ Aurora St, Chevak, Alaska 99563",(907) 858-7826,Mass,Fri,TBD,,Mass,specific_weekday,English,Catholic TV,,,,,check bulletin; note: Daily Mass on Catholic TV
Sacred Heart,"3rd Ave and Dalton St, Haines, Alaska 99827",(907) 766-2241,Mass,Sat,5:00 PM,,Vigil,saturday,English,Sacred Heart Catholic Church,,,,,
Sacred Heart,"409 5th Ave, Seward, Alaska 99664",(907) 224-5414,Mass,Sat,5:30 PM,,Saturday Evening Vigil Mass,saturday,english,,,,,,vigil
Sacred Heart,"409 5th Ave, Seward, Alaska 99664",(907) 224-5414,Mass,Sun,12:30 PM,,Sunday Mass,sunday,english,"St. John Neumann Church, Cooper Landing",,,,,
Sacred Heart,"3rd Ave and Dalton St, Haines, Alaska 99827",(907) 766-2241,Mass,Sun,9:00 AM,,Mass,sunday,English,Sacred Heart Catholic Church,,,,,
Sacred Heart,"409 5th Ave, Seward, Alaska 99664",(907) 224-5414,Mass,Sun,9:30 AM,,Sunday Mass,sunday,english,,,,,,
Sacred Heart,"1201 Bogard Rd, Wasilla, Alaska 99654",(907) 376-5087,Mass,,4:00 PM,,Byzantine Catholic Mission Divine Liturgy- Blessed Theodore Romzha,special_event,English,,,2026-02-22,,,Byzantine Catholic Mission Divine Liturgy- Blessed Theodore Romzha; check bulletin
Sacred Heart,"409 5th Ave, Seward, Alaska 99664",(907) 224-5414,Mass,,5:30 PM,,Mass and ash distribution,special_event,English,,,2026-02-22,,,Mass and ash distribution
Sacred Heart,"3rd Ave and Dalton St, Haines, Alaska 99827",(907) 766-2241,Mass,,8:00 AM,,Marian Mass,monthly,English,Sacred Heart Catholic Church,first_saturday_(recurring),,,,
Sacred Heart,"409 5th Ave, Seward, Alaska 99664",(907) 224-5414,Confession,Sat,5:00 PM,,Reconciliation,saturday,English,,,,,,note: Also available by appointment
Sacred Heart,"409 5th Ave, Seward, Alaska 99664",(907) 224-5414,Adoration,Tue,9:00 AM,,Adoration,specific_weekday,english,,,,,,exposition
Sacred Heart,"409 5th Ave, Seward, Alaska 99664",(907) 224-5414,Adoration,Wed,9:00 AM,,Adoration,specific_weekday,english,,,,,,exposition
Sacred Heart,"409 5th Ave, Seward, Alaska 99664",(907) 224-5414,Adoration,Thu,9:00 AM,,Adoration,specific_weekday,english,,,,,,exposition
Sacred Heart,"409 5th Ave, Seward, Alaska 99664",(907) 224-5414,Adoration,Fri,9:00 AM,,Adoration,specific_weekday,english,,,,,,exposition
Sacred Heart,"409 5th Ave, Seward, Alaska 99664",(907) 224-5414,Devotions,Tue,9:30 AM,,Mid-Morning Prayers & Rosary,specific_weekday,english,,,,,,
Sacred Heart,"409 5th Ave, Seward, Alaska 99664",(907) 224-5414,Devotions,Wed,9:30 AM,,Mid-Morning Prayers & Rosary,specific_weekday,english,,,,,,
Sacred Heart,"409 5th Ave, Seward, Alaska 99664",(907) 224-5414,Devotions,Thu,9:30 AM,,Mid-Morning Prayers & Rosary,specific_weekday,english,,,,,,
Sacred Heart,"409 5th Ave, Seward, Alaska 99664",(907) 224-5414,Devotions,Fri,9:30 AM,,Mid-Morning Prayers & Rosary,specific_weekday,english,,,,,,
Sacred Heart,"3rd Ave and Dalton St, Haines, Alaska 99827",(907) 766-2241,Devotions,Fri,TBD,,Benediction,other,English,,,,after,Mass,Friday after Mass; Every after Mass; after 12:10 Mass
Sacred Heart,"409 5th Ave, Seward, Alaska 99664",(907) 224-5414,Devotions,Sun,9:00 AM,,Rosary,sunday,english,,,,,,
Sacred Heart,"1201 Bogard Rd, Wasilla, Alaska 99654",(907) 376-5087,Devotions,,11:30 AM,1:00 PM,Monthly Kateri Circle Prayer Meetings,special_event,English,Our Lady of the Snow - St. Kateri Tekawitha,,2026-02-25,,,Monthly Kateri Circle Prayer Meetings
Sacred Heart,"Off Mud Rd1/ Aurora St, Chevak, Alaska 99563",(907) 858-7826,Other,,12:00 PM,,World Youth Day Seoul,special_event,English,"Seoul, South Korea",,2027-08-01,,,World Youth Day Seoul; check bulletin for exact times
Sacred Heart,"1201 Bogard Rd, Wasilla, Alaska 99654",(907) 376-5087,Other,,12:00 PM,1:30 PM,Senior Pot luck Luncheon,special_event,English,,,2026-02-25,,,Senior Pot luck Luncheon; check bulletin; note: monthly potluck for seniors
Sacred Heart,"714 E Lincoln St, Hoonah, Alaska 99819",(907) 419-8633,Other,,TBD,,All Saints,special_event,English,,,2025-11-01,,,All Saints TIME_TBD; check bulletin
Sacred Heart Cathedral,"1300 Peger Rd, Fairbanks, Alaska 99709",(907) 474-9032,Mass,Mon,7:30 AM,,Mass,weekday,english,Sacred Heart Cathedral,,,,,
Sacred Heart Cathedral,"1300 Peger Rd, Fairbanks, Alaska 99709",(907) 474-9032,Mass,Tue,7:30 AM,,Mass,weekday,english,Sacred Heart Cathedral,,,,,
Sacred Heart Cathedral,"1300 Peger Rd, Fairbanks, Alaska 99709",(907) 474-9032,Mass,Wed,7:30 AM,,Mass,weekday,english,Sacred Heart Cathedral,,,,,
Sacred Heart Cathedral,"1300 Peger Rd, Fairbanks, Alaska 99709",(907) 474-9032,Mass,Thu,7:30 AM,,Mass,weekday,english,Sacred Heart Cathedral,,,,,
Sacred Heart Cathedral,"1300 Peger Rd, Fairbanks, Alaska 99709",(907) 474-9032,Mass,Fri,7:30 AM,,Mass,weekday,english,Sacred Heart Cathedral,,,,,
Sacred Heart Cathedral,"1300 Peger Rd, Fairbanks, Alaska 99709",(907) 474-9032,Mass,Sat,4:30 PM,,Vigil Mass,saturday,english,Sacred Heart Cathedral,,,,,
Sacred Heart Cathedral,"1300 Peger Rd, Fairbanks, Alaska 99709",(907) 474-9032,Mass,Sat,9:00 AM,,Mass,saturday,english,Sacred Heart Cathedral,,,,,
Sacred Heart Cathedral,"1300 Peger Rd, Fairbanks, Alaska 99709",(907) 474-9032,Mass,Sun,11:00 AM,,Mass,sunday,english,Sacred Heart Cathedral,,,,,
Sacred Heart Cathedral,"1300 Peger Rd, Fairbanks, Alaska 99709",(907) 474-9032,Mass,Sun,1:00 PM,,Santa Misa,sunday,spanish,Sacred Heart Cathedral,,,,,
Sacred Heart Cathedral,"1300 Peger Rd, Fairbanks, Alaska 99709",(907) 474-9032,Mass,Sun,5:30 PM,,Mass,sunday,english,Sacred Heart Cathedral,,,,,
Sacred Heart Cathedral,"1300 Peger Rd, Fairbanks, Alaska 99709",(907) 474-9032,Mass,Sun,8:00 AM,,Mass,sunday,english,Sacred Heart Cathedral,,,,,livestream
Sacred Heart Cathedral,"1300 Peger Rd, Fairbanks, Alaska 99709",(907) 474-9032,Confession,Sat,3:00 PM,4:00 PM,Confession,other,English,,,,,,adoration
Sacred Heart Cathedral,"1300 Peger Rd, Fairbanks, Alaska 99709",(907) 474-9032,Confession,,TBD,,Confessions,other,English,,,,,,available on request
Sacred Heart Catholic Church (Ruthenian),"1201 E Bogard Rd, Wasilla, Alaska 99654",,Mass,Sat,5:00 PM,,Vespers/Divine Liturgy,saturday,English,,,,,,vigil
Sacred Heart Catholic Church (Ruthenian),"1201 E Bogard Rd, Wasilla, Alaska 99654",,Mass,Sun,10:00 AM,,Divine Liturgy,sunday,English,,,,,,
Sacred Heart Catholic Church (Ruthenian),"1201 E Bogard Rd, Wasilla, Alaska 99654",,Mass,,4:00 PM,,Divine Liturgy,monthly,English,Sacred Heart Catholic Church in Wasilla,sunday,,,,second and fourth of the month; Blessed Theodore Rhomza Byzantine Catholic Mission
Sacred Heart Catholic Church (Ruthenian),"1201 E Bogard Rd, Wasilla, Alaska 99654",,Other,Sat,4:00 PM,4:30 PM,Holy Mystery of Penance,saturday,English,,,,,,or By Appointment
Sacred Heart Catholic Church (Ruthenian),"1201 E Bogard Rd, Wasilla, Alaska 99654",,Other,Sun,9:15 AM,9:45 AM,Holy Mystery of Penance,sunday,English,,,,,,Or By Appointment
Sacred Heart Catholic Church (Ruthenian),"1201 E Bogard Rd, Wasilla, Alaska 99654",,Other,Sun,9:40 AM,,Divine Praises,sunday,English,,,,,,
Sacred Heart Catholic Church (Ruthenian),"1201 E Bogard Rd, Wasilla, Alaska 99654",,Other,,TBD,,Holy Mystery of Penance,specific_weekday,English,,,,,,Weekdays TIME_TBD; 1/2 Hour before scheduled Service and 1/2 Hour after the scheduled Service or by appointment
St Christopher By the Sea,"107 Riverside Dr, Unalaska, Alaska 99685",(907) 581-4022,Other,Sat,7:30 PM,,Service,saturday,English,church,,,,,vigil
St Christopher By the Sea,"107 Riverside Dr, Unalaska, Alaska 99685",(907) 581-4022,Other,Sun,11:00 AM,,Service,sunday,English,church,,,,,
"St. Aloysius, Tununak","See Directions, Tanana, Alaska 99777",(907) 366-7238,Other,,TBD,,Christmas HH:MM,special_event,English,,,2025-12-25,,,Christmas HH:MM; Nativity of the Lord
St. Andrew,"16300 Domain Ln, Eagle River, Alaska 99577",(907) 694-2170,Mass,Tue,9:00 AM,,Mass,specific_weekday,English,,,,,,
St. Andrew,"16300 Domain Ln, Eagle River, Alaska 99577",(907) 694-2170,Mass,Wed,9:00 AM,,Mass,specific_weekday,English,,,,,,
St. Andrew,"16300 Domain Ln, Eagle River, Alaska 99577",(907) 694-2170,Mass,Thu,9:00 AM,,Mass,specific_weekday,English,,,,,,
St. Andrew,"16300 Domain Ln, Eagle River, Alaska 99577",(907) 694-2170,Mass,Fri,9:00 AM,,Mass,specific_weekday,English,,,,,,
St. Andrew,"16300 Domain Ln, Eagle River, Alaska 99577",(907) 694-2170,Mass,Sat,5:30 PM,,Mass,saturday,English,,,,,,vigil
St. Andrew,"16300 Domain Ln, Eagle River, Alaska 99577",(907) 694-2170,Mass,Sun,10:00 AM,,Mass,sunday,English,,,,,,
St. Andrew,"16300 Domain Ln, Eagle River, Alaska 99577",(907) 694-2170,Mass,Sun,7:00 PM,,Mass,sunday,English,,,,,,
St. Andrew,"16300 Domain Ln, Eagle River, Alaska 99577",(907) 694-2170,Mass,,6:30 PM,,Ash Wednesday Mass,special_event,English,,,2026-02-18,,,Ash Wednesday Mass
St. Andrew,"16300 Domain Ln, Eagle River, Alaska 99577",(907) 694-2170,Mass,,9:00 AM,,Ash Wednesday Mass,special_event,English,,,2026-02-18,,,Ash Wednesday Mass
St. Andrew,"16300 Domain Ln, Eagle River, Alaska 99577",(907) 694-2170,Confession,Sat,3:30 PM,4:30 PM,Confession,saturday,English,,,,,,
St. Andrew,"16300 Domain Ln, Eagle River, Alaska 99577",(907) 694-2170,Adoration,,12:00 AM,11:59 PM,Adoration,daily,English,Perpetual Eucharistic Adoration,,,,,note: Perpetual
St. Andrew,"16300 Domain Ln, Eagle River, Alaska 99577",(907) 694-2170,Devotions,,5:00 PM,,Stations of the Cross,parish_event,English,,,,,,note: Childrens
St. Andrew,"16300 Domain Ln, Eagle River, Alaska 99577",(907) 694-2170,Devotions,,6:30 PM,,Stations of the Cross,parish_event,English,,,,,,
St. Andrew Kim,"7206 Lake Otis Pkwy, Anchorage, Alaska 99507",(907) 337-5307,Mass,Tue,7:00 PM,,Mass,specific_weekday,english,St. Andrew Kim,,,,,
St. Andrew Kim,"7206 Lake Otis Pkwy, Anchorage, Alaska 99507",(907) 337-5307,Mass,Wed,9:00 AM,,Mass,specific_weekday,english,St. Andrew Kim,,,,,
St. Andrew Kim,"7206 Lake Otis Pkwy, Anchorage, Alaska 99507",(907) 337-5307,Mass,Thu,7:00 PM,,Mass,specific_weekday,English,St. Andrew Kim,,,,,
St. Andrew Kim,"7206 Lake Otis Pkwy, Anchorage, Alaska 99507",(907) 337-5307,Mass,Fri,9:00 AM,,Mass,specific_weekday,english,St. Andrew Kim,,,,,
St. Andrew Kim,"7206 Lake Otis Pkwy, Anchorage, Alaska 99507",(907) 337-5307,Mass,Sat,5:00 PM,,Mass,saturday,english,St. Andrew Kim,,,,,vigil
St. Andrew Kim,"7206 Lake Otis Pkwy, Anchorage, Alaska 99507",(907) 337-5307,Mass,Sat,9:00 AM,,Mass,saturday,english,St. Andrew Kim,,,,,
St. Andrew Kim,"7206 Lake Otis Pkwy, Anchorage, Alaska 99507",(907) 337-5307,Mass,Sun,11:00 AM,,Mass,sunday,english,St. Andrew Kim,,,,,
St. Andrew Kim,"7206 Lake Otis Pkwy, Anchorage, Alaska 99507",(907) 337-5307,Mass,Sun,9:00 AM,,Mass,sunday,english,St. Andrew Kim,,,,,
St. Ann,"Dangerous River Rd [Forest Hwy 10], Yakutat, Alaska 99689",(907) 586-2227,Mass,Tue,6:00 PM,,Mass,specific_weekday,English,St. Ann Parish,,,,,
St. Ann,"Dangerous River Rd [Forest Hwy 10], Yakutat, Alaska 99689",(907) 586-2227,Mass,Thu,6:00 PM,,Mass,specific_weekday,English,St. Ann Parish,,,,,
St. Ann,"Dangerous River Rd [Forest Hwy 10], Yakutat, Alaska 99689",(907) 586-2227,Mass,Fri,6:00 PM,,Mass,specific_weekday,English,St. Ann Parish,,,,,
St. Ann,"Dangerous River Rd [Forest Hwy 10], Yakutat, Alaska 99689",(907) 586-2227,Mass,Sat,10:00 AM,,Mass,specific_weekday,English,St. Ann Parish,,,,,
St. Ann,"Dangerous River Rd [Forest Hwy 10], Yakutat, Alaska 99689",(907) 586-2227,Mass,Sat,7:00 PM,,Vigil Mass,saturday,English,St. Ann Parish,,,,,vigil
St. Ann,"Dangerous River Rd [Forest Hwy 10], Yakutat, Alaska 99689",(907) 586-2227,Mass,Sun,10:00 AM,,Mass,sunday,English,St. Ann Parish,,,,,
St. Ann,"Dangerous River Rd [Forest Hwy 10], Yakutat, Alaska 99689",(907) 586-2227,Confession,,TBD,,Confessions,other,English,,,,before,Mass,before every Mass
St. Ann,"Dangerous River Rd [Forest Hwy 10], Yakutat, Alaska 99689",(907) 586-2227,Devotions,Mon,6:00 PM,,Rosary,specific_weekday,English,St. Ann Parish,,,,,
St. Ann,"Dangerous River Rd [Forest Hwy 10], Yakutat, Alaska 99689",(907) 586-2227,Devotions,Wed,6:00 PM,,Rosary,specific_weekday,English,St. Ann Parish,,,,,
St. Ann Church,"Grantly Ave, Teller, Alaska None",907-443-5527,Mass,Sun,4:00 PM,,Mass,sunday,English,St Ann - Teller,,,,,in Summer Time
St. Ann Church,"See Directions, Teller, Alaska 99778",(907) 443-5527,Mass,Sun,4:00 PM,,Mass,sunday,English,St Ann - Teller,,,,,in Summer Time
St. Ann Church,"Grantly Ave, Teller, Alaska None",907-443-5527,Confession,,TBD,,Confession,other,English,,,,before,Mass,before every Mass
St. Ann Church,"See Directions, Teller, Alaska 99778",(907) 443-5527,Confession,,TBD,,Confession,other,English,,,,before,Mass,before every Mass
St. Anthony,"825 Klevin St, Anchorage, Alaska 99508-2656",(907) 333-5544,Mass,Tue,9:00 AM,,Mass,specific_weekday,english,St. Anthony Catholic Church,,,,,
St. Anthony,"825 Klevin St, Anchorage, Alaska 99508-2656",(907) 333-5544,Mass,Wed,9:00 AM,,Mass,specific_weekday,english,St. Anthony Catholic Church,,,,,
St. Anthony,"825 Klevin St, Anchorage, Alaska 99508-2656",(907) 333-5544,Mass,Thu,9:00 AM,,Mass,specific_weekday,english,St. Anthony Catholic Church,,,,,
St. Anthony,"825 Klevin St, Anchorage, Alaska 99508-2656",(907) 333-5544,Mass,Fri,9:00 AM,,Mass,specific_weekday,english,St. Anthony Catholic Church,,,,,
St. Anthony,"825 Klevin St, Anchorage, Alaska 99508-2656",(907) 333-5544,Mass,Sat,5:30 PM,,Mass,saturday,english,St. Anthony Catholic Church,,,,,vigil
St. Anthony,"825 Klevin St, Anchorage, Alaska 99508-2656",(907) 333-5544,Mass,Sun,10:30 AM,,Mass,sunday,english,St. Anthony Catholic Church,,,,,
St. Anthony,"825 Klevin St, Anchorage, Alaska 99508-2656",(907) 333-5544,Mass,Sun,8:30 AM,,Mass,sunday,english,St. Anthony Catholic Church,,,,,
St. Anthony,"825 Klevin St, Anchorage, Alaska 99508-2656",(907) 333-5544,Mass,,5:30 PM,,Mass,monthly,english,,last_sunday,,,,Last of Every Month; Samoan Mass; 2nd of Every Month; Filipino Mass
St. Anthony,"825 Klevin St, Anchorage, Alaska 99508-2656",(907) 333-5544,Mass,,TBD,,Mass,monthly,english,,third_saturday,,,,3rd of Every Month; Native Mass
St. Anthony,"825 Klevin St, Anchorage, Alaska 99508-2656",(907) 333-5544,Confession,Sat,4:00 PM,5:00 PM,Confessions,saturday,English,St. Anthony Catholic Church,,,,,
St. Anthony,"825 Klevin St, Anchorage, Alaska 99508-2656",(907) 333-5544,Adoration,Fri,7:00 PM,8:00 PM,Adoration,specific_weekday,English,St. Anthony Catholic Church,,,,,exposition
St. Benedict,"8110 Jewel Lake Rd, Anchorage, Alaska 99502",(907) 243-2195,Mass,Mon,9:00 AM,,Mass,weekday,English,,,,,,
St. Benedict,"8110 Jewel Lake Rd, Anchorage, Alaska 99502",(907) 243-2195,Mass,Tue,9:00 AM,,Mass,weekday,English,,,,,,
St. Benedict,"8110 Jewel Lake Rd, Anchorage, Alaska 99502",(907) 243-2195,Mass,Wed,9:00 AM,,Mass,weekday,English,,,,,,
St. Benedict,"8110 Jewel Lake Rd, Anchorage, Alaska 99502",(907) 243-2195,Mass,Thu,9:00 AM,,Mass,weekday,English,,,,,,
St. Benedict,"8110 Jewel Lake Rd, Anchorage, Alaska 99502",(907) 243-2195,Mass,Fri,7:45 AM,,School Mass,specific_weekday,English,,,,,,Sept. through May
St. Benedict,"8110 Jewel Lake Rd, Anchorage, Alaska 99502",(907) 243-2195,Mass,Fri,9:00 AM,,Mass,weekday,English,,,,,,
St. Benedict,"8110 Jewel Lake Rd, Anchorage, Alaska 99502",(907) 243-2195,Mass,Sat,5:00 PM,,Vigil Mass,saturday,English,,,,,,vigil
St. Benedict,"8110 Jewel Lake Rd, Anchorage, Alaska 99502",(907) 243-2195,Mass,Sun,10:30 AM,,Mass,sunday,English,,,,,,
St. Benedict,"8110 Jewel Lake Rd, Anchorage, Alaska 99502",(907) 243-2195,Mass,Sun,12:15 PM,,Mass,sunday,English,,,,,,
St. Benedict,"8110 Jewel Lake Rd, Anchorage, Alaska 99502",(907) 243-2195,Mass,Sun,8:00 AM,,Mass,sunday,English,,,,,,
St. Benedict,"8110 Jewel Lake Rd, Anchorage, Alaska 99502",(907) 243-2195,Confession,Wed,6:00 PM,7:00 PM,Confession,specific_weekday,English,,,,,,
St. Benedict,"8110 Jewel Lake Rd, Anchorage, Alaska 99502",(907) 243-2195,Confession,Sat,3:45 PM,4:45 PM,Confession,saturday,English,,,,,,
St. Benedict,"8110 Jewel Lake Rd, Anchorage, Alaska 99502",(907) 243-2195,Adoration,Mon,9:00 AM,10:00 PM,Eucharistic Adoration,weekday,English,,,,,,exposition
St. Benedict,"8110 Jewel Lake Rd, Anchorage, Alaska 99502",(907) 243-2195,Adoration,Tue,9:00 AM,10:00 PM,Eucharistic Adoration,weekday,English,,,,,,exposition
St. Benedict,"8110 Jewel Lake Rd, Anchorage, Alaska 99502",(907) 243-2195,Adoration,Wed,9:00 AM,10:00 PM,Eucharistic Adoration,weekday,English,,,,,,exposition
St. Benedict,"8110 Jewel Lake Rd, Anchorage, Alaska 99502",(907) 243-2195,Adoration,Thu,9:00 AM,10:00 PM,Eucharistic Adoration,weekday,English,,,,,,exposition
St. Benedict,"8110 Jewel Lake Rd, Anchorage, Alaska 99502",(907) 243-2195,Adoration,Fri,9:00 AM,10:00 PM,Eucharistic Adoration,weekday,English,,,,,,exposition
St. Benedict,"8110 Jewel Lake Rd, Anchorage, Alaska 99502",(907) 243-2195,Devotions,Mon,8:35 AM,,Rosary,weekday,English,,,,,,
St. Benedict,"8110 Jewel Lake Rd, Anchorage, Alaska 99502",(907) 243-2195,Devotions,Tue,8:35 AM,,Rosary,weekday,English,,,,,,
St. Benedict,"8110 Jewel Lake Rd, Anchorage, Alaska 99502",(907) 243-2195,Devotions,Wed,8:35 AM,,Rosary,weekday,English,,,,,,
St. Benedict,"8110 Jewel Lake Rd, Anchorage, Alaska 99502",(907) 243-2195,Devotions,Thu,8:35 AM,,Rosary,weekday,English,,,,,,
St. Benedict,"8110 Jewel Lake Rd, Anchorage, Alaska 99502",(907) 243-2195,Devotions,Fri,8:35 AM,,Rosary,weekday,English,,,,,,
St. Bernard,"22136 S F Street, Talkeetna, Alaska 99676",(907) 733-2442,Mass,Sun,9:00 AM,,Mass,sunday,English,St Bernard Catholic Church Alaska,,,,,
"St. Bernard's Church, Stebbins","See Directions, Stebbins, Alaska 99671",(907) 934-3151,Mass,,12:00 AM,11:59 PM,Mass,daily,English,Catholic TV,,,,,livestream
"St. Bernard's Church, Stebbins","See Directions, Stebbins, Alaska 99671",(907) 934-3151,Mass,,12:00 AM,11:59 PM,Mass,other,English,,,,,,Daily; not specified; livestream
St. Catherine of Siena,"Ten River Rd, Chefornak, Alaska 99561-0090",(907) 867-8702,Mass,Mon,TBD,,Mass,specific_weekday,English,,,,,,check bulletin; note: Daily Mass on Catholic TV
St. Catherine of Siena,"Ten River Rd, Chefornak, Alaska 99561-0090",(907) 867-8702,Mass,Tue,TBD,,Mass,specific_weekday,English,,,,,,check bulletin; note: Daily Mass on Catholic TV
St. Catherine of Siena,"Ten River Rd, Chefornak, Alaska 99561-0090",(907) 867-8702,Mass,Wed,TBD,,Mass,specific_weekday,English,,,,,,check bulletin; note: Daily Mass on Catholic TV
St. Catherine of Siena,"Ten River Rd, Chefornak, Alaska 99561-0090",(907) 867-8702,Mass,Thu,TBD,,Mass,specific_weekday,English,,,,,,check bulletin; note: Daily Mass on Catholic TV
St. Catherine of Siena,"Ten River Rd, Chefornak, Alaska 99561-0090",(907) 867-8702,Mass,Fri,TBD,,Mass,specific_weekday,English,,,,,,check bulletin; note: Daily Mass on Catholic TV
St. Catherine of Siena,"206 Haugen Dr, Petersburg, Alaska 99833",(907) 772-3257,Mass,,TBD,,"Fairbanks Bishop Steven Maekawa, O.P., celebrates Mass",special_event,English,,,,,,"Fairbanks Bishop Steven Maekawa, O.P., celebrates Mass; before AFN convention; check bulletin"
St. Catherine of Siena,"206 Haugen Dr, Petersburg, Alaska 99833",(907) 772-3257,Other,,TBD,,Spring Creek Correctional Center caroling continues on,special_event,English,,,,,,Spring Creek Correctional Center caroling continues on; check bulletin
St. Catherine of Siena,"206 Haugen Dr, Petersburg, Alaska 99833",(907) 772-3257,Other,,TBD,,Archdiocese Alaska Native Ministry celebrates Feast of Christ the King,special_event,English,,,,,,Archdiocese Alaska Native Ministry celebrates Feast of Christ the King; check bulletin
"St. Charles Spinola, Pilot Station","See Directions, Pilot Station, Alaska 99650",907-374-9500,Mass,Mon,6:00 AM,6:30 AM,Mass,specific_weekday,English,Catholic TV,,,,,livestream
"St. Charles Spinola, Pilot Station","See Directions, Pilot Station, Alaska 99650",907-374-9500,Mass,Tue,6:00 AM,6:30 AM,Mass,specific_weekday,English,Catholic TV,,,,,livestream
"St. Charles Spinola, Pilot Station","See Directions, Pilot Station, Alaska 99650",907-374-9500,Mass,Wed,6:00 AM,6:30 AM,Mass,specific_weekday,English,Catholic TV,,,,,livestream
"St. Charles Spinola, Pilot Station","See Directions, Pilot Station, Alaska 99650",907-374-9500,Mass,Thu,6:00 AM,6:30 AM,Mass,specific_weekday,English,Catholic TV,,,,,livestream
"St. Charles Spinola, Pilot Station","See Directions, Pilot Station, Alaska 99650",907-374-9500,Mass,Fri,6:00 AM,6:30 AM,Mass,specific_weekday,English,Catholic TV,,,,,livestream
St. Christopher,"Willow Alaska 99688, Willow, Alaska 99688",19074954500,Confession,,TBD,,Confessions,other,English,,,,before,Mass,check bulletin; note: before every Mass
St. Christopher,"28652 Parks Hwy, Willow, Alaska 99688",(907) 495-4500,Other,,TBD,,45th anniversary of Pope St. John Paul II’s visit to Anchorage,special_event,English,,,2026-02-26,,,anniversary of Pope St. John Paul II’s visit to Anchorage TIME_TBD; note: in 1981
St. Elizabeth Ann Seton,"2901 Huffman Rd, Anchorage, Alaska 99516",(907) 345-4466,Mass,Mon,9:00 AM,,Mass,specific_weekday,English,Saint Elizabeth Ann Seton,,,,,
St. Elizabeth Ann Seton,"2901 Huffman Rd, Anchorage, Alaska 99516",(907) 345-4466,Mass,Tue,9:00 AM,,Mass,specific_weekday,English,Saint Elizabeth Ann Seton,,,,,
St. Elizabeth Ann Seton,"2901 Huffman Rd, Anchorage, Alaska 99516",(907) 345-4466,Mass,Wed,9:00 AM,,Mass,specific_weekday,English,Saint Elizabeth Ann Seton,,,,,
St. Elizabeth Ann Seton,"2901 Huffman Rd, Anchorage, Alaska 99516",(907) 345-4466,Mass,Thu,9:00 AM,,Mass,specific_weekday,English,Saint Elizabeth Ann Seton,,,,,
St. Elizabeth Ann Seton,"2901 Huffman Rd, Anchorage, Alaska 99516",(907) 345-4466,Mass,Sat,5:30 PM,,Vigil Mass,saturday,English,,,,,,vigil; livestream
St. Elizabeth Ann Seton,"2901 Huffman Rd, Anchorage, Alaska 99516",(907) 345-4466,Mass,Sun,11:30 AM,,Mass,sunday,English,,,,,,
St. Elizabeth Ann Seton,"2901 Huffman Rd, Anchorage, Alaska 99516",(907) 345-4466,Mass,Sun,5:30 PM,,Mass,sunday,English,,,,,,
St. Elizabeth Ann Seton,"2901 Huffman Rd, Anchorage, Alaska 99516",(907) 345-4466,Mass,Sun,8:30 AM,,Mass,sunday,English,,,,,,livestream
St. Elizabeth Ann Seton,"2901 Huffman Rd, Anchorage, Alaska 99516",(907) 345-4466,Confession,Sat,4:00 PM,5:00 PM,Reconciliation,saturday,English,,,,,,or by appointment
St. Elizabeth Ann Seton,"2901 Huffman Rd, Anchorage, Alaska 99516",(907) 345-4466,Adoration,Mon,9:00 AM,10:00 AM,Adoration,specific_weekday,English,Chapel,,,,,Adoration
St. Elizabeth Ann Seton,"2901 Huffman Rd, Anchorage, Alaska 99516",(907) 345-4466,Adoration,Tue,6:30 PM,7:30 PM,Adoration,specific_weekday,English,Chapel,,,,,Adoration
St. Elizabeth Ann Seton,"2901 Huffman Rd, Anchorage, Alaska 99516",(907) 345-4466,Adoration,Wed,8:30 AM,9:30 AM,Adoration,specific_weekday,English,Chapel,,,,,Adoration
St. Elizabeth Ann Seton,"2901 Huffman Rd, Anchorage, Alaska 99516",(907) 345-4466,Adoration,Thu,6:30 PM,7:30 PM,Adoration,specific_weekday,English,Chapel,,,,,Adoration
St. Francis Regis,"None, Huslia, Alaska AK99749",(907) 656-1240,Mass,,5:15 PM,,Mass,monthly,English,Adoration Chapel,first_friday_(recurring),,,,
St. Francis Regis,"None, Huslia, Alaska AK99749",(907) 656-1240,Mass,,7:00 AM,,Daily Mass,monthly,English,Adoration Chapel,first_friday_(recurring),,,,
St. Francis Regis,"None, Huslia, Alaska AK99749",(907) 656-1240,Adoration,,7:30 AM,5:00 PM,Eucharistic Exposition and Adoration,monthly,English,Adoration Chapel,first_friday_(recurring),,,,exposition
St. Francis Regis,"None, Huslia, Alaska AK99749",(907) 656-1240,Devotions,,5:00 PM,,Benediction,monthly,English,Adoration Chapel,first_friday_(recurring),,,,benediction
St. Francis Xavier,"341 Pioneer St, Valdez, Alaska 99686",(907) 835-4556,Mass,Mon,12:10 PM,,Mass,specific_weekday,English,,,,,,"Mon, Tue, Wed, Thu, Fri; livestream; except: 2nd & 4th Mondays & Tuesdays of each month"
St. Francis Xavier,"341 Pioneer St, Valdez, Alaska 99686",(907) 835-4556,Mass,Tue,12:10 PM,,Mass,specific_weekday,English,,,,,,"Mon, Tue, Wed, Thu, Fri; livestream; except: 2nd & 4th Mondays & Tuesdays of each month"
St. Francis Xavier,"341 Pioneer St, Valdez, Alaska 99686",(907) 835-4556,Mass,Sat,7:00 PM,,Mass,saturday,English,,,,,,vigil
St. Francis Xavier,"341 Pioneer St, Valdez, Alaska 99686",(907) 835-4556,Mass,Sun,8:30 AM,,Mass,sunday,English,,,,,,
St. Francis Xavier,"341 Pioneer St, Valdez, Alaska 99686",(907) 835-4556,Mass,,10:00 AM,,Christmas Day Mass,special_event,English,,,2026-12-25,,,Christmas Day Mass
St. Francis Xavier,"341 Pioneer St, Valdez, Alaska 99686",(907) 835-4556,Mass,,7:00 PM,,Christmas Eve Mass,special_event,English,,,2026-12-24,,,Christmas Eve Mass
St. Francis Xavier,"341 Pioneer St, Valdez, Alaska 99686",(907) 835-4556,Confession,Wed,5:30 PM,6:30 PM,Confession,other,English,,,,,,
St. Francis Xavier,"341 Pioneer St, Valdez, Alaska 99686",(907) 835-4556,Confession,Thu,11:00 AM,12:00 PM,Confession,other,English,,,,,,before Mass
St. Francis Xavier,"341 Pioneer St, Valdez, Alaska 99686",(907) 835-4556,Confession,Sat,5:30 PM,6:30 PM,Confession,other,English,,,,,,before Mass
St. Francis Xavier,"341 Pioneer St, Valdez, Alaska 99686",(907) 835-4556,Adoration,,TBD,,Adoration of the Blessed Sacrament,other,English,,,,after,,after
St. Francis Xavier,"341 Pioneer St, Valdez, Alaska 99686",(907) 835-4556,Devotions,,6:30 PM,7:30 PM,Stations of the Cross,parish_event,English,,,,,,during Lent
St. Francis Xavier,"341 Pioneer St, Valdez, Alaska 99686",(907) 835-4556,Other,,10:00 AM,,Solemnity of the Nativity of the Lord,special_event,English,,,2025-12-25,,,Solemnity of the Nativity of the Lord; Christmas
St. Francis Xavier,"341 Pioneer St, Valdez, Alaska 99686",(907) 835-4556,Other,,10:00 AM,,"Solemnity of Mary, the Holy Mother of God",special_event,English,,,2026-01-01,,,"Solemnity of Mary, the Holy Mother of God"
St. Francis Xavier,"341 Pioneer St, Valdez, Alaska 99686",(907) 835-4556,Other,,10:00 AM,,Solemnity of the Ascension of the Lord,special_event,English,,,2026-05-14,,,Solemnity of the Ascension of the Lord
St. Francis Xavier,"341 Pioneer St, Valdez, Alaska 99686",(907) 835-4556,Other,,10:00 AM,,Solemnity of the Assumption of the Blessed Virgin Mary,special_event,English,,,2026-08-15,,,Solemnity of the Assumption of the Blessed Virgin Mary; not obligatory since it falls on a Saturday
St. Francis Xavier,"341 Pioneer St, Valdez, Alaska 99686",(907) 835-4556,Other,,10:00 AM,,Solemnity of the Immaculate Conception of the Blessed Virgin Mary,special_event,English,,,2026-12-08,,,Solemnity of the Immaculate Conception of the Blessed Virgin Mary
St. Francis Xavier,"341 Pioneer St, Valdez, Alaska 99686",(907) 835-4556,Other,,10:00 AM,,Solemnity of the Nativity of the Lord,special_event,English,,,2026-12-25,,,Solemnity of the Nativity of the Lord; Christmas
St. Francis Xavier,"341 Pioneer St, Valdez, Alaska 99686",(907) 835-4556,Other,,7:00 PM,,"Solemnity of Mary, the Holy Mother of God",special_event,English,,,2026-01-01,,,"Solemnity of Mary, the Holy Mother of God"
St. Francis Xavier,"341 Pioneer St, Valdez, Alaska 99686",(907) 835-4556,Other,,7:00 PM,,Solemnity of the Ascension of the Lord,special_event,English,,,2026-05-14,,,Solemnity of the Ascension of the Lord
St. Francis Xavier,"341 Pioneer St, Valdez, Alaska 99686",(907) 835-4556,Other,,7:00 PM,,Solemnity of the Assumption of the Blessed Virgin Mary,special_event,English,,,2026-08-15,,,Solemnity of the Assumption of the Blessed Virgin Mary; not obligatory since it falls on a Saturday
St. Francis Xavier,"341 Pioneer St, Valdez, Alaska 99686",(907) 835-4556,Other,,7:00 PM,,Solemnity of the Immaculate Conception of the Blessed Virgin Mary,special_event,English,,,2026-12-08,,,Solemnity of the Immaculate Conception of the Blessed Virgin Mary
St. Francis Xavier,"341 Pioneer St, Valdez, Alaska 99686",(907) 835-4556,Other,,8:30 AM,,Solemnity of All Saints,special_event,English,,,2026-11-01,,,Solemnity of All Saints
"St. Francis Xavier Church, Eagle","None, None, Alaska None",,Mass,Mon,6:00 AM,6:30 AM,Mass,specific_weekday,English,Catholic TV,,,,,livestream
"St. Francis Xavier Church, Eagle","None, None, Alaska None",,Mass,Tue,6:00 AM,6:30 AM,Mass,specific_weekday,English,Catholic TV,,,,,livestream
"St. Francis Xavier Church, Eagle","None, None, Alaska None",,Mass,Wed,6:00 AM,6:30 AM,Mass,specific_weekday,English,Catholic TV,,,,,livestream
"St. Francis Xavier Church, Eagle","None, None, Alaska None",,Mass,Thu,6:00 AM,6:30 AM,Mass,specific_weekday,English,Catholic TV,,,,,livestream
"St. Francis Xavier Church, Eagle","None, None, Alaska None",,Mass,Fri,6:00 AM,6:30 AM,Mass,specific_weekday,English,Catholic TV,,,,,livestream
"St. Francis Xavier, Kutzebue","215 3rd St Kotzebue AK 99752, Kotzebue, Alaska 99752",(907) 443-5527,Mass,Sun,12:30 PM,,Mass,sunday,English,St Francis Xavier - Kotzebue,,,,,Usually
"St. Francis Xavier, Kutzebue","215 3rd St Kotzebue AK 99752, Kotzebue, Alaska 99752",(907) 443-5527,Confession,,TBD,,Confession,other,English,,,,,,prior to each Mass
St. Gregory Nazianzen,"606 Etolin St, Sitka, Alaska 99835",(907) 747-8371,Mass,Mon,12:05 PM,,Mass,weekday,English,Main Church,,,,,
St. Gregory Nazianzen,"606 Etolin St, Sitka, Alaska 99835",(907) 747-8371,Mass,Tue,12:05 PM,,Mass,weekday,English,Main Church,,,,,
St. Gregory Nazianzen,"606 Etolin St, Sitka, Alaska 99835",(907) 747-8371,Mass,Wed,12:05 PM,,Mass,weekday,English,Main Church,,,,,
St. Gregory Nazianzen,"606 Etolin St, Sitka, Alaska 99835",(907) 747-8371,Mass,Thu,12:05 PM,,Mass,weekday,English,Main Church,,,,,
St. Gregory Nazianzen,"606 Etolin St, Sitka, Alaska 99835",(907) 747-8371,Mass,Fri,12:05 PM,,Mass,weekday,English,Main Church,,,,,
St. Gregory Nazianzen,"606 Etolin St, Sitka, Alaska 99835",(907) 747-8371,Mass,Sat,5:00 PM,,Mass,saturday,English,,,,,,
St. Gregory Nazianzen,"606 Etolin St, Sitka, Alaska 99835",(907) 747-8371,Mass,Sun,10:00 AM,,Mass,sunday,English,Main Church,,,,,
St. Gregory Nazianzen,"606 Etolin St, Sitka, Alaska 99835",(907) 747-8371,Confession,Sat,3:30 PM,4:30 PM,Confessions,specific_weekday,English,,,,,,or by request
St. Gregory Nazianzen,"606 Etolin St, Sitka, Alaska 99835",(907) 747-8371,Adoration,Sat,3:30 PM,4:30 PM,Eucharistic Adoration,specific_weekday,English,Main Church,,,,,
St. Gregory Nazianzen,"606 Etolin St, Sitka, Alaska 99835",(907) 747-8371,Adoration,Sun,8:15 AM,9:15 AM,Eucharistic Adoration,sunday,English,Main Church,,,,,
St. Gregory Nazianzen,"606 Etolin St, Sitka, Alaska 99835",(907) 747-8371,Devotions,Sat,4:30 PM,,Rosary,specific_weekday,English,Main Church,,,,,
St. Gregory Nazianzen,"606 Etolin St, Sitka, Alaska 99835",(907) 747-8371,Community,,5:30 PM,,Men’s Fellowship,monthly,English,,third_thursday,,,,Third rs
"St. Ignatius, Alakanuk","53 Anderson St, Alakanuk, Alaska 99554",(907) 238-3914,Other,,TBD,,Diocese of Fairbanks e-Magazine,special_event,English,,,2025-05-01,,,Diocese of Fairbanks e-Magazine
St. John Berchmans,"Antoski Rd, Galena, Alaska AK 99741",(907) 656-1240,Mass,Sun,11:00 AM,,Mass or Eucharist Prayer Service,sunday,English,,,,,,
St. John Berchmans,"Antoski Rd, Galena, Alaska AK 99741",(907) 656-1240,Confession,,TBD,,Confessions,other,English,,,,before,Mass,before every Mass and by appointment
St. John Berchmans,"Antoski Rd, Galena, Alaska AK 99741",(907) 656-1240,Devotions,Wed,7:00 PM,,Eucharistic Prayer Service,specific_weekday,English,,,,,,
St. John Neumann,"Mile 1 Snug Harbor Rd, Cooper Landing, Alaska 99572",(907) 595-1300,Mass,Tue,10:00 AM,,Daily Mass,specific_weekday,English,,,,,,
St. John Neumann,"Mile 1 Snug Harbor Rd, Cooper Landing, Alaska 99572",(907) 595-1300,Mass,Wed,10:00 AM,,Daily Mass,specific_weekday,English,,,,,,
St. John Neumann,"Mile 1 Snug Harbor Rd, Cooper Landing, Alaska 99572",(907) 595-1300,Mass,Thu,10:00 AM,,Daily Mass,specific_weekday,English,,,,,,
St. John Neumann,"Mile 1 Snug Harbor Rd, Cooper Landing, Alaska 99572",(907) 595-1300,Mass,Fri,10:00 AM,,Daily Mass,specific_weekday,English,,,,,,
St. John Neumann,"Mile 1 Snug Harbor Rd, Cooper Landing, Alaska 99572",(907) 595-1300,Mass,Sat,5:30 PM,,Saturday Evening Vigil Mass,saturday,English,,,,,,vigil
St. John Neumann,"Mile 1 Snug Harbor Rd, Cooper Landing, Alaska 99572",(907) 595-1300,Mass,Sun,12:30 PM,,Mass,sunday,English,"St. John Neumann Church, Cooper Landing",,,,,
St. John Neumann,"Mile 1 Snug Harbor Rd, Cooper Landing, Alaska 99572",(907) 595-1300,Mass,Sun,9:30 AM,,Sunday Mass,sunday,English,,,,,,
St. John Neumann,"Mile 1 Snug Harbor Rd, Cooper Landing, Alaska 99572",(907) 595-1300,Mass,,5:30 PM,,Mass and ash distribution,special_event,English,,,2025-02-22,,,Mass and ash distribution; Ash Wednesday
St. John Neumann,"Mile 1 Snug Harbor Rd, Cooper Landing, Alaska 99572",(907) 595-1300,Confession,Sat,5:00 PM,,Reconciliation,saturday,English,,,,,,Also available by appointment
St. John Neumann,"Mile 1 Snug Harbor Rd, Cooper Landing, Alaska 99572",(907) 595-1300,Adoration,Tue,9:00 AM,,Adoration,specific_weekday,English,,,,,,adoration
St. John Neumann,"Mile 1 Snug Harbor Rd, Cooper Landing, Alaska 99572",(907) 595-1300,Adoration,Wed,9:00 AM,,Adoration,specific_weekday,English,,,,,,adoration
St. John Neumann,"Mile 1 Snug Harbor Rd, Cooper Landing, Alaska 99572",(907) 595-1300,Adoration,Thu,9:00 AM,,Adoration,specific_weekday,English,,,,,,adoration
St. John Neumann,"Mile 1 Snug Harbor Rd, Cooper Landing, Alaska 99572",(907) 595-1300,Adoration,Fri,9:00 AM,,Adoration,specific_weekday,English,,,,,,adoration
St. John Neumann,"Mile 1 Snug Harbor Rd, Cooper Landing, Alaska 99572",(907) 595-1300,Devotions,Tue,9:30 AM,,Mid-Morning Prayers & Rosary,specific_weekday,English,,,,,,
St. John Neumann,"Mile 1 Snug Harbor Rd, Cooper Landing, Alaska 99572",(907) 595-1300,Devotions,Wed,9:30 AM,,Mid-Morning Prayers & Rosary,specific_weekday,English,,,,,,
St. John Neumann,"Mile 1 Snug Harbor Rd, Cooper Landing, Alaska 99572",(907) 595-1300,Devotions,Thu,9:30 AM,,Mid-Morning Prayers & Rosary,specific_weekday,English,,,,,,
St. John Neumann,"Mile 1 Snug Harbor Rd, Cooper Landing, Alaska 99572",(907) 595-1300,Devotions,Fri,9:30 AM,,Mid-Morning Prayers & Rosary,specific_weekday,English,,,,,,
St. John Neumann,"Mile 1 Snug Harbor Rd, Cooper Landing, Alaska 99572",(907) 595-1300,Devotions,Sun,9:00 AM,,Rosary,sunday,English,,,,,,
St. John Neumann,"Mile 1 Snug Harbor Rd, Cooper Landing, Alaska 99572",(907) 595-1300,Other,,5:30 PM,,Soup Suppers,special_event,English,,,2025-02-28,,,Soup Suppers; Lenten Fridays; preceded by the Stations of the Cross and Mass; Day Mass changed to evening mass
St. John Neumann,"Mile 1 Snug Harbor Rd, Cooper Landing, Alaska 99572",(907) 595-1300,Other,,5:30 PM,,Soup Suppers,special_event,English,,,2025-03-07,,,Soup Suppers; Lenten Fridays; preceded by the Stations of the Cross and Mass; Day Mass changed to evening mass
St. John Neumann,"Mile 1 Snug Harbor Rd, Cooper Landing, Alaska 99572",(907) 595-1300,Other,,5:30 PM,,Soup Suppers,special_event,English,,,2025-03-14,,,Soup Suppers; Lenten Fridays; preceded by the Stations of the Cross and Mass; Day Mass changed to evening mass
St. John Neumann,"Mile 1 Snug Harbor Rd, Cooper Landing, Alaska 99572",(907) 595-1300,Other,,5:30 PM,,Soup Suppers,special_event,English,,,2025-03-21,,,Soup Suppers; Lenten Fridays; preceded by the Stations of the Cross and Mass; Day Mass changed to evening mass
St. John Neumann,"Mile 1 Snug Harbor Rd, Cooper Landing, Alaska 99572",(907) 595-1300,Other,,5:30 PM,,Soup Suppers,special_event,English,,,2025-03-28,,,Soup Suppers; Lenten Fridays; preceded by the Stations of the Cross and Mass; Day Mass changed to evening mass
St. John Neumann,"Mile 1 Snug Harbor Rd, Cooper Landing, Alaska 99572",(907) 595-1300,Other,,5:30 PM,,Soup Suppers,special_event,English,,,2025-04-04,,,Soup Suppers; Lenten Fridays; preceded by the Stations of the Cross and Mass; Day Mass changed to evening mass
St. John Neumann,"Mile 1 Snug Harbor Rd, Cooper Landing, Alaska 99572",(907) 595-1300,Other,,5:30 PM,,Soup Suppers,special_event,English,,,2025-04-11,,,Soup Suppers; Lenten Fridays; preceded by the Stations of the Cross and Mass; Day Mass changed to evening mass
St. John by the Sea,"6840 Michigan Ave, Klawock, Alaska 99921","907-723-6750 (Texts only, please)",Mass,Mon,8:00 AM,,Mass,weekday,English,Saint John by the Sea Parish,,,,,
St. John by the Sea,"6840 Michigan Ave, Klawock, Alaska 99921","907-723-6750 (Texts only, please)",Mass,Tue,8:00 AM,,Mass,weekday,English,Saint John by the Sea Parish,,,,,
St. John by the Sea,"6840 Michigan Ave, Klawock, Alaska 99921","907-723-6750 (Texts only, please)",Mass,Wed,8:00 AM,,Mass,weekday,English,Saint John by the Sea Parish,,,,,
St. John by the Sea,"6840 Michigan Ave, Klawock, Alaska 99921","907-723-6750 (Texts only, please)",Mass,Thu,8:00 AM,,Mass,weekday,English,Saint John by the Sea Parish,,,,,
St. John by the Sea,"6840 Michigan Ave, Klawock, Alaska 99921","907-723-6750 (Texts only, please)",Mass,Fri,8:00 AM,,Mass,weekday,English,Saint John by the Sea Parish,,,,,
St. John by the Sea,"6840 Michigan Ave, Klawock, Alaska 99921","907-723-6750 (Texts only, please)",Mass,Sat,5:00 PM,,Anticipated Sunday Mass,saturday,English,Saint John by the Sea Parish,,,,,July–August only
St. John by the Sea,"6840 Michigan Ave, Klawock, Alaska 99921","907-723-6750 (Texts only, please)",Mass,Sun,10:00 AM,,Mass,sunday,English,Saint John by the Sea Parish,,,,,
St. John by the Sea,"6840 Michigan Ave, Klawock, Alaska 99921","907-723-6750 (Texts only, please)",Mass,,9:00 AM,,Mass,monthly,English,Saint John by the Sea Parish,first_saturday_(recurring),,,,
St. John by the Sea,"6840 Michigan Ave, Klawock, Alaska 99921","907-723-6750 (Texts only, please)",Adoration,,8:00 AM,,Eucharistic Adoration,monthly,English,Saint John by the Sea Parish,first_saturday_(recurring),,,,
St. John by the Sea,"6840 Michigan Ave, Klawock, Alaska 99921","907-723-6750 (Texts only, please)",Devotions,Sun,9:30 AM,,ROSARY,other,English,,,,,,tags
St. John the Baptist,"255 Ohlson Ln, Homer, Alaska 99603",(907) 235-8436,Mass,Tue,9:00 AM,,Mass,specific_weekday,english,St. John the Baptist,,,,,
St. John the Baptist,"255 Ohlson Ln, Homer, Alaska 99603",(907) 235-8436,Mass,Thu,9:00 AM,,Mass,specific_weekday,english,St. John the Baptist,,,,,
St. John the Baptist,"255 Ohlson Ln, Homer, Alaska 99603",(907) 235-8436,Mass,Fri,9:00 AM,,Mass,specific_weekday,english,St. John the Baptist,,,,,
St. John the Baptist,"255 Ohlson Ln, Homer, Alaska 99603",(907) 235-8436,Mass,Sat,5:00 PM,,Mass,saturday,english,St. John the Baptist,,,,,
St. John the Baptist,"255 Ohlson Ln, Homer, Alaska 99603",(907) 235-8436,Mass,Sun,11:00 AM,,Mass,sunday,english,St. John the Baptist,,,,,
St. John the Baptist,"255 Ohlson Ln, Homer, Alaska 99603",(907) 235-8436,Mass,,11:00 AM,,Christmas Day Mass,special_event,English,St. John the Baptist,,2025-12-25,,,Christmas Day Mass
St. John the Baptist,"255 Ohlson Ln, Homer, Alaska 99603",(907) 235-8436,Mass,,5:00 PM,,Christmas Vigil Mass,special_event,English,St. John the Baptist,,2025-12-24,,,Christmas Vigil Mass
St. John the Baptist,"255 Ohlson Ln, Homer, Alaska 99603",(907) 235-8436,Confession,Sat,4:00 PM,,Confessions,saturday,English,St. John the Baptist,,,,,And by appointment
St. John the Baptist,"255 Ohlson Ln, Homer, Alaska 99603",(907) 235-8436,Confession,,10:00 AM,,Christmas Confessions,special_event,English,,,2025-12-23,,,Christmas Confessions
St. John the Baptist,"255 Ohlson Ln, Homer, Alaska 99603",(907) 235-8436,Confession,,7:00 PM,,Christmas Confessions,special_event,English,,,2025-12-23,,,Christmas Confessions
St. John the Baptist,"255 Ohlson Ln, Homer, Alaska 99603",(907) 235-8436,Adoration,,6:00 PM,,Adoration,monthly,English,St. John the Baptist,first_friday_(recurring),,,,exposition
St. Joseph,"100 W King Pl, Nome, Alaska 99762",(907) 443-5527,Mass,Mon,12:10 PM,,Mass,specific_weekday,English,St Joseph - Nome,,,,,
St. Joseph,"100 W King Pl, Nome, Alaska 99762",(907) 443-5527,Mass,Tue,12:10 PM,,Mass,specific_weekday,English,St Joseph - Nome,,,,,
St. Joseph,"100 W King Pl, Nome, Alaska 99762",(907) 443-5527,Mass,Wed,12:10 PM,,Mass,specific_weekday,English,St Joseph - Nome,,,,,
St. Joseph,"100 W King Pl, Nome, Alaska 99762",(907) 443-5527,Mass,Thu,12:10 PM,,Mass,specific_weekday,English,St Joseph - Nome,,,,,
St. Joseph,"100 W King Pl, Nome, Alaska 99762",(907) 443-5527,Mass,Fri,12:10 PM,,Mass,specific_weekday,English,St Joseph - Nome,,,,,
St. Joseph,"100 W King Pl, Nome, Alaska 99762",(907) 443-5527,Mass,Sat,12:10 PM,,Mass,saturday,English,St Joseph - Nome,,,,,
St. Joseph,"100 W King Pl, Nome, Alaska 99762",(907) 443-5527,Mass,Sun,10:30 AM,,Mass,sunday,English,St Joseph - Nome,,,,,
St. Joseph,"100 W King Pl, Nome, Alaska 99762",(907) 443-5527,Confession,,TBD,,Confession,other,English,,,,,,prior to each Mass
St. Joseph,"100 W King Pl, Nome, Alaska 99762",(907) 443-5527,Adoration,Sun,9:30 AM,,Adoration,sunday,English,St Joseph - Nome,,,,,
"St. Joseph, Nome","100 W King Pl, Nome, Alaska 99681",(907) 443-5527,Mass,Mon,12:10 PM,,Mass,specific_weekday,English,St Joseph - Nome,,,,,
"St. Joseph, Nome","100 W King Pl, Nome, Alaska 99681",(907) 443-5527,Mass,Tue,12:10 PM,,Mass,specific_weekday,English,St Joseph - Nome,,,,,
"St. Joseph, Nome","100 W King Pl, Nome, Alaska 99681",(907) 443-5527,Mass,Wed,12:10 PM,,Mass,specific_weekday,English,St Joseph - Nome,,,,,
"St. Joseph, Nome","100 W King Pl, Nome, Alaska 99681",(907) 443-5527,Mass,Thu,12:10 PM,,Mass,specific_weekday,English,St Joseph - Nome,,,,,
"St. Joseph, Nome","100 W King Pl, Nome, Alaska 99681",(907) 443-5527,Mass,Fri,12:10 PM,,Mass,specific_weekday,English,St Joseph - Nome,,,,,
"St. Joseph, Nome","100 W King Pl, Nome, Alaska 99681",(907) 443-5527,Mass,Sat,12:10 PM,,Mass,saturday,English,St Joseph - Nome,,,,,
"St. Joseph, Nome","100 W King Pl, Nome, Alaska 99681",(907) 443-5527,Mass,Sun,10:30 AM,,Mass,sunday,English,St Joseph - Nome,,,,,
"St. Joseph, Nome","100 W King Pl, Nome, Alaska 99681",(907) 443-5527,Confession,,TBD,,Confession,other,English,,,,before,Mass,before every Mass
"St. Joseph, Nome","100 W King Pl, Nome, Alaska 99681",(907) 443-5527,Adoration,Sun,9:30 AM,,Adoration,sunday,English,St Joseph - Nome,,,,,
"St. Joseph, Tununak","None, Tununak, Alaska None",,Mass,,9:00 AM,,Mass,daily,English,Catholic TV,,,,,livestream
St. Mary,"2934 Mill Bay Rd, Kodiak, Alaska None",907-942-0405,Mass,Sat,5:00 PM,,Mass,saturday,English,,,,,,
St. Mary,"2934 Mill Bay Rd, Kodiak, Alaska None",907-942-0405,Mass,Sat,5:30 PM,,Daily Mass,specific_weekday,English,,,,,,"Tue, Wed, Thu, Fri; Sat; Sun"
St. Mary,"2934 Mill Bay Rd, Kodiak, Alaska None",907-942-0405,Mass,Sat,7:00 PM,,Spanish Mass,saturday,spanish,,,,,,
St. Mary,"2934 Mill Bay Rd, Kodiak, Alaska None",907-942-0405,Mass,Sun,11:00 AM,,Mass,sunday,English,,,,,,
St. Mary,"2934 Mill Bay Rd, Kodiak, Alaska None",907-942-0405,Mass,Sun,5:30 PM,,Daily Mass,specific_weekday,English,,,,,,"Tue, Wed, Thu, Fri; Sat; Sun"
St. Mary,"2934 Mill Bay Rd, Kodiak, Alaska None",907-942-0405,Mass,Sun,8:30 AM,,Mass,sunday,English,,,,,,
St. Mary,"2934 Mill Bay Rd, Kodiak, Alaska None",907-942-0405,Confession,Sat,3:45 PM,4:30 PM,Reconciliation,saturday,English,,,,,,or by appointment
St. Mary,"2934 Mill Bay Rd, Kodiak, Alaska None",907-942-0405,Other,,10:00 AM,4:00 PM,St Mary's Thrift Shop,parish_event,English,,,,,,
St. Mary,"2934 Mill Bay Rd, Kodiak, Alaska None",907-942-0405,Other,,10:00 AM,4:00 PM,St Mary's Thrift Shop,parish_event,English,,,,,,
St. Mary,"2934 Mill Bay Rd, Kodiak, Alaska None",907-942-0405,Other,,10:00 AM,4:00 PM,St Mary's Thrift Shop,parish_event,English,,,,,,
St. Michael,"432 E Fireweed Ave, Palmer, Alaska 99645",(907) 745-3229,Mass,Tue,9:00 AM,,Mass,specific_weekday,english,Saint Michael Catholic Church,,,,,
St. Michael,"432 E Fireweed Ave, Palmer, Alaska 99645",(907) 745-3229,Mass,Wed,9:00 AM,,Mass,specific_weekday,english,Saint Michael Catholic Church,,,,,
St. Michael,"432 E Fireweed Ave, Palmer, Alaska 99645",(907) 745-3229,Mass,Thu,6:30 PM,,Mass,specific_weekday,english,Saint Michael Catholic Church,,,,,
St. Michael,"432 E Fireweed Ave, Palmer, Alaska 99645",(907) 745-3229,Mass,Fri,12:10 PM,,Mass,specific_weekday,english,Saint Michael Catholic Church,,,,,
St. Michael,"432 E Fireweed Ave, Palmer, Alaska 99645",(907) 745-3229,Mass,Sat,5:30 PM,,Mass,saturday,english,Saint Michael Catholic Church,,,,,vigil
St. Michael,"432 E Fireweed Ave, Palmer, Alaska 99645",(907) 745-3229,Mass,Sat,9:00 AM,,Mass,saturday,english,Saint Michael Catholic Church,,,,,
St. Michael,"432 E Fireweed Ave, Palmer, Alaska 99645",(907) 745-3229,Mass,Sun,11:00 AM,,Mass,sunday,english,Saint Michael Catholic Church,,,,,
St. Michael,"432 E Fireweed Ave, Palmer, Alaska 99645",(907) 745-3229,Mass,Sun,8:00 AM,,Mass,sunday,english,Saint Michael Catholic Church,,,,,
St. Michael,"432 E Fireweed Ave, Palmer, Alaska 99645",(907) 745-3229,Mass,,7:00 PM,,Mass,special_event,english,Saint Michael Catholic Church,,2026-02-18,,,Mass
St. Michael,"432 E Fireweed Ave, Palmer, Alaska 99645",(907) 745-3229,Mass,,9:00 AM,,Mass,special_event,english,Saint Michael Catholic Church,,2026-02-18,,,Mass
St. Michael,"432 E Fireweed Ave, Palmer, Alaska 99645",(907) 745-3229,Confession,Sat,3:00 PM,5:00 PM,Confession,saturday,English,Saint Michael Catholic Church,,,,,
St. Michael,"432 E Fireweed Ave, Palmer, Alaska 99645",(907) 745-3229,Adoration,Thu,7:00 PM,11:59 PM,Adoration,other,English,,,,,,exposition
St. Michael,"432 E Fireweed Ave, Palmer, Alaska 99645",(907) 745-3229,Adoration,Fri,12:00 AM,11:55 AM,Adoration,other,English,,,,,,exposition
"St. Michael the Archangel, JBER","3 Headquarters Loop, Anchorage, Alaska 99505",(907) 552-5762,Other,Tue,9:30 AM,,Catholic Women of the Chapel,other,English,,,,,,chapel
"St. Michael the Archangel, JBER","3 Headquarters Loop, Anchorage, Alaska 99505",(907) 552-5762,Other,Wed,10:00 AM,,Protestant Women of the Chapel,other,English,,,,,,
"St. Michael the Archangel, JBER","3 Headquarters Loop, Anchorage, Alaska 99505",(907) 552-5762,Other,Wed,6:00 PM,,Catholic Women of the Chapel,other,English,,,,,,
"St. Michael the Archangel, JBER","3 Headquarters Loop, Anchorage, Alaska 99505",(907) 552-5762,Other,Fri,11:45 AM,,Jum'ah Services,specific_weekday,English,Arctic Warrior Chapel,,,,,
"St. Michael the Archangel, JBER","3 Headquarters Loop, Anchorage, Alaska 99505",(907) 552-5762,Other,Fri,6:30 PM,,Protestant Women of the Chapel,other,English,,,,,,
"St. Michael the Archangel, JBER","3 Headquarters Loop, Anchorage, Alaska 99505",(907) 552-5762,Other,,1:30 PM,4:30 PM,Norse Pagan Services,monthly,English,,sunday,,,,second and fourth of the month
St. Nicholas,"707 St Nicholas Dr, North Pole, Alaska AK 99705",(907) 488-2595,Mass,Mon,9:00 AM,,Mass,specific_weekday,english,,,,,,
St. Nicholas,"707 St Nicholas Dr, North Pole, Alaska AK 99705",(907) 488-2595,Mass,Tue,9:00 AM,,Mass,specific_weekday,english,,,,,,
St. Nicholas,"707 St Nicholas Dr, North Pole, Alaska AK 99705",(907) 488-2595,Mass,Wed,7:00 PM,,Mass,specific_weekday,english,,,,,,
St. Nicholas,"707 St Nicholas Dr, North Pole, Alaska AK 99705",(907) 488-2595,Mass,Thu,9:00 AM,,Mass,specific_weekday,english,,,,,,
St. Nicholas,"707 St Nicholas Dr, North Pole, Alaska AK 99705",(907) 488-2595,Mass,Fri,9:00 AM,,Mass,specific_weekday,english,,,,,,
St. Nicholas,"707 St Nicholas Dr, North Pole, Alaska AK 99705",(907) 488-2595,Mass,Sat,5:00 PM,,Mass,saturday,english,,,,,,vigil
St. Nicholas,"707 St Nicholas Dr, North Pole, Alaska AK 99705",(907) 488-2595,Mass,Sun,12:00 PM,,Mass,sunday,english,,,,,,
St. Nicholas,"707 St Nicholas Dr, North Pole, Alaska AK 99705",(907) 488-2595,Mass,Sun,9:00 AM,,Mass,sunday,english,,,,,,
St. Nicholas,"707 St Nicholas Dr, North Pole, Alaska AK 99705",(907) 488-2595,Mass,,5:00 PM,,Mass,special_event,English,,,2026-01-17,,,Mass
St. Nicholas,"707 St Nicholas Dr, North Pole, Alaska AK 99705",(907) 488-2595,Mass,,9:00 AM,,Mass,special_event,English,,,2026-01-16,,,Mass
St. Nicholas,"707 St Nicholas Dr, North Pole, Alaska AK 99705",(907) 488-2595,Mass,,9:00 AM,,Mass,special_event,English,,,2026-01-18,,,Mass
St. Nicholas,"707 St Nicholas Dr, North Pole, Alaska AK 99705",(907) 488-2595,Confession,Wed,6:00 PM,6:45 PM,Confession,specific_weekday,English,,,,,,
St. Nicholas,"707 St Nicholas Dr, North Pole, Alaska AK 99705",(907) 488-2595,Confession,Fri,7:40 AM,8:20 AM,Confession,specific_weekday,English,,,,,,
St. Nicholas,"707 St Nicholas Dr, North Pole, Alaska AK 99705",(907) 488-2595,Confession,Sat,4:00 PM,,Confession,saturday,English,,,,,,
St. Nicholas,"707 St Nicholas Dr, North Pole, Alaska AK 99705",(907) 488-2595,Confession,,4:00 PM,,Confession,special_event,English,,,2026-01-17,,,Confession
St. Nicholas,"707 St Nicholas Dr, North Pole, Alaska AK 99705",(907) 488-2595,Confession,,TBD,,Confession,other,English,,,,,,upon request
St. Nicholas,"707 St Nicholas Dr, North Pole, Alaska AK 99705",(907) 488-2595,Adoration,Mon,8:00 AM,9:00 AM,Adoration,specific_weekday,English,,,,,,exposition
St. Nicholas,"707 St Nicholas Dr, North Pole, Alaska AK 99705",(907) 488-2595,Adoration,Tue,8:00 AM,9:00 AM,Adoration,specific_weekday,English,,,,,,exposition
St. Nicholas,"707 St Nicholas Dr, North Pole, Alaska AK 99705",(907) 488-2595,Adoration,Thu,8:00 AM,9:00 AM,Adoration,specific_weekday,English,,,,,,exposition
St. Nicholas,"707 St Nicholas Dr, North Pole, Alaska AK 99705",(907) 488-2595,Adoration,Fri,7:30 AM,9:00 AM,Adoration,specific_weekday,English,,,,,,exposition
St. Nicholas,"707 St Nicholas Dr, North Pole, Alaska AK 99705",(907) 488-2595,Adoration,,8:00 AM,,Adoration & Morning Prayer,special_event,English,,,2026-01-16,,,Adoration & Morning Prayer; exposition
St. Nicholas of Myra (Ruthenian),"2200 Arctic Blvd, Anchorage, Alaska 99503",(907) 277-6731,Mass,Sat,5:00 PM,,Vespers/ Divine Liturgy,saturday,English,,,,,,vigil
St. Nicholas of Myra (Ruthenian),"2200 Arctic Blvd, Anchorage, Alaska 99503",(907) 277-6731,Mass,Sun,10:00 AM,,Divine Liturgy,sunday,English,,,,,,
St. Nicholas of Myra (Ruthenian),"2200 Arctic Blvd, Anchorage, Alaska 99503",(907) 277-6731,Mass,,4:00 PM,5:00 PM,Divine Liturgy,monthly,English,Sacred Heart Catholic Church in Wasilla,sunday,,,,second and fourth of the month; note: Blessed Theodore Rhomza Byzantine Catholic Mission
St. Nicholas of Myra (Ruthenian),"2200 Arctic Blvd, Anchorage, Alaska 99503",(907) 277-6731,Other,Sat,4:00 PM,4:30 PM,Holy Mystery of Penance,saturday,English,,,,,,Or By Appointment
St. Nicholas of Myra (Ruthenian),"2200 Arctic Blvd, Anchorage, Alaska 99503",(907) 277-6731,Other,Sun,9:15 AM,9:45 AM,Holy Mystery of Penance,sunday,English,,,,,,Or By Appointment
St. Nicholas of Myra (Ruthenian),"2200 Arctic Blvd, Anchorage, Alaska 99503",(907) 277-6731,Other,Sun,9:40 AM,,Divine Praises,sunday,English,,,,,,
St. Patrick,"2111 Muldoon Rd, Anchorage, Alaska 99504",(907) 337-1538,Mass,Tue,5:30 PM,,Mass,specific_weekday,english,,,,,,livestream
St. Patrick,"2111 Muldoon Rd, Anchorage, Alaska 99504",(907) 337-1538,Mass,Wed,12:00 PM,,Mass,specific_weekday,english,,,,,,livestream
St. Patrick,"2111 Muldoon Rd, Anchorage, Alaska 99504",(907) 337-1538,Mass,Thu,5:30 PM,,Mass,specific_weekday,english,,,,,,livestream
St. Patrick,"2111 Muldoon Rd, Anchorage, Alaska 99504",(907) 337-1538,Mass,Fri,12:00 PM,,Mass,specific_weekday,english,,,,,,livestream
St. Patrick,"2111 Muldoon Rd, Anchorage, Alaska 99504",(907) 337-1538,Mass,Sat,5:00 PM,,Mass,saturday,english,,,,,,vigil; livestream
St. Patrick,"2111 Muldoon Rd, Anchorage, Alaska 99504",(907) 337-1538,Mass,Sun,11:30 AM,,Mass,sunday,english,,,,,,livestream
St. Patrick,"2111 Muldoon Rd, Anchorage, Alaska 99504",(907) 337-1538,Mass,Sun,8:30 AM,,Mass,sunday,english,,,,,,livestream
St. Patrick,"2111 Muldoon Rd, Anchorage, Alaska 99504",(907) 337-1538,Confession,Thu,6:00 PM,7:00 PM,Confession,specific_weekday,English,,,,,,
St. Patrick,"2111 Muldoon Rd, Anchorage, Alaska 99504",(907) 337-1538,Confession,Sat,3:00 PM,4:00 PM,Confession,saturday,English,,,,,,
St. Patrick,"2111 Muldoon Rd, Anchorage, Alaska 99504",(907) 337-1538,Adoration,Thu,6:00 PM,11:59 PM,Adoration,specific_weekday,English,,,,,,
St. Patrick,"2111 Muldoon Rd, Anchorage, Alaska 99504",(907) 337-1538,Adoration,,12:00 AM,6:00 PM,Adoration,monthly,English,,first_friday_(recurring),,,,
St. Patrick,"2111 Muldoon Rd, Anchorage, Alaska 99504",(907) 337-1538,Adoration,,6:00 PM,11:59 PM,Adoration,special_event,English,,,2026-01-22,,,Adoration
St. Patrick,"2111 Muldoon Rd, Anchorage, Alaska 99504",(907) 337-1538,Community,,1:00 PM,,Family Caregiver Support Group Meeting,special_event,English,,,2026-01-23,,,Family Caregiver Support Group Meeting; Hybrid meeting in-person and on zoom
St. Patrick,"2111 Muldoon Rd, Anchorage, Alaska 99504",(907) 337-1538,Other,,5:00 PM,8:00 PM,Brother Francis Shelter Foot Care,special_event,English,Brother Francis Shelter,,2026-01-27,,,Brother Francis Shelter Foot Care
St. Patrick,"2111 Muldoon Rd, Anchorage, Alaska 99504",(907) 337-1538,Other,,6:45 PM,8:15 PM,Grief Support Group,special_event,English,,,2026-01-28,,,Grief Support Group
"St. Patrick's Catholic Church, Barrow","618 Cunningham St, Barrow, Alaska AK99723",(907) 852-3515,Mass,Wed,9:00 AM,,Mass,specific_weekday,English,,,,,,
"St. Patrick's Catholic Church, Barrow","618 Cunningham St, Barrow, Alaska AK99723",(907) 852-3515,Mass,Fri,9:00 AM,,Mass,specific_weekday,English,,,,,,
"St. Patrick's Catholic Church, Barrow","618 Cunningham St, Barrow, Alaska AK99723",(907) 852-3515,Mass,Sat,5:00 PM,,Mass,saturday,English,,,,,,Weekend Mass Times; vigil
"St. Patrick's Catholic Church, Barrow","618 Cunningham St, Barrow, Alaska AK99723",(907) 852-3515,Mass,Sun,10:00 AM,,Mass,sunday,English,,,,,,Weekend Mass Times
"St. Patrick's Catholic Church, Barrow","618 Cunningham St, Barrow, Alaska AK99723",(907) 852-3515,Mass,Sun,12:00 PM,,Mass,sunday,spanish,,,,,,Weekend Mass Times
"St. Patrick's Catholic Church, Barrow","618 Cunningham St, Barrow, Alaska AK99723",(907) 852-3515,Mass,Sun,8:00 AM,,Mass,sunday,English,,,,,,Weekend Mass Times
"St. Patrick's Catholic Church, Barrow","618 Cunningham St, Barrow, Alaska AK99723",(907) 852-3515,Mass,,10:00 AM,,Solemnity of Mary mass,special_event,bilingual,,,2026-01-01,,,Solemnity of Mary mass:; Holy Day of Obligation; Happy New Year!
"St. Patrick's Catholic Church, Barrow","618 Cunningham St, Barrow, Alaska AK99723",(907) 852-3515,Mass,,10:00 AM,,Mass,other,English,,,,,,Holy Days of Obligation
"St. Patrick's Catholic Church, Barrow","618 Cunningham St, Barrow, Alaska AK99723",(907) 852-3515,Mass,,6:00 PM,,Mass,other,English,,,,,,Holy Days of Obligation
"St. Patrick's Catholic Church, Barrow","618 Cunningham St, Barrow, Alaska AK99723",(907) 852-3515,Confession,Sat,3:30 PM,4:30 PM,Reconciliation Times,other,English,,,,,,or by appointment only
"St. Patrick's Catholic Church, Barrow","618 Cunningham St, Barrow, Alaska AK99723",(907) 852-3515,Adoration,,9:30 AM,11:00 AM,Adoration,monthly,English,,first_friday_(recurring),,,,with a Novena to the Sacred Heart of Jesus
"St. Patrick's Catholic Church, Barrow","618 Cunningham St, Barrow, Alaska AK99723",(907) 852-3515,Devotions,Sat,4:30 PM,,Recitation of the Rosary,specific_weekday,English,,,,,,Saturdays
"St. Patrick's Catholic Church, Barrow","618 Cunningham St, Barrow, Alaska AK99723",(907) 852-3515,Devotions,Sun,8:30 AM,,Recitation of the Rosary,specific_weekday,English,,,,,,Sundays
"St. Patrick's Catholic Church, Barrow","618 Cunningham St, Barrow, Alaska AK99723",(907) 852-3515,Devotions,Sun,9:30 AM,,Recitation of the Rosary,specific_weekday,English,,,,,,Sundays
"St. Patrick's Catholic Church, Barrow","618 Cunningham St, Barrow, Alaska AK99723",(907) 852-3515,Devotions,,5:30 PM,6:30 PM,MMP Rosary,parish_event,English,,,2026-01-02,,,
"St. Patrick's Catholic Church, Barrow","618 Cunningham St, Barrow, Alaska AK99723",(907) 852-3515,Devotions,,5:30 PM,6:30 PM,MMP Rosary,parish_event,English,,,2026-01-09,,,
"St. Patrick's Catholic Church, Barrow","618 Cunningham St, Barrow, Alaska AK99723",(907) 852-3515,Devotions,,5:30 PM,6:30 PM,MMP Rosary,parish_event,English,,,2026-01-16,,,
"St. Patrick's Catholic Church, Barrow","618 Cunningham St, Barrow, Alaska AK99723",(907) 852-3515,Devotions,,5:30 PM,6:30 PM,MMP Rosary,parish_event,English,,,2026-01-23,,,
"St. Patrick's Catholic Church, Barrow","618 Cunningham St, Barrow, Alaska AK99723",(907) 852-3515,Devotions,,5:30 PM,6:30 PM,MMP Rosary,parish_event,English,,,2026-01-30,,,
"St. Patrick's Catholic Church, Barrow","618 Cunningham St, Barrow, Alaska AK99723",(907) 852-3515,Devotions,,9:00 AM,,Recitation of the Rosary,monthly,English,,first_saturday_(recurring),,,,
"St. Patrick's Catholic Church, Barrow","618 Cunningham St, Barrow, Alaska AK99723",(907) 852-3515,Community,,1:00 PM,2:00 PM,Ladies Guild Meeting,parish_event,English,,,2026-01-14,,,
"St. Patrick's Catholic Church, Barrow","618 Cunningham St, Barrow, Alaska AK99723",(907) 852-3515,Other,Thu,5:30 PM,,Catholic in recovery,specific_weekday,English,Knights Room of the Parish Hall,,,,,
"St. Patrick's Catholic Church, Barrow","618 Cunningham St, Barrow, Alaska AK99723",(907) 852-3515,Other,,6:00 PM,,Holy Day of Obligation,special_event,English,,,2026-01-01,,,Holy Day of Obligation; Holy Days of Obligation
"St. Patrick, Koyukuk","See Directions, Koyukuk, Alaska 99754",907-374-9500,Mass,,5:30 AM,,Daily Mass,special_event,English,,,2025-12-25,,,Daily Mass; livestream
St. Paul the Apostle,"9055 Atlin Dr, Juneau, Alaska 99801",(907) 789-7307,Mass,Mon,12:10 PM,,Mass,weekday,English,,,,,,
St. Paul the Apostle,"9055 Atlin Dr, Juneau, Alaska 99801",(907) 789-7307,Mass,Tue,12:10 PM,,Mass,weekday,English,,,,,,
St. Paul the Apostle,"9055 Atlin Dr, Juneau, Alaska 99801",(907) 789-7307,Mass,Wed,12:10 PM,,Mass,weekday,English,,,,,,
St. Paul the Apostle,"9055 Atlin Dr, Juneau, Alaska 99801",(907) 789-7307,Mass,Thu,12:10 PM,,Mass,weekday,English,,,,,,
St. Paul the Apostle,"9055 Atlin Dr, Juneau, Alaska 99801",(907) 789-7307,Mass,Fri,12:10 PM,,Mass,weekday,English,,,,,,
St. Paul the Apostle,"9055 Atlin Dr, Juneau, Alaska 99801",(907) 789-7307,Mass,Sat,5:30 PM,,Mass,saturday,English,,,,,,
St. Paul the Apostle,"9055 Atlin Dr, Juneau, Alaska 99801",(907) 789-7307,Mass,Sun,10:30 AM,,Mass,sunday,English,,,,,,
St. Paul the Apostle,"9055 Atlin Dr, Juneau, Alaska 99801",(907) 789-7307,Mass,Sun,4:00 PM,,Mass,sunday,spanish,,,,,,
St. Paul the Apostle,"9055 Atlin Dr, Juneau, Alaska 99801",(907) 789-7307,Mass,Sun,8:00 AM,,Mass,sunday,English,,,,,,
St. Paul the Apostle,"9055 Atlin Dr, Juneau, Alaska 99801",(907) 789-7307,Mass,,12:10 PM,,Mass,special_event,English,,,2025-01-01,,,Mass
St. Paul the Apostle,"9055 Atlin Dr, Juneau, Alaska 99801",(907) 789-7307,Mass,,12:10 PM,,Mass,special_event,English,,,2025-08-15,,,Mass
St. Paul the Apostle,"9055 Atlin Dr, Juneau, Alaska 99801",(907) 789-7307,Mass,,12:10 PM,,Mass,special_event,English,,,2025-11-01,,,Mass
St. Paul the Apostle,"9055 Atlin Dr, Juneau, Alaska 99801",(907) 789-7307,Mass,,12:10 PM,,Mass,special_event,English,,,2025-12-08,,,Mass
St. Paul the Apostle,"9055 Atlin Dr, Juneau, Alaska 99801",(907) 789-7307,Mass,,12:10 PM,,Mass,special_event,English,,,2025-12-25,,,Mass
St. Paul the Apostle,"9055 Atlin Dr, Juneau, Alaska 99801",(907) 789-7307,Mass,,7:00 PM,,Mass,special_event,English,,,2025-01-01,,,Mass
St. Paul the Apostle,"9055 Atlin Dr, Juneau, Alaska 99801",(907) 789-7307,Mass,,7:00 PM,,Mass,special_event,English,,,2025-08-15,,,Mass
St. Paul the Apostle,"9055 Atlin Dr, Juneau, Alaska 99801",(907) 789-7307,Mass,,7:00 PM,,Mass,special_event,English,,,2025-11-01,,,Mass
St. Paul the Apostle,"9055 Atlin Dr, Juneau, Alaska 99801",(907) 789-7307,Mass,,7:00 PM,,Mass,special_event,English,,,2025-12-08,,,Mass
St. Paul the Apostle,"9055 Atlin Dr, Juneau, Alaska 99801",(907) 789-7307,Mass,,7:00 PM,,Mass,special_event,English,,,2025-12-25,,,Mass
St. Paul the Apostle,"9055 Atlin Dr, Juneau, Alaska 99801",(907) 789-7307,Adoration,Sat,4:00 PM,,Adoration,specific_weekday,English,,,,,,
St. Paul the Apostle,"9055 Atlin Dr, Juneau, Alaska 99801",(907) 789-7307,Adoration,,4:00 PM,,28 Hour Adoration,monthly,English,,friday,,,,ends Sat at 20:00; 1st & 3rd Friday/Saturday
St. Paul the Apostle,"9055 Atlin Dr, Juneau, Alaska 99801",(907) 789-7307,Adoration,,4:00 PM,,28 Hour Adoration,monthly,English,,friday,,,,ends Sat at 20:00; 1st & 3rd Friday/Saturday
St. Paul the Apostle,"9055 Atlin Dr, Juneau, Alaska 99801",(907) 789-7307,Adoration,,TBD,,28 Hour Adoration,monthly,English,,friday,,,,TIME_TBD; starts Fri at 16:00; 1st & 3rd Friday/Saturday
St. Paul the Apostle,"9055 Atlin Dr, Juneau, Alaska 99801",(907) 789-7307,Adoration,,TBD,,28 Hour Adoration,monthly,English,,friday,,,,TIME_TBD; starts Fri at 16:00; 1st & 3rd Friday/Saturday
St. Paul the Apostle,"9055 Atlin Dr, Juneau, Alaska 99801",(907) 789-7307,Devotions,Mon,TBD,,Rosary,other,English,,,,after,Mass,After Mass
St. Paul the Apostle,"9055 Atlin Dr, Juneau, Alaska 99801",(907) 789-7307,Devotions,Tue,6:30 PM,,St. Paul’s Charismatic Prayer Group,specific_weekday,bilingual,,,,,,
St. Paul the Apostle,"9055 Atlin Dr, Juneau, Alaska 99801",(907) 789-7307,Devotions,Tue,TBD,,Rosary,other,English,,,,after,Mass,After Mass
St. Paul the Apostle,"9055 Atlin Dr, Juneau, Alaska 99801",(907) 789-7307,Devotions,Wed,TBD,,Rosary,other,English,,,,after,Mass,After Mass
St. Paul the Apostle,"9055 Atlin Dr, Juneau, Alaska 99801",(907) 789-7307,Devotions,Thu,TBD,,Rosary,other,English,,,,after,Mass,After Mass
St. Paul the Apostle,"9055 Atlin Dr, Juneau, Alaska 99801",(907) 789-7307,Devotions,Fri,TBD,,Rosary,other,English,,,,after,Mass,After Mass
St. Paul the Apostle,"9055 Atlin Dr, Juneau, Alaska 99801",(907) 789-7307,Devotions,Sat,4:50 PM,,Rosary,specific_weekday,English,,,,,,
St. Paul the Apostle,"9055 Atlin Dr, Juneau, Alaska 99801",(907) 789-7307,Community,,7:00 PM,,Knights of Columbus,monthly,English,,second_tuesday,,,,2nd
St. Paul the Apostle,"9055 Atlin Dr, Juneau, Alaska 99801",(907) 789-7307,Other,,TBD,,St. Therese of the Child Jesus Carmelites,monthly,English,,third_tuesday,,,,3rd; note: call Sharon at 723-1820 for info
St. Peter in Chains,"None, Ruby, Alaska 99768",907-374-9500,Mass,,8:00 AM,,Daily Mass,special_event,English,Catholic TV,,2025-05-01,,,Daily Mass; note: May 2025 e-Magazine
St. Peter the Apostle,"16145 Sterling Hwy, Ninilchik, Alaska 99639",907-235-8436,Mass,Wed,10:00 AM,,Mass,specific_weekday,english,"St. Peter the Apostle, Ninilchik",,,,,
St. Peter the Apostle,"16145 Sterling Hwy, Ninilchik, Alaska 99639",907-235-8436,Mass,Sat,7:30 PM,,Mass,saturday,English,"St. Peter the Apostle, Ninilchik",,,,,Memorial Day - Labor Day
St. Peter the Apostle,"16145 Sterling Hwy, Ninilchik, Alaska 99639",907-235-8436,Mass,Sun,9:00 AM,,Mass,sunday,english,"St. Peter the Apostle, Ninilchik",,,,,
St. Peter the Apostle,"16145 Sterling Hwy, Ninilchik, Alaska 99639",907-235-8436,Mass,,7:30 PM,,Christmas Vigil Mass,special_event,English,"St. Peter the Apostle, Ninilchik",,2025-12-24,,,Christmas Vigil Mass
St. Peter the Apostle,"16145 Sterling Hwy, Ninilchik, Alaska 99639",907-235-8436,Mass,,9:00 AM,,Christmas Day Mass,special_event,English,"St. Peter the Apostle, Ninilchik",,2025-12-25,,,Christmas Day Mass
St. Peter the Apostle,"16145 Sterling Hwy, Ninilchik, Alaska 99639",907-235-8436,Confession,Sat,4:00 PM,,Confession,other,English,,,,,,note: and by appointment
St. Peter the Apostle,"16145 Sterling Hwy, Ninilchik, Alaska 99639",907-235-8436,Confession,,10:00 AM,,Christmas Confessions,special_event,English,,,2025-12-23,,,Christmas Confessions
St. Peter the Apostle,"16145 Sterling Hwy, Ninilchik, Alaska 99639",907-235-8436,Confession,,7:00 PM,,Christmas Confessions,special_event,English,,,2025-12-23,,,Christmas Confessions
St. Peter the Fisherman,"Clarks Point, Clarks Point, Alaska 99576",(555) 555-5555,Mass,,12:00 PM,,Mass or Communion Service,monthly,English,"Saint Peter the Fisherman, Clarks Point, Alaska",last_wednesday,,,,Last Wednesday every Month; Depending on weather.
"St. Peter the Fisherman, Toksook Bay","Central Yup'ik, Toksook Bay, Alaska AK 99637",(907) 427-7813,Other,,TBD,,Diocese of Fairbanks e-Magazine,special_event,English,,,2025-05-01,,,Diocese of Fairbanks e-Magazine; note: link to May 2025 magazine
"St. Peter, Nunam Iqua","None, Nunam Iqua, Alaska 99666",(907) 498-4246,Mass,,TBD,,Mass,other,English,Catholic TV,,,,,Daily; not 7 days/week; livestream
St. Philip Benizi,"Mile 114 Parks Hwy, Trapper Creek, Alaska 99676",(907) 733-2442,Mass,Sun,11:30 AM,,Mass,sunday,English,"St. Phillip Catholic Church in Trapper Creek, Alaska",,,,,mission church
St. Raphael,"1125 Old Steese Hwy N, Fairbanks, Alaska AK 99710",(907) 457-6603,Mass,Mon,9:30 AM,,Mass,specific_weekday,english,Saint Raphael,,,,,
St. Raphael,"1125 Old Steese Hwy N, Fairbanks, Alaska AK 99710",(907) 457-6603,Mass,Tue,9:30 AM,,Mass,specific_weekday,english,Saint Raphael,,,,,
St. Raphael,"1125 Old Steese Hwy N, Fairbanks, Alaska AK 99710",(907) 457-6603,Mass,Wed,5:30 AM,,Mass,specific_weekday,english,Saint Raphael,,,,,
St. Raphael,"1125 Old Steese Hwy N, Fairbanks, Alaska AK 99710",(907) 457-6603,Mass,Thu,9:30 AM,,Mass,specific_weekday,english,Saint Raphael,,,,,
St. Raphael,"1125 Old Steese Hwy N, Fairbanks, Alaska AK 99710",(907) 457-6603,Mass,Fri,6:00 PM,,Mass,specific_weekday,english,Saint Raphael,,,,,
St. Raphael,"1125 Old Steese Hwy N, Fairbanks, Alaska AK 99710",(907) 457-6603,Mass,Fri,9:30 AM,,Mass,specific_weekday,english,Saint Raphael,,,,,
St. Raphael,"1125 Old Steese Hwy N, Fairbanks, Alaska AK 99710",(907) 457-6603,Mass,Sat,6:00 PM,,Mass,saturday,english,Saint Raphael,,,,,vigil
St. Raphael,"1125 Old Steese Hwy N, Fairbanks, Alaska AK 99710",(907) 457-6603,Mass,Sun,9:30 AM,,Mass,sunday,english,Saint Raphael,,,,,
St. Raphael,"1125 Old Steese Hwy N, Fairbanks, Alaska AK 99710",(907) 457-6603,Mass,,6:30 PM,,Mass,other,latin,,,,,,{twice a month}
St. Raphael,"1125 Old Steese Hwy N, Fairbanks, Alaska AK 99710",(907) 457-6603,Confession,Sat,5:00 PM,5:30 PM,Confessions,saturday,english,Saint Raphael,,,,,
St. Raphael,"1125 Old Steese Hwy N, Fairbanks, Alaska AK 99710",(907) 457-6603,Devotions,Wed,6:00 AM,,Rosary,specific_weekday,English,Saint Raphael,,,,,following Mass
St. Raphael,"1125 Old Steese Hwy N, Fairbanks, Alaska AK 99710",(907) 457-6603,Other,,7:00 PM,,Ash Wednesday,special_event,english,Saint Raphael,,2026-02-18,,,Ash Wednesday
St. Raphael,"1125 Old Steese Hwy N, Fairbanks, Alaska AK 99710",(907) 457-6603,Other,,9:30 AM,,Ash Wednesday,special_event,english,Saint Raphael,,2026-02-18,,,Ash Wednesday
St. Rose of Lima,"120 Church St, Wrangell, Alaska 99929",(907) 874-3771,Mass,Mon,7:25 AM,,Daily Mass,specific_weekday,English,,,,,,"Mon, Tue; Most Mondays and Tuedays we will have Mass"
St. Rose of Lima,"120 Church St, Wrangell, Alaska 99929",(907) 874-3771,Mass,Sun,11:00 AM,,Mass,sunday,English,,,,,,
St. Rose of Lima,"120 Church St, Wrangell, Alaska 99929",(907) 874-3771,Mass,Sun,5:30 PM,,Mass,sunday,English,,,,,,
St. Teresa,"5th Ave, Kaltag, Alaska AK99748",,Mass,,12:00 AM,,Mass,other,English,,,,,,Daily –TIME_TBD; Catholic TV
St. Theresa,"29 Wolverine Dr, Naknek, Alaska None",907-843-1277,Mass,Sun,10:00 AM,,Mass or Communion Service,sunday,English,"Saint Theresa, King Salmon/Naknek, Alaska",,,,,
St. Theresa,"100 River Rd, Aniak, Alaska 99557",(907) 675-4448,Mass,,TBD,,Mass,other,English,Catholic TV,,,,,Daily; not 7 days/week; livestream
"St. Theresa Catholic Church, Nenana","1st and B st, Nenana, Alaska AK 99760",190 7683 2535,Mass,Mon,8:00 AM,,Mass/Communion Service,weekday,English,Healy,,,,,
"St. Theresa Catholic Church, Nenana","1st and B st, Nenana, Alaska AK 99760",190 7683 2535,Mass,Tue,8:00 AM,,Mass/Communion Service,weekday,English,Healy,,,,,
"St. Theresa Catholic Church, Nenana","1st and B st, Nenana, Alaska AK 99760",190 7683 2535,Mass,Wed,8:00 AM,,Mass/Communion Service,weekday,English,Healy,,,,,
"St. Theresa Catholic Church, Nenana","1st and B st, Nenana, Alaska AK 99760",190 7683 2535,Mass,Thu,8:00 AM,,Mass/Communion Service,weekday,English,Healy,,,,,
"St. Theresa Catholic Church, Nenana","1st and B st, Nenana, Alaska AK 99760",190 7683 2535,Mass,Fri,8:00 AM,,Mass/Communion Service,weekday,English,Healy,,,,,
"St. Theresa Catholic Church, Nenana","1st and B st, Nenana, Alaska AK 99760",190 7683 2535,Mass,Sun,1:30 PM,,Mass/Communion Service,sunday,English,Nenana,,,,,
"St. Theresa Catholic Church, Nenana","1st and B st, Nenana, Alaska AK 99760",190 7683 2535,Confession,,TBD,,Sacrament of Confession,other,English,,,,,,by appointment; call 907-683-2535 for the church or 907-683-1007 for the rectory
St. Therese of the Child Jesus,"9th Ave and State St, Skagway, Alaska 99840",(907) 983-2271,Mass,Mon,12:10 PM,,Mass,specific_weekday,English,,,,,,note: Winter Schedule: October ~ April; note: Non-Winter Schedule: May ~ September
St. Therese of the Child Jesus,"9th Ave and State St, Skagway, Alaska 99840",(907) 983-2271,Mass,Tue,12:10 PM,,Mass,specific_weekday,English,,,,,,note: Winter Schedule: October ~ April; note: Non-Winter Schedule: May ~ September
St. Therese of the Child Jesus,"9th Ave and State St, Skagway, Alaska 99840",(907) 983-2271,Mass,Sun,3:00 PM,,Mass,sunday,English,,,,,,note: Non-Winter Schedule: May ~ September
St. Therese of the Child Jesus,"9th Ave and State St, Skagway, Alaska 99840",(907) 983-2271,Mass,Sun,5:00 PM,,Mass,sunday,English,,,,,,note: Winter Schedule: October ~ April
St. Therese of the Child Jesus,"9th Ave and State St, Skagway, Alaska 99840",(907) 983-2271,Mass,Sun,7:00 PM,,Mass,sunday,English,,,,,,note: Non-Winter Schedule: May ~ September
University Parish of St. Mark,"1316 Peger Rd, Fairbanks, Alaska 99709-5168",(907) 374-9564,Community,,5:00 PM,,St. Mark Pastoral Meeting,special_event,English,,,2026-01-23,,,St. Mark Pastoral Meeting
University Parish of St. Mark,"1316 Peger Rd, Fairbanks, Alaska 99709-5168",(907) 374-9564,Other,,7:15 PM,,Women's Group,specific_weekday,English,sister's convent,,,,,no days specified
University Parish of St. Mark,"1316 Peger Rd, Fairbanks, Alaska 99709-5168",(907) 374-9564,Other,,TBD,,Week of Prayer for Christian Unity,special_event,English,,,2026-01-18,,,Week of Prayer for Christian Unity; ends 01-25
University Parish of St. Mark,"1316 Peger Rd, Fairbanks, Alaska 99709-5168",(907) 374-9564,Other,,TBD,,The Spiritual Exercises,special_event,English,,,2026-02-19,,,The Spiritual Exercises TIME_TBD; Men; ends 02-22
University Parish of St. Mark,"1316 Peger Rd, Fairbanks, Alaska 99709-5168",(907) 374-9564,Other,,TBD,,The Spiritual Exercises,special_event,English,,,2026-02-26,,,The Spiritual Exercises TIME_TBD; Women; ends 03-01
University Parish of St. Mark,"1316 Peger Rd, Fairbanks, Alaska 99709-5168",(907) 374-9564,Other,,TBD,,The Spiritual Exercises,special_event,spanish,,,2026-03-05,,,The Spiritual Exercises TIME_TBD; Men; ends 03-08
University Parish of St. Mark,"1316 Peger Rd, Fairbanks, Alaska 99709-5168",(907) 374-9564,Other,,TBD,,Seven Sisters Apostolate,other,English,,,,,,each week; praying for priests
